test_artifact_marker_rejects_unresolved_shell_variable_operand (test_architecture_guard.ArchitectureGuardTests.test_artifact_marker_rejects_unresolved_shell_variable_operand) ... ok
test_assigned_digest_callable_cannot_hide_text_path_domain (test_architecture_guard.ArchitectureGuardTests.test_assigned_digest_callable_cannot_hide_text_path_domain) ... ok
test_assigned_subprocess_and_os_system_commands_are_rejected (test_architecture_guard.ArchitectureGuardTests.test_assigned_subprocess_and_os_system_commands_are_rejected) ... ok
test_assigned_text_path_rejects_artifact_byte_digest (test_architecture_guard.ArchitectureGuardTests.test_assigned_text_path_rejects_artifact_byte_digest) ... ok
test_build_configuration_rejects_openssl_loader_and_tls_ffi (test_architecture_guard.ArchitectureGuardTests.test_build_configuration_rejects_openssl_loader_and_tls_ffi) ... ok
test_build_configuration_rejects_system_openssl (test_architecture_guard.ArchitectureGuardTests.test_build_configuration_rejects_system_openssl) ... ok
test_cksum_sha256_routes_are_rejected (test_architecture_guard.ArchitectureGuardTests.test_cksum_sha256_routes_are_rejected) ... ok
test_composite_action_digest_is_scanned (test_architecture_guard.ArchitectureGuardTests.test_composite_action_digest_is_scanned) ... ok
test_composite_folded_command_and_helper_are_scanned (test_architecture_guard.ArchitectureGuardTests.test_composite_folded_command_and_helper_are_scanned) ... ok
test_concrete_provider_is_rejected_from_generic_tls_and_http (test_architecture_guard.ArchitectureGuardTests.test_concrete_provider_is_rejected_from_generic_tls_and_http) ... ok
test_config_scan_covers_nested_build_files (test_architecture_guard.ArchitectureGuardTests.test_config_scan_covers_nested_build_files) ... ok
test_fully_qualified_std_net_type_in_public_api_is_rejected (test_architecture_guard.ArchitectureGuardTests.test_fully_qualified_std_net_type_in_public_api_is_rejected) ... ok
test_generated_and_build_directories_are_ignored (test_architecture_guard.ArchitectureGuardTests.test_generated_and_build_directories_are_ignored) ... ok
test_internal_names_in_comments_and_literals_do_not_trigger (test_architecture_guard.ArchitectureGuardTests.test_internal_names_in_comments_and_literals_do_not_trigger) ... ok
test_invalid_utf8_helper_fails_closed (test_architecture_guard.ArchitectureGuardTests.test_invalid_utf8_helper_fails_closed) ... ok
test_json_mode_has_stable_machine_readable_shape (test_architecture_guard.ArchitectureGuardTests.test_json_mode_has_stable_machine_readable_shape) ... ok
test_keyword_text_path_rejects_artifact_byte_digest (test_architecture_guard.ArchitectureGuardTests.test_keyword_text_path_rejects_artifact_byte_digest) ... ok
test_legacy_global_tls_provider_is_rejected (test_architecture_guard.ArchitectureGuardTests.test_legacy_global_tls_provider_is_rejected) ... ok
test_literal_log_path_is_text_evidence (test_architecture_guard.ArchitectureGuardTests.test_literal_log_path_is_text_evidence) ... ok
test_local_digest_wrapper_cannot_hide_text_path_domain (test_architecture_guard.ArchitectureGuardTests.test_local_digest_wrapper_cannot_hide_text_path_domain) ... ok
test_low_level_names_in_public_comments_and_literals_do_not_trigger (test_architecture_guard.ArchitectureGuardTests.test_low_level_names_in_public_comments_and_literals_do_not_trigger) ... ok
test_manifest_cannot_hide_folded_text_operand (test_architecture_guard.ArchitectureGuardTests.test_manifest_cannot_hide_folded_text_operand) ... ok
test_multiple_rules_on_one_config_line_are_all_reported (test_architecture_guard.ArchitectureGuardTests.test_multiple_rules_on_one_config_line_are_all_reported) ... ok
test_native_code_rejects_system_openssl_runtime_loader (test_architecture_guard.ArchitectureGuardTests.test_native_code_rejects_system_openssl_runtime_loader) ... ok
test_network_package_rejects_sdk_socket_types_but_allows_owned_raw_socket (test_architecture_guard.ArchitectureGuardTests.test_network_package_rejects_sdk_socket_types_but_allows_owned_raw_socket) ... ok
test_non_python_digest_requires_explicit_domain_marker (test_architecture_guard.ArchitectureGuardTests.test_non_python_digest_requires_explicit_domain_marker) ... ok
test_non_python_domain_manifest_matches_exact_command (test_architecture_guard.ArchitectureGuardTests.test_non_python_domain_manifest_matches_exact_command) ... ok
test_non_python_tool_digest_is_scanned (test_architecture_guard.ArchitectureGuardTests.test_non_python_tool_digest_is_scanned) ... ok
test_one_way_public_to_internal_dependency_is_allowed (test_architecture_guard.ArchitectureGuardTests.test_one_way_public_to_internal_dependency_is_allowed) ... ok
test_openssl_and_embedded_python_digest_commands_are_rejected (test_architecture_guard.ArchitectureGuardTests.test_openssl_and_embedded_python_digest_commands_are_rejected) ... ok
test_openssl_shortcut_and_license_operand_are_rejected (test_architecture_guard.ArchitectureGuardTests.test_openssl_shortcut_and_license_operand_are_rejected) ... ok
test_package_must_match_source_path (test_architecture_guard.ArchitectureGuardTests.test_package_must_match_source_path) ... ok
test_pinned_static_provider_archive_is_allowed (test_architecture_guard.ArchitectureGuardTests.test_pinned_static_provider_archive_is_allowed) ... ok
test_powershell_sha256_api_is_rejected (test_architecture_guard.ArchitectureGuardTests.test_powershell_sha256_api_is_rejected) ... ok
test_private_runtime_and_legacy_stack_are_rejected (test_architecture_guard.ArchitectureGuardTests.test_private_runtime_and_legacy_stack_are_rejected) ... ok
test_public_alias_to_internal_import_is_rejected (test_architecture_guard.ArchitectureGuardTests.test_public_alias_to_internal_import_is_rejected) ... ok
test_public_alias_to_public_owner_is_allowed (test_architecture_guard.ArchitectureGuardTests.test_public_alias_to_public_owner_is_allowed) ... ok
test_public_header_with_internal_import_is_rejected (test_architecture_guard.ArchitectureGuardTests.test_public_header_with_internal_import_is_rejected) ... ok
test_public_internal_dependency_cycle_is_rejected_deterministically (test_architecture_guard.ArchitectureGuardTests.test_public_internal_dependency_cycle_is_rejected_deterministically) ... ok
test_public_member_of_private_class_is_not_exported (test_architecture_guard.ArchitectureGuardTests.test_public_member_of_private_class_is_not_exported) ... ok
test_public_member_of_public_class_with_internal_type_is_rejected (test_architecture_guard.ArchitectureGuardTests.test_public_member_of_public_class_with_internal_type_is_rejected) ... ok
test_python_digest_alias_and_raw_subprocess_are_rejected (test_architecture_guard.ArchitectureGuardTests.test_python_digest_alias_and_raw_subprocess_are_rejected) ... ok
test_repository_evidence_rejects_untyped_digest_comparison (test_architecture_guard.ArchitectureGuardTests.test_repository_evidence_rejects_untyped_digest_comparison) ... ok
test_repository_rejects_alternate_hashlib_constructor_import (test_architecture_guard.ArchitectureGuardTests.test_repository_rejects_alternate_hashlib_constructor_import) ... ok
test_repository_rejects_ambiguous_digest_helper (test_architecture_guard.ArchitectureGuardTests.test_repository_rejects_ambiguous_digest_helper) ... ok
test_repository_rejects_compare_digest_on_bare_digest_field (test_architecture_guard.ArchitectureGuardTests.test_repository_rejects_compare_digest_on_bare_digest_field) ... ok
test_repository_rejects_direct_sha256_import (test_architecture_guard.ArchitectureGuardTests.test_repository_rejects_direct_sha256_import) ... ok
test_repository_rejects_named_digest_field_comparison (test_architecture_guard.ArchitectureGuardTests.test_repository_rejects_named_digest_field_comparison) ... ok
test_repository_rejects_raw_hashlib_digest_outside_control_plane (test_architecture_guard.ArchitectureGuardTests.test_repository_rejects_raw_hashlib_digest_outside_control_plane) ... ok
test_repository_traces_assigned_digest_field_into_comparison (test_architecture_guard.ArchitectureGuardTests.test_repository_traces_assigned_digest_field_into_comparison) ... ok
test_root_build_rejects_provider_specific_paths (test_architecture_guard.ArchitectureGuardTests.test_root_build_rejects_provider_specific_paths) ... ok
test_scripts_python_is_scanned_for_digest_violations (test_architecture_guard.ArchitectureGuardTests.test_scripts_python_is_scanned_for_digest_violations) ... ok
test_source_comments_and_literals_do_not_trigger (test_architecture_guard.ArchitectureGuardTests.test_source_comments_and_literals_do_not_trigger) ... ok
test_std_net_import_outside_adapter_is_rejected (test_architecture_guard.ArchitectureGuardTests.test_std_net_import_outside_adapter_is_rejected) ... ok
test_test_provider_is_rejected_from_production_source (test_architecture_guard.ArchitectureGuardTests.test_test_provider_is_rejected_from_production_source) ... ok
test_text_domain_marker_cannot_approve_raw_digest_command (test_architecture_guard.ArchitectureGuardTests.test_text_domain_marker_cannot_approve_raw_digest_command) ... ok
test_text_evidence_rejects_artifact_digest_and_utf8_fallback (test_architecture_guard.ArchitectureGuardTests.test_text_evidence_rejects_artifact_digest_and_utf8_fallback) ... ok
test_text_path_rejects_artifact_byte_entry_outside_control_plane (test_architecture_guard.ArchitectureGuardTests.test_text_path_rejects_artifact_byte_entry_outside_control_plane) ... ok
test_unqualified_low_level_and_native_types_in_public_api_are_rejected (test_architecture_guard.ArchitectureGuardTests.test_unqualified_low_level_and_native_types_in_public_api_are_rejected) ... ok
test_valid_packages_and_allowed_std_net_adapter_pass (test_architecture_guard.ArchitectureGuardTests.test_valid_packages_and_allowed_std_net_adapter_pass) ... ok
test_fails_closed_when_live_leases_fill_capacity (test_build_apple_resolver.BuildAppleResolverCacheTests.test_fails_closed_when_live_leases_fill_capacity) ... ok
test_never_evicts_an_active_cjpm_lease (test_build_apple_resolver.BuildAppleResolverCacheTests.test_never_evicts_an_active_cjpm_lease) ... ok
test_rejects_malformed_lease_without_deleting_its_entry (test_build_apple_resolver.BuildAppleResolverCacheTests.test_rejects_malformed_lease_without_deleting_its_entry) ... ok
test_removes_stale_leases_before_pruning (test_build_apple_resolver.BuildAppleResolverCacheTests.test_removes_stale_leases_before_pruning) ... ok
test_darwin_resolver_selection_uses_the_cjpm_target_path (test_build_resolver.BuildResolverSelectionTests.test_darwin_resolver_selection_uses_the_cjpm_target_path) ... ok
test_native_dependency_plan_does_not_build_linux_tls_on_windows (test_build_resolver.BuildResolverSelectionTests.test_native_dependency_plan_does_not_build_linux_tls_on_windows) ... ok
test_normalizes_only_implemented_platforms (test_build_resolver.BuildResolverSelectionTests.test_normalizes_only_implemented_platforms) ... ok
test_windows_source_digest_is_line_ending_stable_and_content_bound (test_build_resolver.BuildResolverSelectionTests.test_windows_source_digest_is_line_ending_stable_and_content_bound) ... ok
test_atomic_json (test_codex_fleet.FleetTests.test_atomic_json) ... ok
test_blocked_excluded (test_codex_fleet.FleetTests.test_blocked_excluded) ... ok
test_prompt_boundaries (test_codex_fleet.FleetTests.test_prompt_boundaries) ... ok
test_range_expansion (test_codex_fleet.FleetTests.test_range_expansion) ... ok
test_ready_wave (test_codex_fleet.FleetTests.test_ready_wave) ... ok
test_rejects_missing_duplicate_and_non_https_assets (test_download_cangjie_nightly.DownloadCangjieNightlyTests.test_rejects_missing_duplicate_and_non_https_assets) ... ok
test_resolves_one_exact_official_asset_name (test_download_cangjie_nightly.DownloadCangjieNightlyTests.test_resolves_one_exact_official_asset_name) ... ok
test_accepted_adr_defines_the_sdk_trigger (test_linux_profile_scope.LinuxProfileScopeTests.test_accepted_adr_defines_the_sdk_trigger) ... ok
test_active_backlog_uses_glibc_and_future_task_owns_musl (test_linux_profile_scope.LinuxProfileScopeTests.test_active_backlog_uses_glibc_and_future_task_owns_musl) ... ok
test_linux_status_closes_glibc_tasks_without_claiming_musl (test_linux_profile_scope.LinuxProfileScopeTests.test_linux_status_closes_glibc_tasks_without_claiming_musl) ... ok
test_prd_defers_musl_and_requires_glibc (test_linux_profile_scope.LinuxProfileScopeTests.test_prd_defers_musl_and_requires_glibc) ... ok
test_build_is_content_addressed_and_cache_is_revalidated (test_linux_resolver_build.LinuxResolverBuildTests.test_build_is_content_addressed_and_cache_is_revalidated) ... ok
test_cached_manifest_requires_matching_fingerprint (test_linux_resolver_build.LinuxResolverBuildTests.test_cached_manifest_requires_matching_fingerprint) ... ok
test_fingerprint_covers_source_header_and_target (test_linux_resolver_build.LinuxResolverBuildTests.test_fingerprint_covers_source_header_and_target) ... ok
test_build_fingerprint_covers_shim_and_target (test_linux_tls_provider_build.LinuxTlsProviderBuildTests.test_build_fingerprint_covers_shim_and_target) ... ok
test_cached_archive_digest_is_revalidated (test_linux_tls_provider_build.LinuxTlsProviderBuildTests.test_cached_archive_digest_is_revalidated) ... ok
test_git_diagnostics_do_not_change_source_identity (test_linux_tls_provider_build.LinuxTlsProviderBuildTests.test_git_diagnostics_do_not_change_source_identity) ... ok
test_multicall_tool_symlink_name_is_preserved (test_linux_tls_provider_build.LinuxTlsProviderBuildTests.test_multicall_tool_symlink_name_is_preserved) ... ok
test_repository_manifest_is_exactly_pinned (test_linux_tls_provider_build.LinuxTlsProviderBuildTests.test_repository_manifest_is_exactly_pinned) ... ok
test_source_pin_changes_fail_closed (test_linux_tls_provider_build.LinuxTlsProviderBuildTests.test_source_pin_changes_fail_closed) ... ok
test_atomic_report_replaces_old_content_with_valid_json (test_m3_029_linux_tls_facade.M3029LinuxTlsFacadeTest.test_atomic_report_replaces_old_content_with_valid_json) ... ok
test_consumer_manifest_uses_public_dependency_without_internal_packages (test_m3_029_linux_tls_facade.M3029LinuxTlsFacadeTest.test_consumer_manifest_uses_public_dependency_without_internal_packages) ... ok
test_fixture_package_rewrite_is_exactly_one_source_declaration (test_m3_029_linux_tls_facade.M3029LinuxTlsFacadeTest.test_fixture_package_rewrite_is_exactly_one_source_declaration) ... ok
test_platform_gate_fails_closed (test_m3_029_linux_tls_facade.M3029LinuxTlsFacadeTest.test_platform_gate_fails_closed) ... ok
test_smoke_output_requires_both_real_and_public_markers (test_m3_029_linux_tls_facade.M3029LinuxTlsFacadeTest.test_smoke_output_requires_both_real_and_public_markers) ... ok
test_cangjie_ffi_parameter_and_return_drift_fail_closed (test_m3_030_tls_provider_architecture.M3030TlsProviderArchitectureTests.test_cangjie_ffi_parameter_and_return_drift_fail_closed) ... ok
test_contract_covers_every_production_tls_import (test_m3_030_tls_provider_architecture.M3030TlsProviderArchitectureTests.test_contract_covers_every_production_tls_import) ... ok
test_default_selection_is_exact_linux_aws_lc (test_m3_030_tls_provider_architecture.M3030TlsProviderArchitectureTests.test_default_selection_is_exact_linux_aws_lc) ... ok
test_disallowed_platform_provider_pair_fails_closed (test_m3_030_tls_provider_architecture.M3030TlsProviderArchitectureTests.test_disallowed_platform_provider_pair_fails_closed) ... ok
test_future_adapter_registration_does_not_modify_generic_source (test_m3_030_tls_provider_architecture.M3030TlsProviderArchitectureTests.test_future_adapter_registration_does_not_modify_generic_source) ... ok
test_manifest_identity_version_source_and_abi_mismatches_fail (test_m3_030_tls_provider_architecture.M3030TlsProviderArchitectureTests.test_manifest_identity_version_source_and_abi_mismatches_fail) ... ok
test_missing_abi_function_and_false_capability_are_rejected (test_m3_030_tls_provider_architecture.M3030TlsProviderArchitectureTests.test_missing_abi_function_and_false_capability_are_rejected) ... ok
test_missing_manifest_and_path_escape_are_rejected (test_m3_030_tls_provider_architecture.M3030TlsProviderArchitectureTests.test_missing_manifest_and_path_escape_are_rejected) ... ok
test_native_header_parameter_and_return_drift_fail_closed (test_m3_030_tls_provider_architecture.M3030TlsProviderArchitectureTests.test_native_header_parameter_and_return_drift_fail_closed) ... ok
test_signature_schema_and_calling_convention_fail_closed (test_m3_030_tls_provider_architecture.M3030TlsProviderArchitectureTests.test_signature_schema_and_calling_convention_fail_closed) ... ok
test_task_manifest_contains_no_long_gate (test_m3_030_tls_provider_architecture.M3030TlsProviderArchitectureTests.test_task_manifest_contains_no_long_gate) ... ok
test_unknown_platform_fails_without_fallback (test_m3_030_tls_provider_architecture.M3030TlsProviderArchitectureTests.test_unknown_platform_fails_without_fallback) ... ok
test_unknown_provider_on_known_platform_fails_without_fallback (test_m3_030_tls_provider_architecture.M3030TlsProviderArchitectureTests.test_unknown_provider_on_known_platform_fails_without_fallback) ... ok
test_unknown_schema_and_field_are_rejected (test_m3_030_tls_provider_architecture.M3030TlsProviderArchitectureTests.test_unknown_schema_and_field_are_rejected) ... ok
test_atomic_report_replacement_preserves_old_file_on_failure (test_m3_031_desktop_tls_adoption.M3031DesktopTlsAdoptionTests.test_atomic_report_replacement_preserves_old_file_on_failure) ... ok
test_dependency_evidence_json_preserves_exact_artifact_bytes (test_m3_031_desktop_tls_adoption.M3031DesktopTlsAdoptionTests.test_dependency_evidence_json_preserves_exact_artifact_bytes) ... ok
test_dependency_evidence_rejects_source_and_native_report_drift (test_m3_031_desktop_tls_adoption.M3031DesktopTlsAdoptionTests.test_dependency_evidence_rejects_source_and_native_report_drift) ... ok
test_desktop_acceptance_column_cannot_be_weakened (test_m3_031_desktop_tls_adoption.M3031DesktopTlsAdoptionTests.test_desktop_acceptance_column_cannot_be_weakened) ... ok
test_exact_native_desktop_results_pass (test_m3_031_desktop_tls_adoption.M3031DesktopTlsAdoptionTests.test_exact_native_desktop_results_pass) ... ok
test_failed_poc_wrong_runner_and_source_identity_are_rejected (test_m3_031_desktop_tls_adoption.M3031DesktopTlsAdoptionTests.test_failed_poc_wrong_runner_and_source_identity_are_rejected) ... ok
test_hosted_run_is_bound_to_current_provider_inputs (test_m3_031_desktop_tls_adoption.M3031DesktopTlsAdoptionTests.test_hosted_run_is_bound_to_current_provider_inputs) ... ok
test_missing_core_declaration_fails_closed (test_m3_031_desktop_tls_adoption.M3031DesktopTlsAdoptionTests.test_missing_core_declaration_fails_closed) ... ok
test_partial_skipped_and_unknown_schema_never_pass (test_m3_031_desktop_tls_adoption.M3031DesktopTlsAdoptionTests.test_partial_skipped_and_unknown_schema_never_pass) ... ok
test_provider_license_bundle_is_retained_and_digest_bound (test_m3_031_desktop_tls_adoption.M3031DesktopTlsAdoptionTests.test_provider_license_bundle_is_retained_and_digest_bound) ... ok
test_provider_manifest_cannot_move_the_approved_pin (test_m3_031_desktop_tls_adoption.M3031DesktopTlsAdoptionTests.test_provider_manifest_cannot_move_the_approved_pin) ... ok
test_repository_core_audit_rejects_legacy_dependency_evidence (test_m3_031_desktop_tls_adoption.M3031DesktopTlsAdoptionTests.test_repository_core_audit_rejects_legacy_dependency_evidence) ... ok
test_repository_text_digest_is_checkout_line_ending_stable (test_m3_031_desktop_tls_adoption.M3031DesktopTlsAdoptionTests.test_repository_text_digest_is_checkout_line_ending_stable) ... ok
test_retained_report_and_tls_source_drift_fail_closed (test_m3_031_desktop_tls_adoption.M3031DesktopTlsAdoptionTests.test_retained_report_and_tls_source_drift_fail_closed) ... ok
test_retained_windows_provider_license_digest_is_stale (test_m3_031_desktop_tls_adoption.M3031DesktopTlsAdoptionTests.test_retained_windows_provider_license_digest_is_stale) ... ok
test_stale_revision_is_rejected (test_m3_031_desktop_tls_adoption.M3031DesktopTlsAdoptionTests.test_stale_revision_is_rejected) ... ok
test_validate_provider_honors_selected_root (test_m3_031_desktop_tls_adoption.M3031DesktopTlsAdoptionTests.test_validate_provider_honors_selected_root) ... ok
test_wrong_platform_and_provider_are_rejected (test_m3_031_desktop_tls_adoption.M3031DesktopTlsAdoptionTests.test_wrong_platform_and_provider_are_rejected) ... ok
test_accepts_exact_profile_contract (test_m6_026_http2_concurrent_bodies.M6026GateTest.test_accepts_exact_profile_contract) ... ok
test_accepts_test_runner_stdout_indentation (test_m6_026_http2_concurrent_bodies.M6026GateTest.test_accepts_test_runner_stdout_indentation) ... ok
test_atomic_report_preserves_old_target_on_replace_failure (test_m6_026_http2_concurrent_bodies.M6026GateTest.test_atomic_report_preserves_old_target_on_replace_failure) ... ok
test_atomic_report_replaces_target (test_m6_026_http2_concurrent_bodies.M6026GateTest.test_atomic_report_replaces_target) ... ok
test_rejects_missing_or_duplicate_result_marker (test_m6_026_http2_concurrent_bodies.M6026GateTest.test_rejects_missing_or_duplicate_result_marker) ... ok
test_rejects_short_or_failed_profile (test_m6_026_http2_concurrent_bodies.M6026GateTest.test_rejects_short_or_failed_profile) ... ok
test_rejects_skipped_target_masquerading_as_pass (test_m6_026_http2_concurrent_bodies.M6026GateTest.test_rejects_skipped_target_masquerading_as_pass) ... ok
test_source_digests_resolve_paths_from_repository_root (test_m6_026_http2_concurrent_bodies.M6026GateTest.test_source_digests_resolve_paths_from_repository_root) ... ok
test_blocker_list_must_match_gaps (test_m7_019_linux_audit.M7019LinuxAuditTest.test_blocker_list_must_match_gaps) ... ok
test_canonical_audit_passes (test_m7_019_linux_audit.M7019LinuxAuditTest.test_canonical_audit_passes) ... ok
test_missing_requirement_fails (test_m7_019_linux_audit.M7019LinuxAuditTest.test_missing_requirement_fails) ... ok
test_mobile_only_criterion_cannot_pass (test_m7_019_linux_audit.M7019LinuxAuditTest.test_mobile_only_criterion_cannot_pass) ... ok
test_required_gap_cannot_be_weakened (test_m7_019_linux_audit.M7019LinuxAuditTest.test_required_gap_cannot_be_weakened) ... ok
test_strict_validation_rejects_stale_current_source (test_m7_019_linux_audit.M7019LinuxAuditTest.test_strict_validation_rejects_stale_current_source) ... ok
test_structural_evidence_path_must_remain_relative (test_m7_019_linux_audit.M7019LinuxAuditTest.test_structural_evidence_path_must_remain_relative) ... ok
test_structural_mode_allows_missing_historical_evidence (test_m7_019_linux_audit.M7019LinuxAuditTest.test_structural_mode_allows_missing_historical_evidence) ... ok
test_canonical_audit_passes (test_m7_020_architecture_audit.M7020ArchitectureAuditTest.test_canonical_audit_passes) ... ok
test_missing_check_fails (test_m7_020_architecture_audit.M7020ArchitectureAuditTest.test_missing_check_fails) ... ok
test_pass_cannot_be_weakened (test_m7_020_architecture_audit.M7020ArchitectureAuditTest.test_pass_cannot_be_weakened) ... ok
test_stale_guard_hash_fails (test_m7_020_architecture_audit.M7020ArchitectureAuditTest.test_stale_guard_hash_fails) ... ok
test_std_net_adapter_inventory_schema_is_strict (test_m7_020_architecture_audit.M7020ArchitectureAuditTest.test_std_net_adapter_inventory_schema_is_strict) ... ok
test_strict_validation_rejects_stale_current_source (test_m7_020_architecture_audit.M7020ArchitectureAuditTest.test_strict_validation_rejects_stale_current_source) ... ok
test_structural_inventory_rejects_boolean_counts (test_m7_020_architecture_audit.M7020ArchitectureAuditTest.test_structural_inventory_rejects_boolean_counts) ... ok
test_structural_inventory_rejects_escaping_path (test_m7_020_architecture_audit.M7020ArchitectureAuditTest.test_structural_inventory_rejects_escaping_path) ... ok
test_structural_inventory_rejects_non_text_std_net_entry (test_m7_020_architecture_audit.M7020ArchitectureAuditTest.test_structural_inventory_rejects_non_text_std_net_entry) ... ok
test_structural_inventory_rejects_std_net_outside_adapter (test_m7_020_architecture_audit.M7020ArchitectureAuditTest.test_structural_inventory_rejects_std_net_outside_adapter) ... ok
test_structural_inventory_rejects_zero_counts (test_m7_020_architecture_audit.M7020ArchitectureAuditTest.test_structural_inventory_rejects_zero_counts) ... ok
test_structural_mode_does_not_consult_current_guard_rules (test_m7_020_architecture_audit.M7020ArchitectureAuditTest.test_structural_mode_does_not_consult_current_guard_rules) ... ok
test_archive_is_byte_reproducible_and_has_normalized_metadata (test_m7_021_linux_release.M7021LinuxReleaseTest.test_archive_is_byte_reproducible_and_has_normalized_metadata) ... ok
test_committed_qualification_report_is_structurally_valid (test_m7_021_linux_release.M7021LinuxReleaseTest.test_committed_qualification_report_is_structurally_valid) ... ok
test_consumer_manifest_points_only_at_installed_package (test_m7_021_linux_release.M7021LinuxReleaseTest.test_consumer_manifest_points_only_at_installed_package) ... ok
test_dependency_parsers_return_stable_names_without_addresses (test_m7_021_linux_release.M7021LinuxReleaseTest.test_dependency_parsers_return_stable_names_without_addresses) ... ok
test_main_translates_invalid_text_digest_to_controlled_failure (test_m7_021_linux_release.M7021LinuxReleaseTest.test_main_translates_invalid_text_digest_to_controlled_failure) ... ok
test_openssl_dependency_names_fail_closed (test_m7_021_linux_release.M7021LinuxReleaseTest.test_openssl_dependency_names_fail_closed) ... ok
test_payload_loader_strings_fail_closed (test_m7_021_linux_release.M7021LinuxReleaseTest.test_payload_loader_strings_fail_closed) ... ok
test_production_sources_exclude_every_test_file (test_m7_021_linux_release.M7021LinuxReleaseTest.test_production_sources_exclude_every_test_file) ... ok
test_qualification_inputs_bind_native_manifests_sources_and_build_logic (test_m7_021_linux_release.M7021LinuxReleaseTest.test_qualification_inputs_bind_native_manifests_sources_and_build_logic) ... ok
test_release_metadata_inventory_is_complete (test_m7_021_linux_release.M7021LinuxReleaseTest.test_release_metadata_inventory_is_complete) ... ok
test_safe_extract_rejects_parent_traversal (test_m7_021_linux_release.M7021LinuxReleaseTest.test_safe_extract_rejects_parent_traversal) ... ok
test_smoke_output_requires_https_runtime_and_fingerprint (test_m7_021_linux_release.M7021LinuxReleaseTest.test_smoke_output_requires_https_runtime_and_fingerprint) ... ok
test_strict_validation_rejects_source_drift (test_m7_021_linux_release.M7021LinuxReleaseTest.test_strict_validation_rejects_source_drift) ... ok
test_structural_validation_accepts_frozen_input_keys_but_rejects_escape (test_m7_021_linux_release.M7021LinuxReleaseTest.test_structural_validation_accepts_frozen_input_keys_but_rejects_escape) ... ok
test_text_metadata_digest_is_line_ending_stable_while_payload_digest_is_exact (test_m7_021_linux_release.M7021LinuxReleaseTest.test_text_metadata_digest_is_line_ending_stable_while_payload_digest_is_exact) ... ok
test_artifact_missing_and_digest_drift_fail_before_execution (test_m7_022_linux_release_soak.M7022LinuxReleaseSoakTest.test_artifact_missing_and_digest_drift_fail_before_execution) ... ok
test_atomic_report_replaces_and_preserves_old_target_on_failure (test_m7_022_linux_release_soak.M7022LinuxReleaseSoakTest.test_atomic_report_replaces_and_preserves_old_target_on_failure) ... ok
test_bounded_tail_keeps_only_the_configured_suffix (test_m7_022_linux_release_soak.M7022LinuxReleaseSoakTest.test_bounded_tail_keeps_only_the_configured_suffix) ... ok
test_exact_artifact_digest_is_accepted (test_m7_022_linux_release_soak.M7022LinuxReleaseSoakTest.test_exact_artifact_digest_is_accepted) ... ok
test_exclusive_task_run_rejects_a_second_invocation (test_m7_022_linux_release_soak.M7022LinuxReleaseSoakTest.test_exclusive_task_run_rejects_a_second_invocation) ... ok
test_internal_import_and_package_drift_fail_closed (test_m7_022_linux_release_soak.M7022LinuxReleaseSoakTest.test_internal_import_and_package_drift_fail_closed) ... ok
test_isolated_raw_log_promotes_atomically_and_preserves_old_on_failure (test_m7_022_linux_release_soak.M7022LinuxReleaseSoakTest.test_isolated_raw_log_promotes_atomically_and_preserves_old_on_failure) ... ok
test_lock_failure_does_not_replace_active_run_report (test_m7_022_linux_release_soak.M7022LinuxReleaseSoakTest.test_lock_failure_does_not_replace_active_run_report) ... ok
test_marker_parser_accepts_exact_ordered_samples_and_one_result (test_m7_022_linux_release_soak.M7022LinuxReleaseSoakTest.test_marker_parser_accepts_exact_ordered_samples_and_one_result) ... ok
test_marker_parser_rejects_missing_duplicate_reordered_unknown_and_skipped (test_m7_022_linux_release_soak.M7022LinuxReleaseSoakTest.test_marker_parser_rejects_missing_duplicate_reordered_unknown_and_skipped) ... ok
test_metric_trend_accepts_limit_and_rejects_growth_or_monotonic_count (test_m7_022_linux_release_soak.M7022LinuxReleaseSoakTest.test_metric_trend_accepts_limit_and_rejects_growth_or_monotonic_count) ... ok
test_platform_rejects_other_os_cpu_and_musl (test_m7_022_linux_release_soak.M7022LinuxReleaseSoakTest.test_platform_rejects_other_os_cpu_and_musl) ... ok
test_resource_and_application_trends_fail_closed (test_m7_022_linux_release_soak.M7022LinuxReleaseSoakTest.test_resource_and_application_trends_fail_closed) ... ok
test_terminate_process_group_stops_running_child (test_m7_022_linux_release_soak.M7022LinuxReleaseSoakTest.test_terminate_process_group_stops_running_child) ... ok
test_workload_requires_duration_mix_cancellation_reset_and_terminal_cleanup (test_m7_022_linux_release_soak.M7022LinuxReleaseSoakTest.test_workload_requires_duration_mix_cancellation_reset_and_terminal_cleanup) ... ok
test_artifact_digest_mismatch_fails_closed (test_m7_025_linux_supply_chain.M7025LinuxSupplyChainTest.test_artifact_digest_mismatch_fails_closed) ... ok
test_committed_bundle_is_stale_after_digest_domain_migration (test_m7_025_linux_supply_chain.M7025LinuxSupplyChainTest.test_committed_bundle_is_stale_after_digest_domain_migration) ... ok
test_fingerprint_is_stable_and_dependency_sensitive (test_m7_025_linux_supply_chain.M7025LinuxSupplyChainTest.test_fingerprint_is_stable_and_dependency_sensitive) ... ok
test_generation_is_byte_deterministic (test_m7_025_linux_supply_chain.M7025LinuxSupplyChainTest.test_generation_is_byte_deterministic) ... ok
test_main_translates_invalid_license_text_to_controlled_failure (test_m7_025_linux_supply_chain.M7025LinuxSupplyChainTest.test_main_translates_invalid_license_text_to_controlled_failure) ... ok
test_project_and_resolver_sbom_packages_use_apache_2_0 (test_m7_025_linux_supply_chain.M7025LinuxSupplyChainTest.test_project_and_resolver_sbom_packages_use_apache_2_0) ... ok
test_wrong_project_license_expression_fails_closed (test_m7_025_linux_supply_chain.M7025LinuxSupplyChainTest.test_wrong_project_license_expression_fails_closed) ... ok
test_alias_target_member_change_changes_inventory (test_m7_026_linux_api_freeze.M7026LinuxApiFreezeTest.test_alias_target_member_change_changes_inventory) ... ok
test_body_only_change_is_stable_but_signature_change_is_not (test_m7_026_linux_api_freeze.M7026LinuxApiFreezeTest.test_body_only_change_is_stable_but_signature_change_is_not) ... ok
test_inventory_comparison_reports_add_remove_and_change (test_m7_026_linux_api_freeze.M7026LinuxApiFreezeTest.test_inventory_comparison_reports_add_remove_and_change) ... ok
test_network_signature_change_is_rejected (test_m7_026_linux_api_freeze.M7026LinuxApiFreezeTest.test_network_signature_change_is_rejected) ... ok
test_openssl_metadata_bool_is_allowed_but_cipher_string_is_not (test_m7_026_linux_api_freeze.M7026LinuxApiFreezeTest.test_openssl_metadata_bool_is_allowed_but_cipher_string_is_not) ... ok
test_package_identity_and_forbidden_types_fail_closed (test_m7_026_linux_api_freeze.M7026LinuxApiFreezeTest.test_package_identity_and_forbidden_types_fail_closed) ... ok
test_atomic_report_preserves_old_file_when_replace_fails (test_m7_027_linux_examples.M7027LinuxExamplesTest.test_atomic_report_preserves_old_file_when_replace_fails) ... ok
test_atomic_report_replaces_old_json (test_m7_027_linux_examples.M7027LinuxExamplesTest.test_atomic_report_replaces_old_json) ... ok
test_checked_in_guide_and_sources_satisfy_static_contract (test_m7_027_linux_examples.M7027LinuxExamplesTest.test_checked_in_guide_and_sources_satisfy_static_contract) ... ok
test_consumer_manifest_uses_only_public_dependency (test_m7_027_linux_examples.M7027LinuxExamplesTest.test_consumer_manifest_uses_only_public_dependency) ... ok
test_guide_missing_topic_and_legacy_recommendation_fail_with_stable_codes (test_m7_027_linux_examples.M7027LinuxExamplesTest.test_guide_missing_topic_and_legacy_recommendation_fail_with_stable_codes) ... ok
test_internal_import_and_inventory_drift_fail_closed (test_m7_027_linux_examples.M7027LinuxExamplesTest.test_internal_import_and_inventory_drift_fail_closed) ... ok
test_marker_validation_rejects_missing_duplicate_reordered_and_skipped (test_m7_027_linux_examples.M7027LinuxExamplesTest.test_marker_validation_rejects_missing_duplicate_reordered_and_skipped) ... ok
test_output_is_tail_bounded (test_m7_027_linux_examples.M7027LinuxExamplesTest.test_output_is_tail_bounded) ... ok
test_platform_gate_rejects_other_os_cpu_and_musl (test_m7_027_linux_examples.M7027LinuxExamplesTest.test_platform_gate_rejects_other_os_cpu_and_musl) ... ok
test_tool_command_uses_hosted_path_without_local_wrapper (test_m7_027_linux_examples.M7027LinuxExamplesTest.test_tool_command_uses_hosted_path_without_local_wrapper) ... ok
test_atomic_report_failure_preserves_previous_bytes (test_m7_028_security_review_package.M7028SecurityReviewPackageTests.test_atomic_report_failure_preserves_previous_bytes) ... ok
test_checked_in_package_is_valid (test_m7_028_security_review_package.M7028SecurityReviewPackageTests.test_checked_in_package_is_valid) ... ok
test_current_bound_inputs_require_pass_bundle_digest (test_m7_028_security_review_package.M7028SecurityReviewPackageTests.test_current_bound_inputs_require_pass_bundle_digest) ... ok
test_invalid_utf8_has_stable_structured_digest_error (test_m7_028_security_review_package.M7028SecurityReviewPackageTests.test_invalid_utf8_has_stable_structured_digest_error) ... ok
test_missing_file_and_digest_drift_are_rejected (test_m7_028_security_review_package.M7028SecurityReviewPackageTests.test_missing_file_and_digest_drift_are_rejected) ... ok
test_path_escape_is_rejected (test_m7_028_security_review_package.M7028SecurityReviewPackageTests.test_path_escape_is_rejected) ... ok
test_required_topic_and_compatibility_gate_are_enforced (test_m7_028_security_review_package.M7028SecurityReviewPackageTests.test_required_topic_and_compatibility_gate_are_enforced) ... ok
test_sensitive_data_is_rejected_without_echoing_value (test_m7_028_security_review_package.M7028SecurityReviewPackageTests.test_sensitive_data_is_rejected_without_echoing_value) ... ok
test_stale_or_skipped_evidence_cannot_claim_pass (test_m7_028_security_review_package.M7028SecurityReviewPackageTests.test_stale_or_skipped_evidence_cannot_claim_pass) ... ok
test_unknown_schema_and_field_are_rejected (test_m7_028_security_review_package.M7028SecurityReviewPackageTests.test_unknown_schema_and_field_are_rejected) ... ok
test_cjpm_build_hook_uses_fail_closed_platform_selection (test_m7_029_independent_security_review.M7029IndependentSecurityReviewTests.test_cjpm_build_hook_uses_fail_closed_platform_selection) ... ok
test_complete_no_finding_report_passes (test_m7_029_independent_security_review.M7029IndependentSecurityReviewTests.test_complete_no_finding_report_passes) ... ok
test_duplicate_and_unknown_finding_fields_fail (test_m7_029_independent_security_review.M7029IndependentSecurityReviewTests.test_duplicate_and_unknown_finding_fields_fail) ... ok
test_fixed_finding_requires_executed_digest_bound_regression (test_m7_029_independent_security_review.M7029IndependentSecurityReviewTests.test_fixed_finding_requires_executed_digest_bound_regression) ... ok
test_hosted_ci_nightly_resolution_fails_closed (test_m7_029_independent_security_review.M7029IndependentSecurityReviewTests.test_hosted_ci_nightly_resolution_fails_closed) ... ok
test_missing_review_is_blocked_and_atomic_failure_preserves_file (test_m7_029_independent_security_review.M7029IndependentSecurityReviewTests.test_missing_review_is_blocked_and_atomic_failure_preserves_file) ... ok
test_open_high_and_critical_findings_block_release (test_m7_029_independent_security_review.M7029IndependentSecurityReviewTests.test_open_high_and_critical_findings_block_release) ... ok
test_prepare_cli_returns_structured_invalid_utf8_failure (test_m7_029_independent_security_review.M7029IndependentSecurityReviewTests.test_prepare_cli_returns_structured_invalid_utf8_failure) ... ok
test_process_isolated_agent_requires_conflict_disclosure (test_m7_029_independent_security_review.M7029IndependentSecurityReviewTests.test_process_isolated_agent_requires_conflict_disclosure) ... ok
test_provider_manifest_is_a_repository_input (test_m7_029_independent_security_review.M7029IndependentSecurityReviewTests.test_provider_manifest_is_a_repository_input) ... git: /tmp/wirestack-m7-033-ci-tools-20260910/sdk/cangjie/runtime/lib/linux_x86_64_cjnative/libpcre2-8.so.0: no version information available (required by git)
ok
test_reviewer_dates_conflicts_and_set_fields_are_strict (test_m7_029_independent_security_review.M7029IndependentSecurityReviewTests.test_reviewer_dates_conflicts_and_set_fields_are_strict) ... ok
test_reviewer_independence_is_required (test_m7_029_independent_security_review.M7029IndependentSecurityReviewTests.test_reviewer_independence_is_required) ... ok
test_sensitive_value_and_compatibility_gate_fail (test_m7_029_independent_security_review.M7029IndependentSecurityReviewTests.test_sensitive_value_and_compatibility_gate_fail) ... ok
test_stale_target_and_incomplete_scope_fail (test_m7_029_independent_security_review.M7029IndependentSecurityReviewTests.test_stale_target_and_incomplete_scope_fail) ... ok
test_atomic_report_failure_preserves_previous_bytes (test_m7_030_linux_release.M7030LinuxReleaseTest.test_atomic_report_failure_preserves_previous_bytes) ... ok
test_clean_consumer_and_malicious_archives (test_m7_030_linux_release.M7030LinuxReleaseTest.test_clean_consumer_and_malicious_archives) ... ok
test_current_inputs_build_strict_deterministic_manifest (test_m7_030_linux_release.M7030LinuxReleaseTest.test_current_inputs_build_strict_deterministic_manifest) ... ok
test_hosted_report_binds_three_verified_subjects (test_m7_030_linux_release.M7030LinuxReleaseTest.test_hosted_report_binds_three_verified_subjects) ... ok
test_hosted_report_cli_returns_structured_invalid_utf8_failure (test_m7_030_linux_release.M7030LinuxReleaseTest.test_hosted_report_cli_returns_structured_invalid_utf8_failure) ... ok
test_hosted_text_subject_separates_canonical_and_signed_payload_digests (test_m7_030_linux_release.M7030LinuxReleaseTest.test_hosted_text_subject_separates_canonical_and_signed_payload_digests) ... ok
test_json_duplicates_unknown_schema_paths_and_subjects_are_rejected (test_m7_030_linux_release.M7030LinuxReleaseTest.test_json_duplicates_unknown_schema_paths_and_subjects_are_rejected) ... ok
test_key_type_identity_and_location_fail_closed_without_secret_output (test_m7_030_linux_release.M7030LinuxReleaseTest.test_key_type_identity_and_location_fail_closed_without_secret_output) ... ok
test_missing_or_stale_supply_chain_input_fails_closed (test_m7_030_linux_release.M7030LinuxReleaseTest.test_missing_or_stale_supply_chain_input_fails_closed) ... ok
test_offline_rehearsal_verifies_and_all_subject_or_signature_mutations_fail (test_m7_030_linux_release.M7030LinuxReleaseTest.test_offline_rehearsal_verifies_and_all_subject_or_signature_mutations_fail) ... ok
test_rehearsal_is_bounded_and_reads_hosted_gate_separately (test_m7_030_linux_release.M7030LinuxReleaseTest.test_rehearsal_is_bounded_and_reads_hosted_gate_separately) ... ok
test_rollback_requires_exact_signed_unexpired_authorization (test_m7_030_linux_release.M7030LinuxReleaseTest.test_rollback_requires_exact_signed_unexpired_authorization) ... ok
test_upgrade_requires_matching_signed_advisory_and_sbom (test_m7_030_linux_release.M7030LinuxReleaseTest.test_upgrade_requires_matching_signed_advisory_and_sbom) ... ok
test_workflow_is_pinned_and_missing_or_wrong_hosted_report_never_passes (test_m7_030_linux_release.M7030LinuxReleaseTest.test_workflow_is_pinned_and_missing_or_wrong_hosted_report_never_passes) ... ok
test_artifact_identity_rejects_each_cross_report_mismatch (test_m7_031_linux_candidate.M7031LinuxCandidateTests.test_artifact_identity_rejects_each_cross_report_mismatch) ... ok
test_atomic_replace_failure_preserves_previous_bytes (test_m7_031_linux_candidate.M7031LinuxCandidateTests.test_atomic_replace_failure_preserves_previous_bytes) ... ok
test_cli_returns_structured_digest_failure (test_m7_031_linux_candidate.M7031LinuxCandidateTests.test_cli_returns_structured_digest_failure) ... ok
test_committed_hosted_report_without_signed_payload_digest_is_stale (test_m7_031_linux_candidate.M7031LinuxCandidateTests.test_committed_hosted_report_without_signed_payload_digest_is_stale) ... ok
test_committed_report_matches_deterministic_generator (test_m7_031_linux_candidate.M7031LinuxCandidateTests.test_committed_report_matches_deterministic_generator) ... ok
test_criterion_inventory_rejects_missing_duplicate_unknown_and_skipped (test_m7_031_linux_candidate.M7031LinuxCandidateTests.test_criterion_inventory_rejects_missing_duplicate_unknown_and_skipped) ... ok
test_current_repository_generates_exact_go_report (test_m7_031_linux_candidate.M7031LinuxCandidateTests.test_current_repository_generates_exact_go_report) ... ok
test_historical_or_internal_public_api_cannot_pass (test_m7_031_linux_candidate.M7031LinuxCandidateTests.test_historical_or_internal_public_api_cannot_pass) ... ok
test_hosted_report_requires_all_three_verified_subjects (test_m7_031_linux_candidate.M7031LinuxCandidateTests.test_hosted_report_requires_all_three_verified_subjects) ... ok
test_json_schema_duplicate_key_and_path_escape_fail_closed (test_m7_031_linux_candidate.M7031LinuxCandidateTests.test_json_schema_duplicate_key_and_path_escape_fail_closed) ... ok
test_open_high_or_critical_finding_blocks_release (test_m7_031_linux_candidate.M7031LinuxCandidateTests.test_open_high_or_critical_finding_blocks_release) ... ok
test_soak_rejects_short_preflight_interruption_and_wrong_artifact (test_m7_031_linux_candidate.M7031LinuxCandidateTests.test_soak_rejects_short_preflight_interruption_and_wrong_artifact) ... ok
test_source_digest_drift_is_stale (test_m7_031_linux_candidate.M7031LinuxCandidateTests.test_source_digest_drift_is_stale) ... ok
test_structural_candidate_requires_complete_recorded_evidence_inventory (test_m7_031_linux_candidate.M7031LinuxCandidateTests.test_structural_candidate_requires_complete_recorded_evidence_inventory) ... ok
test_structural_candidate_reuses_recorded_evidence_without_live_hashing (test_m7_031_linux_candidate.M7031LinuxCandidateTests.test_structural_candidate_reuses_recorded_evidence_without_live_hashing) ... ok
test_current_inventory_has_only_public_alias_targets (test_m7_032_public_api_contract.M7032PublicApiContractTests.test_current_inventory_has_only_public_alias_targets) ... ok
test_public_package_sources_do_not_spell_internal_types_in_declarations (test_m7_032_public_api_contract.M7032PublicApiContractTests.test_public_package_sources_do_not_spell_internal_types_in_declarations) ... ok
test_stale_inventory_is_rejected_without_compatibility_verdict (test_m7_032_public_api_contract.M7032PublicApiContractTests.test_stale_inventory_is_rejected_without_compatibility_verdict) ... ok
test_task_manifest_has_no_long_running_command (test_m7_032_public_api_contract.M7032PublicApiContractTests.test_task_manifest_has_no_long_running_command) ... ok
test_atomic_report_preserves_previous_file_when_replace_fails (test_m7_033_docs.M7033DocsTests.test_atomic_report_preserves_previous_file_when_replace_fails) ... ok
test_doc_ir_diagnostics_are_not_hidden_by_success_status (test_m7_033_docs.M7033DocsTests.test_doc_ir_diagnostics_are_not_hidden_by_success_status) ... ok
test_partial_doc_ir_is_never_pass (test_m7_033_docs.M7033DocsTests.test_partial_doc_ir_is_never_pass) ... ok
test_path_escape_is_rejected (test_m7_033_docs.M7033DocsTests.test_path_escape_is_rejected) ... ok
test_public_source_view_excludes_tests_and_internal_package (test_m7_033_docs.M7033DocsTests.test_public_source_view_excludes_tests_and_internal_package) ... ok
test_skipped_or_partial_coverage_cannot_impersonate_pass (test_m7_033_docs.M7033DocsTests.test_skipped_or_partial_coverage_cannot_impersonate_pass) ... ok
test_unknown_api_schema_is_rejected (test_m7_033_docs.M7033DocsTests.test_unknown_api_schema_is_rejected) ... ok
test_unknown_doc_ir_schema_is_rejected (test_m7_033_docs.M7033DocsTests.test_unknown_doc_ir_schema_is_rejected) ... ok
test_version_mismatch_is_blocked_without_parsing_exception_text (test_m7_033_docs.M7033DocsTests.test_version_mismatch_is_blocked_without_parsing_exception_text) ... ok
test_linux_dependencies_exclude_global_and_upstream_blockers (test_m7_linux_task_graph.M7LinuxTaskGraphTests.test_linux_dependencies_exclude_global_and_upstream_blockers) ... ok
test_linux_graph_has_the_exact_frozen_task_set (test_m7_linux_task_graph.M7LinuxTaskGraphTests.test_linux_graph_has_the_exact_frozen_task_set) ... ok
test_task_counts_include_linux_profile_and_formal_follow_up_work (test_m7_linux_task_graph.M7LinuxTaskGraphTests.test_task_counts_include_linux_profile_and_formal_follow_up_work) ... ok
test_task_graph_has_fail_closed_audit_and_release_edges (test_m7_linux_task_graph.M7LinuxTaskGraphTests.test_task_graph_has_fail_closed_audit_and_release_edges) ... ok
test_release_validators_are_strict_by_default (test_p1_013_development_release_gate.P1013DevelopmentReleaseGateTests.test_release_validators_are_strict_by_default) ... ok
test_strict_modes_reject_the_same_stale_records (test_p1_013_development_release_gate.P1013DevelopmentReleaseGateTests.test_strict_modes_reject_the_same_stale_records) ... ok
test_structural_modes_accept_frozen_records_without_local_release_artifact (test_p1_013_development_release_gate.P1013DevelopmentReleaseGateTests.test_structural_modes_accept_frozen_records_without_local_release_artifact) ... ok
test_atomic_report_preserves_target_on_injected_failure (test_p1_014_evidence_digest_types.EvidenceDigestTypeTests.test_atomic_report_preserves_target_on_injected_failure) ... ok
test_crlf_report_is_bounded_and_uses_actual_platform (test_p1_014_evidence_digest_types.EvidenceDigestTypeTests.test_crlf_report_is_bounded_and_uses_actual_platform) ... ok
test_crlf_report_reads_tracked_checkout_fixture_without_text_override (test_p1_014_evidence_digest_types.EvidenceDigestTypeTests.test_crlf_report_reads_tracked_checkout_fixture_without_text_override) ... git: /tmp/wirestack-m7-033-ci-tools-20260910/sdk/cangjie/runtime/lib/linux_x86_64_cjnative/libpcre2-8.so.0: no version information available (required by git)
ok
test_crlf_report_rejects_claimed_revision_different_from_checkout (test_p1_014_evidence_digest_types.EvidenceDigestTypeTests.test_crlf_report_rejects_claimed_revision_different_from_checkout) ... ok
test_crlf_report_rejects_wrong_architecture_and_libc (test_p1_014_evidence_digest_types.EvidenceDigestTypeTests.test_crlf_report_rejects_wrong_architecture_and_libc) ... ok
test_crlf_report_rejects_wrong_native_platform (test_p1_014_evidence_digest_types.EvidenceDigestTypeTests.test_crlf_report_rejects_wrong_native_platform) ... ok
test_current_inventory_has_no_legacy_task_local_digest_calls (test_p1_014_evidence_digest_types.EvidenceDigestTypeTests.test_current_inventory_has_no_legacy_task_local_digest_calls) ... ok
test_digest_equality_requires_both_serialized_domains (test_p1_014_evidence_digest_types.EvidenceDigestTypeTests.test_digest_equality_requires_both_serialized_domains) ... ok
test_digest_types_and_serialized_domains_are_not_interchangeable (test_p1_014_evidence_digest_types.EvidenceDigestTypeTests.test_digest_types_and_serialized_domains_are_not_interchangeable) ... ok
test_invalid_utf8_fails_without_byte_fallback (test_p1_014_evidence_digest_types.EvidenceDigestTypeTests.test_invalid_utf8_fails_without_byte_fallback) ... ok
test_inventory_classifies_literal_log_as_text_evidence (test_p1_014_evidence_digest_types.EvidenceDigestTypeTests.test_inventory_classifies_literal_log_as_text_evidence) ... ok
test_inventory_manifest_cannot_hide_folded_text_operand (test_p1_014_evidence_digest_types.EvidenceDigestTypeTests.test_inventory_manifest_cannot_hide_folded_text_operand) ... ok
test_inventory_rejects_alternate_hashlib_constructor_import (test_p1_014_evidence_digest_types.EvidenceDigestTypeTests.test_inventory_rejects_alternate_hashlib_constructor_import) ... ok
test_inventory_rejects_artifact_marker_with_shell_variable_operand (test_p1_014_evidence_digest_types.EvidenceDigestTypeTests.test_inventory_rejects_artifact_marker_with_shell_variable_operand) ... ok
test_inventory_rejects_assigned_subprocess_and_os_system_commands (test_p1_014_evidence_digest_types.EvidenceDigestTypeTests.test_inventory_rejects_assigned_subprocess_and_os_system_commands) ... ok
test_inventory_rejects_cksum_sha256_routes (test_p1_014_evidence_digest_types.EvidenceDigestTypeTests.test_inventory_rejects_cksum_sha256_routes) ... ok
test_inventory_rejects_compare_digest_on_bare_digest_field (test_p1_014_evidence_digest_types.EvidenceDigestTypeTests.test_inventory_rejects_compare_digest_on_bare_digest_field) ... ok
test_inventory_rejects_direct_sha256_import_and_untyped_shell_command (test_p1_014_evidence_digest_types.EvidenceDigestTypeTests.test_inventory_rejects_direct_sha256_import_and_untyped_shell_command) ... ok
test_inventory_rejects_local_digest_wrapper (test_p1_014_evidence_digest_types.EvidenceDigestTypeTests.test_inventory_rejects_local_digest_wrapper) ... ok
test_inventory_rejects_named_digest_field_comparison (test_p1_014_evidence_digest_types.EvidenceDigestTypeTests.test_inventory_rejects_named_digest_field_comparison) ... ok
test_inventory_rejects_openssl_and_embedded_python_digest_commands (test_p1_014_evidence_digest_types.EvidenceDigestTypeTests.test_inventory_rejects_openssl_and_embedded_python_digest_commands) ... ok
test_inventory_rejects_openssl_shortcut_and_license_operand (test_p1_014_evidence_digest_types.EvidenceDigestTypeTests.test_inventory_rejects_openssl_shortcut_and_license_operand) ... ok
test_inventory_rejects_powershell_sha256_api (test_p1_014_evidence_digest_types.EvidenceDigestTypeTests.test_inventory_rejects_powershell_sha256_api) ... ok
test_inventory_rejects_text_marker_on_raw_digest_command (test_p1_014_evidence_digest_types.EvidenceDigestTypeTests.test_inventory_rejects_text_marker_on_raw_digest_command) ... ok
test_inventory_rejects_typed_alias_and_raw_python_subprocess (test_p1_014_evidence_digest_types.EvidenceDigestTypeTests.test_inventory_rejects_typed_alias_and_raw_python_subprocess) ... ok
test_inventory_rejects_untyped_digest_anywhere_in_repository_tools (test_p1_014_evidence_digest_types.EvidenceDigestTypeTests.test_inventory_rejects_untyped_digest_anywhere_in_repository_tools) ... ok
test_inventory_resolves_assigned_text_path_before_byte_digest (test_p1_014_evidence_digest_types.EvidenceDigestTypeTests.test_inventory_resolves_assigned_text_path_before_byte_digest) ... ok
test_inventory_resolves_assigned_typed_callable_alias (test_p1_014_evidence_digest_types.EvidenceDigestTypeTests.test_inventory_resolves_assigned_typed_callable_alias) ... ok
test_inventory_resolves_keyword_text_path_before_byte_digest (test_p1_014_evidence_digest_types.EvidenceDigestTypeTests.test_inventory_resolves_keyword_text_path_before_byte_digest) ... ok
test_inventory_scans_composite_actions (test_p1_014_evidence_digest_types.EvidenceDigestTypeTests.test_inventory_scans_composite_actions) ... ok
test_inventory_scans_folded_composite_commands_and_helpers (test_p1_014_evidence_digest_types.EvidenceDigestTypeTests.test_inventory_scans_folded_composite_commands_and_helpers) ... ok
test_inventory_scans_non_python_tools_and_untyped_comparisons (test_p1_014_evidence_digest_types.EvidenceDigestTypeTests.test_inventory_scans_non_python_tools_and_untyped_comparisons) ... ok
test_inventory_traces_assigned_digest_field_into_comparison (test_p1_014_evidence_digest_types.EvidenceDigestTypeTests.test_inventory_traces_assigned_digest_field_into_comparison) ... ok
test_line_endings_share_text_digest_but_not_byte_digest (test_p1_014_evidence_digest_types.EvidenceDigestTypeTests.test_line_endings_share_text_digest_but_not_byte_digest) ... ok
test_production_digest_imports_bootstrap_direct_cli_execution (test_p1_014_evidence_digest_types.EvidenceDigestTypeTests.test_production_digest_imports_bootstrap_direct_cli_execution) ... ok
test_text_inventory_rejects_nul_framing_ambiguity (test_p1_014_evidence_digest_types.EvidenceDigestTypeTests.test_text_inventory_rejects_nul_framing_ambiguity) ... ok
test_untyped_unknown_and_malformed_digest_documents_fail_closed (test_p1_014_evidence_digest_types.EvidenceDigestTypeTests.test_untyped_unknown_and_malformed_digest_documents_fail_closed) ... ok
test_windows_crlf_report_requires_actual_crlf_checkout (test_p1_014_evidence_digest_types.EvidenceDigestTypeTests.test_windows_crlf_report_requires_actual_crlf_checkout) ... git: /tmp/wirestack-m7-033-ci-tools-20260910/sdk/cangjie/runtime/lib/linux_x86_64_cjnative/libpcre2-8.so.0: no version information available (required by git)
ok
test_windows_workflow_is_pinned_and_runs_only_bounded_python_checks (test_p1_014_evidence_digest_types.EvidenceDigestTypeTests.test_windows_workflow_is_pinned_and_runs_only_bounded_python_checks) ... ok
test_archive_provider_requires_exact_commit (test_tls_provider_poc.ProviderPocValidationTests.test_archive_provider_requires_exact_commit) ... ok
test_archive_provider_requires_release_tag_resolution (test_tls_provider_poc.ProviderPocValidationTests.test_archive_provider_requires_release_tag_resolution) ... ok
test_archive_result_binds_release_tag_resolution (test_tls_provider_poc.ProviderPocValidationTests.test_archive_result_binds_release_tag_resolution) ... ok
test_archive_source_resolves_and_matches_release_tag_commit (test_tls_provider_poc.ProviderPocValidationTests.test_archive_source_resolves_and_matches_release_tag_commit) ... ok
test_blocked_capability_cannot_pass (test_tls_provider_poc.ProviderPocValidationTests.test_blocked_capability_cannot_pass) ... ok
test_build_environment_captures_inherited_and_override_values (test_tls_provider_poc.ProviderPocValidationTests.test_build_environment_captures_inherited_and_override_values) ... ok
test_build_environment_snapshot_is_bounded (test_tls_provider_poc.ProviderPocValidationTests.test_build_environment_snapshot_is_bounded) ... ok
test_build_provenance_is_durable_and_fail_closed (test_tls_provider_poc.ProviderPocValidationTests.test_build_provenance_is_durable_and_fail_closed) ... ok
test_canonical_spec_and_matrix_reject_stale_license_digests (test_tls_provider_poc.ProviderPocValidationTests.test_canonical_spec_and_matrix_reject_stale_license_digests) ... ok
test_diagnostic_build_instruments_provider_sources (test_tls_provider_poc.ProviderPocValidationTests.test_diagnostic_build_instruments_provider_sources) ... ok
test_exported_symbol_inventory_is_bounded_and_digest_bound (test_tls_provider_poc.ProviderPocValidationTests.test_exported_symbol_inventory_is_bounded_and_digest_bound) ... ok
test_failure_messages_are_bounded_by_utf8_bytes (test_tls_provider_poc.ProviderPocValidationTests.test_failure_messages_are_bounded_by_utf8_bytes) ... ok
test_github_tag_resolution_uses_bounded_ephemeral_token (test_tls_provider_poc.ProviderPocValidationTests.test_github_tag_resolution_uses_bounded_ephemeral_token) ... ok
test_hosted_execution_identity_matches_clean_checkout (test_tls_provider_poc.ProviderPocValidationTests.test_hosted_execution_identity_matches_clean_checkout) ... ok
test_hosted_execution_identity_rejects_revision_mismatch (test_tls_provider_poc.ProviderPocValidationTests.test_hosted_execution_identity_rejects_revision_mismatch) ... ok
test_hosted_workflows_supply_read_only_tag_resolution_token (test_tls_provider_poc.ProviderPocValidationTests.test_hosted_workflows_supply_read_only_tag_resolution_token) ... ok
test_license_bundle_ignores_symlinks_outside_provider_source (test_tls_provider_poc.ProviderPocValidationTests.test_license_bundle_ignores_symlinks_outside_provider_source) ... ok
test_license_bundle_rejects_escape_and_stale_digest (test_tls_provider_poc.ProviderPocValidationTests.test_license_bundle_rejects_escape_and_stale_digest) ... ok
test_license_file_invalid_utf8_fails_closed (test_tls_provider_poc.ProviderPocValidationTests.test_license_file_invalid_utf8_fails_closed) ... ok
test_license_file_metadata_is_line_ending_stable (test_tls_provider_poc.ProviderPocValidationTests.test_license_file_metadata_is_line_ending_stable) ... ok
test_license_manifest_digest_is_line_ending_stable (test_tls_provider_poc.ProviderPocValidationTests.test_license_manifest_digest_is_line_ending_stable) ... ok
test_local_execution_identity_rejects_dirty_checkout (test_tls_provider_poc.ProviderPocValidationTests.test_local_execution_identity_rejects_dirty_checkout) ... ok
test_local_execution_identity_uses_clean_exact_checkout (test_tls_provider_poc.ProviderPocValidationTests.test_local_execution_identity_uses_clean_exact_checkout) ... ok
test_matrix_contract_only_does_not_promote_stale_retained_results (test_tls_provider_poc.ProviderPocValidationTests.test_matrix_contract_only_does_not_promote_stale_retained_results) ... M0-016 validation: FAIL: --matrix-contract-only requires --matrix
ok
test_matrix_retained_result_validates_durable_license_bundle (test_tls_provider_poc.ProviderPocValidationTests.test_matrix_retained_result_validates_durable_license_bundle) ... ok
test_memory_diagnostic_records_provider_leak_detection_boundary (test_tls_provider_poc.ProviderPocValidationTests.test_memory_diagnostic_records_provider_leak_detection_boundary) ... ok
test_metrics_require_dual_version_resumption_and_external_trust (test_tls_provider_poc.ProviderPocValidationTests.test_metrics_require_dual_version_resumption_and_external_trust) ... ok
test_metrics_require_expired_and_malformed_certificate_coverage (test_tls_provider_poc.ProviderPocValidationTests.test_metrics_require_expired_and_malformed_certificate_coverage) ... ok
test_metrics_require_negative_alpn_coverage (test_tls_provider_poc.ProviderPocValidationTests.test_metrics_require_negative_alpn_coverage) ... ok
test_metrics_require_required_and_optional_client_auth (test_tls_provider_poc.ProviderPocValidationTests.test_metrics_require_required_and_optional_client_auth) ... ok
test_missing_archive_digest_fails (test_tls_provider_poc.ProviderPocValidationTests.test_missing_archive_digest_fails) ... ok
test_missing_platform_cell_fails (test_tls_provider_poc.ProviderPocValidationTests.test_missing_platform_cell_fails) ... ok
test_musl_package_installation_has_no_tag_resolution_token (test_tls_provider_poc.ProviderPocValidationTests.test_musl_package_installation_has_no_tag_resolution_token) ... ok
test_musl_result_requires_immutable_container_identity (test_tls_provider_poc.ProviderPocValidationTests.test_musl_result_requires_immutable_container_identity) ... ok
test_native_pocs_drive_provider_specific_session_and_trust_callbacks (test_tls_provider_poc.ProviderPocValidationTests.test_native_pocs_drive_provider_specific_session_and_trust_callbacks) ... ok
test_native_pocs_expose_external_trust_as_a_distinct_capability (test_tls_provider_poc.ProviderPocValidationTests.test_native_pocs_expose_external_trust_as_a_distinct_capability) ... ok
test_non_windows_build_rejects_assembler_identity (test_tls_provider_poc.ProviderPocValidationTests.test_non_windows_build_rejects_assembler_identity) ... ok
test_openssl_build_retains_musl_secure_heap_override_in_provenance (test_tls_provider_poc.ProviderPocValidationTests.test_openssl_build_retains_musl_secure_heap_override_in_provenance) ... ok
test_openssl_resumption_requires_fresh_cache_miss (test_tls_provider_poc.ProviderPocValidationTests.test_openssl_resumption_requires_fresh_cache_miss) ... ok
test_partial_matrix_cell_requires_retained_result (test_tls_provider_poc.ProviderPocValidationTests.test_partial_matrix_cell_requires_retained_result) ... ok
test_partial_rejects_not_run_and_requires_blocked_capability (test_tls_provider_poc.ProviderPocValidationTests.test_partial_rejects_not_run_and_requires_blocked_capability) ... ok
test_pass_requires_measured_schema_v2 (test_tls_provider_poc.ProviderPocValidationTests.test_pass_requires_measured_schema_v2) ... ok
test_platform_peak_resident_probes_are_native (test_tls_provider_poc.ProviderPocValidationTests.test_platform_peak_resident_probes_are_native) ... ok
test_pre_execution_fail_result_is_retained_without_metrics (test_tls_provider_poc.ProviderPocValidationTests.test_pre_execution_fail_result_is_retained_without_metrics) ... ok
test_provider_allocation_and_cancellation_metrics_fail_closed (test_tls_provider_poc.ProviderPocValidationTests.test_provider_allocation_and_cancellation_metrics_fail_closed) ... ok
test_provider_subprocesses_cannot_inherit_github_token (test_tls_provider_poc.ProviderPocValidationTests.test_provider_subprocesses_cannot_inherit_github_token) ... ok
test_retained_result_digest_must_match (test_tls_provider_poc.ProviderPocValidationTests.test_retained_result_digest_must_match) ... ok
test_retained_source_identity_matches_provider_pin (test_tls_provider_poc.ProviderPocValidationTests.test_retained_source_identity_matches_provider_pin) ... ok
test_schema_v1_partial_cannot_claim_unmeasured_external_trust (test_tls_provider_poc.ProviderPocValidationTests.test_schema_v1_partial_cannot_claim_unmeasured_external_trust) ... ok
test_schema_v2_cannot_claim_a_fully_measured_pass (test_tls_provider_poc.ProviderPocValidationTests.test_schema_v2_cannot_claim_a_fully_measured_pass) ... ok
test_schema_v5_requires_measured_session_resumption (test_tls_provider_poc.ProviderPocValidationTests.test_schema_v5_requires_measured_session_resumption) ... ok
test_security_update_evidence_fails_closed (test_tls_provider_poc.ProviderPocValidationTests.test_security_update_evidence_fails_closed) ... ok
test_static_archive_inventory_is_structured_and_bounded (test_tls_provider_poc.ProviderPocValidationTests.test_static_archive_inventory_is_structured_and_bounded) ... ok
test_supported_diagnostic_requires_instrumented_provider_archives (test_tls_provider_poc.ProviderPocValidationTests.test_supported_diagnostic_requires_instrumented_provider_archives) ... ok
test_system_tls_dependency_fails (test_tls_provider_poc.ProviderPocValidationTests.test_system_tls_dependency_fails) ... ok
test_windows_aws_lc_assembler_identity_is_required (test_tls_provider_poc.ProviderPocValidationTests.test_windows_aws_lc_assembler_identity_is_required) ... ok
test_windows_workflow_pins_nasm_fallback (test_tls_provider_poc.ProviderPocValidationTests.test_windows_workflow_pins_nasm_fallback) ... ok
test_atomic_json_has_platform_stable_lf (test_tls_provider_poc.ProviderPocWindowsTests.test_atomic_json_has_platform_stable_lf) ... ok
test_digest_bound_license_bundles_disable_checkout_conversion (test_tls_provider_poc.ProviderPocWindowsTests.test_digest_bound_license_bundles_disable_checkout_conversion) ... ok
test_expected_revision_mismatch_fails (test_tls_provider_poc.ProviderPocWindowsTests.test_expected_revision_mismatch_fails) ... ok
test_linux_and_macos_results_require_native_runner_identity (test_tls_provider_poc.ProviderPocWindowsTests.test_linux_and_macos_results_require_native_runner_identity) ... ok
test_linux_export_scan_retains_symbols_from_multiline_output (test_tls_provider_poc.ProviderPocWindowsTests.test_linux_export_scan_retains_symbols_from_multiline_output) ... ok
test_successful_result_requires_final_binary_identity (test_tls_provider_poc.ProviderPocWindowsTests.test_successful_result_requires_final_binary_identity) ... ok
test_successful_result_requires_zero_poc_exit_code (test_tls_provider_poc.ProviderPocWindowsTests.test_successful_result_requires_zero_poc_exit_code) ... ok
test_windows_archive_names_cover_all_providers (test_tls_provider_poc.ProviderPocWindowsTests.test_windows_archive_names_cover_all_providers) ... ok
test_windows_cmake_and_poc_use_static_crt (test_tls_provider_poc.ProviderPocWindowsTests.test_windows_cmake_and_poc_use_static_crt) ... ok
test_windows_compile_uses_msvc_and_no_posix_link_flags (test_tls_provider_poc.ProviderPocWindowsTests.test_windows_compile_uses_msvc_and_no_posix_link_flags) ... ok
test_windows_dependency_scan_fails_closed_when_dumpbin_fails (test_tls_provider_poc.ProviderPocWindowsTests.test_windows_dependency_scan_fails_closed_when_dumpbin_fails) ... ok
test_windows_dependency_scan_rejects_prefixless_aws_lc_dlls (test_tls_provider_poc.ProviderPocWindowsTests.test_windows_dependency_scan_rejects_prefixless_aws_lc_dlls) ... ok
test_windows_dependency_scan_rejects_prefixless_mbedtls_dlls (test_tls_provider_poc.ProviderPocWindowsTests.test_windows_dependency_scan_rejects_prefixless_mbedtls_dlls) ... ok
test_windows_dependency_scan_rejects_versioned_tls_dll (test_tls_provider_poc.ProviderPocWindowsTests.test_windows_dependency_scan_rejects_versioned_tls_dll) ... ok
test_windows_export_scan_rejects_unrecognized_success_output (test_tls_provider_poc.ProviderPocWindowsTests.test_windows_export_scan_rejects_unrecognized_success_output) ... ok
test_windows_export_scan_retains_symbols_from_multiline_output (test_tls_provider_poc.ProviderPocWindowsTests.test_windows_export_scan_retains_symbols_from_multiline_output) ... ok
test_windows_openssl_build_uses_vc_target_and_nmake (test_tls_provider_poc.ProviderPocWindowsTests.test_windows_openssl_build_uses_vc_target_and_nmake) ... ok
test_windows_result_requires_native_hosted_runner_identity (test_tls_provider_poc.ProviderPocWindowsTests.test_windows_result_requires_native_hosted_runner_identity) ... ok
test_current_tasks_do_not_depend_on_upstream_candidates (test_upstream_independence.UpstreamIndependenceTest.test_current_tasks_do_not_depend_on_upstream_candidates) ... ok
test_issue_template_marks_upstream_candidates_as_optional (test_upstream_independence.UpstreamIndependenceTest.test_issue_template_marks_upstream_candidates_as_optional) ... ok
test_canonical_model_passes (test_validate_threat_model.ThreatModelValidatorTests.test_canonical_model_passes) ... ok
test_duplicate_threat_id_is_rejected (test_validate_threat_model.ThreatModelValidatorTests.test_duplicate_threat_id_is_rejected) ... ok
test_empty_residual_risk_is_rejected (test_validate_threat_model.ThreatModelValidatorTests.test_empty_residual_risk_is_rejected) ... ok
test_high_threat_cannot_be_accepted (test_validate_threat_model.ThreatModelValidatorTests.test_high_threat_cannot_be_accepted) ... ok
test_high_threat_must_block_release (test_validate_threat_model.ThreatModelValidatorTests.test_high_threat_must_block_release) ... ok
test_malformed_task_id_is_rejected (test_validate_threat_model.ThreatModelValidatorTests.test_malformed_task_id_is_rejected) ... ok
test_missing_required_domain_fails_closed (test_validate_threat_model.ThreatModelValidatorTests.test_missing_required_domain_fails_closed) ... ok
test_required_control_cannot_be_silently_renamed (test_validate_threat_model.ThreatModelValidatorTests.test_required_control_cannot_be_silently_renamed) ... ok
test_unknown_control_reference_is_rejected (test_validate_threat_model.ThreatModelValidatorTests.test_unknown_control_reference_is_rejected) ... ok
test_well_formed_missing_backlog_task_is_rejected (test_validate_threat_model.ThreatModelValidatorTests.test_well_formed_missing_backlog_task_is_rejected) ... ok
test_excluded_candidate_cannot_be_shortlisted (test_validate_tls_provider_matrix.Tests.test_excluded_candidate_cannot_be_shortlisted) ... ok
test_final_selection_must_be_deferred_to_m0_020 (test_validate_tls_provider_matrix.Tests.test_final_selection_must_be_deferred_to_m0_020) ... ok
test_harmony_cannot_be_claimed_before_poc (test_validate_tls_provider_matrix.Tests.test_harmony_cannot_be_claimed_before_poc) ... ok
test_incompatible_license_must_be_excluded (test_validate_tls_provider_matrix.Tests.test_incompatible_license_must_be_excluded) ... ok
test_missing_platform_fails (test_validate_tls_provider_matrix.Tests.test_missing_platform_fails) ... ok
test_repository_matrix_passes (test_validate_tls_provider_matrix.Tests.test_repository_matrix_passes) ... ok
test_third_party_comparison_source_rejected (test_validate_tls_provider_matrix.Tests.test_third_party_comparison_source_rejected) ... ok
test_unknown_schema_fails_closed (test_validate_tls_provider_matrix.Tests.test_unknown_schema_fails_closed) ... ok

----------------------------------------------------------------------
Ran 413 tests in 9.828s

OK
test_classification_detects_sustained_starvation (test_dns_carrier_thread.DnsCarrierThreadTests.test_classification_detects_sustained_starvation) ... ok
test_classification_does_not_fail_on_normal_jitter (test_dns_carrier_thread.DnsCarrierThreadTests.test_classification_does_not_fail_on_normal_jitter) ... ok
test_parse_int_list_rejects_duplicates (test_dns_carrier_thread.DnsCarrierThreadTests.test_parse_int_list_rejects_duplicates) ... ok
test_percentile_uses_nearest_rank (test_dns_carrier_thread.DnsCarrierThreadTests.test_percentile_uses_nearest_rank) ... ok
test_probe_parser_retains_host_timestamps_and_gaps (test_dns_carrier_thread.DnsCarrierThreadTests.test_probe_parser_retains_host_timestamps_and_gaps) ... ok
test_shim_parser_rejects_missing_exit (test_dns_carrier_thread.DnsCarrierThreadTests.test_shim_parser_rejects_missing_exit) ... ok
test_shim_parser_requires_paired_calls (test_dns_carrier_thread.DnsCarrierThreadTests.test_shim_parser_requires_paired_calls) ... ok
test_validate_sample_rejects_unintercepted_resolution (test_dns_carrier_thread.DnsCarrierThreadTests.test_validate_sample_rejects_unintercepted_resolution) ... ok
test_atomic_json_output_replaces_without_temporary_files (test_gate_runner.GateRunnerTests.test_atomic_json_output_replaces_without_temporary_files) ... ok
test_cli_writes_error_report_for_malformed_manifest (test_gate_runner.GateRunnerTests.test_cli_writes_error_report_for_malformed_manifest) ... ok
test_disabled_or_wrong_platform_is_skipped (test_gate_runner.GateRunnerTests.test_disabled_or_wrong_platform_is_skipped) ... ok
test_missing_required_tool_is_blocked (test_gate_runner.GateRunnerTests.test_missing_required_tool_is_blocked) ... ok
test_nonzero_exit_fails (test_gate_runner.GateRunnerTests.test_nonzero_exit_fails) ... ok
test_pass_plus_skip_does_not_pass_overall (test_gate_runner.GateRunnerTests.test_pass_plus_skip_does_not_pass_overall) ... ok
test_report_capture_is_bounded_while_full_log_is_retained (test_gate_runner.GateRunnerTests.test_report_capture_is_bounded_while_full_log_is_retained) ... ok
test_successful_scenario_passes (test_gate_runner.GateRunnerTests.test_successful_scenario_passes) ... ok
test_timeout_terminates_child_process_group (test_gate_runner.GateRunnerTests.test_timeout_terminates_child_process_group) ... ok
test_unknown_schema_and_fields_fail_closed (test_gate_runner.GateRunnerTests.test_unknown_schema_and_fields_fail_closed) ... ok
test_classification_requires_count_cases_and_clean_exit (test_http1_quality.Tests.test_classification_requires_count_cases_and_clean_exit) ... ok
test_parse_summary_uses_last_project_total (test_http1_quality.Tests.test_parse_summary_uses_last_project_total) ... ok
test_rejects_inconsistent_or_missing_summary (test_http1_quality.Tests.test_rejects_inconsistent_or_missing_summary) ... ok
test_source_fingerprint_is_stable_and_content_sensitive (test_http1_quality.Tests.test_source_fingerprint_is_stable_and_content_sensitive) ... ok
test_classification_requires_count_cases_and_clean_exit (test_http2_quality.Tests.test_classification_requires_count_cases_and_clean_exit) ... ok
test_parse_summary_uses_last_project_total (test_http2_quality.Tests.test_parse_summary_uses_last_project_total) ... ok
test_rejects_inconsistent_or_missing_summary (test_http2_quality.Tests.test_rejects_inconsistent_or_missing_summary) ... ok
test_source_fingerprint_is_stable_and_content_sensitive (test_http2_quality.Tests.test_source_fingerprint_is_stable_and_content_sensitive) ... ok
test_complete_report_requires_passing_loopback_and_lan (test_m0_005_raw_tcp_baseline.Tests.test_complete_report_requires_passing_loopback_and_lan) ... ok
test_invalid_repetition_bounds_fail_before_compilation (test_m0_005_raw_tcp_baseline.Tests.test_invalid_repetition_bounds_fail_before_compilation) ... ok
test_lan_report_rejects_loopback_route (test_m0_005_raw_tcp_baseline.Tests.test_lan_report_rejects_loopback_route) ... ok
test_parse_heaptrack_allocation_count (test_m0_005_raw_tcp_baseline.Tests.test_parse_heaptrack_allocation_count) ... ok
test_parse_heaptrack_rejects_missing_or_duplicate_count (test_m0_005_raw_tcp_baseline.Tests.test_parse_heaptrack_rejects_missing_or_duplicate_count) ... ok
test_parse_strace_recvfrom_counts_successful_copied_bytes (test_m0_005_raw_tcp_baseline.Tests.test_parse_strace_recvfrom_counts_successful_copied_bytes) ... ok
test_report_measures_counters_but_stays_blocked_without_lan (test_m0_005_raw_tcp_baseline.Tests.test_report_measures_counters_but_stays_blocked_without_lan) ... ok
test_required_payload_matrix_is_exact (test_m0_005_raw_tcp_baseline.Tests.test_required_payload_matrix_is_exact) ... ok
test_accepts_complete_native_windows_report (test_m0_014_windows_copy_profile.M0014ValidatorTests.test_accepts_complete_native_windows_report) ... ok
test_atomic_report_replaces_target_without_temp_residue (test_m0_014_windows_copy_profile.M0014ValidatorTests.test_atomic_report_replaces_target_without_temp_residue) ... ok
test_counting_receiver_adds_dynamic_counter_fields_once (test_m0_014_windows_copy_profile.M0014ValidatorTests.test_counting_receiver_adds_dynamic_counter_fields_once) ... ok
test_environment_report_always_returns_structured_status (test_m0_014_windows_copy_profile.M0014ValidatorTests.test_environment_report_always_returns_structured_status) ... ok
test_instrumentation_retries_empty_etw_heap_reports_with_a_bound (test_m0_014_windows_copy_profile.M0014ValidatorTests.test_instrumentation_retries_empty_etw_heap_reports_with_a_bound) ... ok
test_rejects_cross_compile_and_incomplete_payloads (test_m0_014_windows_copy_profile.M0014ValidatorTests.test_rejects_cross_compile_and_incomplete_payloads) ... ok
test_rejects_missing_four_k_cap_and_cleanup_failure (test_m0_014_windows_copy_profile.M0014ValidatorTests.test_rejects_missing_four_k_cap_and_cleanup_failure) ... ok
test_rejects_skipped_or_derived_metrics_as_pass (test_m0_014_windows_copy_profile.M0014ValidatorTests.test_rejects_skipped_or_derived_metrics_as_pass) ... ok
test_rejects_unknown_schema_and_stale_revision (test_m0_014_windows_copy_profile.M0014ValidatorTests.test_rejects_unknown_schema_and_stale_revision) ... ok
test_xperf_parser_is_bounded_and_fail_closed (test_m0_014_windows_copy_profile.M0014ValidatorTests.test_xperf_parser_is_bounded_and_fail_closed) ... ok
test_cancellation_parser_fails_closed_above_limit (test_m1_025_transport_qualification.M1025TransportQualificationTests.test_cancellation_parser_fails_closed_above_limit) ... ok
test_cancellation_parser_requires_both_complete_scenarios (test_m1_025_transport_qualification.M1025TransportQualificationTests.test_cancellation_parser_requires_both_complete_scenarios) ... ok
test_net05_validation_enforces_payloads_and_thresholds (test_m1_025_transport_qualification.M1025TransportQualificationTests.test_net05_validation_enforces_payloads_and_thresholds) ... ok
test_percentile_uses_nearest_rank (test_m1_025_transport_qualification.M1025TransportQualificationTests.test_percentile_uses_nearest_rank) ... ok
test_aggregate_timing_keeps_repetitions_and_range (test_m1_027_operation_context_profile.Tests.test_aggregate_timing_keeps_repetitions_and_range) ... ok
test_parse_profile_requires_one_expected_stage (test_m1_027_operation_context_profile.Tests.test_parse_profile_requires_one_expected_stage) ... ok
test_perf_output_parser_accepts_user_counters (test_m1_027_operation_context_profile.Tests.test_perf_output_parser_accepts_user_counters) ... ok
test_parser_counts_threads_concurrency_and_delay (test_m2_003_resolver_pool.M2003ResolverPoolGateTests.test_parser_counts_threads_concurrency_and_delay) ... ok
test_parser_requires_complete_native_calls (test_m2_003_resolver_pool.M2003ResolverPoolGateTests.test_parser_requires_complete_native_calls) ... ok
test_validation_rejects_missing_focused_cases (test_m2_003_resolver_pool.M2003ResolverPoolGateTests.test_validation_rejects_missing_focused_cases) ... ok
test_atomic_json_replaces_complete_document_without_temp_residue (test_m2_004_windows_resolver.M2004WindowsResolverGateTests.test_atomic_json_replaces_complete_document_without_temp_residue) ... ok
test_gate_injects_test_stub_only_into_its_workspace_manifest (test_m2_004_windows_resolver.M2004WindowsResolverGateTests.test_gate_injects_test_stub_only_into_its_workspace_manifest) ... ok
test_loaded_report_digest_cannot_follow_an_atomic_replacement (test_m2_004_windows_resolver.M2004WindowsResolverGateTests.test_loaded_report_digest_cannot_follow_an_atomic_replacement) ... ok
test_rejects_missing_test_only_link_stub_marker (test_m2_004_windows_resolver.M2004WindowsResolverGateTests.test_rejects_missing_test_only_link_stub_marker) ... ok
test_rejects_skipped_case_even_with_zero_exit (test_m2_004_windows_resolver.M2004WindowsResolverGateTests.test_rejects_skipped_case_even_with_zero_exit) ... ok
test_rejects_timeout_and_missing_fixture_binding (test_m2_004_windows_resolver.M2004WindowsResolverGateTests.test_rejects_timeout_and_missing_fixture_binding) ... ok
test_rejects_unknown_schema_stale_revision_and_wrong_platform (test_m2_004_windows_resolver.M2004WindowsResolverGateTests.test_rejects_unknown_schema_stale_revision_and_wrong_platform) ... ok
test_stored_validation_must_match_the_validated_report (test_m2_004_windows_resolver.M2004WindowsResolverGateTests.test_stored_validation_must_match_the_validated_report) ... ok
test_target_native_libraries_propagate_to_path_consumers (test_m2_004_windows_resolver.M2004WindowsResolverGateTests.test_target_native_libraries_propagate_to_path_consumers) ... ok
test_test_stub_binding_accepts_windows_as_last_target (test_m2_004_windows_resolver.M2004WindowsResolverGateTests.test_test_stub_binding_accepts_windows_as_last_target) ... ok
test_valid_report_passes (test_m2_004_windows_resolver.M2004WindowsResolverGateTests.test_valid_report_passes) ... ok
test_validation_payload_binds_the_exact_native_report (test_m2_004_windows_resolver.M2004WindowsResolverGateTests.test_validation_payload_binds_the_exact_native_report) ... ok
test_windows_native_source_preserves_distinct_results_and_native_errors (test_m2_004_windows_resolver.M2004WindowsResolverGateTests.test_windows_native_source_preserves_distinct_results_and_native_errors) ... ok
test_fixture_validation_rejects_missing_hosts (test_m2_005_system_resolver.M2005SystemResolverGateTests.test_fixture_validation_rejects_missing_hosts) ... ok
test_parser_allows_sequence_restart_in_another_process (test_m2_005_system_resolver.M2005SystemResolverGateTests.test_parser_allows_sequence_restart_in_another_process) ... ok
test_parser_requires_complete_calls (test_m2_005_system_resolver.M2005SystemResolverGateTests.test_parser_requires_complete_calls) ... ok
test_parser_retains_host_result_and_duration (test_m2_005_system_resolver.M2005SystemResolverGateTests.test_parser_retains_host_result_and_duration) ... ok
test_process_validation_rejects_skipped_gate_cases (test_m2_005_system_resolver.M2005SystemResolverGateTests.test_process_validation_rejects_skipped_gate_cases) ... ok
test_atomic_json_replaces_complete_document_without_temp_residue (test_m2_006_apple_resolver.M2006AppleResolverGateTests.test_atomic_json_replaces_complete_document_without_temp_residue) ... ok
test_atomic_links_and_bounded_cache (test_m2_006_apple_resolver.M2006AppleResolverGateTests.test_atomic_links_and_bounded_cache) ... ok
test_cancellation_waits_for_native_job_readiness (test_m2_006_apple_resolver.M2006AppleResolverGateTests.test_cancellation_waits_for_native_job_readiness) ... ok
test_gate_injects_test_stub_only_into_selected_workspace_target (test_m2_006_apple_resolver.M2006AppleResolverGateTests.test_gate_injects_test_stub_only_into_selected_workspace_target) ... ok
test_ios_launch_retry_is_limited_to_empty_timeout (test_m2_006_apple_resolver.M2006AppleResolverGateTests.test_ios_launch_retry_is_limited_to_empty_timeout) ... ok
test_ios_probe_accepts_cjc_equals_form_target_argument (test_m2_006_apple_resolver.M2006AppleResolverGateTests.test_ios_probe_accepts_cjc_equals_form_target_argument) ... ok
test_ios_runtime_libraries_use_only_the_simulator_sdk_directory (test_m2_006_apple_resolver.M2006AppleResolverGateTests.test_ios_runtime_libraries_use_only_the_simulator_sdk_directory) ... ok
test_ios_target_uses_builder_published_sysroot (test_m2_006_apple_resolver.M2006AppleResolverGateTests.test_ios_target_uses_builder_published_sysroot) ... ok
test_ios_uses_single_process_app_launch_and_fixed_deployment_target (test_m2_006_apple_resolver.M2006AppleResolverGateTests.test_ios_uses_single_process_app_launch_and_fixed_deployment_target) ... ok
test_rejects_cross_compile_only_and_missing_simulator_evidence (test_m2_006_apple_resolver.M2006AppleResolverGateTests.test_rejects_cross_compile_only_and_missing_simulator_evidence) ... ok
test_rejects_duplicate_case_names_and_unbound_probe_copy (test_m2_006_apple_resolver.M2006AppleResolverGateTests.test_rejects_duplicate_case_names_and_unbound_probe_copy) ... ok
test_rejects_incomplete_duplicate_or_failed_simulator_trace (test_m2_006_apple_resolver.M2006AppleResolverGateTests.test_rejects_incomplete_duplicate_or_failed_simulator_trace) ... ok
test_rejects_incomplete_or_changed_simulator_probe (test_m2_006_apple_resolver.M2006AppleResolverGateTests.test_rejects_incomplete_or_changed_simulator_probe) ... ok
test_rejects_skipped_timeout_and_fixture_not_bound (test_m2_006_apple_resolver.M2006AppleResolverGateTests.test_rejects_skipped_timeout_and_fixture_not_bound) ... ok
test_rejects_unknown_schema_stale_revision_and_wrong_platform (test_m2_006_apple_resolver.M2006AppleResolverGateTests.test_rejects_unknown_schema_stale_revision_and_wrong_platform) ... ok
test_retry_requires_empty_timeout_and_complete_recovery (test_m2_006_apple_resolver.M2006AppleResolverGateTests.test_retry_requires_empty_timeout_and_complete_recovery) ... ok
test_sdk_discovery_uses_the_configured_xcrun (test_m2_006_apple_resolver.M2006AppleResolverGateTests.test_sdk_discovery_uses_the_configured_xcrun) ... ok
test_target_native_libraries_propagate_to_path_consumers (test_m2_006_apple_resolver.M2006AppleResolverGateTests.test_target_native_libraries_propagate_to_path_consumers) ... ok
test_valid_native_ios_simulator_report_passes (test_m2_006_apple_resolver.M2006AppleResolverGateTests.test_valid_native_ios_simulator_report_passes) ... ok
test_valid_native_macos_report_passes (test_m2_006_apple_resolver.M2006AppleResolverGateTests.test_valid_native_macos_report_passes) ... ok
test_validation_payload_binds_the_exact_native_report (test_m2_006_apple_resolver.M2006AppleResolverGateTests.test_validation_payload_binds_the_exact_native_report) ... ok
test_parses_deadline_marker (test_m2_015_native_network.M2015NativeNetworkGateTest.test_parses_deadline_marker) ... ok
test_parses_success_marker (test_m2_015_native_network.M2015NativeNetworkGateTest.test_parses_success_marker) ... ok
test_rejects_missing_or_duplicate_result (test_m2_015_native_network.M2015NativeNetworkGateTest.test_rejects_missing_or_duplicate_result) ... ok
test_resource_trend_is_fail_closed_and_detects_growth (test_m2_015_native_network.M2015NativeNetworkGateTest.test_resource_trend_is_fail_closed_and_detects_growth) ... ok
test_campaign_manifest_is_not_in_generic_gate_runner_namespace (test_m7_023_linux_fuzz.M7023LinuxFuzzGateTest.test_campaign_manifest_is_not_in_generic_gate_runner_namespace) ... ok
test_classification_requires_one_exact_marker_and_threshold (test_m7_023_linux_fuzz.M7023LinuxFuzzGateTest.test_classification_requires_one_exact_marker_and_threshold) ... ok
test_crash_artifact_replays_only_checked_in_coordinates (test_m7_023_linux_fuzz.M7023LinuxFuzzGateTest.test_crash_artifact_replays_only_checked_in_coordinates) ... ok
test_manifest_covers_exact_prd_targets_and_verified_corpora (test_m7_023_linux_fuzz.M7023LinuxFuzzGateTest.test_manifest_covers_exact_prd_targets_and_verified_corpora) ... ok
test_nonzero_and_timeout_fail_even_with_a_pass_marker (test_m7_023_linux_fuzz.M7023LinuxFuzzGateTest.test_nonzero_and_timeout_fail_even_with_a_pass_marker) ... ok
test_o2_rewrite_requires_one_compile_option (test_m7_023_linux_fuzz.M7023LinuxFuzzGateTest.test_o2_rewrite_requires_one_compile_option) ... ok
test_path_escape_and_invalid_hex_fail_closed (test_m7_023_linux_fuzz.M7023LinuxFuzzGateTest.test_path_escape_and_invalid_hex_fail_closed) ... ok
test_campaign_manifest_is_not_in_generic_gate_runner_namespace (test_m7_024_linux_performance.M7024LinuxPerformanceGateTest.test_campaign_manifest_is_not_in_generic_gate_runner_namespace) ... ok
test_checked_in_baselines_pass_all_eight_domains (test_m7_024_linux_performance.M7024LinuxPerformanceGateTest.test_checked_in_baselines_pass_all_eight_domains) ... ok
test_domain_schema_error_and_atomic_failure_report_are_explicit (test_m7_024_linux_performance.M7024LinuxPerformanceGateTest.test_domain_schema_error_and_atomic_failure_report_are_explicit) ... ok
test_http2_source_drift_fails_domain (test_m7_024_linux_performance.M7024LinuxPerformanceGateTest.test_http2_source_drift_fails_domain) ... ok
test_manifest_inventory_and_digest_fail_closed (test_m7_024_linux_performance.M7024LinuxPerformanceGateTest.test_manifest_inventory_and_digest_fail_closed) ... ok
test_missing_workload_and_under_sampled_raw_tcp_fail (test_m7_024_linux_performance.M7024LinuxPerformanceGateTest.test_missing_workload_and_under_sampled_raw_tcp_fail) ... ok
test_path_escape_and_non_finite_json_fail_closed (test_m7_024_linux_performance.M7024LinuxPerformanceGateTest.test_path_escape_and_non_finite_json_fail_closed) ... ok
test_threshold_comparisons_accept_equality_and_reject_misses (test_m7_024_linux_performance.M7024LinuxPerformanceGateTest.test_threshold_comparisons_accept_equality_and_reject_misses) ... ok
test_toolchain_environment_mismatch_fails_domain (test_m7_024_linux_performance.M7024LinuxPerformanceGateTest.test_toolchain_environment_mismatch_fails_domain) ... ok
test_nearest_rank_percentile (test_net01_close_wakeup.Net01Tests.test_nearest_rank_percentile) ... ok
test_operation_must_be_blocked (test_net01_close_wakeup.Net01Tests.test_operation_must_be_blocked) ... ok
test_parse_exactly_one_result (test_net01_close_wakeup.Net01Tests.test_parse_exactly_one_result) ... ok
test_sources_use_public_api_only (test_net01_close_wakeup.Net01Tests.test_sources_use_public_api_only) ... ok
test_threshold_fails_closed (test_net01_close_wakeup.Net01Tests.test_threshold_fails_closed) ... ok
test_valid_close_terminal_passes (test_net01_close_wakeup.Net01Tests.test_valid_close_terminal_passes) ... ok
test_write_progress_means_not_blocked (test_net01_close_wakeup.Net01Tests.test_write_progress_means_not_blocked) ... ok
test_wrong_terminal_and_timeout_fail (test_net01_close_wakeup.Net01Tests.test_wrong_terminal_and_timeout_fail) ... ok
test_close_race_requires_both_waiters_after_close (test_net02_full_duplex_races.Net02Tests.test_close_race_requires_both_waiters_after_close) ... ok
test_full_duplex_requires_exact_bytes_and_patterns (test_net02_full_duplex_races.Net02Tests.test_full_duplex_requires_exact_bytes_and_patterns) ... ok
test_parse_and_percentile (test_net02_full_duplex_races.Net02Tests.test_parse_and_percentile) ... ok
test_process_timeout_is_bounded (test_net02_full_duplex_races.Net02Tests.test_process_timeout_is_bounded) ... ok
test_same_direction_evidence_is_observation_not_contract (test_net02_full_duplex_races.Net02Tests.test_same_direction_evidence_is_observation_not_contract) ... ok
test_sources_use_only_public_std_net (test_net02_full_duplex_races.Net02Tests.test_sources_use_only_public_std_net) ... ok
test_classify_accepts_absolute_budget_with_small_overshoot (test_net03_absolute_deadline.Net03AbsoluteDeadlineTests.test_classify_accepts_absolute_budget_with_small_overshoot) ... ok
test_classify_rejects_early_terminal (test_net03_absolute_deadline.Net03AbsoluteDeadlineTests.test_classify_rejects_early_terminal) ... ok
test_classify_rejects_excessive_overshoot (test_net03_absolute_deadline.Net03AbsoluteDeadlineTests.test_classify_rejects_excessive_overshoot) ... ok
test_parse_budgets (test_net03_absolute_deadline.Net03AbsoluteDeadlineTests.test_parse_budgets) ... ok
test_parse_result_requires_one_marker (test_net03_absolute_deadline.Net03AbsoluteDeadlineTests.test_parse_result_requires_one_marker) ... ok
test_partial_write_requires_stable_progress_window (test_net03_absolute_deadline.Net03AbsoluteDeadlineTests.test_partial_write_requires_stable_progress_window) ... ok
test_fin (test_net04_terminal_evidence.Tests.test_fin) ... ok
test_local_eof_ambiguous (test_net04_terminal_evidence.Tests.test_local_eof_ambiguous) ... ok
test_local_exception_distinct (test_net04_terminal_evidence.Tests.test_local_exception_distinct) ... ok
test_local_first_eof_ambiguous (test_net04_terminal_evidence.Tests.test_local_first_eof_ambiguous) ... ok
test_ordered_races (test_net04_terminal_evidence.Tests.test_ordered_races) ... ok
test_parse_exactly_one (test_net04_terminal_evidence.Tests.test_parse_exactly_one) ... ok
test_rst (test_net04_terminal_evidence.Tests.test_rst) ... ok
test_schedule_covers_orders (test_net04_terminal_evidence.Tests.test_schedule_covers_orders) ... ok
test_adapter_sample_requires_zero_staging_copies (test_net05_large_buffer_profile.Tests.test_adapter_sample_requires_zero_staging_copies) ... ok
test_classify_exact_sample (test_net05_large_buffer_profile.Tests.test_classify_exact_sample) ... ok
test_classify_rejects_byte_mismatch (test_net05_large_buffer_profile.Tests.test_classify_rejects_byte_mismatch) ... ok
test_comparison_applies_both_prd_thresholds (test_net05_large_buffer_profile.Tests.test_comparison_applies_both_prd_thresholds) ... ok
test_comparison_uses_one_unittest_binary_shape (test_net05_large_buffer_profile.Tests.test_comparison_uses_one_unittest_binary_shape) ... ok
test_fixed_4k_cap (test_net05_large_buffer_profile.Tests.test_fixed_4k_cap) ... ok
test_gate_covers_every_prd_payload (test_net05_large_buffer_profile.Tests.test_gate_covers_every_prd_payload) ... ok
test_parse_output (test_net05_large_buffer_profile.Tests.test_parse_output) ... ok
test_parse_rejects_missing_result (test_net05_large_buffer_profile.Tests.test_parse_rejects_missing_result) ... ok
test_parses_native_instrumentation (test_net05_large_buffer_profile.Tests.test_parses_native_instrumentation) ... ok
test_percentile_nearest_rank (test_net05_large_buffer_profile.Tests.test_percentile_nearest_rank) ... ok
test_small_payload_is_not_classified_as_a_fixed_4k_cap (test_net05_large_buffer_profile.Tests.test_small_payload_is_not_classified_as_a_fixed_4k_cap) ... ok
test_zero_byte_sample_needs_no_read_and_aggregates_empty_read_sizes (test_net05_large_buffer_profile.Tests.test_zero_byte_sample_needs_no_read_and_aggregates_empty_read_sizes) ... ok
test_connect_close_classification (test_net06_leak_soak.Tests.test_connect_close_classification) ... ok
test_echo_requires_exact_totals (test_net06_leak_soak.Tests.test_echo_requires_exact_totals) ... ok
test_full_linux_profile_uses_required_counts (test_net06_leak_soak.Tests.test_full_linux_profile_uses_required_counts) ... ok
test_parse_rejects_missing_result (test_net06_leak_soak.Tests.test_parse_rejects_missing_result) ... ok
test_parse_result (test_net06_leak_soak.Tests.test_parse_result) ... ok
test_reset_requires_one_socket_exception_per_iteration (test_net06_leak_soak.Tests.test_reset_requires_one_socket_exception_per_iteration) ... ok
test_resource_aggregate (test_net06_leak_soak.Tests.test_resource_aggregate) ... ok
test_resource_trend_excludes_warmup_and_accepts_bounded_plateau (test_net06_leak_soak.Tests.test_resource_trend_excludes_warmup_and_accepts_bounded_plateau) ... ok
test_resource_trend_is_inconclusive_without_enough_samples (test_net06_leak_soak.Tests.test_resource_trend_is_inconclusive_without_enough_samples) ... ok
test_resource_trend_rejects_sustained_rss_or_fd_growth (test_net06_leak_soak.Tests.test_resource_trend_rejects_sustained_rss_or_fd_growth) ... ok
test_scenario_parser (test_net06_leak_soak.Tests.test_scenario_parser) ... ok
test_tls_cleanup_report_is_fail_closed (test_net06_leak_soak.Tests.test_tls_cleanup_report_is_fail_closed) ... ok
test_transport_cleanup_pass_consumes_serialized_scenario_records (test_net06_leak_soak.Tests.test_transport_cleanup_pass_consumes_serialized_scenario_records) ... ok
test_parses_exact_markers_and_heap_plateau (test_net06_production_cleanup.Tests.test_parses_exact_markers_and_heap_plateau) ... ok
test_process_tree_snapshot_has_resource_classes (test_net06_production_cleanup.Tests.test_process_tree_snapshot_has_resource_classes) ... ok
test_rejects_duplicate_marker (test_net06_production_cleanup.Tests.test_rejects_duplicate_marker) ... ok
test_resource_summary_checks_lifecycle_plateau (test_net06_production_cleanup.Tests.test_resource_summary_checks_lifecycle_plateau) ... ok
test_reused_evidence_fails_closed (test_net06_production_cleanup.Tests.test_reused_evidence_fails_closed) ... ok
test_parse_completed_cycles (test_net06_tls_failure_cleanup.Tests.test_parse_completed_cycles) ... ok
test_parse_rejects_missing_or_duplicate_metric (test_net06_tls_failure_cleanup.Tests.test_parse_rejects_missing_or_duplicate_metric) ... ok
test_heap_trend_excludes_warmup_and_fails_growth (test_sse_streaming_profile.Tests.test_heap_trend_excludes_warmup_and_fails_growth) ... ok
test_parse_output_requires_one_protocol_result (test_sse_streaming_profile.Tests.test_parse_output_requires_one_protocol_result) ... ok
test_resource_trend_checks_every_resource_class (test_sse_streaming_profile.Tests.test_resource_trend_checks_every_resource_class) ... ok
test_short_runs_cannot_be_formal (test_sse_streaming_profile.Tests.test_short_runs_cannot_be_formal) ... ok

----------------------------------------------------------------------
Ran 178 tests in 3.600s

OK
test_baseline_threshold_is_ninety_percent (test_http1_benchmark.Http1BenchmarkTest.test_baseline_threshold_is_ninety_percent) ... ok
test_benchmark_snapshot_enables_o2_without_touching_source_manifest (test_http1_benchmark.Http1BenchmarkTest.test_benchmark_snapshot_enables_o2_without_touching_source_manifest) ... ok
test_descendant_totals_include_recursive_children (test_http1_benchmark.Http1BenchmarkTest.test_descendant_totals_include_recursive_children) ... ok
test_linear_memory_growth_fails (test_http1_benchmark.Http1BenchmarkTest.test_linear_memory_growth_fails) ... ok
test_missing_baseline_is_partial_not_pass (test_http1_benchmark.Http1BenchmarkTest.test_missing_baseline_is_partial_not_pass) ... ok
test_round_summary_rejects_inconsistent_checksums (test_http1_benchmark.Http1BenchmarkTest.test_round_summary_rejects_inconsistent_checksums) ... ok
test_round_summary_uses_median_duration (test_http1_benchmark.Http1BenchmarkTest.test_round_summary_uses_median_duration) ... ok
test_aggregate_combines_reversed_passes (test_http2_benchmark.Http2BenchmarkTest.test_aggregate_combines_reversed_passes) ... ok
test_classification_requires_bounds_and_connection_reduction (test_http2_benchmark.Http2BenchmarkTest.test_classification_requires_bounds_and_connection_reduction) ... ok
test_descendant_totals_include_recursive_children (test_http2_benchmark.Http2BenchmarkTest.test_descendant_totals_include_recursive_children) ... ok
test_nearest_rank_percentiles (test_http2_benchmark.Http2BenchmarkTest.test_nearest_rank_percentiles) ... ok
test_production_source_fingerprint_changes_with_source_bytes (test_http2_benchmark.Http2BenchmarkTest.test_production_source_fingerprint_changes_with_source_bytes) ... ok
test_blackhole_requires_two_connections (test_m2_016_dns_to_connected.M2016BenchmarkTest.test_blackhole_requires_two_connections) ... ok
test_duplicate_indexes_fail_closed (test_m2_016_dns_to_connected.M2016BenchmarkTest.test_duplicate_indexes_fail_closed) ... ok
test_loss_allows_delayed_second_attempt (test_m2_016_dns_to_connected.M2016BenchmarkTest.test_loss_allows_delayed_second_attempt) ... ok
test_nearest_rank (test_m2_016_dns_to_connected.M2016BenchmarkTest.test_nearest_rank) ... ok
test_o2_snapshot_does_not_touch_source_manifest (test_m2_016_dns_to_connected.M2016BenchmarkTest.test_o2_snapshot_does_not_touch_source_manifest) ... ok
test_parse_cancellation_sample (test_m2_016_dns_to_connected.M2016BenchmarkTest.test_parse_cancellation_sample) ... ok
test_parse_success_sample (test_m2_016_dns_to_connected.M2016BenchmarkTest.test_parse_success_sample) ... ok
test_classification_enforces_every_threshold (test_m3_028_tls.M3028TlsGateTest.test_classification_enforces_every_threshold) ... ok
test_nearest_rank_is_not_interpolated (test_m3_028_tls.M3028TlsGateTest.test_nearest_rank_is_not_interpolated) ... ok
test_o2_snapshot_rewrite_is_exact (test_m3_028_tls.M3028TlsGateTest.test_o2_snapshot_rewrite_is_exact) ... ok
test_parses_exact_wirestack_marker (test_m3_028_tls.M3028TlsGateTest.test_parses_exact_wirestack_marker) ... ok
test_rejects_duplicate_or_wrong_marker (test_m3_028_tls.M3028TlsGateTest.test_rejects_duplicate_or_wrong_marker) ... ok

----------------------------------------------------------------------
Ran 24 tests in 0.004s

OK
[33mwarning[0m: unused function:'waitUntilWriteActive'
   [36m==>[0m /tmp/wirestack-m8-001-clean-publication-2rvq39zo/src/internal/transport_stdnet/package.cj:516:5:
    [36m| [0m
[36m516[0m [36m| [0m      internal func waitUntilWriteActive(timeout: Duration): Bool {[0m
    [36m| [0m [33m_[0m[33m____^[0m
[36m517[0m [36m| [0m[33m|[0m         let expiresAt = MonoTime.now() + timeout[0m
    [36m| [0m[33m|[0m ...[0m
[36m529[0m [36m| [0m[33m|[0m     }[0m
    [36m| [0m[33m|[0m[33m_[0m[33m____^ unused function[0m
    [36m| [0m
    [36m#[0m [0mnote[0m: this warning can be suppressed by setting the compiler option `-Woff unused`

[33mwarning[0m: unused function:'waitUntilAcceptActive'
   [36m==>[0m /tmp/wirestack-m8-001-clean-publication-2rvq39zo/src/internal/transport_stdnet/package.cj:817:5:
    [36m| [0m
[36m817[0m [36m| [0m      func waitUntilAcceptActive(timeout: Duration): Bool {[0m
    [36m| [0m [33m_[0m[33m____^[0m
[36m818[0m [36m| [0m[33m|[0m         let expiresAt = MonoTime.now() + timeout[0m
    [36m| [0m[33m|[0m ...[0m
[36m826[0m [36m| [0m[33m|[0m     }[0m
    [36m| [0m[33m|[0m[33m_[0m[33m____^ unused function[0m
    [36m| [0m
    [36m#[0m [0mnote[0m: this warning can be suppressed by setting the compiler option `-Woff unused`

2 warnings generated, 2 warnings printed.
[33mwarning[0m: unused function:'waitUntilWaiters'
   [36m==>[0m /tmp/wirestack-m8-001-clean-publication-2rvq39zo/src/internal/http1/connection_pool.cj:374:5:
    [36m| [0m
[36m374[0m [36m| [0m      internal func waitUntilWaiters(expected: Int64, timeout: Duration): Bool {[0m
    [36m| [0m [33m_[0m[33m____^[0m
[36m375[0m [36m| [0m[33m|[0m         let expiresAt = MonoTime.now() + timeout[0m
    [36m| [0m[33m|[0m ...[0m
[36m384[0m [36m| [0m[33m|[0m     }[0m
    [36m| [0m[33m|[0m[33m_[0m[33m____^ unused function[0m
    [36m| [0m
    [36m#[0m [0mnote[0m: this warning can be suppressed by setting the compiler option `-Woff unused`

1 warning generated, 1 warning printed.
[33mwarning[0m: unreachable block in 'if' expression
   [36m| [0m
   [36m| [0m  /* 6.10 */                if(e is AssertException) {[0m
   [36m| [0m [33m_[0m[33m___________________________________________________^[0m
   [36m| [0m[33m|[0m /* 6.11 */                    throw e[0m
   [36m| [0m[33m|[0m /* 6.12 */                }[0m
   [36m| [0m[33m|[0m[33m_[0m[33m__________________________^ unreachable block in 'if' expression[0m
   [36m| [0m
   [36m#[0m [0mnote[0m: this warning can be suppressed by setting the compiler option `-Woff unused`
[34mnote[0m: the code after the macro is expanded as follows
    [36m| [0m
    [36m| [0m  /* 6.1 */@Attribute[TEST_GENERATED] class PublicTlsFacadeTest <: TestClass {[0m
    [36m| [0m [34m_[0m[34m^[0m
    [36m| [0m[34m|[0m /* 6.2 */    @Attribute[TestCase_0][0m
    [36m| [0m[34m|[0m /* 6.3 */    func clientBuilderRejectsReversedVersionRangeBeforeTransportIo(): Unit {[0m
    [36m| [0m[34m|[0m /* 6.4 */        try {[0m
    [36m| [0m[34m|[0m /* 6.5 */            try {[0m
    [36m| [0m[34m|[0m /* 6.6 */                assertEqual("true", "true", true, true)[0m
    [36m| [0m[34m|[0m /* 6.7 */                TlsClientContext.builder().versions(TlsVersion.Tls13, TlsVersion.Tls12).build()[0m
    [36m| [0m[34m|[0m /* 6.8 */                fail("@AssertThrows: Expected 'TlsContextException' was not caught.")[0m
    [36m| [0m[34m|[0m /* 6.9 */            } catch(e: TlsContextException) {[0m
    [36m| [0m[34m|[0m /* 6.10 */                if(e is AssertException) {[0m
    [36m| [0m[34m|[0m /* 6.11 */                    throw e[0m
    [36m| [0m[34m|[0m /* 6.12 */                }[0m
    [36m| [0m[34m|[0m /* 6.13 */                if(e is AssertIntermediateException) {[0m
    [36m| [0m[34m|[0m /* 6.14 */                    throw e[0m
    [36m| [0m[34m|[0m /* 6.15 */                }[0m
    [36m| [0m[34m|[0m /* 6.16 */                if(e is UnittestTimeoutException) {[0m
    [36m| [0m[34m|[0m /* 6.17 */                    throw e[0m
    [36m| [0m[34m|[0m /* 6.18 */                }[0m
    [36m| [0m[34m|[0m /* 6.19 */                e[0m
    [36m| [0m[34m|[0m /* 6.20 */            }[0m
    [36m| [0m[34m|[0m /* 6.21 */        } catch(e: Exception) {[0m
    [36m| [0m[34m|[0m /* 6.22 */            if(e is AssertException || e is AssertIntermediateException || e is UnittestTimeoutException) {[0m
    [36m| [0m[34m|[0m /* 6.23 */                throw e[0m
    [36m| [0m[34m|[0m /* 6.24 */            }[0m
    [36m| [0m[34m|[0m /* 6.25 */            assertCaughtUnexpectedE("@AssertThrows(TlsContextException)", "TlsContextException", e.toString())[0m
    [36m| [0m[34m|[0m /* 6.26 */        }[0m
    [36m| [0m[34m|[0m /* 6.27 */    }[0m
    [36m| [0m[34m|[0m /* 6.28 */    [0m
    [36m| [0m[34m|[0m /* 6.29 */    @Attribute[TestCase_1][0m
    [36m| [0m[34m|[0m /* 6.30 */    func serverBuilderRequiresAnIdentityBeforeTransportIo(): Unit {[0m
    [36m| [0m[34m|[0m /* 6.31 */        try {[0m
    [36m| [0m[34m|[0m /* 6.32 */            try {[0m
    [36m| [0m[34m|[0m /* 6.33 */                assertEqual("true", "true", true, true)[0m
    [36m| [0m[34m|[0m /* 6.34 */                TlsServerContext.builder().build()[0m
    [36m| [0m[34m|[0m /* 6.35 */                fail("@AssertThrows: Expected 'TlsContextException' was not caught.")[0m
    [36m| [0m[34m|[0m /* 6.36 */            } catch(e: TlsContextException) {[0m
    [36m| [0m[34m|[0m /* 6.37 */                if(e is AssertException) {[0m
    [36m| [0m[34m|[0m /* 6.38 */                    throw e[0m
    [36m| [0m[34m|[0m /* 6.39 */                }[0m
    [36m| [0m[34m|[0m /* 6.40 */                if(e is AssertIntermediateException) {[0m
    [36m| [0m[34m|[0m /* 6.41 */                    throw e[0m
    [36m| [0m[34m|[0m /* 6.42 */                }[0m
    [36m| [0m[34m|[0m /* 6.43 */                if(e is UnittestTimeoutException) {[0m
    [36m| [0m[34m|[0m /* 6.44 */                    throw e[0m
    [36m| [0m[34m|[0m /* 6.45 */                }[0m
    [36m| [0m[34m|[0m /* 6.46 */                e[0m
    [36m| [0m[34m|[0m /* 6.47 */            }[0m
    [36m| [0m[34m|[0m /* 6.48 */        } catch(e: Exception) {[0m
    [36m| [0m[34m|[0m /* 6.49 */            if(e is AssertException || e is AssertIntermediateException || e is UnittestTimeoutException) {[0m
    [36m| [0m[34m|[0m /* 6.50 */                throw e[0m
    [36m| [0m[34m|[0m /* 6.51 */            }[0m
    [36m| [0m[34m|[0m /* 6.52 */            assertCaughtUnexpectedE("@AssertThrows(TlsContextException)", "TlsContextException", e.toString())[0m
    [36m| [0m[34m|[0m /* 6.53 */        }[0m
    [36m| [0m[34m|[0m /* 6.54 */    }[0m
    [36m| [0m[34m|[0m /* 6.55 */    [0m
    [36m| [0m[34m|[0m /* 6.56 */    @Attribute[TestCase_2][0m
    [36m| [0m[34m|[0m /* 6.57 */    func clientBuilderCopiesAlpnAndPublishesProviderNeutralCapabilities(): Unit {[0m
    [36m| [0m[34m|[0m /* 6.58 */        let protocols =["h2", "http/1.1"][0m
    [36m| [0m[34m|[0m /* 6.59 */        let context = TlsClientContext.builder().alpn(protocols).build()[0m
    [36m| [0m[34m|[0m /* 6.60 */        protocols[0] = "mutated"[0m
    [36m| [0m[34m|[0m /* 6.61 */        expectEqual("context.alpnProtocols()", "[\"h2\", \"http/1.1\"]", context.alpnProtocols(),["h2", "http/1.1"], isDelta: false)[0m
    [36m| [0m[34m|[0m /* 6.62 */        expectEqual("context.capabilities.supports(TlsCapability.Tls13)", "true", context.capabilities.supports(TlsCapability.Tls13), true, isDelta: false)[0m
    [36m| [0m[34m|[0m /* 6.63 */        expectEqual("context.capabilities.supports(TlsCapability.ServerMode)", "true", context.capabilities.supports(TlsCapability.ServerMode), true, isDelta: false)[0m
    [36m| [0m[34m|[0m /* 6.64 */    }[0m
    [36m| [0m[34m|[0m /* 6.65 */    [0m
    [36m| [0m[34m|[0m /* 6.66 */    @Attribute[TestCase_3][0m
    [36m| [0m[34m|[0m /* 6.67 */    func preCancelledHandshakeConsumesAndAbortsTheTransport(): Unit {[0m
    [36m| [0m[34m|[0m /* 6.68 */        let source = CancellationSource()[0m
    [36m| [0m[34m|[0m /* 6.69 */        source.cancel()[0m
    [36m| [0m[34m|[0m /* 6.70 */        let transport = CountingTransport()[0m
    [36m| [0m[34m|[0m /* 6.71 */        let context = OperationContext(cancellation: source.token)[0m
    [36m| [0m[34m|[0m /* 6.72 */        try {[0m
    [36m| [0m[34m|[0m /* 6.73 */            try {[0m
    [36m| [0m[34m|[0m /* 6.74 */                assertEqual("true", "true", true, true)[0m
    [36m| [0m[34m|[0m /* 6.75 */                TlsClientContext.builder().build().handshake(transport, HostName("example.com"), context: context)[0m
    [36m| [0m[34m|[0m /* 6.76 */                fail("@AssertThrows: Expected 'NetworkException' was not caught.")[0m
    [36m| [0m[34m|[0m /* 6.77 */            } catch(e: NetworkException) {[0m
    [36m| [0m[34m|[0m /* 6.78 */                if(e is AssertException) {[0m
    [36m| [0m[34m|[0m /* 6.79 */                    throw e[0m
    [36m| [0m[34m|[0m /* 6.80 */                }[0m
    [36m| [0m[34m|[0m /* 6.81 */                if(e is AssertIntermediateException) {[0m
    [36m| [0m[34m|[0m /* 6.82 */                    throw e[0m
    [36m| [0m[34m|[0m /* 6.83 */                }[0m
    [36m| [0m[34m|[0m /* 6.84 */                if(e is UnittestTimeoutException) {[0m
    [36m| [0m[34m|[0m /* 6.85 */                    throw e[0m
    [36m| [0m[34m|[0m /* 6.86 */                }[0m
    [36m| [0m[34m|[0m /* 6.87 */                e[0m
    [36m| [0m[34m|[0m /* 6.88 */            }[0m
    [36m| [0m[34m|[0m /* 6.89 */        } catch(e: Exception) {[0m
    [36m| [0m[34m|[0m /* 6.90 */            if(e is AssertException || e is AssertIntermediateException || e is UnittestTimeoutException) {[0m
    [36m| [0m[34m|[0m /* 6.91 */                throw e[0m
    [36m| [0m[34m|[0m /* 6.92 */            }[0m
    [36m| [0m[34m|[0m /* 6.93 */            assertCaughtUnexpectedE("@AssertThrows(NetworkException)", "NetworkException", e.toString())[0m
    [36m| [0m[34m|[0m /* 6.94 */        }[0m
    [36m| [0m[34m|[0m /* 6.95 */        expectEqual("transport.abortCalls", "1", transport.abortCalls, 1, isDelta: false)[0m
    [36m| [0m[34m|[0m /* 6.96 */        expectEqual("transport.closeCalls", "0", transport.closeCalls, 0, isDelta: false)[0m
    [36m| [0m[34m|[0m /* 6.97 */    }[0m
    [36m| [0m[34m|[0m /* 6.98 */    [0m
    [36m| [0m[34m|[0m /* 6.99 */    init() {[0m
    [36m| [0m[34m|[0m /* 6.100 */    }[0m
    [36m| [0m[34m|[0m /* 6.101 */    private func classConfiguration(): Configuration {[0m
    [36m| [0m[34m|[0m /* 6.102 */        let configuration = Configuration()[0m
    [36m| [0m[34m|[0m /* 6.103 */        [0m
    [36m| [0m[34m|[0m /* 6.104 */        return configuration[0m
    [36m| [0m[34m|[0m /* 6.105 */    }[0m
    [36m| [0m[34m|[0m /* 6.106 */    public override func asTestSuite(): TestSuite {[0m
    [36m| [0m[34m|[0m /* 6.107 */        [0m
    [36m| [0m[34m|[0m /* 6.108 */        let suiteConfiguration = classConfiguration()[0m
    [36m| [0m[34m|[0m /* 6.109 */        let suiteBuilder = TestSuite.builder("PublicTlsFacadeTest").configure(suiteConfiguration)[0m
    [36m| [0m[34m|[0m /* 6.110 */        [0m
    [36m| [0m[34m|[0m /* 6.111 */        { => let caseConfig = Configuration()[0m
    [36m| [0m[34m|[0m /* 6.112 */            [0m
    [36m| [0m[34m|[0m /* 6.113 */            let clientBuilderRejectsReversedVersionRangeBeforeTransportIoTestFunc = { => clientBuilderRejectsReversedVersionRangeBeforeTransportIo();() }[0m
    [36m| [0m[34m|[0m /* 6.114 */            suiteBuilder.add([0m
    [36m| [0m[34m|[0m /* 6.115 */            UnitTestCase.create([0m
    [36m| [0m[34m|[0m /* 6.116 */            "clientBuilderRejectsReversedVersionRangeBeforeTransportIo",[0m
    [36m| [0m[34m|[0m /* 6.117 */            configuration: caseConfig,[0m
    [36m| [0m[34m|[0m /* 6.118 */            body: clientBuilderRejectsReversedVersionRangeBeforeTransportIoTestFunc[0m
    [36m| [0m[34m|[0m /* 6.119 */            )[0m
    [36m| [0m[34m|[0m /* 6.120 */            )[0m
    [36m| [0m[34m|[0m /* 6.121 */            [0m
    [36m| [0m[34m|[0m /* 6.122 */        }()[0m
    [36m| [0m[34m|[0m /* 6.123 */        [0m
    [36m| [0m[34m|[0m /* 6.124 */        [0m
    [36m| [0m[34m|[0m /* 6.125 */        { => let caseConfig = Configuration()[0m
    [36m| [0m[34m|[0m /* 6.126 */            [0m
    [36m| [0m[34m|[0m /* 6.127 */            let serverBuilderRequiresAnIdentityBeforeTransportIoTestFunc = { => serverBuilderRequiresAnIdentityBeforeTransportIo();() }[0m
    [36m| [0m[34m|[0m /* 6.128 */            suiteBuilder.add([0m
    [36m| [0m[34m|[0m /* 6.129 */            UnitTestCase.create([0m
    [36m| [0m[34m|[0m /* 6.130 */            "serverBuilderRequiresAnIdentityBeforeTransportIo",[0m
    [36m| [0m[34m|[0m /* 6.131 */            configuration: caseConfig,[0m
    [36m| [0m[34m|[0m /* 6.132 */            body: serverBuilderRequiresAnIdentityBeforeTransportIoTestFunc[0m
    [36m| [0m[34m|[0m /* 6.133 */            )[0m
    [36m| [0m[34m|[0m /* 6.134 */            )[0m
    [36m| [0m[34m|[0m /* 6.135 */            [0m
    [36m| [0m[34m|[0m /* 6.136 */        }()[0m
    [36m| [0m[34m|[0m /* 6.137 */        [0m
    [36m| [0m[34m|[0m /* 6.138 */        [0m
    [36m| [0m[34m|[0m /* 6.139 */        { => let caseConfig = Configuration()[0m
    [36m| [0m[34m|[0m /* 6.140 */            [0m
    [36m| [0m[34m|[0m /* 6.141 */            let clientBuilderCopiesAlpnAndPublishesProviderNeutralCapabilitiesTestFunc = { => clientBuilderCopiesAlpnAndPublishesProviderNeutralCapabilities();() }[0m
    [36m| [0m[34m|[0m /* 6.142 */            suiteBuilder.add([0m
    [36m| [0m[34m|[0m /* 6.143 */            UnitTestCase.create([0m
    [36m| [0m[34m|[0m /* 6.144 */            "clientBuilderCopiesAlpnAndPublishesProviderNeutralCapabilities",[0m
    [36m| [0m[34m|[0m /* 6.145 */            configuration: caseConfig,[0m
    [36m| [0m[34m|[0m /* 6.146 */            body: clientBuilderCopiesAlpnAndPublishesProviderNeutralCapabilitiesTestFunc[0m
    [36m| [0m[34m|[0m /* 6.147 */            )[0m
    [36m| [0m[34m|[0m /* 6.148 */            )[0m
    [36m| [0m[34m|[0m /* 6.149 */            [0m
    [36m| [0m[34m|[0m /* 6.150 */        }()[0m
    [36m| [0m[34m|[0m /* 6.151 */        [0m
    [36m| [0m[34m|[0m /* 6.152 */        [0m
    [36m| [0m[34m|[0m /* 6.153 */        { => let caseConfig = Configuration()[0m
    [36m| [0m[34m|[0m /* 6.154 */            [0m
    [36m| [0m[34m|[0m /* 6.155 */            let preCancelledHandshakeConsumesAndAbortsTheTransportTestFunc = { => preCancelledHandshakeConsumesAndAbortsTheTransport();() }[0m
    [36m| [0m[34m|[0m /* 6.156 */            suiteBuilder.add([0m
    [36m| [0m[34m|[0m /* 6.157 */            UnitTestCase.create([0m
    [36m| [0m[34m|[0m /* 6.158 */            "preCancelledHandshakeConsumesAndAbortsTheTransport",[0m
    [36m| [0m[34m|[0m /* 6.159 */            configuration: caseConfig,[0m
    [36m| [0m[34m|[0m /* 6.160 */            body: preCancelledHandshakeConsumesAndAbortsTheTransportTestFunc[0m
    [36m| [0m[34m|[0m /* 6.161 */            )[0m
    [36m| [0m[34m|[0m /* 6.162 */            )[0m
    [36m| [0m[34m|[0m /* 6.163 */            [0m
    [36m| [0m[34m|[0m /* 6.164 */        }()[0m
    [36m| [0m[34m|[0m /* 6.165 */        [0m
    [36m| [0m[34m|[0m /* 6.166 */        return suiteBuilder.build()[0m
    [36m| [0m[34m|[0m /* 6.167 */    }[0m
    [36m| [0m[34m|[0m /* 6.168 */    private func inheritedFromClassAnnotatedByTestTemplate < T >(): TestSuite where T <: TestClass {[0m
    [36m| [0m[34m|[0m /* 6.169 */        throw Exception("Unreachable code")[0m
    [36m| [0m[34m|[0m /* 6.170 */    }[0m
    [36m| [0m[34m|[0m /* 6.171 */}[0m
    [36m| [0m[34m|[0m /* 6.172 */[0m
    [36m| [0m[34m|[0m /* 6.173 */[0m
    [36m| [0m[34m|[0m /* 6.174 */interface TestPackageExtension_PublicTlsFacadeTest {[0m
    [36m| [0m[34m|[0m /* 6.175 */    func registerPublicTlsFacadeTest(): Unit[0m
    [36m| [0m[34m|[0m /* 6.176 */}[0m
    [36m| [0m[34m|[0m /* 6.177 */extend TestPackage <: TestPackageExtension_PublicTlsFacadeTest {[0m
    [36m| [0m[34m|[0m /* 6.178 */    @Attribute[TEST_REGISTER][0m
    [36m| [0m[34m|[0m /* 6.179 */    public func registerPublicTlsFacadeTest() {[0m
    [36m| [0m[34m|[0m /* 6.180 */        registerSuite({ => PublicTlsFacadeTest().asTestSuite() })[0m
    [36m| [0m[34m|[0m /* 6.181 */    }[0m
    [36m| [0m[34m|[0m /* 6.182 */}[0m
    [36m| [0m[34m|[0m /* 6.183 */[0m
    [36m| [0m[34m|[0m[34m_[0m[34m__________^[0m
    [36m| [0m
[34mnote[0m: the warning occurs after the macro is expanded
  [36m==>[0m /tmp/wirestack-m8-001-clean-publication-2rvq39zo/src/tls/facade_test.cj:6:1:
   [36m| [0m
[36m6[0m  [36m| [0m  @Test[0m
   [36m| [0m [34m_[0m[34m^[0m
[36m7[0m  [36m| [0m[34m|[0m class PublicTlsFacadeTest {[0m
   [36m| [0m[34m|[0m ...[0m
[36m48[0m [36m| [0m[34m|[0m }[0m
   [36m| [0m[34m|[0m[34m_[0m[34m^[0m
   [36m| [0m

[33mwarning[0m: unreachable block in 'if' expression
   [36m| [0m
   [36m| [0m  /* 6.13 */                if(e is AssertIntermediateException) {[0m
   [36m| [0m [33m_[0m[33m_______________________________________________________________^[0m
   [36m| [0m[33m|[0m /* 6.14 */                    throw e[0m
   [36m| [0m[33m|[0m /* 6.15 */                }[0m
   [36m| [0m[33m|[0m[33m_[0m[33m__________________________^ unreachable block in 'if' expression[0m
   [36m| [0m
   [36m#[0m [0mnote[0m: this warning can be suppressed by setting the compiler option `-Woff unused`
[34mnote[0m: the warning occurs after the macro is expanded
  [36m==>[0m /tmp/wirestack-m8-001-clean-publication-2rvq39zo/src/tls/facade_test.cj:6:1:
   [36m| [0m
[36m6[0m  [36m| [0m  @Test[0m
   [36m| [0m [34m_[0m[34m^[0m
[36m7[0m  [36m| [0m[34m|[0m class PublicTlsFacadeTest {[0m
   [36m| [0m[34m|[0m ...[0m
[36m48[0m [36m| [0m[34m|[0m }[0m
   [36m| [0m[34m|[0m[34m_[0m[34m^[0m
   [36m| [0m

[33mwarning[0m: unreachable block in 'if' expression
   [36m| [0m
   [36m| [0m  /* 6.16 */                if(e is UnittestTimeoutException) {[0m
   [36m| [0m [33m_[0m[33m____________________________________________________________^[0m
   [36m| [0m[33m|[0m /* 6.17 */                    throw e[0m
   [36m| [0m[33m|[0m /* 6.18 */                }[0m
   [36m| [0m[33m|[0m[33m_[0m[33m__________________________^ unreachable block in 'if' expression[0m
   [36m| [0m
   [36m#[0m [0mnote[0m: this warning can be suppressed by setting the compiler option `-Woff unused`
[34mnote[0m: the warning occurs after the macro is expanded
  [36m==>[0m /tmp/wirestack-m8-001-clean-publication-2rvq39zo/src/tls/facade_test.cj:6:1:
   [36m| [0m
[36m6[0m  [36m| [0m  @Test[0m
   [36m| [0m [34m_[0m[34m^[0m
[36m7[0m  [36m| [0m[34m|[0m class PublicTlsFacadeTest {[0m
   [36m| [0m[34m|[0m ...[0m
[36m48[0m [36m| [0m[34m|[0m }[0m
   [36m| [0m[34m|[0m[34m_[0m[34m^[0m
   [36m| [0m

[33mwarning[0m: unreachable block in 'if' expression
   [36m| [0m
   [36m| [0m  /* 6.37 */                if(e is AssertException) {[0m
   [36m| [0m [33m_[0m[33m___________________________________________________^[0m
   [36m| [0m[33m|[0m /* 6.38 */                    throw e[0m
   [36m| [0m[33m|[0m /* 6.39 */                }[0m
   [36m| [0m[33m|[0m[33m_[0m[33m__________________________^ unreachable block in 'if' expression[0m
   [36m| [0m
   [36m#[0m [0mnote[0m: this warning can be suppressed by setting the compiler option `-Woff unused`
[34mnote[0m: the warning occurs after the macro is expanded
  [36m==>[0m /tmp/wirestack-m8-001-clean-publication-2rvq39zo/src/tls/facade_test.cj:6:1:
   [36m| [0m
[36m6[0m  [36m| [0m  @Test[0m
   [36m| [0m [34m_[0m[34m^[0m
[36m7[0m  [36m| [0m[34m|[0m class PublicTlsFacadeTest {[0m
   [36m| [0m[34m|[0m ...[0m
[36m48[0m [36m| [0m[34m|[0m }[0m
   [36m| [0m[34m|[0m[34m_[0m[34m^[0m
   [36m| [0m

[33mwarning[0m: unreachable block in 'if' expression
   [36m| [0m
   [36m| [0m  /* 6.40 */                if(e is AssertIntermediateException) {[0m
   [36m| [0m [33m_[0m[33m_______________________________________________________________^[0m
   [36m| [0m[33m|[0m /* 6.41 */                    throw e[0m
   [36m| [0m[33m|[0m /* 6.42 */                }[0m
   [36m| [0m[33m|[0m[33m_[0m[33m__________________________^ unreachable block in 'if' expression[0m
   [36m| [0m
   [36m#[0m [0mnote[0m: this warning can be suppressed by setting the compiler option `-Woff unused`
[34mnote[0m: the warning occurs after the macro is expanded
  [36m==>[0m /tmp/wirestack-m8-001-clean-publication-2rvq39zo/src/tls/facade_test.cj:6:1:
   [36m| [0m
[36m6[0m  [36m| [0m  @Test[0m
   [36m| [0m [34m_[0m[34m^[0m
[36m7[0m  [36m| [0m[34m|[0m class PublicTlsFacadeTest {[0m
   [36m| [0m[34m|[0m ...[0m
[36m48[0m [36m| [0m[34m|[0m }[0m
   [36m| [0m[34m|[0m[34m_[0m[34m^[0m
   [36m| [0m

[33mwarning[0m: unreachable block in 'if' expression
   [36m| [0m
   [36m| [0m  /* 6.43 */                if(e is UnittestTimeoutException) {[0m
   [36m| [0m [33m_[0m[33m____________________________________________________________^[0m
   [36m| [0m[33m|[0m /* 6.44 */                    throw e[0m
   [36m| [0m[33m|[0m /* 6.45 */                }[0m
   [36m| [0m[33m|[0m[33m_[0m[33m__________________________^ unreachable block in 'if' expression[0m
   [36m| [0m
   [36m#[0m [0mnote[0m: this warning can be suppressed by setting the compiler option `-Woff unused`
[34mnote[0m: the warning occurs after the macro is expanded
  [36m==>[0m /tmp/wirestack-m8-001-clean-publication-2rvq39zo/src/tls/facade_test.cj:6:1:
   [36m| [0m
[36m6[0m  [36m| [0m  @Test[0m
   [36m| [0m [34m_[0m[34m^[0m
[36m7[0m  [36m| [0m[34m|[0m class PublicTlsFacadeTest {[0m
   [36m| [0m[34m|[0m ...[0m
[36m48[0m [36m| [0m[34m|[0m }[0m
   [36m| [0m[34m|[0m[34m_[0m[34m^[0m
   [36m| [0m

6 warnings generated, 6 warnings printed.
[33mwarning[0m: unused expression
   [36m| [0m
   [36m| [0m/* 10.29 */                    None < TlsProviderException >[0m
   [36m| [0m                               [33m^^^^^^^^^^^^^^^^^^^^^^^^^^^^^ unused expression[0m
   [36m| [0m
   [36m#[0m [0mnote[0m: this warning can be suppressed by setting the compiler option `-Woff unused`
[34mnote[0m: the code after the macro is expanded as follows
    [36m| [0m
    [36m| [0m  /* 10.1 */@Attribute[TEST_GENERATED] class TlsProviderSubstitutionTest <: TestClass {[0m
    [36m| [0m [34m_[0m[34m^[0m
    [36m| [0m[34m|[0m /* 10.2 */    @Attribute[TestCase_62][0m
    [36m| [0m[34m|[0m /* 10.3 */    func testProviderUsesTheProductionFactoryContract(): Unit {[0m
    [36m| [0m[34m|[0m /* 10.4 */        let provider = TestTlsProviderFactory("test-one").create()[0m
    [36m| [0m[34m|[0m /* 10.5 */        try {[0m
    [36m| [0m[34m|[0m /* 10.6 */            expectEqual("provider.manifest().providerId", "\"wirestack-test\"", provider.manifest().providerId, "wirestack-test", isDelta: false)[0m
    [36m| [0m[34m|[0m /* 10.7 */            expectEqual("provider.manifest().fingerprint", "\"test-one\"", provider.manifest().fingerprint, "test-one", isDelta: false)[0m
    [36m| [0m[34m|[0m /* 10.8 */            expectEqual("provider.capabilities().supports(TlsCapability.Tls13)", "true", provider.capabilities().supports(TlsCapability.Tls13), true, isDelta: false)[0m
    [36m| [0m[34m|[0m /* 10.9 */            let context = TlsClientContext.builder(provider.manifest(), provider.capabilities()).trust(TrustPolicy.customRoots(CertificateChain([DerCertificate(tlsTestCertificateDer())]))).build()[0m
    [36m| [0m[34m|[0m /* 10.10 */            let engine = provider.createClientEngine(context, ReferenceIdentity.Dns(HostName("example.com")), serverName: None < HostName >)[0m
    [36m| [0m[34m|[0m /* 10.11 */            expectEqual("isComplete(engine.handshakeStep())", "true", isComplete(engine.handshakeStep()), true, isDelta: false)[0m
    [36m| [0m[34m|[0m /* 10.12 */            engine.close()[0m
    [36m| [0m[34m|[0m /* 10.13 */        } finally {[0m
    [36m| [0m[34m|[0m /* 10.14 */            provider.close()[0m
    [36m| [0m[34m|[0m /* 10.15 */        }[0m
    [36m| [0m[34m|[0m /* 10.16 */    }[0m
    [36m| [0m[34m|[0m /* 10.17 */    [0m
    [36m| [0m[34m|[0m /* 10.18 */    @Attribute[TestCase_63][0m
    [36m| [0m[34m|[0m /* 10.19 */    func objectsFromDifferentProviderInstancesCannotMix(): Unit {[0m
    [36m| [0m[34m|[0m /* 10.20 */        let first = TestTlsProvider("first")[0m
    [36m| [0m[34m|[0m /* 10.21 */        let second = TestTlsProvider("second")[0m
    [36m| [0m[34m|[0m /* 10.22 */        try {[0m
    [36m| [0m[34m|[0m /* 10.23 */            let context = TlsClientContext.builder(first.manifest(), first.capabilities()).trust(TrustPolicy.customRoots(CertificateChain([DerCertificate(tlsTestCertificateDer())]))).build()[0m
    [36m| [0m[34m|[0m /* 10.24 */            try {[0m
    [36m| [0m[34m|[0m /* 10.25 */                try {[0m
    [36m| [0m[34m|[0m /* 10.26 */                    assertEqual("true", "true", true, true)[0m
    [36m| [0m[34m|[0m /* 10.27 */                    second.createClientEngine(context, ReferenceIdentity.Dns(HostName("example.com")), serverName: None < HostName >)[0m
    [36m| [0m[34m|[0m /* 10.28 */                    failExpect("@ExpectThrows: Expected 'TlsProviderException' was not caught.")[0m
    [36m| [0m[34m|[0m /* 10.29 */                    None < TlsProviderException >[0m
    [36m| [0m[34m|[0m /* 10.30 */                } catch(e: TlsProviderException) {[0m
    [36m| [0m[34m|[0m /* 10.31 */                    if(e is AssertException) {[0m
    [36m| [0m[34m|[0m /* 10.32 */                        throw e[0m
    [36m| [0m[34m|[0m /* 10.33 */                    }[0m
    [36m| [0m[34m|[0m /* 10.34 */                    if(e is AssertIntermediateException) {[0m
    [36m| [0m[34m|[0m /* 10.35 */                        throw e[0m
    [36m| [0m[34m|[0m /* 10.36 */                    }[0m
    [36m| [0m[34m|[0m /* 10.37 */                    if(e is UnittestTimeoutException) {[0m
    [36m| [0m[34m|[0m /* 10.38 */                        throw e[0m
    [36m| [0m[34m|[0m /* 10.39 */                    }[0m
    [36m| [0m[34m|[0m /* 10.40 */                    e[0m
    [36m| [0m[34m|[0m /* 10.41 */                }[0m
    [36m| [0m[34m|[0m /* 10.42 */            } catch(e: Exception) {[0m
    [36m| [0m[34m|[0m /* 10.43 */                if(e is AssertException || e is AssertIntermediateException || e is UnittestTimeoutException) {[0m
    [36m| [0m[34m|[0m /* 10.44 */                    throw e[0m
    [36m| [0m[34m|[0m /* 10.45 */                }[0m
    [36m| [0m[34m|[0m /* 10.46 */                expectCaughtUnexpectedE("@ExpectThrows(TlsProviderException)", "TlsProviderException", e.toString())[0m
    [36m| [0m[34m|[0m /* 10.47 */                None < TlsProviderException >[0m
    [36m| [0m[34m|[0m /* 10.48 */            }[0m
    [36m| [0m[34m|[0m /* 10.49 */        } finally {[0m
    [36m| [0m[34m|[0m /* 10.50 */            first.close()[0m
    [36m| [0m[34m|[0m /* 10.51 */            second.close()[0m
    [36m| [0m[34m|[0m /* 10.52 */        }[0m
    [36m| [0m[34m|[0m /* 10.53 */    }[0m
    [36m| [0m[34m|[0m /* 10.54 */    [0m
    [36m| [0m[34m|[0m /* 10.55 */    @Attribute[TestCase_64][0m
    [36m| [0m[34m|[0m /* 10.56 */    func activeEngineRetainsProviderUntilItCloses(): Unit {[0m
    [36m| [0m[34m|[0m /* 10.57 */        let provider = TestTlsProvider("lifetime")[0m
    [36m| [0m[34m|[0m /* 10.58 */        let engine = provider.createEngine(TlsEngineRole.Client, TlsSecurityPolicy.forProfile(TlsSecurityProfile.Modern))[0m
    [36m| [0m[34m|[0m /* 10.59 */        provider.close()[0m
    [36m| [0m[34m|[0m /* 10.60 */        expectEqual("provider.closeRequested()", "true", provider.closeRequested(), true, isDelta: false)[0m
    [36m| [0m[34m|[0m /* 10.61 */        expectEqual("! provider.resourcesReleased()", "true", ! provider.resourcesReleased(), true, isDelta: false)[0m
    [36m| [0m[34m|[0m /* 10.62 */        expectEqual("isComplete(engine.handshakeStep())", "true", isComplete(engine.handshakeStep()), true, isDelta: false)[0m
    [36m| [0m[34m|[0m /* 10.63 */        engine.close()[0m
    [36m| [0m[34m|[0m /* 10.64 */        expectEqual("provider.resourcesReleased()", "true", provider.resourcesReleased(), true, isDelta: false)[0m
    [36m| [0m[34m|[0m /* 10.65 */        engine.close()[0m
    [36m| [0m[34m|[0m /* 10.66 */        expectEqual("provider.resourcesReleased()", "true", provider.resourcesReleased(), true, isDelta: false)[0m
    [36m| [0m[34m|[0m /* 10.67 */    }[0m
    [36m| [0m[34m|[0m /* 10.68 */    [0m
    [36m| [0m[34m|[0m /* 10.69 */    init() {[0m
    [36m| [0m[34m|[0m /* 10.70 */    }[0m
    [36m| [0m[34m|[0m /* 10.71 */    private func classConfiguration(): Configuration {[0m
    [36m| [0m[34m|[0m /* 10.72 */        let configuration = Configuration()[0m
    [36m| [0m[34m|[0m /* 10.73 */        [0m
    [36m| [0m[34m|[0m /* 10.74 */        return configuration[0m
    [36m| [0m[34m|[0m /* 10.75 */    }[0m
    [36m| [0m[34m|[0m /* 10.76 */    public override func asTestSuite(): TestSuite {[0m
    [36m| [0m[34m|[0m /* 10.77 */        [0m
    [36m| [0m[34m|[0m /* 10.78 */        let suiteConfiguration = classConfiguration()[0m
    [36m| [0m[34m|[0m /* 10.79 */        let suiteBuilder = TestSuite.builder("TlsProviderSubstitutionTest").configure(suiteConfiguration)[0m
    [36m| [0m[34m|[0m /* 10.80 */        [0m
    [36m| [0m[34m|[0m /* 10.81 */        { => let caseConfig = Configuration()[0m
    [36m| [0m[34m|[0m /* 10.82 */            [0m
    [36m| [0m[34m|[0m /* 10.83 */            let testProviderUsesTheProductionFactoryContractTestFunc = { => testProviderUsesTheProductionFactoryContract();() }[0m
    [36m| [0m[34m|[0m /* 10.84 */            suiteBuilder.add([0m
    [36m| [0m[34m|[0m /* 10.85 */            UnitTestCase.create([0m
    [36m| [0m[34m|[0m /* 10.86 */            "testProviderUsesTheProductionFactoryContract",[0m
    [36m| [0m[34m|[0m /* 10.87 */            configuration: caseConfig,[0m
    [36m| [0m[34m|[0m /* 10.88 */            body: testProviderUsesTheProductionFactoryContractTestFunc[0m
    [36m| [0m[34m|[0m /* 10.89 */            )[0m
    [36m| [0m[34m|[0m /* 10.90 */            )[0m
    [36m| [0m[34m|[0m /* 10.91 */            [0m
    [36m| [0m[34m|[0m /* 10.92 */        }()[0m
    [36m| [0m[34m|[0m /* 10.93 */        [0m
    [36m| [0m[34m|[0m /* 10.94 */        [0m
    [36m| [0m[34m|[0m /* 10.95 */        { => let caseConfig = Configuration()[0m
    [36m| [0m[34m|[0m /* 10.96 */            [0m
    [36m| [0m[34m|[0m /* 10.97 */            let objectsFromDifferentProviderInstancesCannotMixTestFunc = { => objectsFromDifferentProviderInstancesCannotMix();() }[0m
    [36m| [0m[34m|[0m /* 10.98 */            suiteBuilder.add([0m
    [36m| [0m[34m|[0m /* 10.99 */            UnitTestCase.create([0m
    [36m| [0m[34m|[0m /* 10.100 */            "objectsFromDifferentProviderInstancesCannotMix",[0m
    [36m| [0m[34m|[0m /* 10.101 */            configuration: caseConfig,[0m
    [36m| [0m[34m|[0m /* 10.102 */            body: objectsFromDifferentProviderInstancesCannotMixTestFunc[0m
    [36m| [0m[34m|[0m /* 10.103 */            )[0m
    [36m| [0m[34m|[0m /* 10.104 */            )[0m
    [36m| [0m[34m|[0m /* 10.105 */            [0m
    [36m| [0m[34m|[0m /* 10.106 */        }()[0m
    [36m| [0m[34m|[0m /* 10.107 */        [0m
    [36m| [0m[34m|[0m /* 10.108 */        [0m
    [36m| [0m[34m|[0m /* 10.109 */        { => let caseConfig = Configuration()[0m
    [36m| [0m[34m|[0m /* 10.110 */            [0m
    [36m| [0m[34m|[0m /* 10.111 */            let activeEngineRetainsProviderUntilItClosesTestFunc = { => activeEngineRetainsProviderUntilItCloses();() }[0m
    [36m| [0m[34m|[0m /* 10.112 */            suiteBuilder.add([0m
    [36m| [0m[34m|[0m /* 10.113 */            UnitTestCase.create([0m
    [36m| [0m[34m|[0m /* 10.114 */            "activeEngineRetainsProviderUntilItCloses",[0m
    [36m| [0m[34m|[0m /* 10.115 */            configuration: caseConfig,[0m
    [36m| [0m[34m|[0m /* 10.116 */            body: activeEngineRetainsProviderUntilItClosesTestFunc[0m
    [36m| [0m[34m|[0m /* 10.117 */            )[0m
    [36m| [0m[34m|[0m /* 10.118 */            )[0m
    [36m| [0m[34m|[0m /* 10.119 */            [0m
    [36m| [0m[34m|[0m /* 10.120 */        }()[0m
    [36m| [0m[34m|[0m /* 10.121 */        [0m
    [36m| [0m[34m|[0m /* 10.122 */        return suiteBuilder.build()[0m
    [36m| [0m[34m|[0m /* 10.123 */    }[0m
    [36m| [0m[34m|[0m /* 10.124 */    private func inheritedFromClassAnnotatedByTestTemplate < T >(): TestSuite where T <: TestClass {[0m
    [36m| [0m[34m|[0m /* 10.125 */        throw Exception("Unreachable code")[0m
    [36m| [0m[34m|[0m /* 10.126 */    }[0m
    [36m| [0m[34m|[0m /* 10.127 */}[0m
    [36m| [0m[34m|[0m /* 10.128 */[0m
    [36m| [0m[34m|[0m /* 10.129 */[0m
    [36m| [0m[34m|[0m /* 10.130 */interface TestPackageExtension_TlsProviderSubstitutionTest {[0m
    [36m| [0m[34m|[0m /* 10.131 */    func registerTlsProviderSubstitutionTest(): Unit[0m
    [36m| [0m[34m|[0m /* 10.132 */}[0m
    [36m| [0m[34m|[0m /* 10.133 */extend TestPackage <: TestPackageExtension_TlsProviderSubstitutionTest {[0m
    [36m| [0m[34m|[0m /* 10.134 */    @Attribute[TEST_REGISTER][0m
    [36m| [0m[34m|[0m /* 10.135 */    public func registerTlsProviderSubstitutionTest() {[0m
    [36m| [0m[34m|[0m /* 10.136 */        registerSuite({ => TlsProviderSubstitutionTest().asTestSuite() })[0m
    [36m| [0m[34m|[0m /* 10.137 */    }[0m
    [36m| [0m[34m|[0m /* 10.138 */}[0m
    [36m| [0m[34m|[0m /* 10.139 */[0m
    [36m| [0m[34m|[0m[34m_[0m[34m___________^[0m
    [36m| [0m
[34mnote[0m: the warning occurs after the macro is expanded
  [36m==>[0m /tmp/wirestack-m8-001-clean-publication-2rvq39zo/src/internal/tls_engine/provider_test.cj:10:1:
   [36m| [0m
[36m10[0m [36m| [0m  @Test[0m
   [36m| [0m [34m_[0m[34m^[0m
[36m11[0m [36m| [0m[34m|[0m class TlsProviderSubstitutionTest {[0m
   [36m| [0m[34m|[0m ...[0m
[36m79[0m [36m| [0m[34m|[0m }[0m
   [36m| [0m[34m|[0m[34m_[0m[34m^[0m
   [36m| [0m

[33mwarning[0m: unreachable block in 'if' expression
   [36m| [0m
   [36m| [0m  /* 10.31 */                    if(e is AssertException) {[0m
   [36m| [0m [33m_[0m[33m________________________________________________________^[0m
   [36m| [0m[33m|[0m /* 10.32 */                        throw e[0m
   [36m| [0m[33m|[0m /* 10.33 */                    }[0m
   [36m| [0m[33m|[0m[33m_[0m[33m_______________________________^ unreachable block in 'if' expression[0m
   [36m| [0m
   [36m#[0m [0mnote[0m: this warning can be suppressed by setting the compiler option `-Woff unused`
[34mnote[0m: the warning occurs after the macro is expanded
  [36m==>[0m /tmp/wirestack-m8-001-clean-publication-2rvq39zo/src/internal/tls_engine/provider_test.cj:10:1:
   [36m| [0m
[36m10[0m [36m| [0m  @Test[0m
   [36m| [0m [34m_[0m[34m^[0m
[36m11[0m [36m| [0m[34m|[0m class TlsProviderSubstitutionTest {[0m
   [36m| [0m[34m|[0m ...[0m
[36m79[0m [36m| [0m[34m|[0m }[0m
   [36m| [0m[34m|[0m[34m_[0m[34m^[0m
   [36m| [0m

[33mwarning[0m: unreachable block in 'if' expression
   [36m| [0m
   [36m| [0m  /* 10.34 */                    if(e is AssertIntermediateException) {[0m
   [36m| [0m [33m_[0m[33m____________________________________________________________________^[0m
   [36m| [0m[33m|[0m /* 10.35 */                        throw e[0m
   [36m| [0m[33m|[0m /* 10.36 */                    }[0m
   [36m| [0m[33m|[0m[33m_[0m[33m_______________________________^ unreachable block in 'if' expression[0m
   [36m| [0m
   [36m#[0m [0mnote[0m: this warning can be suppressed by setting the compiler option `-Woff unused`
[34mnote[0m: the warning occurs after the macro is expanded
  [36m==>[0m /tmp/wirestack-m8-001-clean-publication-2rvq39zo/src/internal/tls_engine/provider_test.cj:10:1:
   [36m| [0m
[36m10[0m [36m| [0m  @Test[0m
   [36m| [0m [34m_[0m[34m^[0m
[36m11[0m [36m| [0m[34m|[0m class TlsProviderSubstitutionTest {[0m
   [36m| [0m[34m|[0m ...[0m
[36m79[0m [36m| [0m[34m|[0m }[0m
   [36m| [0m[34m|[0m[34m_[0m[34m^[0m
   [36m| [0m

[33mwarning[0m: unreachable block in 'if' expression
   [36m| [0m
   [36m| [0m  /* 10.37 */                    if(e is UnittestTimeoutException) {[0m
   [36m| [0m [33m_[0m[33m_________________________________________________________________^[0m
   [36m| [0m[33m|[0m /* 10.38 */                        throw e[0m
   [36m| [0m[33m|[0m /* 10.39 */                    }[0m
   [36m| [0m[33m|[0m[33m_[0m[33m_______________________________^ unreachable block in 'if' expression[0m
   [36m| [0m
   [36m#[0m [0mnote[0m: this warning can be suppressed by setting the compiler option `-Woff unused`
[34mnote[0m: the warning occurs after the macro is expanded
  [36m==>[0m /tmp/wirestack-m8-001-clean-publication-2rvq39zo/src/internal/tls_engine/provider_test.cj:10:1:
   [36m| [0m
[36m10[0m [36m| [0m  @Test[0m
   [36m| [0m [34m_[0m[34m^[0m
[36m11[0m [36m| [0m[34m|[0m class TlsProviderSubstitutionTest {[0m
   [36m| [0m[34m|[0m ...[0m
[36m79[0m [36m| [0m[34m|[0m }[0m
   [36m| [0m[34m|[0m[34m_[0m[34m^[0m
   [36m| [0m

[33mwarning[0m: unused expression
   [36m| [0m
   [36m| [0m/* 10.47 */                None < TlsProviderException >[0m
   [36m| [0m                           [33m^^^^^^^^^^^^^^^^^^^^^^^^^^^^^ unused expression[0m
   [36m| [0m
   [36m#[0m [0mnote[0m: this warning can be suppressed by setting the compiler option `-Woff unused`
[34mnote[0m: the warning occurs after the macro is expanded
  [36m==>[0m /tmp/wirestack-m8-001-clean-publication-2rvq39zo/src/internal/tls_engine/provider_test.cj:10:1:
   [36m| [0m
[36m10[0m [36m| [0m  @Test[0m
   [36m| [0m [34m_[0m[34m^[0m
[36m11[0m [36m| [0m[34m|[0m class TlsProviderSubstitutionTest {[0m
   [36m| [0m[34m|[0m ...[0m
[36m79[0m [36m| [0m[34m|[0m }[0m
   [36m| [0m[34m|[0m[34m_[0m[34m^[0m
   [36m| [0m

[33mwarning[0m: unused variable:'serverName'
   [36m==>[0m /tmp/wirestack-m8-001-clean-publication-2rvq39zo/src/internal/tls_engine/provider_test.cj:141:9:
    [36m| [0m
[36m141[0m [36m| [0m        serverName!: ?HostName[0m
    [36m| [0m        [33m^^^^^^^^^^ unused variable[0m
    [36m| [0m
    [36m#[0m [0mnote[0m: this warning can be suppressed by setting the compiler option `-Woff unused`

6 warnings generated, 6 warnings printed.
[33mwarning[0m: unused import 'wirestack.internal.http_model.*'
 [36m==>[0m /tmp/wirestack-m8-001-clean-publication-2rvq39zo/src/internal/http2/stream_reset_test.cj:7:1:
  [36m| [0m
[36m7[0m [36m| [0mimport wirestack.internal.http_model.*[0m
  [36m| [0m[33m^^^^^^^^^^^^^^^^^^^^^^^^^^^^^^^^^^^^^^ unused import[0m
  [36m| [0m
  [36m#[0m [0mnote[0m: this warning can be suppressed by setting the compiler option `-Woff unused`

1 warning generated, 1 warning printed.
