test_artifact_marker_rejects_unresolved_shell_variable_operand (test_architecture_guard.ArchitectureGuardTests.test_artifact_marker_rejects_unresolved_shell_variable_operand) ... ok
test_assigned_digest_callable_cannot_hide_text_path_domain (test_architecture_guard.ArchitectureGuardTests.test_assigned_digest_callable_cannot_hide_text_path_domain) ... ok
test_assigned_subprocess_and_os_system_commands_are_rejected (test_architecture_guard.ArchitectureGuardTests.test_assigned_subprocess_and_os_system_commands_are_rejected) ... ok
test_assigned_text_path_rejects_artifact_byte_digest (test_architecture_guard.ArchitectureGuardTests.test_assigned_text_path_rejects_artifact_byte_digest) ... ok
test_build_configuration_rejects_openssl_loader_and_tls_ffi (test_architecture_guard.ArchitectureGuardTests.test_build_configuration_rejects_openssl_loader_and_tls_ffi) ... ok
test_build_configuration_rejects_system_openssl (test_architecture_guard.ArchitectureGuardTests.test_build_configuration_rejects_system_openssl) ... ok
test_cksum_sha256_routes_are_rejected (test_architecture_guard.ArchitectureGuardTests.test_cksum_sha256_routes_are_rejected) ... ok
test_composite_action_digest_is_scanned (test_architecture_guard.ArchitectureGuardTests.test_composite_action_digest_is_scanned) ... ok
test_composite_folded_command_and_helper_are_scanned (test_architecture_guard.ArchitectureGuardTests.test_composite_folded_command_and_helper_are_scanned) ... ok
test_concrete_provider_is_rejected_from_generic_tls_and_http (test_architecture_guard.ArchitectureGuardTests.test_concrete_provider_is_rejected_from_generic_tls_and_http) ... ok
test_config_scan_covers_nested_build_files (test_architecture_guard.ArchitectureGuardTests.test_config_scan_covers_nested_build_files) ... ok
test_fully_qualified_std_net_type_in_public_api_is_rejected (test_architecture_guard.ArchitectureGuardTests.test_fully_qualified_std_net_type_in_public_api_is_rejected) ... ok
test_generated_and_build_directories_are_ignored (test_architecture_guard.ArchitectureGuardTests.test_generated_and_build_directories_are_ignored) ... ok
test_internal_names_in_comments_and_literals_do_not_trigger (test_architecture_guard.ArchitectureGuardTests.test_internal_names_in_comments_and_literals_do_not_trigger) ... ok
test_invalid_utf8_helper_fails_closed (test_architecture_guard.ArchitectureGuardTests.test_invalid_utf8_helper_fails_closed) ... ok
test_json_mode_has_stable_machine_readable_shape (test_architecture_guard.ArchitectureGuardTests.test_json_mode_has_stable_machine_readable_shape) ... ok
test_keyword_text_path_rejects_artifact_byte_digest (test_architecture_guard.ArchitectureGuardTests.test_keyword_text_path_rejects_artifact_byte_digest) ... ok
test_legacy_global_tls_provider_is_rejected (test_architecture_guard.ArchitectureGuardTests.test_legacy_global_tls_provider_is_rejected) ... ok
test_literal_log_path_is_text_evidence (test_architecture_guard.ArchitectureGuardTests.test_literal_log_path_is_text_evidence) ... ok
test_local_digest_wrapper_cannot_hide_text_path_domain (test_architecture_guard.ArchitectureGuardTests.test_local_digest_wrapper_cannot_hide_text_path_domain) ... ok
test_low_level_names_in_public_comments_and_literals_do_not_trigger (test_architecture_guard.ArchitectureGuardTests.test_low_level_names_in_public_comments_and_literals_do_not_trigger) ... ok
test_manifest_cannot_hide_folded_text_operand (test_architecture_guard.ArchitectureGuardTests.test_manifest_cannot_hide_folded_text_operand) ... ok
test_multiple_rules_on_one_config_line_are_all_reported (test_architecture_guard.ArchitectureGuardTests.test_multiple_rules_on_one_config_line_are_all_reported) ... ok
test_native_code_rejects_system_openssl_runtime_loader (test_architecture_guard.ArchitectureGuardTests.test_native_code_rejects_system_openssl_runtime_loader) ... ok
test_network_package_rejects_sdk_socket_types_but_allows_owned_raw_socket (test_architecture_guard.ArchitectureGuardTests.test_network_package_rejects_sdk_socket_types_but_allows_owned_raw_socket) ... ok
test_non_python_digest_requires_explicit_domain_marker (test_architecture_guard.ArchitectureGuardTests.test_non_python_digest_requires_explicit_domain_marker) ... ok
test_non_python_domain_manifest_matches_exact_command (test_architecture_guard.ArchitectureGuardTests.test_non_python_domain_manifest_matches_exact_command) ... ok
test_non_python_tool_digest_is_scanned (test_architecture_guard.ArchitectureGuardTests.test_non_python_tool_digest_is_scanned) ... ok
test_one_way_public_to_internal_dependency_is_allowed (test_architecture_guard.ArchitectureGuardTests.test_one_way_public_to_internal_dependency_is_allowed) ... ok
test_openssl_and_embedded_python_digest_commands_are_rejected (test_architecture_guard.ArchitectureGuardTests.test_openssl_and_embedded_python_digest_commands_are_rejected) ... ok
test_openssl_shortcut_and_license_operand_are_rejected (test_architecture_guard.ArchitectureGuardTests.test_openssl_shortcut_and_license_operand_are_rejected) ... ok
test_package_must_match_source_path (test_architecture_guard.ArchitectureGuardTests.test_package_must_match_source_path) ... ok
test_pinned_static_provider_archive_is_allowed (test_architecture_guard.ArchitectureGuardTests.test_pinned_static_provider_archive_is_allowed) ... ok
test_powershell_sha256_api_is_rejected (test_architecture_guard.ArchitectureGuardTests.test_powershell_sha256_api_is_rejected) ... ok
test_private_runtime_and_legacy_stack_are_rejected (test_architecture_guard.ArchitectureGuardTests.test_private_runtime_and_legacy_stack_are_rejected) ... ok
test_public_alias_to_internal_import_is_rejected (test_architecture_guard.ArchitectureGuardTests.test_public_alias_to_internal_import_is_rejected) ... ok
test_public_alias_to_public_owner_is_allowed (test_architecture_guard.ArchitectureGuardTests.test_public_alias_to_public_owner_is_allowed) ... ok
test_public_header_with_internal_import_is_rejected (test_architecture_guard.ArchitectureGuardTests.test_public_header_with_internal_import_is_rejected) ... ok
test_public_internal_dependency_cycle_is_rejected_deterministically (test_architecture_guard.ArchitectureGuardTests.test_public_internal_dependency_cycle_is_rejected_deterministically) ... ok
test_public_member_of_private_class_is_not_exported (test_architecture_guard.ArchitectureGuardTests.test_public_member_of_private_class_is_not_exported) ... ok
test_public_member_of_public_class_with_internal_type_is_rejected (test_architecture_guard.ArchitectureGuardTests.test_public_member_of_public_class_with_internal_type_is_rejected) ... ok
test_python_digest_alias_and_raw_subprocess_are_rejected (test_architecture_guard.ArchitectureGuardTests.test_python_digest_alias_and_raw_subprocess_are_rejected) ... ok
test_repository_evidence_rejects_untyped_digest_comparison (test_architecture_guard.ArchitectureGuardTests.test_repository_evidence_rejects_untyped_digest_comparison) ... ok
test_repository_rejects_alternate_hashlib_constructor_import (test_architecture_guard.ArchitectureGuardTests.test_repository_rejects_alternate_hashlib_constructor_import) ... ok
test_repository_rejects_ambiguous_digest_helper (test_architecture_guard.ArchitectureGuardTests.test_repository_rejects_ambiguous_digest_helper) ... ok
test_repository_rejects_compare_digest_on_bare_digest_field (test_architecture_guard.ArchitectureGuardTests.test_repository_rejects_compare_digest_on_bare_digest_field) ... ok
test_repository_rejects_direct_sha256_import (test_architecture_guard.ArchitectureGuardTests.test_repository_rejects_direct_sha256_import) ... ok
test_repository_rejects_named_digest_field_comparison (test_architecture_guard.ArchitectureGuardTests.test_repository_rejects_named_digest_field_comparison) ... ok
test_repository_rejects_raw_hashlib_digest_outside_control_plane (test_architecture_guard.ArchitectureGuardTests.test_repository_rejects_raw_hashlib_digest_outside_control_plane) ... ok
test_repository_traces_assigned_digest_field_into_comparison (test_architecture_guard.ArchitectureGuardTests.test_repository_traces_assigned_digest_field_into_comparison) ... ok
test_root_build_rejects_provider_specific_paths (test_architecture_guard.ArchitectureGuardTests.test_root_build_rejects_provider_specific_paths) ... ok
test_scripts_python_is_scanned_for_digest_violations (test_architecture_guard.ArchitectureGuardTests.test_scripts_python_is_scanned_for_digest_violations) ... ok
test_source_comments_and_literals_do_not_trigger (test_architecture_guard.ArchitectureGuardTests.test_source_comments_and_literals_do_not_trigger) ... ok
test_std_net_import_outside_adapter_is_rejected (test_architecture_guard.ArchitectureGuardTests.test_std_net_import_outside_adapter_is_rejected) ... ok
test_test_provider_is_rejected_from_production_source (test_architecture_guard.ArchitectureGuardTests.test_test_provider_is_rejected_from_production_source) ... ok
test_text_domain_marker_cannot_approve_raw_digest_command (test_architecture_guard.ArchitectureGuardTests.test_text_domain_marker_cannot_approve_raw_digest_command) ... ok
test_text_evidence_rejects_artifact_digest_and_utf8_fallback (test_architecture_guard.ArchitectureGuardTests.test_text_evidence_rejects_artifact_digest_and_utf8_fallback) ... ok
test_text_path_rejects_artifact_byte_entry_outside_control_plane (test_architecture_guard.ArchitectureGuardTests.test_text_path_rejects_artifact_byte_entry_outside_control_plane) ... ok
test_unqualified_low_level_and_native_types_in_public_api_are_rejected (test_architecture_guard.ArchitectureGuardTests.test_unqualified_low_level_and_native_types_in_public_api_are_rejected) ... ok
test_valid_packages_and_allowed_std_net_adapter_pass (test_architecture_guard.ArchitectureGuardTests.test_valid_packages_and_allowed_std_net_adapter_pass) ... ok
test_fails_closed_when_live_leases_fill_capacity (test_build_apple_resolver.BuildAppleResolverCacheTests.test_fails_closed_when_live_leases_fill_capacity) ... ok
test_never_evicts_an_active_cjpm_lease (test_build_apple_resolver.BuildAppleResolverCacheTests.test_never_evicts_an_active_cjpm_lease) ... ok
test_rejects_malformed_lease_without_deleting_its_entry (test_build_apple_resolver.BuildAppleResolverCacheTests.test_rejects_malformed_lease_without_deleting_its_entry) ... ok
test_removes_stale_leases_before_pruning (test_build_apple_resolver.BuildAppleResolverCacheTests.test_removes_stale_leases_before_pruning) ... ok
test_darwin_resolver_selection_uses_the_cjpm_target_path (test_build_resolver.BuildResolverSelectionTests.test_darwin_resolver_selection_uses_the_cjpm_target_path) ... ok
test_native_dependency_plan_does_not_build_linux_tls_on_windows (test_build_resolver.BuildResolverSelectionTests.test_native_dependency_plan_does_not_build_linux_tls_on_windows) ... ok
test_normalizes_only_implemented_platforms (test_build_resolver.BuildResolverSelectionTests.test_normalizes_only_implemented_platforms) ... ok
test_windows_source_digest_is_line_ending_stable_and_content_bound (test_build_resolver.BuildResolverSelectionTests.test_windows_source_digest_is_line_ending_stable_and_content_bound) ... ok
test_atomic_json (test_codex_fleet.FleetTests.test_atomic_json) ... ok
test_blocked_excluded (test_codex_fleet.FleetTests.test_blocked_excluded) ... ok
test_prompt_boundaries (test_codex_fleet.FleetTests.test_prompt_boundaries) ... ok
test_range_expansion (test_codex_fleet.FleetTests.test_range_expansion) ... ok
test_ready_wave (test_codex_fleet.FleetTests.test_ready_wave) ... ok
test_rejects_missing_duplicate_and_non_https_assets (test_download_cangjie_nightly.DownloadCangjieNightlyTests.test_rejects_missing_duplicate_and_non_https_assets) ... ok
test_resolves_one_exact_official_asset_name (test_download_cangjie_nightly.DownloadCangjieNightlyTests.test_resolves_one_exact_official_asset_name) ... ok
test_accepted_adr_defines_the_sdk_trigger (test_linux_profile_scope.LinuxProfileScopeTests.test_accepted_adr_defines_the_sdk_trigger) ... ok
test_active_backlog_uses_glibc_and_future_task_owns_musl (test_linux_profile_scope.LinuxProfileScopeTests.test_active_backlog_uses_glibc_and_future_task_owns_musl) ... ok
test_linux_status_closes_glibc_tasks_without_claiming_musl (test_linux_profile_scope.LinuxProfileScopeTests.test_linux_status_closes_glibc_tasks_without_claiming_musl) ... ok
test_prd_defers_musl_and_requires_glibc (test_linux_profile_scope.LinuxProfileScopeTests.test_prd_defers_musl_and_requires_glibc) ... ok
test_build_is_content_addressed_and_cache_is_revalidated (test_linux_resolver_build.LinuxResolverBuildTests.test_build_is_content_addressed_and_cache_is_revalidated) ... ok
test_cached_manifest_requires_matching_fingerprint (test_linux_resolver_build.LinuxResolverBuildTests.test_cached_manifest_requires_matching_fingerprint) ... ok
test_fingerprint_covers_source_header_and_target (test_linux_resolver_build.LinuxResolverBuildTests.test_fingerprint_covers_source_header_and_target) ... ok
test_build_fingerprint_covers_shim_and_target (test_linux_tls_provider_build.LinuxTlsProviderBuildTests.test_build_fingerprint_covers_shim_and_target) ... ok
test_cached_archive_digest_is_revalidated (test_linux_tls_provider_build.LinuxTlsProviderBuildTests.test_cached_archive_digest_is_revalidated) ... ok
test_git_diagnostics_do_not_change_source_identity (test_linux_tls_provider_build.LinuxTlsProviderBuildTests.test_git_diagnostics_do_not_change_source_identity) ... ok
test_multicall_tool_symlink_name_is_preserved (test_linux_tls_provider_build.LinuxTlsProviderBuildTests.test_multicall_tool_symlink_name_is_preserved) ... ok
test_repository_manifest_is_exactly_pinned (test_linux_tls_provider_build.LinuxTlsProviderBuildTests.test_repository_manifest_is_exactly_pinned) ... ok
test_source_pin_changes_fail_closed (test_linux_tls_provider_build.LinuxTlsProviderBuildTests.test_source_pin_changes_fail_closed) ... ok
test_atomic_report_replaces_old_content_with_valid_json (test_m3_029_linux_tls_facade.M3029LinuxTlsFacadeTest.test_atomic_report_replaces_old_content_with_valid_json) ... ok
test_consumer_manifest_uses_public_dependency_without_internal_packages (test_m3_029_linux_tls_facade.M3029LinuxTlsFacadeTest.test_consumer_manifest_uses_public_dependency_without_internal_packages) ... ok
test_fixture_package_rewrite_is_exactly_one_source_declaration (test_m3_029_linux_tls_facade.M3029LinuxTlsFacadeTest.test_fixture_package_rewrite_is_exactly_one_source_declaration) ... ok
test_platform_gate_fails_closed (test_m3_029_linux_tls_facade.M3029LinuxTlsFacadeTest.test_platform_gate_fails_closed) ... ok
test_smoke_output_requires_both_real_and_public_markers (test_m3_029_linux_tls_facade.M3029LinuxTlsFacadeTest.test_smoke_output_requires_both_real_and_public_markers) ... ok
test_cangjie_ffi_parameter_and_return_drift_fail_closed (test_m3_030_tls_provider_architecture.M3030TlsProviderArchitectureTests.test_cangjie_ffi_parameter_and_return_drift_fail_closed) ... ok
test_contract_covers_every_production_tls_import (test_m3_030_tls_provider_architecture.M3030TlsProviderArchitectureTests.test_contract_covers_every_production_tls_import) ... ok
test_default_selection_is_exact_linux_aws_lc (test_m3_030_tls_provider_architecture.M3030TlsProviderArchitectureTests.test_default_selection_is_exact_linux_aws_lc) ... ok
test_disallowed_platform_provider_pair_fails_closed (test_m3_030_tls_provider_architecture.M3030TlsProviderArchitectureTests.test_disallowed_platform_provider_pair_fails_closed) ... ok
test_future_adapter_registration_does_not_modify_generic_source (test_m3_030_tls_provider_architecture.M3030TlsProviderArchitectureTests.test_future_adapter_registration_does_not_modify_generic_source) ... ok
test_manifest_identity_version_source_and_abi_mismatches_fail (test_m3_030_tls_provider_architecture.M3030TlsProviderArchitectureTests.test_manifest_identity_version_source_and_abi_mismatches_fail) ... ok
test_missing_abi_function_and_false_capability_are_rejected (test_m3_030_tls_provider_architecture.M3030TlsProviderArchitectureTests.test_missing_abi_function_and_false_capability_are_rejected) ... ok
test_missing_manifest_and_path_escape_are_rejected (test_m3_030_tls_provider_architecture.M3030TlsProviderArchitectureTests.test_missing_manifest_and_path_escape_are_rejected) ... ok
test_native_header_parameter_and_return_drift_fail_closed (test_m3_030_tls_provider_architecture.M3030TlsProviderArchitectureTests.test_native_header_parameter_and_return_drift_fail_closed) ... ok
test_signature_schema_and_calling_convention_fail_closed (test_m3_030_tls_provider_architecture.M3030TlsProviderArchitectureTests.test_signature_schema_and_calling_convention_fail_closed) ... ok
test_task_manifest_contains_no_long_gate (test_m3_030_tls_provider_architecture.M3030TlsProviderArchitectureTests.test_task_manifest_contains_no_long_gate) ... ok
test_unknown_platform_fails_without_fallback (test_m3_030_tls_provider_architecture.M3030TlsProviderArchitectureTests.test_unknown_platform_fails_without_fallback) ... ok
test_unknown_provider_on_known_platform_fails_without_fallback (test_m3_030_tls_provider_architecture.M3030TlsProviderArchitectureTests.test_unknown_provider_on_known_platform_fails_without_fallback) ... ok
test_unknown_schema_and_field_are_rejected (test_m3_030_tls_provider_architecture.M3030TlsProviderArchitectureTests.test_unknown_schema_and_field_are_rejected) ... ok
test_atomic_report_replacement_preserves_old_file_on_failure (test_m3_031_desktop_tls_adoption.M3031DesktopTlsAdoptionTests.test_atomic_report_replacement_preserves_old_file_on_failure) ... ok
test_dependency_evidence_json_preserves_exact_artifact_bytes (test_m3_031_desktop_tls_adoption.M3031DesktopTlsAdoptionTests.test_dependency_evidence_json_preserves_exact_artifact_bytes) ... ok
test_dependency_evidence_rejects_source_and_native_report_drift (test_m3_031_desktop_tls_adoption.M3031DesktopTlsAdoptionTests.test_dependency_evidence_rejects_source_and_native_report_drift) ... ok
test_desktop_acceptance_column_cannot_be_weakened (test_m3_031_desktop_tls_adoption.M3031DesktopTlsAdoptionTests.test_desktop_acceptance_column_cannot_be_weakened) ... ok
test_exact_native_desktop_results_pass (test_m3_031_desktop_tls_adoption.M3031DesktopTlsAdoptionTests.test_exact_native_desktop_results_pass) ... ok
test_failed_poc_wrong_runner_and_source_identity_are_rejected (test_m3_031_desktop_tls_adoption.M3031DesktopTlsAdoptionTests.test_failed_poc_wrong_runner_and_source_identity_are_rejected) ... ok
test_hosted_run_is_bound_to_current_provider_inputs (test_m3_031_desktop_tls_adoption.M3031DesktopTlsAdoptionTests.test_hosted_run_is_bound_to_current_provider_inputs) ... ok
test_missing_core_declaration_fails_closed (test_m3_031_desktop_tls_adoption.M3031DesktopTlsAdoptionTests.test_missing_core_declaration_fails_closed) ... ok
test_partial_skipped_and_unknown_schema_never_pass (test_m3_031_desktop_tls_adoption.M3031DesktopTlsAdoptionTests.test_partial_skipped_and_unknown_schema_never_pass) ... ok
test_provider_license_bundle_is_retained_and_digest_bound (test_m3_031_desktop_tls_adoption.M3031DesktopTlsAdoptionTests.test_provider_license_bundle_is_retained_and_digest_bound) ... ok
test_provider_manifest_cannot_move_the_approved_pin (test_m3_031_desktop_tls_adoption.M3031DesktopTlsAdoptionTests.test_provider_manifest_cannot_move_the_approved_pin) ... ok
test_repository_core_audit_rejects_legacy_dependency_evidence (test_m3_031_desktop_tls_adoption.M3031DesktopTlsAdoptionTests.test_repository_core_audit_rejects_legacy_dependency_evidence) ... ok
test_repository_text_digest_is_checkout_line_ending_stable (test_m3_031_desktop_tls_adoption.M3031DesktopTlsAdoptionTests.test_repository_text_digest_is_checkout_line_ending_stable) ... ok
test_retained_report_and_tls_source_drift_fail_closed (test_m3_031_desktop_tls_adoption.M3031DesktopTlsAdoptionTests.test_retained_report_and_tls_source_drift_fail_closed) ... ok
test_retained_windows_provider_license_digest_is_stale (test_m3_031_desktop_tls_adoption.M3031DesktopTlsAdoptionTests.test_retained_windows_provider_license_digest_is_stale) ... ok
test_stale_revision_is_rejected (test_m3_031_desktop_tls_adoption.M3031DesktopTlsAdoptionTests.test_stale_revision_is_rejected) ... ok
test_validate_provider_honors_selected_root (test_m3_031_desktop_tls_adoption.M3031DesktopTlsAdoptionTests.test_validate_provider_honors_selected_root) ... ok
test_wrong_platform_and_provider_are_rejected (test_m3_031_desktop_tls_adoption.M3031DesktopTlsAdoptionTests.test_wrong_platform_and_provider_are_rejected) ... ok
test_accepts_exact_profile_contract (test_m6_026_http2_concurrent_bodies.M6026GateTest.test_accepts_exact_profile_contract) ... ok
test_accepts_test_runner_stdout_indentation (test_m6_026_http2_concurrent_bodies.M6026GateTest.test_accepts_test_runner_stdout_indentation) ... ok
test_atomic_report_preserves_old_target_on_replace_failure (test_m6_026_http2_concurrent_bodies.M6026GateTest.test_atomic_report_preserves_old_target_on_replace_failure) ... ok
test_atomic_report_replaces_target (test_m6_026_http2_concurrent_bodies.M6026GateTest.test_atomic_report_replaces_target) ... ok
test_rejects_missing_or_duplicate_result_marker (test_m6_026_http2_concurrent_bodies.M6026GateTest.test_rejects_missing_or_duplicate_result_marker) ... ok
test_rejects_short_or_failed_profile (test_m6_026_http2_concurrent_bodies.M6026GateTest.test_rejects_short_or_failed_profile) ... ok
test_rejects_skipped_target_masquerading_as_pass (test_m6_026_http2_concurrent_bodies.M6026GateTest.test_rejects_skipped_target_masquerading_as_pass) ... ok
test_source_digests_resolve_paths_from_repository_root (test_m6_026_http2_concurrent_bodies.M6026GateTest.test_source_digests_resolve_paths_from_repository_root) ... ok
test_blocker_list_must_match_gaps (test_m7_019_linux_audit.M7019LinuxAuditTest.test_blocker_list_must_match_gaps) ... ok
test_canonical_audit_passes (test_m7_019_linux_audit.M7019LinuxAuditTest.test_canonical_audit_passes) ... ok
test_missing_requirement_fails (test_m7_019_linux_audit.M7019LinuxAuditTest.test_missing_requirement_fails) ... ok
test_mobile_only_criterion_cannot_pass (test_m7_019_linux_audit.M7019LinuxAuditTest.test_mobile_only_criterion_cannot_pass) ... ok
test_required_gap_cannot_be_weakened (test_m7_019_linux_audit.M7019LinuxAuditTest.test_required_gap_cannot_be_weakened) ... ok
test_strict_validation_rejects_stale_current_source (test_m7_019_linux_audit.M7019LinuxAuditTest.test_strict_validation_rejects_stale_current_source) ... ok
test_structural_evidence_path_must_remain_relative (test_m7_019_linux_audit.M7019LinuxAuditTest.test_structural_evidence_path_must_remain_relative) ... ok
test_structural_mode_allows_missing_historical_evidence (test_m7_019_linux_audit.M7019LinuxAuditTest.test_structural_mode_allows_missing_historical_evidence) ... ok
test_canonical_audit_passes (test_m7_020_architecture_audit.M7020ArchitectureAuditTest.test_canonical_audit_passes) ... ok
test_missing_check_fails (test_m7_020_architecture_audit.M7020ArchitectureAuditTest.test_missing_check_fails) ... ok
test_pass_cannot_be_weakened (test_m7_020_architecture_audit.M7020ArchitectureAuditTest.test_pass_cannot_be_weakened) ... ok
test_stale_guard_hash_fails (test_m7_020_architecture_audit.M7020ArchitectureAuditTest.test_stale_guard_hash_fails) ... ok
test_std_net_adapter_inventory_schema_is_strict (test_m7_020_architecture_audit.M7020ArchitectureAuditTest.test_std_net_adapter_inventory_schema_is_strict) ... ok
test_strict_validation_rejects_stale_current_source (test_m7_020_architecture_audit.M7020ArchitectureAuditTest.test_strict_validation_rejects_stale_current_source) ... ok
test_structural_inventory_rejects_boolean_counts (test_m7_020_architecture_audit.M7020ArchitectureAuditTest.test_structural_inventory_rejects_boolean_counts) ... ok
test_structural_inventory_rejects_escaping_path (test_m7_020_architecture_audit.M7020ArchitectureAuditTest.test_structural_inventory_rejects_escaping_path) ... ok
test_structural_inventory_rejects_non_text_std_net_entry (test_m7_020_architecture_audit.M7020ArchitectureAuditTest.test_structural_inventory_rejects_non_text_std_net_entry) ... ok
test_structural_inventory_rejects_std_net_outside_adapter (test_m7_020_architecture_audit.M7020ArchitectureAuditTest.test_structural_inventory_rejects_std_net_outside_adapter) ... ok
test_structural_inventory_rejects_zero_counts (test_m7_020_architecture_audit.M7020ArchitectureAuditTest.test_structural_inventory_rejects_zero_counts) ... ok
test_structural_mode_does_not_consult_current_guard_rules (test_m7_020_architecture_audit.M7020ArchitectureAuditTest.test_structural_mode_does_not_consult_current_guard_rules) ... ok
test_archive_is_byte_reproducible_and_has_normalized_metadata (test_m7_021_linux_release.M7021LinuxReleaseTest.test_archive_is_byte_reproducible_and_has_normalized_metadata) ... ok
test_committed_qualification_report_is_structurally_valid (test_m7_021_linux_release.M7021LinuxReleaseTest.test_committed_qualification_report_is_structurally_valid) ... ok
test_consumer_manifest_points_only_at_installed_package (test_m7_021_linux_release.M7021LinuxReleaseTest.test_consumer_manifest_points_only_at_installed_package) ... ok
test_dependency_parsers_return_stable_names_without_addresses (test_m7_021_linux_release.M7021LinuxReleaseTest.test_dependency_parsers_return_stable_names_without_addresses) ... ok
test_main_translates_invalid_text_digest_to_controlled_failure (test_m7_021_linux_release.M7021LinuxReleaseTest.test_main_translates_invalid_text_digest_to_controlled_failure) ... ok
test_openssl_dependency_names_fail_closed (test_m7_021_linux_release.M7021LinuxReleaseTest.test_openssl_dependency_names_fail_closed) ... ok
test_payload_loader_strings_fail_closed (test_m7_021_linux_release.M7021LinuxReleaseTest.test_payload_loader_strings_fail_closed) ... ok
test_production_sources_exclude_every_test_file (test_m7_021_linux_release.M7021LinuxReleaseTest.test_production_sources_exclude_every_test_file) ... ok
test_qualification_inputs_bind_native_manifests_sources_and_build_logic (test_m7_021_linux_release.M7021LinuxReleaseTest.test_qualification_inputs_bind_native_manifests_sources_and_build_logic) ... ok
test_release_metadata_inventory_is_complete (test_m7_021_linux_release.M7021LinuxReleaseTest.test_release_metadata_inventory_is_complete) ... ok
test_safe_extract_rejects_parent_traversal (test_m7_021_linux_release.M7021LinuxReleaseTest.test_safe_extract_rejects_parent_traversal) ... ok
test_smoke_output_requires_https_runtime_and_fingerprint (test_m7_021_linux_release.M7021LinuxReleaseTest.test_smoke_output_requires_https_runtime_and_fingerprint) ... ok
test_strict_validation_rejects_source_drift (test_m7_021_linux_release.M7021LinuxReleaseTest.test_strict_validation_rejects_source_drift) ... ok
test_structural_validation_accepts_frozen_input_keys_but_rejects_escape (test_m7_021_linux_release.M7021LinuxReleaseTest.test_structural_validation_accepts_frozen_input_keys_but_rejects_escape) ... ok
test_text_metadata_digest_is_line_ending_stable_while_payload_digest_is_exact (test_m7_021_linux_release.M7021LinuxReleaseTest.test_text_metadata_digest_is_line_ending_stable_while_payload_digest_is_exact) ... ok
test_artifact_missing_and_digest_drift_fail_before_execution (test_m7_022_linux_release_soak.M7022LinuxReleaseSoakTest.test_artifact_missing_and_digest_drift_fail_before_execution) ... ok
test_atomic_report_replaces_and_preserves_old_target_on_failure (test_m7_022_linux_release_soak.M7022LinuxReleaseSoakTest.test_atomic_report_replaces_and_preserves_old_target_on_failure) ... ok
test_bounded_tail_keeps_only_the_configured_suffix (test_m7_022_linux_release_soak.M7022LinuxReleaseSoakTest.test_bounded_tail_keeps_only_the_configured_suffix) ... ok
test_exact_artifact_digest_is_accepted (test_m7_022_linux_release_soak.M7022LinuxReleaseSoakTest.test_exact_artifact_digest_is_accepted) ... ok
test_exclusive_task_run_rejects_a_second_invocation (test_m7_022_linux_release_soak.M7022LinuxReleaseSoakTest.test_exclusive_task_run_rejects_a_second_invocation) ... ok
test_internal_import_and_package_drift_fail_closed (test_m7_022_linux_release_soak.M7022LinuxReleaseSoakTest.test_internal_import_and_package_drift_fail_closed) ... ok
test_isolated_raw_log_promotes_atomically_and_preserves_old_on_failure (test_m7_022_linux_release_soak.M7022LinuxReleaseSoakTest.test_isolated_raw_log_promotes_atomically_and_preserves_old_on_failure) ... ok
test_lock_failure_does_not_replace_active_run_report (test_m7_022_linux_release_soak.M7022LinuxReleaseSoakTest.test_lock_failure_does_not_replace_active_run_report) ... ok
test_marker_parser_accepts_exact_ordered_samples_and_one_result (test_m7_022_linux_release_soak.M7022LinuxReleaseSoakTest.test_marker_parser_accepts_exact_ordered_samples_and_one_result) ... ok
test_marker_parser_rejects_missing_duplicate_reordered_unknown_and_skipped (test_m7_022_linux_release_soak.M7022LinuxReleaseSoakTest.test_marker_parser_rejects_missing_duplicate_reordered_unknown_and_skipped) ... ok
test_metric_trend_accepts_limit_and_rejects_growth_or_monotonic_count (test_m7_022_linux_release_soak.M7022LinuxReleaseSoakTest.test_metric_trend_accepts_limit_and_rejects_growth_or_monotonic_count) ... ok
test_platform_rejects_other_os_cpu_and_musl (test_m7_022_linux_release_soak.M7022LinuxReleaseSoakTest.test_platform_rejects_other_os_cpu_and_musl) ... ok
test_resource_and_application_trends_fail_closed (test_m7_022_linux_release_soak.M7022LinuxReleaseSoakTest.test_resource_and_application_trends_fail_closed) ... ok
test_terminate_process_group_stops_running_child (test_m7_022_linux_release_soak.M7022LinuxReleaseSoakTest.test_terminate_process_group_stops_running_child) ... ok
test_workload_requires_duration_mix_cancellation_reset_and_terminal_cleanup (test_m7_022_linux_release_soak.M7022LinuxReleaseSoakTest.test_workload_requires_duration_mix_cancellation_reset_and_terminal_cleanup) ... ok
test_artifact_digest_mismatch_fails_closed (test_m7_025_linux_supply_chain.M7025LinuxSupplyChainTest.test_artifact_digest_mismatch_fails_closed) ... ok
test_committed_bundle_is_stale_after_digest_domain_migration (test_m7_025_linux_supply_chain.M7025LinuxSupplyChainTest.test_committed_bundle_is_stale_after_digest_domain_migration) ... ok
test_fingerprint_is_stable_and_dependency_sensitive (test_m7_025_linux_supply_chain.M7025LinuxSupplyChainTest.test_fingerprint_is_stable_and_dependency_sensitive) ... ok
test_generation_is_byte_deterministic (test_m7_025_linux_supply_chain.M7025LinuxSupplyChainTest.test_generation_is_byte_deterministic) ... ok
test_main_translates_invalid_license_text_to_controlled_failure (test_m7_025_linux_supply_chain.M7025LinuxSupplyChainTest.test_main_translates_invalid_license_text_to_controlled_failure) ... ok
test_project_and_resolver_sbom_packages_use_apache_2_0 (test_m7_025_linux_supply_chain.M7025LinuxSupplyChainTest.test_project_and_resolver_sbom_packages_use_apache_2_0) ... ok
test_wrong_project_license_expression_fails_closed (test_m7_025_linux_supply_chain.M7025LinuxSupplyChainTest.test_wrong_project_license_expression_fails_closed) ... ok
test_alias_target_member_change_changes_inventory (test_m7_026_linux_api_freeze.M7026LinuxApiFreezeTest.test_alias_target_member_change_changes_inventory) ... ok
test_body_only_change_is_stable_but_signature_change_is_not (test_m7_026_linux_api_freeze.M7026LinuxApiFreezeTest.test_body_only_change_is_stable_but_signature_change_is_not) ... ok
test_inventory_comparison_reports_add_remove_and_change (test_m7_026_linux_api_freeze.M7026LinuxApiFreezeTest.test_inventory_comparison_reports_add_remove_and_change) ... ok
test_network_signature_change_is_rejected (test_m7_026_linux_api_freeze.M7026LinuxApiFreezeTest.test_network_signature_change_is_rejected) ... ok
test_openssl_metadata_bool_is_allowed_but_cipher_string_is_not (test_m7_026_linux_api_freeze.M7026LinuxApiFreezeTest.test_openssl_metadata_bool_is_allowed_but_cipher_string_is_not) ... ok
test_package_identity_and_forbidden_types_fail_closed (test_m7_026_linux_api_freeze.M7026LinuxApiFreezeTest.test_package_identity_and_forbidden_types_fail_closed) ... ok
test_atomic_report_preserves_old_file_when_replace_fails (test_m7_027_linux_examples.M7027LinuxExamplesTest.test_atomic_report_preserves_old_file_when_replace_fails) ... ok
test_atomic_report_replaces_old_json (test_m7_027_linux_examples.M7027LinuxExamplesTest.test_atomic_report_replaces_old_json) ... ok
test_checked_in_guide_and_sources_satisfy_static_contract (test_m7_027_linux_examples.M7027LinuxExamplesTest.test_checked_in_guide_and_sources_satisfy_static_contract) ... ok
test_consumer_manifest_uses_only_public_dependency (test_m7_027_linux_examples.M7027LinuxExamplesTest.test_consumer_manifest_uses_only_public_dependency) ... ok
test_guide_missing_topic_and_legacy_recommendation_fail_with_stable_codes (test_m7_027_linux_examples.M7027LinuxExamplesTest.test_guide_missing_topic_and_legacy_recommendation_fail_with_stable_codes) ... ok
test_internal_import_and_inventory_drift_fail_closed (test_m7_027_linux_examples.M7027LinuxExamplesTest.test_internal_import_and_inventory_drift_fail_closed) ... ok
test_marker_validation_rejects_missing_duplicate_reordered_and_skipped (test_m7_027_linux_examples.M7027LinuxExamplesTest.test_marker_validation_rejects_missing_duplicate_reordered_and_skipped) ... ok
test_output_is_tail_bounded (test_m7_027_linux_examples.M7027LinuxExamplesTest.test_output_is_tail_bounded) ... ok
test_platform_gate_rejects_other_os_cpu_and_musl (test_m7_027_linux_examples.M7027LinuxExamplesTest.test_platform_gate_rejects_other_os_cpu_and_musl) ... ok
test_tool_command_uses_hosted_path_without_local_wrapper (test_m7_027_linux_examples.M7027LinuxExamplesTest.test_tool_command_uses_hosted_path_without_local_wrapper) ... ok
test_atomic_report_failure_preserves_previous_bytes (test_m7_028_security_review_package.M7028SecurityReviewPackageTests.test_atomic_report_failure_preserves_previous_bytes) ... ok
test_checked_in_package_is_valid (test_m7_028_security_review_package.M7028SecurityReviewPackageTests.test_checked_in_package_is_valid) ... ok
test_current_bound_inputs_require_pass_bundle_digest (test_m7_028_security_review_package.M7028SecurityReviewPackageTests.test_current_bound_inputs_require_pass_bundle_digest) ... ok
test_invalid_utf8_has_stable_structured_digest_error (test_m7_028_security_review_package.M7028SecurityReviewPackageTests.test_invalid_utf8_has_stable_structured_digest_error) ... ok
test_missing_file_and_digest_drift_are_rejected (test_m7_028_security_review_package.M7028SecurityReviewPackageTests.test_missing_file_and_digest_drift_are_rejected) ... ok
test_path_escape_is_rejected (test_m7_028_security_review_package.M7028SecurityReviewPackageTests.test_path_escape_is_rejected) ... ok
test_required_topic_and_compatibility_gate_are_enforced (test_m7_028_security_review_package.M7028SecurityReviewPackageTests.test_required_topic_and_compatibility_gate_are_enforced) ... ok
test_sensitive_data_is_rejected_without_echoing_value (test_m7_028_security_review_package.M7028SecurityReviewPackageTests.test_sensitive_data_is_rejected_without_echoing_value) ... ok
test_stale_or_skipped_evidence_cannot_claim_pass (test_m7_028_security_review_package.M7028SecurityReviewPackageTests.test_stale_or_skipped_evidence_cannot_claim_pass) ... ok
test_unknown_schema_and_field_are_rejected (test_m7_028_security_review_package.M7028SecurityReviewPackageTests.test_unknown_schema_and_field_are_rejected) ... ok
test_cjpm_build_hook_uses_fail_closed_platform_selection (test_m7_029_independent_security_review.M7029IndependentSecurityReviewTests.test_cjpm_build_hook_uses_fail_closed_platform_selection) ... ok
test_complete_no_finding_report_passes (test_m7_029_independent_security_review.M7029IndependentSecurityReviewTests.test_complete_no_finding_report_passes) ... ok
test_duplicate_and_unknown_finding_fields_fail (test_m7_029_independent_security_review.M7029IndependentSecurityReviewTests.test_duplicate_and_unknown_finding_fields_fail) ... ok
test_fixed_finding_requires_executed_digest_bound_regression (test_m7_029_independent_security_review.M7029IndependentSecurityReviewTests.test_fixed_finding_requires_executed_digest_bound_regression) ... ok
test_hosted_ci_nightly_resolution_fails_closed (test_m7_029_independent_security_review.M7029IndependentSecurityReviewTests.test_hosted_ci_nightly_resolution_fails_closed) ... ok
test_missing_review_is_blocked_and_atomic_failure_preserves_file (test_m7_029_independent_security_review.M7029IndependentSecurityReviewTests.test_missing_review_is_blocked_and_atomic_failure_preserves_file) ... ok
test_open_high_and_critical_findings_block_release (test_m7_029_independent_security_review.M7029IndependentSecurityReviewTests.test_open_high_and_critical_findings_block_release) ... ok
test_prepare_cli_returns_structured_invalid_utf8_failure (test_m7_029_independent_security_review.M7029IndependentSecurityReviewTests.test_prepare_cli_returns_structured_invalid_utf8_failure) ... ok
test_process_isolated_agent_requires_conflict_disclosure (test_m7_029_independent_security_review.M7029IndependentSecurityReviewTests.test_process_isolated_agent_requires_conflict_disclosure) ... ok
test_provider_manifest_is_a_repository_input (test_m7_029_independent_security_review.M7029IndependentSecurityReviewTests.test_provider_manifest_is_a_repository_input) ... git: /home/elliot/cangjie_sdk/sts1.1.3/runtime/lib/linux_x86_64_cjnative/libpcre2-8.so.0: no version information available (required by git)
ok
test_reviewer_dates_conflicts_and_set_fields_are_strict (test_m7_029_independent_security_review.M7029IndependentSecurityReviewTests.test_reviewer_dates_conflicts_and_set_fields_are_strict) ... ok
test_reviewer_independence_is_required (test_m7_029_independent_security_review.M7029IndependentSecurityReviewTests.test_reviewer_independence_is_required) ... ok
test_sensitive_value_and_compatibility_gate_fail (test_m7_029_independent_security_review.M7029IndependentSecurityReviewTests.test_sensitive_value_and_compatibility_gate_fail) ... ok
test_stale_target_and_incomplete_scope_fail (test_m7_029_independent_security_review.M7029IndependentSecurityReviewTests.test_stale_target_and_incomplete_scope_fail) ... ok
test_atomic_report_failure_preserves_previous_bytes (test_m7_030_linux_release.M7030LinuxReleaseTest.test_atomic_report_failure_preserves_previous_bytes) ... ok
test_clean_consumer_and_malicious_archives (test_m7_030_linux_release.M7030LinuxReleaseTest.test_clean_consumer_and_malicious_archives) ... ok
test_current_inputs_build_strict_deterministic_manifest (test_m7_030_linux_release.M7030LinuxReleaseTest.test_current_inputs_build_strict_deterministic_manifest) ... ok
test_hosted_report_binds_three_verified_subjects (test_m7_030_linux_release.M7030LinuxReleaseTest.test_hosted_report_binds_three_verified_subjects) ... ok
test_hosted_report_cli_returns_structured_invalid_utf8_failure (test_m7_030_linux_release.M7030LinuxReleaseTest.test_hosted_report_cli_returns_structured_invalid_utf8_failure) ... ok
test_hosted_text_subject_separates_canonical_and_signed_payload_digests (test_m7_030_linux_release.M7030LinuxReleaseTest.test_hosted_text_subject_separates_canonical_and_signed_payload_digests) ... ok
test_json_duplicates_unknown_schema_paths_and_subjects_are_rejected (test_m7_030_linux_release.M7030LinuxReleaseTest.test_json_duplicates_unknown_schema_paths_and_subjects_are_rejected) ... ok
test_key_type_identity_and_location_fail_closed_without_secret_output (test_m7_030_linux_release.M7030LinuxReleaseTest.test_key_type_identity_and_location_fail_closed_without_secret_output) ... ok
test_missing_or_stale_supply_chain_input_fails_closed (test_m7_030_linux_release.M7030LinuxReleaseTest.test_missing_or_stale_supply_chain_input_fails_closed) ... ok
test_offline_rehearsal_verifies_and_all_subject_or_signature_mutations_fail (test_m7_030_linux_release.M7030LinuxReleaseTest.test_offline_rehearsal_verifies_and_all_subject_or_signature_mutations_fail) ... ok
test_rehearsal_is_bounded_and_reads_hosted_gate_separately (test_m7_030_linux_release.M7030LinuxReleaseTest.test_rehearsal_is_bounded_and_reads_hosted_gate_separately) ... ok
test_rollback_requires_exact_signed_unexpired_authorization (test_m7_030_linux_release.M7030LinuxReleaseTest.test_rollback_requires_exact_signed_unexpired_authorization) ... ok
test_upgrade_requires_matching_signed_advisory_and_sbom (test_m7_030_linux_release.M7030LinuxReleaseTest.test_upgrade_requires_matching_signed_advisory_and_sbom) ... ok
test_workflow_is_pinned_and_missing_or_wrong_hosted_report_never_passes (test_m7_030_linux_release.M7030LinuxReleaseTest.test_workflow_is_pinned_and_missing_or_wrong_hosted_report_never_passes) ... ok
test_artifact_identity_rejects_each_cross_report_mismatch (test_m7_031_linux_candidate.M7031LinuxCandidateTests.test_artifact_identity_rejects_each_cross_report_mismatch) ... ok
test_atomic_replace_failure_preserves_previous_bytes (test_m7_031_linux_candidate.M7031LinuxCandidateTests.test_atomic_replace_failure_preserves_previous_bytes) ... ok
test_cli_returns_structured_digest_failure (test_m7_031_linux_candidate.M7031LinuxCandidateTests.test_cli_returns_structured_digest_failure) ... ok
test_committed_hosted_report_without_signed_payload_digest_is_stale (test_m7_031_linux_candidate.M7031LinuxCandidateTests.test_committed_hosted_report_without_signed_payload_digest_is_stale) ... ok
test_committed_report_matches_deterministic_generator (test_m7_031_linux_candidate.M7031LinuxCandidateTests.test_committed_report_matches_deterministic_generator) ... ok
test_criterion_inventory_rejects_missing_duplicate_unknown_and_skipped (test_m7_031_linux_candidate.M7031LinuxCandidateTests.test_criterion_inventory_rejects_missing_duplicate_unknown_and_skipped) ... ok
test_current_repository_generates_exact_go_report (test_m7_031_linux_candidate.M7031LinuxCandidateTests.test_current_repository_generates_exact_go_report) ... ok
test_historical_or_internal_public_api_cannot_pass (test_m7_031_linux_candidate.M7031LinuxCandidateTests.test_historical_or_internal_public_api_cannot_pass) ... ok
test_hosted_report_requires_all_three_verified_subjects (test_m7_031_linux_candidate.M7031LinuxCandidateTests.test_hosted_report_requires_all_three_verified_subjects) ... ok
test_json_schema_duplicate_key_and_path_escape_fail_closed (test_m7_031_linux_candidate.M7031LinuxCandidateTests.test_json_schema_duplicate_key_and_path_escape_fail_closed) ... ok
test_open_high_or_critical_finding_blocks_release (test_m7_031_linux_candidate.M7031LinuxCandidateTests.test_open_high_or_critical_finding_blocks_release) ... ok
test_soak_rejects_short_preflight_interruption_and_wrong_artifact (test_m7_031_linux_candidate.M7031LinuxCandidateTests.test_soak_rejects_short_preflight_interruption_and_wrong_artifact) ... ok
test_source_digest_drift_is_stale (test_m7_031_linux_candidate.M7031LinuxCandidateTests.test_source_digest_drift_is_stale) ... ok
test_structural_candidate_requires_complete_recorded_evidence_inventory (test_m7_031_linux_candidate.M7031LinuxCandidateTests.test_structural_candidate_requires_complete_recorded_evidence_inventory) ... ok
test_structural_candidate_reuses_recorded_evidence_without_live_hashing (test_m7_031_linux_candidate.M7031LinuxCandidateTests.test_structural_candidate_reuses_recorded_evidence_without_live_hashing) ... ok
test_current_inventory_has_only_public_alias_targets (test_m7_032_public_api_contract.M7032PublicApiContractTests.test_current_inventory_has_only_public_alias_targets) ... ok
test_public_package_sources_do_not_spell_internal_types_in_declarations (test_m7_032_public_api_contract.M7032PublicApiContractTests.test_public_package_sources_do_not_spell_internal_types_in_declarations) ... ok
test_stale_inventory_is_rejected_without_compatibility_verdict (test_m7_032_public_api_contract.M7032PublicApiContractTests.test_stale_inventory_is_rejected_without_compatibility_verdict) ... ok
test_task_manifest_has_no_long_running_command (test_m7_032_public_api_contract.M7032PublicApiContractTests.test_task_manifest_has_no_long_running_command) ... ok
test_atomic_report_preserves_previous_file_when_replace_fails (test_m7_033_docs.M7033DocsTests.test_atomic_report_preserves_previous_file_when_replace_fails) ... ok
test_doc_ir_diagnostics_are_not_hidden_by_success_status (test_m7_033_docs.M7033DocsTests.test_doc_ir_diagnostics_are_not_hidden_by_success_status) ... ok
test_partial_doc_ir_is_never_pass (test_m7_033_docs.M7033DocsTests.test_partial_doc_ir_is_never_pass) ... ok
test_path_escape_is_rejected (test_m7_033_docs.M7033DocsTests.test_path_escape_is_rejected) ... ok
test_public_source_view_excludes_tests_and_internal_package (test_m7_033_docs.M7033DocsTests.test_public_source_view_excludes_tests_and_internal_package) ... ok
test_skipped_or_partial_coverage_cannot_impersonate_pass (test_m7_033_docs.M7033DocsTests.test_skipped_or_partial_coverage_cannot_impersonate_pass) ... ok
test_unknown_api_schema_is_rejected (test_m7_033_docs.M7033DocsTests.test_unknown_api_schema_is_rejected) ... ok
test_unknown_doc_ir_schema_is_rejected (test_m7_033_docs.M7033DocsTests.test_unknown_doc_ir_schema_is_rejected) ... ok
test_version_mismatch_is_blocked_without_parsing_exception_text (test_m7_033_docs.M7033DocsTests.test_version_mismatch_is_blocked_without_parsing_exception_text) ... ok
test_linux_dependencies_exclude_global_and_upstream_blockers (test_m7_linux_task_graph.M7LinuxTaskGraphTests.test_linux_dependencies_exclude_global_and_upstream_blockers) ... ok
test_linux_graph_has_the_exact_frozen_task_set (test_m7_linux_task_graph.M7LinuxTaskGraphTests.test_linux_graph_has_the_exact_frozen_task_set) ... ok
test_task_counts_include_linux_profile_and_formal_follow_up_work (test_m7_linux_task_graph.M7LinuxTaskGraphTests.test_task_counts_include_linux_profile_and_formal_follow_up_work) ... ok
test_task_graph_has_fail_closed_audit_and_release_edges (test_m7_linux_task_graph.M7LinuxTaskGraphTests.test_task_graph_has_fail_closed_audit_and_release_edges) ... ok
test_release_validators_are_strict_by_default (test_p1_013_development_release_gate.P1013DevelopmentReleaseGateTests.test_release_validators_are_strict_by_default) ... ok
test_strict_modes_reject_the_same_stale_records (test_p1_013_development_release_gate.P1013DevelopmentReleaseGateTests.test_strict_modes_reject_the_same_stale_records) ... ok
test_structural_modes_accept_frozen_records_without_local_release_artifact (test_p1_013_development_release_gate.P1013DevelopmentReleaseGateTests.test_structural_modes_accept_frozen_records_without_local_release_artifact) ... ok
test_atomic_report_preserves_target_on_injected_failure (test_p1_014_evidence_digest_types.EvidenceDigestTypeTests.test_atomic_report_preserves_target_on_injected_failure) ... ok
test_crlf_report_is_bounded_and_uses_actual_platform (test_p1_014_evidence_digest_types.EvidenceDigestTypeTests.test_crlf_report_is_bounded_and_uses_actual_platform) ... ok
test_crlf_report_reads_tracked_checkout_fixture_without_text_override (test_p1_014_evidence_digest_types.EvidenceDigestTypeTests.test_crlf_report_reads_tracked_checkout_fixture_without_text_override) ... git: /home/elliot/cangjie_sdk/sts1.1.3/runtime/lib/linux_x86_64_cjnative/libpcre2-8.so.0: no version information available (required by git)
ok
test_crlf_report_rejects_claimed_revision_different_from_checkout (test_p1_014_evidence_digest_types.EvidenceDigestTypeTests.test_crlf_report_rejects_claimed_revision_different_from_checkout) ... ok
test_crlf_report_rejects_wrong_architecture_and_libc (test_p1_014_evidence_digest_types.EvidenceDigestTypeTests.test_crlf_report_rejects_wrong_architecture_and_libc) ... ok
test_crlf_report_rejects_wrong_native_platform (test_p1_014_evidence_digest_types.EvidenceDigestTypeTests.test_crlf_report_rejects_wrong_native_platform) ... ok
test_current_inventory_has_no_legacy_task_local_digest_calls (test_p1_014_evidence_digest_types.EvidenceDigestTypeTests.test_current_inventory_has_no_legacy_task_local_digest_calls) ... ok
test_digest_equality_requires_both_serialized_domains (test_p1_014_evidence_digest_types.EvidenceDigestTypeTests.test_digest_equality_requires_both_serialized_domains) ... ok
test_digest_types_and_serialized_domains_are_not_interchangeable (test_p1_014_evidence_digest_types.EvidenceDigestTypeTests.test_digest_types_and_serialized_domains_are_not_interchangeable) ... ok
test_invalid_utf8_fails_without_byte_fallback (test_p1_014_evidence_digest_types.EvidenceDigestTypeTests.test_invalid_utf8_fails_without_byte_fallback) ... ok
test_inventory_classifies_literal_log_as_text_evidence (test_p1_014_evidence_digest_types.EvidenceDigestTypeTests.test_inventory_classifies_literal_log_as_text_evidence) ... ok
test_inventory_manifest_cannot_hide_folded_text_operand (test_p1_014_evidence_digest_types.EvidenceDigestTypeTests.test_inventory_manifest_cannot_hide_folded_text_operand) ... ok
test_inventory_rejects_alternate_hashlib_constructor_import (test_p1_014_evidence_digest_types.EvidenceDigestTypeTests.test_inventory_rejects_alternate_hashlib_constructor_import) ... ok
test_inventory_rejects_artifact_marker_with_shell_variable_operand (test_p1_014_evidence_digest_types.EvidenceDigestTypeTests.test_inventory_rejects_artifact_marker_with_shell_variable_operand) ... ok
test_inventory_rejects_assigned_subprocess_and_os_system_commands (test_p1_014_evidence_digest_types.EvidenceDigestTypeTests.test_inventory_rejects_assigned_subprocess_and_os_system_commands) ... ok
test_inventory_rejects_cksum_sha256_routes (test_p1_014_evidence_digest_types.EvidenceDigestTypeTests.test_inventory_rejects_cksum_sha256_routes) ... ok
test_inventory_rejects_compare_digest_on_bare_digest_field (test_p1_014_evidence_digest_types.EvidenceDigestTypeTests.test_inventory_rejects_compare_digest_on_bare_digest_field) ... ok
test_inventory_rejects_direct_sha256_import_and_untyped_shell_command (test_p1_014_evidence_digest_types.EvidenceDigestTypeTests.test_inventory_rejects_direct_sha256_import_and_untyped_shell_command) ... ok
test_inventory_rejects_local_digest_wrapper (test_p1_014_evidence_digest_types.EvidenceDigestTypeTests.test_inventory_rejects_local_digest_wrapper) ... ok
test_inventory_rejects_named_digest_field_comparison (test_p1_014_evidence_digest_types.EvidenceDigestTypeTests.test_inventory_rejects_named_digest_field_comparison) ... ok
test_inventory_rejects_openssl_and_embedded_python_digest_commands (test_p1_014_evidence_digest_types.EvidenceDigestTypeTests.test_inventory_rejects_openssl_and_embedded_python_digest_commands) ... ok
test_inventory_rejects_openssl_shortcut_and_license_operand (test_p1_014_evidence_digest_types.EvidenceDigestTypeTests.test_inventory_rejects_openssl_shortcut_and_license_operand) ... ok
test_inventory_rejects_powershell_sha256_api (test_p1_014_evidence_digest_types.EvidenceDigestTypeTests.test_inventory_rejects_powershell_sha256_api) ... ok
test_inventory_rejects_text_marker_on_raw_digest_command (test_p1_014_evidence_digest_types.EvidenceDigestTypeTests.test_inventory_rejects_text_marker_on_raw_digest_command) ... ok
test_inventory_rejects_typed_alias_and_raw_python_subprocess (test_p1_014_evidence_digest_types.EvidenceDigestTypeTests.test_inventory_rejects_typed_alias_and_raw_python_subprocess) ... ok
test_inventory_rejects_untyped_digest_anywhere_in_repository_tools (test_p1_014_evidence_digest_types.EvidenceDigestTypeTests.test_inventory_rejects_untyped_digest_anywhere_in_repository_tools) ... ok
test_inventory_resolves_assigned_text_path_before_byte_digest (test_p1_014_evidence_digest_types.EvidenceDigestTypeTests.test_inventory_resolves_assigned_text_path_before_byte_digest) ... ok
test_inventory_resolves_assigned_typed_callable_alias (test_p1_014_evidence_digest_types.EvidenceDigestTypeTests.test_inventory_resolves_assigned_typed_callable_alias) ... ok
test_inventory_resolves_keyword_text_path_before_byte_digest (test_p1_014_evidence_digest_types.EvidenceDigestTypeTests.test_inventory_resolves_keyword_text_path_before_byte_digest) ... ok
test_inventory_scans_composite_actions (test_p1_014_evidence_digest_types.EvidenceDigestTypeTests.test_inventory_scans_composite_actions) ... ok
test_inventory_scans_folded_composite_commands_and_helpers (test_p1_014_evidence_digest_types.EvidenceDigestTypeTests.test_inventory_scans_folded_composite_commands_and_helpers) ... ok
test_inventory_scans_non_python_tools_and_untyped_comparisons (test_p1_014_evidence_digest_types.EvidenceDigestTypeTests.test_inventory_scans_non_python_tools_and_untyped_comparisons) ... ok
test_inventory_traces_assigned_digest_field_into_comparison (test_p1_014_evidence_digest_types.EvidenceDigestTypeTests.test_inventory_traces_assigned_digest_field_into_comparison) ... ok
test_line_endings_share_text_digest_but_not_byte_digest (test_p1_014_evidence_digest_types.EvidenceDigestTypeTests.test_line_endings_share_text_digest_but_not_byte_digest) ... ok
test_production_digest_imports_bootstrap_direct_cli_execution (test_p1_014_evidence_digest_types.EvidenceDigestTypeTests.test_production_digest_imports_bootstrap_direct_cli_execution) ... ok
test_text_inventory_rejects_nul_framing_ambiguity (test_p1_014_evidence_digest_types.EvidenceDigestTypeTests.test_text_inventory_rejects_nul_framing_ambiguity) ... ok
test_untyped_unknown_and_malformed_digest_documents_fail_closed (test_p1_014_evidence_digest_types.EvidenceDigestTypeTests.test_untyped_unknown_and_malformed_digest_documents_fail_closed) ... ok
test_windows_crlf_report_requires_actual_crlf_checkout (test_p1_014_evidence_digest_types.EvidenceDigestTypeTests.test_windows_crlf_report_requires_actual_crlf_checkout) ... git: /home/elliot/cangjie_sdk/sts1.1.3/runtime/lib/linux_x86_64_cjnative/libpcre2-8.so.0: no version information available (required by git)
ok
test_windows_workflow_is_pinned_and_runs_only_bounded_python_checks (test_p1_014_evidence_digest_types.EvidenceDigestTypeTests.test_windows_workflow_is_pinned_and_runs_only_bounded_python_checks) ... ok
test_archive_provider_requires_exact_commit (test_tls_provider_poc.ProviderPocValidationTests.test_archive_provider_requires_exact_commit) ... ok
test_archive_provider_requires_release_tag_resolution (test_tls_provider_poc.ProviderPocValidationTests.test_archive_provider_requires_release_tag_resolution) ... ok
test_archive_result_binds_release_tag_resolution (test_tls_provider_poc.ProviderPocValidationTests.test_archive_result_binds_release_tag_resolution) ... ok
test_archive_source_resolves_and_matches_release_tag_commit (test_tls_provider_poc.ProviderPocValidationTests.test_archive_source_resolves_and_matches_release_tag_commit) ... ok
test_blocked_capability_cannot_pass (test_tls_provider_poc.ProviderPocValidationTests.test_blocked_capability_cannot_pass) ... ok
test_build_environment_captures_inherited_and_override_values (test_tls_provider_poc.ProviderPocValidationTests.test_build_environment_captures_inherited_and_override_values) ... ok
test_build_environment_snapshot_is_bounded (test_tls_provider_poc.ProviderPocValidationTests.test_build_environment_snapshot_is_bounded) ... ok
test_build_provenance_is_durable_and_fail_closed (test_tls_provider_poc.ProviderPocValidationTests.test_build_provenance_is_durable_and_fail_closed) ... ok
test_canonical_spec_and_matrix_reject_stale_license_digests (test_tls_provider_poc.ProviderPocValidationTests.test_canonical_spec_and_matrix_reject_stale_license_digests) ... ok
test_diagnostic_build_instruments_provider_sources (test_tls_provider_poc.ProviderPocValidationTests.test_diagnostic_build_instruments_provider_sources) ... ok
test_exported_symbol_inventory_is_bounded_and_digest_bound (test_tls_provider_poc.ProviderPocValidationTests.test_exported_symbol_inventory_is_bounded_and_digest_bound) ... ok
test_failure_messages_are_bounded_by_utf8_bytes (test_tls_provider_poc.ProviderPocValidationTests.test_failure_messages_are_bounded_by_utf8_bytes) ... ok
test_github_tag_resolution_uses_bounded_ephemeral_token (test_tls_provider_poc.ProviderPocValidationTests.test_github_tag_resolution_uses_bounded_ephemeral_token) ... ok
test_hosted_execution_identity_matches_clean_checkout (test_tls_provider_poc.ProviderPocValidationTests.test_hosted_execution_identity_matches_clean_checkout) ... ok
test_hosted_execution_identity_rejects_revision_mismatch (test_tls_provider_poc.ProviderPocValidationTests.test_hosted_execution_identity_rejects_revision_mismatch) ... ok
test_hosted_workflows_supply_read_only_tag_resolution_token (test_tls_provider_poc.ProviderPocValidationTests.test_hosted_workflows_supply_read_only_tag_resolution_token) ... ok
test_license_bundle_ignores_symlinks_outside_provider_source (test_tls_provider_poc.ProviderPocValidationTests.test_license_bundle_ignores_symlinks_outside_provider_source) ... ok
test_license_bundle_rejects_escape_and_stale_digest (test_tls_provider_poc.ProviderPocValidationTests.test_license_bundle_rejects_escape_and_stale_digest) ... ok
test_license_file_invalid_utf8_fails_closed (test_tls_provider_poc.ProviderPocValidationTests.test_license_file_invalid_utf8_fails_closed) ... ok
test_license_file_metadata_is_line_ending_stable (test_tls_provider_poc.ProviderPocValidationTests.test_license_file_metadata_is_line_ending_stable) ... ok
test_license_manifest_digest_is_line_ending_stable (test_tls_provider_poc.ProviderPocValidationTests.test_license_manifest_digest_is_line_ending_stable) ... ok
test_local_execution_identity_rejects_dirty_checkout (test_tls_provider_poc.ProviderPocValidationTests.test_local_execution_identity_rejects_dirty_checkout) ... ok
test_local_execution_identity_uses_clean_exact_checkout (test_tls_provider_poc.ProviderPocValidationTests.test_local_execution_identity_uses_clean_exact_checkout) ... ok
test_matrix_contract_only_does_not_promote_stale_retained_results (test_tls_provider_poc.ProviderPocValidationTests.test_matrix_contract_only_does_not_promote_stale_retained_results) ... M0-016 validation: FAIL: --matrix-contract-only requires --matrix
ok
test_matrix_retained_result_validates_durable_license_bundle (test_tls_provider_poc.ProviderPocValidationTests.test_matrix_retained_result_validates_durable_license_bundle) ... ok
test_memory_diagnostic_records_provider_leak_detection_boundary (test_tls_provider_poc.ProviderPocValidationTests.test_memory_diagnostic_records_provider_leak_detection_boundary) ... ok
test_metrics_require_dual_version_resumption_and_external_trust (test_tls_provider_poc.ProviderPocValidationTests.test_metrics_require_dual_version_resumption_and_external_trust) ... ok
test_metrics_require_expired_and_malformed_certificate_coverage (test_tls_provider_poc.ProviderPocValidationTests.test_metrics_require_expired_and_malformed_certificate_coverage) ... ok
test_metrics_require_negative_alpn_coverage (test_tls_provider_poc.ProviderPocValidationTests.test_metrics_require_negative_alpn_coverage) ... ok
test_metrics_require_required_and_optional_client_auth (test_tls_provider_poc.ProviderPocValidationTests.test_metrics_require_required_and_optional_client_auth) ... ok
test_missing_archive_digest_fails (test_tls_provider_poc.ProviderPocValidationTests.test_missing_archive_digest_fails) ... ok
test_missing_platform_cell_fails (test_tls_provider_poc.ProviderPocValidationTests.test_missing_platform_cell_fails) ... ok
test_musl_package_installation_has_no_tag_resolution_token (test_tls_provider_poc.ProviderPocValidationTests.test_musl_package_installation_has_no_tag_resolution_token) ... ok
test_musl_result_requires_immutable_container_identity (test_tls_provider_poc.ProviderPocValidationTests.test_musl_result_requires_immutable_container_identity) ... ok
test_native_pocs_drive_provider_specific_session_and_trust_callbacks (test_tls_provider_poc.ProviderPocValidationTests.test_native_pocs_drive_provider_specific_session_and_trust_callbacks) ... ok
test_native_pocs_expose_external_trust_as_a_distinct_capability (test_tls_provider_poc.ProviderPocValidationTests.test_native_pocs_expose_external_trust_as_a_distinct_capability) ... ok
test_non_windows_build_rejects_assembler_identity (test_tls_provider_poc.ProviderPocValidationTests.test_non_windows_build_rejects_assembler_identity) ... ok
test_openssl_build_retains_musl_secure_heap_override_in_provenance (test_tls_provider_poc.ProviderPocValidationTests.test_openssl_build_retains_musl_secure_heap_override_in_provenance) ... ok
test_openssl_resumption_requires_fresh_cache_miss (test_tls_provider_poc.ProviderPocValidationTests.test_openssl_resumption_requires_fresh_cache_miss) ... ok
test_partial_matrix_cell_requires_retained_result (test_tls_provider_poc.ProviderPocValidationTests.test_partial_matrix_cell_requires_retained_result) ... ok
test_partial_rejects_not_run_and_requires_blocked_capability (test_tls_provider_poc.ProviderPocValidationTests.test_partial_rejects_not_run_and_requires_blocked_capability) ... ok
test_pass_requires_measured_schema_v2 (test_tls_provider_poc.ProviderPocValidationTests.test_pass_requires_measured_schema_v2) ... ok
test_platform_peak_resident_probes_are_native (test_tls_provider_poc.ProviderPocValidationTests.test_platform_peak_resident_probes_are_native) ... ok
test_pre_execution_fail_result_is_retained_without_metrics (test_tls_provider_poc.ProviderPocValidationTests.test_pre_execution_fail_result_is_retained_without_metrics) ... ok
test_provider_allocation_and_cancellation_metrics_fail_closed (test_tls_provider_poc.ProviderPocValidationTests.test_provider_allocation_and_cancellation_metrics_fail_closed) ... ok
test_provider_subprocesses_cannot_inherit_github_token (test_tls_provider_poc.ProviderPocValidationTests.test_provider_subprocesses_cannot_inherit_github_token) ... ok
test_retained_result_digest_must_match (test_tls_provider_poc.ProviderPocValidationTests.test_retained_result_digest_must_match) ... ok
test_retained_source_identity_matches_provider_pin (test_tls_provider_poc.ProviderPocValidationTests.test_retained_source_identity_matches_provider_pin) ... ok
test_schema_v1_partial_cannot_claim_unmeasured_external_trust (test_tls_provider_poc.ProviderPocValidationTests.test_schema_v1_partial_cannot_claim_unmeasured_external_trust) ... ok
test_schema_v2_cannot_claim_a_fully_measured_pass (test_tls_provider_poc.ProviderPocValidationTests.test_schema_v2_cannot_claim_a_fully_measured_pass) ... ok
test_schema_v5_requires_measured_session_resumption (test_tls_provider_poc.ProviderPocValidationTests.test_schema_v5_requires_measured_session_resumption) ... ok
test_security_update_evidence_fails_closed (test_tls_provider_poc.ProviderPocValidationTests.test_security_update_evidence_fails_closed) ... ok
test_static_archive_inventory_is_structured_and_bounded (test_tls_provider_poc.ProviderPocValidationTests.test_static_archive_inventory_is_structured_and_bounded) ... ok
test_supported_diagnostic_requires_instrumented_provider_archives (test_tls_provider_poc.ProviderPocValidationTests.test_supported_diagnostic_requires_instrumented_provider_archives) ... ok
test_system_tls_dependency_fails (test_tls_provider_poc.ProviderPocValidationTests.test_system_tls_dependency_fails) ... ok
test_windows_aws_lc_assembler_identity_is_required (test_tls_provider_poc.ProviderPocValidationTests.test_windows_aws_lc_assembler_identity_is_required) ... ok
test_windows_workflow_pins_nasm_fallback (test_tls_provider_poc.ProviderPocValidationTests.test_windows_workflow_pins_nasm_fallback) ... ok
test_atomic_json_has_platform_stable_lf (test_tls_provider_poc.ProviderPocWindowsTests.test_atomic_json_has_platform_stable_lf) ... ok
test_digest_bound_license_bundles_disable_checkout_conversion (test_tls_provider_poc.ProviderPocWindowsTests.test_digest_bound_license_bundles_disable_checkout_conversion) ... ok
test_expected_revision_mismatch_fails (test_tls_provider_poc.ProviderPocWindowsTests.test_expected_revision_mismatch_fails) ... ok
test_linux_and_macos_results_require_native_runner_identity (test_tls_provider_poc.ProviderPocWindowsTests.test_linux_and_macos_results_require_native_runner_identity) ... ok
test_linux_export_scan_retains_symbols_from_multiline_output (test_tls_provider_poc.ProviderPocWindowsTests.test_linux_export_scan_retains_symbols_from_multiline_output) ... ok
test_successful_result_requires_final_binary_identity (test_tls_provider_poc.ProviderPocWindowsTests.test_successful_result_requires_final_binary_identity) ... ok
test_successful_result_requires_zero_poc_exit_code (test_tls_provider_poc.ProviderPocWindowsTests.test_successful_result_requires_zero_poc_exit_code) ... ok
test_windows_archive_names_cover_all_providers (test_tls_provider_poc.ProviderPocWindowsTests.test_windows_archive_names_cover_all_providers) ... ok
test_windows_cmake_and_poc_use_static_crt (test_tls_provider_poc.ProviderPocWindowsTests.test_windows_cmake_and_poc_use_static_crt) ... ok
test_windows_compile_uses_msvc_and_no_posix_link_flags (test_tls_provider_poc.ProviderPocWindowsTests.test_windows_compile_uses_msvc_and_no_posix_link_flags) ... ok
test_windows_dependency_scan_fails_closed_when_dumpbin_fails (test_tls_provider_poc.ProviderPocWindowsTests.test_windows_dependency_scan_fails_closed_when_dumpbin_fails) ... ok
test_windows_dependency_scan_rejects_prefixless_aws_lc_dlls (test_tls_provider_poc.ProviderPocWindowsTests.test_windows_dependency_scan_rejects_prefixless_aws_lc_dlls) ... ok
test_windows_dependency_scan_rejects_prefixless_mbedtls_dlls (test_tls_provider_poc.ProviderPocWindowsTests.test_windows_dependency_scan_rejects_prefixless_mbedtls_dlls) ... ok
test_windows_dependency_scan_rejects_versioned_tls_dll (test_tls_provider_poc.ProviderPocWindowsTests.test_windows_dependency_scan_rejects_versioned_tls_dll) ... ok
test_windows_export_scan_rejects_unrecognized_success_output (test_tls_provider_poc.ProviderPocWindowsTests.test_windows_export_scan_rejects_unrecognized_success_output) ... ok
test_windows_export_scan_retains_symbols_from_multiline_output (test_tls_provider_poc.ProviderPocWindowsTests.test_windows_export_scan_retains_symbols_from_multiline_output) ... ok
test_windows_openssl_build_uses_vc_target_and_nmake (test_tls_provider_poc.ProviderPocWindowsTests.test_windows_openssl_build_uses_vc_target_and_nmake) ... ok
test_windows_result_requires_native_hosted_runner_identity (test_tls_provider_poc.ProviderPocWindowsTests.test_windows_result_requires_native_hosted_runner_identity) ... ok
test_current_tasks_do_not_depend_on_upstream_candidates (test_upstream_independence.UpstreamIndependenceTest.test_current_tasks_do_not_depend_on_upstream_candidates) ... ok
test_issue_template_marks_upstream_candidates_as_optional (test_upstream_independence.UpstreamIndependenceTest.test_issue_template_marks_upstream_candidates_as_optional) ... ok
test_canonical_model_passes (test_validate_threat_model.ThreatModelValidatorTests.test_canonical_model_passes) ... ok
test_duplicate_threat_id_is_rejected (test_validate_threat_model.ThreatModelValidatorTests.test_duplicate_threat_id_is_rejected) ... ok
test_empty_residual_risk_is_rejected (test_validate_threat_model.ThreatModelValidatorTests.test_empty_residual_risk_is_rejected) ... ok
test_high_threat_cannot_be_accepted (test_validate_threat_model.ThreatModelValidatorTests.test_high_threat_cannot_be_accepted) ... ok
test_high_threat_must_block_release (test_validate_threat_model.ThreatModelValidatorTests.test_high_threat_must_block_release) ... ok
test_malformed_task_id_is_rejected (test_validate_threat_model.ThreatModelValidatorTests.test_malformed_task_id_is_rejected) ... ok
test_missing_required_domain_fails_closed (test_validate_threat_model.ThreatModelValidatorTests.test_missing_required_domain_fails_closed) ... ok
test_required_control_cannot_be_silently_renamed (test_validate_threat_model.ThreatModelValidatorTests.test_required_control_cannot_be_silently_renamed) ... ok
test_unknown_control_reference_is_rejected (test_validate_threat_model.ThreatModelValidatorTests.test_unknown_control_reference_is_rejected) ... ok
test_well_formed_missing_backlog_task_is_rejected (test_validate_threat_model.ThreatModelValidatorTests.test_well_formed_missing_backlog_task_is_rejected) ... ok
test_excluded_candidate_cannot_be_shortlisted (test_validate_tls_provider_matrix.Tests.test_excluded_candidate_cannot_be_shortlisted) ... ok
test_final_selection_must_be_deferred_to_m0_020 (test_validate_tls_provider_matrix.Tests.test_final_selection_must_be_deferred_to_m0_020) ... ok
test_harmony_cannot_be_claimed_before_poc (test_validate_tls_provider_matrix.Tests.test_harmony_cannot_be_claimed_before_poc) ... ok
test_incompatible_license_must_be_excluded (test_validate_tls_provider_matrix.Tests.test_incompatible_license_must_be_excluded) ... ok
test_missing_platform_fails (test_validate_tls_provider_matrix.Tests.test_missing_platform_fails) ... ok
test_repository_matrix_passes (test_validate_tls_provider_matrix.Tests.test_repository_matrix_passes) ... ok
test_third_party_comparison_source_rejected (test_validate_tls_provider_matrix.Tests.test_third_party_comparison_source_rejected) ... ok
test_unknown_schema_fails_closed (test_validate_tls_provider_matrix.Tests.test_unknown_schema_fails_closed) ... ok

----------------------------------------------------------------------
Ran 413 tests in 5.998s

OK
test_classification_detects_sustained_starvation (test_dns_carrier_thread.DnsCarrierThreadTests.test_classification_detects_sustained_starvation) ... ok
test_classification_does_not_fail_on_normal_jitter (test_dns_carrier_thread.DnsCarrierThreadTests.test_classification_does_not_fail_on_normal_jitter) ... ok
test_parse_int_list_rejects_duplicates (test_dns_carrier_thread.DnsCarrierThreadTests.test_parse_int_list_rejects_duplicates) ... ok
test_percentile_uses_nearest_rank (test_dns_carrier_thread.DnsCarrierThreadTests.test_percentile_uses_nearest_rank) ... ok
test_probe_parser_retains_host_timestamps_and_gaps (test_dns_carrier_thread.DnsCarrierThreadTests.test_probe_parser_retains_host_timestamps_and_gaps) ... ok
test_shim_parser_rejects_missing_exit (test_dns_carrier_thread.DnsCarrierThreadTests.test_shim_parser_rejects_missing_exit) ... ok
test_shim_parser_requires_paired_calls (test_dns_carrier_thread.DnsCarrierThreadTests.test_shim_parser_requires_paired_calls) ... ok
test_validate_sample_rejects_unintercepted_resolution (test_dns_carrier_thread.DnsCarrierThreadTests.test_validate_sample_rejects_unintercepted_resolution) ... ok
test_atomic_json_output_replaces_without_temporary_files (test_gate_runner.GateRunnerTests.test_atomic_json_output_replaces_without_temporary_files) ... ok
test_cli_writes_error_report_for_malformed_manifest (test_gate_runner.GateRunnerTests.test_cli_writes_error_report_for_malformed_manifest) ... ok
test_disabled_or_wrong_platform_is_skipped (test_gate_runner.GateRunnerTests.test_disabled_or_wrong_platform_is_skipped) ... ok
test_missing_required_tool_is_blocked (test_gate_runner.GateRunnerTests.test_missing_required_tool_is_blocked) ... ok
test_nonzero_exit_fails (test_gate_runner.GateRunnerTests.test_nonzero_exit_fails) ... ok
test_pass_plus_skip_does_not_pass_overall (test_gate_runner.GateRunnerTests.test_pass_plus_skip_does_not_pass_overall) ... ok
test_report_capture_is_bounded_while_full_log_is_retained (test_gate_runner.GateRunnerTests.test_report_capture_is_bounded_while_full_log_is_retained) ... ok
test_successful_scenario_passes (test_gate_runner.GateRunnerTests.test_successful_scenario_passes) ... ok
test_timeout_terminates_child_process_group (test_gate_runner.GateRunnerTests.test_timeout_terminates_child_process_group) ... ok
test_unknown_schema_and_fields_fail_closed (test_gate_runner.GateRunnerTests.test_unknown_schema_and_fields_fail_closed) ... ok
test_classification_requires_count_cases_and_clean_exit (test_http1_quality.Tests.test_classification_requires_count_cases_and_clean_exit) ... ok
test_parse_summary_uses_last_project_total (test_http1_quality.Tests.test_parse_summary_uses_last_project_total) ... ok
test_rejects_inconsistent_or_missing_summary (test_http1_quality.Tests.test_rejects_inconsistent_or_missing_summary) ... ok
test_source_fingerprint_is_stable_and_content_sensitive (test_http1_quality.Tests.test_source_fingerprint_is_stable_and_content_sensitive) ... ok
test_classification_requires_count_cases_and_clean_exit (test_http2_quality.Tests.test_classification_requires_count_cases_and_clean_exit) ... ok
test_parse_summary_uses_last_project_total (test_http2_quality.Tests.test_parse_summary_uses_last_project_total) ... ok
test_rejects_inconsistent_or_missing_summary (test_http2_quality.Tests.test_rejects_inconsistent_or_missing_summary) ... ok
test_source_fingerprint_is_stable_and_content_sensitive (test_http2_quality.Tests.test_source_fingerprint_is_stable_and_content_sensitive) ... ok
test_complete_report_requires_passing_loopback_and_lan (test_m0_005_raw_tcp_baseline.Tests.test_complete_report_requires_passing_loopback_and_lan) ... ok
test_invalid_repetition_bounds_fail_before_compilation (test_m0_005_raw_tcp_baseline.Tests.test_invalid_repetition_bounds_fail_before_compilation) ... ok
test_lan_report_rejects_loopback_route (test_m0_005_raw_tcp_baseline.Tests.test_lan_report_rejects_loopback_route) ... ok
test_parse_heaptrack_allocation_count (test_m0_005_raw_tcp_baseline.Tests.test_parse_heaptrack_allocation_count) ... ok
test_parse_heaptrack_rejects_missing_or_duplicate_count (test_m0_005_raw_tcp_baseline.Tests.test_parse_heaptrack_rejects_missing_or_duplicate_count) ... ok
test_parse_strace_recvfrom_counts_successful_copied_bytes (test_m0_005_raw_tcp_baseline.Tests.test_parse_strace_recvfrom_counts_successful_copied_bytes) ... ok
test_report_measures_counters_but_stays_blocked_without_lan (test_m0_005_raw_tcp_baseline.Tests.test_report_measures_counters_but_stays_blocked_without_lan) ... ok
test_required_payload_matrix_is_exact (test_m0_005_raw_tcp_baseline.Tests.test_required_payload_matrix_is_exact) ... ok
test_accepts_complete_native_windows_report (test_m0_014_windows_copy_profile.M0014ValidatorTests.test_accepts_complete_native_windows_report) ... ok
test_atomic_report_replaces_target_without_temp_residue (test_m0_014_windows_copy_profile.M0014ValidatorTests.test_atomic_report_replaces_target_without_temp_residue) ... ok
test_counting_receiver_adds_dynamic_counter_fields_once (test_m0_014_windows_copy_profile.M0014ValidatorTests.test_counting_receiver_adds_dynamic_counter_fields_once) ... ok
test_environment_report_always_returns_structured_status (test_m0_014_windows_copy_profile.M0014ValidatorTests.test_environment_report_always_returns_structured_status) ... ok
test_instrumentation_retries_empty_etw_heap_reports_with_a_bound (test_m0_014_windows_copy_profile.M0014ValidatorTests.test_instrumentation_retries_empty_etw_heap_reports_with_a_bound) ... ok
test_rejects_cross_compile_and_incomplete_payloads (test_m0_014_windows_copy_profile.M0014ValidatorTests.test_rejects_cross_compile_and_incomplete_payloads) ... ok
test_rejects_missing_four_k_cap_and_cleanup_failure (test_m0_014_windows_copy_profile.M0014ValidatorTests.test_rejects_missing_four_k_cap_and_cleanup_failure) ... ok
test_rejects_skipped_or_derived_metrics_as_pass (test_m0_014_windows_copy_profile.M0014ValidatorTests.test_rejects_skipped_or_derived_metrics_as_pass) ... ok
test_rejects_unknown_schema_and_stale_revision (test_m0_014_windows_copy_profile.M0014ValidatorTests.test_rejects_unknown_schema_and_stale_revision) ... ok
test_xperf_parser_is_bounded_and_fail_closed (test_m0_014_windows_copy_profile.M0014ValidatorTests.test_xperf_parser_is_bounded_and_fail_closed) ... ok
test_cancellation_parser_fails_closed_above_limit (test_m1_025_transport_qualification.M1025TransportQualificationTests.test_cancellation_parser_fails_closed_above_limit) ... ok
test_cancellation_parser_requires_both_complete_scenarios (test_m1_025_transport_qualification.M1025TransportQualificationTests.test_cancellation_parser_requires_both_complete_scenarios) ... ok
test_net05_validation_enforces_payloads_and_thresholds (test_m1_025_transport_qualification.M1025TransportQualificationTests.test_net05_validation_enforces_payloads_and_thresholds) ... ok
test_percentile_uses_nearest_rank (test_m1_025_transport_qualification.M1025TransportQualificationTests.test_percentile_uses_nearest_rank) ... ok
test_aggregate_timing_keeps_repetitions_and_range (test_m1_027_operation_context_profile.Tests.test_aggregate_timing_keeps_repetitions_and_range) ... ok
test_parse_profile_requires_one_expected_stage (test_m1_027_operation_context_profile.Tests.test_parse_profile_requires_one_expected_stage) ... ok
test_perf_output_parser_accepts_user_counters (test_m1_027_operation_context_profile.Tests.test_perf_output_parser_accepts_user_counters) ... ok
test_parser_counts_threads_concurrency_and_delay (test_m2_003_resolver_pool.M2003ResolverPoolGateTests.test_parser_counts_threads_concurrency_and_delay) ... ok
test_parser_requires_complete_native_calls (test_m2_003_resolver_pool.M2003ResolverPoolGateTests.test_parser_requires_complete_native_calls) ... ok
test_validation_rejects_missing_focused_cases (test_m2_003_resolver_pool.M2003ResolverPoolGateTests.test_validation_rejects_missing_focused_cases) ... ok
test_atomic_json_replaces_complete_document_without_temp_residue (test_m2_004_windows_resolver.M2004WindowsResolverGateTests.test_atomic_json_replaces_complete_document_without_temp_residue) ... ok
test_gate_injects_test_stub_only_into_its_workspace_manifest (test_m2_004_windows_resolver.M2004WindowsResolverGateTests.test_gate_injects_test_stub_only_into_its_workspace_manifest) ... ok
test_loaded_report_digest_cannot_follow_an_atomic_replacement (test_m2_004_windows_resolver.M2004WindowsResolverGateTests.test_loaded_report_digest_cannot_follow_an_atomic_replacement) ... ok
test_rejects_missing_test_only_link_stub_marker (test_m2_004_windows_resolver.M2004WindowsResolverGateTests.test_rejects_missing_test_only_link_stub_marker) ... ok
test_rejects_skipped_case_even_with_zero_exit (test_m2_004_windows_resolver.M2004WindowsResolverGateTests.test_rejects_skipped_case_even_with_zero_exit) ... ok
test_rejects_timeout_and_missing_fixture_binding (test_m2_004_windows_resolver.M2004WindowsResolverGateTests.test_rejects_timeout_and_missing_fixture_binding) ... ok
test_rejects_unknown_schema_stale_revision_and_wrong_platform (test_m2_004_windows_resolver.M2004WindowsResolverGateTests.test_rejects_unknown_schema_stale_revision_and_wrong_platform) ... ok
test_stored_validation_must_match_the_validated_report (test_m2_004_windows_resolver.M2004WindowsResolverGateTests.test_stored_validation_must_match_the_validated_report) ... ok
test_target_native_libraries_propagate_to_path_consumers (test_m2_004_windows_resolver.M2004WindowsResolverGateTests.test_target_native_libraries_propagate_to_path_consumers) ... ok
test_test_stub_binding_accepts_windows_as_last_target (test_m2_004_windows_resolver.M2004WindowsResolverGateTests.test_test_stub_binding_accepts_windows_as_last_target) ... ok
test_valid_report_passes (test_m2_004_windows_resolver.M2004WindowsResolverGateTests.test_valid_report_passes) ... ok
test_validation_payload_binds_the_exact_native_report (test_m2_004_windows_resolver.M2004WindowsResolverGateTests.test_validation_payload_binds_the_exact_native_report) ... ok
test_windows_native_source_preserves_distinct_results_and_native_errors (test_m2_004_windows_resolver.M2004WindowsResolverGateTests.test_windows_native_source_preserves_distinct_results_and_native_errors) ... ok
test_fixture_validation_rejects_missing_hosts (test_m2_005_system_resolver.M2005SystemResolverGateTests.test_fixture_validation_rejects_missing_hosts) ... ok
test_parser_allows_sequence_restart_in_another_process (test_m2_005_system_resolver.M2005SystemResolverGateTests.test_parser_allows_sequence_restart_in_another_process) ... ok
test_parser_requires_complete_calls (test_m2_005_system_resolver.M2005SystemResolverGateTests.test_parser_requires_complete_calls) ... ok
test_parser_retains_host_result_and_duration (test_m2_005_system_resolver.M2005SystemResolverGateTests.test_parser_retains_host_result_and_duration) ... ok
test_process_validation_rejects_skipped_gate_cases (test_m2_005_system_resolver.M2005SystemResolverGateTests.test_process_validation_rejects_skipped_gate_cases) ... ok
test_atomic_json_replaces_complete_document_without_temp_residue (test_m2_006_apple_resolver.M2006AppleResolverGateTests.test_atomic_json_replaces_complete_document_without_temp_residue) ... ok
test_atomic_links_and_bounded_cache (test_m2_006_apple_resolver.M2006AppleResolverGateTests.test_atomic_links_and_bounded_cache) ... ok
test_cancellation_waits_for_native_job_readiness (test_m2_006_apple_resolver.M2006AppleResolverGateTests.test_cancellation_waits_for_native_job_readiness) ... ok
test_gate_injects_test_stub_only_into_selected_workspace_target (test_m2_006_apple_resolver.M2006AppleResolverGateTests.test_gate_injects_test_stub_only_into_selected_workspace_target) ... ok
test_ios_launch_retry_is_limited_to_empty_timeout (test_m2_006_apple_resolver.M2006AppleResolverGateTests.test_ios_launch_retry_is_limited_to_empty_timeout) ... ok
test_ios_probe_accepts_cjc_equals_form_target_argument (test_m2_006_apple_resolver.M2006AppleResolverGateTests.test_ios_probe_accepts_cjc_equals_form_target_argument) ... ok
test_ios_runtime_libraries_use_only_the_simulator_sdk_directory (test_m2_006_apple_resolver.M2006AppleResolverGateTests.test_ios_runtime_libraries_use_only_the_simulator_sdk_directory) ... ok
test_ios_target_uses_builder_published_sysroot (test_m2_006_apple_resolver.M2006AppleResolverGateTests.test_ios_target_uses_builder_published_sysroot) ... ok
test_ios_uses_single_process_app_launch_and_fixed_deployment_target (test_m2_006_apple_resolver.M2006AppleResolverGateTests.test_ios_uses_single_process_app_launch_and_fixed_deployment_target) ... ok
test_rejects_cross_compile_only_and_missing_simulator_evidence (test_m2_006_apple_resolver.M2006AppleResolverGateTests.test_rejects_cross_compile_only_and_missing_simulator_evidence) ... ok
test_rejects_duplicate_case_names_and_unbound_probe_copy (test_m2_006_apple_resolver.M2006AppleResolverGateTests.test_rejects_duplicate_case_names_and_unbound_probe_copy) ... ok
test_rejects_incomplete_duplicate_or_failed_simulator_trace (test_m2_006_apple_resolver.M2006AppleResolverGateTests.test_rejects_incomplete_duplicate_or_failed_simulator_trace) ... ok
test_rejects_incomplete_or_changed_simulator_probe (test_m2_006_apple_resolver.M2006AppleResolverGateTests.test_rejects_incomplete_or_changed_simulator_probe) ... ok
test_rejects_skipped_timeout_and_fixture_not_bound (test_m2_006_apple_resolver.M2006AppleResolverGateTests.test_rejects_skipped_timeout_and_fixture_not_bound) ... ok
test_rejects_unknown_schema_stale_revision_and_wrong_platform (test_m2_006_apple_resolver.M2006AppleResolverGateTests.test_rejects_unknown_schema_stale_revision_and_wrong_platform) ... ok
test_retry_requires_empty_timeout_and_complete_recovery (test_m2_006_apple_resolver.M2006AppleResolverGateTests.test_retry_requires_empty_timeout_and_complete_recovery) ... ok
test_sdk_discovery_uses_the_configured_xcrun (test_m2_006_apple_resolver.M2006AppleResolverGateTests.test_sdk_discovery_uses_the_configured_xcrun) ... ok
test_target_native_libraries_propagate_to_path_consumers (test_m2_006_apple_resolver.M2006AppleResolverGateTests.test_target_native_libraries_propagate_to_path_consumers) ... ok
test_valid_native_ios_simulator_report_passes (test_m2_006_apple_resolver.M2006AppleResolverGateTests.test_valid_native_ios_simulator_report_passes) ... ok
test_valid_native_macos_report_passes (test_m2_006_apple_resolver.M2006AppleResolverGateTests.test_valid_native_macos_report_passes) ... ok
test_validation_payload_binds_the_exact_native_report (test_m2_006_apple_resolver.M2006AppleResolverGateTests.test_validation_payload_binds_the_exact_native_report) ... ok
test_parses_deadline_marker (test_m2_015_native_network.M2015NativeNetworkGateTest.test_parses_deadline_marker) ... ok
test_parses_success_marker (test_m2_015_native_network.M2015NativeNetworkGateTest.test_parses_success_marker) ... ok
test_rejects_missing_or_duplicate_result (test_m2_015_native_network.M2015NativeNetworkGateTest.test_rejects_missing_or_duplicate_result) ... ok
test_resource_trend_is_fail_closed_and_detects_growth (test_m2_015_native_network.M2015NativeNetworkGateTest.test_resource_trend_is_fail_closed_and_detects_growth) ... ok
test_campaign_manifest_is_not_in_generic_gate_runner_namespace (test_m7_023_linux_fuzz.M7023LinuxFuzzGateTest.test_campaign_manifest_is_not_in_generic_gate_runner_namespace) ... ok
test_classification_requires_one_exact_marker_and_threshold (test_m7_023_linux_fuzz.M7023LinuxFuzzGateTest.test_classification_requires_one_exact_marker_and_threshold) ... ok
test_crash_artifact_replays_only_checked_in_coordinates (test_m7_023_linux_fuzz.M7023LinuxFuzzGateTest.test_crash_artifact_replays_only_checked_in_coordinates) ... ok
test_manifest_covers_exact_prd_targets_and_verified_corpora (test_m7_023_linux_fuzz.M7023LinuxFuzzGateTest.test_manifest_covers_exact_prd_targets_and_verified_corpora) ... ok
test_nonzero_and_timeout_fail_even_with_a_pass_marker (test_m7_023_linux_fuzz.M7023LinuxFuzzGateTest.test_nonzero_and_timeout_fail_even_with_a_pass_marker) ... ok
test_o2_rewrite_requires_one_compile_option (test_m7_023_linux_fuzz.M7023LinuxFuzzGateTest.test_o2_rewrite_requires_one_compile_option) ... ok
test_path_escape_and_invalid_hex_fail_closed (test_m7_023_linux_fuzz.M7023LinuxFuzzGateTest.test_path_escape_and_invalid_hex_fail_closed) ... ok
test_campaign_manifest_is_not_in_generic_gate_runner_namespace (test_m7_024_linux_performance.M7024LinuxPerformanceGateTest.test_campaign_manifest_is_not_in_generic_gate_runner_namespace) ... ok
test_checked_in_baselines_pass_all_eight_domains (test_m7_024_linux_performance.M7024LinuxPerformanceGateTest.test_checked_in_baselines_pass_all_eight_domains) ... ok
test_domain_schema_error_and_atomic_failure_report_are_explicit (test_m7_024_linux_performance.M7024LinuxPerformanceGateTest.test_domain_schema_error_and_atomic_failure_report_are_explicit) ... ok
test_http2_source_drift_fails_domain (test_m7_024_linux_performance.M7024LinuxPerformanceGateTest.test_http2_source_drift_fails_domain) ... ok
test_manifest_inventory_and_digest_fail_closed (test_m7_024_linux_performance.M7024LinuxPerformanceGateTest.test_manifest_inventory_and_digest_fail_closed) ... ok
test_missing_workload_and_under_sampled_raw_tcp_fail (test_m7_024_linux_performance.M7024LinuxPerformanceGateTest.test_missing_workload_and_under_sampled_raw_tcp_fail) ... ok
test_path_escape_and_non_finite_json_fail_closed (test_m7_024_linux_performance.M7024LinuxPerformanceGateTest.test_path_escape_and_non_finite_json_fail_closed) ... ok
test_threshold_comparisons_accept_equality_and_reject_misses (test_m7_024_linux_performance.M7024LinuxPerformanceGateTest.test_threshold_comparisons_accept_equality_and_reject_misses) ... ok
test_toolchain_environment_mismatch_fails_domain (test_m7_024_linux_performance.M7024LinuxPerformanceGateTest.test_toolchain_environment_mismatch_fails_domain) ... ok
test_nearest_rank_percentile (test_net01_close_wakeup.Net01Tests.test_nearest_rank_percentile) ... ok
test_operation_must_be_blocked (test_net01_close_wakeup.Net01Tests.test_operation_must_be_blocked) ... ok
test_parse_exactly_one_result (test_net01_close_wakeup.Net01Tests.test_parse_exactly_one_result) ... ok
test_sources_use_public_api_only (test_net01_close_wakeup.Net01Tests.test_sources_use_public_api_only) ... ok
test_threshold_fails_closed (test_net01_close_wakeup.Net01Tests.test_threshold_fails_closed) ... ok
test_valid_close_terminal_passes (test_net01_close_wakeup.Net01Tests.test_valid_close_terminal_passes) ... ok
test_write_progress_means_not_blocked (test_net01_close_wakeup.Net01Tests.test_write_progress_means_not_blocked) ... ok
test_wrong_terminal_and_timeout_fail (test_net01_close_wakeup.Net01Tests.test_wrong_terminal_and_timeout_fail) ... ok
test_close_race_requires_both_waiters_after_close (test_net02_full_duplex_races.Net02Tests.test_close_race_requires_both_waiters_after_close) ... ok
test_full_duplex_requires_exact_bytes_and_patterns (test_net02_full_duplex_races.Net02Tests.test_full_duplex_requires_exact_bytes_and_patterns) ... ok
test_parse_and_percentile (test_net02_full_duplex_races.Net02Tests.test_parse_and_percentile) ... ok
test_process_timeout_is_bounded (test_net02_full_duplex_races.Net02Tests.test_process_timeout_is_bounded) ... ok
test_same_direction_evidence_is_observation_not_contract (test_net02_full_duplex_races.Net02Tests.test_same_direction_evidence_is_observation_not_contract) ... ok
test_sources_use_only_public_std_net (test_net02_full_duplex_races.Net02Tests.test_sources_use_only_public_std_net) ... ok
test_classify_accepts_absolute_budget_with_small_overshoot (test_net03_absolute_deadline.Net03AbsoluteDeadlineTests.test_classify_accepts_absolute_budget_with_small_overshoot) ... ok
test_classify_rejects_early_terminal (test_net03_absolute_deadline.Net03AbsoluteDeadlineTests.test_classify_rejects_early_terminal) ... ok
test_classify_rejects_excessive_overshoot (test_net03_absolute_deadline.Net03AbsoluteDeadlineTests.test_classify_rejects_excessive_overshoot) ... ok
test_parse_budgets (test_net03_absolute_deadline.Net03AbsoluteDeadlineTests.test_parse_budgets) ... ok
test_parse_result_requires_one_marker (test_net03_absolute_deadline.Net03AbsoluteDeadlineTests.test_parse_result_requires_one_marker) ... ok
test_partial_write_requires_stable_progress_window (test_net03_absolute_deadline.Net03AbsoluteDeadlineTests.test_partial_write_requires_stable_progress_window) ... ok
test_fin (test_net04_terminal_evidence.Tests.test_fin) ... ok
test_local_eof_ambiguous (test_net04_terminal_evidence.Tests.test_local_eof_ambiguous) ... ok
test_local_exception_distinct (test_net04_terminal_evidence.Tests.test_local_exception_distinct) ... ok
test_local_first_eof_ambiguous (test_net04_terminal_evidence.Tests.test_local_first_eof_ambiguous) ... ok
test_ordered_races (test_net04_terminal_evidence.Tests.test_ordered_races) ... ok
test_parse_exactly_one (test_net04_terminal_evidence.Tests.test_parse_exactly_one) ... ok
test_rst (test_net04_terminal_evidence.Tests.test_rst) ... ok
test_schedule_covers_orders (test_net04_terminal_evidence.Tests.test_schedule_covers_orders) ... ok
test_adapter_sample_requires_zero_staging_copies (test_net05_large_buffer_profile.Tests.test_adapter_sample_requires_zero_staging_copies) ... ok
test_classify_exact_sample (test_net05_large_buffer_profile.Tests.test_classify_exact_sample) ... ok
test_classify_rejects_byte_mismatch (test_net05_large_buffer_profile.Tests.test_classify_rejects_byte_mismatch) ... ok
test_comparison_applies_both_prd_thresholds (test_net05_large_buffer_profile.Tests.test_comparison_applies_both_prd_thresholds) ... ok
test_comparison_uses_one_unittest_binary_shape (test_net05_large_buffer_profile.Tests.test_comparison_uses_one_unittest_binary_shape) ... ok
test_fixed_4k_cap (test_net05_large_buffer_profile.Tests.test_fixed_4k_cap) ... ok
test_gate_covers_every_prd_payload (test_net05_large_buffer_profile.Tests.test_gate_covers_every_prd_payload) ... ok
test_parse_output (test_net05_large_buffer_profile.Tests.test_parse_output) ... ok
test_parse_rejects_missing_result (test_net05_large_buffer_profile.Tests.test_parse_rejects_missing_result) ... ok
test_parses_native_instrumentation (test_net05_large_buffer_profile.Tests.test_parses_native_instrumentation) ... ok
test_percentile_nearest_rank (test_net05_large_buffer_profile.Tests.test_percentile_nearest_rank) ... ok
test_small_payload_is_not_classified_as_a_fixed_4k_cap (test_net05_large_buffer_profile.Tests.test_small_payload_is_not_classified_as_a_fixed_4k_cap) ... ok
test_zero_byte_sample_needs_no_read_and_aggregates_empty_read_sizes (test_net05_large_buffer_profile.Tests.test_zero_byte_sample_needs_no_read_and_aggregates_empty_read_sizes) ... ok
test_connect_close_classification (test_net06_leak_soak.Tests.test_connect_close_classification) ... ok
test_echo_requires_exact_totals (test_net06_leak_soak.Tests.test_echo_requires_exact_totals) ... ok
test_full_linux_profile_uses_required_counts (test_net06_leak_soak.Tests.test_full_linux_profile_uses_required_counts) ... ok
test_parse_rejects_missing_result (test_net06_leak_soak.Tests.test_parse_rejects_missing_result) ... ok
test_parse_result (test_net06_leak_soak.Tests.test_parse_result) ... ok
test_reset_requires_one_socket_exception_per_iteration (test_net06_leak_soak.Tests.test_reset_requires_one_socket_exception_per_iteration) ... ok
test_resource_aggregate (test_net06_leak_soak.Tests.test_resource_aggregate) ... ok
test_resource_trend_excludes_warmup_and_accepts_bounded_plateau (test_net06_leak_soak.Tests.test_resource_trend_excludes_warmup_and_accepts_bounded_plateau) ... ok
test_resource_trend_is_inconclusive_without_enough_samples (test_net06_leak_soak.Tests.test_resource_trend_is_inconclusive_without_enough_samples) ... ok
test_resource_trend_rejects_sustained_rss_or_fd_growth (test_net06_leak_soak.Tests.test_resource_trend_rejects_sustained_rss_or_fd_growth) ... ok
test_scenario_parser (test_net06_leak_soak.Tests.test_scenario_parser) ... ok
test_tls_cleanup_report_is_fail_closed (test_net06_leak_soak.Tests.test_tls_cleanup_report_is_fail_closed) ... ok
test_transport_cleanup_pass_consumes_serialized_scenario_records (test_net06_leak_soak.Tests.test_transport_cleanup_pass_consumes_serialized_scenario_records) ... ok
test_parses_exact_markers_and_heap_plateau (test_net06_production_cleanup.Tests.test_parses_exact_markers_and_heap_plateau) ... ok
test_process_tree_snapshot_has_resource_classes (test_net06_production_cleanup.Tests.test_process_tree_snapshot_has_resource_classes) ... ok
test_rejects_duplicate_marker (test_net06_production_cleanup.Tests.test_rejects_duplicate_marker) ... ok
test_resource_summary_checks_lifecycle_plateau (test_net06_production_cleanup.Tests.test_resource_summary_checks_lifecycle_plateau) ... ok
test_reused_evidence_fails_closed (test_net06_production_cleanup.Tests.test_reused_evidence_fails_closed) ... ok
test_parse_completed_cycles (test_net06_tls_failure_cleanup.Tests.test_parse_completed_cycles) ... ok
test_parse_rejects_missing_or_duplicate_metric (test_net06_tls_failure_cleanup.Tests.test_parse_rejects_missing_or_duplicate_metric) ... ok
test_heap_trend_excludes_warmup_and_fails_growth (test_sse_streaming_profile.Tests.test_heap_trend_excludes_warmup_and_fails_growth) ... ok
test_parse_output_requires_one_protocol_result (test_sse_streaming_profile.Tests.test_parse_output_requires_one_protocol_result) ... ok
test_resource_trend_checks_every_resource_class (test_sse_streaming_profile.Tests.test_resource_trend_checks_every_resource_class) ... ok
test_short_runs_cannot_be_formal (test_sse_streaming_profile.Tests.test_short_runs_cannot_be_formal) ... ok

----------------------------------------------------------------------
Ran 178 tests in 3.309s

OK
test_baseline_threshold_is_ninety_percent (test_http1_benchmark.Http1BenchmarkTest.test_baseline_threshold_is_ninety_percent) ... ok
test_benchmark_snapshot_enables_o2_without_touching_source_manifest (test_http1_benchmark.Http1BenchmarkTest.test_benchmark_snapshot_enables_o2_without_touching_source_manifest) ... ok
test_descendant_totals_include_recursive_children (test_http1_benchmark.Http1BenchmarkTest.test_descendant_totals_include_recursive_children) ... ok
test_linear_memory_growth_fails (test_http1_benchmark.Http1BenchmarkTest.test_linear_memory_growth_fails) ... ok
test_missing_baseline_is_partial_not_pass (test_http1_benchmark.Http1BenchmarkTest.test_missing_baseline_is_partial_not_pass) ... ok
test_round_summary_rejects_inconsistent_checksums (test_http1_benchmark.Http1BenchmarkTest.test_round_summary_rejects_inconsistent_checksums) ... ok
test_round_summary_uses_median_duration (test_http1_benchmark.Http1BenchmarkTest.test_round_summary_uses_median_duration) ... ok
test_aggregate_combines_reversed_passes (test_http2_benchmark.Http2BenchmarkTest.test_aggregate_combines_reversed_passes) ... ok
test_classification_requires_bounds_and_connection_reduction (test_http2_benchmark.Http2BenchmarkTest.test_classification_requires_bounds_and_connection_reduction) ... ok
test_descendant_totals_include_recursive_children (test_http2_benchmark.Http2BenchmarkTest.test_descendant_totals_include_recursive_children) ... ok
test_nearest_rank_percentiles (test_http2_benchmark.Http2BenchmarkTest.test_nearest_rank_percentiles) ... ok
test_production_source_fingerprint_changes_with_source_bytes (test_http2_benchmark.Http2BenchmarkTest.test_production_source_fingerprint_changes_with_source_bytes) ... ok
test_blackhole_requires_two_connections (test_m2_016_dns_to_connected.M2016BenchmarkTest.test_blackhole_requires_two_connections) ... ok
test_duplicate_indexes_fail_closed (test_m2_016_dns_to_connected.M2016BenchmarkTest.test_duplicate_indexes_fail_closed) ... ok
test_loss_allows_delayed_second_attempt (test_m2_016_dns_to_connected.M2016BenchmarkTest.test_loss_allows_delayed_second_attempt) ... ok
test_nearest_rank (test_m2_016_dns_to_connected.M2016BenchmarkTest.test_nearest_rank) ... ok
test_o2_snapshot_does_not_touch_source_manifest (test_m2_016_dns_to_connected.M2016BenchmarkTest.test_o2_snapshot_does_not_touch_source_manifest) ... ok
test_parse_cancellation_sample (test_m2_016_dns_to_connected.M2016BenchmarkTest.test_parse_cancellation_sample) ... ok
test_parse_success_sample (test_m2_016_dns_to_connected.M2016BenchmarkTest.test_parse_success_sample) ... ok
test_classification_enforces_every_threshold (test_m3_028_tls.M3028TlsGateTest.test_classification_enforces_every_threshold) ... ok
test_nearest_rank_is_not_interpolated (test_m3_028_tls.M3028TlsGateTest.test_nearest_rank_is_not_interpolated) ... ok
test_o2_snapshot_rewrite_is_exact (test_m3_028_tls.M3028TlsGateTest.test_o2_snapshot_rewrite_is_exact) ... ok
test_parses_exact_wirestack_marker (test_m3_028_tls.M3028TlsGateTest.test_parses_exact_wirestack_marker) ... ok
test_rejects_duplicate_or_wrong_marker (test_m3_028_tls.M3028TlsGateTest.test_rejects_duplicate_or_wrong_marker) ... ok

----------------------------------------------------------------------
Ran 24 tests in 0.004s

OK
[33mwarning[0m: unused function:'waitUntilWriteActive'
   [36m==>[0m /home/elliot/playground/Wirestack-pr-worktrees/M8-004-publication/src/internal/transport_stdnet/package.cj:612:5:
    [36m| [0m
[36m612[0m [36m| [0m      internal func waitUntilWriteActive(timeout: Duration): Bool {[0m
    [36m| [0m [33m_[0m[33m____^[0m
[36m613[0m [36m| [0m[33m|[0m         let expiresAt = MonoTime.now() + timeout[0m
    [36m| [0m[33m|[0m ...[0m
[36m622[0m [36m| [0m[33m|[0m     }[0m
    [36m| [0m[33m|[0m[33m_[0m[33m____^ unused function[0m
    [36m| [0m
    [36m#[0m [0mnote[0m: this warning can be suppressed by setting the compiler option `-Woff unused`

[33mwarning[0m: unused function:'waitUntilAcceptActive'
   [36m==>[0m /home/elliot/playground/Wirestack-pr-worktrees/M8-004-publication/src/internal/transport_stdnet/package.cj:910:5:
    [36m| [0m
[36m910[0m [36m| [0m      func waitUntilAcceptActive(timeout: Duration): Bool {[0m
    [36m| [0m [33m_[0m[33m____^[0m
[36m911[0m [36m| [0m[33m|[0m         let expiresAt = MonoTime.now() + timeout[0m
    [36m| [0m[33m|[0m ...[0m
[36m919[0m [36m| [0m[33m|[0m     }[0m
    [36m| [0m[33m|[0m[33m_[0m[33m____^ unused function[0m
    [36m| [0m
    [36m#[0m [0mnote[0m: this warning can be suppressed by setting the compiler option `-Woff unused`

2 warnings generated, 2 warnings printed.
[33mwarning[0m: unused function:'waitUntilWaiters'
   [36m==>[0m /home/elliot/playground/Wirestack-pr-worktrees/M8-004-publication/src/internal/http1/connection_pool.cj:374:5:
    [36m| [0m
[36m374[0m [36m| [0m      internal func waitUntilWaiters(expected: Int64, timeout: Duration): Bool {[0m
    [36m| [0m [33m_[0m[33m____^[0m
[36m375[0m [36m| [0m[33m|[0m         let expiresAt = MonoTime.now() + timeout[0m
    [36m| [0m[33m|[0m ...[0m
[36m384[0m [36m| [0m[33m|[0m     }[0m
    [36m| [0m[33m|[0m[33m_[0m[33m____^ unused function[0m
    [36m| [0m
    [36m#[0m [0mnote[0m: this warning can be suppressed by setting the compiler option `-Woff unused`

1 warning generated, 1 warning printed.
[33mwarning[0m: unreachable block in 'if' expression
   [36m| [0m
   [36m| [0m  /* 6.10 */                if(e is AssertException) {[0m
   [36m| [0m [33m_[0m[33m___________________________________________________^[0m
   [36m| [0m[33m|[0m /* 6.11 */                    throw e[0m
   [36m| [0m[33m|[0m /* 6.12 */                }[0m
   [36m| [0m[33m|[0m[33m_[0m[33m__________________________^ unreachable block in 'if' expression[0m
   [36m| [0m
   [36m#[0m [0mnote[0m: this warning can be suppressed by setting the compiler option `-Woff unused`
[34mnote[0m: the code after the macro is expanded as follows
    [36m| [0m
    [36m| [0m  /* 6.1 */@Attribute[TEST_GENERATED] class PublicTlsFacadeTest <: TestClass {[0m
    [36m| [0m [34m_[0m[34m^[0m
    [36m| [0m[34m|[0m /* 6.2 */    @Attribute[TestCase_0][0m
    [36m| [0m[34m|[0m /* 6.3 */    func clientBuilderRejectsReversedVersionRangeBeforeTransportIo(): Unit {[0m
    [36m| [0m[34m|[0m /* 6.4 */        try {[0m
    [36m| [0m[34m|[0m /* 6.5 */            try {[0m
    [36m| [0m[34m|[0m /* 6.6 */                assertEqual("true", "true", true, true)[0m
    [36m| [0m[34m|[0m /* 6.7 */                TlsClientContext.builder().versions(TlsVersion.Tls13, TlsVersion.Tls12).build()[0m
    [36m| [0m[34m|[0m /* 6.8 */                fail("@AssertThrows: Expected 'TlsContextException' was not caught.")[0m
    [36m| [0m[34m|[0m /* 6.9 */            } catch(e: TlsContextException) {[0m
    [36m| [0m[34m|[0m /* 6.10 */                if(e is AssertException) {[0m
    [36m| [0m[34m|[0m /* 6.11 */                    throw e[0m
    [36m| [0m[34m|[0m /* 6.12 */                }[0m
    [36m| [0m[34m|[0m /* 6.13 */                if(e is AssertIntermediateException) {[0m
    [36m| [0m[34m|[0m /* 6.14 */                    throw e[0m
    [36m| [0m[34m|[0m /* 6.15 */                }[0m
    [36m| [0m[34m|[0m /* 6.16 */                if(e is UnittestTimeoutException) {[0m
    [36m| [0m[34m|[0m /* 6.17 */                    throw e[0m
    [36m| [0m[34m|[0m /* 6.18 */                }[0m
    [36m| [0m[34m|[0m /* 6.19 */                e[0m
    [36m| [0m[34m|[0m /* 6.20 */            }[0m
    [36m| [0m[34m|[0m /* 6.21 */        } catch(e: Exception) {[0m
    [36m| [0m[34m|[0m /* 6.22 */            if(e is AssertException || e is AssertIntermediateException || e is UnittestTimeoutException) {[0m
    [36m| [0m[34m|[0m /* 6.23 */                throw e[0m
    [36m| [0m[34m|[0m /* 6.24 */            }[0m
    [36m| [0m[34m|[0m /* 6.25 */            assertCaughtUnexpectedE("@AssertThrows(TlsContextException)", "TlsContextException", e.toString())[0m
    [36m| [0m[34m|[0m /* 6.26 */        }[0m
    [36m| [0m[34m|[0m /* 6.27 */    }[0m
    [36m| [0m[34m|[0m /* 6.28 */    [0m
    [36m| [0m[34m|[0m /* 6.29 */    @Attribute[TestCase_1][0m
    [36m| [0m[34m|[0m /* 6.30 */    func serverBuilderRequiresAnIdentityBeforeTransportIo(): Unit {[0m
    [36m| [0m[34m|[0m /* 6.31 */        try {[0m
    [36m| [0m[34m|[0m /* 6.32 */            try {[0m
    [36m| [0m[34m|[0m /* 6.33 */                assertEqual("true", "true", true, true)[0m
    [36m| [0m[34m|[0m /* 6.34 */                TlsServerContext.builder().build()[0m
    [36m| [0m[34m|[0m /* 6.35 */                fail("@AssertThrows: Expected 'TlsContextException' was not caught.")[0m
    [36m| [0m[34m|[0m /* 6.36 */            } catch(e: TlsContextException) {[0m
    [36m| [0m[34m|[0m /* 6.37 */                if(e is AssertException) {[0m
    [36m| [0m[34m|[0m /* 6.38 */                    throw e[0m
    [36m| [0m[34m|[0m /* 6.39 */                }[0m
    [36m| [0m[34m|[0m /* 6.40 */                if(e is AssertIntermediateException) {[0m
    [36m| [0m[34m|[0m /* 6.41 */                    throw e[0m
    [36m| [0m[34m|[0m /* 6.42 */                }[0m
    [36m| [0m[34m|[0m /* 6.43 */                if(e is UnittestTimeoutException) {[0m
    [36m| [0m[34m|[0m /* 6.44 */                    throw e[0m
    [36m| [0m[34m|[0m /* 6.45 */                }[0m
    [36m| [0m[34m|[0m /* 6.46 */                e[0m
    [36m| [0m[34m|[0m /* 6.47 */            }[0m
    [36m| [0m[34m|[0m /* 6.48 */        } catch(e: Exception) {[0m
    [36m| [0m[34m|[0m /* 6.49 */            if(e is AssertException || e is AssertIntermediateException || e is UnittestTimeoutException) {[0m
    [36m| [0m[34m|[0m /* 6.50 */                throw e[0m
    [36m| [0m[34m|[0m /* 6.51 */            }[0m
    [36m| [0m[34m|[0m /* 6.52 */            assertCaughtUnexpectedE("@AssertThrows(TlsContextException)", "TlsContextException", e.toString())[0m
    [36m| [0m[34m|[0m /* 6.53 */        }[0m
    [36m| [0m[34m|[0m /* 6.54 */    }[0m
    [36m| [0m[34m|[0m /* 6.55 */    [0m
    [36m| [0m[34m|[0m /* 6.56 */    @Attribute[TestCase_2][0m
    [36m| [0m[34m|[0m /* 6.57 */    func clientBuilderCopiesAlpnAndPublishesProviderNeutralCapabilities(): Unit {[0m
    [36m| [0m[34m|[0m /* 6.58 */        let protocols =["h2", "http/1.1"][0m
    [36m| [0m[34m|[0m /* 6.59 */        let context = TlsClientContext.builder().alpn(protocols).build()[0m
    [36m| [0m[34m|[0m /* 6.60 */        protocols[0] = "mutated"[0m
    [36m| [0m[34m|[0m /* 6.61 */        expectEqual("context.alpnProtocols()", "[\"h2\", \"http/1.1\"]", context.alpnProtocols(),["h2", "http/1.1"], isDelta: false)[0m
    [36m| [0m[34m|[0m /* 6.62 */        expectEqual("context.capabilities.supports(TlsCapability.Tls13)", "true", context.capabilities.supports(TlsCapability.Tls13), true, isDelta: false)[0m
    [36m| [0m[34m|[0m /* 6.63 */        expectEqual("context.capabilities.supports(TlsCapability.ServerMode)", "true", context.capabilities.supports(TlsCapability.ServerMode), true, isDelta: false)[0m
    [36m| [0m[34m|[0m /* 6.64 */    }[0m
    [36m| [0m[34m|[0m /* 6.65 */    [0m
    [36m| [0m[34m|[0m /* 6.66 */    @Attribute[TestCase_3][0m
    [36m| [0m[34m|[0m /* 6.67 */    func preCancelledHandshakeConsumesAndAbortsTheTransport(): Unit {[0m
    [36m| [0m[34m|[0m /* 6.68 */        let source = CancellationSource()[0m
    [36m| [0m[34m|[0m /* 6.69 */        source.cancel()[0m
    [36m| [0m[34m|[0m /* 6.70 */        let transport = CountingTransport()[0m
    [36m| [0m[34m|[0m /* 6.71 */        let context = OperationContext(cancellation: source.token)[0m
    [36m| [0m[34m|[0m /* 6.72 */        try {[0m
    [36m| [0m[34m|[0m /* 6.73 */            try {[0m
    [36m| [0m[34m|[0m /* 6.74 */                assertEqual("true", "true", true, true)[0m
    [36m| [0m[34m|[0m /* 6.75 */                TlsClientContext.builder().build().handshake(transport, HostName("example.com"), context: context)[0m
    [36m| [0m[34m|[0m /* 6.76 */                fail("@AssertThrows: Expected 'NetworkException' was not caught.")[0m
    [36m| [0m[34m|[0m /* 6.77 */            } catch(e: NetworkException) {[0m
    [36m| [0m[34m|[0m /* 6.78 */                if(e is AssertException) {[0m
    [36m| [0m[34m|[0m /* 6.79 */                    throw e[0m
    [36m| [0m[34m|[0m /* 6.80 */                }[0m
    [36m| [0m[34m|[0m /* 6.81 */                if(e is AssertIntermediateException) {[0m
    [36m| [0m[34m|[0m /* 6.82 */                    throw e[0m
    [36m| [0m[34m|[0m /* 6.83 */                }[0m
    [36m| [0m[34m|[0m /* 6.84 */                if(e is UnittestTimeoutException) {[0m
    [36m| [0m[34m|[0m /* 6.85 */                    throw e[0m
    [36m| [0m[34m|[0m /* 6.86 */                }[0m
    [36m| [0m[34m|[0m /* 6.87 */                e[0m
    [36m| [0m[34m|[0m /* 6.88 */            }[0m
    [36m| [0m[34m|[0m /* 6.89 */        } catch(e: Exception) {[0m
    [36m| [0m[34m|[0m /* 6.90 */            if(e is AssertException || e is AssertIntermediateException || e is UnittestTimeoutException) {[0m
    [36m| [0m[34m|[0m /* 6.91 */                throw e[0m
    [36m| [0m[34m|[0m /* 6.92 */            }[0m
    [36m| [0m[34m|[0m /* 6.93 */            assertCaughtUnexpectedE("@AssertThrows(NetworkException)", "NetworkException", e.toString())[0m
    [36m| [0m[34m|[0m /* 6.94 */        }[0m
    [36m| [0m[34m|[0m /* 6.95 */        expectEqual("transport.abortCalls", "1", transport.abortCalls, 1, isDelta: false)[0m
    [36m| [0m[34m|[0m /* 6.96 */        expectEqual("transport.closeCalls", "0", transport.closeCalls, 0, isDelta: false)[0m
    [36m| [0m[34m|[0m /* 6.97 */    }[0m
    [36m| [0m[34m|[0m /* 6.98 */    [0m
    [36m| [0m[34m|[0m /* 6.99 */    init() {[0m
    [36m| [0m[34m|[0m /* 6.100 */    }[0m
    [36m| [0m[34m|[0m /* 6.101 */    private func classConfiguration(): Configuration {[0m
    [36m| [0m[34m|[0m /* 6.102 */        let configuration = Configuration()[0m
    [36m| [0m[34m|[0m /* 6.103 */        [0m
    [36m| [0m[34m|[0m /* 6.104 */        return configuration[0m
    [36m| [0m[34m|[0m /* 6.105 */    }[0m
    [36m| [0m[34m|[0m /* 6.106 */    public override func asTestSuite(): TestSuite {[0m
    [36m| [0m[34m|[0m /* 6.107 */        [0m
    [36m| [0m[34m|[0m /* 6.108 */        let suiteConfiguration = classConfiguration()[0m
    [36m| [0m[34m|[0m /* 6.109 */        let suiteBuilder = TestSuite.builder("PublicTlsFacadeTest").configure(suiteConfiguration)[0m
    [36m| [0m[34m|[0m /* 6.110 */        [0m
    [36m| [0m[34m|[0m /* 6.111 */        { => let caseConfig = Configuration()[0m
    [36m| [0m[34m|[0m /* 6.112 */            [0m
    [36m| [0m[34m|[0m /* 6.113 */            let clientBuilderRejectsReversedVersionRangeBeforeTransportIoTestFunc = { => clientBuilderRejectsReversedVersionRangeBeforeTransportIo();() }[0m
    [36m| [0m[34m|[0m /* 6.114 */            suiteBuilder.add([0m
    [36m| [0m[34m|[0m /* 6.115 */            UnitTestCase.create([0m
    [36m| [0m[34m|[0m /* 6.116 */            "clientBuilderRejectsReversedVersionRangeBeforeTransportIo",[0m
    [36m| [0m[34m|[0m /* 6.117 */            configuration: caseConfig,[0m
    [36m| [0m[34m|[0m /* 6.118 */            body: clientBuilderRejectsReversedVersionRangeBeforeTransportIoTestFunc[0m
    [36m| [0m[34m|[0m /* 6.119 */            )[0m
    [36m| [0m[34m|[0m /* 6.120 */            )[0m
    [36m| [0m[34m|[0m /* 6.121 */            [0m
    [36m| [0m[34m|[0m /* 6.122 */        }()[0m
    [36m| [0m[34m|[0m /* 6.123 */        [0m
    [36m| [0m[34m|[0m /* 6.124 */        [0m
    [36m| [0m[34m|[0m /* 6.125 */        { => let caseConfig = Configuration()[0m
    [36m| [0m[34m|[0m /* 6.126 */            [0m
    [36m| [0m[34m|[0m /* 6.127 */            let serverBuilderRequiresAnIdentityBeforeTransportIoTestFunc = { => serverBuilderRequiresAnIdentityBeforeTransportIo();() }[0m
    [36m| [0m[34m|[0m /* 6.128 */            suiteBuilder.add([0m
    [36m| [0m[34m|[0m /* 6.129 */            UnitTestCase.create([0m
    [36m| [0m[34m|[0m /* 6.130 */            "serverBuilderRequiresAnIdentityBeforeTransportIo",[0m
    [36m| [0m[34m|[0m /* 6.131 */            configuration: caseConfig,[0m
    [36m| [0m[34m|[0m /* 6.132 */            body: serverBuilderRequiresAnIdentityBeforeTransportIoTestFunc[0m
    [36m| [0m[34m|[0m /* 6.133 */            )[0m
    [36m| [0m[34m|[0m /* 6.134 */            )[0m
    [36m| [0m[34m|[0m /* 6.135 */            [0m
    [36m| [0m[34m|[0m /* 6.136 */        }()[0m
    [36m| [0m[34m|[0m /* 6.137 */        [0m
    [36m| [0m[34m|[0m /* 6.138 */        [0m
    [36m| [0m[34m|[0m /* 6.139 */        { => let caseConfig = Configuration()[0m
    [36m| [0m[34m|[0m /* 6.140 */            [0m
    [36m| [0m[34m|[0m /* 6.141 */            let clientBuilderCopiesAlpnAndPublishesProviderNeutralCapabilitiesTestFunc = { => clientBuilderCopiesAlpnAndPublishesProviderNeutralCapabilities();() }[0m
    [36m| [0m[34m|[0m /* 6.142 */            suiteBuilder.add([0m
    [36m| [0m[34m|[0m /* 6.143 */            UnitTestCase.create([0m
    [36m| [0m[34m|[0m /* 6.144 */            "clientBuilderCopiesAlpnAndPublishesProviderNeutralCapabilities",[0m
    [36m| [0m[34m|[0m /* 6.145 */            configuration: caseConfig,[0m
    [36m| [0m[34m|[0m /* 6.146 */            body: clientBuilderCopiesAlpnAndPublishesProviderNeutralCapabilitiesTestFunc[0m
    [36m| [0m[34m|[0m /* 6.147 */            )[0m
    [36m| [0m[34m|[0m /* 6.148 */            )[0m
    [36m| [0m[34m|[0m /* 6.149 */            [0m
    [36m| [0m[34m|[0m /* 6.150 */        }()[0m
    [36m| [0m[34m|[0m /* 6.151 */        [0m
    [36m| [0m[34m|[0m /* 6.152 */        [0m
    [36m| [0m[34m|[0m /* 6.153 */        { => let caseConfig = Configuration()[0m
    [36m| [0m[34m|[0m /* 6.154 */            [0m
    [36m| [0m[34m|[0m /* 6.155 */            let preCancelledHandshakeConsumesAndAbortsTheTransportTestFunc = { => preCancelledHandshakeConsumesAndAbortsTheTransport();() }[0m
    [36m| [0m[34m|[0m /* 6.156 */            suiteBuilder.add([0m
    [36m| [0m[34m|[0m /* 6.157 */            UnitTestCase.create([0m
    [36m| [0m[34m|[0m /* 6.158 */            "preCancelledHandshakeConsumesAndAbortsTheTransport",[0m
    [36m| [0m[34m|[0m /* 6.159 */            configuration: caseConfig,[0m
    [36m| [0m[34m|[0m /* 6.160 */            body: preCancelledHandshakeConsumesAndAbortsTheTransportTestFunc[0m
    [36m| [0m[34m|[0m /* 6.161 */            )[0m
    [36m| [0m[34m|[0m /* 6.162 */            )[0m
    [36m| [0m[34m|[0m /* 6.163 */            [0m
    [36m| [0m[34m|[0m /* 6.164 */        }()[0m
    [36m| [0m[34m|[0m /* 6.165 */        [0m
    [36m| [0m[34m|[0m /* 6.166 */        return suiteBuilder.build()[0m
    [36m| [0m[34m|[0m /* 6.167 */    }[0m
    [36m| [0m[34m|[0m /* 6.168 */    private func inheritedFromClassAnnotatedByTestTemplate < T >(): TestSuite where T <: TestClass {[0m
    [36m| [0m[34m|[0m /* 6.169 */        throw Exception("Unreachable code")[0m
    [36m| [0m[34m|[0m /* 6.170 */    }[0m
    [36m| [0m[34m|[0m /* 6.171 */}[0m
    [36m| [0m[34m|[0m /* 6.172 */[0m
    [36m| [0m[34m|[0m /* 6.173 */[0m
    [36m| [0m[34m|[0m /* 6.174 */interface TestPackageExtension_PublicTlsFacadeTest {[0m
    [36m| [0m[34m|[0m /* 6.175 */    func registerPublicTlsFacadeTest(): Unit[0m
    [36m| [0m[34m|[0m /* 6.176 */}[0m
    [36m| [0m[34m|[0m /* 6.177 */extend TestPackage <: TestPackageExtension_PublicTlsFacadeTest {[0m
    [36m| [0m[34m|[0m /* 6.178 */    @Attribute[TEST_REGISTER][0m
    [36m| [0m[34m|[0m /* 6.179 */    public func registerPublicTlsFacadeTest() {[0m
    [36m| [0m[34m|[0m /* 6.180 */        registerSuite({ => PublicTlsFacadeTest().asTestSuite() })[0m
    [36m| [0m[34m|[0m /* 6.181 */    }[0m
    [36m| [0m[34m|[0m /* 6.182 */}[0m
    [36m| [0m[34m|[0m /* 6.183 */[0m
    [36m| [0m[34m|[0m[34m_[0m[34m__________^[0m
    [36m| [0m
[34mnote[0m: the warning occurs after the macro is expanded
  [36m==>[0m /home/elliot/playground/Wirestack-pr-worktrees/M8-004-publication/src/tls/facade_test.cj:6:1:
   [36m| [0m
[36m6[0m  [36m| [0m  @Test[0m
   [36m| [0m [34m_[0m[34m^[0m
[36m7[0m  [36m| [0m[34m|[0m class PublicTlsFacadeTest {[0m
   [36m| [0m[34m|[0m ...[0m
[36m48[0m [36m| [0m[34m|[0m }[0m
   [36m| [0m[34m|[0m[34m_[0m[34m^[0m
   [36m| [0m

[33mwarning[0m: unreachable block in 'if' expression
   [36m| [0m
   [36m| [0m  /* 6.13 */                if(e is AssertIntermediateException) {[0m
   [36m| [0m [33m_[0m[33m_______________________________________________________________^[0m
   [36m| [0m[33m|[0m /* 6.14 */                    throw e[0m
   [36m| [0m[33m|[0m /* 6.15 */                }[0m
   [36m| [0m[33m|[0m[33m_[0m[33m__________________________^ unreachable block in 'if' expression[0m
   [36m| [0m
   [36m#[0m [0mnote[0m: this warning can be suppressed by setting the compiler option `-Woff unused`
[34mnote[0m: the warning occurs after the macro is expanded
  [36m==>[0m /home/elliot/playground/Wirestack-pr-worktrees/M8-004-publication/src/tls/facade_test.cj:6:1:
   [36m| [0m
[36m6[0m  [36m| [0m  @Test[0m
   [36m| [0m [34m_[0m[34m^[0m
[36m7[0m  [36m| [0m[34m|[0m class PublicTlsFacadeTest {[0m
   [36m| [0m[34m|[0m ...[0m
[36m48[0m [36m| [0m[34m|[0m }[0m
   [36m| [0m[34m|[0m[34m_[0m[34m^[0m
   [36m| [0m

[33mwarning[0m: unreachable block in 'if' expression
   [36m| [0m
   [36m| [0m  /* 6.16 */                if(e is UnittestTimeoutException) {[0m
   [36m| [0m [33m_[0m[33m____________________________________________________________^[0m
   [36m| [0m[33m|[0m /* 6.17 */                    throw e[0m
   [36m| [0m[33m|[0m /* 6.18 */                }[0m
   [36m| [0m[33m|[0m[33m_[0m[33m__________________________^ unreachable block in 'if' expression[0m
   [36m| [0m
   [36m#[0m [0mnote[0m: this warning can be suppressed by setting the compiler option `-Woff unused`
[34mnote[0m: the warning occurs after the macro is expanded
  [36m==>[0m /home/elliot/playground/Wirestack-pr-worktrees/M8-004-publication/src/tls/facade_test.cj:6:1:
   [36m| [0m
[36m6[0m  [36m| [0m  @Test[0m
   [36m| [0m [34m_[0m[34m^[0m
[36m7[0m  [36m| [0m[34m|[0m class PublicTlsFacadeTest {[0m
   [36m| [0m[34m|[0m ...[0m
[36m48[0m [36m| [0m[34m|[0m }[0m
   [36m| [0m[34m|[0m[34m_[0m[34m^[0m
   [36m| [0m

[33mwarning[0m: unreachable block in 'if' expression
   [36m| [0m
   [36m| [0m  /* 6.37 */                if(e is AssertException) {[0m
   [36m| [0m [33m_[0m[33m___________________________________________________^[0m
   [36m| [0m[33m|[0m /* 6.38 */                    throw e[0m
   [36m| [0m[33m|[0m /* 6.39 */                }[0m
   [36m| [0m[33m|[0m[33m_[0m[33m__________________________^ unreachable block in 'if' expression[0m
   [36m| [0m
   [36m#[0m [0mnote[0m: this warning can be suppressed by setting the compiler option `-Woff unused`
[34mnote[0m: the warning occurs after the macro is expanded
  [36m==>[0m /home/elliot/playground/Wirestack-pr-worktrees/M8-004-publication/src/tls/facade_test.cj:6:1:
   [36m| [0m
[36m6[0m  [36m| [0m  @Test[0m
   [36m| [0m [34m_[0m[34m^[0m
[36m7[0m  [36m| [0m[34m|[0m class PublicTlsFacadeTest {[0m
   [36m| [0m[34m|[0m ...[0m
[36m48[0m [36m| [0m[34m|[0m }[0m
   [36m| [0m[34m|[0m[34m_[0m[34m^[0m
   [36m| [0m

[33mwarning[0m: unreachable block in 'if' expression
   [36m| [0m
   [36m| [0m  /* 6.40 */                if(e is AssertIntermediateException) {[0m
   [36m| [0m [33m_[0m[33m_______________________________________________________________^[0m
   [36m| [0m[33m|[0m /* 6.41 */                    throw e[0m
   [36m| [0m[33m|[0m /* 6.42 */                }[0m
   [36m| [0m[33m|[0m[33m_[0m[33m__________________________^ unreachable block in 'if' expression[0m
   [36m| [0m
   [36m#[0m [0mnote[0m: this warning can be suppressed by setting the compiler option `-Woff unused`
[34mnote[0m: the warning occurs after the macro is expanded
  [36m==>[0m /home/elliot/playground/Wirestack-pr-worktrees/M8-004-publication/src/tls/facade_test.cj:6:1:
   [36m| [0m
[36m6[0m  [36m| [0m  @Test[0m
   [36m| [0m [34m_[0m[34m^[0m
[36m7[0m  [36m| [0m[34m|[0m class PublicTlsFacadeTest {[0m
   [36m| [0m[34m|[0m ...[0m
[36m48[0m [36m| [0m[34m|[0m }[0m
   [36m| [0m[34m|[0m[34m_[0m[34m^[0m
   [36m| [0m

[33mwarning[0m: unreachable block in 'if' expression
   [36m| [0m
   [36m| [0m  /* 6.43 */                if(e is UnittestTimeoutException) {[0m
   [36m| [0m [33m_[0m[33m____________________________________________________________^[0m
   [36m| [0m[33m|[0m /* 6.44 */                    throw e[0m
   [36m| [0m[33m|[0m /* 6.45 */                }[0m
   [36m| [0m[33m|[0m[33m_[0m[33m__________________________^ unreachable block in 'if' expression[0m
   [36m| [0m
   [36m#[0m [0mnote[0m: this warning can be suppressed by setting the compiler option `-Woff unused`
[34mnote[0m: the warning occurs after the macro is expanded
  [36m==>[0m /home/elliot/playground/Wirestack-pr-worktrees/M8-004-publication/src/tls/facade_test.cj:6:1:
   [36m| [0m
[36m6[0m  [36m| [0m  @Test[0m
   [36m| [0m [34m_[0m[34m^[0m
[36m7[0m  [36m| [0m[34m|[0m class PublicTlsFacadeTest {[0m
   [36m| [0m[34m|[0m ...[0m
[36m48[0m [36m| [0m[34m|[0m }[0m
   [36m| [0m[34m|[0m[34m_[0m[34m^[0m
   [36m| [0m

6 warnings generated, 6 warnings printed.
[33mwarning[0m: unused expression
   [36m| [0m
   [36m| [0m/* 10.29 */                    None < TlsProviderException >[0m
   [36m| [0m                               [33m^^^^^^^^^^^^^^^^^^^^^^^^^^^^^ unused expression[0m
   [36m| [0m
   [36m#[0m [0mnote[0m: this warning can be suppressed by setting the compiler option `-Woff unused`
[34mnote[0m: the code after the macro is expanded as follows
    [36m| [0m
    [36m| [0m  /* 10.1 */@Attribute[TEST_GENERATED] class TlsProviderSubstitutionTest <: TestClass {[0m
    [36m| [0m [34m_[0m[34m^[0m
    [36m| [0m[34m|[0m /* 10.2 */    @Attribute[TestCase_62][0m
    [36m| [0m[34m|[0m /* 10.3 */    func testProviderUsesTheProductionFactoryContract(): Unit {[0m
    [36m| [0m[34m|[0m /* 10.4 */        let provider = TestTlsProviderFactory("test-one").create()[0m
    [36m| [0m[34m|[0m /* 10.5 */        try {[0m
    [36m| [0m[34m|[0m /* 10.6 */            expectEqual("provider.manifest().providerId", "\"wirestack-test\"", provider.manifest().providerId, "wirestack-test", isDelta: false)[0m
    [36m| [0m[34m|[0m /* 10.7 */            expectEqual("provider.manifest().fingerprint", "\"test-one\"", provider.manifest().fingerprint, "test-one", isDelta: false)[0m
    [36m| [0m[34m|[0m /* 10.8 */            expectEqual("provider.capabilities().supports(TlsCapability.Tls13)", "true", provider.capabilities().supports(TlsCapability.Tls13), true, isDelta: false)[0m
    [36m| [0m[34m|[0m /* 10.9 */            let context = TlsClientContext.builder(provider.manifest(), provider.capabilities()).trust(TrustPolicy.customRoots(CertificateChain([DerCertificate(tlsTestCertificateDer())]))).build()[0m
    [36m| [0m[34m|[0m /* 10.10 */            let engine = provider.createClientEngine(context, ReferenceIdentity.Dns(HostName("example.com")), serverName: None < HostName >)[0m
    [36m| [0m[34m|[0m /* 10.11 */            expectEqual("isComplete(engine.handshakeStep())", "true", isComplete(engine.handshakeStep()), true, isDelta: false)[0m
    [36m| [0m[34m|[0m /* 10.12 */            engine.close()[0m
    [36m| [0m[34m|[0m /* 10.13 */        } finally {[0m
    [36m| [0m[34m|[0m /* 10.14 */            provider.close()[0m
    [36m| [0m[34m|[0m /* 10.15 */        }[0m
    [36m| [0m[34m|[0m /* 10.16 */    }[0m
    [36m| [0m[34m|[0m /* 10.17 */    [0m
    [36m| [0m[34m|[0m /* 10.18 */    @Attribute[TestCase_63][0m
    [36m| [0m[34m|[0m /* 10.19 */    func objectsFromDifferentProviderInstancesCannotMix(): Unit {[0m
    [36m| [0m[34m|[0m /* 10.20 */        let first = TestTlsProvider("first")[0m
    [36m| [0m[34m|[0m /* 10.21 */        let second = TestTlsProvider("second")[0m
    [36m| [0m[34m|[0m /* 10.22 */        try {[0m
    [36m| [0m[34m|[0m /* 10.23 */            let context = TlsClientContext.builder(first.manifest(), first.capabilities()).trust(TrustPolicy.customRoots(CertificateChain([DerCertificate(tlsTestCertificateDer())]))).build()[0m
    [36m| [0m[34m|[0m /* 10.24 */            try {[0m
    [36m| [0m[34m|[0m /* 10.25 */                try {[0m
    [36m| [0m[34m|[0m /* 10.26 */                    assertEqual("true", "true", true, true)[0m
    [36m| [0m[34m|[0m /* 10.27 */                    second.createClientEngine(context, ReferenceIdentity.Dns(HostName("example.com")), serverName: None < HostName >)[0m
    [36m| [0m[34m|[0m /* 10.28 */                    failExpect("@ExpectThrows: Expected 'TlsProviderException' was not caught.")[0m
    [36m| [0m[34m|[0m /* 10.29 */                    None < TlsProviderException >[0m
    [36m| [0m[34m|[0m /* 10.30 */                } catch(e: TlsProviderException) {[0m
    [36m| [0m[34m|[0m /* 10.31 */                    if(e is AssertException) {[0m
    [36m| [0m[34m|[0m /* 10.32 */                        throw e[0m
    [36m| [0m[34m|[0m /* 10.33 */                    }[0m
    [36m| [0m[34m|[0m /* 10.34 */                    if(e is AssertIntermediateException) {[0m
    [36m| [0m[34m|[0m /* 10.35 */                        throw e[0m
    [36m| [0m[34m|[0m /* 10.36 */                    }[0m
    [36m| [0m[34m|[0m /* 10.37 */                    if(e is UnittestTimeoutException) {[0m
    [36m| [0m[34m|[0m /* 10.38 */                        throw e[0m
    [36m| [0m[34m|[0m /* 10.39 */                    }[0m
    [36m| [0m[34m|[0m /* 10.40 */                    e[0m
    [36m| [0m[34m|[0m /* 10.41 */                }[0m
    [36m| [0m[34m|[0m /* 10.42 */            } catch(e: Exception) {[0m
    [36m| [0m[34m|[0m /* 10.43 */                if(e is AssertException || e is AssertIntermediateException || e is UnittestTimeoutException) {[0m
    [36m| [0m[34m|[0m /* 10.44 */                    throw e[0m
    [36m| [0m[34m|[0m /* 10.45 */                }[0m
    [36m| [0m[34m|[0m /* 10.46 */                expectCaughtUnexpectedE("@ExpectThrows(TlsProviderException)", "TlsProviderException", e.toString())[0m
    [36m| [0m[34m|[0m /* 10.47 */                None < TlsProviderException >[0m
    [36m| [0m[34m|[0m /* 10.48 */            }[0m
    [36m| [0m[34m|[0m /* 10.49 */        } finally {[0m
    [36m| [0m[34m|[0m /* 10.50 */            first.close()[0m
    [36m| [0m[34m|[0m /* 10.51 */            second.close()[0m
    [36m| [0m[34m|[0m /* 10.52 */        }[0m
    [36m| [0m[34m|[0m /* 10.53 */    }[0m
    [36m| [0m[34m|[0m /* 10.54 */    [0m
    [36m| [0m[34m|[0m /* 10.55 */    @Attribute[TestCase_64][0m
    [36m| [0m[34m|[0m /* 10.56 */    func activeEngineRetainsProviderUntilItCloses(): Unit {[0m
    [36m| [0m[34m|[0m /* 10.57 */        let provider = TestTlsProvider("lifetime")[0m
    [36m| [0m[34m|[0m /* 10.58 */        let engine = provider.createEngine(TlsEngineRole.Client, TlsSecurityPolicy.forProfile(TlsSecurityProfile.Modern))[0m
    [36m| [0m[34m|[0m /* 10.59 */        provider.close()[0m
    [36m| [0m[34m|[0m /* 10.60 */        expectEqual("provider.closeRequested()", "true", provider.closeRequested(), true, isDelta: false)[0m
    [36m| [0m[34m|[0m /* 10.61 */        expectEqual("! provider.resourcesReleased()", "true", ! provider.resourcesReleased(), true, isDelta: false)[0m
    [36m| [0m[34m|[0m /* 10.62 */        expectEqual("isComplete(engine.handshakeStep())", "true", isComplete(engine.handshakeStep()), true, isDelta: false)[0m
    [36m| [0m[34m|[0m /* 10.63 */        engine.close()[0m
    [36m| [0m[34m|[0m /* 10.64 */        expectEqual("provider.resourcesReleased()", "true", provider.resourcesReleased(), true, isDelta: false)[0m
    [36m| [0m[34m|[0m /* 10.65 */        engine.close()[0m
    [36m| [0m[34m|[0m /* 10.66 */        expectEqual("provider.resourcesReleased()", "true", provider.resourcesReleased(), true, isDelta: false)[0m
    [36m| [0m[34m|[0m /* 10.67 */    }[0m
    [36m| [0m[34m|[0m /* 10.68 */    [0m
    [36m| [0m[34m|[0m /* 10.69 */    init() {[0m
    [36m| [0m[34m|[0m /* 10.70 */    }[0m
    [36m| [0m[34m|[0m /* 10.71 */    private func classConfiguration(): Configuration {[0m
    [36m| [0m[34m|[0m /* 10.72 */        let configuration = Configuration()[0m
    [36m| [0m[34m|[0m /* 10.73 */        [0m
    [36m| [0m[34m|[0m /* 10.74 */        return configuration[0m
    [36m| [0m[34m|[0m /* 10.75 */    }[0m
    [36m| [0m[34m|[0m /* 10.76 */    public override func asTestSuite(): TestSuite {[0m
    [36m| [0m[34m|[0m /* 10.77 */        [0m
    [36m| [0m[34m|[0m /* 10.78 */        let suiteConfiguration = classConfiguration()[0m
    [36m| [0m[34m|[0m /* 10.79 */        let suiteBuilder = TestSuite.builder("TlsProviderSubstitutionTest").configure(suiteConfiguration)[0m
    [36m| [0m[34m|[0m /* 10.80 */        [0m
    [36m| [0m[34m|[0m /* 10.81 */        { => let caseConfig = Configuration()[0m
    [36m| [0m[34m|[0m /* 10.82 */            [0m
    [36m| [0m[34m|[0m /* 10.83 */            let testProviderUsesTheProductionFactoryContractTestFunc = { => testProviderUsesTheProductionFactoryContract();() }[0m
    [36m| [0m[34m|[0m /* 10.84 */            suiteBuilder.add([0m
    [36m| [0m[34m|[0m /* 10.85 */            UnitTestCase.create([0m
    [36m| [0m[34m|[0m /* 10.86 */            "testProviderUsesTheProductionFactoryContract",[0m
    [36m| [0m[34m|[0m /* 10.87 */            configuration: caseConfig,[0m
    [36m| [0m[34m|[0m /* 10.88 */            body: testProviderUsesTheProductionFactoryContractTestFunc[0m
    [36m| [0m[34m|[0m /* 10.89 */            )[0m
    [36m| [0m[34m|[0m /* 10.90 */            )[0m
    [36m| [0m[34m|[0m /* 10.91 */            [0m
    [36m| [0m[34m|[0m /* 10.92 */        }()[0m
    [36m| [0m[34m|[0m /* 10.93 */        [0m
    [36m| [0m[34m|[0m /* 10.94 */        [0m
    [36m| [0m[34m|[0m /* 10.95 */        { => let caseConfig = Configuration()[0m
    [36m| [0m[34m|[0m /* 10.96 */            [0m
    [36m| [0m[34m|[0m /* 10.97 */            let objectsFromDifferentProviderInstancesCannotMixTestFunc = { => objectsFromDifferentProviderInstancesCannotMix();() }[0m
    [36m| [0m[34m|[0m /* 10.98 */            suiteBuilder.add([0m
    [36m| [0m[34m|[0m /* 10.99 */            UnitTestCase.create([0m
    [36m| [0m[34m|[0m /* 10.100 */            "objectsFromDifferentProviderInstancesCannotMix",[0m
    [36m| [0m[34m|[0m /* 10.101 */            configuration: caseConfig,[0m
    [36m| [0m[34m|[0m /* 10.102 */            body: objectsFromDifferentProviderInstancesCannotMixTestFunc[0m
    [36m| [0m[34m|[0m /* 10.103 */            )[0m
    [36m| [0m[34m|[0m /* 10.104 */            )[0m
    [36m| [0m[34m|[0m /* 10.105 */            [0m
    [36m| [0m[34m|[0m /* 10.106 */        }()[0m
    [36m| [0m[34m|[0m /* 10.107 */        [0m
    [36m| [0m[34m|[0m /* 10.108 */        [0m
    [36m| [0m[34m|[0m /* 10.109 */        { => let caseConfig = Configuration()[0m
    [36m| [0m[34m|[0m /* 10.110 */            [0m
    [36m| [0m[34m|[0m /* 10.111 */            let activeEngineRetainsProviderUntilItClosesTestFunc = { => activeEngineRetainsProviderUntilItCloses();() }[0m
    [36m| [0m[34m|[0m /* 10.112 */            suiteBuilder.add([0m
    [36m| [0m[34m|[0m /* 10.113 */            UnitTestCase.create([0m
    [36m| [0m[34m|[0m /* 10.114 */            "activeEngineRetainsProviderUntilItCloses",[0m
    [36m| [0m[34m|[0m /* 10.115 */            configuration: caseConfig,[0m
    [36m| [0m[34m|[0m /* 10.116 */            body: activeEngineRetainsProviderUntilItClosesTestFunc[0m
    [36m| [0m[34m|[0m /* 10.117 */            )[0m
    [36m| [0m[34m|[0m /* 10.118 */            )[0m
    [36m| [0m[34m|[0m /* 10.119 */            [0m
    [36m| [0m[34m|[0m /* 10.120 */        }()[0m
    [36m| [0m[34m|[0m /* 10.121 */        [0m
    [36m| [0m[34m|[0m /* 10.122 */        return suiteBuilder.build()[0m
    [36m| [0m[34m|[0m /* 10.123 */    }[0m
    [36m| [0m[34m|[0m /* 10.124 */    private func inheritedFromClassAnnotatedByTestTemplate < T >(): TestSuite where T <: TestClass {[0m
    [36m| [0m[34m|[0m /* 10.125 */        throw Exception("Unreachable code")[0m
    [36m| [0m[34m|[0m /* 10.126 */    }[0m
    [36m| [0m[34m|[0m /* 10.127 */}[0m
    [36m| [0m[34m|[0m /* 10.128 */[0m
    [36m| [0m[34m|[0m /* 10.129 */[0m
    [36m| [0m[34m|[0m /* 10.130 */interface TestPackageExtension_TlsProviderSubstitutionTest {[0m
    [36m| [0m[34m|[0m /* 10.131 */    func registerTlsProviderSubstitutionTest(): Unit[0m
    [36m| [0m[34m|[0m /* 10.132 */}[0m
    [36m| [0m[34m|[0m /* 10.133 */extend TestPackage <: TestPackageExtension_TlsProviderSubstitutionTest {[0m
    [36m| [0m[34m|[0m /* 10.134 */    @Attribute[TEST_REGISTER][0m
    [36m| [0m[34m|[0m /* 10.135 */    public func registerTlsProviderSubstitutionTest() {[0m
    [36m| [0m[34m|[0m /* 10.136 */        registerSuite({ => TlsProviderSubstitutionTest().asTestSuite() })[0m
    [36m| [0m[34m|[0m /* 10.137 */    }[0m
    [36m| [0m[34m|[0m /* 10.138 */}[0m
    [36m| [0m[34m|[0m /* 10.139 */[0m
    [36m| [0m[34m|[0m[34m_[0m[34m___________^[0m
    [36m| [0m
[34mnote[0m: the warning occurs after the macro is expanded
  [36m==>[0m /home/elliot/playground/Wirestack-pr-worktrees/M8-004-publication/src/internal/tls_engine/provider_test.cj:10:1:
   [36m| [0m
[36m10[0m [36m| [0m  @Test[0m
   [36m| [0m [34m_[0m[34m^[0m
[36m11[0m [36m| [0m[34m|[0m class TlsProviderSubstitutionTest {[0m
   [36m| [0m[34m|[0m ...[0m
[36m79[0m [36m| [0m[34m|[0m }[0m
   [36m| [0m[34m|[0m[34m_[0m[34m^[0m
   [36m| [0m

[33mwarning[0m: unreachable block in 'if' expression
   [36m| [0m
   [36m| [0m  /* 10.31 */                    if(e is AssertException) {[0m
   [36m| [0m [33m_[0m[33m________________________________________________________^[0m
   [36m| [0m[33m|[0m /* 10.32 */                        throw e[0m
   [36m| [0m[33m|[0m /* 10.33 */                    }[0m
   [36m| [0m[33m|[0m[33m_[0m[33m_______________________________^ unreachable block in 'if' expression[0m
   [36m| [0m
   [36m#[0m [0mnote[0m: this warning can be suppressed by setting the compiler option `-Woff unused`
[34mnote[0m: the warning occurs after the macro is expanded
  [36m==>[0m /home/elliot/playground/Wirestack-pr-worktrees/M8-004-publication/src/internal/tls_engine/provider_test.cj:10:1:
   [36m| [0m
[36m10[0m [36m| [0m  @Test[0m
   [36m| [0m [34m_[0m[34m^[0m
[36m11[0m [36m| [0m[34m|[0m class TlsProviderSubstitutionTest {[0m
   [36m| [0m[34m|[0m ...[0m
[36m79[0m [36m| [0m[34m|[0m }[0m
   [36m| [0m[34m|[0m[34m_[0m[34m^[0m
   [36m| [0m

[33mwarning[0m: unreachable block in 'if' expression
   [36m| [0m
   [36m| [0m  /* 10.34 */                    if(e is AssertIntermediateException) {[0m
   [36m| [0m [33m_[0m[33m____________________________________________________________________^[0m
   [36m| [0m[33m|[0m /* 10.35 */                        throw e[0m
   [36m| [0m[33m|[0m /* 10.36 */                    }[0m
   [36m| [0m[33m|[0m[33m_[0m[33m_______________________________^ unreachable block in 'if' expression[0m
   [36m| [0m
   [36m#[0m [0mnote[0m: this warning can be suppressed by setting the compiler option `-Woff unused`
[34mnote[0m: the warning occurs after the macro is expanded
  [36m==>[0m /home/elliot/playground/Wirestack-pr-worktrees/M8-004-publication/src/internal/tls_engine/provider_test.cj:10:1:
   [36m| [0m
[36m10[0m [36m| [0m  @Test[0m
   [36m| [0m [34m_[0m[34m^[0m
[36m11[0m [36m| [0m[34m|[0m class TlsProviderSubstitutionTest {[0m
   [36m| [0m[34m|[0m ...[0m
[36m79[0m [36m| [0m[34m|[0m }[0m
   [36m| [0m[34m|[0m[34m_[0m[34m^[0m
   [36m| [0m

[33mwarning[0m: unreachable block in 'if' expression
   [36m| [0m
   [36m| [0m  /* 10.37 */                    if(e is UnittestTimeoutException) {[0m
   [36m| [0m [33m_[0m[33m_________________________________________________________________^[0m
   [36m| [0m[33m|[0m /* 10.38 */                        throw e[0m
   [36m| [0m[33m|[0m /* 10.39 */                    }[0m
   [36m| [0m[33m|[0m[33m_[0m[33m_______________________________^ unreachable block in 'if' expression[0m
   [36m| [0m
   [36m#[0m [0mnote[0m: this warning can be suppressed by setting the compiler option `-Woff unused`
[34mnote[0m: the warning occurs after the macro is expanded
  [36m==>[0m /home/elliot/playground/Wirestack-pr-worktrees/M8-004-publication/src/internal/tls_engine/provider_test.cj:10:1:
   [36m| [0m
[36m10[0m [36m| [0m  @Test[0m
   [36m| [0m [34m_[0m[34m^[0m
[36m11[0m [36m| [0m[34m|[0m class TlsProviderSubstitutionTest {[0m
   [36m| [0m[34m|[0m ...[0m
[36m79[0m [36m| [0m[34m|[0m }[0m
   [36m| [0m[34m|[0m[34m_[0m[34m^[0m
   [36m| [0m

[33mwarning[0m: unused expression
   [36m| [0m
   [36m| [0m/* 10.47 */                None < TlsProviderException >[0m
   [36m| [0m                           [33m^^^^^^^^^^^^^^^^^^^^^^^^^^^^^ unused expression[0m
   [36m| [0m
   [36m#[0m [0mnote[0m: this warning can be suppressed by setting the compiler option `-Woff unused`
[34mnote[0m: the warning occurs after the macro is expanded
  [36m==>[0m /home/elliot/playground/Wirestack-pr-worktrees/M8-004-publication/src/internal/tls_engine/provider_test.cj:10:1:
   [36m| [0m
[36m10[0m [36m| [0m  @Test[0m
   [36m| [0m [34m_[0m[34m^[0m
[36m11[0m [36m| [0m[34m|[0m class TlsProviderSubstitutionTest {[0m
   [36m| [0m[34m|[0m ...[0m
[36m79[0m [36m| [0m[34m|[0m }[0m
   [36m| [0m[34m|[0m[34m_[0m[34m^[0m
   [36m| [0m

[33mwarning[0m: unused variable:'serverName'
   [36m==>[0m /home/elliot/playground/Wirestack-pr-worktrees/M8-004-publication/src/internal/tls_engine/provider_test.cj:141:9:
    [36m| [0m
[36m141[0m [36m| [0m        serverName!: ?HostName[0m
    [36m| [0m        [33m^^^^^^^^^^ unused variable[0m
    [36m| [0m
    [36m#[0m [0mnote[0m: this warning can be suppressed by setting the compiler option `-Woff unused`

6 warnings generated, 6 warnings printed.
[33mwarning[0m: unused import 'wirestack.internal.http_model.*'
 [36m==>[0m /home/elliot/playground/Wirestack-pr-worktrees/M8-004-publication/src/internal/http2/stream_reset_test.cj:7:1:
  [36m| [0m
[36m7[0m [36m| [0mimport wirestack.internal.http_model.*[0m
  [36m| [0m[33m^^^^^^^^^^^^^^^^^^^^^^^^^^^^^^^^^^^^^^ unused import[0m
  [36m| [0m
  [36m#[0m [0mnote[0m: this warning can be suppressed by setting the compiler option `-Woff unused`

1 warning generated, 1 warning printed.
[33mwarning[0m: unused expression
  [36m==>[0m /home/elliot/playground/Wirestack-pr-worktrees/M8-004-publication/src/net/dns_wire_test.cj:99:13:
   [36m| [0m
[36m99[0m [36m| [0m            DnsMessageSummary(1u16, 0, false, questionCount: 65536, questions: questions)[0m
   [36m| [0m            [33m^ unused expression[0m
   [36m| [0m
   [36m#[0m [0mnote[0m: this warning can be suppressed by setting the compiler option `-Woff unused`
[34mnote[0m: the warning occurs after the macro is expanded
   [36m==>[0m /home/elliot/playground/Wirestack-pr-worktrees/M8-004-publication/src/net/dns_wire_test.cj:8:1:
    [36m| [0m
[36m8[0m   [36m| [0m  @Test[0m
    [36m| [0m [34m_[0m[34m^[0m
[36m9[0m   [36m| [0m[34m|[0m class DnsWireParserTest {[0m
    [36m| [0m[34m|[0m ...[0m
[36m305[0m [36m| [0m[34m|[0m }[0m
    [36m| [0m[34m|[0m[34m_[0m[34m^[0m
    [36m| [0m
[34mnote[0m: the code after the macro is expanded as follows
    [36m| [0m
    [36m| [0m  /* 8.1 */@Attribute[TEST_GENERATED] class DnsWireParserTest <: TestClass {[0m
    [36m| [0m [34m_[0m[34m^[0m
    [36m| [0m[34m|[0m /* 8.2 */    @Attribute[TestCase_27][0m
    [36m| [0m[34m|[0m /* 8.3 */    func decodesCompressedTargetsBinaryTxtSoaAndUnknownData(): Unit {[0m
    [36m| [0m[34m|[0m /* 8.4 */        let message = dnsTestHeader(0x1234u16, 0x8180u16, 1, 7, 0, 0)[0m
    [36m| [0m[34m|[0m /* 8.5 */        dnsTestAppendQuestion(message, "Example.COM", 1)[0m
    [36m| [0m[34m|[0m /* 8.6 */        dnsTestAppendRecord(message,[0xC0u8, 0x0Cu8], 5,[0xC0u8, 0x0Cu8])[0m
    [36m| [0m[34m|[0m /* 8.7 */        dnsTestAppendRecord(message,[0xC0u8, 0x0Cu8], 12,[0xC0u8, 0x0Cu8])[0m
    [36m| [0m[34m|[0m /* 8.8 */        dnsTestAppendRecord(message,[0xC0u8, 0x0Cu8], 15,[0u8, 10u8, 0xC0u8, 0x0Cu8])[0m
    [36m| [0m[34m|[0m /* 8.9 */        let srv = ArrayList < Byte >()[0m
    [36m| [0m[34m|[0m /* 8.10 */        for(value in[0u8, 1u8, 0u8, 2u8, 1u8, 187u8]) {[0m
    [36m| [0m[34m|[0m /* 8.11 */            srv.add(value)[0m
    [36m| [0m[34m|[0m /* 8.12 */        }[0m
    [36m| [0m[34m|[0m /* 8.13 */        dnsTestAppendName(srv, "Target.Example")[0m
    [36m| [0m[34m|[0m /* 8.14 */        dnsTestAppendRecord(message,[0xC0u8, 0x0Cu8], 33, srv.toArray())[0m
    [36m| [0m[34m|[0m /* 8.15 */        dnsTestAppendRecord(message,[0xC0u8, 0x0Cu8], 16,[3u8, 0u8, 255u8, 65u8, 0u8])[0m
    [36m| [0m[34m|[0m /* 8.16 */        let soa = ArrayList < Byte >()[0m
    [36m| [0m[34m|[0m /* 8.17 */        soa.add(0xC0u8)[0m
    [36m| [0m[34m|[0m /* 8.18 */        soa.add(0x0Cu8)[0m
    [36m| [0m[34m|[0m /* 8.19 */        soa.add(0xC0u8)[0m
    [36m| [0m[34m|[0m /* 8.20 */        soa.add(0x0Cu8)[0m
    [36m| [0m[34m|[0m /* 8.21 */        for(value in[1u32, 2u32, 3u32, 4u32, 30u32]) {[0m
    [36m| [0m[34m|[0m /* 8.22 */            dnsTestAppendU32(soa, value)[0m
    [36m| [0m[34m|[0m /* 8.23 */        }[0m
    [36m| [0m[34m|[0m /* 8.24 */        dnsTestAppendRecord(message,[0xC0u8, 0x0Cu8], 6, soa.toArray())[0m
    [36m| [0m[34m|[0m /* 8.25 */        dnsTestAppendRecord(message,[0xC0u8, 0x0Cu8], 65280,[0xDEu8, 0xADu8])[0m
    [36m| [0m[34m|[0m /* 8.26 */        let summary = DnsMessageParser().parse(message.toArray())[0m
    [36m| [0m[34m|[0m /* 8.27 */        expectEqual("summary.transactionId", "0x1234u16", summary.transactionId, 0x1234u16, isDelta: false)[0m
    [36m| [0m[34m|[0m /* 8.28 */        expectEqual("summary.isResponse", "true", summary.isResponse, true, isDelta: false)[0m
    [36m| [0m[34m|[0m /* 8.29 */        expectEqual("summary.opcode", "0", summary.opcode, 0, isDelta: false)[0m
    [36m| [0m[34m|[0m /* 8.30 */        expectEqual("summary.questions[0].name", "\"example.com\"", summary.questions[0].name, "example.com", isDelta: false)[0m
    [36m| [0m[34m|[0m /* 8.31 */        expectEqual("summary.records.size", "7", summary.records.size, 7, isDelta: false)[0m
    [36m| [0m[34m|[0m /* 8.32 */        expectEqual("dnsTestTarget(summary.records[0])", "\"example.com\"", dnsTestTarget(summary.records[0]), "example.com", isDelta: false)[0m
    [36m| [0m[34m|[0m /* 8.33 */        expectEqual("dnsTestTarget(summary.records[1])", "\"example.com\"", dnsTestTarget(summary.records[1]), "example.com", isDelta: false)[0m
    [36m| [0m[34m|[0m /* 8.34 */        expectEqual("dnsTestTarget(summary.records[2])", "\"example.com\"", dnsTestTarget(summary.records[2]), "example.com", isDelta: false)[0m
    [36m| [0m[34m|[0m /* 8.35 */        expectEqual("dnsTestTarget(summary.records[3])", "\"target.example\"", dnsTestTarget(summary.records[3]), "target.example", isDelta: false)[0m
    [36m| [0m[34m|[0m /* 8.36 */        expectEqual("summary.records[4].data()", "[3u8, 0u8, 255u8, 65u8, 0u8]", summary.records[4].data(),[3u8, 0u8, 255u8, 65u8, 0u8], isDelta: false)[0m
    [36m| [0m[34m|[0m /* 8.37 */        match(summary.records[5].soaMinimum) {[0m
    [36m| [0m[34m|[0m /* 8.38 */            case Some(value) => expectEqual("value", "30u32", value, 30u32, isDelta: false)[0m
    [36m| [0m[34m|[0m /* 8.39 */            case None => fail("SOA minimum was not decoded")[0m
    [36m| [0m[34m|[0m /* 8.40 */        }[0m
    [36m| [0m[34m|[0m /* 8.41 */        match(summary.records[6].recordType) {[0m
    [36m| [0m[34m|[0m /* 8.42 */            case DnsRecordType.Unknown(value) => expectEqual("value", "65280", value, 65280, isDelta: false)[0m
    [36m| [0m[34m|[0m /* 8.43 */            case _ => fail("unknown record type was not preserved")[0m
    [36m| [0m[34m|[0m /* 8.44 */        }[0m
    [36m| [0m[34m|[0m /* 8.45 */        expectEqual("summary.records[6].data()", "[0xDEu8, 0xADu8]", summary.records[6].data(),[0xDEu8, 0xADu8], isDelta: false)[0m
    [36m| [0m[34m|[0m /* 8.46 */    }[0m
    [36m| [0m[34m|[0m /* 8.47 */    [0m
    [36m| [0m[34m|[0m /* 8.48 */    @Attribute[TestCase_28][0m
    [36m| [0m[34m|[0m /* 8.49 */    func recordOrderMakesAnswerAuthorityAndAdditionalBoundariesExplicit(): Unit {[0m
    [36m| [0m[34m|[0m /* 8.50 */        let message = dnsTestHeader(7u16, 0x8180u16, 1, 1, 1, 1)[0m
    [36m| [0m[34m|[0m /* 8.51 */        dnsTestAppendQuestion(message, "ordered.example", 1)[0m
    [36m| [0m[34m|[0m /* 8.52 */        dnsTestAppendRecord(message,[0xC0u8, 0x0Cu8], 1,[1u8, 1u8, 1u8, 1u8])[0m
    [36m| [0m[34m|[0m /* 8.53 */        dnsTestAppendRecord(message,[0xC0u8, 0x0Cu8], 1,[2u8, 2u8, 2u8, 2u8])[0m
    [36m| [0m[34m|[0m /* 8.54 */        dnsTestAppendRecord(message,[0xC0u8, 0x0Cu8], 1,[3u8, 3u8, 3u8, 3u8])[0m
    [36m| [0m[34m|[0m /* 8.55 */        let summary = DnsMessageParser().parse(message.toArray())[0m
    [36m| [0m[34m|[0m /* 8.56 */        expectEqual("summary.answerCount", "1", summary.answerCount, 1, isDelta: false)[0m
    [36m| [0m[34m|[0m /* 8.57 */        expectEqual("summary.authorityCount", "1", summary.authorityCount, 1, isDelta: false)[0m
    [36m| [0m[34m|[0m /* 8.58 */        expectEqual("summary.additionalCount", "1", summary.additionalCount, 1, isDelta: false)[0m
    [36m| [0m[34m|[0m /* 8.59 */        expectEqual("summary.records[0].data()", "[1u8, 1u8, 1u8, 1u8]", summary.records[0].data(),[1u8, 1u8, 1u8, 1u8], isDelta: false)[0m
    [36m| [0m[34m|[0m /* 8.60 */        expectEqual("summary.records[summary.answerCount].data()", "[2u8, 2u8, 2u8, 2u8]", summary.records[summary.answerCount].data(),[2u8, 2u8, 2u8, 2u8], isDelta: false)[0m
    [36m| [0m[34m|[0m /* 8.61 */        expectEqual("summary.records[summary.answerCount + summary.authorityCount].data()", "[3u8, 3u8, 3u8, 3u8]", summary.records[summary.answerCount + summary.authorityCount].data(),[3u8, 3u8, 3u8, 3u8], isDelta: false)[0m
    [36m| [0m[34m|[0m /* 8.62 */    }[0m
    [36m| [0m[34m|[0m /* 8.63 */    [0m
    [36m| [0m[34m|[0m /* 8.64 */    @Attribute[TestCase_29][0m
    [36m| [0m[34m|[0m /* 8.65 */    func summariesAndRecordsOwnParserAndConstructorInputs(): Unit {[0m
    [36m| [0m[34m|[0m /* 8.66 */        let message = dnsTestHeader(9u16, 0x8180u16, 1, 1, 0, 0)[0m
    [36m| [0m[34m|[0m /* 8.67 */        dnsTestAppendQuestion(message, "owned.example", 1)[0m
    [36m| [0m[34m|[0m /* 8.68 */        dnsTestAppendRecord(message,[0xC0u8, 0x0Cu8], 1,[10u8, 20u8, 30u8, 40u8])[0m
    [36m| [0m[34m|[0m /* 8.69 */        let wire = message.toArray()[0m
    [36m| [0m[34m|[0m /* 8.70 */        let summary = DnsMessageParser().parse(wire)[0m
    [36m| [0m[34m|[0m /* 8.71 */        wire[wire.size - 1] = 99u8[0m
    [36m| [0m[34m|[0m /* 8.72 */        let returnedData = summary.records[0].data()[0m
    [36m| [0m[34m|[0m /* 8.73 */        returnedData[0] = 99u8[0m
    [36m| [0m[34m|[0m /* 8.74 */        let supplied =[summary.records[0]][0m
    [36m| [0m[34m|[0m /* 8.75 */        let constructed = DnsMessageSummary(9u16, 1, false, records: supplied)[0m
    [36m| [0m[34m|[0m /* 8.76 */        supplied[0] = DnsRecord("changed.example", DnsRecordType.A, 1u16, 0u32,[9u8, 9u8, 9u8, 9u8])[0m
    [36m| [0m[34m|[0m /* 8.77 */        expectEqual("summary.records[0].name", "\"owned.example\"", summary.records[0].name, "owned.example", isDelta: false)[0m
    [36m| [0m[34m|[0m /* 8.78 */        expectEqual("summary.records[0].data()", "[10u8, 20u8, 30u8, 40u8]", summary.records[0].data(),[10u8, 20u8, 30u8, 40u8], isDelta: false)[0m
    [36m| [0m[34m|[0m /* 8.79 */        expectEqual("constructed.records[0].name", "\"owned.example\"", constructed.records[0].name, "owned.example", isDelta: false)[0m
    [36m| [0m[34m|[0m /* 8.80 */    }[0m
    [36m| [0m[34m|[0m /* 8.81 */    [0m
    [36m| [0m[34m|[0m /* 8.82 */    @Attribute[TestCase_30][0m
    [36m| [0m[34m|[0m /* 8.83 */    func publicSummaryRejectsCountsBeyondWireAndCombinedRecordBounds(): Unit {[0m
    [36m| [0m[34m|[0m /* 8.84 */        let wire = dnsTestHeader(1u16, 0x8180u16, 1, 1, 0, 0)[0m
    [36m| [0m[34m|[0m /* 8.85 */        dnsTestAppendQuestion(wire, "limit.test", 1)[0m
    [36m| [0m[34m|[0m /* 8.86 */        dnsTestAppendRecord(wire,[0xC0u8, 0x0Cu8], 1,[127u8, 0u8, 0u8, 1u8])[0m
    [36m| [0m[34m|[0m /* 8.87 */        let parsed = DnsMessageParser().parse(wire.toArray())[0m
    [36m| [0m[34m|[0m /* 8.88 */        let questions = Array < DnsQuestion >(65536, repeat: parsed.questions[0])[0m
    [36m| [0m[34m|[0m /* 8.89 */        let records = Array < DnsRecord >(65536, repeat: parsed.records[0])[0m
    [36m| [0m[34m|[0m /* 8.90 */        try {[0m
    [36m| [0m[34m|[0m /* 8.91 */            try {[0m
    [36m| [0m[34m|[0m /* 8.92 */                assertEqual("true", "true", true, true)[0m
    [36m| [0m[34m|[0m /* 8.93 */                DnsMessageSummary(1u16, 0, false, questionCount: 65536, questions: questions)[0m
    [36m| [0m[34m|[0m /* 8.94 */                fail("@AssertThrows: Expected 'IllegalArgumentException' was not caught.")[0m
    [36m| [0m[34m|[0m /* 8.95 */            } catch(e: IllegalArgumentException) {[0m
    [36m| [0m[34m|[0m /* 8.96 */                if(e is AssertException) {[0m
    [36m| [0m[34m|[0m /* 8.97 */                    throw e[0m
    [36m| [0m[34m|[0m /* 8.98 */                }[0m
    [36m| [0m[34m|[0m /* 8.99 */                if(e is AssertIntermediateException) {[0m
    [36m| [0m[34m|[0m /* 8.100 */                    throw e[0m
    [36m| [0m[34m|[0m /* 8.101 */                }[0m
    [36m| [0m[34m|[0m /* 8.102 */                if(e is UnittestTimeoutException) {[0m
    [36m| [0m[34m|[0m /* 8.103 */                    throw e[0m
    [36m| [0m[34m|[0m /* 8.104 */                }[0m
    [36m| [0m[34m|[0m /* 8.105 */                e[0m
    [36m| [0m[34m|[0m /* 8.106 */            }[0m
    [36m| [0m[34m|[0m /* 8.107 */        } catch(e: Exception) {[0m
    [36m| [0m[34m|[0m /* 8.108 */            if(e is AssertException || e is AssertIntermediateException || e is UnittestTimeoutException) {[0m
    [36m| [0m[34m|[0m /* 8.109 */                throw e[0m
    [36m| [0m[34m|[0m /* 8.110 */            }[0m
    [36m| [0m[34m|[0m /* 8.111 */            assertCaughtUnexpectedE("@AssertThrows(IllegalArgumentException)", "IllegalArgumentException", e.toString())[0m
    [36m| [0m[34m|[0m /* 8.112 */        }[0m
    [36m| [0m[34m|[0m /* 8.113 */        try {[0m
    [36m| [0m[34m|[0m /* 8.114 */            try {[0m
    [36m| [0m[34m|[0m /* 8.115 */                assertEqual("true", "true", true, true)[0m
    [36m| [0m[34m|[0m /* 8.116 */                DnsMessageSummary(1u16, 65536, false, records: records)[0m
    [36m| [0m[34m|[0m /* 8.117 */                fail("@AssertThrows: Expected 'IllegalArgumentException' was not caught.")[0m
    [36m| [0m[34m|[0m /* 8.118 */            } catch(e: IllegalArgumentException) {[0m
    [36m| [0m[34m|[0m /* 8.119 */                if(e is AssertException) {[0m
    [36m| [0m[34m|[0m /* 8.120 */                    throw e[0m
    [36m| [0m[34m|[0m /* 8.121 */                }[0m
    [36m| [0m[34m|[0m /* 8.122 */                if(e is AssertIntermediateException) {[0m
    [36m| [0m[34m|[0m /* 8.123 */                    throw e[0m
    [36m| [0m[34m|[0m /* 8.124 */                }[0m
    [36m| [0m[34m|[0m /* 8.125 */                if(e is UnittestTimeoutException) {[0m
    [36m| [0m[34m|[0m /* 8.126 */                    throw e[0m
    [36m| [0m[34m|[0m /* 8.127 */                }[0m
    [36m| [0m[34m|[0m /* 8.128 */                e[0m
    [36m| [0m[34m|[0m /* 8.129 */            }[0m
    [36m| [0m[34m|[0m /* 8.130 */        } catch(e: Exception) {[0m
    [36m| [0m[34m|[0m /* 8.131 */            if(e is AssertException || e is AssertIntermediateException || e is UnittestTimeoutException) {[0m
    [36m| [0m[34m|[0m /* 8.132 */                throw e[0m
    [36m| [0m[34m|[0m /* 8.133 */            }[0m
    [36m| [0m[34m|[0m /* 8.134 */            assertCaughtUnexpectedE("@AssertThrows(IllegalArgumentException)", "IllegalArgumentException", e.toString())[0m
    [36m| [0m[34m|[0m /* 8.135 */        }[0m
    [36m| [0m[34m|[0m /* 8.136 */        try {[0m
    [36m| [0m[34m|[0m /* 8.137 */            try {[0m
    [36m| [0m[34m|[0m /* 8.138 */                assertEqual("true", "true", true, true)[0m
    [36m| [0m[34m|[0m /* 8.139 */                DnsMessageSummary(1u16, 32768, false, authorityCount: 32768, records: records)[0m
    [36m| [0m[34m|[0m /* 8.140 */                fail("@AssertThrows: Expected 'IllegalArgumentException' was not caught.")[0m
    [36m| [0m[34m|[0m /* 8.141 */            } catch(e: IllegalArgumentException) {[0m
    [36m| [0m[34m|[0m /* 8.142 */                if(e is AssertException) {[0m
    [36m| [0m[34m|[0m /* 8.143 */                    throw e[0m
    [36m| [0m[34m|[0m /* 8.144 */                }[0m
    [36m| [0m[34m|[0m /* 8.145 */                if(e is AssertIntermediateException) {[0m
    [36m| [0m[34m|[0m /* 8.146 */                    throw e[0m
    [36m| [0m[34m|[0m /* 8.147 */                }[0m
    [36m| [0m[34m|[0m /* 8.148 */                if(e is UnittestTimeoutException) {[0m
    [36m| [0m[34m|[0m /* 8.149 */                    throw e[0m
    [36m| [0m[34m|[0m /* 8.150 */                }[0m
    [36m| [0m[34m|[0m /* 8.151 */                e[0m
    [36m| [0m[34m|[0m /* 8.152 */            }[0m
    [36m| [0m[34m|[0m /* 8.153 */        } catch(e: Exception) {[0m
    [36m| [0m[34m|[0m /* 8.154 */            if(e is AssertException || e is AssertIntermediateException || e is UnittestTimeoutException) {[0m
    [36m| [0m[34m|[0m /* 8.155 */                throw e[0m
    [36m| [0m[34m|[0m /* 8.156 */            }[0m
    [36m| [0m[34m|[0m /* 8.157 */            assertCaughtUnexpectedE("@AssertThrows(IllegalArgumentException)", "IllegalArgumentException", e.toString())[0m
    [36m| [0m[34m|[0m /* 8.158 */        }[0m
    [36m| [0m[34m|[0m /* 8.159 */        let bounded = DnsMessageSummary(1u16, 32768, false, authorityCount: 32767, records: Array < DnsRecord >(65535, repeat: parsed.records[0]))[0m
    [36m| [0m[34m|[0m /* 8.160 */        expectEqual("bounded.records[65534].data()", "[127u8, 0u8, 0u8, 1u8]", bounded.records[65534].data(),[127u8, 0u8, 0u8, 1u8], isDelta: false)[0m
    [36m| [0m[34m|[0m /* 8.161 */    }[0m
    [36m| [0m[34m|[0m /* 8.162 */    [0m
    [36m| [0m[34m|[0m /* 8.163 */    @Attribute[TestCase_31][0m
    [36m| [0m[34m|[0m /* 8.164 */    func parserPreservesQuestionIdentityAndRejectsIncompleteRecords(): Unit {[0m
    [36m| [0m[34m|[0m /* 8.165 */        let wire = dnsTestHeader(0xBEEFu16, 0x0100u16, 1, 0, 0, 0)[0m
    [36m| [0m[34m|[0m /* 8.166 */        dnsTestAppendQuestion(wire, "_HTTPS._TCP.Example.COM", 33)[0m
    [36m| [0m[34m|[0m /* 8.167 */        let query = wire.toArray()[0m
    [36m| [0m[34m|[0m /* 8.168 */        let parsedQuery = DnsMessageParser().parse(query)[0m
    [36m| [0m[34m|[0m /* 8.169 */        expectEqual("! parsedQuery.isResponse", "true", ! parsedQuery.isResponse, true, isDelta: false)[0m
    [36m| [0m[34m|[0m /* 8.170 */        expectEqual("parsedQuery.opcode", "0", parsedQuery.opcode, 0, isDelta: false)[0m
    [36m| [0m[34m|[0m /* 8.171 */        expectEqual("parsedQuery.questionCount", "1", parsedQuery.questionCount, 1, isDelta: false)[0m
    [36m| [0m[34m|[0m /* 8.172 */        expectEqual("parsedQuery.questions[0].name", "\"_https._tcp.example.com\"", parsedQuery.questions[0].name, "_https._tcp.example.com", isDelta: false)[0m
    [36m| [0m[34m|[0m /* 8.173 */        expectEqual("match(parsedQuery.questions[0].recordType) {\n    case DnsRecordType.SRV => true\n    case _ => false\n}", "true", match(parsedQuery.questions[0].recordType) {[0m
    [36m| [0m[34m|[0m /* 8.174 */            case DnsRecordType.SRV => true[0m
    [36m| [0m[34m|[0m /* 8.175 */            case _ => false[0m
    [36m| [0m[34m|[0m /* 8.176 */        }, true, isDelta: false)[0m
    [36m| [0m[34m|[0m /* 8.177 */        expectEqual("parsedQuery.questions[0].recordClass", "1u16", parsedQuery.questions[0].recordClass, 1u16, isDelta: false)[0m
    [36m| [0m[34m|[0m /* 8.178 */        let opcodeMessage = dnsTestHeader(1u16, 0x9000u16, 0, 0, 0, 0)[0m
    [36m| [0m[34m|[0m /* 8.179 */        let opcodeSummary = DnsMessageParser().parse(opcodeMessage.toArray())[0m
    [36m| [0m[34m|[0m /* 8.180 */        expectEqual("opcodeSummary.isResponse", "true", opcodeSummary.isResponse, true, isDelta: false)[0m
    [36m| [0m[34m|[0m /* 8.181 */        expectEqual("opcodeSummary.opcode", "2", opcodeSummary.opcode, 2, isDelta: false)[0m
    [36m| [0m[34m|[0m /* 8.182 */        let truncated = query.clone()[0m
    [36m| [0m[34m|[0m /* 8.183 */        truncated[2] = 0x83u8[0m
    [36m| [0m[34m|[0m /* 8.184 */        truncated[3] = 0x00u8[0m
    [36m| [0m[34m|[0m /* 8.185 */        truncated[6] = 0u8[0m
    [36m| [0m[34m|[0m /* 8.186 */        truncated[7] = 1u8[0m
    [36m| [0m[34m|[0m /* 8.187 */        try {[0m
    [36m| [0m[34m|[0m /* 8.188 */            try {[0m
    [36m| [0m[34m|[0m /* 8.189 */                assertEqual("true", "true", true, true)[0m
    [36m| [0m[34m|[0m /* 8.190 */                DnsMessageParser().parse(truncated)[0m
    [36m| [0m[34m|[0m /* 8.191 */                fail("@AssertThrows: Expected 'api.ResolveException' was not caught.")[0m
    [36m| [0m[34m|[0m /* 8.192 */            } catch(e: api.ResolveException) {[0m
    [36m| [0m[34m|[0m /* 8.193 */                if(e is AssertException) {[0m
    [36m| [0m[34m|[0m /* 8.194 */                    throw e[0m
    [36m| [0m[34m|[0m /* 8.195 */                }[0m
    [36m| [0m[34m|[0m /* 8.196 */                if(e is AssertIntermediateException) {[0m
    [36m| [0m[34m|[0m /* 8.197 */                    throw e[0m
    [36m| [0m[34m|[0m /* 8.198 */                }[0m
    [36m| [0m[34m|[0m /* 8.199 */                if(e is UnittestTimeoutException) {[0m
    [36m| [0m[34m|[0m /* 8.200 */                    throw e[0m
    [36m| [0m[34m|[0m /* 8.201 */                }[0m
    [36m| [0m[34m|[0m /* 8.202 */                e[0m
    [36m| [0m[34m|[0m /* 8.203 */            }[0m
    [36m| [0m[34m|[0m /* 8.204 */        } catch(e: Exception) {[0m
    [36m| [0m[34m|[0m /* 8.205 */            if(e is AssertException || e is AssertIntermediateException || e is UnittestTimeoutException) {[0m
    [36m| [0m[34m|[0m /* 8.206 */                throw e[0m
    [36m| [0m[34m|[0m /* 8.207 */            }[0m
    [36m| [0m[34m|[0m /* 8.208 */            assertCaughtUnexpectedE("@AssertThrows(api.ResolveException)", "api.ResolveException", e.toString())[0m
    [36m| [0m[34m|[0m /* 8.209 */        }[0m
    [36m| [0m[34m|[0m /* 8.210 */    }[0m
    [36m| [0m[34m|[0m /* 8.211 */    [0m
    [36m| [0m[34m|[0m /* 8.212 */    @Attribute[TestCase_32][0m
    [36m| [0m[34m|[0m /* 8.213 */    func asciiNameProfileRejectsAmbiguousLabels(): Unit {[0m
    [36m| [0m[34m|[0m /* 8.214 */        for(invalid in["a..b", "-bad.example", "bad-.example", "bad label", "a/b", "é.example"]) {[0m
    [36m| [0m[34m|[0m /* 8.215 */            let wire = dnsTestHeader(1u16, 0x8180u16, 1, 0, 0, 0)[0m
    [36m| [0m[34m|[0m /* 8.216 */            dnsTestAppendQuestion(wire, invalid, 1)[0m
    [36m| [0m[34m|[0m /* 8.217 */            try {[0m
    [36m| [0m[34m|[0m /* 8.218 */                try {[0m
    [36m| [0m[34m|[0m /* 8.219 */                    assertEqual("true", "true", true, true)[0m
    [36m| [0m[34m|[0m /* 8.220 */                    DnsMessageParser().parse(wire.toArray())[0m
    [36m| [0m[34m|[0m /* 8.221 */                    fail("@AssertThrows: Expected 'api.ResolveException' was not caught.")[0m
    [36m| [0m[34m|[0m /* 8.222 */                } catch(e: api.ResolveException) {[0m
    [36m| [0m[34m|[0m /* 8.223 */                    if(e is AssertException) {[0m
    [36m| [0m[34m|[0m /* 8.224 */                        throw e[0m
    [36m| [0m[34m|[0m /* 8.225 */                    }[0m
    [36m| [0m[34m|[0m /* 8.226 */                    if(e is AssertIntermediateException) {[0m
    [36m| [0m[34m|[0m /* 8.227 */                        throw e[0m
    [36m| [0m[34m|[0m /* 8.228 */                    }[0m
    [36m| [0m[34m|[0m /* 8.229 */                    if(e is UnittestTimeoutException) {[0m
    [36m| [0m[34m|[0m /* 8.230 */                        throw e[0m
    [36m| [0m[34m|[0m /* 8.231 */                    }[0m
    [36m| [0m[34m|[0m /* 8.232 */                    e[0m
    [36m| [0m[34m|[0m /* 8.233 */                }[0m
    [36m| [0m[34m|[0m /* 8.234 */            } catch(e: Exception) {[0m
    [36m| [0m[34m|[0m /* 8.235 */                if(e is AssertException || e is AssertIntermediateException || e is UnittestTimeoutException) {[0m
    [36m| [0m[34m|[0m /* 8.236 */                    throw e[0m
    [36m| [0m[34m|[0m /* 8.237 */                }[0m
    [36m| [0m[34m|[0m /* 8.238 */                assertCaughtUnexpectedE("@AssertThrows(api.ResolveException)", "api.ResolveException", e.toString())[0m
    [36m| [0m[34m|[0m /* 8.239 */            }[0m
    [36m| [0m[34m|[0m /* 8.240 */        }[0m
    [36m| [0m[34m|[0m /* 8.241 */        let message = dnsTestHeader(3u16, 0x8180u16, 1, 0, 0, 0)[0m
    [36m| [0m[34m|[0m /* 8.242 */        message.add(3u8)[0m
    [36m| [0m[34m|[0m /* 8.243 */        message.add(b'a')[0m
    [36m| [0m[34m|[0m /* 8.244 */        message.add(b'.')[0m
    [36m| [0m[34m|[0m /* 8.245 */        message.add(b'b')[0m
    [36m| [0m[34m|[0m /* 8.246 */        message.add(0u8)[0m
    [36m| [0m[34m|[0m /* 8.247 */        dnsTestAppendU16(message, 1)[0m
    [36m| [0m[34m|[0m /* 8.248 */        dnsTestAppendU16(message, 1)[0m
    [36m| [0m[34m|[0m /* 8.249 */        try {[0m
    [36m| [0m[34m|[0m /* 8.250 */            try {[0m
    [36m| [0m[34m|[0m /* 8.251 */                assertEqual("true", "true", true, true)[0m
    [36m| [0m[34m|[0m /* 8.252 */                DnsMessageParser().parse(message.toArray())[0m
    [36m| [0m[34m|[0m /* 8.253 */                fail("@AssertThrows: Expected 'api.ResolveException' was not caught.")[0m
    [36m| [0m[34m|[0m /* 8.254 */            } catch(e: api.ResolveException) {[0m
    [36m| [0m[34m|[0m /* 8.255 */                if(e is AssertException) {[0m
    [36m| [0m[34m|[0m /* 8.256 */                    throw e[0m
    [36m| [0m[34m|[0m /* 8.257 */                }[0m
    [36m| [0m[34m|[0m /* 8.258 */                if(e is AssertIntermediateException) {[0m
    [36m| [0m[34m|[0m /* 8.259 */                    throw e[0m
    [36m| [0m[34m|[0m /* 8.260 */                }[0m
    [36m| [0m[34m|[0m /* 8.261 */                if(e is UnittestTimeoutException) {[0m
    [36m| [0m[34m|[0m /* 8.262 */                    throw e[0m
    [36m| [0m[34m|[0m /* 8.263 */                }[0m
    [36m| [0m[34m|[0m /* 8.264 */                e[0m
    [36m| [0m[34m|[0m /* 8.265 */            }[0m
    [36m| [0m[34m|[0m /* 8.266 */        } catch(e: Exception) {[0m
    [36m| [0m[34m|[0m /* 8.267 */            if(e is AssertException || e is AssertIntermediateException || e is UnittestTimeoutException) {[0m
    [36m| [0m[34m|[0m /* 8.268 */                throw e[0m
    [36m| [0m[34m|[0m /* 8.269 */            }[0m
    [36m| [0m[34m|[0m /* 8.270 */            assertCaughtUnexpectedE("@AssertThrows(api.ResolveException)", "api.ResolveException", e.toString())[0m
    [36m| [0m[34m|[0m /* 8.271 */        }[0m
    [36m| [0m[34m|[0m /* 8.272 */    }[0m
    [36m| [0m[34m|[0m /* 8.273 */    [0m
    [36m| [0m[34m|[0m /* 8.274 */    @Attribute[TestCase_33][0m
    [36m| [0m[34m|[0m /* 8.275 */    func compressionLoopsForwardPointersAndOutOfRangePointersAreRejected(): Unit {[0m
    [36m| [0m[34m|[0m /* 8.276 */        for(name in[[0xC0u8, 0x0Cu8],[0xC0u8, 0x0Eu8],[0xFFu8, 0xFFu8]]) {[0m
    [36m| [0m[34m|[0m /* 8.277 */            let message = dnsTestHeader(1u16, 0x8180u16, 1, 0, 0, 0)[0m
    [36m| [0m[34m|[0m /* 8.278 */            for(value in name) {[0m
    [36m| [0m[34m|[0m /* 8.279 */                message.add(value)[0m
    [36m| [0m[34m|[0m /* 8.280 */            }[0m
    [36m| [0m[34m|[0m /* 8.281 */            try {[0m
    [36m| [0m[34m|[0m /* 8.282 */                try {[0m
    [36m| [0m[34m|[0m /* 8.283 */                    assertEqual("true", "true", true, true)[0m
    [36m| [0m[34m|[0m /* 8.284 */                    DnsMessageParser().parse(message.toArray())[0m
    [36m| [0m[34m|[0m /* 8.285 */                    fail("@AssertThrows: Expected 'api.ResolveException' was not caught.")[0m
    [36m| [0m[34m|[0m /* 8.286 */                } catch(e: api.ResolveException) {[0m
    [36m| [0m[34m|[0m /* 8.287 */                    if(e is AssertException) {[0m
    [36m| [0m[34m|[0m /* 8.288 */                        throw e[0m
    [36m| [0m[34m|[0m /* 8.289 */                    }[0m
    [36m| [0m[34m|[0m /* 8.290 */                    if(e is AssertIntermediateException) {[0m
    [36m| [0m[34m|[0m /* 8.291 */                        throw e[0m
    [36m| [0m[34m|[0m /* 8.292 */                    }[0m
    [36m| [0m[34m|[0m /* 8.293 */                    if(e is UnittestTimeoutException) {[0m
    [36m| [0m[34m|[0m /* 8.294 */                        throw e[0m
    [36m| [0m[34m|[0m /* 8.295 */                    }[0m
    [36m| [0m[34m|[0m /* 8.296 */                    e[0m
    [36m| [0m[34m|[0m /* 8.297 */                }[0m
    [36m| [0m[34m|[0m /* 8.298 */            } catch(e: Exception) {[0m
    [36m| [0m[34m|[0m /* 8.299 */                if(e is AssertException || e is AssertIntermediateException || e is UnittestTimeoutException) {[0m
    [36m| [0m[34m|[0m /* 8.300 */                    throw e[0m
    [36m| [0m[34m|[0m /* 8.301 */                }[0m
    [36m| [0m[34m|[0m /* 8.302 */                assertCaughtUnexpectedE("@AssertThrows(api.ResolveException)", "api.ResolveException", e.toString())[0m
    [36m| [0m[34m|[0m /* 8.303 */            }[0m
    [36m| [0m[34m|[0m /* 8.304 */        }[0m
    [36m| [0m[34m|[0m /* 8.305 */    }[0m
    [36m| [0m[34m|[0m /* 8.306 */    [0m
    [36m| [0m[34m|[0m /* 8.307 */    @Attribute[TestCase_34][0m
    [36m| [0m[34m|[0m /* 8.308 */    func expandedNameAndSectionCountsRespectConfiguredBounds(): Unit {[0m
    [36m| [0m[34m|[0m /* 8.309 */        let question = dnsTestHeader(1u16, 0x8180u16, 1, 0, 0, 0)[0m
    [36m| [0m[34m|[0m /* 8.310 */        dnsTestAppendQuestion(question, "abcd", 1)[0m
    [36m| [0m[34m|[0m /* 8.311 */        try {[0m
    [36m| [0m[34m|[0m /* 8.312 */            try {[0m
    [36m| [0m[34m|[0m /* 8.313 */                assertEqual("true", "true", true, true)[0m
    [36m| [0m[34m|[0m /* 8.314 */                DnsMessageParser(limits: DnsParserLimits(maximumNameBytes: 3)).parse(question.toArray())[0m
    [36m| [0m[34m|[0m /* 8.315 */                fail("@AssertThrows: Expected 'api.ResolveException' was not caught.")[0m
    [36m| [0m[34m|[0m /* 8.316 */            } catch(e: api.ResolveException) {[0m
    [36m| [0m[34m|[0m /* 8.317 */                if(e is AssertException) {[0m
    [36m| [0m[34m|[0m /* 8.318 */                    throw e[0m
    [36m| [0m[34m|[0m /* 8.319 */                }[0m
    [36m| [0m[34m|[0m /* 8.320 */                if(e is AssertIntermediateException) {[0m
    [36m| [0m[34m|[0m /* 8.321 */                    throw e[0m
    [36m| [0m[34m|[0m /* 8.322 */                }[0m
    [36m| [0m[34m|[0m /* 8.323 */                if(e is UnittestTimeoutException) {[0m
    [36m| [0m[34m|[0m /* 8.324 */                    throw e[0m
    [36m| [0m[34m|[0m /* 8.325 */                }[0m
    [36m| [0m[34m|[0m /* 8.326 */                e[0m
    [36m| [0m[34m|[0m /* 8.327 */            }[0m
    [36m| [0m[34m|[0m /* 8.328 */        } catch(e: Exception) {[0m
    [36m| [0m[34m|[0m /* 8.329 */            if(e is AssertException || e is AssertIntermediateException || e is UnittestTimeoutException) {[0m
    [36m| [0m[34m|[0m /* 8.330 */                throw e[0m
    [36m| [0m[34m|[0m /* 8.331 */            }[0m
    [36m| [0m[34m|[0m /* 8.332 */            assertCaughtUnexpectedE("@AssertThrows(api.ResolveException)", "api.ResolveException", e.toString())[0m
    [36m| [0m[34m|[0m /* 8.333 */        }[0m
    [36m| [0m[34m|[0m /* 8.334 */        let tooManyQuestions = dnsTestHeader(1u16, 0x8180u16, 2, 0, 0, 0)[0m
    [36m| [0m[34m|[0m /* 8.335 */        try {[0m
    [36m| [0m[34m|[0m /* 8.336 */            try {[0m
    [36m| [0m[34m|[0m /* 8.337 */                assertEqual("true", "true", true, true)[0m
    [36m| [0m[34m|[0m /* 8.338 */                DnsMessageParser(limits: DnsParserLimits(maximumQuestions: 1)).parse(tooManyQuestions.toArray())[0m
    [36m| [0m[34m|[0m /* 8.339 */                fail("@AssertThrows: Expected 'api.ResolveException' was not caught.")[0m
    [36m| [0m[34m|[0m /* 8.340 */            } catch(e: api.ResolveException) {[0m
    [36m| [0m[34m|[0m /* 8.341 */                if(e is AssertException) {[0m
    [36m| [0m[34m|[0m /* 8.342 */                    throw e[0m
    [36m| [0m[34m|[0m /* 8.343 */                }[0m
    [36m| [0m[34m|[0m /* 8.344 */                if(e is AssertIntermediateException) {[0m
    [36m| [0m[34m|[0m /* 8.345 */                    throw e[0m
    [36m| [0m[34m|[0m /* 8.346 */                }[0m
    [36m| [0m[34m|[0m /* 8.347 */                if(e is UnittestTimeoutException) {[0m
    [36m| [0m[34m|[0m /* 8.348 */                    throw e[0m
    [36m| [0m[34m|[0m /* 8.349 */                }[0m
    [36m| [0m[34m|[0m /* 8.350 */                e[0m
    [36m| [0m[34m|[0m /* 8.351 */            }[0m
    [36m| [0m[34m|[0m /* 8.352 */        } catch(e: Exception) {[0m
    [36m| [0m[34m|[0m /* 8.353 */            if(e is AssertException || e is AssertIntermediateException || e is UnittestTimeoutException) {[0m
    [36m| [0m[34m|[0m /* 8.354 */                throw e[0m
    [36m| [0m[34m|[0m /* 8.355 */            }[0m
    [36m| [0m[34m|[0m /* 8.356 */            assertCaughtUnexpectedE("@AssertThrows(api.ResolveException)", "api.ResolveException", e.toString())[0m
    [36m| [0m[34m|[0m /* 8.357 */        }[0m
    [36m| [0m[34m|[0m /* 8.358 */        let tooManyRecords = dnsTestHeader(1u16, 0x8180u16, 0, 2, 0, 0)[0m
    [36m| [0m[34m|[0m /* 8.359 */        try {[0m
    [36m| [0m[34m|[0m /* 8.360 */            try {[0m
    [36m| [0m[34m|[0m /* 8.361 */                assertEqual("true", "true", true, true)[0m
    [36m| [0m[34m|[0m /* 8.362 */                DnsMessageParser(limits: DnsParserLimits(maximumRecords: 1)).parse(tooManyRecords.toArray())[0m
    [36m| [0m[34m|[0m /* 8.363 */                fail("@AssertThrows: Expected 'api.ResolveException' was not caught.")[0m
    [36m| [0m[34m|[0m /* 8.364 */            } catch(e: api.ResolveException) {[0m
    [36m| [0m[34m|[0m /* 8.365 */                if(e is AssertException) {[0m
    [36m| [0m[34m|[0m /* 8.366 */                    throw e[0m
    [36m| [0m[34m|[0m /* 8.367 */                }[0m
    [36m| [0m[34m|[0m /* 8.368 */                if(e is AssertIntermediateException) {[0m
    [36m| [0m[34m|[0m /* 8.369 */                    throw e[0m
    [36m| [0m[34m|[0m /* 8.370 */                }[0m
    [36m| [0m[34m|[0m /* 8.371 */                if(e is UnittestTimeoutException) {[0m
    [36m| [0m[34m|[0m /* 8.372 */                    throw e[0m
    [36m| [0m[34m|[0m /* 8.373 */                }[0m
    [36m| [0m[34m|[0m /* 8.374 */                e[0m
    [36m| [0m[34m|[0m /* 8.375 */            }[0m
    [36m| [0m[34m|[0m /* 8.376 */        } catch(e: Exception) {[0m
    [36m| [0m[34m|[0m /* 8.377 */            if(e is AssertException || e is AssertIntermediateException || e is UnittestTimeoutException) {[0m
    [36m| [0m[34m|[0m /* 8.378 */                throw e[0m
    [36m| [0m[34m|[0m /* 8.379 */            }[0m
    [36m| [0m[34m|[0m /* 8.380 */            assertCaughtUnexpectedE("@AssertThrows(api.ResolveException)", "api.ResolveException", e.toString())[0m
    [36m| [0m[34m|[0m /* 8.381 */        }[0m
    [36m| [0m[34m|[0m /* 8.382 */        let chained = dnsTestHeader(1u16, 0x8180u16, 1, 2, 0, 0)[0m
    [36m| [0m[34m|[0m /* 8.383 */        dnsTestAppendQuestion(chained, "chain.example", 1)[0m
    [36m| [0m[34m|[0m /* 8.384 */        let firstOwner = chained.size[0m
    [36m| [0m[34m|[0m /* 8.385 */        dnsTestAppendRecord(chained,[0xC0u8, 0x0Cu8], 65000, Array < Byte >())[0m
    [36m| [0m[34m|[0m /* 8.386 */        dnsTestAppendRecord(chained, dnsTestPointer(firstOwner), 65000, Array < Byte >())[0m
    [36m| [0m[34m|[0m /* 8.387 */        try {[0m
    [36m| [0m[34m|[0m /* 8.388 */            try {[0m
    [36m| [0m[34m|[0m /* 8.389 */                assertEqual("true", "true", true, true)[0m
    [36m| [0m[34m|[0m /* 8.390 */                DnsMessageParser(limits: DnsParserLimits(maximumIndirections: 1)).parse(chained.toArray())[0m
    [36m| [0m[34m|[0m /* 8.391 */                fail("@AssertThrows: Expected 'api.ResolveException' was not caught.")[0m
    [36m| [0m[34m|[0m /* 8.392 */            } catch(e: api.ResolveException) {[0m
    [36m| [0m[34m|[0m /* 8.393 */                if(e is AssertException) {[0m
    [36m| [0m[34m|[0m /* 8.394 */                    throw e[0m
    [36m| [0m[34m|[0m /* 8.395 */                }[0m
    [36m| [0m[34m|[0m /* 8.396 */                if(e is AssertIntermediateException) {[0m
    [36m| [0m[34m|[0m /* 8.397 */                    throw e[0m
    [36m| [0m[34m|[0m /* 8.398 */                }[0m
    [36m| [0m[34m|[0m /* 8.399 */                if(e is UnittestTimeoutException) {[0m
    [36m| [0m[34m|[0m /* 8.400 */                    throw e[0m
    [36m| [0m[34m|[0m /* 8.401 */                }[0m
    [36m| [0m[34m|[0m /* 8.402 */                e[0m
    [36m| [0m[34m|[0m /* 8.403 */            }[0m
    [36m| [0m[34m|[0m /* 8.404 */        } catch(e: Exception) {[0m
    [36m| [0m[34m|[0m /* 8.405 */            if(e is AssertException || e is AssertIntermediateException || e is UnittestTimeoutException) {[0m
    [36m| [0m[34m|[0m /* 8.406 */                throw e[0m
    [36m| [0m[34m|[0m /* 8.407 */            }[0m
    [36m| [0m[34m|[0m /* 8.408 */            assertCaughtUnexpectedE("@AssertThrows(api.ResolveException)", "api.ResolveException", e.toString())[0m
    [36m| [0m[34m|[0m /* 8.409 */        }[0m
    [36m| [0m[34m|[0m /* 8.410 */    }[0m
    [36m| [0m[34m|[0m /* 8.411 */    [0m
    [36m| [0m[34m|[0m /* 8.412 */    @Attribute[TestCase_35][0m
    [36m| [0m[34m|[0m /* 8.413 */    func completeParserRejectsTrailingAndTruncatedSectionBytes(): Unit {[0m
    [36m| [0m[34m|[0m /* 8.414 */        let trailing = dnsTestHeader(1u16, 0x8180u16, 0, 0, 0, 0)[0m
    [36m| [0m[34m|[0m /* 8.415 */        trailing.add(0u8)[0m
    [36m| [0m[34m|[0m /* 8.416 */        try {[0m
    [36m| [0m[34m|[0m /* 8.417 */            try {[0m
    [36m| [0m[34m|[0m /* 8.418 */                assertEqual("true", "true", true, true)[0m
    [36m| [0m[34m|[0m /* 8.419 */                DnsMessageParser().parse(trailing.toArray())[0m
    [36m| [0m[34m|[0m /* 8.420 */                fail("@AssertThrows: Expected 'api.ResolveException' was not caught.")[0m
    [36m| [0m[34m|[0m /* 8.421 */            } catch(e: api.ResolveException) {[0m
    [36m| [0m[34m|[0m /* 8.422 */                if(e is AssertException) {[0m
    [36m| [0m[34m|[0m /* 8.423 */                    throw e[0m
    [36m| [0m[34m|[0m /* 8.424 */                }[0m
    [36m| [0m[34m|[0m /* 8.425 */                if(e is AssertIntermediateException) {[0m
    [36m| [0m[34m|[0m /* 8.426 */                    throw e[0m
    [36m| [0m[34m|[0m /* 8.427 */                }[0m
    [36m| [0m[34m|[0m /* 8.428 */                if(e is UnittestTimeoutException) {[0m
    [36m| [0m[34m|[0m /* 8.429 */                    throw e[0m
    [36m| [0m[34m|[0m /* 8.430 */                }[0m
    [36m| [0m[34m|[0m /* 8.431 */                e[0m
    [36m| [0m[34m|[0m /* 8.432 */            }[0m
    [36m| [0m[34m|[0m /* 8.433 */        } catch(e: Exception) {[0m
    [36m| [0m[34m|[0m /* 8.434 */            if(e is AssertException || e is AssertIntermediateException || e is UnittestTimeoutException) {[0m
    [36m| [0m[34m|[0m /* 8.435 */                throw e[0m
    [36m| [0m[34m|[0m /* 8.436 */            }[0m
    [36m| [0m[34m|[0m /* 8.437 */            assertCaughtUnexpectedE("@AssertThrows(api.ResolveException)", "api.ResolveException", e.toString())[0m
    [36m| [0m[34m|[0m /* 8.438 */        }[0m
    [36m| [0m[34m|[0m /* 8.439 */        let reservedHeader = dnsTestHeader(1u16, 0x8040u16, 0, 0, 0, 0)[0m
    [36m| [0m[34m|[0m /* 8.440 */        try {[0m
    [36m| [0m[34m|[0m /* 8.441 */            try {[0m
    [36m| [0m[34m|[0m /* 8.442 */                assertEqual("true", "true", true, true)[0m
    [36m| [0m[34m|[0m /* 8.443 */                DnsMessageParser().parse(reservedHeader.toArray())[0m
    [36m| [0m[34m|[0m /* 8.444 */                fail("@AssertThrows: Expected 'api.ResolveException' was not caught.")[0m
    [36m| [0m[34m|[0m /* 8.445 */            } catch(e: api.ResolveException) {[0m
    [36m| [0m[34m|[0m /* 8.446 */                if(e is AssertException) {[0m
    [36m| [0m[34m|[0m /* 8.447 */                    throw e[0m
    [36m| [0m[34m|[0m /* 8.448 */                }[0m
    [36m| [0m[34m|[0m /* 8.449 */                if(e is AssertIntermediateException) {[0m
    [36m| [0m[34m|[0m /* 8.450 */                    throw e[0m
    [36m| [0m[34m|[0m /* 8.451 */                }[0m
    [36m| [0m[34m|[0m /* 8.452 */                if(e is UnittestTimeoutException) {[0m
    [36m| [0m[34m|[0m /* 8.453 */                    throw e[0m
    [36m| [0m[34m|[0m /* 8.454 */                }[0m
    [36m| [0m[34m|[0m /* 8.455 */                e[0m
    [36m| [0m[34m|[0m /* 8.456 */            }[0m
    [36m| [0m[34m|[0m /* 8.457 */        } catch(e: Exception) {[0m
    [36m| [0m[34m|[0m /* 8.458 */            if(e is AssertException || e is AssertIntermediateException || e is UnittestTimeoutException) {[0m
    [36m| [0m[34m|[0m /* 8.459 */                throw e[0m
    [36m| [0m[34m|[0m /* 8.460 */            }[0m
    [36m| [0m[34m|[0m /* 8.461 */            assertCaughtUnexpectedE("@AssertThrows(api.ResolveException)", "api.ResolveException", e.toString())[0m
    [36m| [0m[34m|[0m /* 8.462 */        }[0m
    [36m| [0m[34m|[0m /* 8.463 */        let shortQuestion = dnsTestHeader(1u16, 0x8180u16, 1, 0, 0, 0)[0m
    [36m| [0m[34m|[0m /* 8.464 */        shortQuestion.add(0u8)[0m
    [36m| [0m[34m|[0m /* 8.465 */        shortQuestion.add(0u8)[0m
    [36m| [0m[34m|[0m /* 8.466 */        try {[0m
    [36m| [0m[34m|[0m /* 8.467 */            try {[0m
    [36m| [0m[34m|[0m /* 8.468 */                assertEqual("true", "true", true, true)[0m
    [36m| [0m[34m|[0m /* 8.469 */                DnsMessageParser().parse(shortQuestion.toArray())[0m
    [36m| [0m[34m|[0m /* 8.470 */                fail("@AssertThrows: Expected 'api.ResolveException' was not caught.")[0m
    [36m| [0m[34m|[0m /* 8.471 */            } catch(e: api.ResolveException) {[0m
    [36m| [0m[34m|[0m /* 8.472 */                if(e is AssertException) {[0m
    [36m| [0m[34m|[0m /* 8.473 */                    throw e[0m
    [36m| [0m[34m|[0m /* 8.474 */                }[0m
    [36m| [0m[34m|[0m /* 8.475 */                if(e is AssertIntermediateException) {[0m
    [36m| [0m[34m|[0m /* 8.476 */                    throw e[0m
    [36m| [0m[34m|[0m /* 8.477 */                }[0m
    [36m| [0m[34m|[0m /* 8.478 */                if(e is UnittestTimeoutException) {[0m
    [36m| [0m[34m|[0m /* 8.479 */                    throw e[0m
    [36m| [0m[34m|[0m /* 8.480 */                }[0m
    [36m| [0m[34m|[0m /* 8.481 */                e[0m
    [36m| [0m[34m|[0m /* 8.482 */            }[0m
    [36m| [0m[34m|[0m /* 8.483 */        } catch(e: Exception) {[0m
    [36m| [0m[34m|[0m /* 8.484 */            if(e is AssertException || e is AssertIntermediateException || e is UnittestTimeoutException) {[0m
    [36m| [0m[34m|[0m /* 8.485 */                throw e[0m
    [36m| [0m[34m|[0m /* 8.486 */            }[0m
    [36m| [0m[34m|[0m /* 8.487 */            assertCaughtUnexpectedE("@AssertThrows(api.ResolveException)", "api.ResolveException", e.toString())[0m
    [36m| [0m[34m|[0m /* 8.488 */        }[0m
    [36m| [0m[34m|[0m /* 8.489 */        let shortRecord = dnsTestHeader(1u16, 0x8180u16, 0, 1, 0, 0)[0m
    [36m| [0m[34m|[0m /* 8.490 */        shortRecord.add(0u8)[0m
    [36m| [0m[34m|[0m /* 8.491 */        dnsTestAppendU16(shortRecord, 1)[0m
    [36m| [0m[34m|[0m /* 8.492 */        dnsTestAppendU16(shortRecord, 1)[0m
    [36m| [0m[34m|[0m /* 8.493 */        dnsTestAppendU32(shortRecord, 1u32)[0m
    [36m| [0m[34m|[0m /* 8.494 */        dnsTestAppendU16(shortRecord, 4)[0m
    [36m| [0m[34m|[0m /* 8.495 */        shortRecord.add(1u8)[0m
    [36m| [0m[34m|[0m /* 8.496 */        shortRecord.add(2u8)[0m
    [36m| [0m[34m|[0m /* 8.497 */        try {[0m
    [36m| [0m[34m|[0m /* 8.498 */            try {[0m
    [36m| [0m[34m|[0m /* 8.499 */                assertEqual("true", "true", true, true)[0m
    [36m| [0m[34m|[0m /* 8.500 */                DnsMessageParser().parse(shortRecord.toArray())[0m
    [36m| [0m[34m|[0m /* 8.501 */                fail("@AssertThrows: Expected 'api.ResolveException' was not caught.")[0m
    [36m| [0m[34m|[0m /* 8.502 */            } catch(e: api.ResolveException) {[0m
    [36m| [0m[34m|[0m /* 8.503 */                if(e is AssertException) {[0m
    [36m| [0m[34m|[0m /* 8.504 */                    throw e[0m
    [36m| [0m[34m|[0m /* 8.505 */                }[0m
    [36m| [0m[34m|[0m /* 8.506 */                if(e is AssertIntermediateException) {[0m
    [36m| [0m[34m|[0m /* 8.507 */                    throw e[0m
    [36m| [0m[34m|[0m /* 8.508 */                }[0m
    [36m| [0m[34m|[0m /* 8.509 */                if(e is UnittestTimeoutException) {[0m
    [36m| [0m[34m|[0m /* 8.510 */                    throw e[0m
    [36m| [0m[34m|[0m /* 8.511 */                }[0m
    [36m| [0m[34m|[0m /* 8.512 */                e[0m
    [36m| [0m[34m|[0m /* 8.513 */            }[0m
    [36m| [0m[34m|[0m /* 8.514 */        } catch(e: Exception) {[0m
    [36m| [0m[34m|[0m /* 8.515 */            if(e is AssertException || e is AssertIntermediateException || e is UnittestTimeoutException) {[0m
    [36m| [0m[34m|[0m /* 8.516 */                throw e[0m
    [36m| [0m[34m|[0m /* 8.517 */            }[0m
    [36m| [0m[34m|[0m /* 8.518 */            assertCaughtUnexpectedE("@AssertThrows(api.ResolveException)", "api.ResolveException", e.toString())[0m
    [36m| [0m[34m|[0m /* 8.519 */        }[0m
    [36m| [0m[34m|[0m /* 8.520 */    }[0m
    [36m| [0m[34m|[0m /* 8.521 */    [0m
    [36m| [0m[34m|[0m /* 8.522 */    @Attribute[TestCase_36][0m
    [36m| [0m[34m|[0m /* 8.523 */    func typedRdataLengthsAndTxtSegmentsAreExact(): Unit {[0m
    [36m| [0m[34m|[0m /* 8.524 */        for((typeCode, data) in[(1,[1u8, 2u8, 3u8]),(28, Array < Byte >(15, repeat: 0u8)),(16,[4u8, 1u8, 2u8]),(16, Array < Byte >())]) {[0m
    [36m| [0m[34m|[0m /* 8.525 */            let message = dnsTestHeader(1u16, 0x8180u16, 0, 1, 0, 0)[0m
    [36m| [0m[34m|[0m /* 8.526 */            dnsTestAppendRecord(message,[0u8], typeCode, data)[0m
    [36m| [0m[34m|[0m /* 8.527 */            try {[0m
    [36m| [0m[34m|[0m /* 8.528 */                try {[0m
    [36m| [0m[34m|[0m /* 8.529 */                    assertEqual("true", "true", true, true)[0m
    [36m| [0m[34m|[0m /* 8.530 */                    DnsMessageParser().parse(message.toArray())[0m
    [36m| [0m[34m|[0m /* 8.531 */                    fail("@AssertThrows: Expected 'api.ResolveException' was not caught.")[0m
    [36m| [0m[34m|[0m /* 8.532 */                } catch(e: api.ResolveException) {[0m
    [36m| [0m[34m|[0m /* 8.533 */                    if(e is AssertException) {[0m
    [36m| [0m[34m|[0m /* 8.534 */                        throw e[0m
    [36m| [0m[34m|[0m /* 8.535 */                    }[0m
    [36m| [0m[34m|[0m /* 8.536 */                    if(e is AssertIntermediateException) {[0m
    [36m| [0m[34m|[0m /* 8.537 */                        throw e[0m
    [36m| [0m[34m|[0m /* 8.538 */                    }[0m
    [36m| [0m[34m|[0m /* 8.539 */                    if(e is UnittestTimeoutException) {[0m
    [36m| [0m[34m|[0m /* 8.540 */                        throw e[0m
    [36m| [0m[34m|[0m /* 8.541 */                    }[0m
    [36m| [0m[34m|[0m /* 8.542 */                    e[0m
    [36m| [0m[34m|[0m /* 8.543 */                }[0m
    [36m| [0m[34m|[0m /* 8.544 */            } catch(e: Exception) {[0m
    [36m| [0m[34m|[0m /* 8.545 */                if(e is AssertException || e is AssertIntermediateException || e is UnittestTimeoutException) {[0m
    [36m| [0m[34m|[0m /* 8.546 */                    throw e[0m
    [36m| [0m[34m|[0m /* 8.547 */                }[0m
    [36m| [0m[34m|[0m /* 8.548 */                assertCaughtUnexpectedE("@AssertThrows(api.ResolveException)", "api.ResolveException", e.toString())[0m
    [36m| [0m[34m|[0m /* 8.549 */            }[0m
    [36m| [0m[34m|[0m /* 8.550 */        }[0m
    [36m| [0m[34m|[0m /* 8.551 */    }[0m
    [36m| [0m[34m|[0m /* 8.552 */    [0m
    [36m| [0m[34m|[0m /* 8.553 */    @Attribute[TestCase_37][0m
    [36m| [0m[34m|[0m /* 8.554 */    func compressedRdataNamesCannotConsumeNeighboringRecordBytes(): Unit {[0m
    [36m| [0m[34m|[0m /* 8.555 */        let extra = dnsTestHeader(1u16, 0x8180u16, 1, 1, 0, 0)[0m
    [36m| [0m[34m|[0m /* 8.556 */        dnsTestAppendQuestion(extra, "escape.example", 1)[0m
    [36m| [0m[34m|[0m /* 8.557 */        dnsTestAppendRecord(extra,[0xC0u8, 0x0Cu8], 5,[0xC0u8, 0x0Cu8, 0u8])[0m
    [36m| [0m[34m|[0m /* 8.558 */        try {[0m
    [36m| [0m[34m|[0m /* 8.559 */            try {[0m
    [36m| [0m[34m|[0m /* 8.560 */                assertEqual("true", "true", true, true)[0m
    [36m| [0m[34m|[0m /* 8.561 */                DnsMessageParser().parse(extra.toArray())[0m
    [36m| [0m[34m|[0m /* 8.562 */                fail("@AssertThrows: Expected 'api.ResolveException' was not caught.")[0m
    [36m| [0m[34m|[0m /* 8.563 */            } catch(e: api.ResolveException) {[0m
    [36m| [0m[34m|[0m /* 8.564 */                if(e is AssertException) {[0m
    [36m| [0m[34m|[0m /* 8.565 */                    throw e[0m
    [36m| [0m[34m|[0m /* 8.566 */                }[0m
    [36m| [0m[34m|[0m /* 8.567 */                if(e is AssertIntermediateException) {[0m
    [36m| [0m[34m|[0m /* 8.568 */                    throw e[0m
    [36m| [0m[34m|[0m /* 8.569 */                }[0m
    [36m| [0m[34m|[0m /* 8.570 */                if(e is UnittestTimeoutException) {[0m
    [36m| [0m[34m|[0m /* 8.571 */                    throw e[0m
    [36m| [0m[34m|[0m /* 8.572 */                }[0m
    [36m| [0m[34m|[0m /* 8.573 */                e[0m
    [36m| [0m[34m|[0m /* 8.574 */            }[0m
    [36m| [0m[34m|[0m /* 8.575 */        } catch(e: Exception) {[0m
    [36m| [0m[34m|[0m /* 8.576 */            if(e is AssertException || e is AssertIntermediateException || e is UnittestTimeoutException) {[0m
    [36m| [0m[34m|[0m /* 8.577 */                throw e[0m
    [36m| [0m[34m|[0m /* 8.578 */            }[0m
    [36m| [0m[34m|[0m /* 8.579 */            assertCaughtUnexpectedE("@AssertThrows(api.ResolveException)", "api.ResolveException", e.toString())[0m
    [36m| [0m[34m|[0m /* 8.580 */        }[0m
    [36m| [0m[34m|[0m /* 8.581 */        let escape = dnsTestHeader(1u16, 0x8180u16, 1, 2, 0, 0)[0m
    [36m| [0m[34m|[0m /* 8.582 */        dnsTestAppendQuestion(escape, "escape.example", 1)[0m
    [36m| [0m[34m|[0m /* 8.583 */        dnsTestAppendRecord(escape,[0xC0u8, 0x0Cu8], 5,[1u8, b'a'])[0m
    [36m| [0m[34m|[0m /* 8.584 */        dnsTestAppendRecord(escape,[0u8], 1,[1u8, 2u8, 3u8, 4u8])[0m
    [36m| [0m[34m|[0m /* 8.585 */        try {[0m
    [36m| [0m[34m|[0m /* 8.586 */            try {[0m
    [36m| [0m[34m|[0m /* 8.587 */                assertEqual("true", "true", true, true)[0m
    [36m| [0m[34m|[0m /* 8.588 */                DnsMessageParser().parse(escape.toArray())[0m
    [36m| [0m[34m|[0m /* 8.589 */                fail("@AssertThrows: Expected 'api.ResolveException' was not caught.")[0m
    [36m| [0m[34m|[0m /* 8.590 */            } catch(e: api.ResolveException) {[0m
    [36m| [0m[34m|[0m /* 8.591 */                if(e is AssertException) {[0m
    [36m| [0m[34m|[0m /* 8.592 */                    throw e[0m
    [36m| [0m[34m|[0m /* 8.593 */                }[0m
    [36m| [0m[34m|[0m /* 8.594 */                if(e is AssertIntermediateException) {[0m
    [36m| [0m[34m|[0m /* 8.595 */                    throw e[0m
    [36m| [0m[34m|[0m /* 8.596 */                }[0m
    [36m| [0m[34m|[0m /* 8.597 */                if(e is UnittestTimeoutException) {[0m
    [36m| [0m[34m|[0m /* 8.598 */                    throw e[0m
    [36m| [0m[34m|[0m /* 8.599 */                }[0m
    [36m| [0m[34m|[0m /* 8.600 */                e[0m
    [36m| [0m[34m|[0m /* 8.601 */            }[0m
    [36m| [0m[34m|[0m /* 8.602 */        } catch(e: Exception) {[0m
    [36m| [0m[34m|[0m /* 8.603 */            if(e is AssertException || e is AssertIntermediateException || e is UnittestTimeoutException) {[0m
    [36m| [0m[34m|[0m /* 8.604 */                throw e[0m
    [36m| [0m[34m|[0m /* 8.605 */            }[0m
    [36m| [0m[34m|[0m /* 8.606 */            assertCaughtUnexpectedE("@AssertThrows(api.ResolveException)", "api.ResolveException", e.toString())[0m
    [36m| [0m[34m|[0m /* 8.607 */        }[0m
    [36m| [0m[34m|[0m /* 8.608 */    }[0m
    [36m| [0m[34m|[0m /* 8.609 */    [0m
    [36m| [0m[34m|[0m /* 8.610 */    @Attribute[TestCase_38][0m
    [36m| [0m[34m|[0m /* 8.611 */    func srvTargetCompressionIsRejectedEvenWhenPointerIsInBounds(): Unit {[0m
    [36m| [0m[34m|[0m /* 8.612 */        let message = dnsTestHeader(1u16, 0x8180u16, 1, 1, 0, 0)[0m
    [36m| [0m[34m|[0m /* 8.613 */        dnsTestAppendQuestion(message, "_svc._tcp.example", 33)[0m
    [36m| [0m[34m|[0m /* 8.614 */        dnsTestAppendRecord(message,[0xC0u8, 0x0Cu8], 33,[0u8, 1u8, 0u8, 2u8, 0u8, 80u8, 0xC0u8, 0x0Cu8])[0m
    [36m| [0m[34m|[0m /* 8.615 */        try {[0m
    [36m| [0m[34m|[0m /* 8.616 */            try {[0m
    [36m| [0m[34m|[0m /* 8.617 */                assertEqual("true", "true", true, true)[0m
    [36m| [0m[34m|[0m /* 8.618 */                DnsMessageParser().parse(message.toArray())[0m
    [36m| [0m[34m|[0m /* 8.619 */                fail("@AssertThrows: Expected 'api.ResolveException' was not caught.")[0m
    [36m| [0m[34m|[0m /* 8.620 */            } catch(e: api.ResolveException) {[0m
    [36m| [0m[34m|[0m /* 8.621 */                if(e is AssertException) {[0m
    [36m| [0m[34m|[0m /* 8.622 */                    throw e[0m
    [36m| [0m[34m|[0m /* 8.623 */                }[0m
    [36m| [0m[34m|[0m /* 8.624 */                if(e is AssertIntermediateException) {[0m
    [36m| [0m[34m|[0m /* 8.625 */                    throw e[0m
    [36m| [0m[34m|[0m /* 8.626 */                }[0m
    [36m| [0m[34m|[0m /* 8.627 */                if(e is UnittestTimeoutException) {[0m
    [36m| [0m[34m|[0m /* 8.628 */                    throw e[0m
    [36m| [0m[34m|[0m /* 8.629 */                }[0m
    [36m| [0m[34m|[0m /* 8.630 */                e[0m
    [36m| [0m[34m|[0m /* 8.631 */            }[0m
    [36m| [0m[34m|[0m /* 8.632 */        } catch(e: Exception) {[0m
    [36m| [0m[34m|[0m /* 8.633 */            if(e is AssertException || e is AssertIntermediateException || e is UnittestTimeoutException) {[0m
    [36m| [0m[34m|[0m /* 8.634 */                throw e[0m
    [36m| [0m[34m|[0m /* 8.635 */            }[0m
    [36m| [0m[34m|[0m /* 8.636 */            assertCaughtUnexpectedE("@AssertThrows(api.ResolveException)", "api.ResolveException", e.toString())[0m
    [36m| [0m[34m|[0m /* 8.637 */        }[0m
    [36m| [0m[34m|[0m /* 8.638 */    }[0m
    [36m| [0m[34m|[0m /* 8.639 */    [0m
    [36m| [0m[34m|[0m /* 8.640 */    @Attribute[TestCase_39][0m
    [36m| [0m[34m|[0m /* 8.641 */    func summaryConstructorRejectsSectionMetadataThatCouldBlurBoundaries(): Unit {[0m
    [36m| [0m[34m|[0m /* 8.642 */        try {[0m
    [36m| [0m[34m|[0m /* 8.643 */            try {[0m
    [36m| [0m[34m|[0m /* 8.644 */                assertEqual("true", "true", true, true)[0m
    [36m| [0m[34m|[0m /* 8.645 */                DnsMessageSummary(1u16, 1, false, questionCount: 0, records: Array < DnsRecord >())[0m
    [36m| [0m[34m|[0m /* 8.646 */                fail("@AssertThrows: Expected 'IllegalArgumentException' was not caught.")[0m
    [36m| [0m[34m|[0m /* 8.647 */            } catch(e: IllegalArgumentException) {[0m
    [36m| [0m[34m|[0m /* 8.648 */                if(e is AssertException) {[0m
    [36m| [0m[34m|[0m /* 8.649 */                    throw e[0m
    [36m| [0m[34m|[0m /* 8.650 */                }[0m
    [36m| [0m[34m|[0m /* 8.651 */                if(e is AssertIntermediateException) {[0m
    [36m| [0m[34m|[0m /* 8.652 */                    throw e[0m
    [36m| [0m[34m|[0m /* 8.653 */                }[0m
    [36m| [0m[34m|[0m /* 8.654 */                if(e is UnittestTimeoutException) {[0m
    [36m| [0m[34m|[0m /* 8.655 */                    throw e[0m
    [36m| [0m[34m|[0m /* 8.656 */                }[0m
    [36m| [0m[34m|[0m /* 8.657 */                e[0m
    [36m| [0m[34m|[0m /* 8.658 */            }[0m
    [36m| [0m[34m|[0m /* 8.659 */        } catch(e: Exception) {[0m
    [36m| [0m[34m|[0m /* 8.660 */            if(e is AssertException || e is AssertIntermediateException || e is UnittestTimeoutException) {[0m
    [36m| [0m[34m|[0m /* 8.661 */                throw e[0m
    [36m| [0m[34m|[0m /* 8.662 */            }[0m
    [36m| [0m[34m|[0m /* 8.663 */            assertCaughtUnexpectedE("@AssertThrows(IllegalArgumentException)", "IllegalArgumentException", e.toString())[0m
    [36m| [0m[34m|[0m /* 8.664 */        }[0m
    [36m| [0m[34m|[0m /* 8.665 */    }[0m
    [36m| [0m[34m|[0m /* 8.666 */    [0m
    [36m| [0m[34m|[0m /* 8.667 */    @Attribute[TestCase_40][0m
    [36m| [0m[34m|[0m /* 8.668 */    func additionalOwnerMayReferenceAuthorityNameserverTarget(): Unit {[0m
    [36m| [0m[34m|[0m /* 8.669 */        let message = dnsTestHeader(0x1234u16, 0x8180u16, 1, 1, 1, 1)[0m
    [36m| [0m[34m|[0m /* 8.670 */        dnsTestAppendQuestion(message, "example.test", 1)[0m
    [36m| [0m[34m|[0m /* 8.671 */        dnsTestAppendRecord(message,[0xC0u8, 0x0Cu8], 1,[192u8, 0u8, 2u8, 1u8])[0m
    [36m| [0m[34m|[0m /* 8.672 */        let nameserverOffset = message.size + 12[0m
    [36m| [0m[34m|[0m /* 8.673 */        dnsTestAppendRecord(message,[0xC0u8, 0x0Cu8], 2,[2u8, b'n', b's', 0xC0u8, 0x0Cu8])[0m
    [36m| [0m[34m|[0m /* 8.674 */        dnsTestAppendRecord(message, dnsTestPointer(nameserverOffset), 1,[192u8, 0u8, 2u8, 53u8])[0m
    [36m| [0m[34m|[0m /* 8.675 */        let summary = DnsMessageParser().parse(message.toArray())[0m
    [36m| [0m[34m|[0m /* 8.676 */        expectEqual("summary.records[0].data()", "[192u8, 0u8, 2u8, 1u8]", summary.records[0].data(),[192u8, 0u8, 2u8, 1u8], isDelta: false)[0m
    [36m| [0m[34m|[0m /* 8.677 */        expectEqual("summary.records[2].name", "\"ns.example.test\"", summary.records[2].name, "ns.example.test", isDelta: false)[0m
    [36m| [0m[34m|[0m /* 8.678 */        expectEqual("summary.records[2].data()", "[192u8, 0u8, 2u8, 53u8]", summary.records[2].data(),[192u8, 0u8, 2u8, 53u8], isDelta: false)[0m
    [36m| [0m[34m|[0m /* 8.679 */    }[0m
    [36m| [0m[34m|[0m /* 8.680 */    [0m
    [36m| [0m[34m|[0m /* 8.681 */    @Attribute[TestCase_41][0m
    [36m| [0m[34m|[0m /* 8.682 */    func additionalOwnerMayReferenceSecondLegacyMailboxName(): Unit {[0m
    [36m| [0m[34m|[0m /* 8.683 */        let message = dnsTestHeader(1u16, 0x8180u16, 1, 0, 1, 1)[0m
    [36m| [0m[34m|[0m /* 8.684 */        dnsTestAppendQuestion(message, "example.test", 1)[0m
    [36m| [0m[34m|[0m /* 8.685 */        let mailboxOffset = message.size + 14[0m
    [36m| [0m[34m|[0m /* 8.686 */        let data =[0xC0u8, 0x0Cu8, 3u8, b'e', b'r', b'r', 0xC0u8, 0x0Cu8][0m
    [36m| [0m[34m|[0m /* 8.687 */        dnsTestAppendRecord(message,[0xC0u8, 0x0Cu8], 14, data)[0m
    [36m| [0m[34m|[0m /* 8.688 */        dnsTestAppendRecord(message, dnsTestPointer(mailboxOffset), 1,[192u8, 0u8, 2u8, 9u8])[0m
    [36m| [0m[34m|[0m /* 8.689 */        let summary = DnsMessageParser().parse(message.toArray())[0m
    [36m| [0m[34m|[0m /* 8.690 */        expectEqual("summary.records[0].data()", "data", summary.records[0].data(), data, isDelta: false)[0m
    [36m| [0m[34m|[0m /* 8.691 */        expectEqual("summary.records[1].name", "\"err.example.test\"", summary.records[1].name, "err.example.test", isDelta: false)[0m
    [36m| [0m[34m|[0m /* 8.692 */        expectEqual("summary.records[1].data()", "[192u8, 0u8, 2u8, 9u8]", summary.records[1].data(),[192u8, 0u8, 2u8, 9u8], isDelta: false)[0m
    [36m| [0m[34m|[0m /* 8.693 */        let missingMailbox = dnsTestHeader(1u16, 0x8180u16, 1, 1, 0, 0)[0m
    [36m| [0m[34m|[0m /* 8.694 */        dnsTestAppendQuestion(missingMailbox, "example.test", 14)[0m
    [36m| [0m[34m|[0m /* 8.695 */        dnsTestAppendRecord(missingMailbox,[0xC0u8, 0x0Cu8], 14,[0xC0u8, 0x0Cu8])[0m
    [36m| [0m[34m|[0m /* 8.696 */        try {[0m
    [36m| [0m[34m|[0m /* 8.697 */            try {[0m
    [36m| [0m[34m|[0m /* 8.698 */                assertEqual("true", "true", true, true)[0m
    [36m| [0m[34m|[0m /* 8.699 */                DnsMessageParser().parse(missingMailbox.toArray())[0m
    [36m| [0m[34m|[0m /* 8.700 */                fail("@AssertThrows: Expected 'api.ResolveException' was not caught.")[0m
    [36m| [0m[34m|[0m /* 8.701 */            } catch(e: api.ResolveException) {[0m
    [36m| [0m[34m|[0m /* 8.702 */                if(e is AssertException) {[0m
    [36m| [0m[34m|[0m /* 8.703 */                    throw e[0m
    [36m| [0m[34m|[0m /* 8.704 */                }[0m
    [36m| [0m[34m|[0m /* 8.705 */                if(e is AssertIntermediateException) {[0m
    [36m| [0m[34m|[0m /* 8.706 */                    throw e[0m
    [36m| [0m[34m|[0m /* 8.707 */                }[0m
    [36m| [0m[34m|[0m /* 8.708 */                if(e is UnittestTimeoutException) {[0m
    [36m| [0m[34m|[0m /* 8.709 */                    throw e[0m
    [36m| [0m[34m|[0m /* 8.710 */                }[0m
    [36m| [0m[34m|[0m /* 8.711 */                e[0m
    [36m| [0m[34m|[0m /* 8.712 */            }[0m
    [36m| [0m[34m|[0m /* 8.713 */        } catch(e: Exception) {[0m
    [36m| [0m[34m|[0m /* 8.714 */            if(e is AssertException || e is AssertIntermediateException || e is UnittestTimeoutException) {[0m
    [36m| [0m[34m|[0m /* 8.715 */                throw e[0m
    [36m| [0m[34m|[0m /* 8.716 */            }[0m
    [36m| [0m[34m|[0m /* 8.717 */            assertCaughtUnexpectedE("@AssertThrows(api.ResolveException)", "api.ResolveException", e.toString())[0m
    [36m| [0m[34m|[0m /* 8.718 */        }[0m
    [36m| [0m[34m|[0m /* 8.719 */    }[0m
    [36m| [0m[34m|[0m /* 8.720 */    [0m
    [36m| [0m[34m|[0m /* 8.721 */    init() {[0m
    [36m| [0m[34m|[0m /* 8.722 */    }[0m
    [36m| [0m[34m|[0m /* 8.723 */    private func classConfiguration(): Configuration {[0m
    [36m| [0m[34m|[0m /* 8.724 */        let configuration = Configuration()[0m
    [36m| [0m[34m|[0m /* 8.725 */        [0m
    [36m| [0m[34m|[0m /* 8.726 */        return configuration[0m
    [36m| [0m[34m|[0m /* 8.727 */    }[0m
    [36m| [0m[34m|[0m /* 8.728 */    public override func asTestSuite(): TestSuite {[0m
    [36m| [0m[34m|[0m /* 8.729 */        [0m
    [36m| [0m[34m|[0m /* 8.730 */        let suiteConfiguration = classConfiguration()[0m
    [36m| [0m[34m|[0m /* 8.731 */        let suiteBuilder = TestSuite.builder("DnsWireParserTest").configure(suiteConfiguration)[0m
    [36m| [0m[34m|[0m /* 8.732 */        [0m
    [36m| [0m[34m|[0m /* 8.733 */        { => let caseConfig = Configuration()[0m
    [36m| [0m[34m|[0m /* 8.734 */            [0m
    [36m| [0m[34m|[0m /* 8.735 */            let decodesCompressedTargetsBinaryTxtSoaAndUnknownDataTestFunc = { => decodesCompressedTargetsBinaryTxtSoaAndUnknownData();() }[0m
    [36m| [0m[34m|[0m /* 8.736 */            suiteBuilder.add([0m
    [36m| [0m[34m|[0m /* 8.737 */            UnitTestCase.create([0m
    [36m| [0m[34m|[0m /* 8.738 */            "decodesCompressedTargetsBinaryTxtSoaAndUnknownData",[0m
    [36m| [0m[34m|[0m /* 8.739 */            configuration: caseConfig,[0m
    [36m| [0m[34m|[0m /* 8.740 */            body: decodesCompressedTargetsBinaryTxtSoaAndUnknownDataTestFunc[0m
    [36m| [0m[34m|[0m /* 8.741 */            )[0m
    [36m| [0m[34m|[0m /* 8.742 */            )[0m
    [36m| [0m[34m|[0m /* 8.743 */            [0m
    [36m| [0m[34m|[0m /* 8.744 */        }()[0m
    [36m| [0m[34m|[0m /* 8.745 */        [0m
    [36m| [0m[34m|[0m /* 8.746 */        [0m
    [36m| [0m[34m|[0m /* 8.747 */        { => let caseConfig = Configuration()[0m
    [36m| [0m[34m|[0m /* 8.748 */            [0m
    [36m| [0m[34m|[0m /* 8.749 */            let recordOrderMakesAnswerAuthorityAndAdditionalBoundariesExplicitTestFunc = { => recordOrderMakesAnswerAuthorityAndAdditionalBoundariesExplicit();() }[0m
    [36m| [0m[34m|[0m /* 8.750 */            suiteBuilder.add([0m
    [36m| [0m[34m|[0m /* 8.751 */            UnitTestCase.create([0m
    [36m| [0m[34m|[0m /* 8.752 */            "recordOrderMakesAnswerAuthorityAndAdditionalBoundariesExplicit",[0m
    [36m| [0m[34m|[0m /* 8.753 */            configuration: caseConfig,[0m
    [36m| [0m[34m|[0m /* 8.754 */            body: recordOrderMakesAnswerAuthorityAndAdditionalBoundariesExplicitTestFunc[0m
    [36m| [0m[34m|[0m /* 8.755 */            )[0m
    [36m| [0m[34m|[0m /* 8.756 */            )[0m
    [36m| [0m[34m|[0m /* 8.757 */            [0m
    [36m| [0m[34m|[0m /* 8.758 */        }()[0m
    [36m| [0m[34m|[0m /* 8.759 */        [0m
    [36m| [0m[34m|[0m /* 8.760 */        [0m
    [36m| [0m[34m|[0m /* 8.761 */        { => let caseConfig = Configuration()[0m
    [36m| [0m[34m|[0m /* 8.762 */            [0m
    [36m| [0m[34m|[0m /* 8.763 */            let summariesAndRecordsOwnParserAndConstructorInputsTestFunc = { => summariesAndRecordsOwnParserAndConstructorInputs();() }[0m
    [36m| [0m[34m|[0m /* 8.764 */            suiteBuilder.add([0m
    [36m| [0m[34m|[0m /* 8.765 */            UnitTestCase.create([0m
    [36m| [0m[34m|[0m /* 8.766 */            "summariesAndRecordsOwnParserAndConstructorInputs",[0m
    [36m| [0m[34m|[0m /* 8.767 */            configuration: caseConfig,[0m
    [36m| [0m[34m|[0m /* 8.768 */            body: summariesAndRecordsOwnParserAndConstructorInputsTestFunc[0m
    [36m| [0m[34m|[0m /* 8.769 */            )[0m
    [36m| [0m[34m|[0m /* 8.770 */            )[0m
    [36m| [0m[34m|[0m /* 8.771 */            [0m
    [36m| [0m[34m|[0m /* 8.772 */        }()[0m
    [36m| [0m[34m|[0m /* 8.773 */        [0m
    [36m| [0m[34m|[0m /* 8.774 */        [0m
    [36m| [0m[34m|[0m /* 8.775 */        { => let caseConfig = Configuration()[0m
    [36m| [0m[34m|[0m /* 8.776 */            [0m
    [36m| [0m[34m|[0m /* 8.777 */            let publicSummaryRejectsCountsBeyondWireAndCombinedRecordBoundsTestFunc = { => publicSummaryRejectsCountsBeyondWireAndCombinedRecordBounds();() }[0m
    [36m| [0m[34m|[0m /* 8.778 */            suiteBuilder.add([0m
    [36m| [0m[34m|[0m /* 8.779 */            UnitTestCase.create([0m
    [36m| [0m[34m|[0m /* 8.780 */            "publicSummaryRejectsCountsBeyondWireAndCombinedRecordBounds",[0m
    [36m| [0m[34m|[0m /* 8.781 */            configuration: caseConfig,[0m
    [36m| [0m[34m|[0m /* 8.782 */            body: publicSummaryRejectsCountsBeyondWireAndCombinedRecordBoundsTestFunc[0m
    [36m| [0m[34m|[0m /* 8.783 */            )[0m
    [36m| [0m[34m|[0m /* 8.784 */            )[0m
    [36m| [0m[34m|[0m /* 8.785 */            [0m
    [36m| [0m[34m|[0m /* 8.786 */        }()[0m
    [36m| [0m[34m|[0m /* 8.787 */        [0m
    [36m| [0m[34m|[0m /* 8.788 */        [0m
    [36m| [0m[34m|[0m /* 8.789 */        { => let caseConfig = Configuration()[0m
    [36m| [0m[34m|[0m /* 8.790 */            [0m
    [36m| [0m[34m|[0m /* 8.791 */            let parserPreservesQuestionIdentityAndRejectsIncompleteRecordsTestFunc = { => parserPreservesQuestionIdentityAndRejectsIncompleteRecords();() }[0m
    [36m| [0m[34m|[0m /* 8.792 */            suiteBuilder.add([0m
    [36m| [0m[34m|[0m /* 8.793 */            UnitTestCase.create([0m
    [36m| [0m[34m|[0m /* 8.794 */            "parserPreservesQuestionIdentityAndRejectsIncompleteRecords",[0m
    [36m| [0m[34m|[0m /* 8.795 */            configuration: caseConfig,[0m
    [36m| [0m[34m|[0m /* 8.796 */            body: parserPreservesQuestionIdentityAndRejectsIncompleteRecordsTestFunc[0m
    [36m| [0m[34m|[0m /* 8.797 */            )[0m
    [36m| [0m[34m|[0m /* 8.798 */            )[0m
    [36m| [0m[34m|[0m /* 8.799 */            [0m
    [36m| [0m[34m|[0m /* 8.800 */        }()[0m
    [36m| [0m[34m|[0m /* 8.801 */        [0m
    [36m| [0m[34m|[0m /* 8.802 */        [0m
    [36m| [0m[34m|[0m /* 8.803 */        { => let caseConfig = Configuration()[0m
    [36m| [0m[34m|[0m /* 8.804 */            [0m
    [36m| [0m[34m|[0m /* 8.805 */            let asciiNameProfileRejectsAmbiguousLabelsTestFunc = { => asciiNameProfileRejectsAmbiguousLabels();() }[0m
    [36m| [0m[34m|[0m /* 8.806 */            suiteBuilder.add([0m
    [36m| [0m[34m|[0m /* 8.807 */            UnitTestCase.create([0m
    [36m| [0m[34m|[0m /* 8.808 */            "asciiNameProfileRejectsAmbiguousLabels",[0m
    [36m| [0m[34m|[0m /* 8.809 */            configuration: caseConfig,[0m
    [36m| [0m[34m|[0m /* 8.810 */            body: asciiNameProfileRejectsAmbiguousLabelsTestFunc[0m
    [36m| [0m[34m|[0m /* 8.811 */            )[0m
    [36m| [0m[34m|[0m /* 8.812 */            )[0m
    [36m| [0m[34m|[0m /* 8.813 */            [0m
    [36m| [0m[34m|[0m /* 8.814 */        }()[0m
    [36m| [0m[34m|[0m /* 8.815 */        [0m
    [36m| [0m[34m|[0m /* 8.816 */        [0m
    [36m| [0m[34m|[0m /* 8.817 */        { => let caseConfig = Configuration()[0m
    [36m| [0m[34m|[0m /* 8.818 */            [0m
    [36m| [0m[34m|[0m /* 8.819 */            let compressionLoopsForwardPointersAndOutOfRangePointersAreRejectedTestFunc = { => compressionLoopsForwardPointersAndOutOfRangePointersAreRejected();() }[0m
    [36m| [0m[34m|[0m /* 8.820 */            suiteBuilder.add([0m
    [36m| [0m[34m|[0m /* 8.821 */            UnitTestCase.create([0m
    [36m| [0m[34m|[0m /* 8.822 */            "compressionLoopsForwardPointersAndOutOfRangePointersAreRejected",[0m
    [36m| [0m[34m|[0m /* 8.823 */            configuration: caseConfig,[0m
    [36m| [0m[34m|[0m /* 8.824 */            body: compressionLoopsForwardPointersAndOutOfRangePointersAreRejectedTestFunc[0m
    [36m| [0m[34m|[0m /* 8.825 */            )[0m
    [36m| [0m[34m|[0m /* 8.826 */            )[0m
    [36m| [0m[34m|[0m /* 8.827 */            [0m
    [36m| [0m[34m|[0m /* 8.828 */        }()[0m
    [36m| [0m[34m|[0m /* 8.829 */        [0m
    [36m| [0m[34m|[0m /* 8.830 */        [0m
    [36m| [0m[34m|[0m /* 8.831 */        { => let caseConfig = Configuration()[0m
    [36m| [0m[34m|[0m /* 8.832 */            [0m
    [36m| [0m[34m|[0m /* 8.833 */            let expandedNameAndSectionCountsRespectConfiguredBoundsTestFunc = { => expandedNameAndSectionCountsRespectConfiguredBounds();() }[0m
    [36m| [0m[34m|[0m /* 8.834 */            suiteBuilder.add([0m
    [36m| [0m[34m|[0m /* 8.835 */            UnitTestCase.create([0m
    [36m| [0m[34m|[0m /* 8.836 */            "expandedNameAndSectionCountsRespectConfiguredBounds",[0m
    [36m| [0m[34m|[0m /* 8.837 */            configuration: caseConfig,[0m
    [36m| [0m[34m|[0m /* 8.838 */            body: expandedNameAndSectionCountsRespectConfiguredBoundsTestFunc[0m
    [36m| [0m[34m|[0m /* 8.839 */            )[0m
    [36m| [0m[34m|[0m /* 8.840 */            )[0m
    [36m| [0m[34m|[0m /* 8.841 */            [0m
    [36m| [0m[34m|[0m /* 8.842 */        }()[0m
    [36m| [0m[34m|[0m /* 8.843 */        [0m
    [36m| [0m[34m|[0m /* 8.844 */        [0m
    [36m| [0m[34m|[0m /* 8.845 */        { => let caseConfig = Configuration()[0m
    [36m| [0m[34m|[0m /* 8.846 */            [0m
    [36m| [0m[34m|[0m /* 8.847 */            let completeParserRejectsTrailingAndTruncatedSectionBytesTestFunc = { => completeParserRejectsTrailingAndTruncatedSectionBytes();() }[0m
    [36m| [0m[34m|[0m /* 8.848 */            suiteBuilder.add([0m
    [36m| [0m[34m|[0m /* 8.849 */            UnitTestCase.create([0m
    [36m| [0m[34m|[0m /* 8.850 */            "completeParserRejectsTrailingAndTruncatedSectionBytes",[0m
    [36m| [0m[34m|[0m /* 8.851 */            configuration: caseConfig,[0m
    [36m| [0m[34m|[0m /* 8.852 */            body: completeParserRejectsTrailingAndTruncatedSectionBytesTestFunc[0m
    [36m| [0m[34m|[0m /* 8.853 */            )[0m
    [36m| [0m[34m|[0m /* 8.854 */            )[0m
    [36m| [0m[34m|[0m /* 8.855 */            [0m
    [36m| [0m[34m|[0m /* 8.856 */        }()[0m
    [36m| [0m[34m|[0m /* 8.857 */        [0m
    [36m| [0m[34m|[0m /* 8.858 */        [0m
    [36m| [0m[34m|[0m /* 8.859 */        { => let caseConfig = Configuration()[0m
    [36m| [0m[34m|[0m /* 8.860 */            [0m
    [36m| [0m[34m|[0m /* 8.861 */            let typedRdataLengthsAndTxtSegmentsAreExactTestFunc = { => typedRdataLengthsAndTxtSegmentsAreExact();() }[0m
    [36m| [0m[34m|[0m /* 8.862 */            suiteBuilder.add([0m
    [36m| [0m[34m|[0m /* 8.863 */            UnitTestCase.create([0m
    [36m| [0m[34m|[0m /* 8.864 */            "typedRdataLengthsAndTxtSegmentsAreExact",[0m
    [36m| [0m[34m|[0m /* 8.865 */            configuration: caseConfig,[0m
    [36m| [0m[34m|[0m /* 8.866 */            body: typedRdataLengthsAndTxtSegmentsAreExactTestFunc[0m
    [36m| [0m[34m|[0m /* 8.867 */            )[0m
    [36m| [0m[34m|[0m /* 8.868 */            )[0m
    [36m| [0m[34m|[0m /* 8.869 */            [0m
    [36m| [0m[34m|[0m /* 8.870 */        }()[0m
    [36m| [0m[34m|[0m /* 8.871 */        [0m
    [36m| [0m[34m|[0m /* 8.872 */        [0m
    [36m| [0m[34m|[0m /* 8.873 */        { => let caseConfig = Configuration()[0m
    [36m| [0m[34m|[0m /* 8.874 */            [0m
    [36m| [0m[34m|[0m /* 8.875 */            let compressedRdataNamesCannotConsumeNeighboringRecordBytesTestFunc = { => compressedRdataNamesCannotConsumeNeighboringRecordBytes();() }[0m
    [36m| [0m[34m|[0m /* 8.876 */            suiteBuilder.add([0m
    [36m| [0m[34m|[0m /* 8.877 */            UnitTestCase.create([0m
    [36m| [0m[34m|[0m /* 8.878 */            "compressedRdataNamesCannotConsumeNeighboringRecordBytes",[0m
    [36m| [0m[34m|[0m /* 8.879 */            configuration: caseConfig,[0m
    [36m| [0m[34m|[0m /* 8.880 */            body: compressedRdataNamesCannotConsumeNeighboringRecordBytesTestFunc[0m
    [36m| [0m[34m|[0m /* 8.881 */            )[0m
    [36m| [0m[34m|[0m /* 8.882 */            )[0m
    [36m| [0m[34m|[0m /* 8.883 */            [0m
    [36m| [0m[34m|[0m /* 8.884 */        }()[0m
    [36m| [0m[34m|[0m /* 8.885 */        [0m
    [36m| [0m[34m|[0m /* 8.886 */        [0m
    [36m| [0m[34m|[0m /* 8.887 */        { => let caseConfig = Configuration()[0m
    [36m| [0m[34m|[0m /* 8.888 */            [0m
    [36m| [0m[34m|[0m /* 8.889 */            let srvTargetCompressionIsRejectedEvenWhenPointerIsInBoundsTestFunc = { => srvTargetCompressionIsRejectedEvenWhenPointerIsInBounds();() }[0m
    [36m| [0m[34m|[0m /* 8.890 */            suiteBuilder.add([0m
    [36m| [0m[34m|[0m /* 8.891 */            UnitTestCase.create([0m
    [36m| [0m[34m|[0m /* 8.892 */            "srvTargetCompressionIsRejectedEvenWhenPointerIsInBounds",[0m
    [36m| [0m[34m|[0m /* 8.893 */            configuration: caseConfig,[0m
    [36m| [0m[34m|[0m /* 8.894 */            body: srvTargetCompressionIsRejectedEvenWhenPointerIsInBoundsTestFunc[0m
    [36m| [0m[34m|[0m /* 8.895 */            )[0m
    [36m| [0m[34m|[0m /* 8.896 */            )[0m
    [36m| [0m[34m|[0m /* 8.897 */            [0m
    [36m| [0m[34m|[0m /* 8.898 */        }()[0m
    [36m| [0m[34m|[0m /* 8.899 */        [0m
    [36m| [0m[34m|[0m /* 8.900 */        [0m
    [36m| [0m[34m|[0m /* 8.901 */        { => let caseConfig = Configuration()[0m
    [36m| [0m[34m|[0m /* 8.902 */            [0m
    [36m| [0m[34m|[0m /* 8.903 */            let summaryConstructorRejectsSectionMetadataThatCouldBlurBoundariesTestFunc = { => summaryConstructorRejectsSectionMetadataThatCouldBlurBoundaries();() }[0m
    [36m| [0m[34m|[0m /* 8.904 */            suiteBuilder.add([0m
    [36m| [0m[34m|[0m /* 8.905 */            UnitTestCase.create([0m
    [36m| [0m[34m|[0m /* 8.906 */            "summaryConstructorRejectsSectionMetadataThatCouldBlurBoundaries",[0m
    [36m| [0m[34m|[0m /* 8.907 */            configuration: caseConfig,[0m
    [36m| [0m[34m|[0m /* 8.908 */            body: summaryConstructorRejectsSectionMetadataThatCouldBlurBoundariesTestFunc[0m
    [36m| [0m[34m|[0m /* 8.909 */            )[0m
    [36m| [0m[34m|[0m /* 8.910 */            )[0m
    [36m| [0m[34m|[0m /* 8.911 */            [0m
    [36m| [0m[34m|[0m /* 8.912 */        }()[0m
    [36m| [0m[34m|[0m /* 8.913 */        [0m
    [36m| [0m[34m|[0m /* 8.914 */        [0m
    [36m| [0m[34m|[0m /* 8.915 */        { => let caseConfig = Configuration()[0m
    [36m| [0m[34m|[0m /* 8.916 */            [0m
    [36m| [0m[34m|[0m /* 8.917 */            let additionalOwnerMayReferenceAuthorityNameserverTargetTestFunc = { => additionalOwnerMayReferenceAuthorityNameserverTarget();() }[0m
    [36m| [0m[34m|[0m /* 8.918 */            suiteBuilder.add([0m
    [36m| [0m[34m|[0m /* 8.919 */            UnitTestCase.create([0m
    [36m| [0m[34m|[0m /* 8.920 */            "additionalOwnerMayReferenceAuthorityNameserverTarget",[0m
    [36m| [0m[34m|[0m /* 8.921 */            configuration: caseConfig,[0m
    [36m| [0m[34m|[0m /* 8.922 */            body: additionalOwnerMayReferenceAuthorityNameserverTargetTestFunc[0m
    [36m| [0m[34m|[0m /* 8.923 */            )[0m
    [36m| [0m[34m|[0m /* 8.924 */            )[0m
    [36m| [0m[34m|[0m /* 8.925 */            [0m
    [36m| [0m[34m|[0m /* 8.926 */        }()[0m
    [36m| [0m[34m|[0m /* 8.927 */        [0m
    [36m| [0m[34m|[0m /* 8.928 */        [0m
    [36m| [0m[34m|[0m /* 8.929 */        { => let caseConfig = Configuration()[0m
    [36m| [0m[34m|[0m /* 8.930 */            [0m
    [36m| [0m[34m|[0m /* 8.931 */            let additionalOwnerMayReferenceSecondLegacyMailboxNameTestFunc = { => additionalOwnerMayReferenceSecondLegacyMailboxName();() }[0m
    [36m| [0m[34m|[0m /* 8.932 */            suiteBuilder.add([0m
    [36m| [0m[34m|[0m /* 8.933 */            UnitTestCase.create([0m
    [36m| [0m[34m|[0m /* 8.934 */            "additionalOwnerMayReferenceSecondLegacyMailboxName",[0m
    [36m| [0m[34m|[0m /* 8.935 */            configuration: caseConfig,[0m
    [36m| [0m[34m|[0m /* 8.936 */            body: additionalOwnerMayReferenceSecondLegacyMailboxNameTestFunc[0m
    [36m| [0m[34m|[0m /* 8.937 */            )[0m
    [36m| [0m[34m|[0m /* 8.938 */            )[0m
    [36m| [0m[34m|[0m /* 8.939 */            [0m
    [36m| [0m[34m|[0m /* 8.940 */        }()[0m
    [36m| [0m[34m|[0m /* 8.941 */        [0m
    [36m| [0m[34m|[0m /* 8.942 */        return suiteBuilder.build()[0m
    [36m| [0m[34m|[0m /* 8.943 */    }[0m
    [36m| [0m[34m|[0m /* 8.944 */    private func inheritedFromClassAnnotatedByTestTemplate < T >(): TestSuite where T <: TestClass {[0m
    [36m| [0m[34m|[0m /* 8.945 */        throw Exception("Unreachable code")[0m
    [36m| [0m[34m|[0m /* 8.946 */    }[0m
    [36m| [0m[34m|[0m /* 8.947 */}[0m
    [36m| [0m[34m|[0m /* 8.948 */[0m
    [36m| [0m[34m|[0m /* 8.949 */[0m
    [36m| [0m[34m|[0m /* 8.950 */interface TestPackageExtension_DnsWireParserTest {[0m
    [36m| [0m[34m|[0m /* 8.951 */    func registerDnsWireParserTest(): Unit[0m
    [36m| [0m[34m|[0m /* 8.952 */}[0m
    [36m| [0m[34m|[0m /* 8.953 */extend TestPackage <: TestPackageExtension_DnsWireParserTest {[0m
    [36m| [0m[34m|[0m /* 8.954 */    @Attribute[TEST_REGISTER][0m
    [36m| [0m[34m|[0m /* 8.955 */    public func registerDnsWireParserTest() {[0m
    [36m| [0m[34m|[0m /* 8.956 */        registerSuite({ => DnsWireParserTest().asTestSuite() })[0m
    [36m| [0m[34m|[0m /* 8.957 */    }[0m
    [36m| [0m[34m|[0m /* 8.958 */}[0m
    [36m| [0m[34m|[0m /* 8.959 */[0m
    [36m| [0m[34m|[0m[34m_[0m[34m__________^[0m
    [36m| [0m
[34mnote[0m: which is expanded as follows
    [36m| [0m
    [36m| [0m/* 8.93 */                DnsMessageSummary(1u16, 0, false, questionCount: 65536, questions: questions)[0m
    [36m| [0m                          [34m^^^^^^^^^^^^^^^^^^^^^^^^^^^^^^^^^^^^^^^^^^^^^^^^^^^^^^^^^^^^^^^^^^^^^^^^^^^^^ [0m
    [36m| [0m

[33mwarning[0m: unused expression
   [36m==>[0m /home/elliot/playground/Wirestack-pr-worktrees/M8-004-publication/src/net/dns_wire_test.cj:102:13:
    [36m| [0m
[36m102[0m [36m| [0m            DnsMessageSummary(1u16, 65536, false, records: records)[0m
    [36m| [0m            [33m^ unused expression[0m
    [36m| [0m
    [36m#[0m [0mnote[0m: this warning can be suppressed by setting the compiler option `-Woff unused`
[34mnote[0m: the warning occurs after the macro is expanded
   [36m==>[0m /home/elliot/playground/Wirestack-pr-worktrees/M8-004-publication/src/net/dns_wire_test.cj:8:1:
    [36m| [0m
[36m8[0m   [36m| [0m  @Test[0m
    [36m| [0m [34m_[0m[34m^[0m
[36m9[0m   [36m| [0m[34m|[0m class DnsWireParserTest {[0m
    [36m| [0m[34m|[0m ...[0m
[36m305[0m [36m| [0m[34m|[0m }[0m
    [36m| [0m[34m|[0m[34m_[0m[34m^[0m
    [36m| [0m
[34mnote[0m: which is expanded as follows
    [36m| [0m
    [36m| [0m/* 8.116 */                DnsMessageSummary(1u16, 65536, false, records: records)[0m
    [36m| [0m                           [34m^^^^^^^^^^^^^^^^^^^^^^^^^^^^^^^^^^^^^^^^^^^^^^^^^^^^^^^ [0m
    [36m| [0m

[33mwarning[0m: unused expression
   [36m==>[0m /home/elliot/playground/Wirestack-pr-worktrees/M8-004-publication/src/net/dns_wire_test.cj:105:13:
    [36m| [0m
[36m105[0m [36m| [0m            DnsMessageSummary(1u16, 32768, false, authorityCount: 32768, records: records)[0m
    [36m| [0m            [33m^ unused expression[0m
    [36m| [0m
    [36m#[0m [0mnote[0m: this warning can be suppressed by setting the compiler option `-Woff unused`
[34mnote[0m: the warning occurs after the macro is expanded
   [36m==>[0m /home/elliot/playground/Wirestack-pr-worktrees/M8-004-publication/src/net/dns_wire_test.cj:8:1:
    [36m| [0m
[36m8[0m   [36m| [0m  @Test[0m
    [36m| [0m [34m_[0m[34m^[0m
[36m9[0m   [36m| [0m[34m|[0m class DnsWireParserTest {[0m
    [36m| [0m[34m|[0m ...[0m
[36m305[0m [36m| [0m[34m|[0m }[0m
    [36m| [0m[34m|[0m[34m_[0m[34m^[0m
    [36m| [0m
[34mnote[0m: which is expanded as follows
    [36m| [0m
    [36m| [0m/* 8.139 */                DnsMessageSummary(1u16, 32768, false, authorityCount: 32768, records: records)[0m
    [36m| [0m                           [34m^^^^^^^^^^^^^^^^^^^^^^^^^^^^^^^^^^^^^^^^^^^^^^^^^^^^^^^^^^^^^^^^^^^^^^^^^^^^^^ [0m
    [36m| [0m

[33mwarning[0m: unreachable block in 'if' expression
    [36m| [0m
    [36m| [0m  /* 8.193 */                if(e is AssertException) {[0m
    [36m| [0m [33m_[0m[33m____________________________________________________^[0m
    [36m| [0m[33m|[0m /* 8.194 */                    throw e[0m
    [36m| [0m[33m|[0m /* 8.195 */                }[0m
    [36m| [0m[33m|[0m[33m_[0m[33m___________________________^ unreachable block in 'if' expression[0m
    [36m| [0m
    [36m#[0m [0mnote[0m: this warning can be suppressed by setting the compiler option `-Woff unused`
[34mnote[0m: the warning occurs after the macro is expanded
   [36m==>[0m /home/elliot/playground/Wirestack-pr-worktrees/M8-004-publication/src/net/dns_wire_test.cj:8:1:
    [36m| [0m
[36m8[0m   [36m| [0m  @Test[0m
    [36m| [0m [34m_[0m[34m^[0m
[36m9[0m   [36m| [0m[34m|[0m class DnsWireParserTest {[0m
    [36m| [0m[34m|[0m ...[0m
[36m305[0m [36m| [0m[34m|[0m }[0m
    [36m| [0m[34m|[0m[34m_[0m[34m^[0m
    [36m| [0m

[33mwarning[0m: unused expression
   [36m==>[0m /home/elliot/playground/Wirestack-pr-worktrees/M8-004-publication/src/net/dns_resolver_test.cj:202:53:
    [36m| [0m
[36m202[0m [36m| [0m            @AssertThrows[IllegalArgumentException](DnsResolverConfig(nameservers: [endpoint]))[0m
    [36m| [0m                                                    [33m^ unused expression[0m
    [36m| [0m
    [36m#[0m [0mnote[0m: this warning can be suppressed by setting the compiler option `-Woff unused`
[34mnote[0m: the warning occurs after the macro is expanded
   [36m==>[0m /home/elliot/playground/Wirestack-pr-worktrees/M8-004-publication/src/net/dns_resolver_test.cj:156:1:
    [36m| [0m
[36m156[0m [36m| [0m  @Test[0m
    [36m| [0m [34m_[0m[34m^[0m
[36m157[0m [36m| [0m[34m|[0m class DnsResolverPolicyTest {[0m
    [36m| [0m[34m|[0m ...[0m
[36m627[0m [36m| [0m[34m|[0m }[0m
    [36m| [0m[34m|[0m[34m_[0m[34m^[0m
    [36m| [0m
[34mnote[0m: the code after the macro is expanded as follows
    [36m| [0m
    [36m| [0m  /* 156.1 */@Attribute[TEST_GENERATED] class DnsResolverPolicyTest <: TestClass {[0m
    [36m| [0m [34m_[0m[34m^[0m
    [36m| [0m[34m|[0m /* 156.2 */    @Attribute[TestCase_14][0m
    [36m| [0m[34m|[0m /* 156.3 */    func fromSystemParsesTabsCommentsLastSearchAndClampedNdots(): Unit {[0m
    [36m| [0m[34m|[0m /* 156.4 */        let path = dnsResolverTestTempPath()[0m
    [36m| [0m[34m|[0m /* 156.5 */        try {[0m
    [36m| [0m[34m|[0m /* 156.6 */            File.writeTo(path,("# trusted resolver fixture\n" + "nameserver\t192.0.2.53 # primary\n" + "nameserver 010.0.0.1 ; leading zero is not a literal\n" + "nameserver 300.1.1.1\n" + "nameserver 2001:db8::53 ; secondary\n" + "nameserver 2001:db8:::53\n" + "search old.test duplicate.test\n" + "domain\tfinal.test ignored.test # the last directive wins\n" + "options rotate ndots:99 ndots:-1\n").toArray())[0m
    [36m| [0m[34m|[0m /* 156.7 */            let config = DnsResolverConfig.fromSystem(path: path)[0m
    [36m| [0m[34m|[0m /* 156.8 */            let servers = config.nameservers[0m
    [36m| [0m[34m|[0m /* 156.9 */            assertEqual("servers.size", "2", servers.size, 2, isDelta: false)[0m
    [36m| [0m[34m|[0m /* 156.10 */            expectEqual("servers[0].address.toOctets()", "[192u8, 0u8, 2u8, 53u8]", servers[0].address.toOctets(),[192u8, 0u8, 2u8, 53u8], isDelta: false)[0m
    [36m| [0m[34m|[0m /* 156.11 */            expectEqual("servers[0].port", "53u16", servers[0].port, 53u16, isDelta: false)[0m
    [36m| [0m[34m|[0m /* 156.12 */            expectEqual("dnsResolverTestFamilyIs(servers[1].address.family, api.IpAddressFamily.Ipv6)", "true", dnsResolverTestFamilyIs(servers[1].address.family, api.IpAddressFamily.Ipv6), true, isDelta: false)[0m
    [36m| [0m[34m|[0m /* 156.13 */            expectEqual("servers[1].port", "53u16", servers[1].port, 53u16, isDelta: false)[0m
    [36m| [0m[34m|[0m /* 156.14 */            expectEqual("config.searchDomains", "[api.HostName(\"final.test\")]", config.searchDomains,[api.HostName("final.test")], isDelta: false)[0m
    [36m| [0m[34m|[0m /* 156.15 */            expectEqual("config.ndots", "15", config.ndots, 15, isDelta: false)[0m
    [36m| [0m[34m|[0m /* 156.16 */        } finally {[0m
    [36m| [0m[34m|[0m /* 156.17 */            let _ = removeIfExists(path)[0m
    [36m| [0m[34m|[0m /* 156.18 */        }[0m
    [36m| [0m[34m|[0m /* 156.19 */    }[0m
    [36m| [0m[34m|[0m /* 156.20 */    [0m
    [36m| [0m[34m|[0m /* 156.21 */    @Attribute[TestCase_15][0m
    [36m| [0m[34m|[0m /* 156.22 */    func directConfigRejectsUnsupportedNameserverZonesBeforeQueries(): Unit {[0m
    [36m| [0m[34m|[0m /* 156.23 */        let octets = Array < Byte >(16, repeat: 0u8)[0m
    [36m| [0m[34m|[0m /* 156.24 */        octets[0] = 0xFEu8[0m
    [36m| [0m[34m|[0m /* 156.25 */        octets[1] = 0x80u8[0m
    [36m| [0m[34m|[0m /* 156.26 */        octets[15] = 1u8[0m
    [36m| [0m[34m|[0m /* 156.27 */        for(zone in["eth0", "4294967296"]) {[0m
    [36m| [0m[34m|[0m /* 156.28 */            let endpoint = api.SocketEndpoint(api.IpAddress(api.IpAddressFamily.Ipv6, octets, zone: Some(zone)), 53u16)[0m
    [36m| [0m[34m|[0m /* 156.29 */            try {[0m
    [36m| [0m[34m|[0m /* 156.30 */                try {[0m
    [36m| [0m[34m|[0m /* 156.31 */                    assertEqual("true", "true", true, true)[0m
    [36m| [0m[34m|[0m /* 156.32 */                    DnsResolverConfig(nameservers:[endpoint])[0m
    [36m| [0m[34m|[0m /* 156.33 */                    fail("@AssertThrows: Expected 'IllegalArgumentException' was not caught.")[0m
    [36m| [0m[34m|[0m /* 156.34 */                } catch(e: IllegalArgumentException) {[0m
    [36m| [0m[34m|[0m /* 156.35 */                    if(e is AssertException) {[0m
    [36m| [0m[34m|[0m /* 156.36 */                        throw e[0m
    [36m| [0m[34m|[0m /* 156.37 */                    }[0m
    [36m| [0m[34m|[0m /* 156.38 */                    if(e is AssertIntermediateException) {[0m
    [36m| [0m[34m|[0m /* 156.39 */                        throw e[0m
    [36m| [0m[34m|[0m /* 156.40 */                    }[0m
    [36m| [0m[34m|[0m /* 156.41 */                    if(e is UnittestTimeoutException) {[0m
    [36m| [0m[34m|[0m /* 156.42 */                        throw e[0m
    [36m| [0m[34m|[0m /* 156.43 */                    }[0m
    [36m| [0m[34m|[0m /* 156.44 */                    e[0m
    [36m| [0m[34m|[0m /* 156.45 */                }[0m
    [36m| [0m[34m|[0m /* 156.46 */            } catch(e: Exception) {[0m
    [36m| [0m[34m|[0m /* 156.47 */                if(e is AssertException || e is AssertIntermediateException || e is UnittestTimeoutException) {[0m
    [36m| [0m[34m|[0m /* 156.48 */                    throw e[0m
    [36m| [0m[34m|[0m /* 156.49 */                }[0m
    [36m| [0m[34m|[0m /* 156.50 */                assertCaughtUnexpectedE("@AssertThrows(IllegalArgumentException)", "IllegalArgumentException", e.toString())[0m
    [36m| [0m[34m|[0m /* 156.51 */            }[0m
    [36m| [0m[34m|[0m /* 156.52 */        }[0m
    [36m| [0m[34m|[0m /* 156.53 */    }[0m
    [36m| [0m[34m|[0m /* 156.54 */    [0m
    [36m| [0m[34m|[0m /* 156.55 */    @Attribute[TestCase_16][0m
    [36m| [0m[34m|[0m /* 156.56 */    func systemNameserversRetainOnlySupportedNumericZones(): Unit {[0m
    [36m| [0m[34m|[0m /* 156.57 */        let path = dnsResolverTestTempPath()[0m
    [36m| [0m[34m|[0m /* 156.58 */        try {[0m
    [36m| [0m[34m|[0m /* 156.59 */            File.writeTo(path,("nameserver fe80::1%eth0\n" + "nameserver fe80::2%4294967296\n" + "nameserver fe80::3%7\n" + "nameserver 192.0.2.53\n").toArray())[0m
    [36m| [0m[34m|[0m /* 156.60 */            let servers = DnsResolverConfig.fromSystem(path: path).nameservers[0m
    [36m| [0m[34m|[0m /* 156.61 */            assertEqual("servers.size", "2", servers.size, 2, isDelta: false)[0m
    [36m| [0m[34m|[0m /* 156.62 */            expectEqual("servers[0].address.zone", "Some(\"7\")", servers[0].address.zone, Some("7"), isDelta: false)[0m
    [36m| [0m[34m|[0m /* 156.63 */            expectEqual("servers[1].address.toOctets()", "[192u8, 0u8, 2u8, 53u8]", servers[1].address.toOctets(),[192u8, 0u8, 2u8, 53u8], isDelta: false)[0m
    [36m| [0m[34m|[0m /* 156.64 */            File.writeTo(path, "nameserver fe80::1%eth0\n".toArray())[0m
    [36m| [0m[34m|[0m /* 156.65 */            expectEqual("DnsResolverConfig.fromSystem(path: path).nameservers.isEmpty()", "true", DnsResolverConfig.fromSystem(path: path).nameservers.isEmpty(), true, isDelta: false)[0m
    [36m| [0m[34m|[0m /* 156.66 */        } finally {[0m
    [36m| [0m[34m|[0m /* 156.67 */            let _ = removeIfExists(path)[0m
    [36m| [0m[34m|[0m /* 156.68 */        }[0m
    [36m| [0m[34m|[0m /* 156.69 */    }[0m
    [36m| [0m[34m|[0m /* 156.70 */    [0m
    [36m| [0m[34m|[0m /* 156.71 */    @Attribute[TestCase_17][0m
    [36m| [0m[34m|[0m /* 156.72 */    func configOwnsInputArraysAndReturnsDefensiveCopies(): Unit {[0m
    [36m| [0m[34m|[0m /* 156.73 */        let first = dnsResolverTestLoopback(5301u16)[0m
    [36m| [0m[34m|[0m /* 156.74 */        let second = dnsResolverTestLoopback(5302u16)[0m
    [36m| [0m[34m|[0m /* 156.75 */        let nameservers =[first, second][0m
    [36m| [0m[34m|[0m /* 156.76 */        let searches =[api.HostName("first.test"), api.HostName("second.test")][0m
    [36m| [0m[34m|[0m /* 156.77 */        let config = DnsResolverConfig(nameservers: nameservers, searchDomains: searches, hostsPath: "")[0m
    [36m| [0m[34m|[0m /* 156.78 */        nameservers[0] = dnsResolverTestLoopback(5399u16)[0m
    [36m| [0m[34m|[0m /* 156.79 */        searches[0] = api.HostName("mutated.test")[0m
    [36m| [0m[34m|[0m /* 156.80 */        expectEqual("config.nameservers[0]", "first", config.nameservers[0], first, isDelta: false)[0m
    [36m| [0m[34m|[0m /* 156.81 */        expectEqual("config.searchDomains[0]", "api.HostName(\"first.test\")", config.searchDomains[0], api.HostName("first.test"), isDelta: false)[0m
    [36m| [0m[34m|[0m /* 156.82 */        let returnedServers = config.nameservers[0m
    [36m| [0m[34m|[0m /* 156.83 */        let returnedSearches = config.searchDomains[0m
    [36m| [0m[34m|[0m /* 156.84 */        returnedServers[0] = dnsResolverTestLoopback(5398u16)[0m
    [36m| [0m[34m|[0m /* 156.85 */        returnedSearches[0] = api.HostName("returned.test")[0m
    [36m| [0m[34m|[0m /* 156.86 */        expectEqual("config.nameservers[0]", "first", config.nameservers[0], first, isDelta: false)[0m
    [36m| [0m[34m|[0m /* 156.87 */        expectEqual("config.nameservers[1]", "second", config.nameservers[1], second, isDelta: false)[0m
    [36m| [0m[34m|[0m /* 156.88 */        expectEqual("config.searchDomains[0]", "api.HostName(\"first.test\")", config.searchDomains[0], api.HostName("first.test"), isDelta: false)[0m
    [36m| [0m[34m|[0m /* 156.89 */        expectEqual("config.searchDomains[1]", "api.HostName(\"second.test\")", config.searchDomains[1], api.HostName("second.test"), isDelta: false)[0m
    [36m| [0m[34m|[0m /* 156.90 */    }[0m
    [36m| [0m[34m|[0m /* 156.91 */    [0m
    [36m| [0m[34m|[0m /* 156.92 */    @Attribute[TestCase_18][0m
    [36m| [0m[34m|[0m /* 156.93 */    func systemFilesFailClosedWhenMissingOversizedOrNonregular(): Unit {[0m
    [36m| [0m[34m|[0m /* 156.94 */        let missing = dnsResolverTestTempPath()[0m
    [36m| [0m[34m|[0m /* 156.95 */        let oversized = dnsResolverTestTempPath()[0m
    [36m| [0m[34m|[0m /* 156.96 */        let directory = dnsResolverTestTempPath()[0m
    [36m| [0m[34m|[0m /* 156.97 */        try {[0m
    [36m| [0m[34m|[0m /* 156.98 */            let _ = removeIfExists(missing)[0m
    [36m| [0m[34m|[0m /* 156.99 */            File.writeTo(oversized, Array < Byte >(1024 * 1024 + 1, repeat: 0u8))[0m
    [36m| [0m[34m|[0m /* 156.100 */            let _ = removeIfExists(directory)[0m
    [36m| [0m[34m|[0m /* 156.101 */            Directory.create(directory)[0m
    [36m| [0m[34m|[0m /* 156.102 */            expectEqual("dnsResolverTestDefaults(DnsResolverConfig.fromSystem(path: missing))", "true", dnsResolverTestDefaults(DnsResolverConfig.fromSystem(path: missing)), true, isDelta: false)[0m
    [36m| [0m[34m|[0m /* 156.103 */            expectEqual("dnsResolverTestDefaults(DnsResolverConfig.fromSystem(path: oversized))", "true", dnsResolverTestDefaults(DnsResolverConfig.fromSystem(path: oversized)), true, isDelta: false)[0m
    [36m| [0m[34m|[0m /* 156.104 */            expectEqual("dnsResolverTestDefaults(DnsResolverConfig.fromSystem(path: directory))", "true", dnsResolverTestDefaults(DnsResolverConfig.fromSystem(path: directory)), true, isDelta: false)[0m
    [36m| [0m[34m|[0m /* 156.105 */        } finally {[0m
    [36m| [0m[34m|[0m /* 156.106 */            let _ = removeIfExists(missing)[0m
    [36m| [0m[34m|[0m /* 156.107 */            let _ = removeIfExists(oversized)[0m
    [36m| [0m[34m|[0m /* 156.108 */            let _ = removeIfExists(directory, recursive: true)[0m
    [36m| [0m[34m|[0m /* 156.109 */        }[0m
    [36m| [0m[34m|[0m /* 156.110 */    }[0m
    [36m| [0m[34m|[0m /* 156.111 */    [0m
    [36m| [0m[34m|[0m /* 156.112 */    @Attribute[TestCase_19][0m
    [36m| [0m[34m|[0m /* 156.113 */    func hostsSnapshotRetainsOnlyUsableIpv6Zones(): Unit {[0m
    [36m| [0m[34m|[0m /* 156.114 */        let path = dnsResolverTestTempPath()[0m
    [36m| [0m[34m|[0m /* 156.115 */        try {[0m
    [36m| [0m[34m|[0m /* 156.116 */            File.writeTo(path,("fe80::1%eth0 scoped.test\n" + "fe80::2%4294967296 scoped.test\n" + "fe80::3%1 scoped.test\n" + "::1 scoped.test\n").toArray())[0m
    [36m| [0m[34m|[0m /* 156.117 */            let resolver = Resolver(config: DnsResolverConfig(hostsPath: path))[0m
    [36m| [0m[34m|[0m /* 156.118 */            try {[0m
    [36m| [0m[34m|[0m /* 156.119 */                let result = resolver.resolve(api.HostName("scoped.test"), options: api.ResolveOptions(family: api.ResolveAddressFamily.Ipv6))[0m
    [36m| [0m[34m|[0m /* 156.120 */                expectEqual("result.addresses.size", "2", result.addresses.size, 2, isDelta: false)[0m
    [36m| [0m[34m|[0m /* 156.121 */                expectEqual("result.addresses[0].zone", "Some(\"1\")", result.addresses[0].zone, Some("1"), isDelta: false)[0m
    [36m| [0m[34m|[0m /* 156.122 */                expectEqual("result.addresses[0].toOctets()[15]", "3u8", result.addresses[0].toOctets()[15], 3u8, isDelta: false)[0m
    [36m| [0m[34m|[0m /* 156.123 */                expectEqual("result.addresses[result.addresses.size - 1].zone.isNone()", "true", result.addresses[result.addresses.size - 1].zone.isNone(), true, isDelta: false)[0m
    [36m| [0m[34m|[0m /* 156.124 */                expectEqual("dnsResolverTestHostsSource(result.source)", "true", dnsResolverTestHostsSource(result.source), true, isDelta: false)[0m
    [36m| [0m[34m|[0m /* 156.125 */            } finally {[0m
    [36m| [0m[34m|[0m /* 156.126 */                resolver.close()[0m
    [36m| [0m[34m|[0m /* 156.127 */            }[0m
    [36m| [0m[34m|[0m /* 156.128 */        } finally {[0m
    [36m| [0m[34m|[0m /* 156.129 */            let _ = removeIfExists(path)[0m
    [36m| [0m[34m|[0m /* 156.130 */        }[0m
    [36m| [0m[34m|[0m /* 156.131 */    }[0m
    [36m| [0m[34m|[0m /* 156.132 */    [0m
    [36m| [0m[34m|[0m /* 156.133 */    @Attribute[TestCase_20][0m
    [36m| [0m[34m|[0m /* 156.134 */    func hostsAliasesFilterFamiliesAndRemainSnapshotted(): Unit {[0m
    [36m| [0m[34m|[0m /* 156.135 */        let path = dnsResolverTestTempPath()[0m
    [36m| [0m[34m|[0m /* 156.136 */        try {[0m
    [36m| [0m[34m|[0m /* 156.137 */            File.writeTo(path,("127.0.0.2 primary-v4 alias-v4 mixed # v4 aliases\n" + "::1 primary-v6 alias-v6 mixed ; v6 aliases\n" + "010.0.0.7 rejected-alias\n").toArray())[0m
    [36m| [0m[34m|[0m /* 156.138 */            let config = DnsResolverConfig(hostsPath: path)[0m
    [36m| [0m[34m|[0m /* 156.139 */            let resolver = Resolver(config: config)[0m
    [36m| [0m[34m|[0m /* 156.140 */            try {[0m
    [36m| [0m[34m|[0m /* 156.141 */                File.writeTo(path, "127.0.0.9 alias-v4 mixed\n".toArray())[0m
    [36m| [0m[34m|[0m /* 156.142 */                let ipv4 = resolver.resolve(api.HostName("alias-v4"), options: api.ResolveOptions(family: api.ResolveAddressFamily.Ipv4))[0m
    [36m| [0m[34m|[0m /* 156.143 */                expectEqual("ipv4.addresses", "[dnsResolverTestIpv4(2u8)]", ipv4.addresses,[dnsResolverTestIpv4(2u8)], isDelta: false)[0m
    [36m| [0m[34m|[0m /* 156.144 */                expectEqual("ipv4.canonicalHost", "api.HostName(\"alias-v4\")", ipv4.canonicalHost, api.HostName("alias-v4"), isDelta: false)[0m
    [36m| [0m[34m|[0m /* 156.145 */                expectEqual("dnsResolverTestHostsSource(ipv4.source)", "true", dnsResolverTestHostsSource(ipv4.source), true, isDelta: false)[0m
    [36m| [0m[34m|[0m /* 156.146 */                expectEqual("ipv4.expiration.isNone()", "true", ipv4.expiration.isNone(), true, isDelta: false)[0m
    [36m| [0m[34m|[0m /* 156.147 */                let ipv6 = resolver.resolve(api.HostName("alias-v6"), options: api.ResolveOptions(family: api.ResolveAddressFamily.Ipv6))[0m
    [36m| [0m[34m|[0m /* 156.148 */                assertEqual("ipv6.addresses.size", "1", ipv6.addresses.size, 1, isDelta: false)[0m
    [36m| [0m[34m|[0m /* 156.149 */                expectEqual("dnsResolverTestFamilyIs(ipv6.addresses[0].family, api.IpAddressFamily.Ipv6)", "true", dnsResolverTestFamilyIs(ipv6.addresses[0].family, api.IpAddressFamily.Ipv6), true, isDelta: false)[0m
    [36m| [0m[34m|[0m /* 156.150 */                let mixedV4 = resolver.resolve(api.HostName("mixed"), options: api.ResolveOptions(family: api.ResolveAddressFamily.Ipv4))[0m
    [36m| [0m[34m|[0m /* 156.151 */                let mixedV6 = resolver.resolve(api.HostName("mixed"), options: api.ResolveOptions(family: api.ResolveAddressFamily.Ipv6))[0m
    [36m| [0m[34m|[0m /* 156.152 */                expectEqual("mixedV4.addresses", "[dnsResolverTestIpv4(2u8)]", mixedV4.addresses,[dnsResolverTestIpv4(2u8)], isDelta: false)[0m
    [36m| [0m[34m|[0m /* 156.153 */                assertEqual("mixedV6.addresses.size", "1", mixedV6.addresses.size, 1, isDelta: false)[0m
    [36m| [0m[34m|[0m /* 156.154 */                expectEqual("dnsResolverTestFamilyIs(mixedV6.addresses[0].family, api.IpAddressFamily.Ipv6)", "true", dnsResolverTestFamilyIs(mixedV6.addresses[0].family, api.IpAddressFamily.Ipv6), true, isDelta: false)[0m
    [36m| [0m[34m|[0m /* 156.155 */                let reloaded = Resolver(config: config)[0m
    [36m| [0m[34m|[0m /* 156.156 */                try {[0m
    [36m| [0m[34m|[0m /* 156.157 */                    expectEqual("reloaded.resolve(api.HostName(\"alias-v4\")).addresses", "[dnsResolverTestIpv4(9u8)]", reloaded.resolve(api.HostName("alias-v4")).addresses,[dnsResolverTestIpv4(9u8)], isDelta: false)[0m
    [36m| [0m[34m|[0m /* 156.158 */                } finally {[0m
    [36m| [0m[34m|[0m /* 156.159 */                    reloaded.close()[0m
    [36m| [0m[34m|[0m /* 156.160 */                }[0m
    [36m| [0m[34m|[0m /* 156.161 */            } finally {[0m
    [36m| [0m[34m|[0m /* 156.162 */                resolver.close()[0m
    [36m| [0m[34m|[0m /* 156.163 */            }[0m
    [36m| [0m[34m|[0m /* 156.164 */        } finally {[0m
    [36m| [0m[34m|[0m /* 156.165 */            let _ = removeIfExists(path)[0m
    [36m| [0m[34m|[0m /* 156.166 */        }[0m
    [36m| [0m[34m|[0m /* 156.167 */    }[0m
    [36m| [0m[34m|[0m /* 156.168 */    [0m
    [36m| [0m[34m|[0m /* 156.169 */    @Attribute[TestCase_21][0m
    [36m| [0m[34m|[0m /* 156.170 */    func trailingRootSkipsSearchWhileNdotsSelectsSearchOrAbsoluteFirst(): Unit {[0m
    [36m| [0m[34m|[0m /* 156.171 */        let server = UdpSocket.bind(dnsResolverTestLoopback(0u16))[0m
    [36m| [0m[34m|[0m /* 156.172 */        let endpoint = dnsResolverTestEndpoint(server)[0m
    [36m| [0m[34m|[0m /* 156.173 */        let searchFirst = Resolver(config: DnsResolverConfig(nameservers:[endpoint], searchDomains:[api.HostName("search.test")], ndots: 2, hostsPath: "", attempts: 1))[0m
    [36m| [0m[34m|[0m /* 156.174 */        let absoluteFirst = Resolver(config: DnsResolverConfig(nameservers:[endpoint], searchDomains:[api.HostName("search.test")], ndots: 1, hostsPath: "", attempts: 1))[0m
    [36m| [0m[34m|[0m /* 156.175 */        let serving: Future < Array < String >>= spawn { let names = ArrayList < String >()[0m
    [36m| [0m[34m|[0m /* 156.176 */            for(_ in 0 .. 3) {[0m
    [36m| [0m[34m|[0m /* 156.177 */                let received = server.receive(512, context: api.OperationContext(deadline: Some(api.Deadline.after(2 * Duration.second))))[0m
    [36m| [0m[34m|[0m /* 156.178 */                names.add(DnsMessageParser().parse(received.payload).questions[0].name)[0m
    [36m| [0m[34m|[0m /* 156.179 */                let header = received.payload.clone()[0m
    [36m| [0m[34m|[0m /* 156.180 */                header[2] = 0x81u8[0m
    [36m| [0m[34m|[0m /* 156.181 */                header[3] = 0x80u8[0m
    [36m| [0m[34m|[0m /* 156.182 */                header[7] = 1u8[0m
    [36m| [0m[34m|[0m /* 156.183 */                let response = ArrayList < Byte >()[0m
    [36m| [0m[34m|[0m /* 156.184 */                for(byte in header) {[0m
    [36m| [0m[34m|[0m /* 156.185 */                    response.add(byte)[0m
    [36m| [0m[34m|[0m /* 156.186 */                }[0m
    [36m| [0m[34m|[0m /* 156.187 */                for(byte in[0xC0u8, 0x0Cu8, 0u8, 1u8, 0u8, 1u8, 0u8, 0u8, 0u8, 0u8, 0u8, 4u8, 127u8, 0u8, 0u8, 42u8]) {[0m
    [36m| [0m[34m|[0m /* 156.188 */                    response.add(byte)[0m
    [36m| [0m[34m|[0m /* 156.189 */                }[0m
    [36m| [0m[34m|[0m /* 156.190 */                let _ = server.sendTo(received.source.getOrThrow(), api.ByteSpan(response.toArray()), context: api.OperationContext(deadline: Some(api.Deadline.after(Duration.second))))[0m
    [36m| [0m[34m|[0m /* 156.191 */            }[0m
    [36m| [0m[34m|[0m /* 156.192 */            names.toArray()[0m
    [36m| [0m[34m|[0m /* 156.193 */        }[0m
    [36m| [0m[34m|[0m /* 156.194 */        let options = api.ResolveOptions(family: api.ResolveAddressFamily.Ipv4)[0m
    [36m| [0m[34m|[0m /* 156.195 */        try {[0m
    [36m| [0m[34m|[0m /* 156.196 */            let expanded = searchFirst.resolve("service", options: options)[0m
    [36m| [0m[34m|[0m /* 156.197 */            expectEqual("expanded.canonicalHost", "api.HostName(\"service.search.test\")", expanded.canonicalHost, api.HostName("service.search.test"), isDelta: false)[0m
    [36m| [0m[34m|[0m /* 156.198 */            let rooted = searchFirst.resolve("service.", options: options)[0m
    [36m| [0m[34m|[0m /* 156.199 */            expectEqual("rooted.canonicalHost", "api.HostName(\"service\")", rooted.canonicalHost, api.HostName("service"), isDelta: false)[0m
    [36m| [0m[34m|[0m /* 156.200 */            let absolute = absoluteFirst.resolve("db.prod", options: options)[0m
    [36m| [0m[34m|[0m /* 156.201 */            expectEqual("absolute.canonicalHost", "api.HostName(\"db.prod\")", absolute.canonicalHost, api.HostName("db.prod"), isDelta: false)[0m
    [36m| [0m[34m|[0m /* 156.202 */            expectEqual("expanded.addresses", "[dnsResolverTestIpv4(42u8)]", expanded.addresses,[dnsResolverTestIpv4(42u8)], isDelta: false)[0m
    [36m| [0m[34m|[0m /* 156.203 */            expectEqual("serving.get(Duration.second)", "[\"service.search.test\", \"service\", \"db.prod\"]", serving.get(Duration.second),["service.search.test", "service", "db.prod"], isDelta: false)[0m
    [36m| [0m[34m|[0m /* 156.204 */        } finally {[0m
    [36m| [0m[34m|[0m /* 156.205 */            searchFirst.close()[0m
    [36m| [0m[34m|[0m /* 156.206 */            absoluteFirst.close()[0m
    [36m| [0m[34m|[0m /* 156.207 */            server.close()[0m
    [36m| [0m[34m|[0m /* 156.208 */            try {[0m
    [36m| [0m[34m|[0m /* 156.209 */                let _ = serving.get(Duration.second)[0m
    [36m| [0m[34m|[0m /* 156.210 */            } catch(_: Exception) {[0m
    [36m| [0m[34m|[0m /* 156.211 */            }[0m
    [36m| [0m[34m|[0m /* 156.212 */        }[0m
    [36m| [0m[34m|[0m /* 156.213 */    }[0m
    [36m| [0m[34m|[0m /* 156.214 */    [0m
    [36m| [0m[34m|[0m /* 156.215 */    @Attribute[TestCase_22][0m
    [36m| [0m[34m|[0m /* 156.216 */    func exactHostsEntryWinsBeforeSearchSuffixDns(): Unit {[0m
    [36m| [0m[34m|[0m /* 156.217 */        let path = dnsResolverTestTempPath()[0m
    [36m| [0m[34m|[0m /* 156.218 */        let dnsServer = UdpSocket.bind(dnsResolverTestLoopback(0u16))[0m
    [36m| [0m[34m|[0m /* 156.219 */        File.writeTo(path, "127.0.0.21 precedence.test\n".toArray())[0m
    [36m| [0m[34m|[0m /* 156.220 */        let resolver = Resolver(config: DnsResolverConfig(nameservers:[dnsResolverTestEndpoint(dnsServer)], searchDomains:[api.HostName("search.test")], ndots: 2, hostsPath: path, queryTimeout: Duration.second, attempts: 1))[0m
    [36m| [0m[34m|[0m /* 156.221 */        let serving: Future < Int64 >= spawn { try {[0m
    [36m| [0m[34m|[0m /* 156.222 */            let received = dnsServer.receive(512, context: api.OperationContext(deadline: Some(api.Deadline.after(200 * Duration.millisecond))))[0m
    [36m| [0m[34m|[0m /* 156.223 */            let _ = dnsServer.sendTo(received.source.getOrThrow(), api.ByteSpan(dnsResolverTestNxdomain(received.payload)), context: api.OperationContext(deadline: Some(api.Deadline.after(Duration.second))))[0m
    [36m| [0m[34m|[0m /* 156.224 */            1[0m
    [36m| [0m[34m|[0m /* 156.225 */        } catch(error: api.NetworkException) {[0m
    [36m| [0m[34m|[0m /* 156.226 */            if(dnsResolverTestReceiveTimedOut(error)) {[0m
    [36m| [0m[34m|[0m /* 156.227 */                0[0m
    [36m| [0m[34m|[0m /* 156.228 */            }[0m
    [36m| [0m[34m|[0m /* 156.229 */            else {[0m
    [36m| [0m[34m|[0m /* 156.230 */                throw error[0m
    [36m| [0m[34m|[0m /* 156.231 */            }[0m
    [36m| [0m[34m|[0m /* 156.232 */        }[0m
    [36m| [0m[34m|[0m /* 156.233 */    }[0m
    [36m| [0m[34m|[0m /* 156.234 */    try {[0m
    [36m| [0m[34m|[0m /* 156.235 */        let result = resolver.resolve("precedence.test", options: api.ResolveOptions(family: api.ResolveAddressFamily.Ipv4))[0m
    [36m| [0m[34m|[0m /* 156.236 */        expectEqual("result.addresses", "[dnsResolverTestIpv4(21u8)]", result.addresses,[dnsResolverTestIpv4(21u8)], isDelta: false)[0m
    [36m| [0m[34m|[0m /* 156.237 */        expectEqual("result.canonicalHost", "api.HostName(\"precedence.test\")", result.canonicalHost, api.HostName("precedence.test"), isDelta: false)[0m
    [36m| [0m[34m|[0m /* 156.238 */        expectEqual("dnsResolverTestHostsSource(result.source)", "true", dnsResolverTestHostsSource(result.source), true, isDelta: false)[0m
    [36m| [0m[34m|[0m /* 156.239 */        expectEqual("serving.get(Duration.second)", "0", serving.get(Duration.second), 0, isDelta: false)[0m
    [36m| [0m[34m|[0m /* 156.240 */    } finally {[0m
    [36m| [0m[34m|[0m /* 156.241 */        resolver.close()[0m
    [36m| [0m[34m|[0m /* 156.242 */        dnsServer.close()[0m
    [36m| [0m[34m|[0m /* 156.243 */        try {[0m
    [36m| [0m[34m|[0m /* 156.244 */            let _ = serving.get(Duration.second)[0m
    [36m| [0m[34m|[0m /* 156.245 */        } catch(_: Exception) {[0m
    [36m| [0m[34m|[0m /* 156.246 */        }[0m
    [36m| [0m[34m|[0m /* 156.247 */        let _ = removeIfExists(path)[0m
    [36m| [0m[34m|[0m /* 156.248 */    }[0m
    [36m| [0m[34m|[0m /* 156.249 */}[0m
    [36m| [0m[34m|[0m /* 156.250 */[0m
    [36m| [0m[34m|[0m /* 156.251 */@Attribute[TestCase_23][0m
    [36m| [0m[34m|[0m /* 156.252 */func cancelledExpiredAndClosedCallsRetainPublicResolveClassifications(): Unit {[0m
    [36m| [0m[34m|[0m /* 156.253 */    let path = dnsResolverTestTempPath()[0m
    [36m| [0m[34m|[0m /* 156.254 */    try {[0m
    [36m| [0m[34m|[0m /* 156.255 */        File.writeTo(path, "127.0.0.20 lifecycle.test\n".toArray())[0m
    [36m| [0m[34m|[0m /* 156.256 */        let resolver = Resolver(config: DnsResolverConfig(hostsPath: path))[0m
    [36m| [0m[34m|[0m /* 156.257 */        try {[0m
    [36m| [0m[34m|[0m /* 156.258 */            let cancellation = api.CancellationSource()[0m
    [36m| [0m[34m|[0m /* 156.259 */            cancellation.cancel()[0m
    [36m| [0m[34m|[0m /* 156.260 */            let cancelled = dnsResolverTestResolveError({ =>[0m
    [36m| [0m[34m|[0m /* 156.261 */                let _ = resolver.resolve(api.HostName("lifecycle.test"), context: api.OperationContext(cancellation: cancellation.token))[0m
    [36m| [0m[34m|[0m /* 156.262 */            })[0m
    [36m| [0m[34m|[0m /* 156.263 */            expectEqual("dnsResolverTestResolveErrorIs(cancelled, api.ResolveErrorCode.Cancelled)", "true", dnsResolverTestResolveErrorIs(cancelled, api.ResolveErrorCode.Cancelled), true, isDelta: false)[0m
    [36m| [0m[34m|[0m /* 156.264 */            let expired = dnsResolverTestResolveError({ =>[0m
    [36m| [0m[34m|[0m /* 156.265 */                let _ = resolver.resolve(api.HostName("lifecycle.test"), context: api.OperationContext(deadline: Some(api.Deadline.after(Duration.Zero))))[0m
    [36m| [0m[34m|[0m /* 156.266 */            })[0m
    [36m| [0m[34m|[0m /* 156.267 */            expectEqual("dnsResolverTestResolveErrorIs(expired, api.ResolveErrorCode.Timeout)", "true", dnsResolverTestResolveErrorIs(expired, api.ResolveErrorCode.Timeout), true, isDelta: false)[0m
    [36m| [0m[34m|[0m /* 156.268 */            resolver.close()[0m
    [36m| [0m[34m|[0m /* 156.269 */            expectEqual("resolver.isClosed()", "true", resolver.isClosed(), true, isDelta: false)[0m
    [36m| [0m[34m|[0m /* 156.270 */            let closed = dnsResolverTestResolveError({ =>[0m
    [36m| [0m[34m|[0m /* 156.271 */                let _ = resolver.resolve(api.HostName("lifecycle.test"))[0m
    [36m| [0m[34m|[0m /* 156.272 */            })[0m
    [36m| [0m[34m|[0m /* 156.273 */            expectEqual("dnsResolverTestResolveErrorIs(closed, api.ResolveErrorCode.Cancelled)", "true", dnsResolverTestResolveErrorIs(closed, api.ResolveErrorCode.Cancelled), true, isDelta: false)[0m
    [36m| [0m[34m|[0m /* 156.274 */        } finally {[0m
    [36m| [0m[34m|[0m /* 156.275 */            resolver.close()[0m
    [36m| [0m[34m|[0m /* 156.276 */        }[0m
    [36m| [0m[34m|[0m /* 156.277 */    } finally {[0m
    [36m| [0m[34m|[0m /* 156.278 */        let _ = removeIfExists(path)[0m
    [36m| [0m[34m|[0m /* 156.279 */    }[0m
    [36m| [0m[34m|[0m /* 156.280 */}[0m
    [36m| [0m[34m|[0m /* 156.281 */[0m
    [36m| [0m[34m|[0m /* 156.282 */@Attribute[TestCase_24][0m
    [36m| [0m[34m|[0m /* 156.283 */func connectUsesHostsMappingForANativeListenerExchange(): Unit {[0m
    [36m| [0m[34m|[0m /* 156.284 */    let path = dnsResolverTestTempPath()[0m
    [36m| [0m[34m|[0m /* 156.285 */    let listener = TcpListener.bind(dnsResolverTestLoopback(0u16), backlog: 2)[0m
    [36m| [0m[34m|[0m /* 156.286 */    File.writeTo(path, "127.0.0.1 native-connect.test\n".toArray())[0m
    [36m| [0m[34m|[0m /* 156.287 */    let resolver = Resolver(config: DnsResolverConfig(hostsPath: path, queryTimeout: 500 * Duration.millisecond))[0m
    [36m| [0m[34m|[0m /* 156.288 */    let clock = DnsResolverTestClock(MonoTime.now())[0m
    [36m| [0m[34m|[0m /* 156.289 */    let sink = DnsResolverDeadlineSink(clock)[0m
    [36m| [0m[34m|[0m /* 156.290 */    let request =[0x10u8, 0x20u8, 0x30u8][0m
    [36m| [0m[34m|[0m /* 156.291 */    let response =[0xA0u8, 0xB0u8][0m
    [36m| [0m[34m|[0m /* 156.292 */    let serving: Future < Bool >= spawn { let peer = listener.accept(context: api.OperationContext(deadline: Some(api.Deadline.after(2 * Duration.second))))[0m
    [36m| [0m[34m|[0m /* 156.293 */        try {[0m
    [36m| [0m[34m|[0m /* 156.294 */            let received = Array < Byte >(request.size, repeat: 0u8)[0m
    [36m| [0m[34m|[0m /* 156.295 */            peer.readExact(api.MutableByteSpan(received), context: api.OperationContext(deadline: Some(api.Deadline.after(Duration.second))))[0m
    [36m| [0m[34m|[0m /* 156.296 */            peer.writeAll(api.ByteSpan(response), context: api.OperationContext(deadline: Some(api.Deadline.after(Duration.second))))[0m
    [36m| [0m[34m|[0m /* 156.297 */            received == request[0m
    [36m| [0m[34m|[0m /* 156.298 */        } finally {[0m
    [36m| [0m[34m|[0m /* 156.299 */            peer.close()[0m
    [36m| [0m[34m|[0m /* 156.300 */        }[0m
    [36m| [0m[34m|[0m /* 156.301 */    }[0m
    [36m| [0m[34m|[0m /* 156.302 */    var connected:?api.DuplexTransport = None < api.DuplexTransport >[0m
    [36m| [0m[34m|[0m /* 156.303 */    try {[0m
    [36m| [0m[34m|[0m /* 156.304 */        let transport = resolver.connect(api.HostName("native-connect.test"), listener.localEndpoint.port, attemptDelay: Duration.Zero, context: api.OperationContext(deadline: Some(api.Deadline.after(2 * Duration.second, clock: clock)), eventSink: Some(sink)))[0m
    [36m| [0m[34m|[0m /* 156.305 */        connected = Some(transport)[0m
    [36m| [0m[34m|[0m /* 156.306 */        match(transport.info.remoteEndpoint) {[0m
    [36m| [0m[34m|[0m /* 156.307 */            case Some(endpoint) => expectEqual("endpoint", "listener.localEndpoint", endpoint, listener.localEndpoint, isDelta: false)[0m
    [36m| [0m[34m|[0m /* 156.308 */            case _ => fail("connected transport did not expose its Internet peer")[0m
    [36m| [0m[34m|[0m /* 156.309 */        }[0m
    [36m| [0m[34m|[0m /* 156.310 */        api.writeAll(transport, api.ByteSpan(request), context: api.OperationContext(deadline: Some(api.Deadline.after(Duration.second))))[0m
    [36m| [0m[34m|[0m /* 156.311 */        let received = Array < Byte >(response.size, repeat: 0u8)[0m
    [36m| [0m[34m|[0m /* 156.312 */        api.readExact(transport, api.MutableByteSpan(received), context: api.OperationContext(deadline: Some(api.Deadline.after(Duration.second))))[0m
    [36m| [0m[34m|[0m /* 156.313 */        expectEqual("received", "response", received, response, isDelta: false)[0m
    [36m| [0m[34m|[0m /* 156.314 */        expectEqual("serving.get(Duration.second)", "true", serving.get(Duration.second), true, isDelta: false)[0m
    [36m| [0m[34m|[0m /* 156.315 */    } finally {[0m
    [36m| [0m[34m|[0m /* 156.316 */        match(connected) {[0m
    [36m| [0m[34m|[0m /* 156.317 */            case Some(transport) => transport.close(api.OperationContext.background())[0m
    [36m| [0m[34m|[0m /* 156.318 */            case None =>()[0m
    [36m| [0m[34m|[0m /* 156.319 */        }[0m
    [36m| [0m[34m|[0m /* 156.320 */        listener.close()[0m
    [36m| [0m[34m|[0m /* 156.321 */        try {[0m
    [36m| [0m[34m|[0m /* 156.322 */            let _ = serving.get(Duration.second)[0m
    [36m| [0m[34m|[0m /* 156.323 */        } catch(_: Exception) {[0m
    [36m| [0m[34m|[0m /* 156.324 */        }[0m
    [36m| [0m[34m|[0m /* 156.325 */        resolver.close()[0m
    [36m| [0m[34m|[0m /* 156.326 */        let _ = removeIfExists(path)[0m
    [36m| [0m[34m|[0m /* 156.327 */    }[0m
    [36m| [0m[34m|[0m /* 156.328 */}[0m
    [36m| [0m[34m|[0m /* 156.329 */[0m
    [36m| [0m[34m|[0m /* 156.330 */@Attribute[TestCase_25][0m
    [36m| [0m[34m|[0m /* 156.331 */func resolverConnectCarriesOneAbsoluteDeadlineIntoNativeTcpAdmission(): Unit {[0m
    [36m| [0m[34m|[0m /* 156.332 */    let path = dnsResolverTestTempPath()[0m
    [36m| [0m[34m|[0m /* 156.333 */    let listener = TcpListener.bind(dnsResolverTestLoopback(0u16), backlog: 1)[0m
    [36m| [0m[34m|[0m /* 156.334 */    File.writeTo(path, "127.0.0.1 deadline-connect.test\n".toArray())[0m
    [36m| [0m[34m|[0m /* 156.335 */    let resolver = Resolver(config: DnsResolverConfig(hostsPath: path, queryTimeout: 5 * Duration.second))[0m
    [36m| [0m[34m|[0m /* 156.336 */    let clock = DnsResolverTestClock(MonoTime.now())[0m
    [36m| [0m[34m|[0m /* 156.337 */    let sink = DnsResolverDeadlineSink(clock)[0m
    [36m| [0m[34m|[0m /* 156.338 */    try {[0m
    [36m| [0m[34m|[0m /* 156.339 */        let error = try {[0m
    [36m| [0m[34m|[0m /* 156.340 */            let transport = resolver.connect(api.HostName("deadline-connect.test"), listener.localEndpoint.port, attemptDelay: Duration.Zero, context: api.OperationContext(deadline: Some(api.Deadline.after(Duration.second, clock: clock)), eventSink: Some(sink)))[0m
    [36m| [0m[34m|[0m /* 156.341 */            transport.close(api.OperationContext.background())[0m
    [36m| [0m[34m|[0m /* 156.342 */            fail("expired total deadline unexpectedly published a connected transport")[0m
    [36m| [0m[34m|[0m /* 156.343 */        } catch(value: api.NetworkException) {[0m
    [36m| [0m[34m|[0m /* 156.344 */            value[0m
    [36m| [0m[34m|[0m /* 156.345 */        }[0m
    [36m| [0m[34m|[0m /* 156.346 */        [0m
    [36m| [0m[34m|[0m /* 156.347 */        expectEqual("dnsResolverTestConnectTimeout(error)", "true", dnsResolverTestConnectTimeout(error), true, isDelta: false)[0m
    [36m| [0m[34m|[0m /* 156.348 */        expectEqual("sink.dnsCompletions", "1", sink.dnsCompletions, 1, isDelta: false)[0m
    [36m| [0m[34m|[0m /* 156.349 */        expectEqual("sink.connectStarts", "1", sink.connectStarts, 1, isDelta: false)[0m
    [36m| [0m[34m|[0m /* 156.350 */    } finally {[0m
    [36m| [0m[34m|[0m /* 156.351 */        resolver.close()[0m
    [36m| [0m[34m|[0m /* 156.352 */        listener.close()[0m
    [36m| [0m[34m|[0m /* 156.353 */        let _ = removeIfExists(path)[0m
    [36m| [0m[34m|[0m /* 156.354 */    }[0m
    [36m| [0m[34m|[0m /* 156.355 */}[0m
    [36m| [0m[34m|[0m /* 156.356 */[0m
    [36m| [0m[34m|[0m /* 156.357 */init() {[0m
    [36m| [0m[34m|[0m /* 156.358 */}[0m
    [36m| [0m[34m|[0m /* 156.359 */private func classConfiguration(): Configuration {[0m
    [36m| [0m[34m|[0m /* 156.360 */    let configuration = Configuration()[0m
    [36m| [0m[34m|[0m /* 156.361 */    [0m
    [36m| [0m[34m|[0m /* 156.362 */    return configuration[0m
    [36m| [0m[34m|[0m /* 156.363 */}[0m
    [36m| [0m[34m|[0m /* 156.364 */public override func asTestSuite(): TestSuite {[0m
    [36m| [0m[34m|[0m /* 156.365 */    [0m
    [36m| [0m[34m|[0m /* 156.366 */    let suiteConfiguration = classConfiguration()[0m
    [36m| [0m[34m|[0m /* 156.367 */    let suiteBuilder = TestSuite.builder("DnsResolverPolicyTest").configure(suiteConfiguration)[0m
    [36m| [0m[34m|[0m /* 156.368 */    [0m
    [36m| [0m[34m|[0m /* 156.369 */    { => let caseConfig = Configuration()[0m
    [36m| [0m[34m|[0m /* 156.370 */        [0m
    [36m| [0m[34m|[0m /* 156.371 */        let fromSystemParsesTabsCommentsLastSearchAndClampedNdotsTestFunc = { => fromSystemParsesTabsCommentsLastSearchAndClampedNdots();() }[0m
    [36m| [0m[34m|[0m /* 156.372 */        suiteBuilder.add([0m
    [36m| [0m[34m|[0m /* 156.373 */        UnitTestCase.create([0m
    [36m| [0m[34m|[0m /* 156.374 */        "fromSystemParsesTabsCommentsLastSearchAndClampedNdots",[0m
    [36m| [0m[34m|[0m /* 156.375 */        configuration: caseConfig,[0m
    [36m| [0m[34m|[0m /* 156.376 */        body: fromSystemParsesTabsCommentsLastSearchAndClampedNdotsTestFunc[0m
    [36m| [0m[34m|[0m /* 156.377 */        )[0m
    [36m| [0m[34m|[0m /* 156.378 */        )[0m
    [36m| [0m[34m|[0m /* 156.379 */        [0m
    [36m| [0m[34m|[0m /* 156.380 */    }()[0m
    [36m| [0m[34m|[0m /* 156.381 */    [0m
    [36m| [0m[34m|[0m /* 156.382 */    [0m
    [36m| [0m[34m|[0m /* 156.383 */    { => let caseConfig = Configuration()[0m
    [36m| [0m[34m|[0m /* 156.384 */        [0m
    [36m| [0m[34m|[0m /* 156.385 */        let directConfigRejectsUnsupportedNameserverZonesBeforeQueriesTestFunc = { => directConfigRejectsUnsupportedNameserverZonesBeforeQueries();() }[0m
    [36m| [0m[34m|[0m /* 156.386 */        suiteBuilder.add([0m
    [36m| [0m[34m|[0m /* 156.387 */        UnitTestCase.create([0m
    [36m| [0m[34m|[0m /* 156.388 */        "directConfigRejectsUnsupportedNameserverZonesBeforeQueries",[0m
    [36m| [0m[34m|[0m /* 156.389 */        configuration: caseConfig,[0m
    [36m| [0m[34m|[0m /* 156.390 */        body: directConfigRejectsUnsupportedNameserverZonesBeforeQueriesTestFunc[0m
    [36m| [0m[34m|[0m /* 156.391 */        )[0m
    [36m| [0m[34m|[0m /* 156.392 */        )[0m
    [36m| [0m[34m|[0m /* 156.393 */        [0m
    [36m| [0m[34m|[0m /* 156.394 */    }()[0m
    [36m| [0m[34m|[0m /* 156.395 */    [0m
    [36m| [0m[34m|[0m /* 156.396 */    [0m
    [36m| [0m[34m|[0m /* 156.397 */    { => let caseConfig = Configuration()[0m
    [36m| [0m[34m|[0m /* 156.398 */        [0m
    [36m| [0m[34m|[0m /* 156.399 */        let systemNameserversRetainOnlySupportedNumericZonesTestFunc = { => systemNameserversRetainOnlySupportedNumericZones();() }[0m
    [36m| [0m[34m|[0m /* 156.400 */        suiteBuilder.add([0m
    [36m| [0m[34m|[0m /* 156.401 */        UnitTestCase.create([0m
    [36m| [0m[34m|[0m /* 156.402 */        "systemNameserversRetainOnlySupportedNumericZones",[0m
    [36m| [0m[34m|[0m /* 156.403 */        configuration: caseConfig,[0m
    [36m| [0m[34m|[0m /* 156.404 */        body: systemNameserversRetainOnlySupportedNumericZonesTestFunc[0m
    [36m| [0m[34m|[0m /* 156.405 */        )[0m
    [36m| [0m[34m|[0m /* 156.406 */        )[0m
    [36m| [0m[34m|[0m /* 156.407 */        [0m
    [36m| [0m[34m|[0m /* 156.408 */    }()[0m
    [36m| [0m[34m|[0m /* 156.409 */    [0m
    [36m| [0m[34m|[0m /* 156.410 */    [0m
    [36m| [0m[34m|[0m /* 156.411 */    { => let caseConfig = Configuration()[0m
    [36m| [0m[34m|[0m /* 156.412 */        [0m
    [36m| [0m[34m|[0m /* 156.413 */        let configOwnsInputArraysAndReturnsDefensiveCopiesTestFunc = { => configOwnsInputArraysAndReturnsDefensiveCopies();() }[0m
    [36m| [0m[34m|[0m /* 156.414 */        suiteBuilder.add([0m
    [36m| [0m[34m|[0m /* 156.415 */        UnitTestCase.create([0m
    [36m| [0m[34m|[0m /* 156.416 */        "configOwnsInputArraysAndReturnsDefensiveCopies",[0m
    [36m| [0m[34m|[0m /* 156.417 */        configuration: caseConfig,[0m
    [36m| [0m[34m|[0m /* 156.418 */        body: configOwnsInputArraysAndReturnsDefensiveCopiesTestFunc[0m
    [36m| [0m[34m|[0m /* 156.419 */        )[0m
    [36m| [0m[34m|[0m /* 156.420 */        )[0m
    [36m| [0m[34m|[0m /* 156.421 */        [0m
    [36m| [0m[34m|[0m /* 156.422 */    }()[0m
    [36m| [0m[34m|[0m /* 156.423 */    [0m
    [36m| [0m[34m|[0m /* 156.424 */    [0m
    [36m| [0m[34m|[0m /* 156.425 */    { => let caseConfig = Configuration()[0m
    [36m| [0m[34m|[0m /* 156.426 */        [0m
    [36m| [0m[34m|[0m /* 156.427 */        let systemFilesFailClosedWhenMissingOversizedOrNonregularTestFunc = { => systemFilesFailClosedWhenMissingOversizedOrNonregular();() }[0m
    [36m| [0m[34m|[0m /* 156.428 */        suiteBuilder.add([0m
    [36m| [0m[34m|[0m /* 156.429 */        UnitTestCase.create([0m
    [36m| [0m[34m|[0m /* 156.430 */        "systemFilesFailClosedWhenMissingOversizedOrNonregular",[0m
    [36m| [0m[34m|[0m /* 156.431 */        configuration: caseConfig,[0m
    [36m| [0m[34m|[0m /* 156.432 */        body: systemFilesFailClosedWhenMissingOversizedOrNonregularTestFunc[0m
    [36m| [0m[34m|[0m /* 156.433 */        )[0m
    [36m| [0m[34m|[0m /* 156.434 */        )[0m
    [36m| [0m[34m|[0m /* 156.435 */        [0m
    [36m| [0m[34m|[0m /* 156.436 */    }()[0m
    [36m| [0m[34m|[0m /* 156.437 */    [0m
    [36m| [0m[34m|[0m /* 156.438 */    [0m
    [36m| [0m[34m|[0m /* 156.439 */    { => let caseConfig = Configuration()[0m
    [36m| [0m[34m|[0m /* 156.440 */        [0m
    [36m| [0m[34m|[0m /* 156.441 */        let hostsSnapshotRetainsOnlyUsableIpv6ZonesTestFunc = { => hostsSnapshotRetainsOnlyUsableIpv6Zones();() }[0m
    [36m| [0m[34m|[0m /* 156.442 */        suiteBuilder.add([0m
    [36m| [0m[34m|[0m /* 156.443 */        UnitTestCase.create([0m
    [36m| [0m[34m|[0m /* 156.444 */        "hostsSnapshotRetainsOnlyUsableIpv6Zones",[0m
    [36m| [0m[34m|[0m /* 156.445 */        configuration: caseConfig,[0m
    [36m| [0m[34m|[0m /* 156.446 */        body: hostsSnapshotRetainsOnlyUsableIpv6ZonesTestFunc[0m
    [36m| [0m[34m|[0m /* 156.447 */        )[0m
    [36m| [0m[34m|[0m /* 156.448 */        )[0m
    [36m| [0m[34m|[0m /* 156.449 */        [0m
    [36m| [0m[34m|[0m /* 156.450 */    }()[0m
    [36m| [0m[34m|[0m /* 156.451 */    [0m
    [36m| [0m[34m|[0m /* 156.452 */    [0m
    [36m| [0m[34m|[0m /* 156.453 */    { => let caseConfig = Configuration()[0m
    [36m| [0m[34m|[0m /* 156.454 */        [0m
    [36m| [0m[34m|[0m /* 156.455 */        let hostsAliasesFilterFamiliesAndRemainSnapshottedTestFunc = { => hostsAliasesFilterFamiliesAndRemainSnapshotted();() }[0m
    [36m| [0m[34m|[0m /* 156.456 */        suiteBuilder.add([0m
    [36m| [0m[34m|[0m /* 156.457 */        UnitTestCase.create([0m
    [36m| [0m[34m|[0m /* 156.458 */        "hostsAliasesFilterFamiliesAndRemainSnapshotted",[0m
    [36m| [0m[34m|[0m /* 156.459 */        configuration: caseConfig,[0m
    [36m| [0m[34m|[0m /* 156.460 */        body: hostsAliasesFilterFamiliesAndRemainSnapshottedTestFunc[0m
    [36m| [0m[34m|[0m /* 156.461 */        )[0m
    [36m| [0m[34m|[0m /* 156.462 */        )[0m
    [36m| [0m[34m|[0m /* 156.463 */        [0m
    [36m| [0m[34m|[0m /* 156.464 */    }()[0m
    [36m| [0m[34m|[0m /* 156.465 */    [0m
    [36m| [0m[34m|[0m /* 156.466 */    [0m
    [36m| [0m[34m|[0m /* 156.467 */    { => let caseConfig = Configuration()[0m
    [36m| [0m[34m|[0m /* 156.468 */        [0m
    [36m| [0m[34m|[0m /* 156.469 */        let trailingRootSkipsSearchWhileNdotsSelectsSearchOrAbsoluteFirstTestFunc = { => trailingRootSkipsSearchWhileNdotsSelectsSearchOrAbsoluteFirst();() }[0m
    [36m| [0m[34m|[0m /* 156.470 */        suiteBuilder.add([0m
    [36m| [0m[34m|[0m /* 156.471 */        UnitTestCase.create([0m
    [36m| [0m[34m|[0m /* 156.472 */        "trailingRootSkipsSearchWhileNdotsSelectsSearchOrAbsoluteFirst",[0m
    [36m| [0m[34m|[0m /* 156.473 */        configuration: caseConfig,[0m
    [36m| [0m[34m|[0m /* 156.474 */        body: trailingRootSkipsSearchWhileNdotsSelectsSearchOrAbsoluteFirstTestFunc[0m
    [36m| [0m[34m|[0m /* 156.475 */        )[0m
    [36m| [0m[34m|[0m /* 156.476 */        )[0m
    [36m| [0m[34m|[0m /* 156.477 */        [0m
    [36m| [0m[34m|[0m /* 156.478 */    }()[0m
    [36m| [0m[34m|[0m /* 156.479 */    [0m
    [36m| [0m[34m|[0m /* 156.480 */    [0m
    [36m| [0m[34m|[0m /* 156.481 */    { => let caseConfig = Configuration()[0m
    [36m| [0m[34m|[0m /* 156.482 */        [0m
    [36m| [0m[34m|[0m /* 156.483 */        let exactHostsEntryWinsBeforeSearchSuffixDnsTestFunc = { => exactHostsEntryWinsBeforeSearchSuffixDns();() }[0m
    [36m| [0m[34m|[0m /* 156.484 */        suiteBuilder.add([0m
    [36m| [0m[34m|[0m /* 156.485 */        UnitTestCase.create([0m
    [36m| [0m[34m|[0m /* 156.486 */        "exactHostsEntryWinsBeforeSearchSuffixDns",[0m
    [36m| [0m[34m|[0m /* 156.487 */        configuration: caseConfig,[0m
    [36m| [0m[34m|[0m /* 156.488 */        body: exactHostsEntryWinsBeforeSearchSuffixDnsTestFunc[0m
    [36m| [0m[34m|[0m /* 156.489 */        )[0m
    [36m| [0m[34m|[0m /* 156.490 */        )[0m
    [36m| [0m[34m|[0m /* 156.491 */        [0m
    [36m| [0m[34m|[0m /* 156.492 */    }()[0m
    [36m| [0m[34m|[0m /* 156.493 */    [0m
    [36m| [0m[34m|[0m /* 156.494 */    [0m
    [36m| [0m[34m|[0m /* 156.495 */    { => let caseConfig = Configuration()[0m
    [36m| [0m[34m|[0m /* 156.496 */        [0m
    [36m| [0m[34m|[0m /* 156.497 */        let cancelledExpiredAndClosedCallsRetainPublicResolveClassificationsTestFunc = { => cancelledExpiredAndClosedCallsRetainPublicResolveClassifications();() }[0m
    [36m| [0m[34m|[0m /* 156.498 */        suiteBuilder.add([0m
    [36m| [0m[34m|[0m /* 156.499 */        UnitTestCase.create([0m
    [36m| [0m[34m|[0m /* 156.500 */        "cancelledExpiredAndClosedCallsRetainPublicResolveClassifications",[0m
    [36m| [0m[34m|[0m /* 156.501 */        configuration: caseConfig,[0m
    [36m| [0m[34m|[0m /* 156.502 */        body: cancelledExpiredAndClosedCallsRetainPublicResolveClassificationsTestFunc[0m
    [36m| [0m[34m|[0m /* 156.503 */        )[0m
    [36m| [0m[34m|[0m /* 156.504 */        )[0m
    [36m| [0m[34m|[0m /* 156.505 */        [0m
    [36m| [0m[34m|[0m /* 156.506 */    }()[0m
    [36m| [0m[34m|[0m /* 156.507 */    [0m
    [36m| [0m[34m|[0m /* 156.508 */    [0m
    [36m| [0m[34m|[0m /* 156.509 */    { => let caseConfig = Configuration()[0m
    [36m| [0m[34m|[0m /* 156.510 */        [0m
    [36m| [0m[34m|[0m /* 156.511 */        let connectUsesHostsMappingForANativeListenerExchangeTestFunc = { => connectUsesHostsMappingForANativeListenerExchange();() }[0m
    [36m| [0m[34m|[0m /* 156.512 */        suiteBuilder.add([0m
    [36m| [0m[34m|[0m /* 156.513 */        UnitTestCase.create([0m
    [36m| [0m[34m|[0m /* 156.514 */        "connectUsesHostsMappingForANativeListenerExchange",[0m
    [36m| [0m[34m|[0m /* 156.515 */        configuration: caseConfig,[0m
    [36m| [0m[34m|[0m /* 156.516 */        body: connectUsesHostsMappingForANativeListenerExchangeTestFunc[0m
    [36m| [0m[34m|[0m /* 156.517 */        )[0m
    [36m| [0m[34m|[0m /* 156.518 */        )[0m
    [36m| [0m[34m|[0m /* 156.519 */        [0m
    [36m| [0m[34m|[0m /* 156.520 */    }()[0m
    [36m| [0m[34m|[0m /* 156.521 */    [0m
    [36m| [0m[34m|[0m /* 156.522 */    [0m
    [36m| [0m[34m|[0m /* 156.523 */    { => let caseConfig = Configuration()[0m
    [36m| [0m[34m|[0m /* 156.524 */        [0m
    [36m| [0m[34m|[0m /* 156.525 */        let resolverConnectCarriesOneAbsoluteDeadlineIntoNativeTcpAdmissionTestFunc = { => resolverConnectCarriesOneAbsoluteDeadlineIntoNativeTcpAdmission();() }[0m
    [36m| [0m[34m|[0m /* 156.526 */        suiteBuilder.add([0m
    [36m| [0m[34m|[0m /* 156.527 */        UnitTestCase.create([0m
    [36m| [0m[34m|[0m /* 156.528 */        "resolverConnectCarriesOneAbsoluteDeadlineIntoNativeTcpAdmission",[0m
    [36m| [0m[34m|[0m /* 156.529 */        configuration: caseConfig,[0m
    [36m| [0m[34m|[0m /* 156.530 */        body: resolverConnectCarriesOneAbsoluteDeadlineIntoNativeTcpAdmissionTestFunc[0m
    [36m| [0m[34m|[0m /* 156.531 */        )[0m
    [36m| [0m[34m|[0m /* 156.532 */        )[0m
    [36m| [0m[34m|[0m /* 156.533 */        [0m
    [36m| [0m[34m|[0m /* 156.534 */    }()[0m
    [36m| [0m[34m|[0m /* 156.535 */    [0m
    [36m| [0m[34m|[0m /* 156.536 */    return suiteBuilder.build()[0m
    [36m| [0m[34m|[0m /* 156.537 */}[0m
    [36m| [0m[34m|[0m /* 156.538 */private func inheritedFromClassAnnotatedByTestTemplate < T >(): TestSuite where T <: TestClass {[0m
    [36m| [0m[34m|[0m /* 156.539 */    throw Exception("Unreachable code")[0m
    [36m| [0m[34m|[0m /* 156.540 */}[0m
    [36m| [0m[34m|[0m /* 156.541 */}[0m
    [36m| [0m[34m|[0m /* 156.542 */[0m
    [36m| [0m[34m|[0m /* 156.543 */[0m
    [36m| [0m[34m|[0m /* 156.544 */interface TestPackageExtension_DnsResolverPolicyTest {[0m
    [36m| [0m[34m|[0m /* 156.545 */func registerDnsResolverPolicyTest(): Unit[0m
    [36m| [0m[34m|[0m /* 156.546 */}[0m
    [36m| [0m[34m|[0m /* 156.547 */extend TestPackage <: TestPackageExtension_DnsResolverPolicyTest {[0m
    [36m| [0m[34m|[0m /* 156.548 */@Attribute[TEST_REGISTER][0m
    [36m| [0m[34m|[0m /* 156.549 */public func registerDnsResolverPolicyTest() {[0m
    [36m| [0m[34m|[0m /* 156.550 */    registerSuite({ => DnsResolverPolicyTest().asTestSuite() })[0m
    [36m| [0m[34m|[0m /* 156.551 */}[0m
    [36m| [0m[34m|[0m /* 156.552 */}[0m
    [36m| [0m[34m|[0m /* 156.553 */[0m
    [36m| [0m[34m|[0m[34m_[0m[34m____________^[0m
    [36m| [0m
[34mnote[0m: which is expanded as follows
    [36m| [0m
    [36m| [0m/* 156.32 */                    DnsResolverConfig(nameservers:[endpoint])[0m
    [36m| [0m                                [34m^^^^^^^^^^^^^^^^^^^^^^^^^^^^^^^^^^^^^^^^^ [0m
    [36m| [0m

[33mwarning[0m: unreachable block in 'if' expression
    [36m| [0m
    [36m| [0m  /* 8.196 */                if(e is AssertIntermediateException) {[0m
    [36m| [0m [33m_[0m[33m________________________________________________________________^[0m
    [36m| [0m[33m|[0m /* 8.197 */                    throw e[0m
    [36m| [0m[33m|[0m /* 8.198 */                }[0m
    [36m| [0m[33m|[0m[33m_[0m[33m___________________________^ unreachable block in 'if' expression[0m
    [36m| [0m
    [36m#[0m [0mnote[0m: this warning can be suppressed by setting the compiler option `-Woff unused`
[34mnote[0m: the warning occurs after the macro is expanded
   [36m==>[0m /home/elliot/playground/Wirestack-pr-worktrees/M8-004-publication/src/net/dns_wire_test.cj:8:1:
    [36m| [0m
[36m8[0m   [36m| [0m  @Test[0m
    [36m| [0m [34m_[0m[34m^[0m
[36m9[0m   [36m| [0m[34m|[0m class DnsWireParserTest {[0m
    [36m| [0m[34m|[0m ...[0m
[36m305[0m [36m| [0m[34m|[0m }[0m
    [36m| [0m[34m|[0m[34m_[0m[34m^[0m
    [36m| [0m

[33mwarning[0m: unreachable block in 'if' expression
    [36m| [0m
    [36m| [0m  /* 8.199 */                if(e is UnittestTimeoutException) {[0m
    [36m| [0m [33m_[0m[33m_____________________________________________________________^[0m
    [36m| [0m[33m|[0m /* 8.200 */                    throw e[0m
    [36m| [0m[33m|[0m /* 8.201 */                }[0m
    [36m| [0m[33m|[0m[33m_[0m[33m___________________________^ unreachable block in 'if' expression[0m
    [36m| [0m
    [36m#[0m [0mnote[0m: this warning can be suppressed by setting the compiler option `-Woff unused`
[34mnote[0m: the warning occurs after the macro is expanded
   [36m==>[0m /home/elliot/playground/Wirestack-pr-worktrees/M8-004-publication/src/net/dns_wire_test.cj:8:1:
    [36m| [0m
[36m8[0m   [36m| [0m  @Test[0m
    [36m| [0m [34m_[0m[34m^[0m
[36m9[0m   [36m| [0m[34m|[0m class DnsWireParserTest {[0m
    [36m| [0m[34m|[0m ...[0m
[36m305[0m [36m| [0m[34m|[0m }[0m
    [36m| [0m[34m|[0m[34m_[0m[34m^[0m
    [36m| [0m

[33mwarning[0m: unreachable block in 'if' expression
    [36m| [0m
    [36m| [0m  /* 8.223 */                    if(e is AssertException) {[0m
    [36m| [0m [33m_[0m[33m________________________________________________________^[0m
    [36m| [0m[33m|[0m /* 8.224 */                        throw e[0m
    [36m| [0m[33m|[0m /* 8.225 */                    }[0m
    [36m| [0m[33m|[0m[33m_[0m[33m_______________________________^ unreachable block in 'if' expression[0m
    [36m| [0m
    [36m#[0m [0mnote[0m: this warning can be suppressed by setting the compiler option `-Woff unused`
[34mnote[0m: the warning occurs after the macro is expanded
   [36m==>[0m /home/elliot/playground/Wirestack-pr-worktrees/M8-004-publication/src/net/dns_wire_test.cj:8:1:
    [36m| [0m
[36m8[0m   [36m| [0m  @Test[0m
    [36m| [0m [34m_[0m[34m^[0m
[36m9[0m   [36m| [0m[34m|[0m class DnsWireParserTest {[0m
    [36m| [0m[34m|[0m ...[0m
[36m305[0m [36m| [0m[34m|[0m }[0m
    [36m| [0m[34m|[0m[34m_[0m[34m^[0m
    [36m| [0m

[33mwarning[0m: unreachable block in 'if' expression
    [36m| [0m
    [36m| [0m  /* 8.226 */                    if(e is AssertIntermediateException) {[0m
    [36m| [0m [33m_[0m[33m____________________________________________________________________^[0m
    [36m| [0m[33m|[0m /* 8.227 */                        throw e[0m
    [36m| [0m[33m|[0m /* 8.228 */                    }[0m
    [36m| [0m[33m|[0m[33m_[0m[33m_______________________________^ unreachable block in 'if' expression[0m
    [36m| [0m
    [36m#[0m [0mnote[0m: this warning can be suppressed by setting the compiler option `-Woff unused`
[34mnote[0m: the warning occurs after the macro is expanded
   [36m==>[0m /home/elliot/playground/Wirestack-pr-worktrees/M8-004-publication/src/net/dns_wire_test.cj:8:1:
    [36m| [0m
[36m8[0m   [36m| [0m  @Test[0m
    [36m| [0m [34m_[0m[34m^[0m
[36m9[0m   [36m| [0m[34m|[0m class DnsWireParserTest {[0m
    [36m| [0m[34m|[0m ...[0m
[36m305[0m [36m| [0m[34m|[0m }[0m
    [36m| [0m[34m|[0m[34m_[0m[34m^[0m
    [36m| [0m

[33mwarning[0m: unreachable block in 'if' expression
    [36m| [0m
    [36m| [0m  /* 8.229 */                    if(e is UnittestTimeoutException) {[0m
    [36m| [0m [33m_[0m[33m_________________________________________________________________^[0m
    [36m| [0m[33m|[0m /* 8.230 */                        throw e[0m
    [36m| [0m[33m|[0m /* 8.231 */                    }[0m
    [36m| [0m[33m|[0m[33m_[0m[33m_______________________________^ unreachable block in 'if' expression[0m
    [36m| [0m
    [36m#[0m [0mnote[0m: this warning can be suppressed by setting the compiler option `-Woff unused`
[34mnote[0m: the warning occurs after the macro is expanded
   [36m==>[0m /home/elliot/playground/Wirestack-pr-worktrees/M8-004-publication/src/net/dns_wire_test.cj:8:1:
    [36m| [0m
[36m8[0m   [36m| [0m  @Test[0m
    [36m| [0m [34m_[0m[34m^[0m
[36m9[0m   [36m| [0m[34m|[0m class DnsWireParserTest {[0m
    [36m| [0m[34m|[0m ...[0m
[36m305[0m [36m| [0m[34m|[0m }[0m
    [36m| [0m[34m|[0m[34m_[0m[34m^[0m
    [36m| [0m

[33mwarning[0m: unreachable block in 'if' expression
    [36m| [0m
    [36m| [0m  /* 8.255 */                if(e is AssertException) {[0m
    [36m| [0m [33m_[0m[33m____________________________________________________^[0m
    [36m| [0m[33m|[0m /* 8.256 */                    throw e[0m
    [36m| [0m[33m|[0m /* 8.257 */                }[0m
    [36m| [0m[33m|[0m[33m_[0m[33m___________________________^ unreachable block in 'if' expression[0m
    [36m| [0m
    [36m#[0m [0mnote[0m: this warning can be suppressed by setting the compiler option `-Woff unused`
[34mnote[0m: the warning occurs after the macro is expanded
   [36m==>[0m /home/elliot/playground/Wirestack-pr-worktrees/M8-004-publication/src/net/dns_wire_test.cj:8:1:
    [36m| [0m
[36m8[0m   [36m| [0m  @Test[0m
    [36m| [0m [34m_[0m[34m^[0m
[36m9[0m   [36m| [0m[34m|[0m class DnsWireParserTest {[0m
    [36m| [0m[34m|[0m ...[0m
[36m305[0m [36m| [0m[34m|[0m }[0m
    [36m| [0m[34m|[0m[34m_[0m[34m^[0m
    [36m| [0m

[33mwarning[0m: unused expression
   [36m==>[0m /home/elliot/playground/Wirestack-pr-worktrees/M8-004-publication/src/net/dns_wire_test.cj:264:49:
    [36m| [0m
[36m264[0m [36m| [0m        @AssertThrows[IllegalArgumentException](DnsMessageSummary([0m
    [36m| [0m                                                [33m^ unused expression[0m
    [36m| [0m
    [36m#[0m [0mnote[0m: this warning can be suppressed by setting the compiler option `-Woff unused`
[34mnote[0m: the warning occurs after the macro is expanded
   [36m==>[0m /home/elliot/playground/Wirestack-pr-worktrees/M8-004-publication/src/net/dns_wire_test.cj:8:1:
    [36m| [0m
[36m8[0m   [36m| [0m  @Test[0m
    [36m| [0m [34m_[0m[34m^[0m
[36m9[0m   [36m| [0m[34m|[0m class DnsWireParserTest {[0m
    [36m| [0m[34m|[0m ...[0m
[36m305[0m [36m| [0m[34m|[0m }[0m
    [36m| [0m[34m|[0m[34m_[0m[34m^[0m
    [36m| [0m
[34mnote[0m: which is expanded as follows
    [36m| [0m
    [36m| [0m/* 8.645 */                DnsMessageSummary(1u16, 1, false, questionCount: 0, records: Array < DnsRecord >())[0m
    [36m| [0m                           [34m^^^^^^^^^^^^^^^^^^^^^^^^^^^^^^^^^^^^^^^^^^^^^^^^^^^^^^^^^^^^^^^^^^^^^^^^^^^^^^^^^^^ [0m
    [36m| [0m

[33mwarning[0m: unreachable block in 'if' expression
    [36m| [0m
    [36m| [0m  /* 8.258 */                if(e is AssertIntermediateException) {[0m
    [36m| [0m [33m_[0m[33m________________________________________________________________^[0m
    [36m| [0m[33m|[0m /* 8.259 */                    throw e[0m
    [36m| [0m[33m|[0m /* 8.260 */                }[0m
    [36m| [0m[33m|[0m[33m_[0m[33m___________________________^ unreachable block in 'if' expression[0m
    [36m| [0m
    [36m#[0m [0mnote[0m: this warning can be suppressed by setting the compiler option `-Woff unused`
[34mnote[0m: the warning occurs after the macro is expanded
   [36m==>[0m /home/elliot/playground/Wirestack-pr-worktrees/M8-004-publication/src/net/dns_wire_test.cj:8:1:
    [36m| [0m
[36m8[0m   [36m| [0m  @Test[0m
    [36m| [0m [34m_[0m[34m^[0m
[36m9[0m   [36m| [0m[34m|[0m class DnsWireParserTest {[0m
    [36m| [0m[34m|[0m ...[0m
[36m305[0m [36m| [0m[34m|[0m }[0m
    [36m| [0m[34m|[0m[34m_[0m[34m^[0m
    [36m| [0m

[33mwarning[0m: unreachable block in 'if' expression
    [36m| [0m
    [36m| [0m  /* 8.261 */                if(e is UnittestTimeoutException) {[0m
    [36m| [0m [33m_[0m[33m_____________________________________________________________^[0m
    [36m| [0m[33m|[0m /* 8.262 */                    throw e[0m
    [36m| [0m[33m|[0m /* 8.263 */                }[0m
    [36m| [0m[33m|[0m[33m_[0m[33m___________________________^ unreachable block in 'if' expression[0m
    [36m| [0m
    [36m#[0m [0mnote[0m: this warning can be suppressed by setting the compiler option `-Woff unused`
[34mnote[0m: the warning occurs after the macro is expanded
   [36m==>[0m /home/elliot/playground/Wirestack-pr-worktrees/M8-004-publication/src/net/dns_wire_test.cj:8:1:
    [36m| [0m
[36m8[0m   [36m| [0m  @Test[0m
    [36m| [0m [34m_[0m[34m^[0m
[36m9[0m   [36m| [0m[34m|[0m class DnsWireParserTest {[0m
    [36m| [0m[34m|[0m ...[0m
[36m305[0m [36m| [0m[34m|[0m }[0m
    [36m| [0m[34m|[0m[34m_[0m[34m^[0m
    [36m| [0m

[33mwarning[0m: unreachable block in 'if' expression
    [36m| [0m
    [36m| [0m  /* 8.287 */                    if(e is AssertException) {[0m
    [36m| [0m [33m_[0m[33m________________________________________________________^[0m
    [36m| [0m[33m|[0m /* 8.288 */                        throw e[0m
    [36m| [0m[33m|[0m /* 8.289 */                    }[0m
    [36m| [0m[33m|[0m[33m_[0m[33m_______________________________^ unreachable block in 'if' expression[0m
    [36m| [0m
    [36m#[0m [0mnote[0m: this warning can be suppressed by setting the compiler option `-Woff unused`
[34mnote[0m: the warning occurs after the macro is expanded
   [36m==>[0m /home/elliot/playground/Wirestack-pr-worktrees/M8-004-publication/src/net/dns_wire_test.cj:8:1:
    [36m| [0m
[36m8[0m   [36m| [0m  @Test[0m
    [36m| [0m [34m_[0m[34m^[0m
[36m9[0m   [36m| [0m[34m|[0m class DnsWireParserTest {[0m
    [36m| [0m[34m|[0m ...[0m
[36m305[0m [36m| [0m[34m|[0m }[0m
    [36m| [0m[34m|[0m[34m_[0m[34m^[0m
    [36m| [0m

[33mwarning[0m: unreachable block in 'if' expression
    [36m| [0m
    [36m| [0m  /* 8.290 */                    if(e is AssertIntermediateException) {[0m
    [36m| [0m [33m_[0m[33m____________________________________________________________________^[0m
    [36m| [0m[33m|[0m /* 8.291 */                        throw e[0m
    [36m| [0m[33m|[0m /* 8.292 */                    }[0m
    [36m| [0m[33m|[0m[33m_[0m[33m_______________________________^ unreachable block in 'if' expression[0m
    [36m| [0m
    [36m#[0m [0mnote[0m: this warning can be suppressed by setting the compiler option `-Woff unused`
[34mnote[0m: the warning occurs after the macro is expanded
   [36m==>[0m /home/elliot/playground/Wirestack-pr-worktrees/M8-004-publication/src/net/dns_wire_test.cj:8:1:
    [36m| [0m
[36m8[0m   [36m| [0m  @Test[0m
    [36m| [0m [34m_[0m[34m^[0m
[36m9[0m   [36m| [0m[34m|[0m class DnsWireParserTest {[0m
    [36m| [0m[34m|[0m ...[0m
[36m305[0m [36m| [0m[34m|[0m }[0m
    [36m| [0m[34m|[0m[34m_[0m[34m^[0m
    [36m| [0m

[33mwarning[0m: unreachable block in 'if' expression
    [36m| [0m
    [36m| [0m  /* 8.293 */                    if(e is UnittestTimeoutException) {[0m
    [36m| [0m [33m_[0m[33m_________________________________________________________________^[0m
    [36m| [0m[33m|[0m /* 8.294 */                        throw e[0m
    [36m| [0m[33m|[0m /* 8.295 */                    }[0m
    [36m| [0m[33m|[0m[33m_[0m[33m_______________________________^ unreachable block in 'if' expression[0m
    [36m| [0m
    [36m#[0m [0mnote[0m: this warning can be suppressed by setting the compiler option `-Woff unused`
[34mnote[0m: the warning occurs after the macro is expanded
   [36m==>[0m /home/elliot/playground/Wirestack-pr-worktrees/M8-004-publication/src/net/dns_wire_test.cj:8:1:
    [36m| [0m
[36m8[0m   [36m| [0m  @Test[0m
    [36m| [0m [34m_[0m[34m^[0m
[36m9[0m   [36m| [0m[34m|[0m class DnsWireParserTest {[0m
    [36m| [0m[34m|[0m ...[0m
[36m305[0m [36m| [0m[34m|[0m }[0m
    [36m| [0m[34m|[0m[34m_[0m[34m^[0m
    [36m| [0m

[33mwarning[0m: unreachable block in 'if' expression
    [36m| [0m
    [36m| [0m  /* 8.317 */                if(e is AssertException) {[0m
    [36m| [0m [33m_[0m[33m____________________________________________________^[0m
    [36m| [0m[33m|[0m /* 8.318 */                    throw e[0m
    [36m| [0m[33m|[0m /* 8.319 */                }[0m
    [36m| [0m[33m|[0m[33m_[0m[33m___________________________^ unreachable block in 'if' expression[0m
    [36m| [0m
    [36m#[0m [0mnote[0m: this warning can be suppressed by setting the compiler option `-Woff unused`
[34mnote[0m: the warning occurs after the macro is expanded
   [36m==>[0m /home/elliot/playground/Wirestack-pr-worktrees/M8-004-publication/src/net/dns_wire_test.cj:8:1:
    [36m| [0m
[36m8[0m   [36m| [0m  @Test[0m
    [36m| [0m [34m_[0m[34m^[0m
[36m9[0m   [36m| [0m[34m|[0m class DnsWireParserTest {[0m
    [36m| [0m[34m|[0m ...[0m
[36m305[0m [36m| [0m[34m|[0m }[0m
    [36m| [0m[34m|[0m[34m_[0m[34m^[0m
    [36m| [0m

[33mwarning[0m: unreachable block in 'if' expression
    [36m| [0m
    [36m| [0m  /* 8.320 */                if(e is AssertIntermediateException) {[0m
    [36m| [0m [33m_[0m[33m________________________________________________________________^[0m
    [36m| [0m[33m|[0m /* 8.321 */                    throw e[0m
    [36m| [0m[33m|[0m /* 8.322 */                }[0m
    [36m| [0m[33m|[0m[33m_[0m[33m___________________________^ unreachable block in 'if' expression[0m
    [36m| [0m
    [36m#[0m [0mnote[0m: this warning can be suppressed by setting the compiler option `-Woff unused`
[34mnote[0m: the warning occurs after the macro is expanded
   [36m==>[0m /home/elliot/playground/Wirestack-pr-worktrees/M8-004-publication/src/net/dns_wire_test.cj:8:1:
    [36m| [0m
[36m8[0m   [36m| [0m  @Test[0m
    [36m| [0m [34m_[0m[34m^[0m
[36m9[0m   [36m| [0m[34m|[0m class DnsWireParserTest {[0m
    [36m| [0m[34m|[0m ...[0m
[36m305[0m [36m| [0m[34m|[0m }[0m
    [36m| [0m[34m|[0m[34m_[0m[34m^[0m
    [36m| [0m

[33mwarning[0m: unreachable block in 'if' expression
    [36m| [0m
    [36m| [0m  /* 8.323 */                if(e is UnittestTimeoutException) {[0m
    [36m| [0m [33m_[0m[33m_____________________________________________________________^[0m
    [36m| [0m[33m|[0m /* 8.324 */                    throw e[0m
    [36m| [0m[33m|[0m /* 8.325 */                }[0m
    [36m| [0m[33m|[0m[33m_[0m[33m___________________________^ unreachable block in 'if' expression[0m
    [36m| [0m
    [36m#[0m [0mnote[0m: this warning can be suppressed by setting the compiler option `-Woff unused`
[34mnote[0m: the warning occurs after the macro is expanded
   [36m==>[0m /home/elliot/playground/Wirestack-pr-worktrees/M8-004-publication/src/net/dns_wire_test.cj:8:1:
    [36m| [0m
[36m8[0m   [36m| [0m  @Test[0m
    [36m| [0m [34m_[0m[34m^[0m
[36m9[0m   [36m| [0m[34m|[0m class DnsWireParserTest {[0m
    [36m| [0m[34m|[0m ...[0m
[36m305[0m [36m| [0m[34m|[0m }[0m
    [36m| [0m[34m|[0m[34m_[0m[34m^[0m
    [36m| [0m

[33mwarning[0m: unreachable block in 'if' expression
    [36m| [0m
    [36m| [0m  /* 8.341 */                if(e is AssertException) {[0m
    [36m| [0m [33m_[0m[33m____________________________________________________^[0m
    [36m| [0m[33m|[0m /* 8.342 */                    throw e[0m
    [36m| [0m[33m|[0m /* 8.343 */                }[0m
    [36m| [0m[33m|[0m[33m_[0m[33m___________________________^ unreachable block in 'if' expression[0m
    [36m| [0m
    [36m#[0m [0mnote[0m: this warning can be suppressed by setting the compiler option `-Woff unused`
[34mnote[0m: the warning occurs after the macro is expanded
   [36m==>[0m /home/elliot/playground/Wirestack-pr-worktrees/M8-004-publication/src/net/dns_wire_test.cj:8:1:
    [36m| [0m
[36m8[0m   [36m| [0m  @Test[0m
    [36m| [0m [34m_[0m[34m^[0m
[36m9[0m   [36m| [0m[34m|[0m class DnsWireParserTest {[0m
    [36m| [0m[34m|[0m ...[0m
[36m305[0m [36m| [0m[34m|[0m }[0m
    [36m| [0m[34m|[0m[34m_[0m[34m^[0m
    [36m| [0m

[33mwarning[0m: unreachable block in 'if' expression
    [36m| [0m
    [36m| [0m  /* 8.344 */                if(e is AssertIntermediateException) {[0m
    [36m| [0m [33m_[0m[33m________________________________________________________________^[0m
    [36m| [0m[33m|[0m /* 8.345 */                    throw e[0m
    [36m| [0m[33m|[0m /* 8.346 */                }[0m
    [36m| [0m[33m|[0m[33m_[0m[33m___________________________^ unreachable block in 'if' expression[0m
    [36m| [0m
    [36m#[0m [0mnote[0m: this warning can be suppressed by setting the compiler option `-Woff unused`
[34mnote[0m: the warning occurs after the macro is expanded
   [36m==>[0m /home/elliot/playground/Wirestack-pr-worktrees/M8-004-publication/src/net/dns_wire_test.cj:8:1:
    [36m| [0m
[36m8[0m   [36m| [0m  @Test[0m
    [36m| [0m [34m_[0m[34m^[0m
[36m9[0m   [36m| [0m[34m|[0m class DnsWireParserTest {[0m
    [36m| [0m[34m|[0m ...[0m
[36m305[0m [36m| [0m[34m|[0m }[0m
    [36m| [0m[34m|[0m[34m_[0m[34m^[0m
    [36m| [0m

[33mwarning[0m: unreachable block in 'if' expression
    [36m| [0m
    [36m| [0m  /* 8.347 */                if(e is UnittestTimeoutException) {[0m
    [36m| [0m [33m_[0m[33m_____________________________________________________________^[0m
    [36m| [0m[33m|[0m /* 8.348 */                    throw e[0m
    [36m| [0m[33m|[0m /* 8.349 */                }[0m
    [36m| [0m[33m|[0m[33m_[0m[33m___________________________^ unreachable block in 'if' expression[0m
    [36m| [0m
    [36m#[0m [0mnote[0m: this warning can be suppressed by setting the compiler option `-Woff unused`
[34mnote[0m: the warning occurs after the macro is expanded
   [36m==>[0m /home/elliot/playground/Wirestack-pr-worktrees/M8-004-publication/src/net/dns_wire_test.cj:8:1:
    [36m| [0m
[36m8[0m   [36m| [0m  @Test[0m
    [36m| [0m [34m_[0m[34m^[0m
[36m9[0m   [36m| [0m[34m|[0m class DnsWireParserTest {[0m
    [36m| [0m[34m|[0m ...[0m
[36m305[0m [36m| [0m[34m|[0m }[0m
    [36m| [0m[34m|[0m[34m_[0m[34m^[0m
    [36m| [0m

[33mwarning[0m: unreachable block in 'if' expression
    [36m| [0m
    [36m| [0m  /* 8.365 */                if(e is AssertException) {[0m
    [36m| [0m [33m_[0m[33m____________________________________________________^[0m
    [36m| [0m[33m|[0m /* 8.366 */                    throw e[0m
    [36m| [0m[33m|[0m /* 8.367 */                }[0m
    [36m| [0m[33m|[0m[33m_[0m[33m___________________________^ unreachable block in 'if' expression[0m
    [36m| [0m
    [36m#[0m [0mnote[0m: this warning can be suppressed by setting the compiler option `-Woff unused`
[34mnote[0m: the warning occurs after the macro is expanded
   [36m==>[0m /home/elliot/playground/Wirestack-pr-worktrees/M8-004-publication/src/net/dns_wire_test.cj:8:1:
    [36m| [0m
[36m8[0m   [36m| [0m  @Test[0m
    [36m| [0m [34m_[0m[34m^[0m
[36m9[0m   [36m| [0m[34m|[0m class DnsWireParserTest {[0m
    [36m| [0m[34m|[0m ...[0m
[36m305[0m [36m| [0m[34m|[0m }[0m
    [36m| [0m[34m|[0m[34m_[0m[34m^[0m
    [36m| [0m

[33mwarning[0m: unreachable block in 'if' expression
    [36m| [0m
    [36m| [0m  /* 8.368 */                if(e is AssertIntermediateException) {[0m
    [36m| [0m [33m_[0m[33m________________________________________________________________^[0m
    [36m| [0m[33m|[0m /* 8.369 */                    throw e[0m
    [36m| [0m[33m|[0m /* 8.370 */                }[0m
    [36m| [0m[33m|[0m[33m_[0m[33m___________________________^ unreachable block in 'if' expression[0m
    [36m| [0m
    [36m#[0m [0mnote[0m: this warning can be suppressed by setting the compiler option `-Woff unused`
[34mnote[0m: the warning occurs after the macro is expanded
   [36m==>[0m /home/elliot/playground/Wirestack-pr-worktrees/M8-004-publication/src/net/dns_wire_test.cj:8:1:
    [36m| [0m
[36m8[0m   [36m| [0m  @Test[0m
    [36m| [0m [34m_[0m[34m^[0m
[36m9[0m   [36m| [0m[34m|[0m class DnsWireParserTest {[0m
    [36m| [0m[34m|[0m ...[0m
[36m305[0m [36m| [0m[34m|[0m }[0m
    [36m| [0m[34m|[0m[34m_[0m[34m^[0m
    [36m| [0m

[33mwarning[0m: unreachable block in 'if' expression
    [36m| [0m
    [36m| [0m  /* 8.371 */                if(e is UnittestTimeoutException) {[0m
    [36m| [0m [33m_[0m[33m_____________________________________________________________^[0m
    [36m| [0m[33m|[0m /* 8.372 */                    throw e[0m
    [36m| [0m[33m|[0m /* 8.373 */                }[0m
    [36m| [0m[33m|[0m[33m_[0m[33m___________________________^ unreachable block in 'if' expression[0m
    [36m| [0m
    [36m#[0m [0mnote[0m: this warning can be suppressed by setting the compiler option `-Woff unused`
[34mnote[0m: the warning occurs after the macro is expanded
   [36m==>[0m /home/elliot/playground/Wirestack-pr-worktrees/M8-004-publication/src/net/dns_wire_test.cj:8:1:
    [36m| [0m
[36m8[0m   [36m| [0m  @Test[0m
    [36m| [0m [34m_[0m[34m^[0m
[36m9[0m   [36m| [0m[34m|[0m class DnsWireParserTest {[0m
    [36m| [0m[34m|[0m ...[0m
[36m305[0m [36m| [0m[34m|[0m }[0m
    [36m| [0m[34m|[0m[34m_[0m[34m^[0m
    [36m| [0m

[33mwarning[0m: unreachable block in 'if' expression
    [36m| [0m
    [36m| [0m  /* 8.393 */                if(e is AssertException) {[0m
    [36m| [0m [33m_[0m[33m____________________________________________________^[0m
    [36m| [0m[33m|[0m /* 8.394 */                    throw e[0m
    [36m| [0m[33m|[0m /* 8.395 */                }[0m
    [36m| [0m[33m|[0m[33m_[0m[33m___________________________^ unreachable block in 'if' expression[0m
    [36m| [0m
    [36m#[0m [0mnote[0m: this warning can be suppressed by setting the compiler option `-Woff unused`
[34mnote[0m: the warning occurs after the macro is expanded
   [36m==>[0m /home/elliot/playground/Wirestack-pr-worktrees/M8-004-publication/src/net/dns_wire_test.cj:8:1:
    [36m| [0m
[36m8[0m   [36m| [0m  @Test[0m
    [36m| [0m [34m_[0m[34m^[0m
[36m9[0m   [36m| [0m[34m|[0m class DnsWireParserTest {[0m
    [36m| [0m[34m|[0m ...[0m
[36m305[0m [36m| [0m[34m|[0m }[0m
    [36m| [0m[34m|[0m[34m_[0m[34m^[0m
    [36m| [0m

[33mwarning[0m: unreachable block in 'if' expression
    [36m| [0m
    [36m| [0m  /* 8.396 */                if(e is AssertIntermediateException) {[0m
    [36m| [0m [33m_[0m[33m________________________________________________________________^[0m
    [36m| [0m[33m|[0m /* 8.397 */                    throw e[0m
    [36m| [0m[33m|[0m /* 8.398 */                }[0m
    [36m| [0m[33m|[0m[33m_[0m[33m___________________________^ unreachable block in 'if' expression[0m
    [36m| [0m
    [36m#[0m [0mnote[0m: this warning can be suppressed by setting the compiler option `-Woff unused`
[34mnote[0m: the warning occurs after the macro is expanded
   [36m==>[0m /home/elliot/playground/Wirestack-pr-worktrees/M8-004-publication/src/net/dns_wire_test.cj:8:1:
    [36m| [0m
[36m8[0m   [36m| [0m  @Test[0m
    [36m| [0m [34m_[0m[34m^[0m
[36m9[0m   [36m| [0m[34m|[0m class DnsWireParserTest {[0m
    [36m| [0m[34m|[0m ...[0m
[36m305[0m [36m| [0m[34m|[0m }[0m
    [36m| [0m[34m|[0m[34m_[0m[34m^[0m
    [36m| [0m

[33mwarning[0m: unreachable block in 'if' expression
    [36m| [0m
    [36m| [0m  /* 8.399 */                if(e is UnittestTimeoutException) {[0m
    [36m| [0m [33m_[0m[33m_____________________________________________________________^[0m
    [36m| [0m[33m|[0m /* 8.400 */                    throw e[0m
    [36m| [0m[33m|[0m /* 8.401 */                }[0m
    [36m| [0m[33m|[0m[33m_[0m[33m___________________________^ unreachable block in 'if' expression[0m
    [36m| [0m
    [36m#[0m [0mnote[0m: this warning can be suppressed by setting the compiler option `-Woff unused`
[34mnote[0m: the warning occurs after the macro is expanded
   [36m==>[0m /home/elliot/playground/Wirestack-pr-worktrees/M8-004-publication/src/net/dns_wire_test.cj:8:1:
    [36m| [0m
[36m8[0m   [36m| [0m  @Test[0m
    [36m| [0m [34m_[0m[34m^[0m
[36m9[0m   [36m| [0m[34m|[0m class DnsWireParserTest {[0m
    [36m| [0m[34m|[0m ...[0m
[36m305[0m [36m| [0m[34m|[0m }[0m
    [36m| [0m[34m|[0m[34m_[0m[34m^[0m
    [36m| [0m

[33mwarning[0m: unreachable block in 'if' expression
    [36m| [0m
    [36m| [0m  /* 8.422 */                if(e is AssertException) {[0m
    [36m| [0m [33m_[0m[33m____________________________________________________^[0m
    [36m| [0m[33m|[0m /* 8.423 */                    throw e[0m
    [36m| [0m[33m|[0m /* 8.424 */                }[0m
    [36m| [0m[33m|[0m[33m_[0m[33m___________________________^ unreachable block in 'if' expression[0m
    [36m| [0m
    [36m#[0m [0mnote[0m: this warning can be suppressed by setting the compiler option `-Woff unused`
[34mnote[0m: the warning occurs after the macro is expanded
   [36m==>[0m /home/elliot/playground/Wirestack-pr-worktrees/M8-004-publication/src/net/dns_wire_test.cj:8:1:
    [36m| [0m
[36m8[0m   [36m| [0m  @Test[0m
    [36m| [0m [34m_[0m[34m^[0m
[36m9[0m   [36m| [0m[34m|[0m class DnsWireParserTest {[0m
    [36m| [0m[34m|[0m ...[0m
[36m305[0m [36m| [0m[34m|[0m }[0m
    [36m| [0m[34m|[0m[34m_[0m[34m^[0m
    [36m| [0m

[33mwarning[0m: unreachable block in 'if' expression
    [36m| [0m
    [36m| [0m  /* 8.425 */                if(e is AssertIntermediateException) {[0m
    [36m| [0m [33m_[0m[33m________________________________________________________________^[0m
    [36m| [0m[33m|[0m /* 8.426 */                    throw e[0m
    [36m| [0m[33m|[0m /* 8.427 */                }[0m
    [36m| [0m[33m|[0m[33m_[0m[33m___________________________^ unreachable block in 'if' expression[0m
    [36m| [0m
    [36m#[0m [0mnote[0m: this warning can be suppressed by setting the compiler option `-Woff unused`
[34mnote[0m: the warning occurs after the macro is expanded
   [36m==>[0m /home/elliot/playground/Wirestack-pr-worktrees/M8-004-publication/src/net/dns_wire_test.cj:8:1:
    [36m| [0m
[36m8[0m   [36m| [0m  @Test[0m
    [36m| [0m [34m_[0m[34m^[0m
[36m9[0m   [36m| [0m[34m|[0m class DnsWireParserTest {[0m
    [36m| [0m[34m|[0m ...[0m
[36m305[0m [36m| [0m[34m|[0m }[0m
    [36m| [0m[34m|[0m[34m_[0m[34m^[0m
    [36m| [0m

[33mwarning[0m: unreachable block in 'if' expression
    [36m| [0m
    [36m| [0m  /* 8.428 */                if(e is UnittestTimeoutException) {[0m
    [36m| [0m [33m_[0m[33m_____________________________________________________________^[0m
    [36m| [0m[33m|[0m /* 8.429 */                    throw e[0m
    [36m| [0m[33m|[0m /* 8.430 */                }[0m
    [36m| [0m[33m|[0m[33m_[0m[33m___________________________^ unreachable block in 'if' expression[0m
    [36m| [0m
    [36m#[0m [0mnote[0m: this warning can be suppressed by setting the compiler option `-Woff unused`
[34mnote[0m: the warning occurs after the macro is expanded
   [36m==>[0m /home/elliot/playground/Wirestack-pr-worktrees/M8-004-publication/src/net/dns_wire_test.cj:8:1:
    [36m| [0m
[36m8[0m   [36m| [0m  @Test[0m
    [36m| [0m [34m_[0m[34m^[0m
[36m9[0m   [36m| [0m[34m|[0m class DnsWireParserTest {[0m
    [36m| [0m[34m|[0m ...[0m
[36m305[0m [36m| [0m[34m|[0m }[0m
    [36m| [0m[34m|[0m[34m_[0m[34m^[0m
    [36m| [0m

[33mwarning[0m: unreachable block in 'if' expression
    [36m| [0m
    [36m| [0m  /* 284.157 */                        if(e is AssertException) {[0m
    [36m| [0m [33m_[0m[33m______________________________________________________________^[0m
    [36m| [0m[33m|[0m /* 284.158 */                            throw e[0m
    [36m| [0m[33m|[0m /* 284.159 */                        }[0m
    [36m| [0m[33m|[0m[33m_[0m[33m_____________________________________^ unreachable block in 'if' expression[0m
    [36m| [0m
    [36m#[0m [0mnote[0m: this warning can be suppressed by setting the compiler option `-Woff unused`
[34mnote[0m: the code after the macro is expanded as follows
     [36m| [0m
     [36m| [0m  /* 284.1 */@Attribute[TEST_GENERATED] class DnsClientWireTest <: TestClass {[0m
     [36m| [0m [34m_[0m[34m^[0m
     [36m| [0m[34m|[0m /* 284.2 */    @Attribute[TestCase_0][0m
     [36m| [0m[34m|[0m /* 284.3 */    func publicQueryAndLookupUseRealUdpAndRetainAbsoluteCacheExpiry(): Unit {[0m
     [36m| [0m[34m|[0m /* 284.4 */        let server = UdpSocket.bind(dnsClientTestLoopback(0))[0m
     [36m| [0m[34m|[0m /* 284.5 */        let endpoint = dnsClientTestEndpoint(server)[0m
     [36m| [0m[34m|[0m /* 284.6 */        let serving: Future < Int64 >= spawn { var served: Int64 = 0[0m
     [36m| [0m[34m|[0m /* 284.7 */            while(served < 2) {[0m
     [36m| [0m[34m|[0m /* 284.8 */                let received = server.receive(512, context: api.OperationContext(deadline: Some(api.Deadline.after(Duration.second))))[0m
     [36m| [0m[34m|[0m /* 284.9 */                let _ = server.sendTo(received.source.getOrThrow(), api.ByteSpan(dnsClientTestAResponse(received.payload,[192u8, 0u8, 2u8, 44u8], ttl: 10u32)))[0m
     [36m| [0m[34m|[0m /* 284.10 */                served ++[0m
     [36m| [0m[34m|[0m /* 284.11 */            }[0m
     [36m| [0m[34m|[0m /* 284.12 */            served[0m
     [36m| [0m[34m|[0m /* 284.13 */        }[0m
     [36m| [0m[34m|[0m /* 284.14 */        let client = DnsClient(config: dnsClientTestConfig(endpoint))[0m
     [36m| [0m[34m|[0m /* 284.15 */        try {[0m
     [36m| [0m[34m|[0m /* 284.16 */            let summary = client.query("Example.Test.", DnsRecordType.A)[0m
     [36m| [0m[34m|[0m /* 284.17 */            expectEqual("summary.answerCount", "1", summary.answerCount, 1, isDelta: false)[0m
     [36m| [0m[34m|[0m /* 284.18 */            expectEqual("summary.records[0].data()", "[192u8, 0u8, 2u8, 44u8]", summary.records[0].data(),[192u8, 0u8, 2u8, 44u8], isDelta: false)[0m
     [36m| [0m[34m|[0m /* 284.19 */            let first = client.lookup(api.HostName("example.test"), options: api.ResolveOptions(family: api.ResolveAddressFamily.Ipv4))[0m
     [36m| [0m[34m|[0m /* 284.20 */            let retainedExpiry = first.expiration[0m
     [36m| [0m[34m|[0m /* 284.21 */            let second = client.lookup(api.HostName("example.test"), options: api.ResolveOptions(family: api.ResolveAddressFamily.Ipv4))[0m
     [36m| [0m[34m|[0m /* 284.22 */            expectEqual("first.addresses", "second.addresses", first.addresses, second.addresses, isDelta: false)[0m
     [36m| [0m[34m|[0m /* 284.23 */            expectEqual("second.expiration", "retainedExpiry", second.expiration, retainedExpiry, isDelta: false)[0m
     [36m| [0m[34m|[0m /* 284.24 */            expectEqual("second.addresses[0].toOctets()", "[192u8, 0u8, 2u8, 44u8]", second.addresses[0].toOctets(),[192u8, 0u8, 2u8, 44u8], isDelta: false)[0m
     [36m| [0m[34m|[0m /* 284.25 */            expectEqual("serving.get(Duration.second)", "2", serving.get(Duration.second), 2, isDelta: false)[0m
     [36m| [0m[34m|[0m /* 284.26 */        } finally {[0m
     [36m| [0m[34m|[0m /* 284.27 */            client.close()[0m
     [36m| [0m[34m|[0m /* 284.28 */            server.close()[0m
     [36m| [0m[34m|[0m /* 284.29 */        }[0m
     [36m| [0m[34m|[0m /* 284.30 */    }[0m
     [36m| [0m[34m|[0m /* 284.31 */    [0m
     [36m| [0m[34m|[0m /* 284.32 */    @Attribute[TestCase_1][0m
     [36m| [0m[34m|[0m /* 284.33 */    func publicQueryEncodesEveryModeledRecordType(): Unit {[0m
     [36m| [0m[34m|[0m /* 284.34 */        let server = UdpSocket.bind(dnsClientTestLoopback(0))[0m
     [36m| [0m[34m|[0m /* 284.35 */        let endpoint = dnsClientTestEndpoint(server)[0m
     [36m| [0m[34m|[0m /* 284.36 */        let types =[DnsRecordType.A, DnsRecordType.AAAA, DnsRecordType.CNAME, DnsRecordType.SRV, DnsRecordType.TXT, DnsRecordType.MX, DnsRecordType.PTR, DnsRecordType.SOA, DnsRecordType.Unknown(65280)][0m
     [36m| [0m[34m|[0m /* 284.37 */        let serving: Future < Int64 >= spawn { var served: Int64 = 0[0m
     [36m| [0m[34m|[0m /* 284.38 */            while(served < types.size) {[0m
     [36m| [0m[34m|[0m /* 284.39 */                let received = server.receive(512, context: api.OperationContext(deadline: Some(api.Deadline.after(Duration.second))))[0m
     [36m| [0m[34m|[0m /* 284.40 */                let response = dnsClientTestHeader(received.payload, 0x8180u16).toArray()[0m
     [36m| [0m[34m|[0m /* 284.41 */                let _ = server.sendTo(received.source.getOrThrow(), api.ByteSpan(response))[0m
     [36m| [0m[34m|[0m /* 284.42 */                served ++[0m
     [36m| [0m[34m|[0m /* 284.43 */            }[0m
     [36m| [0m[34m|[0m /* 284.44 */            served[0m
     [36m| [0m[34m|[0m /* 284.45 */        }[0m
     [36m| [0m[34m|[0m /* 284.46 */        let client = DnsClient(config: dnsClientTestConfig(endpoint))[0m
     [36m| [0m[34m|[0m /* 284.47 */        try {[0m
     [36m| [0m[34m|[0m /* 284.48 */            for(recordType in types) {[0m
     [36m| [0m[34m|[0m /* 284.49 */                let summary = client.query("_service._tcp.example.test", recordType)[0m
     [36m| [0m[34m|[0m /* 284.50 */                expectEqual("summary.answerCount", "0", summary.answerCount, 0, isDelta: false)[0m
     [36m| [0m[34m|[0m /* 284.51 */                expectEqual("dnsClientTestTypeCode(summary.questions[0].recordType)", "dnsClientTestTypeCode(recordType)", dnsClientTestTypeCode(summary.questions[0].recordType), dnsClientTestTypeCode(recordType), isDelta: false)[0m
     [36m| [0m[34m|[0m /* 284.52 */            }[0m
     [36m| [0m[34m|[0m /* 284.53 */            expectEqual("serving.get(Duration.second)", "types.size", serving.get(Duration.second), types.size, isDelta: false)[0m
     [36m| [0m[34m|[0m /* 284.54 */        } finally {[0m
     [36m| [0m[34m|[0m /* 284.55 */            client.close()[0m
     [36m| [0m[34m|[0m /* 284.56 */            server.close()[0m
     [36m| [0m[34m|[0m /* 284.57 */        }[0m
     [36m| [0m[34m|[0m /* 284.58 */    }[0m
     [36m| [0m[34m|[0m /* 284.59 */    [0m
     [36m| [0m[34m|[0m /* 284.60 */    @Attribute[TestCase_2][0m
     [36m| [0m[34m|[0m /* 284.61 */    func wrongSourceIdAndQuestionAreIgnoredBeforeValidUdpResponse(): Unit {[0m
     [36m| [0m[34m|[0m /* 284.62 */        let server = UdpSocket.bind(dnsClientTestLoopback(0))[0m
     [36m| [0m[34m|[0m /* 284.63 */        let rogue = UdpSocket.bind(dnsClientTestLoopback(0))[0m
     [36m| [0m[34m|[0m /* 284.64 */        let endpoint = dnsClientTestEndpoint(server)[0m
     [36m| [0m[34m|[0m /* 284.65 */        let serving = spawn { let received = server.receive(512, context: api.OperationContext(deadline: Some(api.Deadline.after(Duration.second))))[0m
     [36m| [0m[34m|[0m /* 284.66 */            let destination = received.source.getOrThrow()[0m
     [36m| [0m[34m|[0m /* 284.67 */            let poison = dnsClientTestAResponse(received.payload,[203u8, 0u8, 113u8, 7u8])[0m
     [36m| [0m[34m|[0m /* 284.68 */            let _ = rogue.sendTo(destination, api.ByteSpan(poison))[0m
     [36m| [0m[34m|[0m /* 284.69 */            let wrongId = poison.clone()[0m
     [36m| [0m[34m|[0m /* 284.70 */            wrongId[1] = wrongId[1] ^ 1u8[0m
     [36m| [0m[34m|[0m /* 284.71 */            let _ = server.sendTo(destination, api.ByteSpan(wrongId))[0m
     [36m| [0m[34m|[0m /* 284.72 */            let wrongQuestion = poison.clone()[0m
     [36m| [0m[34m|[0m /* 284.73 */            wrongQuestion[received.payload.size - 3] = 28u8[0m
     [36m| [0m[34m|[0m /* 284.74 */            let _ = server.sendTo(destination, api.ByteSpan(wrongQuestion))[0m
     [36m| [0m[34m|[0m /* 284.75 */            let valid = dnsClientTestAResponse(received.payload,[198u8, 51u8, 100u8, 17u8])[0m
     [36m| [0m[34m|[0m /* 284.76 */            let _ = server.sendTo(destination, api.ByteSpan(valid))[0m
     [36m| [0m[34m|[0m /* 284.77 */            true[0m
     [36m| [0m[34m|[0m /* 284.78 */        }[0m
     [36m| [0m[34m|[0m /* 284.79 */        let client = DnsClient(config: dnsClientTestConfig(endpoint))[0m
     [36m| [0m[34m|[0m /* 284.80 */        try {[0m
     [36m| [0m[34m|[0m /* 284.81 */            let summary = client.query("identity.test", DnsRecordType.A)[0m
     [36m| [0m[34m|[0m /* 284.82 */            expectEqual("summary.records[0].data()", "[198u8, 51u8, 100u8, 17u8]", summary.records[0].data(),[198u8, 51u8, 100u8, 17u8], isDelta: false)[0m
     [36m| [0m[34m|[0m /* 284.83 */            expectEqual("serving.get(Duration.second)", "true", serving.get(Duration.second), true, isDelta: false)[0m
     [36m| [0m[34m|[0m /* 284.84 */        } finally {[0m
     [36m| [0m[34m|[0m /* 284.85 */            client.close()[0m
     [36m| [0m[34m|[0m /* 284.86 */            rogue.close()[0m
     [36m| [0m[34m|[0m /* 284.87 */            server.close()[0m
     [36m| [0m[34m|[0m /* 284.88 */        }[0m
     [36m| [0m[34m|[0m /* 284.89 */    }[0m
     [36m| [0m[34m|[0m /* 284.90 */    [0m
     [36m| [0m[34m|[0m /* 284.91 */    @Attribute[TestCase_3][0m
     [36m| [0m[34m|[0m /* 284.92 */    func validatedTruncationFallsBackToExactTcpFrame(): Unit {[0m
     [36m| [0m[34m|[0m /* 284.93 */        let udp = UdpSocket.bind(dnsClientTestLoopback(0))[0m
     [36m| [0m[34m|[0m /* 284.94 */        let endpoint = dnsClientTestEndpoint(udp)[0m
     [36m| [0m[34m|[0m /* 284.95 */        let tcp = TcpListener.bind(endpoint)[0m
     [36m| [0m[34m|[0m /* 284.96 */        let udpServing = spawn { let received = udp.receive(512, context: api.OperationContext(deadline: Some(api.Deadline.after(Duration.second))))[0m
     [36m| [0m[34m|[0m /* 284.97 */            let truncated = dnsClientTestHeader(received.payload, 0x8380u16, answers: 1).toArray()[0m
     [36m| [0m[34m|[0m /* 284.98 */            let _ = udp.sendTo(received.source.getOrThrow(), api.ByteSpan(truncated))[0m
     [36m| [0m[34m|[0m /* 284.99 */            true[0m
     [36m| [0m[34m|[0m /* 284.100 */        }[0m
     [36m| [0m[34m|[0m /* 284.101 */        let tcpServing = spawn { let stream = tcp.accept(context: api.OperationContext(deadline: Some(api.Deadline.after(Duration.second))))[0m
     [36m| [0m[34m|[0m /* 284.102 */            try {[0m
     [36m| [0m[34m|[0m /* 284.103 */                let lengthBytes = Array < Byte >(2, repeat: 0u8)[0m
     [36m| [0m[34m|[0m /* 284.104 */                stream.readExact(api.MutableByteSpan(lengthBytes), context: api.OperationContext.background())[0m
     [36m| [0m[34m|[0m /* 284.105 */                let length =(Int64(lengthBytes[0]) << 8) | Int64(lengthBytes[1])[0m
     [36m| [0m[34m|[0m /* 284.106 */                let query = Array < Byte >(length, repeat: 0u8)[0m
     [36m| [0m[34m|[0m /* 284.107 */                stream.readExact(api.MutableByteSpan(query), context: api.OperationContext.background())[0m
     [36m| [0m[34m|[0m /* 284.108 */                let response = dnsClientTestAResponse(query,[192u8, 0u8, 2u8, 91u8])[0m
     [36m| [0m[34m|[0m /* 284.109 */                stream.writeAll(api.ByteSpan(dnsClientTestTcpFrame(response)), context: api.OperationContext.background())[0m
     [36m| [0m[34m|[0m /* 284.110 */                true[0m
     [36m| [0m[34m|[0m /* 284.111 */            } finally {[0m
     [36m| [0m[34m|[0m /* 284.112 */                stream.close()[0m
     [36m| [0m[34m|[0m /* 284.113 */            }[0m
     [36m| [0m[34m|[0m /* 284.114 */        }[0m
     [36m| [0m[34m|[0m /* 284.115 */        let client = DnsClient(config: dnsClientTestConfig(endpoint))[0m
     [36m| [0m[34m|[0m /* 284.116 */        try {[0m
     [36m| [0m[34m|[0m /* 284.117 */            let summary = client.query("tcp.test", DnsRecordType.A)[0m
     [36m| [0m[34m|[0m /* 284.118 */            expectEqual("summary.records[0].data()", "[192u8, 0u8, 2u8, 91u8]", summary.records[0].data(),[192u8, 0u8, 2u8, 91u8], isDelta: false)[0m
     [36m| [0m[34m|[0m /* 284.119 */            expectEqual("udpServing.get(Duration.second)", "true", udpServing.get(Duration.second), true, isDelta: false)[0m
     [36m| [0m[34m|[0m /* 284.120 */            expectEqual("tcpServing.get(Duration.second)", "true", tcpServing.get(Duration.second), true, isDelta: false)[0m
     [36m| [0m[34m|[0m /* 284.121 */        } finally {[0m
     [36m| [0m[34m|[0m /* 284.122 */            client.close()[0m
     [36m| [0m[34m|[0m /* 284.123 */            tcp.close()[0m
     [36m| [0m[34m|[0m /* 284.124 */            udp.close()[0m
     [36m| [0m[34m|[0m /* 284.125 */        }[0m
     [36m| [0m[34m|[0m /* 284.126 */    }[0m
     [36m| [0m[34m|[0m /* 284.127 */    [0m
     [36m| [0m[34m|[0m /* 284.128 */    @Attribute[TestCase_4][0m
     [36m| [0m[34m|[0m /* 284.129 */    func dnsTransportFailuresRetainSelectedNameserver(): Unit {[0m
     [36m| [0m[34m|[0m /* 284.130 */        for(tcpFallback in[false, true]) {[0m
     [36m| [0m[34m|[0m /* 284.131 */            let server = UdpSocket.bind(dnsClientTestLoopback(0))[0m
     [36m| [0m[34m|[0m /* 284.132 */            let endpoint = dnsClientTestEndpoint(server)[0m
     [36m| [0m[34m|[0m /* 284.133 */            let tcp = if(tcpFallback) {[0m
     [36m| [0m[34m|[0m /* 284.134 */                Some(TcpListener.bind(endpoint))[0m
     [36m| [0m[34m|[0m /* 284.135 */            }[0m
     [36m| [0m[34m|[0m /* 284.136 */            else {[0m
     [36m| [0m[34m|[0m /* 284.137 */                None < TcpListener >[0m
     [36m| [0m[34m|[0m /* 284.138 */            }[0m
     [36m| [0m[34m|[0m /* 284.139 */            [0m
     [36m| [0m[34m|[0m /* 284.140 */            let serving = spawn { let received = server.receive(512, context: api.OperationContext(deadline: Some(api.Deadline.after(Duration.second))))[0m
     [36m| [0m[34m|[0m /* 284.141 */                if(let Some(listener) <- tcp) {[0m
     [36m| [0m[34m|[0m /* 284.142 */                    let truncated = dnsClientTestHeader(received.payload, 0x8380u16).toArray()[0m
     [36m| [0m[34m|[0m /* 284.143 */                    let _ = server.sendTo(received.source.getOrThrow(), api.ByteSpan(truncated))[0m
     [36m| [0m[34m|[0m /* 284.144 */                    let stream = listener.accept(context: api.OperationContext(deadline: Some(api.Deadline.after(Duration.second))))[0m
     [36m| [0m[34m|[0m /* 284.145 */                    stream.close()[0m
     [36m| [0m[34m|[0m /* 284.146 */                }[0m
     [36m| [0m[34m|[0m /* 284.147 */                received.source.getOrThrow()[0m
     [36m| [0m[34m|[0m /* 284.148 */            }[0m
     [36m| [0m[34m|[0m /* 284.149 */            let client = DnsClient(config: DnsResolverConfig(nameservers:[endpoint], attempts: 1, queryTimeout: 250 * Duration.millisecond))[0m
     [36m| [0m[34m|[0m /* 284.150 */            try {[0m
     [36m| [0m[34m|[0m /* 284.151 */                let error = try {[0m
     [36m| [0m[34m|[0m /* 284.152 */                    try {[0m
     [36m| [0m[34m|[0m /* 284.153 */                        assertEqual("true", "true", true, true)[0m
     [36m| [0m[34m|[0m /* 284.154 */                        client.query("transport-error.test", DnsRecordType.A)[0m
     [36m| [0m[34m|[0m /* 284.155 */                        fail("@AssertThrows: Expected 'api.ResolveException' was not caught.")[0m
     [36m| [0m[34m|[0m /* 284.156 */                    } catch(e: api.ResolveException) {[0m
     [36m| [0m[34m|[0m /* 284.157 */                        if(e is AssertException) {[0m
     [36m| [0m[34m|[0m /* 284.158 */                            throw e[0m
     [36m| [0m[34m|[0m /* 284.159 */                        }[0m
     [36m| [0m[34m|[0m /* 284.160 */                        if(e is AssertIntermediateException) {[0m
     [36m| [0m[34m|[0m /* 284.161 */                            throw e[0m
     [36m| [0m[34m|[0m /* 284.162 */                        }[0m
     [36m| [0m[34m|[0m /* 284.163 */                        if(e is UnittestTimeoutException) {[0m
     [36m| [0m[34m|[0m /* 284.164 */                            throw e[0m
     [36m| [0m[34m|[0m /* 284.165 */                        }[0m
     [36m| [0m[34m|[0m /* 284.166 */                        e[0m
     [36m| [0m[34m|[0m /* 284.167 */                    }[0m
     [36m| [0m[34m|[0m /* 284.168 */                } catch(e: Exception) {[0m
     [36m| [0m[34m|[0m /* 284.169 */                    if(e is AssertException || e is AssertIntermediateException || e is UnittestTimeoutException) {[0m
     [36m| [0m[34m|[0m /* 284.170 */                        throw e[0m
     [36m| [0m[34m|[0m /* 284.171 */                    }[0m
     [36m| [0m[34m|[0m /* 284.172 */                    assertCaughtUnexpectedE("@AssertThrows(api.ResolveException)", "api.ResolveException", e.toString())[0m
     [36m| [0m[34m|[0m /* 284.173 */                }[0m
     [36m| [0m[34m|[0m /* 284.174 */                [0m
     [36m| [0m[34m|[0m /* 284.175 */                let caller = serving.get(Duration.second)[0m
     [36m| [0m[34m|[0m /* 284.176 */                match(error.remoteEndpoint) {[0m
     [36m| [0m[34m|[0m /* 284.177 */                    case Some(api.NetworkEndpoint.Internet(remote)) => expectEqual("remote", "endpoint", remote, endpoint, isDelta: false)[0m
     [36m| [0m[34m|[0m /* 284.178 */                    case _ => fail("DNS transport error lost the selected nameserver")[0m
     [36m| [0m[34m|[0m /* 284.179 */                }[0m
     [36m| [0m[34m|[0m /* 284.180 */                if(! tcpFallback) {[0m
     [36m| [0m[34m|[0m /* 284.181 */                    expectEqual("dnsClientTestCodeIs(error.resolveCode, api.ResolveErrorCode.Timeout)", "true", dnsClientTestCodeIs(error.resolveCode, api.ResolveErrorCode.Timeout), true, isDelta: false)[0m
     [36m| [0m[34m|[0m /* 284.182 */                    match((error.localEndpoint, caller)) {[0m
     [36m| [0m[34m|[0m /* 284.183 */                        case(Some(api.NetworkEndpoint.Internet(local)), api.NetworkEndpoint.Internet(peer)) => expectEqual("local.port", "peer.port", local.port, peer.port, isDelta: false)[0m
     [36m| [0m[34m|[0m /* 284.184 */                        case _ => fail("DNS receive error lost its local socket")[0m
     [36m| [0m[34m|[0m /* 284.185 */                    }[0m
     [36m| [0m[34m|[0m /* 284.186 */                }[0m
     [36m| [0m[34m|[0m /* 284.187 */                else {[0m
     [36m| [0m[34m|[0m /* 284.188 */                    expectEqual("dnsClientTestCodeIs(error.resolveCode, api.ResolveErrorCode.TemporaryFailure)", "true", dnsClientTestCodeIs(error.resolveCode, api.ResolveErrorCode.TemporaryFailure), true, isDelta: false)[0m
     [36m| [0m[34m|[0m /* 284.189 */                }[0m
     [36m| [0m[34m|[0m /* 284.190 */                expectEqual("error.cause.isSome()", "true", error.cause.isSome(), true, isDelta: false)[0m
     [36m| [0m[34m|[0m /* 284.191 */            } finally {[0m
     [36m| [0m[34m|[0m /* 284.192 */                client.close()[0m
     [36m| [0m[34m|[0m /* 284.193 */                if(let Some(listener) <- tcp) {[0m
     [36m| [0m[34m|[0m /* 284.194 */                    listener.close()[0m
     [36m| [0m[34m|[0m /* 284.195 */                }[0m
     [36m| [0m[34m|[0m /* 284.196 */                server.close()[0m
     [36m| [0m[34m|[0m /* 284.197 */            }[0m
     [36m| [0m[34m|[0m /* 284.198 */        }[0m
     [36m| [0m[34m|[0m /* 284.199 */    }[0m
     [36m| [0m[34m|[0m /* 284.200 */    [0m
     [36m| [0m[34m|[0m /* 284.201 */    @Attribute[TestCase_5][0m
     [36m| [0m[34m|[0m /* 284.202 */    func tcpResponseCannotRemainTruncated(): Unit {[0m
     [36m| [0m[34m|[0m /* 284.203 */        let udp = UdpSocket.bind(dnsClientTestLoopback(0))[0m
     [36m| [0m[34m|[0m /* 284.204 */        let endpoint = dnsClientTestEndpoint(udp)[0m
     [36m| [0m[34m|[0m /* 284.205 */        let tcp = TcpListener.bind(endpoint)[0m
     [36m| [0m[34m|[0m /* 284.206 */        let udpServing = spawn { let received = udp.receive(512, context: api.OperationContext(deadline: Some(api.Deadline.after(Duration.second))))[0m
     [36m| [0m[34m|[0m /* 284.207 */            let truncated = dnsClientTestHeader(received.payload, 0x8380u16).toArray()[0m
     [36m| [0m[34m|[0m /* 284.208 */            let _ = udp.sendTo(received.source.getOrThrow(), api.ByteSpan(truncated))[0m
     [36m| [0m[34m|[0m /* 284.209 */            true[0m
     [36m| [0m[34m|[0m /* 284.210 */        }[0m
     [36m| [0m[34m|[0m /* 284.211 */        let tcpServing = spawn { let stream = tcp.accept(context: api.OperationContext(deadline: Some(api.Deadline.after(Duration.second))))[0m
     [36m| [0m[34m|[0m /* 284.212 */            try {[0m
     [36m| [0m[34m|[0m /* 284.213 */                let lengthBytes = Array < Byte >(2, repeat: 0u8)[0m
     [36m| [0m[34m|[0m /* 284.214 */                stream.readExact(api.MutableByteSpan(lengthBytes), context: api.OperationContext.background())[0m
     [36m| [0m[34m|[0m /* 284.215 */                let length =(Int64(lengthBytes[0]) << 8) | Int64(lengthBytes[1])[0m
     [36m| [0m[34m|[0m /* 284.216 */                let query = Array < Byte >(length, repeat: 0u8)[0m
     [36m| [0m[34m|[0m /* 284.217 */                stream.readExact(api.MutableByteSpan(query), context: api.OperationContext.background())[0m
     [36m| [0m[34m|[0m /* 284.218 */                let stillTruncated = dnsClientTestHeader(query, 0x8380u16).toArray()[0m
     [36m| [0m[34m|[0m /* 284.219 */                stream.writeAll(api.ByteSpan(dnsClientTestTcpFrame(stillTruncated)), context: api.OperationContext.background())[0m
     [36m| [0m[34m|[0m /* 284.220 */                true[0m
     [36m| [0m[34m|[0m /* 284.221 */            } finally {[0m
     [36m| [0m[34m|[0m /* 284.222 */                stream.close()[0m
     [36m| [0m[34m|[0m /* 284.223 */            }[0m
     [36m| [0m[34m|[0m /* 284.224 */        }[0m
     [36m| [0m[34m|[0m /* 284.225 */        let client = DnsClient(config: dnsClientTestConfig(endpoint))[0m
     [36m| [0m[34m|[0m /* 284.226 */        try {[0m
     [36m| [0m[34m|[0m /* 284.227 */            let code = dnsClientTestResolveCode({ =>[0m
     [36m| [0m[34m|[0m /* 284.228 */                let _ = client.query("still-truncated.test", DnsRecordType.A)[0m
     [36m| [0m[34m|[0m /* 284.229 */            })[0m
     [36m| [0m[34m|[0m /* 284.230 */            expectEqual("dnsClientTestCodeIs(code, api.ResolveErrorCode.SystemFailure)", "true", dnsClientTestCodeIs(code, api.ResolveErrorCode.SystemFailure), true, isDelta: false)[0m
     [36m| [0m[34m|[0m /* 284.231 */            expectEqual("udpServing.get(Duration.second)", "true", udpServing.get(Duration.second), true, isDelta: false)[0m
     [36m| [0m[34m|[0m /* 284.232 */            expectEqual("tcpServing.get(Duration.second)", "true", tcpServing.get(Duration.second), true, isDelta: false)[0m
     [36m| [0m[34m|[0m /* 284.233 */        } finally {[0m
     [36m| [0m[34m|[0m /* 284.234 */            client.close()[0m
     [36m| [0m[34m|[0m /* 284.235 */            tcp.close()[0m
     [36m| [0m[34m|[0m /* 284.236 */            udp.close()[0m
     [36m| [0m[34m|[0m /* 284.237 */        }[0m
     [36m| [0m[34m|[0m /* 284.238 */    }[0m
     [36m| [0m[34m|[0m /* 284.239 */    [0m
     [36m| [0m[34m|[0m /* 284.240 */    @Attribute[TestCase_6][0m
     [36m| [0m[34m|[0m /* 284.241 */    func malformedMatchingResponseAndUnrelatedSectionsCannotPoisonCache(): Unit {[0m
     [36m| [0m[34m|[0m /* 284.242 */        let server = UdpSocket.bind(dnsClientTestLoopback(0))[0m
     [36m| [0m[34m|[0m /* 284.243 */        let endpoint = dnsClientTestEndpoint(server)[0m
     [36m| [0m[34m|[0m /* 284.244 */        let serving = spawn { let first = server.receive(512, context: api.OperationContext(deadline: Some(api.Deadline.after(Duration.second))))[0m
     [36m| [0m[34m|[0m /* 284.245 */            let malformed = dnsClientTestHeader(first.payload, 0x8180u16, answers: 1).toArray()[0m
     [36m| [0m[34m|[0m /* 284.246 */            let _ = server.sendTo(first.source.getOrThrow(), api.ByteSpan(malformed))[0m
     [36m| [0m[34m|[0m /* 284.247 */            let second = server.receive(512, context: api.OperationContext(deadline: Some(api.Deadline.after(Duration.second))))[0m
     [36m| [0m[34m|[0m /* 284.248 */            let _ = server.sendTo(second.source.getOrThrow(), api.ByteSpan(dnsClientTestPoisonedAdditional(second.payload)))[0m
     [36m| [0m[34m|[0m /* 284.249 */            let third = server.receive(512, context: api.OperationContext(deadline: Some(api.Deadline.after(Duration.second))))[0m
     [36m| [0m[34m|[0m /* 284.250 */            let _ = server.sendTo(third.source.getOrThrow(), api.ByteSpan(dnsClientTestAResponse(third.payload,[192u8, 0u8, 2u8, 33u8])))[0m
     [36m| [0m[34m|[0m /* 284.251 */            true[0m
     [36m| [0m[34m|[0m /* 284.252 */        }[0m
     [36m| [0m[34m|[0m /* 284.253 */        let client = DnsClient(config: dnsClientTestConfig(endpoint))[0m
     [36m| [0m[34m|[0m /* 284.254 */        let options = api.ResolveOptions(family: api.ResolveAddressFamily.Ipv4)[0m
     [36m| [0m[34m|[0m /* 284.255 */        try {[0m
     [36m| [0m[34m|[0m /* 284.256 */            let malformed = dnsClientTestResolveCode({ =>[0m
     [36m| [0m[34m|[0m /* 284.257 */                let _ = client.lookup(api.HostName("poison.test"), options: options)[0m
     [36m| [0m[34m|[0m /* 284.258 */            })[0m
     [36m| [0m[34m|[0m /* 284.259 */            expectEqual("dnsClientTestCodeIs(malformed, api.ResolveErrorCode.SystemFailure)", "true", dnsClientTestCodeIs(malformed, api.ResolveErrorCode.SystemFailure), true, isDelta: false)[0m
     [36m| [0m[34m|[0m /* 284.260 */            let noData = dnsClientTestResolveCode({ =>[0m
     [36m| [0m[34m|[0m /* 284.261 */                let _ = client.lookup(api.HostName("poison.test"), options: options)[0m
     [36m| [0m[34m|[0m /* 284.262 */            })[0m
     [36m| [0m[34m|[0m /* 284.263 */            expectEqual("dnsClientTestCodeIs(noData, api.ResolveErrorCode.NoData)", "true", dnsClientTestCodeIs(noData, api.ResolveErrorCode.NoData), true, isDelta: false)[0m
     [36m| [0m[34m|[0m /* 284.264 */            let valid = client.lookup(api.HostName("poison.test"), options: options)[0m
     [36m| [0m[34m|[0m /* 284.265 */            expectEqual("valid.addresses[0].toOctets()", "[192u8, 0u8, 2u8, 33u8]", valid.addresses[0].toOctets(),[192u8, 0u8, 2u8, 33u8], isDelta: false)[0m
     [36m| [0m[34m|[0m /* 284.266 */            expectEqual("serving.get(Duration.second)", "true", serving.get(Duration.second), true, isDelta: false)[0m
     [36m| [0m[34m|[0m /* 284.267 */        } finally {[0m
     [36m| [0m[34m|[0m /* 284.268 */            client.close()[0m
     [36m| [0m[34m|[0m /* 284.269 */            server.close()[0m
     [36m| [0m[34m|[0m /* 284.270 */        }[0m
     [36m| [0m[34m|[0m /* 284.271 */    }[0m
     [36m| [0m[34m|[0m /* 284.272 */    [0m
     [36m| [0m[34m|[0m /* 284.273 */    @Attribute[TestCase_7][0m
     [36m| [0m[34m|[0m /* 284.274 */    func cnameTraversalUsesAnswerOwnersAndRejectsConflictingTargets(): Unit {[0m
     [36m| [0m[34m|[0m /* 284.275 */        let server = UdpSocket.bind(dnsClientTestLoopback(0))[0m
     [36m| [0m[34m|[0m /* 284.276 */        let endpoint = dnsClientTestEndpoint(server)[0m
     [36m| [0m[34m|[0m /* 284.277 */        let serving: Future < Int64 >= spawn { let first = server.receive(512, context: api.OperationContext(deadline: Some(api.Deadline.after(Duration.second))))[0m
     [36m| [0m[34m|[0m /* 284.278 */            let _ = server.sendTo(first.source.getOrThrow(), api.ByteSpan(dnsClientTestCnameAddressResponse(first.payload, "target.test",[192u8, 0u8, 2u8, 61u8])))[0m
     [36m| [0m[34m|[0m /* 284.279 */            let second = server.receive(512, context: api.OperationContext(deadline: Some(api.Deadline.after(Duration.second))))[0m
     [36m| [0m[34m|[0m /* 284.280 */            let _ = server.sendTo(second.source.getOrThrow(), api.ByteSpan(dnsClientTestConflictingCnames(second.payload)))[0m
     [36m| [0m[34m|[0m /* 284.281 */            2[0m
     [36m| [0m[34m|[0m /* 284.282 */        }[0m
     [36m| [0m[34m|[0m /* 284.283 */        let client = DnsClient(config: dnsClientTestConfig(endpoint))[0m
     [36m| [0m[34m|[0m /* 284.284 */        let options = api.ResolveOptions(family: api.ResolveAddressFamily.Ipv4)[0m
     [36m| [0m[34m|[0m /* 284.285 */        try {[0m
     [36m| [0m[34m|[0m /* 284.286 */            let result = client.lookup(api.HostName("alias.test"), options: options)[0m
     [36m| [0m[34m|[0m /* 284.287 */            expectEqual("result.canonicalHost.ascii", "\"target.test\"", result.canonicalHost.ascii, "target.test", isDelta: false)[0m
     [36m| [0m[34m|[0m /* 284.288 */            expectEqual("result.addresses[0].toOctets()", "[192u8, 0u8, 2u8, 61u8]", result.addresses[0].toOctets(),[192u8, 0u8, 2u8, 61u8], isDelta: false)[0m
     [36m| [0m[34m|[0m /* 284.289 */            let conflict = dnsClientTestResolveCode({ =>[0m
     [36m| [0m[34m|[0m /* 284.290 */                let _ = client.lookup(api.HostName("conflict.test"), options: options)[0m
     [36m| [0m[34m|[0m /* 284.291 */            })[0m
     [36m| [0m[34m|[0m /* 284.292 */            expectEqual("dnsClientTestCodeIs(conflict, api.ResolveErrorCode.SystemFailure)", "true", dnsClientTestCodeIs(conflict, api.ResolveErrorCode.SystemFailure), true, isDelta: false)[0m
     [36m| [0m[34m|[0m /* 284.293 */            expectEqual("serving.get(Duration.second)", "2", serving.get(Duration.second), 2, isDelta: false)[0m
     [36m| [0m[34m|[0m /* 284.294 */        } finally {[0m
     [36m| [0m[34m|[0m /* 284.295 */            client.close()[0m
     [36m| [0m[34m|[0m /* 284.296 */            server.close()[0m
     [36m| [0m[34m|[0m /* 284.297 */        }[0m
     [36m| [0m[34m|[0m /* 284.298 */    }[0m
     [36m| [0m[34m|[0m /* 284.299 */    [0m
     [36m| [0m[34m|[0m /* 284.300 */    @Attribute[TestCase_8][0m
     [36m| [0m[34m|[0m /* 284.301 */    func rfc2308CacheRetainsNxdomainVersusNodataWithoutNewPackets(): Unit {[0m
     [36m| [0m[34m|[0m /* 284.302 */        let server = UdpSocket.bind(dnsClientTestLoopback(0))[0m
     [36m| [0m[34m|[0m /* 284.303 */        let endpoint = dnsClientTestEndpoint(server)[0m
     [36m| [0m[34m|[0m /* 284.304 */        let serving: Future < Int64 >= spawn { var served: Int64 = 0[0m
     [36m| [0m[34m|[0m /* 284.305 */            while(served < 2) {[0m
     [36m| [0m[34m|[0m /* 284.306 */                let received = server.receive(512, context: api.OperationContext(deadline: Some(api.Deadline.after(Duration.second))))[0m
     [36m| [0m[34m|[0m /* 284.307 */                let question = DnsMessageParser().parse(received.payload).questions[0][0m
     [36m| [0m[34m|[0m /* 284.308 */                let response = dnsClientTestNegative(received.payload, question.name == "missing.test")[0m
     [36m| [0m[34m|[0m /* 284.309 */                let _ = server.sendTo(received.source.getOrThrow(), api.ByteSpan(response))[0m
     [36m| [0m[34m|[0m /* 284.310 */                served ++[0m
     [36m| [0m[34m|[0m /* 284.311 */            }[0m
     [36m| [0m[34m|[0m /* 284.312 */            served[0m
     [36m| [0m[34m|[0m /* 284.313 */        }[0m
     [36m| [0m[34m|[0m /* 284.314 */        let client = DnsClient(config: dnsClientTestConfig(endpoint))[0m
     [36m| [0m[34m|[0m /* 284.315 */        let options = api.ResolveOptions(family: api.ResolveAddressFamily.Ipv4)[0m
     [36m| [0m[34m|[0m /* 284.316 */        try {[0m
     [36m| [0m[34m|[0m /* 284.317 */            for(_ in 0 .. 2) {[0m
     [36m| [0m[34m|[0m /* 284.318 */                let missing = dnsClientTestResolveCode({ =>[0m
     [36m| [0m[34m|[0m /* 284.319 */                    let _ = client.lookup(api.HostName("missing.test"), options: options)[0m
     [36m| [0m[34m|[0m /* 284.320 */                })[0m
     [36m| [0m[34m|[0m /* 284.321 */                expectEqual("dnsClientTestCodeIs(missing, api.ResolveErrorCode.NameNotFound)", "true", dnsClientTestCodeIs(missing, api.ResolveErrorCode.NameNotFound), true, isDelta: false)[0m
     [36m| [0m[34m|[0m /* 284.322 */                let empty = dnsClientTestResolveCode({ =>[0m
     [36m| [0m[34m|[0m /* 284.323 */                    let _ = client.lookup(api.HostName("empty.test"), options: options)[0m
     [36m| [0m[34m|[0m /* 284.324 */                })[0m
     [36m| [0m[34m|[0m /* 284.325 */                expectEqual("dnsClientTestCodeIs(empty, api.ResolveErrorCode.NoData)", "true", dnsClientTestCodeIs(empty, api.ResolveErrorCode.NoData), true, isDelta: false)[0m
     [36m| [0m[34m|[0m /* 284.326 */            }[0m
     [36m| [0m[34m|[0m /* 284.327 */            expectEqual("serving.get(Duration.second)", "2", serving.get(Duration.second), 2, isDelta: false)[0m
     [36m| [0m[34m|[0m /* 284.328 */        } finally {[0m
     [36m| [0m[34m|[0m /* 284.329 */            client.close()[0m
     [36m| [0m[34m|[0m /* 284.330 */            server.close()[0m
     [36m| [0m[34m|[0m /* 284.331 */        }[0m
     [36m| [0m[34m|[0m /* 284.332 */    }[0m
     [36m| [0m[34m|[0m /* 284.333 */    [0m
     [36m| [0m[34m|[0m /* 284.334 */    @Attribute[TestCase_9][0m
     [36m| [0m[34m|[0m /* 284.335 */    func zeroTtlNeverCreatesAPositiveCacheEntry(): Unit {[0m
     [36m| [0m[34m|[0m /* 284.336 */        let server = UdpSocket.bind(dnsClientTestLoopback(0))[0m
     [36m| [0m[34m|[0m /* 284.337 */        let endpoint = dnsClientTestEndpoint(server)[0m
     [36m| [0m[34m|[0m /* 284.338 */        let serving: Future < Int64 >= spawn { var served: Int64 = 0[0m
     [36m| [0m[34m|[0m /* 284.339 */            while(served < 2) {[0m
     [36m| [0m[34m|[0m /* 284.340 */                let received = server.receive(512, context: api.OperationContext(deadline: Some(api.Deadline.after(Duration.second))))[0m
     [36m| [0m[34m|[0m /* 284.341 */                let response = dnsClientTestAResponse(received.payload,[192u8, 0u8, 2u8, UInt8(UInt64(served + 1))], ttl: 0u32)[0m
     [36m| [0m[34m|[0m /* 284.342 */                let _ = server.sendTo(received.source.getOrThrow(), api.ByteSpan(response))[0m
     [36m| [0m[34m|[0m /* 284.343 */                served ++[0m
     [36m| [0m[34m|[0m /* 284.344 */            }[0m
     [36m| [0m[34m|[0m /* 284.345 */            served[0m
     [36m| [0m[34m|[0m /* 284.346 */        }[0m
     [36m| [0m[34m|[0m /* 284.347 */        let client = DnsClient(config: dnsClientTestConfig(endpoint))[0m
     [36m| [0m[34m|[0m /* 284.348 */        let options = api.ResolveOptions(family: api.ResolveAddressFamily.Ipv4)[0m
     [36m| [0m[34m|[0m /* 284.349 */        try {[0m
     [36m| [0m[34m|[0m /* 284.350 */            let first = client.lookup(api.HostName("zero.test"), options: options)[0m
     [36m| [0m[34m|[0m /* 284.351 */            let second = client.lookup(api.HostName("zero.test"), options: options)[0m
     [36m| [0m[34m|[0m /* 284.352 */            expectEqual("first.addresses[0].toOctets()", "[192u8, 0u8, 2u8, 1u8]", first.addresses[0].toOctets(),[192u8, 0u8, 2u8, 1u8], isDelta: false)[0m
     [36m| [0m[34m|[0m /* 284.353 */            expectEqual("second.addresses[0].toOctets()", "[192u8, 0u8, 2u8, 2u8]", second.addresses[0].toOctets(),[192u8, 0u8, 2u8, 2u8], isDelta: false)[0m
     [36m| [0m[34m|[0m /* 284.354 */            expectEqual("serving.get(Duration.second)", "2", serving.get(Duration.second), 2, isDelta: false)[0m
     [36m| [0m[34m|[0m /* 284.355 */        } finally {[0m
     [36m| [0m[34m|[0m /* 284.356 */            client.close()[0m
     [36m| [0m[34m|[0m /* 284.357 */            server.close()[0m
     [36m| [0m[34m|[0m /* 284.358 */        }[0m
     [36m| [0m[34m|[0m /* 284.359 */    }[0m
     [36m| [0m[34m|[0m /* 284.360 */    [0m
     [36m| [0m[34m|[0m /* 284.361 */    @Attribute[TestCase_10][0m
     [36m| [0m[34m|[0m /* 284.362 */    func callerCancellationAndClientCloseWakeActiveNativeReceive(): Unit {[0m
     [36m| [0m[34m|[0m /* 284.363 */        let server = UdpSocket.bind(dnsClientTestLoopback(0))[0m
     [36m| [0m[34m|[0m /* 284.364 */        let endpoint = dnsClientTestEndpoint(server)[0m
     [36m| [0m[34m|[0m /* 284.365 */        let firstGate = DnsClientTestGate()[0m
     [36m| [0m[34m|[0m /* 284.366 */        let firstServer = spawn { let _ = server.receive(512, context: api.OperationContext(deadline: Some(api.Deadline.after(Duration.second))))[0m
     [36m| [0m[34m|[0m /* 284.367 */            firstGate.arriveAndWait()[0m
     [36m| [0m[34m|[0m /* 284.368 */        }[0m
     [36m| [0m[34m|[0m /* 284.369 */        let cancellation = api.CancellationSource()[0m
     [36m| [0m[34m|[0m /* 284.370 */        let firstClient = DnsClient(config: dnsClientTestConfig(endpoint))[0m
     [36m| [0m[34m|[0m /* 284.371 */        let cancelled = spawn { dnsClientTestResolveCode({ =>[0m
     [36m| [0m[34m|[0m /* 284.372 */            let _ = firstClient.query("cancel.test", DnsRecordType.A, context: api.OperationContext(cancellation: cancellation.token))[0m
     [36m| [0m[34m|[0m /* 284.373 */        })[0m
     [36m| [0m[34m|[0m /* 284.374 */    }[0m
     [36m| [0m[34m|[0m /* 284.375 */    firstGate.waitForArrival()[0m
     [36m| [0m[34m|[0m /* 284.376 */    cancellation.cancel()[0m
     [36m| [0m[34m|[0m /* 284.377 */    expectEqual("dnsClientTestCodeIs(cancelled.get(Duration.second), api.ResolveErrorCode.Cancelled)", "true", dnsClientTestCodeIs(cancelled.get(Duration.second), api.ResolveErrorCode.Cancelled), true, isDelta: false)[0m
     [36m| [0m[34m|[0m /* 284.378 */    firstGate.release()[0m
     [36m| [0m[34m|[0m /* 284.379 */    firstServer.get(Duration.second)[0m
     [36m| [0m[34m|[0m /* 284.380 */    firstClient.close()[0m
     [36m| [0m[34m|[0m /* 284.381 */    let secondGate = DnsClientTestGate()[0m
     [36m| [0m[34m|[0m /* 284.382 */    let secondServer = spawn { let _ = server.receive(512, context: api.OperationContext(deadline: Some(api.Deadline.after(Duration.second))))[0m
     [36m| [0m[34m|[0m /* 284.383 */        secondGate.arriveAndWait()[0m
     [36m| [0m[34m|[0m /* 284.384 */    }[0m
     [36m| [0m[34m|[0m /* 284.385 */    let secondClient = DnsClient(config: dnsClientTestConfig(endpoint))[0m
     [36m| [0m[34m|[0m /* 284.386 */    let closed = spawn { dnsClientTestResolveCode({ =>[0m
     [36m| [0m[34m|[0m /* 284.387 */        let _ = secondClient.query("close.test", DnsRecordType.A)[0m
     [36m| [0m[34m|[0m /* 284.388 */    })[0m
     [36m| [0m[34m|[0m /* 284.389 */}[0m
     [36m| [0m[34m|[0m /* 284.390 */secondGate.waitForArrival()[0m
     [36m| [0m[34m|[0m /* 284.391 */secondClient.close()[0m
     [36m| [0m[34m|[0m /* 284.392 */expectEqual("dnsClientTestCodeIs(closed.get(Duration.second), api.ResolveErrorCode.Cancelled)", "true", dnsClientTestCodeIs(closed.get(Duration.second), api.ResolveErrorCode.Cancelled), true, isDelta: false)[0m
     [36m| [0m[34m|[0m /* 284.393 */expectEqual("secondClient.isClosed()", "true", secondClient.isClosed(), true, isDelta: false)[0m
     [36m| [0m[34m|[0m /* 284.394 */let afterClose = dnsClientTestResolveCode({ =>[0m
     [36m| [0m[34m|[0m /* 284.395 */    let _ = secondClient.query("after-close.test", DnsRecordType.A)[0m
     [36m| [0m[34m|[0m /* 284.396 */})[0m
     [36m| [0m[34m|[0m /* 284.397 */expectEqual("dnsClientTestCodeIs(afterClose, api.ResolveErrorCode.SystemFailure)", "true", dnsClientTestCodeIs(afterClose, api.ResolveErrorCode.SystemFailure), true, isDelta: false)[0m
     [36m| [0m[34m|[0m /* 284.398 */secondGate.release()[0m
     [36m| [0m[34m|[0m /* 284.399 */secondServer.get(Duration.second)[0m
     [36m| [0m[34m|[0m /* 284.400 */server.close()[0m
     [36m| [0m[34m|[0m /* 284.401 */}[0m
     [36m| [0m[34m|[0m /* 284.402 */[0m
     [36m| [0m[34m|[0m /* 284.403 */@Attribute[TestCase_11][0m
     [36m| [0m[34m|[0m /* 284.404 */func anyFamilyRetainsAddressesWhenTheOtherFamilyFails(): Unit {[0m
     [36m| [0m[34m|[0m /* 284.405 */for((failingType, flags) in[(1, 0x8182u16),(28, 0x8181u16)]) {[0m
     [36m| [0m[34m|[0m /* 284.406 */    let server = UdpSocket.bind(dnsClientTestLoopback(0))[0m
     [36m| [0m[34m|[0m /* 284.407 */    let endpoint = dnsClientTestEndpoint(server)[0m
     [36m| [0m[34m|[0m /* 284.408 */    let serving = spawn { for(_ in 0 .. 2) {[0m
     [36m| [0m[34m|[0m /* 284.409 */        let received = server.receive(512, context: api.OperationContext(deadline: Some(api.Deadline.after(Duration.second))))[0m
     [36m| [0m[34m|[0m /* 284.410 */        let query = received.payload[0m
     [36m| [0m[34m|[0m /* 284.411 */        let kind = Int64(query[query.size - 3])[0m
     [36m| [0m[34m|[0m /* 284.412 */        let response = if(kind == failingType) {[0m
     [36m| [0m[34m|[0m /* 284.413 */            dnsClientTestHeader(query, flags).toArray()[0m
     [36m| [0m[34m|[0m /* 284.414 */        }[0m
     [36m| [0m[34m|[0m /* 284.415 */        else {[0m
     [36m| [0m[34m|[0m /* 284.416 */            let output = dnsClientTestHeader(query, 0x8180u16, answers: 1)[0m
     [36m| [0m[34m|[0m /* 284.417 */            dnsClientTestAppendU16(output, 0xC00C)[0m
     [36m| [0m[34m|[0m /* 284.418 */            dnsClientTestAppendU16(output, kind)[0m
     [36m| [0m[34m|[0m /* 284.419 */            dnsClientTestAppendU16(output, 1)[0m
     [36m| [0m[34m|[0m /* 284.420 */            dnsClientTestAppendU32(output, 30u32)[0m
     [36m| [0m[34m|[0m /* 284.421 */            let bytes = if(kind == 1) {[0m
     [36m| [0m[34m|[0m /* 284.422 */                [192u8, 0u8, 2u8, 44u8][0m
     [36m| [0m[34m|[0m /* 284.423 */            }[0m
     [36m| [0m[34m|[0m /* 284.424 */            else {[0m
     [36m| [0m[34m|[0m /* 284.425 */                Array < Byte >(16, repeat: 1u8)[0m
     [36m| [0m[34m|[0m /* 284.426 */            }[0m
     [36m| [0m[34m|[0m /* 284.427 */            [0m
     [36m| [0m[34m|[0m /* 284.428 */            dnsClientTestAppendU16(output, bytes.size)[0m
     [36m| [0m[34m|[0m /* 284.429 */            for(value in bytes) {[0m
     [36m| [0m[34m|[0m /* 284.430 */                output.add(value)[0m
     [36m| [0m[34m|[0m /* 284.431 */            }[0m
     [36m| [0m[34m|[0m /* 284.432 */            output.toArray()[0m
     [36m| [0m[34m|[0m /* 284.433 */        }[0m
     [36m| [0m[34m|[0m /* 284.434 */        [0m
     [36m| [0m[34m|[0m /* 284.435 */        let _ = server.sendTo(received.source.getOrThrow(), api.ByteSpan(response))[0m
     [36m| [0m[34m|[0m /* 284.436 */    }[0m
     [36m| [0m[34m|[0m /* 284.437 */    true[0m
     [36m| [0m[34m|[0m /* 284.438 */}[0m
     [36m| [0m[34m|[0m /* 284.439 */let client = DnsClient(config: dnsClientTestConfig(endpoint))[0m
     [36m| [0m[34m|[0m /* 284.440 */try {[0m
     [36m| [0m[34m|[0m /* 284.441 */    let result = client.lookup(api.HostName("family.test"))[0m
     [36m| [0m[34m|[0m /* 284.442 */    assertEqual("result.addresses.size", "1", result.addresses.size, 1, isDelta: false)[0m
     [36m| [0m[34m|[0m /* 284.443 */    expectEqual("result.addresses[0].toOctets()", "if(failingType == 1) {\n    Array < Byte >(16, repeat: 1u8)\n}\nelse {\n    [192u8, 0u8, 2u8, 44u8]\n}\n", result.addresses[0].toOctets(), if(failingType == 1) {[0m
     [36m| [0m[34m|[0m /* 284.444 */        Array < Byte >(16, repeat: 1u8)[0m
     [36m| [0m[34m|[0m /* 284.445 */    }[0m
     [36m| [0m[34m|[0m /* 284.446 */    else {[0m
     [36m| [0m[34m|[0m /* 284.447 */        [192u8, 0u8, 2u8, 44u8][0m
     [36m| [0m[34m|[0m /* 284.448 */    }[0m
     [36m| [0m[34m|[0m /* 284.449 */    , isDelta: false)[0m
     [36m| [0m[34m|[0m /* 284.450 */    expectEqual("serving.get(Duration.second)", "true", serving.get(Duration.second), true, isDelta: false)[0m
     [36m| [0m[34m|[0m /* 284.451 */} finally {[0m
     [36m| [0m[34m|[0m /* 284.452 */    client.close()[0m
     [36m| [0m[34m|[0m /* 284.453 */    server.close()[0m
     [36m| [0m[34m|[0m /* 284.454 */}[0m
     [36m| [0m[34m|[0m /* 284.455 */}[0m
     [36m| [0m[34m|[0m /* 284.456 */}[0m
     [36m| [0m[34m|[0m /* 284.457 */[0m
     [36m| [0m[34m|[0m /* 284.458 */@Attribute[TestCase_12][0m
     [36m| [0m[34m|[0m /* 284.459 */func boundedAdmissionRejectsExcessAndCloseWakesQueuedCallers(): Unit {[0m
     [36m| [0m[34m|[0m /* 284.460 */let server = UdpSocket.bind(dnsClientTestLoopback(0))[0m
     [36m| [0m[34m|[0m /* 284.461 */let endpoint = dnsClientTestEndpoint(server)[0m
     [36m| [0m[34m|[0m /* 284.462 */let activeGate = DnsClientTestGate()[0m
     [36m| [0m[34m|[0m /* 284.463 */let serverTask = spawn { let _ = server.receive(512, context: api.OperationContext(deadline: Some(api.Deadline.after(Duration.second))))[0m
     [36m| [0m[34m|[0m /* 284.464 */activeGate.arriveAndWait()[0m
     [36m| [0m[34m|[0m /* 284.465 */}[0m
     [36m| [0m[34m|[0m /* 284.466 */let client = DnsClient(config: dnsClientTestConfig(endpoint), workerCount: 1, queueCapacity: 1)[0m
     [36m| [0m[34m|[0m /* 284.467 */let activeQuery = spawn { dnsClientTestResolveCode({ =>[0m
     [36m| [0m[34m|[0m /* 284.468 */let _ = client.query("active.test", DnsRecordType.A)[0m
     [36m| [0m[34m|[0m /* 284.469 */})[0m
     [36m| [0m[34m|[0m /* 284.470 */}[0m
     [36m| [0m[34m|[0m /* 284.471 */activeGate.waitForArrival()[0m
     [36m| [0m[34m|[0m /* 284.472 */let simultaneous = SyncCounter(4)[0m
     [36m| [0m[34m|[0m /* 284.473 */let completed = DnsClientTestCompletion()[0m
     [36m| [0m[34m|[0m /* 284.474 */let contenders = ArrayList < Future < api.ResolveErrorCode >>()[0m
     [36m| [0m[34m|[0m /* 284.475 */for(index in 0 .. 4) {[0m
     [36m| [0m[34m|[0m /* 284.476 */contenders.add(spawn { simultaneous.dec()[0m
     [36m| [0m[34m|[0m /* 284.477 */simultaneous.waitUntilZero()[0m
     [36m| [0m[34m|[0m /* 284.478 */let code = dnsClientTestResolveCode({ =>[0m
     [36m| [0m[34m|[0m /* 284.479 */    let _ = client.query("queued-${index}.test", DnsRecordType.A, context: api.OperationContext(deadline: Some(api.Deadline.after(Duration.second))))[0m
     [36m| [0m[34m|[0m /* 284.480 */})[0m
     [36m| [0m[34m|[0m /* 284.481 */completed.finish()[0m
     [36m| [0m[34m|[0m /* 284.482 */code[0m
     [36m| [0m[34m|[0m /* 284.483 */})[0m
     [36m| [0m[34m|[0m /* 284.484 */}[0m
     [36m| [0m[34m|[0m /* 284.485 */simultaneous.waitUntilZero()[0m
     [36m| [0m[34m|[0m /* 284.486 */completed.waitFor(3)[0m
     [36m| [0m[34m|[0m /* 284.487 */let closing = spawn { client.close()[0m
     [36m| [0m[34m|[0m /* 284.488 */true[0m
     [36m| [0m[34m|[0m /* 284.489 */}[0m
     [36m| [0m[34m|[0m /* 284.490 */expectEqual("closing.get(Duration.second)", "true", closing.get(Duration.second), true, isDelta: false)[0m
     [36m| [0m[34m|[0m /* 284.491 */expectEqual("dnsClientTestCodeIs(activeQuery.get(Duration.second), api.ResolveErrorCode.Cancelled)", "true", dnsClientTestCodeIs(activeQuery.get(Duration.second), api.ResolveErrorCode.Cancelled), true, isDelta: false)[0m
     [36m| [0m[34m|[0m /* 284.492 */var temporaryFailures: Int64 = 0[0m
     [36m| [0m[34m|[0m /* 284.493 */var cancellations: Int64 = 0[0m
     [36m| [0m[34m|[0m /* 284.494 */for(contender in contenders) {[0m
     [36m| [0m[34m|[0m /* 284.495 */let code = contender.get(Duration.second)[0m
     [36m| [0m[34m|[0m /* 284.496 */match(code) {[0m
     [36m| [0m[34m|[0m /* 284.497 */case api.ResolveErrorCode.TemporaryFailure => temporaryFailures ++[0m
     [36m| [0m[34m|[0m /* 284.498 */case api.ResolveErrorCode.Cancelled => cancellations ++[0m
     [36m| [0m[34m|[0m /* 284.499 */case api.ResolveErrorCode.SystemFailure =>()[0m
     [36m| [0m[34m|[0m /* 284.500 */case _ => fail("bounded contender returned an unexpected resolver error")[0m
     [36m| [0m[34m|[0m /* 284.501 */}[0m
     [36m| [0m[34m|[0m /* 284.502 */}[0m
     [36m| [0m[34m|[0m /* 284.503 */activeGate.release()[0m
     [36m| [0m[34m|[0m /* 284.504 */serverTask.get(Duration.second)[0m
     [36m| [0m[34m|[0m /* 284.505 */server.close()[0m
     [36m| [0m[34m|[0m /* 284.506 */expectEqual("temporaryFailures", "3", temporaryFailures, 3, isDelta: false)[0m
     [36m| [0m[34m|[0m /* 284.507 */expectEqual("cancellations", "1", cancellations, 1, isDelta: false)[0m
     [36m| [0m[34m|[0m /* 284.508 */}[0m
     [36m| [0m[34m|[0m /* 284.509 */[0m
     [36m| [0m[34m|[0m /* 284.510 */init() {[0m
     [36m| [0m[34m|[0m /* 284.511 */}[0m
     [36m| [0m[34m|[0m /* 284.512 */private func classConfiguration(): Configuration {[0m
     [36m| [0m[34m|[0m /* 284.513 */let configuration = Configuration()[0m
     [36m| [0m[34m|[0m /* 284.514 */[0m
     [36m| [0m[34m|[0m /* 284.515 */return configuration[0m
     [36m| [0m[34m|[0m /* 284.516 */}[0m
     [36m| [0m[34m|[0m /* 284.517 */public override func asTestSuite(): TestSuite {[0m
     [36m| [0m[34m|[0m /* 284.518 */[0m
     [36m| [0m[34m|[0m /* 284.519 */let suiteConfiguration = classConfiguration()[0m
     [36m| [0m[34m|[0m /* 284.520 */let suiteBuilder = TestSuite.builder("DnsClientWireTest").configure(suiteConfiguration)[0m
     [36m| [0m[34m|[0m /* 284.521 */[0m
     [36m| [0m[34m|[0m /* 284.522 */{ => let caseConfig = Configuration()[0m
     [36m| [0m[34m|[0m /* 284.523 */[0m
     [36m| [0m[34m|[0m /* 284.524 */let publicQueryAndLookupUseRealUdpAndRetainAbsoluteCacheExpiryTestFunc = { => publicQueryAndLookupUseRealUdpAndRetainAbsoluteCacheExpiry();() }[0m
     [36m| [0m[34m|[0m /* 284.525 */suiteBuilder.add([0m
     [36m| [0m[34m|[0m /* 284.526 */UnitTestCase.create([0m
     [36m| [0m[34m|[0m /* 284.527 */"publicQueryAndLookupUseRealUdpAndRetainAbsoluteCacheExpiry",[0m
     [36m| [0m[34m|[0m /* 284.528 */configuration: caseConfig,[0m
     [36m| [0m[34m|[0m /* 284.529 */body: publicQueryAndLookupUseRealUdpAndRetainAbsoluteCacheExpiryTestFunc[0m
     [36m| [0m[34m|[0m /* 284.530 */)[0m
     [36m| [0m[34m|[0m /* 284.531 */)[0m
     [36m| [0m[34m|[0m /* 284.532 */[0m
     [36m| [0m[34m|[0m /* 284.533 */}()[0m
     [36m| [0m[34m|[0m /* 284.534 */[0m
     [36m| [0m[34m|[0m /* 284.535 */[0m
     [36m| [0m[34m|[0m /* 284.536 */{ => let caseConfig = Configuration()[0m
     [36m| [0m[34m|[0m /* 284.537 */[0m
     [36m| [0m[34m|[0m /* 284.538 */let publicQueryEncodesEveryModeledRecordTypeTestFunc = { => publicQueryEncodesEveryModeledRecordType();() }[0m
     [36m| [0m[34m|[0m /* 284.539 */suiteBuilder.add([0m
     [36m| [0m[34m|[0m /* 284.540 */UnitTestCase.create([0m
     [36m| [0m[34m|[0m /* 284.541 */"publicQueryEncodesEveryModeledRecordType",[0m
     [36m| [0m[34m|[0m /* 284.542 */configuration: caseConfig,[0m
     [36m| [0m[34m|[0m /* 284.543 */body: publicQueryEncodesEveryModeledRecordTypeTestFunc[0m
     [36m| [0m[34m|[0m /* 284.544 */)[0m
     [36m| [0m[34m|[0m /* 284.545 */)[0m
     [36m| [0m[34m|[0m /* 284.546 */[0m
     [36m| [0m[34m|[0m /* 284.547 */}()[0m
     [36m| [0m[34m|[0m /* 284.548 */[0m
     [36m| [0m[34m|[0m /* 284.549 */[0m
     [36m| [0m[34m|[0m /* 284.550 */{ => let caseConfig = Configuration()[0m
     [36m| [0m[34m|[0m /* 284.551 */[0m
     [36m| [0m[34m|[0m /* 284.552 */let wrongSourceIdAndQuestionAreIgnoredBeforeValidUdpResponseTestFunc = { => wrongSourceIdAndQuestionAreIgnoredBeforeValidUdpResponse();() }[0m
     [36m| [0m[34m|[0m /* 284.553 */suiteBuilder.add([0m
     [36m| [0m[34m|[0m /* 284.554 */UnitTestCase.create([0m
     [36m| [0m[34m|[0m /* 284.555 */"wrongSourceIdAndQuestionAreIgnoredBeforeValidUdpResponse",[0m
     [36m| [0m[34m|[0m /* 284.556 */configuration: caseConfig,[0m
     [36m| [0m[34m|[0m /* 284.557 */body: wrongSourceIdAndQuestionAreIgnoredBeforeValidUdpResponseTestFunc[0m
     [36m| [0m[34m|[0m /* 284.558 */)[0m
     [36m| [0m[34m|[0m /* 284.559 */)[0m
     [36m| [0m[34m|[0m /* 284.560 */[0m
     [36m| [0m[34m|[0m /* 284.561 */}()[0m
     [36m| [0m[34m|[0m /* 284.562 */[0m
     [36m| [0m[34m|[0m /* 284.563 */[0m
     [36m| [0m[34m|[0m /* 284.564 */{ => let caseConfig = Configuration()[0m
     [36m| [0m[34m|[0m /* 284.565 */[0m
     [36m| [0m[34m|[0m /* 284.566 */let validatedTruncationFallsBackToExactTcpFrameTestFunc = { => validatedTruncationFallsBackToExactTcpFrame();() }[0m
     [36m| [0m[34m|[0m /* 284.567 */suiteBuilder.add([0m
     [36m| [0m[34m|[0m /* 284.568 */UnitTestCase.create([0m
     [36m| [0m[34m|[0m /* 284.569 */"validatedTruncationFallsBackToExactTcpFrame",[0m
     [36m| [0m[34m|[0m /* 284.570 */configuration: caseConfig,[0m
     [36m| [0m[34m|[0m /* 284.571 */body: validatedTruncationFallsBackToExactTcpFrameTestFunc[0m
     [36m| [0m[34m|[0m /* 284.572 */)[0m
     [36m| [0m[34m|[0m /* 284.573 */)[0m
     [36m| [0m[34m|[0m /* 284.574 */[0m
     [36m| [0m[34m|[0m /* 284.575 */}()[0m
     [36m| [0m[34m|[0m /* 284.576 */[0m
     [36m| [0m[34m|[0m /* 284.577 */[0m
     [36m| [0m[34m|[0m /* 284.578 */{ => let caseConfig = Configuration()[0m
     [36m| [0m[34m|[0m /* 284.579 */[0m
     [36m| [0m[34m|[0m /* 284.580 */let dnsTransportFailuresRetainSelectedNameserverTestFunc = { => dnsTransportFailuresRetainSelectedNameserver();() }[0m
     [36m| [0m[34m|[0m /* 284.581 */suiteBuilder.add([0m
     [36m| [0m[34m|[0m /* 284.582 */UnitTestCase.create([0m
     [36m| [0m[34m|[0m /* 284.583 */"dnsTransportFailuresRetainSelectedNameserver",[0m
     [36m| [0m[34m|[0m /* 284.584 */configuration: caseConfig,[0m
     [36m| [0m[34m|[0m /* 284.585 */body: dnsTransportFailuresRetainSelectedNameserverTestFunc[0m
     [36m| [0m[34m|[0m /* 284.586 */)[0m
     [36m| [0m[34m|[0m /* 284.587 */)[0m
     [36m| [0m[34m|[0m /* 284.588 */[0m
     [36m| [0m[34m|[0m /* 284.589 */}()[0m
     [36m| [0m[34m|[0m /* 284.590 */[0m
     [36m| [0m[34m|[0m /* 284.591 */[0m
     [36m| [0m[34m|[0m /* 284.592 */{ => let caseConfig = Configuration()[0m
     [36m| [0m[34m|[0m /* 284.593 */[0m
     [36m| [0m[34m|[0m /* 284.594 */let tcpResponseCannotRemainTruncatedTestFunc = { => tcpResponseCannotRemainTruncated();() }[0m
     [36m| [0m[34m|[0m /* 284.595 */suiteBuilder.add([0m
     [36m| [0m[34m|[0m /* 284.596 */UnitTestCase.create([0m
     [36m| [0m[34m|[0m /* 284.597 */"tcpResponseCannotRemainTruncated",[0m
     [36m| [0m[34m|[0m /* 284.598 */configuration: caseConfig,[0m
     [36m| [0m[34m|[0m /* 284.599 */body: tcpResponseCannotRemainTruncatedTestFunc[0m
     [36m| [0m[34m|[0m /* 284.600 */)[0m
     [36m| [0m[34m|[0m /* 284.601 */)[0m
     [36m| [0m[34m|[0m /* 284.602 */[0m
     [36m| [0m[34m|[0m /* 284.603 */}()[0m
     [36m| [0m[34m|[0m /* 284.604 */[0m
     [36m| [0m[34m|[0m /* 284.605 */[0m
     [36m| [0m[34m|[0m /* 284.606 */{ => let caseConfig = Configuration()[0m
     [36m| [0m[34m|[0m /* 284.607 */[0m
     [36m| [0m[34m|[0m /* 284.608 */let malformedMatchingResponseAndUnrelatedSectionsCannotPoisonCacheTestFunc = { => malformedMatchingResponseAndUnrelatedSectionsCannotPoisonCache();() }[0m
     [36m| [0m[34m|[0m /* 284.609 */suiteBuilder.add([0m
     [36m| [0m[34m|[0m /* 284.610 */UnitTestCase.create([0m
     [36m| [0m[34m|[0m /* 284.611 */"malformedMatchingResponseAndUnrelatedSectionsCannotPoisonCache",[0m
     [36m| [0m[34m|[0m /* 284.612 */configuration: caseConfig,[0m
     [36m| [0m[34m|[0m /* 284.613 */body: malformedMatchingResponseAndUnrelatedSectionsCannotPoisonCacheTestFunc[0m
     [36m| [0m[34m|[0m /* 284.614 */)[0m
     [36m| [0m[34m|[0m /* 284.615 */)[0m
     [36m| [0m[34m|[0m /* 284.616 */[0m
     [36m| [0m[34m|[0m /* 284.617 */}()[0m
     [36m| [0m[34m|[0m /* 284.618 */[0m
     [36m| [0m[34m|[0m /* 284.619 */[0m
     [36m| [0m[34m|[0m /* 284.620 */{ => let caseConfig = Configuration()[0m
     [36m| [0m[34m|[0m /* 284.621 */[0m
     [36m| [0m[34m|[0m /* 284.622 */let cnameTraversalUsesAnswerOwnersAndRejectsConflictingTargetsTestFunc = { => cnameTraversalUsesAnswerOwnersAndRejectsConflictingTargets();() }[0m
     [36m| [0m[34m|[0m /* 284.623 */suiteBuilder.add([0m
     [36m| [0m[34m|[0m /* 284.624 */UnitTestCase.create([0m
     [36m| [0m[34m|[0m /* 284.625 */"cnameTraversalUsesAnswerOwnersAndRejectsConflictingTargets",[0m
     [36m| [0m[34m|[0m /* 284.626 */configuration: caseConfig,[0m
     [36m| [0m[34m|[0m /* 284.627 */body: cnameTraversalUsesAnswerOwnersAndRejectsConflictingTargetsTestFunc[0m
     [36m| [0m[34m|[0m /* 284.628 */)[0m
     [36m| [0m[34m|[0m /* 284.629 */)[0m
     [36m| [0m[34m|[0m /* 284.630 */[0m
     [36m| [0m[34m|[0m /* 284.631 */}()[0m
     [36m| [0m[34m|[0m /* 284.632 */[0m
     [36m| [0m[34m|[0m /* 284.633 */[0m
     [36m| [0m[34m|[0m /* 284.634 */{ => let caseConfig = Configuration()[0m
     [36m| [0m[34m|[0m /* 284.635 */[0m
     [36m| [0m[34m|[0m /* 284.636 */let rfc2308CacheRetainsNxdomainVersusNodataWithoutNewPacketsTestFunc = { => rfc2308CacheRetainsNxdomainVersusNodataWithoutNewPackets();() }[0m
     [36m| [0m[34m|[0m /* 284.637 */suiteBuilder.add([0m
     [36m| [0m[34m|[0m /* 284.638 */UnitTestCase.create([0m
     [36m| [0m[34m|[0m /* 284.639 */"rfc2308CacheRetainsNxdomainVersusNodataWithoutNewPackets",[0m
     [36m| [0m[34m|[0m /* 284.640 */configuration: caseConfig,[0m
     [36m| [0m[34m|[0m /* 284.641 */body: rfc2308CacheRetainsNxdomainVersusNodataWithoutNewPacketsTestFunc[0m
     [36m| [0m[34m|[0m /* 284.642 */)[0m
     [36m| [0m[34m|[0m /* 284.643 */)[0m
     [36m| [0m[34m|[0m /* 284.644 */[0m
     [36m| [0m[34m|[0m /* 284.645 */}()[0m
     [36m| [0m[34m|[0m /* 284.646 */[0m
     [36m| [0m[34m|[0m /* 284.647 */[0m
     [36m| [0m[34m|[0m /* 284.648 */{ => let caseConfig = Configuration()[0m
     [36m| [0m[34m|[0m /* 284.649 */[0m
     [36m| [0m[34m|[0m /* 284.650 */let zeroTtlNeverCreatesAPositiveCacheEntryTestFunc = { => zeroTtlNeverCreatesAPositiveCacheEntry();() }[0m
     [36m| [0m[34m|[0m /* 284.651 */suiteBuilder.add([0m
     [36m| [0m[34m|[0m /* 284.652 */UnitTestCase.create([0m
     [36m| [0m[34m|[0m /* 284.653 */"zeroTtlNeverCreatesAPositiveCacheEntry",[0m
     [36m| [0m[34m|[0m /* 284.654 */configuration: caseConfig,[0m
     [36m| [0m[34m|[0m /* 284.655 */body: zeroTtlNeverCreatesAPositiveCacheEntryTestFunc[0m
     [36m| [0m[34m|[0m /* 284.656 */)[0m
     [36m| [0m[34m|[0m /* 284.657 */)[0m
     [36m| [0m[34m|[0m /* 284.658 */[0m
     [36m| [0m[34m|[0m /* 284.659 */}()[0m
     [36m| [0m[34m|[0m /* 284.660 */[0m
     [36m| [0m[34m|[0m /* 284.661 */[0m
     [36m| [0m[34m|[0m /* 284.662 */{ => let caseConfig = Configuration()[0m
     [36m| [0m[34m|[0m /* 284.663 */[0m
     [36m| [0m[34m|[0m /* 284.664 */let callerCancellationAndClientCloseWakeActiveNativeReceiveTestFunc = { => callerCancellationAndClientCloseWakeActiveNativeReceive();() }[0m
     [36m| [0m[34m|[0m /* 284.665 */suiteBuilder.add([0m
     [36m| [0m[34m|[0m /* 284.666 */UnitTestCase.create([0m
     [36m| [0m[34m|[0m /* 284.667 */"callerCancellationAndClientCloseWakeActiveNativeReceive",[0m
     [36m| [0m[34m|[0m /* 284.668 */configuration: caseConfig,[0m
     [36m| [0m[34m|[0m /* 284.669 */body: callerCancellationAndClientCloseWakeActiveNativeReceiveTestFunc[0m
     [36m| [0m[34m|[0m /* 284.670 */)[0m
     [36m| [0m[34m|[0m /* 284.671 */)[0m
     [36m| [0m[34m|[0m /* 284.672 */[0m
     [36m| [0m[34m|[0m /* 284.673 */}()[0m
     [36m| [0m[34m|[0m /* 284.674 */[0m
     [36m| [0m[34m|[0m /* 284.675 */[0m
     [36m| [0m[34m|[0m /* 284.676 */{ => let caseConfig = Configuration()[0m
     [36m| [0m[34m|[0m /* 284.677 */[0m
     [36m| [0m[34m|[0m /* 284.678 */let anyFamilyRetainsAddressesWhenTheOtherFamilyFailsTestFunc = { => anyFamilyRetainsAddressesWhenTheOtherFamilyFails();() }[0m
     [36m| [0m[34m|[0m /* 284.679 */suiteBuilder.add([0m
     [36m| [0m[34m|[0m /* 284.680 */UnitTestCase.create([0m
     [36m| [0m[34m|[0m /* 284.681 */"anyFamilyRetainsAddressesWhenTheOtherFamilyFails",[0m
     [36m| [0m[34m|[0m /* 284.682 */configuration: caseConfig,[0m
     [36m| [0m[34m|[0m /* 284.683 */body: anyFamilyRetainsAddressesWhenTheOtherFamilyFailsTestFunc[0m
     [36m| [0m[34m|[0m /* 284.684 */)[0m
     [36m| [0m[34m|[0m /* 284.685 */)[0m
     [36m| [0m[34m|[0m /* 284.686 */[0m
     [36m| [0m[34m|[0m /* 284.687 */}()[0m
     [36m| [0m[34m|[0m /* 284.688 */[0m
     [36m| [0m[34m|[0m /* 284.689 */[0m
     [36m| [0m[34m|[0m /* 284.690 */{ => let caseConfig = Configuration()[0m
     [36m| [0m[34m|[0m /* 284.691 */[0m
     [36m| [0m[34m|[0m /* 284.692 */let boundedAdmissionRejectsExcessAndCloseWakesQueuedCallersTestFunc = { => boundedAdmissionRejectsExcessAndCloseWakesQueuedCallers();() }[0m
     [36m| [0m[34m|[0m /* 284.693 */suiteBuilder.add([0m
     [36m| [0m[34m|[0m /* 284.694 */UnitTestCase.create([0m
     [36m| [0m[34m|[0m /* 284.695 */"boundedAdmissionRejectsExcessAndCloseWakesQueuedCallers",[0m
     [36m| [0m[34m|[0m /* 284.696 */configuration: caseConfig,[0m
     [36m| [0m[34m|[0m /* 284.697 */body: boundedAdmissionRejectsExcessAndCloseWakesQueuedCallersTestFunc[0m
     [36m| [0m[34m|[0m /* 284.698 */)[0m
     [36m| [0m[34m|[0m /* 284.699 */)[0m
     [36m| [0m[34m|[0m /* 284.700 */[0m
     [36m| [0m[34m|[0m /* 284.701 */}()[0m
     [36m| [0m[34m|[0m /* 284.702 */[0m
     [36m| [0m[34m|[0m /* 284.703 */return suiteBuilder.build()[0m
     [36m| [0m[34m|[0m /* 284.704 */}[0m
     [36m| [0m[34m|[0m /* 284.705 */private func inheritedFromClassAnnotatedByTestTemplate < T >(): TestSuite where T <: TestClass {[0m
     [36m| [0m[34m|[0m /* 284.706 */throw Exception("Unreachable code")[0m
     [36m| [0m[34m|[0m /* 284.707 */}[0m
     [36m| [0m[34m|[0m /* 284.708 */}[0m
     [36m| [0m[34m|[0m /* 284.709 */[0m
     [36m| [0m[34m|[0m /* 284.710 */[0m
     [36m| [0m[34m|[0m /* 284.711 */interface TestPackageExtension_DnsClientWireTest {[0m
     [36m| [0m[34m|[0m /* 284.712 */func registerDnsClientWireTest(): Unit[0m
     [36m| [0m[34m|[0m /* 284.713 */}[0m
     [36m| [0m[34m|[0m /* 284.714 */extend TestPackage <: TestPackageExtension_DnsClientWireTest {[0m
     [36m| [0m[34m|[0m /* 284.715 */@Attribute[TEST_REGISTER][0m
     [36m| [0m[34m|[0m /* 284.716 */public func registerDnsClientWireTest() {[0m
     [36m| [0m[34m|[0m /* 284.717 */registerSuite({ => DnsClientWireTest().asTestSuite() })[0m
     [36m| [0m[34m|[0m /* 284.718 */}[0m
     [36m| [0m[34m|[0m /* 284.719 */}[0m
     [36m| [0m[34m|[0m /* 284.720 */[0m
     [36m| [0m[34m|[0m[34m_[0m[34m____________^[0m
     [36m| [0m
[34mnote[0m: the warning occurs after the macro is expanded
   [36m==>[0m /home/elliot/playground/Wirestack-pr-worktrees/M8-004-publication/src/net/dns_client_test.cj:284:1:
    [36m| [0m
[36m284[0m [36m| [0m  @Test[0m
    [36m| [0m [34m_[0m[34m^[0m
[36m285[0m [36m| [0m[34m|[0m class DnsClientWireTest {[0m
    [36m| [0m[34m|[0m ...[0m
[36m909[0m [36m| [0m[34m|[0m }[0m
    [36m| [0m[34m|[0m[34m_[0m[34m^[0m
    [36m| [0m

[33mwarning[0m: unreachable block in 'if' expression
    [36m| [0m
    [36m| [0m  /* 284.160 */                        if(e is AssertIntermediateException) {[0m
    [36m| [0m [33m_[0m[33m__________________________________________________________________________^[0m
    [36m| [0m[33m|[0m /* 284.161 */                            throw e[0m
    [36m| [0m[33m|[0m /* 284.162 */                        }[0m
    [36m| [0m[33m|[0m[33m_[0m[33m_____________________________________^ unreachable block in 'if' expression[0m
    [36m| [0m
    [36m#[0m [0mnote[0m: this warning can be suppressed by setting the compiler option `-Woff unused`
[34mnote[0m: the warning occurs after the macro is expanded
   [36m==>[0m /home/elliot/playground/Wirestack-pr-worktrees/M8-004-publication/src/net/dns_client_test.cj:284:1:
    [36m| [0m
[36m284[0m [36m| [0m  @Test[0m
    [36m| [0m [34m_[0m[34m^[0m
[36m285[0m [36m| [0m[34m|[0m class DnsClientWireTest {[0m
    [36m| [0m[34m|[0m ...[0m
[36m909[0m [36m| [0m[34m|[0m }[0m
    [36m| [0m[34m|[0m[34m_[0m[34m^[0m
    [36m| [0m

[33mwarning[0m: unreachable block in 'if' expression
    [36m| [0m
    [36m| [0m  /* 284.163 */                        if(e is UnittestTimeoutException) {[0m
    [36m| [0m [33m_[0m[33m_______________________________________________________________________^[0m
    [36m| [0m[33m|[0m /* 284.164 */                            throw e[0m
    [36m| [0m[33m|[0m /* 284.165 */                        }[0m
    [36m| [0m[33m|[0m[33m_[0m[33m_____________________________________^ unreachable block in 'if' expression[0m
    [36m| [0m
    [36m#[0m [0mnote[0m: this warning can be suppressed by setting the compiler option `-Woff unused`
[34mnote[0m: the warning occurs after the macro is expanded
   [36m==>[0m /home/elliot/playground/Wirestack-pr-worktrees/M8-004-publication/src/net/dns_client_test.cj:284:1:
    [36m| [0m
[36m284[0m [36m| [0m  @Test[0m
    [36m| [0m [34m_[0m[34m^[0m
[36m285[0m [36m| [0m[34m|[0m class DnsClientWireTest {[0m
    [36m| [0m[34m|[0m ...[0m
[36m909[0m [36m| [0m[34m|[0m }[0m
    [36m| [0m[34m|[0m[34m_[0m[34m^[0m
    [36m| [0m

[33mwarning[0m: unreachable block in 'if' expression
    [36m| [0m
    [36m| [0m  /* 8.446 */                if(e is AssertException) {[0m
    [36m| [0m [33m_[0m[33m____________________________________________________^[0m
    [36m| [0m[33m|[0m /* 8.447 */                    throw e[0m
    [36m| [0m[33m|[0m /* 8.448 */                }[0m
    [36m| [0m[33m|[0m[33m_[0m[33m___________________________^ unreachable block in 'if' expression[0m
    [36m| [0m
    [36m#[0m [0mnote[0m: this warning can be suppressed by setting the compiler option `-Woff unused`
[34mnote[0m: the warning occurs after the macro is expanded
   [36m==>[0m /home/elliot/playground/Wirestack-pr-worktrees/M8-004-publication/src/net/dns_wire_test.cj:8:1:
    [36m| [0m
[36m8[0m   [36m| [0m  @Test[0m
    [36m| [0m [34m_[0m[34m^[0m
[36m9[0m   [36m| [0m[34m|[0m class DnsWireParserTest {[0m
    [36m| [0m[34m|[0m ...[0m
[36m305[0m [36m| [0m[34m|[0m }[0m
    [36m| [0m[34m|[0m[34m_[0m[34m^[0m
    [36m| [0m

[33mwarning[0m: unreachable block in 'if' expression
    [36m| [0m
    [36m| [0m  /* 8.449 */                if(e is AssertIntermediateException) {[0m
    [36m| [0m [33m_[0m[33m________________________________________________________________^[0m
    [36m| [0m[33m|[0m /* 8.450 */                    throw e[0m
    [36m| [0m[33m|[0m /* 8.451 */                }[0m
    [36m| [0m[33m|[0m[33m_[0m[33m___________________________^ unreachable block in 'if' expression[0m
    [36m| [0m
    [36m#[0m [0mnote[0m: this warning can be suppressed by setting the compiler option `-Woff unused`
[34mnote[0m: the warning occurs after the macro is expanded
   [36m==>[0m /home/elliot/playground/Wirestack-pr-worktrees/M8-004-publication/src/net/dns_wire_test.cj:8:1:
    [36m| [0m
[36m8[0m   [36m| [0m  @Test[0m
    [36m| [0m [34m_[0m[34m^[0m
[36m9[0m   [36m| [0m[34m|[0m class DnsWireParserTest {[0m
    [36m| [0m[34m|[0m ...[0m
[36m305[0m [36m| [0m[34m|[0m }[0m
    [36m| [0m[34m|[0m[34m_[0m[34m^[0m
    [36m| [0m

[33mwarning[0m: unreachable block in 'if' expression
    [36m| [0m
    [36m| [0m  /* 8.452 */                if(e is UnittestTimeoutException) {[0m
    [36m| [0m [33m_[0m[33m_____________________________________________________________^[0m
    [36m| [0m[33m|[0m /* 8.453 */                    throw e[0m
    [36m| [0m[33m|[0m /* 8.454 */                }[0m
    [36m| [0m[33m|[0m[33m_[0m[33m___________________________^ unreachable block in 'if' expression[0m
    [36m| [0m
    [36m#[0m [0mnote[0m: this warning can be suppressed by setting the compiler option `-Woff unused`
[34mnote[0m: the warning occurs after the macro is expanded
   [36m==>[0m /home/elliot/playground/Wirestack-pr-worktrees/M8-004-publication/src/net/dns_wire_test.cj:8:1:
    [36m| [0m
[36m8[0m   [36m| [0m  @Test[0m
    [36m| [0m [34m_[0m[34m^[0m
[36m9[0m   [36m| [0m[34m|[0m class DnsWireParserTest {[0m
    [36m| [0m[34m|[0m ...[0m
[36m305[0m [36m| [0m[34m|[0m }[0m
    [36m| [0m[34m|[0m[34m_[0m[34m^[0m
    [36m| [0m

[33mwarning[0m: unreachable block in 'if' expression
    [36m| [0m
    [36m| [0m  /* 8.472 */                if(e is AssertException) {[0m
    [36m| [0m [33m_[0m[33m____________________________________________________^[0m
    [36m| [0m[33m|[0m /* 8.473 */                    throw e[0m
    [36m| [0m[33m|[0m /* 8.474 */                }[0m
    [36m| [0m[33m|[0m[33m_[0m[33m___________________________^ unreachable block in 'if' expression[0m
    [36m| [0m
    [36m#[0m [0mnote[0m: this warning can be suppressed by setting the compiler option `-Woff unused`
[34mnote[0m: the warning occurs after the macro is expanded
   [36m==>[0m /home/elliot/playground/Wirestack-pr-worktrees/M8-004-publication/src/net/dns_wire_test.cj:8:1:
    [36m| [0m
[36m8[0m   [36m| [0m  @Test[0m
    [36m| [0m [34m_[0m[34m^[0m
[36m9[0m   [36m| [0m[34m|[0m class DnsWireParserTest {[0m
    [36m| [0m[34m|[0m ...[0m
[36m305[0m [36m| [0m[34m|[0m }[0m
    [36m| [0m[34m|[0m[34m_[0m[34m^[0m
    [36m| [0m

[33mwarning[0m: unreachable block in 'if' expression
    [36m| [0m
    [36m| [0m  /* 8.475 */                if(e is AssertIntermediateException) {[0m
    [36m| [0m [33m_[0m[33m________________________________________________________________^[0m
    [36m| [0m[33m|[0m /* 8.476 */                    throw e[0m
    [36m| [0m[33m|[0m /* 8.477 */                }[0m
    [36m| [0m[33m|[0m[33m_[0m[33m___________________________^ unreachable block in 'if' expression[0m
    [36m| [0m
    [36m#[0m [0mnote[0m: this warning can be suppressed by setting the compiler option `-Woff unused`
[34mnote[0m: the warning occurs after the macro is expanded
   [36m==>[0m /home/elliot/playground/Wirestack-pr-worktrees/M8-004-publication/src/net/dns_wire_test.cj:8:1:
    [36m| [0m
[36m8[0m   [36m| [0m  @Test[0m
    [36m| [0m [34m_[0m[34m^[0m
[36m9[0m   [36m| [0m[34m|[0m class DnsWireParserTest {[0m
    [36m| [0m[34m|[0m ...[0m
[36m305[0m [36m| [0m[34m|[0m }[0m
    [36m| [0m[34m|[0m[34m_[0m[34m^[0m
    [36m| [0m

[33mwarning[0m: unreachable block in 'if' expression
    [36m| [0m
    [36m| [0m  /* 8.478 */                if(e is UnittestTimeoutException) {[0m
    [36m| [0m [33m_[0m[33m_____________________________________________________________^[0m
    [36m| [0m[33m|[0m /* 8.479 */                    throw e[0m
    [36m| [0m[33m|[0m /* 8.480 */                }[0m
    [36m| [0m[33m|[0m[33m_[0m[33m___________________________^ unreachable block in 'if' expression[0m
    [36m| [0m
    [36m#[0m [0mnote[0m: this warning can be suppressed by setting the compiler option `-Woff unused`
[34mnote[0m: the warning occurs after the macro is expanded
   [36m==>[0m /home/elliot/playground/Wirestack-pr-worktrees/M8-004-publication/src/net/dns_wire_test.cj:8:1:
    [36m| [0m
[36m8[0m   [36m| [0m  @Test[0m
    [36m| [0m [34m_[0m[34m^[0m
[36m9[0m   [36m| [0m[34m|[0m class DnsWireParserTest {[0m
    [36m| [0m[34m|[0m ...[0m
[36m305[0m [36m| [0m[34m|[0m }[0m
    [36m| [0m[34m|[0m[34m_[0m[34m^[0m
    [36m| [0m

[33mwarning[0m: unreachable block in 'if' expression
    [36m| [0m
    [36m| [0m  /* 8.503 */                if(e is AssertException) {[0m
    [36m| [0m [33m_[0m[33m____________________________________________________^[0m
    [36m| [0m[33m|[0m /* 8.504 */                    throw e[0m
    [36m| [0m[33m|[0m /* 8.505 */                }[0m
    [36m| [0m[33m|[0m[33m_[0m[33m___________________________^ unreachable block in 'if' expression[0m
    [36m| [0m
    [36m#[0m [0mnote[0m: this warning can be suppressed by setting the compiler option `-Woff unused`
[34mnote[0m: the warning occurs after the macro is expanded
   [36m==>[0m /home/elliot/playground/Wirestack-pr-worktrees/M8-004-publication/src/net/dns_wire_test.cj:8:1:
    [36m| [0m
[36m8[0m   [36m| [0m  @Test[0m
    [36m| [0m [34m_[0m[34m^[0m
[36m9[0m   [36m| [0m[34m|[0m class DnsWireParserTest {[0m
    [36m| [0m[34m|[0m ...[0m
[36m305[0m [36m| [0m[34m|[0m }[0m
    [36m| [0m[34m|[0m[34m_[0m[34m^[0m
    [36m| [0m

[33mwarning[0m: unreachable block in 'if' expression
    [36m| [0m
    [36m| [0m  /* 8.506 */                if(e is AssertIntermediateException) {[0m
    [36m| [0m [33m_[0m[33m________________________________________________________________^[0m
    [36m| [0m[33m|[0m /* 8.507 */                    throw e[0m
    [36m| [0m[33m|[0m /* 8.508 */                }[0m
    [36m| [0m[33m|[0m[33m_[0m[33m___________________________^ unreachable block in 'if' expression[0m
    [36m| [0m
    [36m#[0m [0mnote[0m: this warning can be suppressed by setting the compiler option `-Woff unused`
[34mnote[0m: the warning occurs after the macro is expanded
   [36m==>[0m /home/elliot/playground/Wirestack-pr-worktrees/M8-004-publication/src/net/dns_wire_test.cj:8:1:
    [36m| [0m
[36m8[0m   [36m| [0m  @Test[0m
    [36m| [0m [34m_[0m[34m^[0m
[36m9[0m   [36m| [0m[34m|[0m class DnsWireParserTest {[0m
    [36m| [0m[34m|[0m ...[0m
[36m305[0m [36m| [0m[34m|[0m }[0m
    [36m| [0m[34m|[0m[34m_[0m[34m^[0m
    [36m| [0m

[33mwarning[0m: unreachable block in 'if' expression
    [36m| [0m
    [36m| [0m  /* 8.509 */                if(e is UnittestTimeoutException) {[0m
    [36m| [0m [33m_[0m[33m_____________________________________________________________^[0m
    [36m| [0m[33m|[0m /* 8.510 */                    throw e[0m
    [36m| [0m[33m|[0m /* 8.511 */                }[0m
    [36m| [0m[33m|[0m[33m_[0m[33m___________________________^ unreachable block in 'if' expression[0m
    [36m| [0m
    [36m#[0m [0mnote[0m: this warning can be suppressed by setting the compiler option `-Woff unused`
[34mnote[0m: the warning occurs after the macro is expanded
   [36m==>[0m /home/elliot/playground/Wirestack-pr-worktrees/M8-004-publication/src/net/dns_wire_test.cj:8:1:
    [36m| [0m
[36m8[0m   [36m| [0m  @Test[0m
    [36m| [0m [34m_[0m[34m^[0m
[36m9[0m   [36m| [0m[34m|[0m class DnsWireParserTest {[0m
    [36m| [0m[34m|[0m ...[0m
[36m305[0m [36m| [0m[34m|[0m }[0m
    [36m| [0m[34m|[0m[34m_[0m[34m^[0m
    [36m| [0m

[33mwarning[0m: unreachable block in 'if' expression
    [36m| [0m
    [36m| [0m  /* 8.533 */                    if(e is AssertException) {[0m
    [36m| [0m [33m_[0m[33m________________________________________________________^[0m
    [36m| [0m[33m|[0m /* 8.534 */                        throw e[0m
    [36m| [0m[33m|[0m /* 8.535 */                    }[0m
    [36m| [0m[33m|[0m[33m_[0m[33m_______________________________^ unreachable block in 'if' expression[0m
    [36m| [0m
    [36m#[0m [0mnote[0m: this warning can be suppressed by setting the compiler option `-Woff unused`
[34mnote[0m: the warning occurs after the macro is expanded
   [36m==>[0m /home/elliot/playground/Wirestack-pr-worktrees/M8-004-publication/src/net/dns_wire_test.cj:8:1:
    [36m| [0m
[36m8[0m   [36m| [0m  @Test[0m
    [36m| [0m [34m_[0m[34m^[0m
[36m9[0m   [36m| [0m[34m|[0m class DnsWireParserTest {[0m
    [36m| [0m[34m|[0m ...[0m
[36m305[0m [36m| [0m[34m|[0m }[0m
    [36m| [0m[34m|[0m[34m_[0m[34m^[0m
    [36m| [0m

[33mwarning[0m: unreachable block in 'if' expression
    [36m| [0m
    [36m| [0m  /* 8.536 */                    if(e is AssertIntermediateException) {[0m
    [36m| [0m [33m_[0m[33m____________________________________________________________________^[0m
    [36m| [0m[33m|[0m /* 8.537 */                        throw e[0m
    [36m| [0m[33m|[0m /* 8.538 */                    }[0m
    [36m| [0m[33m|[0m[33m_[0m[33m_______________________________^ unreachable block in 'if' expression[0m
    [36m| [0m
    [36m#[0m [0mnote[0m: this warning can be suppressed by setting the compiler option `-Woff unused`
[34mnote[0m: the warning occurs after the macro is expanded
   [36m==>[0m /home/elliot/playground/Wirestack-pr-worktrees/M8-004-publication/src/net/dns_wire_test.cj:8:1:
    [36m| [0m
[36m8[0m   [36m| [0m  @Test[0m
    [36m| [0m [34m_[0m[34m^[0m
[36m9[0m   [36m| [0m[34m|[0m class DnsWireParserTest {[0m
    [36m| [0m[34m|[0m ...[0m
[36m305[0m [36m| [0m[34m|[0m }[0m
    [36m| [0m[34m|[0m[34m_[0m[34m^[0m
    [36m| [0m

[33mwarning[0m: unreachable block in 'if' expression
    [36m| [0m
    [36m| [0m  /* 8.539 */                    if(e is UnittestTimeoutException) {[0m
    [36m| [0m [33m_[0m[33m_________________________________________________________________^[0m
    [36m| [0m[33m|[0m /* 8.540 */                        throw e[0m
    [36m| [0m[33m|[0m /* 8.541 */                    }[0m
    [36m| [0m[33m|[0m[33m_[0m[33m_______________________________^ unreachable block in 'if' expression[0m
    [36m| [0m
    [36m#[0m [0mnote[0m: this warning can be suppressed by setting the compiler option `-Woff unused`
[34mnote[0m: the warning occurs after the macro is expanded
   [36m==>[0m /home/elliot/playground/Wirestack-pr-worktrees/M8-004-publication/src/net/dns_wire_test.cj:8:1:
    [36m| [0m
[36m8[0m   [36m| [0m  @Test[0m
    [36m| [0m [34m_[0m[34m^[0m
[36m9[0m   [36m| [0m[34m|[0m class DnsWireParserTest {[0m
    [36m| [0m[34m|[0m ...[0m
[36m305[0m [36m| [0m[34m|[0m }[0m
    [36m| [0m[34m|[0m[34m_[0m[34m^[0m
    [36m| [0m

[33mwarning[0m: unreachable block in 'if' expression
    [36m| [0m
    [36m| [0m  /* 8.564 */                if(e is AssertException) {[0m
    [36m| [0m [33m_[0m[33m____________________________________________________^[0m
    [36m| [0m[33m|[0m /* 8.565 */                    throw e[0m
    [36m| [0m[33m|[0m /* 8.566 */                }[0m
    [36m| [0m[33m|[0m[33m_[0m[33m___________________________^ unreachable block in 'if' expression[0m
    [36m| [0m
    [36m#[0m [0mnote[0m: this warning can be suppressed by setting the compiler option `-Woff unused`
[34mnote[0m: the warning occurs after the macro is expanded
   [36m==>[0m /home/elliot/playground/Wirestack-pr-worktrees/M8-004-publication/src/net/dns_wire_test.cj:8:1:
    [36m| [0m
[36m8[0m   [36m| [0m  @Test[0m
    [36m| [0m [34m_[0m[34m^[0m
[36m9[0m   [36m| [0m[34m|[0m class DnsWireParserTest {[0m
    [36m| [0m[34m|[0m ...[0m
[36m305[0m [36m| [0m[34m|[0m }[0m
    [36m| [0m[34m|[0m[34m_[0m[34m^[0m
    [36m| [0m

[33mwarning[0m: unreachable block in 'if' expression
    [36m| [0m
    [36m| [0m  /* 8.567 */                if(e is AssertIntermediateException) {[0m
    [36m| [0m [33m_[0m[33m________________________________________________________________^[0m
    [36m| [0m[33m|[0m /* 8.568 */                    throw e[0m
    [36m| [0m[33m|[0m /* 8.569 */                }[0m
    [36m| [0m[33m|[0m[33m_[0m[33m___________________________^ unreachable block in 'if' expression[0m
    [36m| [0m
    [36m#[0m [0mnote[0m: this warning can be suppressed by setting the compiler option `-Woff unused`
[34mnote[0m: the warning occurs after the macro is expanded
   [36m==>[0m /home/elliot/playground/Wirestack-pr-worktrees/M8-004-publication/src/net/dns_wire_test.cj:8:1:
    [36m| [0m
[36m8[0m   [36m| [0m  @Test[0m
    [36m| [0m [34m_[0m[34m^[0m
[36m9[0m   [36m| [0m[34m|[0m class DnsWireParserTest {[0m
    [36m| [0m[34m|[0m ...[0m
[36m305[0m [36m| [0m[34m|[0m }[0m
    [36m| [0m[34m|[0m[34m_[0m[34m^[0m
    [36m| [0m

[33mwarning[0m: unreachable block in 'if' expression
    [36m| [0m
    [36m| [0m  /* 8.570 */                if(e is UnittestTimeoutException) {[0m
    [36m| [0m [33m_[0m[33m_____________________________________________________________^[0m
    [36m| [0m[33m|[0m /* 8.571 */                    throw e[0m
    [36m| [0m[33m|[0m /* 8.572 */                }[0m
    [36m| [0m[33m|[0m[33m_[0m[33m___________________________^ unreachable block in 'if' expression[0m
    [36m| [0m
    [36m#[0m [0mnote[0m: this warning can be suppressed by setting the compiler option `-Woff unused`
[34mnote[0m: the warning occurs after the macro is expanded
   [36m==>[0m /home/elliot/playground/Wirestack-pr-worktrees/M8-004-publication/src/net/dns_wire_test.cj:8:1:
    [36m| [0m
[36m8[0m   [36m| [0m  @Test[0m
    [36m| [0m [34m_[0m[34m^[0m
[36m9[0m   [36m| [0m[34m|[0m class DnsWireParserTest {[0m
    [36m| [0m[34m|[0m ...[0m
[36m305[0m [36m| [0m[34m|[0m }[0m
    [36m| [0m[34m|[0m[34m_[0m[34m^[0m
    [36m| [0m

[33mwarning[0m: unreachable pattern
   [36m==>[0m /home/elliot/playground/Wirestack-pr-worktrees/M8-004-publication/src/net/dns_resolver_test.cj:582:22:
    [36m| [0m
[36m582[0m [36m| [0m                case None => ()[0m
    [36m| [0m                     [33m^ [0m
    [36m| [0m
    [36m#[0m [0mnote[0m: this warning can be suppressed by setting the compiler option `-Woff unused`
[34mnote[0m: the warning occurs after the macro is expanded
   [36m==>[0m /home/elliot/playground/Wirestack-pr-worktrees/M8-004-publication/src/net/dns_resolver_test.cj:156:1:
    [36m| [0m
[36m156[0m [36m| [0m  @Test[0m
    [36m| [0m [34m_[0m[34m^[0m
[36m157[0m [36m| [0m[34m|[0m class DnsResolverPolicyTest {[0m
    [36m| [0m[34m|[0m ...[0m
[36m627[0m [36m| [0m[34m|[0m }[0m
    [36m| [0m[34m|[0m[34m_[0m[34m^[0m
    [36m| [0m
[34mnote[0m: which is expanded as follows
    [36m| [0m
    [36m| [0m/* 156.318 */            case None =>()[0m
    [36m| [0m                              [34m^^^^ [0m
    [36m| [0m

[33mwarning[0m: unreachable block in 'if' expression
    [36m| [0m
    [36m| [0m  /* 8.591 */                if(e is AssertException) {[0m
    [36m| [0m [33m_[0m[33m____________________________________________________^[0m
    [36m| [0m[33m|[0m /* 8.592 */                    throw e[0m
    [36m| [0m[33m|[0m /* 8.593 */                }[0m
    [36m| [0m[33m|[0m[33m_[0m[33m___________________________^ unreachable block in 'if' expression[0m
    [36m| [0m
    [36m#[0m [0mnote[0m: this warning can be suppressed by setting the compiler option `-Woff unused`
[34mnote[0m: the warning occurs after the macro is expanded
   [36m==>[0m /home/elliot/playground/Wirestack-pr-worktrees/M8-004-publication/src/net/dns_wire_test.cj:8:1:
    [36m| [0m
[36m8[0m   [36m| [0m  @Test[0m
    [36m| [0m [34m_[0m[34m^[0m
[36m9[0m   [36m| [0m[34m|[0m class DnsWireParserTest {[0m
    [36m| [0m[34m|[0m ...[0m
[36m305[0m [36m| [0m[34m|[0m }[0m
    [36m| [0m[34m|[0m[34m_[0m[34m^[0m
    [36m| [0m

[33mwarning[0m: unreachable block in 'if' expression
    [36m| [0m
    [36m| [0m  /* 8.594 */                if(e is AssertIntermediateException) {[0m
    [36m| [0m [33m_[0m[33m________________________________________________________________^[0m
    [36m| [0m[33m|[0m /* 8.595 */                    throw e[0m
    [36m| [0m[33m|[0m /* 8.596 */                }[0m
    [36m| [0m[33m|[0m[33m_[0m[33m___________________________^ unreachable block in 'if' expression[0m
    [36m| [0m
    [36m#[0m [0mnote[0m: this warning can be suppressed by setting the compiler option `-Woff unused`
[34mnote[0m: the warning occurs after the macro is expanded
   [36m==>[0m /home/elliot/playground/Wirestack-pr-worktrees/M8-004-publication/src/net/dns_wire_test.cj:8:1:
    [36m| [0m
[36m8[0m   [36m| [0m  @Test[0m
    [36m| [0m [34m_[0m[34m^[0m
[36m9[0m   [36m| [0m[34m|[0m class DnsWireParserTest {[0m
    [36m| [0m[34m|[0m ...[0m
[36m305[0m [36m| [0m[34m|[0m }[0m
    [36m| [0m[34m|[0m[34m_[0m[34m^[0m
    [36m| [0m

[33mwarning[0m: unreachable block in 'if' expression
    [36m| [0m
    [36m| [0m  /* 8.597 */                if(e is UnittestTimeoutException) {[0m
    [36m| [0m [33m_[0m[33m_____________________________________________________________^[0m
    [36m| [0m[33m|[0m /* 8.598 */                    throw e[0m
    [36m| [0m[33m|[0m /* 8.599 */                }[0m
    [36m| [0m[33m|[0m[33m_[0m[33m___________________________^ unreachable block in 'if' expression[0m
    [36m| [0m
    [36m#[0m [0mnote[0m: this warning can be suppressed by setting the compiler option `-Woff unused`
[34mnote[0m: the warning occurs after the macro is expanded
   [36m==>[0m /home/elliot/playground/Wirestack-pr-worktrees/M8-004-publication/src/net/dns_wire_test.cj:8:1:
    [36m| [0m
[36m8[0m   [36m| [0m  @Test[0m
    [36m| [0m [34m_[0m[34m^[0m
[36m9[0m   [36m| [0m[34m|[0m class DnsWireParserTest {[0m
    [36m| [0m[34m|[0m ...[0m
[36m305[0m [36m| [0m[34m|[0m }[0m
    [36m| [0m[34m|[0m[34m_[0m[34m^[0m
    [36m| [0m

[33mwarning[0m: unreachable block in 'if' expression
    [36m| [0m
    [36m| [0m  /* 8.621 */                if(e is AssertException) {[0m
    [36m| [0m [33m_[0m[33m____________________________________________________^[0m
    [36m| [0m[33m|[0m /* 8.622 */                    throw e[0m
    [36m| [0m[33m|[0m /* 8.623 */                }[0m
    [36m| [0m[33m|[0m[33m_[0m[33m___________________________^ unreachable block in 'if' expression[0m
    [36m| [0m
    [36m#[0m [0mnote[0m: this warning can be suppressed by setting the compiler option `-Woff unused`
[34mnote[0m: the warning occurs after the macro is expanded
   [36m==>[0m /home/elliot/playground/Wirestack-pr-worktrees/M8-004-publication/src/net/dns_wire_test.cj:8:1:
    [36m| [0m
[36m8[0m   [36m| [0m  @Test[0m
    [36m| [0m [34m_[0m[34m^[0m
[36m9[0m   [36m| [0m[34m|[0m class DnsWireParserTest {[0m
    [36m| [0m[34m|[0m ...[0m
[36m305[0m [36m| [0m[34m|[0m }[0m
    [36m| [0m[34m|[0m[34m_[0m[34m^[0m
    [36m| [0m

[33mwarning[0m: unreachable block in 'if' expression
    [36m| [0m
    [36m| [0m  /* 8.624 */                if(e is AssertIntermediateException) {[0m
    [36m| [0m [33m_[0m[33m________________________________________________________________^[0m
    [36m| [0m[33m|[0m /* 8.625 */                    throw e[0m
    [36m| [0m[33m|[0m /* 8.626 */                }[0m
    [36m| [0m[33m|[0m[33m_[0m[33m___________________________^ unreachable block in 'if' expression[0m
    [36m| [0m
    [36m#[0m [0mnote[0m: this warning can be suppressed by setting the compiler option `-Woff unused`
[34mnote[0m: the warning occurs after the macro is expanded
   [36m==>[0m /home/elliot/playground/Wirestack-pr-worktrees/M8-004-publication/src/net/dns_wire_test.cj:8:1:
    [36m| [0m
[36m8[0m   [36m| [0m  @Test[0m
    [36m| [0m [34m_[0m[34m^[0m
[36m9[0m   [36m| [0m[34m|[0m class DnsWireParserTest {[0m
    [36m| [0m[34m|[0m ...[0m
[36m305[0m [36m| [0m[34m|[0m }[0m
    [36m| [0m[34m|[0m[34m_[0m[34m^[0m
    [36m| [0m

[33mwarning[0m: unreachable block in 'if' expression
    [36m| [0m
    [36m| [0m  /* 8.627 */                if(e is UnittestTimeoutException) {[0m
    [36m| [0m [33m_[0m[33m_____________________________________________________________^[0m
    [36m| [0m[33m|[0m /* 8.628 */                    throw e[0m
    [36m| [0m[33m|[0m /* 8.629 */                }[0m
    [36m| [0m[33m|[0m[33m_[0m[33m___________________________^ unreachable block in 'if' expression[0m
    [36m| [0m
    [36m#[0m [0mnote[0m: this warning can be suppressed by setting the compiler option `-Woff unused`
[34mnote[0m: the warning occurs after the macro is expanded
   [36m==>[0m /home/elliot/playground/Wirestack-pr-worktrees/M8-004-publication/src/net/dns_wire_test.cj:8:1:
    [36m| [0m
[36m8[0m   [36m| [0m  @Test[0m
    [36m| [0m [34m_[0m[34m^[0m
[36m9[0m   [36m| [0m[34m|[0m class DnsWireParserTest {[0m
    [36m| [0m[34m|[0m ...[0m
[36m305[0m [36m| [0m[34m|[0m }[0m
    [36m| [0m[34m|[0m[34m_[0m[34m^[0m
    [36m| [0m

[33mwarning[0m: unreachable block in 'if' expression
    [36m| [0m
    [36m| [0m  /* 8.702 */                if(e is AssertException) {[0m
    [36m| [0m [33m_[0m[33m____________________________________________________^[0m
    [36m| [0m[33m|[0m /* 8.703 */                    throw e[0m
    [36m| [0m[33m|[0m /* 8.704 */                }[0m
    [36m| [0m[33m|[0m[33m_[0m[33m___________________________^ unreachable block in 'if' expression[0m
    [36m| [0m
    [36m#[0m [0mnote[0m: this warning can be suppressed by setting the compiler option `-Woff unused`
[34mnote[0m: the warning occurs after the macro is expanded
   [36m==>[0m /home/elliot/playground/Wirestack-pr-worktrees/M8-004-publication/src/net/dns_wire_test.cj:8:1:
    [36m| [0m
[36m8[0m   [36m| [0m  @Test[0m
    [36m| [0m [34m_[0m[34m^[0m
[36m9[0m   [36m| [0m[34m|[0m class DnsWireParserTest {[0m
    [36m| [0m[34m|[0m ...[0m
[36m305[0m [36m| [0m[34m|[0m }[0m
    [36m| [0m[34m|[0m[34m_[0m[34m^[0m
    [36m| [0m

[33mwarning[0m: unreachable block in 'if' expression
    [36m| [0m
    [36m| [0m  /* 8.705 */                if(e is AssertIntermediateException) {[0m
    [36m| [0m [33m_[0m[33m________________________________________________________________^[0m
    [36m| [0m[33m|[0m /* 8.706 */                    throw e[0m
    [36m| [0m[33m|[0m /* 8.707 */                }[0m
    [36m| [0m[33m|[0m[33m_[0m[33m___________________________^ unreachable block in 'if' expression[0m
    [36m| [0m
    [36m#[0m [0mnote[0m: this warning can be suppressed by setting the compiler option `-Woff unused`
[34mnote[0m: the warning occurs after the macro is expanded
   [36m==>[0m /home/elliot/playground/Wirestack-pr-worktrees/M8-004-publication/src/net/dns_wire_test.cj:8:1:
    [36m| [0m
[36m8[0m   [36m| [0m  @Test[0m
    [36m| [0m [34m_[0m[34m^[0m
[36m9[0m   [36m| [0m[34m|[0m class DnsWireParserTest {[0m
    [36m| [0m[34m|[0m ...[0m
[36m305[0m [36m| [0m[34m|[0m }[0m
    [36m| [0m[34m|[0m[34m_[0m[34m^[0m
    [36m| [0m

[33mwarning[0m: unreachable block in 'if' expression
    [36m| [0m
    [36m| [0m  /* 8.708 */                if(e is UnittestTimeoutException) {[0m
    [36m| [0m [33m_[0m[33m_____________________________________________________________^[0m
    [36m| [0m[33m|[0m /* 8.709 */                    throw e[0m
    [36m| [0m[33m|[0m /* 8.710 */                }[0m
    [36m| [0m[33m|[0m[33m_[0m[33m___________________________^ unreachable block in 'if' expression[0m
    [36m| [0m
    [36m#[0m [0mnote[0m: this warning can be suppressed by setting the compiler option `-Woff unused`
[34mnote[0m: the warning occurs after the macro is expanded
   [36m==>[0m /home/elliot/playground/Wirestack-pr-worktrees/M8-004-publication/src/net/dns_wire_test.cj:8:1:
    [36m| [0m
[36m8[0m   [36m| [0m  @Test[0m
    [36m| [0m [34m_[0m[34m^[0m
[36m9[0m   [36m| [0m[34m|[0m class DnsWireParserTest {[0m
    [36m| [0m[34m|[0m ...[0m
[36m305[0m [36m| [0m[34m|[0m }[0m
    [36m| [0m[34m|[0m[34m_[0m[34m^[0m
    [36m| [0m

60 warnings generated, 60 warnings printed.
