[33mwarning[0m: unused expression
  [36m==>[0m /home/elliot/playground/Wirestack-pr-worktrees/M8-004-publication/src/net/dns_wire_test.cj:99:13:
   [36m| [0m
[36m99[0m [36m| [0m            DnsMessageSummary(1u16, 0, false, questionCount: 65536, questions: questions)[0m
   [36m| [0m            [33m^ unused expression[0m
   [36m| [0m
   [36m#[0m [0mnote[0m: this warning can be suppressed by setting the compiler option `-Woff unused`
[34mnote[0m: the warning occurs after the macro is expanded
   [36m==>[0m /home/elliot/playground/Wirestack-pr-worktrees/M8-004-publication/src/net/dns_wire_test.cj:8:1:
    [36m| [0m
[36m8[0m   [36m| [0m  @Test[0m
    [36m| [0m [34m_[0m[34m^[0m
[36m9[0m   [36m| [0m[34m|[0m class DnsWireParserTest {[0m
    [36m| [0m[34m|[0m ...[0m
[36m305[0m [36m| [0m[34m|[0m }[0m
    [36m| [0m[34m|[0m[34m_[0m[34m^[0m
    [36m| [0m
[34mnote[0m: the code after the macro is expanded as follows
    [36m| [0m
    [36m| [0m  /* 8.1 */@Attribute[TEST_GENERATED] class DnsWireParserTest <: TestClass {[0m
    [36m| [0m [34m_[0m[34m^[0m
    [36m| [0m[34m|[0m /* 8.2 */    @Attribute[TestCase_41][0m
    [36m| [0m[34m|[0m /* 8.3 */    func decodesCompressedTargetsBinaryTxtSoaAndUnknownData(): Unit {[0m
    [36m| [0m[34m|[0m /* 8.4 */        let message = dnsTestHeader(0x1234u16, 0x8180u16, 1, 7, 0, 0)[0m
    [36m| [0m[34m|[0m /* 8.5 */        dnsTestAppendQuestion(message, "Example.COM", 1)[0m
    [36m| [0m[34m|[0m /* 8.6 */        dnsTestAppendRecord(message,[0xC0u8, 0x0Cu8], 5,[0xC0u8, 0x0Cu8])[0m
    [36m| [0m[34m|[0m /* 8.7 */        dnsTestAppendRecord(message,[0xC0u8, 0x0Cu8], 12,[0xC0u8, 0x0Cu8])[0m
    [36m| [0m[34m|[0m /* 8.8 */        dnsTestAppendRecord(message,[0xC0u8, 0x0Cu8], 15,[0u8, 10u8, 0xC0u8, 0x0Cu8])[0m
    [36m| [0m[34m|[0m /* 8.9 */        let srv = ArrayList < Byte >()[0m
    [36m| [0m[34m|[0m /* 8.10 */        for(value in[0u8, 1u8, 0u8, 2u8, 1u8, 187u8]) {[0m
    [36m| [0m[34m|[0m /* 8.11 */            srv.add(value)[0m
    [36m| [0m[34m|[0m /* 8.12 */        }[0m
    [36m| [0m[34m|[0m /* 8.13 */        dnsTestAppendName(srv, "Target.Example")[0m
    [36m| [0m[34m|[0m /* 8.14 */        dnsTestAppendRecord(message,[0xC0u8, 0x0Cu8], 33, srv.toArray())[0m
    [36m| [0m[34m|[0m /* 8.15 */        dnsTestAppendRecord(message,[0xC0u8, 0x0Cu8], 16,[3u8, 0u8, 255u8, 65u8, 0u8])[0m
    [36m| [0m[34m|[0m /* 8.16 */        let soa = ArrayList < Byte >()[0m
    [36m| [0m[34m|[0m /* 8.17 */        soa.add(0xC0u8)[0m
    [36m| [0m[34m|[0m /* 8.18 */        soa.add(0x0Cu8)[0m
    [36m| [0m[34m|[0m /* 8.19 */        soa.add(0xC0u8)[0m
    [36m| [0m[34m|[0m /* 8.20 */        soa.add(0x0Cu8)[0m
    [36m| [0m[34m|[0m /* 8.21 */        for(value in[1u32, 2u32, 3u32, 4u32, 30u32]) {[0m
    [36m| [0m[34m|[0m /* 8.22 */            dnsTestAppendU32(soa, value)[0m
    [36m| [0m[34m|[0m /* 8.23 */        }[0m
    [36m| [0m[34m|[0m /* 8.24 */        dnsTestAppendRecord(message,[0xC0u8, 0x0Cu8], 6, soa.toArray())[0m
    [36m| [0m[34m|[0m /* 8.25 */        dnsTestAppendRecord(message,[0xC0u8, 0x0Cu8], 65280,[0xDEu8, 0xADu8])[0m
    [36m| [0m[34m|[0m /* 8.26 */        let summary = DnsMessageParser().parse(message.toArray())[0m
    [36m| [0m[34m|[0m /* 8.27 */        expectEqual("summary.transactionId", "0x1234u16", summary.transactionId, 0x1234u16, isDelta: false)[0m
    [36m| [0m[34m|[0m /* 8.28 */        expectEqual("summary.isResponse", "true", summary.isResponse, true, isDelta: false)[0m
    [36m| [0m[34m|[0m /* 8.29 */        expectEqual("summary.opcode", "0", summary.opcode, 0, isDelta: false)[0m
    [36m| [0m[34m|[0m /* 8.30 */        expectEqual("summary.questions[0].name", "\"example.com\"", summary.questions[0].name, "example.com", isDelta: false)[0m
    [36m| [0m[34m|[0m /* 8.31 */        expectEqual("summary.records.size", "7", summary.records.size, 7, isDelta: false)[0m
    [36m| [0m[34m|[0m /* 8.32 */        expectEqual("dnsTestTarget(summary.records[0])", "\"example.com\"", dnsTestTarget(summary.records[0]), "example.com", isDelta: false)[0m
    [36m| [0m[34m|[0m /* 8.33 */        expectEqual("dnsTestTarget(summary.records[1])", "\"example.com\"", dnsTestTarget(summary.records[1]), "example.com", isDelta: false)[0m
    [36m| [0m[34m|[0m /* 8.34 */        expectEqual("dnsTestTarget(summary.records[2])", "\"example.com\"", dnsTestTarget(summary.records[2]), "example.com", isDelta: false)[0m
    [36m| [0m[34m|[0m /* 8.35 */        expectEqual("dnsTestTarget(summary.records[3])", "\"target.example\"", dnsTestTarget(summary.records[3]), "target.example", isDelta: false)[0m
    [36m| [0m[34m|[0m /* 8.36 */        expectEqual("summary.records[4].data()", "[3u8, 0u8, 255u8, 65u8, 0u8]", summary.records[4].data(),[3u8, 0u8, 255u8, 65u8, 0u8], isDelta: false)[0m
    [36m| [0m[34m|[0m /* 8.37 */        match(summary.records[5].soaMinimum) {[0m
    [36m| [0m[34m|[0m /* 8.38 */            case Some(value) => expectEqual("value", "30u32", value, 30u32, isDelta: false)[0m
    [36m| [0m[34m|[0m /* 8.39 */            case None => fail("SOA minimum was not decoded")[0m
    [36m| [0m[34m|[0m /* 8.40 */        }[0m
    [36m| [0m[34m|[0m /* 8.41 */        match(summary.records[6].recordType) {[0m
    [36m| [0m[34m|[0m /* 8.42 */            case DnsRecordType.Unknown(value) => expectEqual("value", "65280", value, 65280, isDelta: false)[0m
    [36m| [0m[34m|[0m /* 8.43 */            case _ => fail("unknown record type was not preserved")[0m
    [36m| [0m[34m|[0m /* 8.44 */        }[0m
    [36m| [0m[34m|[0m /* 8.45 */        expectEqual("summary.records[6].data()", "[0xDEu8, 0xADu8]", summary.records[6].data(),[0xDEu8, 0xADu8], isDelta: false)[0m
    [36m| [0m[34m|[0m /* 8.46 */    }[0m
    [36m| [0m[34m|[0m /* 8.47 */    [0m
    [36m| [0m[34m|[0m /* 8.48 */    @Attribute[TestCase_42][0m
    [36m| [0m[34m|[0m /* 8.49 */    func recordOrderMakesAnswerAuthorityAndAdditionalBoundariesExplicit(): Unit {[0m
    [36m| [0m[34m|[0m /* 8.50 */        let message = dnsTestHeader(7u16, 0x8180u16, 1, 1, 1, 1)[0m
    [36m| [0m[34m|[0m /* 8.51 */        dnsTestAppendQuestion(message, "ordered.example", 1)[0m
    [36m| [0m[34m|[0m /* 8.52 */        dnsTestAppendRecord(message,[0xC0u8, 0x0Cu8], 1,[1u8, 1u8, 1u8, 1u8])[0m
    [36m| [0m[34m|[0m /* 8.53 */        dnsTestAppendRecord(message,[0xC0u8, 0x0Cu8], 1,[2u8, 2u8, 2u8, 2u8])[0m
    [36m| [0m[34m|[0m /* 8.54 */        dnsTestAppendRecord(message,[0xC0u8, 0x0Cu8], 1,[3u8, 3u8, 3u8, 3u8])[0m
    [36m| [0m[34m|[0m /* 8.55 */        let summary = DnsMessageParser().parse(message.toArray())[0m
    [36m| [0m[34m|[0m /* 8.56 */        expectEqual("summary.answerCount", "1", summary.answerCount, 1, isDelta: false)[0m
    [36m| [0m[34m|[0m /* 8.57 */        expectEqual("summary.authorityCount", "1", summary.authorityCount, 1, isDelta: false)[0m
    [36m| [0m[34m|[0m /* 8.58 */        expectEqual("summary.additionalCount", "1", summary.additionalCount, 1, isDelta: false)[0m
    [36m| [0m[34m|[0m /* 8.59 */        expectEqual("summary.records[0].data()", "[1u8, 1u8, 1u8, 1u8]", summary.records[0].data(),[1u8, 1u8, 1u8, 1u8], isDelta: false)[0m
    [36m| [0m[34m|[0m /* 8.60 */        expectEqual("summary.records[summary.answerCount].data()", "[2u8, 2u8, 2u8, 2u8]", summary.records[summary.answerCount].data(),[2u8, 2u8, 2u8, 2u8], isDelta: false)[0m
    [36m| [0m[34m|[0m /* 8.61 */        expectEqual("summary.records[summary.answerCount + summary.authorityCount].data()", "[3u8, 3u8, 3u8, 3u8]", summary.records[summary.answerCount + summary.authorityCount].data(),[3u8, 3u8, 3u8, 3u8], isDelta: false)[0m
    [36m| [0m[34m|[0m /* 8.62 */    }[0m
    [36m| [0m[34m|[0m /* 8.63 */    [0m
    [36m| [0m[34m|[0m /* 8.64 */    @Attribute[TestCase_43][0m
    [36m| [0m[34m|[0m /* 8.65 */    func summariesAndRecordsOwnParserAndConstructorInputs(): Unit {[0m
    [36m| [0m[34m|[0m /* 8.66 */        let message = dnsTestHeader(9u16, 0x8180u16, 1, 1, 0, 0)[0m
    [36m| [0m[34m|[0m /* 8.67 */        dnsTestAppendQuestion(message, "owned.example", 1)[0m
    [36m| [0m[34m|[0m /* 8.68 */        dnsTestAppendRecord(message,[0xC0u8, 0x0Cu8], 1,[10u8, 20u8, 30u8, 40u8])[0m
    [36m| [0m[34m|[0m /* 8.69 */        let wire = message.toArray()[0m
    [36m| [0m[34m|[0m /* 8.70 */        let summary = DnsMessageParser().parse(wire)[0m
    [36m| [0m[34m|[0m /* 8.71 */        wire[wire.size - 1] = 99u8[0m
    [36m| [0m[34m|[0m /* 8.72 */        let returnedData = summary.records[0].data()[0m
    [36m| [0m[34m|[0m /* 8.73 */        returnedData[0] = 99u8[0m
    [36m| [0m[34m|[0m /* 8.74 */        let supplied =[summary.records[0]][0m
    [36m| [0m[34m|[0m /* 8.75 */        let constructed = DnsMessageSummary(9u16, 1, false, records: supplied)[0m
    [36m| [0m[34m|[0m /* 8.76 */        supplied[0] = DnsRecord("changed.example", DnsRecordType.A, 1u16, 0u32,[9u8, 9u8, 9u8, 9u8])[0m
    [36m| [0m[34m|[0m /* 8.77 */        expectEqual("summary.records[0].name", "\"owned.example\"", summary.records[0].name, "owned.example", isDelta: false)[0m
    [36m| [0m[34m|[0m /* 8.78 */        expectEqual("summary.records[0].data()", "[10u8, 20u8, 30u8, 40u8]", summary.records[0].data(),[10u8, 20u8, 30u8, 40u8], isDelta: false)[0m
    [36m| [0m[34m|[0m /* 8.79 */        expectEqual("constructed.records[0].name", "\"owned.example\"", constructed.records[0].name, "owned.example", isDelta: false)[0m
    [36m| [0m[34m|[0m /* 8.80 */    }[0m
    [36m| [0m[34m|[0m /* 8.81 */    [0m
    [36m| [0m[34m|[0m /* 8.82 */    @Attribute[TestCase_44][0m
    [36m| [0m[34m|[0m /* 8.83 */    func publicSummaryRejectsCountsBeyondWireAndCombinedRecordBounds(): Unit {[0m
    [36m| [0m[34m|[0m /* 8.84 */        let wire = dnsTestHeader(1u16, 0x8180u16, 1, 1, 0, 0)[0m
    [36m| [0m[34m|[0m /* 8.85 */        dnsTestAppendQuestion(wire, "limit.test", 1)[0m
    [36m| [0m[34m|[0m /* 8.86 */        dnsTestAppendRecord(wire,[0xC0u8, 0x0Cu8], 1,[127u8, 0u8, 0u8, 1u8])[0m
    [36m| [0m[34m|[0m /* 8.87 */        let parsed = DnsMessageParser().parse(wire.toArray())[0m
    [36m| [0m[34m|[0m /* 8.88 */        let questions = Array < DnsQuestion >(65536, repeat: parsed.questions[0])[0m
    [36m| [0m[34m|[0m /* 8.89 */        let records = Array < DnsRecord >(65536, repeat: parsed.records[0])[0m
    [36m| [0m[34m|[0m /* 8.90 */        try {[0m
    [36m| [0m[34m|[0m /* 8.91 */            try {[0m
    [36m| [0m[34m|[0m /* 8.92 */                assertEqual("true", "true", true, true)[0m
    [36m| [0m[34m|[0m /* 8.93 */                DnsMessageSummary(1u16, 0, false, questionCount: 65536, questions: questions)[0m
    [36m| [0m[34m|[0m /* 8.94 */                fail("@AssertThrows: Expected 'IllegalArgumentException' was not caught.")[0m
    [36m| [0m[34m|[0m /* 8.95 */            } catch(e: IllegalArgumentException) {[0m
    [36m| [0m[34m|[0m /* 8.96 */                if(e is AssertException) {[0m
    [36m| [0m[34m|[0m /* 8.97 */                    throw e[0m
    [36m| [0m[34m|[0m /* 8.98 */                }[0m
    [36m| [0m[34m|[0m /* 8.99 */                if(e is AssertIntermediateException) {[0m
    [36m| [0m[34m|[0m /* 8.100 */                    throw e[0m
    [36m| [0m[34m|[0m /* 8.101 */                }[0m
    [36m| [0m[34m|[0m /* 8.102 */                if(e is UnittestTimeoutException) {[0m
    [36m| [0m[34m|[0m /* 8.103 */                    throw e[0m
    [36m| [0m[34m|[0m /* 8.104 */                }[0m
    [36m| [0m[34m|[0m /* 8.105 */                e[0m
    [36m| [0m[34m|[0m /* 8.106 */            }[0m
    [36m| [0m[34m|[0m /* 8.107 */        } catch(e: Exception) {[0m
    [36m| [0m[34m|[0m /* 8.108 */            if(e is AssertException || e is AssertIntermediateException || e is UnittestTimeoutException) {[0m
    [36m| [0m[34m|[0m /* 8.109 */                throw e[0m
    [36m| [0m[34m|[0m /* 8.110 */            }[0m
    [36m| [0m[34m|[0m /* 8.111 */            assertCaughtUnexpectedE("@AssertThrows(IllegalArgumentException)", "IllegalArgumentException", e.toString())[0m
    [36m| [0m[34m|[0m /* 8.112 */        }[0m
    [36m| [0m[34m|[0m /* 8.113 */        try {[0m
    [36m| [0m[34m|[0m /* 8.114 */            try {[0m
    [36m| [0m[34m|[0m /* 8.115 */                assertEqual("true", "true", true, true)[0m
    [36m| [0m[34m|[0m /* 8.116 */                DnsMessageSummary(1u16, 65536, false, records: records)[0m
    [36m| [0m[34m|[0m /* 8.117 */                fail("@AssertThrows: Expected 'IllegalArgumentException' was not caught.")[0m
    [36m| [0m[34m|[0m /* 8.118 */            } catch(e: IllegalArgumentException) {[0m
    [36m| [0m[34m|[0m /* 8.119 */                if(e is AssertException) {[0m
    [36m| [0m[34m|[0m /* 8.120 */                    throw e[0m
    [36m| [0m[34m|[0m /* 8.121 */                }[0m
    [36m| [0m[34m|[0m /* 8.122 */                if(e is AssertIntermediateException) {[0m
    [36m| [0m[34m|[0m /* 8.123 */                    throw e[0m
    [36m| [0m[34m|[0m /* 8.124 */                }[0m
    [36m| [0m[34m|[0m /* 8.125 */                if(e is UnittestTimeoutException) {[0m
    [36m| [0m[34m|[0m /* 8.126 */                    throw e[0m
    [36m| [0m[34m|[0m /* 8.127 */                }[0m
    [36m| [0m[34m|[0m /* 8.128 */                e[0m
    [36m| [0m[34m|[0m /* 8.129 */            }[0m
    [36m| [0m[34m|[0m /* 8.130 */        } catch(e: Exception) {[0m
    [36m| [0m[34m|[0m /* 8.131 */            if(e is AssertException || e is AssertIntermediateException || e is UnittestTimeoutException) {[0m
    [36m| [0m[34m|[0m /* 8.132 */                throw e[0m
    [36m| [0m[34m|[0m /* 8.133 */            }[0m
    [36m| [0m[34m|[0m /* 8.134 */            assertCaughtUnexpectedE("@AssertThrows(IllegalArgumentException)", "IllegalArgumentException", e.toString())[0m
    [36m| [0m[34m|[0m /* 8.135 */        }[0m
    [36m| [0m[34m|[0m /* 8.136 */        try {[0m
    [36m| [0m[34m|[0m /* 8.137 */            try {[0m
    [36m| [0m[34m|[0m /* 8.138 */                assertEqual("true", "true", true, true)[0m
    [36m| [0m[34m|[0m /* 8.139 */                DnsMessageSummary(1u16, 32768, false, authorityCount: 32768, records: records)[0m
    [36m| [0m[34m|[0m /* 8.140 */                fail("@AssertThrows: Expected 'IllegalArgumentException' was not caught.")[0m
    [36m| [0m[34m|[0m /* 8.141 */            } catch(e: IllegalArgumentException) {[0m
    [36m| [0m[34m|[0m /* 8.142 */                if(e is AssertException) {[0m
    [36m| [0m[34m|[0m /* 8.143 */                    throw e[0m
    [36m| [0m[34m|[0m /* 8.144 */                }[0m
    [36m| [0m[34m|[0m /* 8.145 */                if(e is AssertIntermediateException) {[0m
    [36m| [0m[34m|[0m /* 8.146 */                    throw e[0m
    [36m| [0m[34m|[0m /* 8.147 */                }[0m
    [36m| [0m[34m|[0m /* 8.148 */                if(e is UnittestTimeoutException) {[0m
    [36m| [0m[34m|[0m /* 8.149 */                    throw e[0m
    [36m| [0m[34m|[0m /* 8.150 */                }[0m
    [36m| [0m[34m|[0m /* 8.151 */                e[0m
    [36m| [0m[34m|[0m /* 8.152 */            }[0m
    [36m| [0m[34m|[0m /* 8.153 */        } catch(e: Exception) {[0m
    [36m| [0m[34m|[0m /* 8.154 */            if(e is AssertException || e is AssertIntermediateException || e is UnittestTimeoutException) {[0m
    [36m| [0m[34m|[0m /* 8.155 */                throw e[0m
    [36m| [0m[34m|[0m /* 8.156 */            }[0m
    [36m| [0m[34m|[0m /* 8.157 */            assertCaughtUnexpectedE("@AssertThrows(IllegalArgumentException)", "IllegalArgumentException", e.toString())[0m
    [36m| [0m[34m|[0m /* 8.158 */        }[0m
    [36m| [0m[34m|[0m /* 8.159 */        let bounded = DnsMessageSummary(1u16, 32768, false, authorityCount: 32767, records: Array < DnsRecord >(65535, repeat: parsed.records[0]))[0m
    [36m| [0m[34m|[0m /* 8.160 */        expectEqual("bounded.records[65534].data()", "[127u8, 0u8, 0u8, 1u8]", bounded.records[65534].data(),[127u8, 0u8, 0u8, 1u8], isDelta: false)[0m
    [36m| [0m[34m|[0m /* 8.161 */    }[0m
    [36m| [0m[34m|[0m /* 8.162 */    [0m
    [36m| [0m[34m|[0m /* 8.163 */    @Attribute[TestCase_45][0m
    [36m| [0m[34m|[0m /* 8.164 */    func parserPreservesQuestionIdentityAndRejectsIncompleteRecords(): Unit {[0m
    [36m| [0m[34m|[0m /* 8.165 */        let wire = dnsTestHeader(0xBEEFu16, 0x0100u16, 1, 0, 0, 0)[0m
    [36m| [0m[34m|[0m /* 8.166 */        dnsTestAppendQuestion(wire, "_HTTPS._TCP.Example.COM", 33)[0m
    [36m| [0m[34m|[0m /* 8.167 */        let query = wire.toArray()[0m
    [36m| [0m[34m|[0m /* 8.168 */        let parsedQuery = DnsMessageParser().parse(query)[0m
    [36m| [0m[34m|[0m /* 8.169 */        expectEqual("! parsedQuery.isResponse", "true", ! parsedQuery.isResponse, true, isDelta: false)[0m
    [36m| [0m[34m|[0m /* 8.170 */        expectEqual("parsedQuery.opcode", "0", parsedQuery.opcode, 0, isDelta: false)[0m
    [36m| [0m[34m|[0m /* 8.171 */        expectEqual("parsedQuery.questionCount", "1", parsedQuery.questionCount, 1, isDelta: false)[0m
    [36m| [0m[34m|[0m /* 8.172 */        expectEqual("parsedQuery.questions[0].name", "\"_https._tcp.example.com\"", parsedQuery.questions[0].name, "_https._tcp.example.com", isDelta: false)[0m
    [36m| [0m[34m|[0m /* 8.173 */        expectEqual("match(parsedQuery.questions[0].recordType) {\n    case DnsRecordType.SRV => true\n    case _ => false\n}", "true", match(parsedQuery.questions[0].recordType) {[0m
    [36m| [0m[34m|[0m /* 8.174 */            case DnsRecordType.SRV => true[0m
    [36m| [0m[34m|[0m /* 8.175 */            case _ => false[0m
    [36m| [0m[34m|[0m /* 8.176 */        }, true, isDelta: false)[0m
    [36m| [0m[34m|[0m /* 8.177 */        expectEqual("parsedQuery.questions[0].recordClass", "1u16", parsedQuery.questions[0].recordClass, 1u16, isDelta: false)[0m
    [36m| [0m[34m|[0m /* 8.178 */        let opcodeMessage = dnsTestHeader(1u16, 0x9000u16, 0, 0, 0, 0)[0m
    [36m| [0m[34m|[0m /* 8.179 */        let opcodeSummary = DnsMessageParser().parse(opcodeMessage.toArray())[0m
    [36m| [0m[34m|[0m /* 8.180 */        expectEqual("opcodeSummary.isResponse", "true", opcodeSummary.isResponse, true, isDelta: false)[0m
    [36m| [0m[34m|[0m /* 8.181 */        expectEqual("opcodeSummary.opcode", "2", opcodeSummary.opcode, 2, isDelta: false)[0m
    [36m| [0m[34m|[0m /* 8.182 */        let truncated = query.clone()[0m
    [36m| [0m[34m|[0m /* 8.183 */        truncated[2] = 0x83u8[0m
    [36m| [0m[34m|[0m /* 8.184 */        truncated[3] = 0x00u8[0m
    [36m| [0m[34m|[0m /* 8.185 */        truncated[6] = 0u8[0m
    [36m| [0m[34m|[0m /* 8.186 */        truncated[7] = 1u8[0m
    [36m| [0m[34m|[0m /* 8.187 */        try {[0m
    [36m| [0m[34m|[0m /* 8.188 */            try {[0m
    [36m| [0m[34m|[0m /* 8.189 */                assertEqual("true", "true", true, true)[0m
    [36m| [0m[34m|[0m /* 8.190 */                DnsMessageParser().parse(truncated)[0m
    [36m| [0m[34m|[0m /* 8.191 */                fail("@AssertThrows: Expected 'api.ResolveException' was not caught.")[0m
    [36m| [0m[34m|[0m /* 8.192 */            } catch(e: api.ResolveException) {[0m
    [36m| [0m[34m|[0m /* 8.193 */                if(e is AssertException) {[0m
    [36m| [0m[34m|[0m /* 8.194 */                    throw e[0m
    [36m| [0m[34m|[0m /* 8.195 */                }[0m
    [36m| [0m[34m|[0m /* 8.196 */                if(e is AssertIntermediateException) {[0m
    [36m| [0m[34m|[0m /* 8.197 */                    throw e[0m
    [36m| [0m[34m|[0m /* 8.198 */                }[0m
    [36m| [0m[34m|[0m /* 8.199 */                if(e is UnittestTimeoutException) {[0m
    [36m| [0m[34m|[0m /* 8.200 */                    throw e[0m
    [36m| [0m[34m|[0m /* 8.201 */                }[0m
    [36m| [0m[34m|[0m /* 8.202 */                e[0m
    [36m| [0m[34m|[0m /* 8.203 */            }[0m
    [36m| [0m[34m|[0m /* 8.204 */        } catch(e: Exception) {[0m
    [36m| [0m[34m|[0m /* 8.205 */            if(e is AssertException || e is AssertIntermediateException || e is UnittestTimeoutException) {[0m
    [36m| [0m[34m|[0m /* 8.206 */                throw e[0m
    [36m| [0m[34m|[0m /* 8.207 */            }[0m
    [36m| [0m[34m|[0m /* 8.208 */            assertCaughtUnexpectedE("@AssertThrows(api.ResolveException)", "api.ResolveException", e.toString())[0m
    [36m| [0m[34m|[0m /* 8.209 */        }[0m
    [36m| [0m[34m|[0m /* 8.210 */    }[0m
    [36m| [0m[34m|[0m /* 8.211 */    [0m
    [36m| [0m[34m|[0m /* 8.212 */    @Attribute[TestCase_46][0m
    [36m| [0m[34m|[0m /* 8.213 */    func asciiNameProfileRejectsAmbiguousLabels(): Unit {[0m
    [36m| [0m[34m|[0m /* 8.214 */        for(invalid in["a..b", "-bad.example", "bad-.example", "bad label", "a/b", "é.example"]) {[0m
    [36m| [0m[34m|[0m /* 8.215 */            let wire = dnsTestHeader(1u16, 0x8180u16, 1, 0, 0, 0)[0m
    [36m| [0m[34m|[0m /* 8.216 */            dnsTestAppendQuestion(wire, invalid, 1)[0m
    [36m| [0m[34m|[0m /* 8.217 */            try {[0m
    [36m| [0m[34m|[0m /* 8.218 */                try {[0m
    [36m| [0m[34m|[0m /* 8.219 */                    assertEqual("true", "true", true, true)[0m
    [36m| [0m[34m|[0m /* 8.220 */                    DnsMessageParser().parse(wire.toArray())[0m
    [36m| [0m[34m|[0m /* 8.221 */                    fail("@AssertThrows: Expected 'api.ResolveException' was not caught.")[0m
    [36m| [0m[34m|[0m /* 8.222 */                } catch(e: api.ResolveException) {[0m
    [36m| [0m[34m|[0m /* 8.223 */                    if(e is AssertException) {[0m
    [36m| [0m[34m|[0m /* 8.224 */                        throw e[0m
    [36m| [0m[34m|[0m /* 8.225 */                    }[0m
    [36m| [0m[34m|[0m /* 8.226 */                    if(e is AssertIntermediateException) {[0m
    [36m| [0m[34m|[0m /* 8.227 */                        throw e[0m
    [36m| [0m[34m|[0m /* 8.228 */                    }[0m
    [36m| [0m[34m|[0m /* 8.229 */                    if(e is UnittestTimeoutException) {[0m
    [36m| [0m[34m|[0m /* 8.230 */                        throw e[0m
    [36m| [0m[34m|[0m /* 8.231 */                    }[0m
    [36m| [0m[34m|[0m /* 8.232 */                    e[0m
    [36m| [0m[34m|[0m /* 8.233 */                }[0m
    [36m| [0m[34m|[0m /* 8.234 */            } catch(e: Exception) {[0m
    [36m| [0m[34m|[0m /* 8.235 */                if(e is AssertException || e is AssertIntermediateException || e is UnittestTimeoutException) {[0m
    [36m| [0m[34m|[0m /* 8.236 */                    throw e[0m
    [36m| [0m[34m|[0m /* 8.237 */                }[0m
    [36m| [0m[34m|[0m /* 8.238 */                assertCaughtUnexpectedE("@AssertThrows(api.ResolveException)", "api.ResolveException", e.toString())[0m
    [36m| [0m[34m|[0m /* 8.239 */            }[0m
    [36m| [0m[34m|[0m /* 8.240 */        }[0m
    [36m| [0m[34m|[0m /* 8.241 */        let message = dnsTestHeader(3u16, 0x8180u16, 1, 0, 0, 0)[0m
    [36m| [0m[34m|[0m /* 8.242 */        message.add(3u8)[0m
    [36m| [0m[34m|[0m /* 8.243 */        message.add(b'a')[0m
    [36m| [0m[34m|[0m /* 8.244 */        message.add(b'.')[0m
    [36m| [0m[34m|[0m /* 8.245 */        message.add(b'b')[0m
    [36m| [0m[34m|[0m /* 8.246 */        message.add(0u8)[0m
    [36m| [0m[34m|[0m /* 8.247 */        dnsTestAppendU16(message, 1)[0m
    [36m| [0m[34m|[0m /* 8.248 */        dnsTestAppendU16(message, 1)[0m
    [36m| [0m[34m|[0m /* 8.249 */        try {[0m
    [36m| [0m[34m|[0m /* 8.250 */            try {[0m
    [36m| [0m[34m|[0m /* 8.251 */                assertEqual("true", "true", true, true)[0m
    [36m| [0m[34m|[0m /* 8.252 */                DnsMessageParser().parse(message.toArray())[0m
    [36m| [0m[34m|[0m /* 8.253 */                fail("@AssertThrows: Expected 'api.ResolveException' was not caught.")[0m
    [36m| [0m[34m|[0m /* 8.254 */            } catch(e: api.ResolveException) {[0m
    [36m| [0m[34m|[0m /* 8.255 */                if(e is AssertException) {[0m
    [36m| [0m[34m|[0m /* 8.256 */                    throw e[0m
    [36m| [0m[34m|[0m /* 8.257 */                }[0m
    [36m| [0m[34m|[0m /* 8.258 */                if(e is AssertIntermediateException) {[0m
    [36m| [0m[34m|[0m /* 8.259 */                    throw e[0m
    [36m| [0m[34m|[0m /* 8.260 */                }[0m
    [36m| [0m[34m|[0m /* 8.261 */                if(e is UnittestTimeoutException) {[0m
    [36m| [0m[34m|[0m /* 8.262 */                    throw e[0m
    [36m| [0m[34m|[0m /* 8.263 */                }[0m
    [36m| [0m[34m|[0m /* 8.264 */                e[0m
    [36m| [0m[34m|[0m /* 8.265 */            }[0m
    [36m| [0m[34m|[0m /* 8.266 */        } catch(e: Exception) {[0m
    [36m| [0m[34m|[0m /* 8.267 */            if(e is AssertException || e is AssertIntermediateException || e is UnittestTimeoutException) {[0m
    [36m| [0m[34m|[0m /* 8.268 */                throw e[0m
    [36m| [0m[34m|[0m /* 8.269 */            }[0m
    [36m| [0m[34m|[0m /* 8.270 */            assertCaughtUnexpectedE("@AssertThrows(api.ResolveException)", "api.ResolveException", e.toString())[0m
    [36m| [0m[34m|[0m /* 8.271 */        }[0m
    [36m| [0m[34m|[0m /* 8.272 */    }[0m
    [36m| [0m[34m|[0m /* 8.273 */    [0m
    [36m| [0m[34m|[0m /* 8.274 */    @Attribute[TestCase_47][0m
    [36m| [0m[34m|[0m /* 8.275 */    func compressionLoopsForwardPointersAndOutOfRangePointersAreRejected(): Unit {[0m
    [36m| [0m[34m|[0m /* 8.276 */        for(name in[[0xC0u8, 0x0Cu8],[0xC0u8, 0x0Eu8],[0xFFu8, 0xFFu8]]) {[0m
    [36m| [0m[34m|[0m /* 8.277 */            let message = dnsTestHeader(1u16, 0x8180u16, 1, 0, 0, 0)[0m
    [36m| [0m[34m|[0m /* 8.278 */            for(value in name) {[0m
    [36m| [0m[34m|[0m /* 8.279 */                message.add(value)[0m
    [36m| [0m[34m|[0m /* 8.280 */            }[0m
    [36m| [0m[34m|[0m /* 8.281 */            try {[0m
    [36m| [0m[34m|[0m /* 8.282 */                try {[0m
    [36m| [0m[34m|[0m /* 8.283 */                    assertEqual("true", "true", true, true)[0m
    [36m| [0m[34m|[0m /* 8.284 */                    DnsMessageParser().parse(message.toArray())[0m
    [36m| [0m[34m|[0m /* 8.285 */                    fail("@AssertThrows: Expected 'api.ResolveException' was not caught.")[0m
    [36m| [0m[34m|[0m /* 8.286 */                } catch(e: api.ResolveException) {[0m
    [36m| [0m[34m|[0m /* 8.287 */                    if(e is AssertException) {[0m
    [36m| [0m[34m|[0m /* 8.288 */                        throw e[0m
    [36m| [0m[34m|[0m /* 8.289 */                    }[0m
    [36m| [0m[34m|[0m /* 8.290 */                    if(e is AssertIntermediateException) {[0m
    [36m| [0m[34m|[0m /* 8.291 */                        throw e[0m
    [36m| [0m[34m|[0m /* 8.292 */                    }[0m
    [36m| [0m[34m|[0m /* 8.293 */                    if(e is UnittestTimeoutException) {[0m
    [36m| [0m[34m|[0m /* 8.294 */                        throw e[0m
    [36m| [0m[34m|[0m /* 8.295 */                    }[0m
    [36m| [0m[34m|[0m /* 8.296 */                    e[0m
    [36m| [0m[34m|[0m /* 8.297 */                }[0m
    [36m| [0m[34m|[0m /* 8.298 */            } catch(e: Exception) {[0m
    [36m| [0m[34m|[0m /* 8.299 */                if(e is AssertException || e is AssertIntermediateException || e is UnittestTimeoutException) {[0m
    [36m| [0m[34m|[0m /* 8.300 */                    throw e[0m
    [36m| [0m[34m|[0m /* 8.301 */                }[0m
    [36m| [0m[34m|[0m /* 8.302 */                assertCaughtUnexpectedE("@AssertThrows(api.ResolveException)", "api.ResolveException", e.toString())[0m
    [36m| [0m[34m|[0m /* 8.303 */            }[0m
    [36m| [0m[34m|[0m /* 8.304 */        }[0m
    [36m| [0m[34m|[0m /* 8.305 */    }[0m
    [36m| [0m[34m|[0m /* 8.306 */    [0m
    [36m| [0m[34m|[0m /* 8.307 */    @Attribute[TestCase_48][0m
    [36m| [0m[34m|[0m /* 8.308 */    func expandedNameAndSectionCountsRespectConfiguredBounds(): Unit {[0m
    [36m| [0m[34m|[0m /* 8.309 */        let question = dnsTestHeader(1u16, 0x8180u16, 1, 0, 0, 0)[0m
    [36m| [0m[34m|[0m /* 8.310 */        dnsTestAppendQuestion(question, "abcd", 1)[0m
    [36m| [0m[34m|[0m /* 8.311 */        try {[0m
    [36m| [0m[34m|[0m /* 8.312 */            try {[0m
    [36m| [0m[34m|[0m /* 8.313 */                assertEqual("true", "true", true, true)[0m
    [36m| [0m[34m|[0m /* 8.314 */                DnsMessageParser(limits: DnsParserLimits(maximumNameBytes: 3)).parse(question.toArray())[0m
    [36m| [0m[34m|[0m /* 8.315 */                fail("@AssertThrows: Expected 'api.ResolveException' was not caught.")[0m
    [36m| [0m[34m|[0m /* 8.316 */            } catch(e: api.ResolveException) {[0m
    [36m| [0m[34m|[0m /* 8.317 */                if(e is AssertException) {[0m
    [36m| [0m[34m|[0m /* 8.318 */                    throw e[0m
    [36m| [0m[34m|[0m /* 8.319 */                }[0m
    [36m| [0m[34m|[0m /* 8.320 */                if(e is AssertIntermediateException) {[0m
    [36m| [0m[34m|[0m /* 8.321 */                    throw e[0m
    [36m| [0m[34m|[0m /* 8.322 */                }[0m
    [36m| [0m[34m|[0m /* 8.323 */                if(e is UnittestTimeoutException) {[0m
    [36m| [0m[34m|[0m /* 8.324 */                    throw e[0m
    [36m| [0m[34m|[0m /* 8.325 */                }[0m
    [36m| [0m[34m|[0m /* 8.326 */                e[0m
    [36m| [0m[34m|[0m /* 8.327 */            }[0m
    [36m| [0m[34m|[0m /* 8.328 */        } catch(e: Exception) {[0m
    [36m| [0m[34m|[0m /* 8.329 */            if(e is AssertException || e is AssertIntermediateException || e is UnittestTimeoutException) {[0m
    [36m| [0m[34m|[0m /* 8.330 */                throw e[0m
    [36m| [0m[34m|[0m /* 8.331 */            }[0m
    [36m| [0m[34m|[0m /* 8.332 */            assertCaughtUnexpectedE("@AssertThrows(api.ResolveException)", "api.ResolveException", e.toString())[0m
    [36m| [0m[34m|[0m /* 8.333 */        }[0m
    [36m| [0m[34m|[0m /* 8.334 */        let tooManyQuestions = dnsTestHeader(1u16, 0x8180u16, 2, 0, 0, 0)[0m
    [36m| [0m[34m|[0m /* 8.335 */        try {[0m
    [36m| [0m[34m|[0m /* 8.336 */            try {[0m
    [36m| [0m[34m|[0m /* 8.337 */                assertEqual("true", "true", true, true)[0m
    [36m| [0m[34m|[0m /* 8.338 */                DnsMessageParser(limits: DnsParserLimits(maximumQuestions: 1)).parse(tooManyQuestions.toArray())[0m
    [36m| [0m[34m|[0m /* 8.339 */                fail("@AssertThrows: Expected 'api.ResolveException' was not caught.")[0m
    [36m| [0m[34m|[0m /* 8.340 */            } catch(e: api.ResolveException) {[0m
    [36m| [0m[34m|[0m /* 8.341 */                if(e is AssertException) {[0m
    [36m| [0m[34m|[0m /* 8.342 */                    throw e[0m
    [36m| [0m[34m|[0m /* 8.343 */                }[0m
    [36m| [0m[34m|[0m /* 8.344 */                if(e is AssertIntermediateException) {[0m
    [36m| [0m[34m|[0m /* 8.345 */                    throw e[0m
    [36m| [0m[34m|[0m /* 8.346 */                }[0m
    [36m| [0m[34m|[0m /* 8.347 */                if(e is UnittestTimeoutException) {[0m
    [36m| [0m[34m|[0m /* 8.348 */                    throw e[0m
    [36m| [0m[34m|[0m /* 8.349 */                }[0m
    [36m| [0m[34m|[0m /* 8.350 */                e[0m
    [36m| [0m[34m|[0m /* 8.351 */            }[0m
    [36m| [0m[34m|[0m /* 8.352 */        } catch(e: Exception) {[0m
    [36m| [0m[34m|[0m /* 8.353 */            if(e is AssertException || e is AssertIntermediateException || e is UnittestTimeoutException) {[0m
    [36m| [0m[34m|[0m /* 8.354 */                throw e[0m
    [36m| [0m[34m|[0m /* 8.355 */            }[0m
    [36m| [0m[34m|[0m /* 8.356 */            assertCaughtUnexpectedE("@AssertThrows(api.ResolveException)", "api.ResolveException", e.toString())[0m
    [36m| [0m[34m|[0m /* 8.357 */        }[0m
    [36m| [0m[34m|[0m /* 8.358 */        let tooManyRecords = dnsTestHeader(1u16, 0x8180u16, 0, 2, 0, 0)[0m
    [36m| [0m[34m|[0m /* 8.359 */        try {[0m
    [36m| [0m[34m|[0m /* 8.360 */            try {[0m
    [36m| [0m[34m|[0m /* 8.361 */                assertEqual("true", "true", true, true)[0m
    [36m| [0m[34m|[0m /* 8.362 */                DnsMessageParser(limits: DnsParserLimits(maximumRecords: 1)).parse(tooManyRecords.toArray())[0m
    [36m| [0m[34m|[0m /* 8.363 */                fail("@AssertThrows: Expected 'api.ResolveException' was not caught.")[0m
    [36m| [0m[34m|[0m /* 8.364 */            } catch(e: api.ResolveException) {[0m
    [36m| [0m[34m|[0m /* 8.365 */                if(e is AssertException) {[0m
    [36m| [0m[34m|[0m /* 8.366 */                    throw e[0m
    [36m| [0m[34m|[0m /* 8.367 */                }[0m
    [36m| [0m[34m|[0m /* 8.368 */                if(e is AssertIntermediateException) {[0m
    [36m| [0m[34m|[0m /* 8.369 */                    throw e[0m
    [36m| [0m[34m|[0m /* 8.370 */                }[0m
    [36m| [0m[34m|[0m /* 8.371 */                if(e is UnittestTimeoutException) {[0m
    [36m| [0m[34m|[0m /* 8.372 */                    throw e[0m
    [36m| [0m[34m|[0m /* 8.373 */                }[0m
    [36m| [0m[34m|[0m /* 8.374 */                e[0m
    [36m| [0m[34m|[0m /* 8.375 */            }[0m
    [36m| [0m[34m|[0m /* 8.376 */        } catch(e: Exception) {[0m
    [36m| [0m[34m|[0m /* 8.377 */            if(e is AssertException || e is AssertIntermediateException || e is UnittestTimeoutException) {[0m
    [36m| [0m[34m|[0m /* 8.378 */                throw e[0m
    [36m| [0m[34m|[0m /* 8.379 */            }[0m
    [36m| [0m[34m|[0m /* 8.380 */            assertCaughtUnexpectedE("@AssertThrows(api.ResolveException)", "api.ResolveException", e.toString())[0m
    [36m| [0m[34m|[0m /* 8.381 */        }[0m
    [36m| [0m[34m|[0m /* 8.382 */        let chained = dnsTestHeader(1u16, 0x8180u16, 1, 2, 0, 0)[0m
    [36m| [0m[34m|[0m /* 8.383 */        dnsTestAppendQuestion(chained, "chain.example", 1)[0m
    [36m| [0m[34m|[0m /* 8.384 */        let firstOwner = chained.size[0m
    [36m| [0m[34m|[0m /* 8.385 */        dnsTestAppendRecord(chained,[0xC0u8, 0x0Cu8], 65000, Array < Byte >())[0m
    [36m| [0m[34m|[0m /* 8.386 */        dnsTestAppendRecord(chained, dnsTestPointer(firstOwner), 65000, Array < Byte >())[0m
    [36m| [0m[34m|[0m /* 8.387 */        try {[0m
    [36m| [0m[34m|[0m /* 8.388 */            try {[0m
    [36m| [0m[34m|[0m /* 8.389 */                assertEqual("true", "true", true, true)[0m
    [36m| [0m[34m|[0m /* 8.390 */                DnsMessageParser(limits: DnsParserLimits(maximumIndirections: 1)).parse(chained.toArray())[0m
    [36m| [0m[34m|[0m /* 8.391 */                fail("@AssertThrows: Expected 'api.ResolveException' was not caught.")[0m
    [36m| [0m[34m|[0m /* 8.392 */            } catch(e: api.ResolveException) {[0m
    [36m| [0m[34m|[0m /* 8.393 */                if(e is AssertException) {[0m
    [36m| [0m[34m|[0m /* 8.394 */                    throw e[0m
    [36m| [0m[34m|[0m /* 8.395 */                }[0m
    [36m| [0m[34m|[0m /* 8.396 */                if(e is AssertIntermediateException) {[0m
    [36m| [0m[34m|[0m /* 8.397 */                    throw e[0m
    [36m| [0m[34m|[0m /* 8.398 */                }[0m
    [36m| [0m[34m|[0m /* 8.399 */                if(e is UnittestTimeoutException) {[0m
    [36m| [0m[34m|[0m /* 8.400 */                    throw e[0m
    [36m| [0m[34m|[0m /* 8.401 */                }[0m
    [36m| [0m[34m|[0m /* 8.402 */                e[0m
    [36m| [0m[34m|[0m /* 8.403 */            }[0m
    [36m| [0m[34m|[0m /* 8.404 */        } catch(e: Exception) {[0m
    [36m| [0m[34m|[0m /* 8.405 */            if(e is AssertException || e is AssertIntermediateException || e is UnittestTimeoutException) {[0m
    [36m| [0m[34m|[0m /* 8.406 */                throw e[0m
    [36m| [0m[34m|[0m /* 8.407 */            }[0m
    [36m| [0m[34m|[0m /* 8.408 */            assertCaughtUnexpectedE("@AssertThrows(api.ResolveException)", "api.ResolveException", e.toString())[0m
    [36m| [0m[34m|[0m /* 8.409 */        }[0m
    [36m| [0m[34m|[0m /* 8.410 */    }[0m
    [36m| [0m[34m|[0m /* 8.411 */    [0m
    [36m| [0m[34m|[0m /* 8.412 */    @Attribute[TestCase_49][0m
    [36m| [0m[34m|[0m /* 8.413 */    func completeParserRejectsTrailingAndTruncatedSectionBytes(): Unit {[0m
    [36m| [0m[34m|[0m /* 8.414 */        let trailing = dnsTestHeader(1u16, 0x8180u16, 0, 0, 0, 0)[0m
    [36m| [0m[34m|[0m /* 8.415 */        trailing.add(0u8)[0m
    [36m| [0m[34m|[0m /* 8.416 */        try {[0m
    [36m| [0m[34m|[0m /* 8.417 */            try {[0m
    [36m| [0m[34m|[0m /* 8.418 */                assertEqual("true", "true", true, true)[0m
    [36m| [0m[34m|[0m /* 8.419 */                DnsMessageParser().parse(trailing.toArray())[0m
    [36m| [0m[34m|[0m /* 8.420 */                fail("@AssertThrows: Expected 'api.ResolveException' was not caught.")[0m
    [36m| [0m[34m|[0m /* 8.421 */            } catch(e: api.ResolveException) {[0m
    [36m| [0m[34m|[0m /* 8.422 */                if(e is AssertException) {[0m
    [36m| [0m[34m|[0m /* 8.423 */                    throw e[0m
    [36m| [0m[34m|[0m /* 8.424 */                }[0m
    [36m| [0m[34m|[0m /* 8.425 */                if(e is AssertIntermediateException) {[0m
    [36m| [0m[34m|[0m /* 8.426 */                    throw e[0m
    [36m| [0m[34m|[0m /* 8.427 */                }[0m
    [36m| [0m[34m|[0m /* 8.428 */                if(e is UnittestTimeoutException) {[0m
    [36m| [0m[34m|[0m /* 8.429 */                    throw e[0m
    [36m| [0m[34m|[0m /* 8.430 */                }[0m
    [36m| [0m[34m|[0m /* 8.431 */                e[0m
    [36m| [0m[34m|[0m /* 8.432 */            }[0m
    [36m| [0m[34m|[0m /* 8.433 */        } catch(e: Exception) {[0m
    [36m| [0m[34m|[0m /* 8.434 */            if(e is AssertException || e is AssertIntermediateException || e is UnittestTimeoutException) {[0m
    [36m| [0m[34m|[0m /* 8.435 */                throw e[0m
    [36m| [0m[34m|[0m /* 8.436 */            }[0m
    [36m| [0m[34m|[0m /* 8.437 */            assertCaughtUnexpectedE("@AssertThrows(api.ResolveException)", "api.ResolveException", e.toString())[0m
    [36m| [0m[34m|[0m /* 8.438 */        }[0m
    [36m| [0m[34m|[0m /* 8.439 */        let reservedHeader = dnsTestHeader(1u16, 0x8040u16, 0, 0, 0, 0)[0m
    [36m| [0m[34m|[0m /* 8.440 */        try {[0m
    [36m| [0m[34m|[0m /* 8.441 */            try {[0m
    [36m| [0m[34m|[0m /* 8.442 */                assertEqual("true", "true", true, true)[0m
    [36m| [0m[34m|[0m /* 8.443 */                DnsMessageParser().parse(reservedHeader.toArray())[0m
    [36m| [0m[34m|[0m /* 8.444 */                fail("@AssertThrows: Expected 'api.ResolveException' was not caught.")[0m
    [36m| [0m[34m|[0m /* 8.445 */            } catch(e: api.ResolveException) {[0m
    [36m| [0m[34m|[0m /* 8.446 */                if(e is AssertException) {[0m
    [36m| [0m[34m|[0m /* 8.447 */                    throw e[0m
    [36m| [0m[34m|[0m /* 8.448 */                }[0m
    [36m| [0m[34m|[0m /* 8.449 */                if(e is AssertIntermediateException) {[0m
    [36m| [0m[34m|[0m /* 8.450 */                    throw e[0m
    [36m| [0m[34m|[0m /* 8.451 */                }[0m
    [36m| [0m[34m|[0m /* 8.452 */                if(e is UnittestTimeoutException) {[0m
    [36m| [0m[34m|[0m /* 8.453 */                    throw e[0m
    [36m| [0m[34m|[0m /* 8.454 */                }[0m
    [36m| [0m[34m|[0m /* 8.455 */                e[0m
    [36m| [0m[34m|[0m /* 8.456 */            }[0m
    [36m| [0m[34m|[0m /* 8.457 */        } catch(e: Exception) {[0m
    [36m| [0m[34m|[0m /* 8.458 */            if(e is AssertException || e is AssertIntermediateException || e is UnittestTimeoutException) {[0m
    [36m| [0m[34m|[0m /* 8.459 */                throw e[0m
    [36m| [0m[34m|[0m /* 8.460 */            }[0m
    [36m| [0m[34m|[0m /* 8.461 */            assertCaughtUnexpectedE("@AssertThrows(api.ResolveException)", "api.ResolveException", e.toString())[0m
    [36m| [0m[34m|[0m /* 8.462 */        }[0m
    [36m| [0m[34m|[0m /* 8.463 */        let shortQuestion = dnsTestHeader(1u16, 0x8180u16, 1, 0, 0, 0)[0m
    [36m| [0m[34m|[0m /* 8.464 */        shortQuestion.add(0u8)[0m
    [36m| [0m[34m|[0m /* 8.465 */        shortQuestion.add(0u8)[0m
    [36m| [0m[34m|[0m /* 8.466 */        try {[0m
    [36m| [0m[34m|[0m /* 8.467 */            try {[0m
    [36m| [0m[34m|[0m /* 8.468 */                assertEqual("true", "true", true, true)[0m
    [36m| [0m[34m|[0m /* 8.469 */                DnsMessageParser().parse(shortQuestion.toArray())[0m
    [36m| [0m[34m|[0m /* 8.470 */                fail("@AssertThrows: Expected 'api.ResolveException' was not caught.")[0m
    [36m| [0m[34m|[0m /* 8.471 */            } catch(e: api.ResolveException) {[0m
    [36m| [0m[34m|[0m /* 8.472 */                if(e is AssertException) {[0m
    [36m| [0m[34m|[0m /* 8.473 */                    throw e[0m
    [36m| [0m[34m|[0m /* 8.474 */                }[0m
    [36m| [0m[34m|[0m /* 8.475 */                if(e is AssertIntermediateException) {[0m
    [36m| [0m[34m|[0m /* 8.476 */                    throw e[0m
    [36m| [0m[34m|[0m /* 8.477 */                }[0m
    [36m| [0m[34m|[0m /* 8.478 */                if(e is UnittestTimeoutException) {[0m
    [36m| [0m[34m|[0m /* 8.479 */                    throw e[0m
    [36m| [0m[34m|[0m /* 8.480 */                }[0m
    [36m| [0m[34m|[0m /* 8.481 */                e[0m
    [36m| [0m[34m|[0m /* 8.482 */            }[0m
    [36m| [0m[34m|[0m /* 8.483 */        } catch(e: Exception) {[0m
    [36m| [0m[34m|[0m /* 8.484 */            if(e is AssertException || e is AssertIntermediateException || e is UnittestTimeoutException) {[0m
    [36m| [0m[34m|[0m /* 8.485 */                throw e[0m
    [36m| [0m[34m|[0m /* 8.486 */            }[0m
    [36m| [0m[34m|[0m /* 8.487 */            assertCaughtUnexpectedE("@AssertThrows(api.ResolveException)", "api.ResolveException", e.toString())[0m
    [36m| [0m[34m|[0m /* 8.488 */        }[0m
    [36m| [0m[34m|[0m /* 8.489 */        let shortRecord = dnsTestHeader(1u16, 0x8180u16, 0, 1, 0, 0)[0m
    [36m| [0m[34m|[0m /* 8.490 */        shortRecord.add(0u8)[0m
    [36m| [0m[34m|[0m /* 8.491 */        dnsTestAppendU16(shortRecord, 1)[0m
    [36m| [0m[34m|[0m /* 8.492 */        dnsTestAppendU16(shortRecord, 1)[0m
    [36m| [0m[34m|[0m /* 8.493 */        dnsTestAppendU32(shortRecord, 1u32)[0m
    [36m| [0m[34m|[0m /* 8.494 */        dnsTestAppendU16(shortRecord, 4)[0m
    [36m| [0m[34m|[0m /* 8.495 */        shortRecord.add(1u8)[0m
    [36m| [0m[34m|[0m /* 8.496 */        shortRecord.add(2u8)[0m
    [36m| [0m[34m|[0m /* 8.497 */        try {[0m
    [36m| [0m[34m|[0m /* 8.498 */            try {[0m
    [36m| [0m[34m|[0m /* 8.499 */                assertEqual("true", "true", true, true)[0m
    [36m| [0m[34m|[0m /* 8.500 */                DnsMessageParser().parse(shortRecord.toArray())[0m
    [36m| [0m[34m|[0m /* 8.501 */                fail("@AssertThrows: Expected 'api.ResolveException' was not caught.")[0m
    [36m| [0m[34m|[0m /* 8.502 */            } catch(e: api.ResolveException) {[0m
    [36m| [0m[34m|[0m /* 8.503 */                if(e is AssertException) {[0m
    [36m| [0m[34m|[0m /* 8.504 */                    throw e[0m
    [36m| [0m[34m|[0m /* 8.505 */                }[0m
    [36m| [0m[34m|[0m /* 8.506 */                if(e is AssertIntermediateException) {[0m
    [36m| [0m[34m|[0m /* 8.507 */                    throw e[0m
    [36m| [0m[34m|[0m /* 8.508 */                }[0m
    [36m| [0m[34m|[0m /* 8.509 */                if(e is UnittestTimeoutException) {[0m
    [36m| [0m[34m|[0m /* 8.510 */                    throw e[0m
    [36m| [0m[34m|[0m /* 8.511 */                }[0m
    [36m| [0m[34m|[0m /* 8.512 */                e[0m
    [36m| [0m[34m|[0m /* 8.513 */            }[0m
    [36m| [0m[34m|[0m /* 8.514 */        } catch(e: Exception) {[0m
    [36m| [0m[34m|[0m /* 8.515 */            if(e is AssertException || e is AssertIntermediateException || e is UnittestTimeoutException) {[0m
    [36m| [0m[34m|[0m /* 8.516 */                throw e[0m
    [36m| [0m[34m|[0m /* 8.517 */            }[0m
    [36m| [0m[34m|[0m /* 8.518 */            assertCaughtUnexpectedE("@AssertThrows(api.ResolveException)", "api.ResolveException", e.toString())[0m
    [36m| [0m[34m|[0m /* 8.519 */        }[0m
    [36m| [0m[34m|[0m /* 8.520 */    }[0m
    [36m| [0m[34m|[0m /* 8.521 */    [0m
    [36m| [0m[34m|[0m /* 8.522 */    @Attribute[TestCase_50][0m
    [36m| [0m[34m|[0m /* 8.523 */    func typedRdataLengthsAndTxtSegmentsAreExact(): Unit {[0m
    [36m| [0m[34m|[0m /* 8.524 */        for((typeCode, data) in[(1,[1u8, 2u8, 3u8]),(28, Array < Byte >(15, repeat: 0u8)),(16,[4u8, 1u8, 2u8]),(16, Array < Byte >())]) {[0m
    [36m| [0m[34m|[0m /* 8.525 */            let message = dnsTestHeader(1u16, 0x8180u16, 0, 1, 0, 0)[0m
    [36m| [0m[34m|[0m /* 8.526 */            dnsTestAppendRecord(message,[0u8], typeCode, data)[0m
    [36m| [0m[34m|[0m /* 8.527 */            try {[0m
    [36m| [0m[34m|[0m /* 8.528 */                try {[0m
    [36m| [0m[34m|[0m /* 8.529 */                    assertEqual("true", "true", true, true)[0m
    [36m| [0m[34m|[0m /* 8.530 */                    DnsMessageParser().parse(message.toArray())[0m
    [36m| [0m[34m|[0m /* 8.531 */                    fail("@AssertThrows: Expected 'api.ResolveException' was not caught.")[0m
    [36m| [0m[34m|[0m /* 8.532 */                } catch(e: api.ResolveException) {[0m
    [36m| [0m[34m|[0m /* 8.533 */                    if(e is AssertException) {[0m
    [36m| [0m[34m|[0m /* 8.534 */                        throw e[0m
    [36m| [0m[34m|[0m /* 8.535 */                    }[0m
    [36m| [0m[34m|[0m /* 8.536 */                    if(e is AssertIntermediateException) {[0m
    [36m| [0m[34m|[0m /* 8.537 */                        throw e[0m
    [36m| [0m[34m|[0m /* 8.538 */                    }[0m
    [36m| [0m[34m|[0m /* 8.539 */                    if(e is UnittestTimeoutException) {[0m
    [36m| [0m[34m|[0m /* 8.540 */                        throw e[0m
    [36m| [0m[34m|[0m /* 8.541 */                    }[0m
    [36m| [0m[34m|[0m /* 8.542 */                    e[0m
    [36m| [0m[34m|[0m /* 8.543 */                }[0m
    [36m| [0m[34m|[0m /* 8.544 */            } catch(e: Exception) {[0m
    [36m| [0m[34m|[0m /* 8.545 */                if(e is AssertException || e is AssertIntermediateException || e is UnittestTimeoutException) {[0m
    [36m| [0m[34m|[0m /* 8.546 */                    throw e[0m
    [36m| [0m[34m|[0m /* 8.547 */                }[0m
    [36m| [0m[34m|[0m /* 8.548 */                assertCaughtUnexpectedE("@AssertThrows(api.ResolveException)", "api.ResolveException", e.toString())[0m
    [36m| [0m[34m|[0m /* 8.549 */            }[0m
    [36m| [0m[34m|[0m /* 8.550 */        }[0m
    [36m| [0m[34m|[0m /* 8.551 */    }[0m
    [36m| [0m[34m|[0m /* 8.552 */    [0m
    [36m| [0m[34m|[0m /* 8.553 */    @Attribute[TestCase_51][0m
    [36m| [0m[34m|[0m /* 8.554 */    func compressedRdataNamesCannotConsumeNeighboringRecordBytes(): Unit {[0m
    [36m| [0m[34m|[0m /* 8.555 */        let extra = dnsTestHeader(1u16, 0x8180u16, 1, 1, 0, 0)[0m
    [36m| [0m[34m|[0m /* 8.556 */        dnsTestAppendQuestion(extra, "escape.example", 1)[0m
    [36m| [0m[34m|[0m /* 8.557 */        dnsTestAppendRecord(extra,[0xC0u8, 0x0Cu8], 5,[0xC0u8, 0x0Cu8, 0u8])[0m
    [36m| [0m[34m|[0m /* 8.558 */        try {[0m
    [36m| [0m[34m|[0m /* 8.559 */            try {[0m
    [36m| [0m[34m|[0m /* 8.560 */                assertEqual("true", "true", true, true)[0m
    [36m| [0m[34m|[0m /* 8.561 */                DnsMessageParser().parse(extra.toArray())[0m
    [36m| [0m[34m|[0m /* 8.562 */                fail("@AssertThrows: Expected 'api.ResolveException' was not caught.")[0m
    [36m| [0m[34m|[0m /* 8.563 */            } catch(e: api.ResolveException) {[0m
    [36m| [0m[34m|[0m /* 8.564 */                if(e is AssertException) {[0m
    [36m| [0m[34m|[0m /* 8.565 */                    throw e[0m
    [36m| [0m[34m|[0m /* 8.566 */                }[0m
    [36m| [0m[34m|[0m /* 8.567 */                if(e is AssertIntermediateException) {[0m
    [36m| [0m[34m|[0m /* 8.568 */                    throw e[0m
    [36m| [0m[34m|[0m /* 8.569 */                }[0m
    [36m| [0m[34m|[0m /* 8.570 */                if(e is UnittestTimeoutException) {[0m
    [36m| [0m[34m|[0m /* 8.571 */                    throw e[0m
    [36m| [0m[34m|[0m /* 8.572 */                }[0m
    [36m| [0m[34m|[0m /* 8.573 */                e[0m
    [36m| [0m[34m|[0m /* 8.574 */            }[0m
    [36m| [0m[34m|[0m /* 8.575 */        } catch(e: Exception) {[0m
    [36m| [0m[34m|[0m /* 8.576 */            if(e is AssertException || e is AssertIntermediateException || e is UnittestTimeoutException) {[0m
    [36m| [0m[34m|[0m /* 8.577 */                throw e[0m
    [36m| [0m[34m|[0m /* 8.578 */            }[0m
    [36m| [0m[34m|[0m /* 8.579 */            assertCaughtUnexpectedE("@AssertThrows(api.ResolveException)", "api.ResolveException", e.toString())[0m
    [36m| [0m[34m|[0m /* 8.580 */        }[0m
    [36m| [0m[34m|[0m /* 8.581 */        let escape = dnsTestHeader(1u16, 0x8180u16, 1, 2, 0, 0)[0m
    [36m| [0m[34m|[0m /* 8.582 */        dnsTestAppendQuestion(escape, "escape.example", 1)[0m
    [36m| [0m[34m|[0m /* 8.583 */        dnsTestAppendRecord(escape,[0xC0u8, 0x0Cu8], 5,[1u8, b'a'])[0m
    [36m| [0m[34m|[0m /* 8.584 */        dnsTestAppendRecord(escape,[0u8], 1,[1u8, 2u8, 3u8, 4u8])[0m
    [36m| [0m[34m|[0m /* 8.585 */        try {[0m
    [36m| [0m[34m|[0m /* 8.586 */            try {[0m
    [36m| [0m[34m|[0m /* 8.587 */                assertEqual("true", "true", true, true)[0m
    [36m| [0m[34m|[0m /* 8.588 */                DnsMessageParser().parse(escape.toArray())[0m
    [36m| [0m[34m|[0m /* 8.589 */                fail("@AssertThrows: Expected 'api.ResolveException' was not caught.")[0m
    [36m| [0m[34m|[0m /* 8.590 */            } catch(e: api.ResolveException) {[0m
    [36m| [0m[34m|[0m /* 8.591 */                if(e is AssertException) {[0m
    [36m| [0m[34m|[0m /* 8.592 */                    throw e[0m
    [36m| [0m[34m|[0m /* 8.593 */                }[0m
    [36m| [0m[34m|[0m /* 8.594 */                if(e is AssertIntermediateException) {[0m
    [36m| [0m[34m|[0m /* 8.595 */                    throw e[0m
    [36m| [0m[34m|[0m /* 8.596 */                }[0m
    [36m| [0m[34m|[0m /* 8.597 */                if(e is UnittestTimeoutException) {[0m
    [36m| [0m[34m|[0m /* 8.598 */                    throw e[0m
    [36m| [0m[34m|[0m /* 8.599 */                }[0m
    [36m| [0m[34m|[0m /* 8.600 */                e[0m
    [36m| [0m[34m|[0m /* 8.601 */            }[0m
    [36m| [0m[34m|[0m /* 8.602 */        } catch(e: Exception) {[0m
    [36m| [0m[34m|[0m /* 8.603 */            if(e is AssertException || e is AssertIntermediateException || e is UnittestTimeoutException) {[0m
    [36m| [0m[34m|[0m /* 8.604 */                throw e[0m
    [36m| [0m[34m|[0m /* 8.605 */            }[0m
    [36m| [0m[34m|[0m /* 8.606 */            assertCaughtUnexpectedE("@AssertThrows(api.ResolveException)", "api.ResolveException", e.toString())[0m
    [36m| [0m[34m|[0m /* 8.607 */        }[0m
    [36m| [0m[34m|[0m /* 8.608 */    }[0m
    [36m| [0m[34m|[0m /* 8.609 */    [0m
    [36m| [0m[34m|[0m /* 8.610 */    @Attribute[TestCase_52][0m
    [36m| [0m[34m|[0m /* 8.611 */    func srvTargetCompressionIsRejectedEvenWhenPointerIsInBounds(): Unit {[0m
    [36m| [0m[34m|[0m /* 8.612 */        let message = dnsTestHeader(1u16, 0x8180u16, 1, 1, 0, 0)[0m
    [36m| [0m[34m|[0m /* 8.613 */        dnsTestAppendQuestion(message, "_svc._tcp.example", 33)[0m
    [36m| [0m[34m|[0m /* 8.614 */        dnsTestAppendRecord(message,[0xC0u8, 0x0Cu8], 33,[0u8, 1u8, 0u8, 2u8, 0u8, 80u8, 0xC0u8, 0x0Cu8])[0m
    [36m| [0m[34m|[0m /* 8.615 */        try {[0m
    [36m| [0m[34m|[0m /* 8.616 */            try {[0m
    [36m| [0m[34m|[0m /* 8.617 */                assertEqual("true", "true", true, true)[0m
    [36m| [0m[34m|[0m /* 8.618 */                DnsMessageParser().parse(message.toArray())[0m
    [36m| [0m[34m|[0m /* 8.619 */                fail("@AssertThrows: Expected 'api.ResolveException' was not caught.")[0m
    [36m| [0m[34m|[0m /* 8.620 */            } catch(e: api.ResolveException) {[0m
    [36m| [0m[34m|[0m /* 8.621 */                if(e is AssertException) {[0m
    [36m| [0m[34m|[0m /* 8.622 */                    throw e[0m
    [36m| [0m[34m|[0m /* 8.623 */                }[0m
    [36m| [0m[34m|[0m /* 8.624 */                if(e is AssertIntermediateException) {[0m
    [36m| [0m[34m|[0m /* 8.625 */                    throw e[0m
    [36m| [0m[34m|[0m /* 8.626 */                }[0m
    [36m| [0m[34m|[0m /* 8.627 */                if(e is UnittestTimeoutException) {[0m
    [36m| [0m[34m|[0m /* 8.628 */                    throw e[0m
    [36m| [0m[34m|[0m /* 8.629 */                }[0m
    [36m| [0m[34m|[0m /* 8.630 */                e[0m
    [36m| [0m[34m|[0m /* 8.631 */            }[0m
    [36m| [0m[34m|[0m /* 8.632 */        } catch(e: Exception) {[0m
    [36m| [0m[34m|[0m /* 8.633 */            if(e is AssertException || e is AssertIntermediateException || e is UnittestTimeoutException) {[0m
    [36m| [0m[34m|[0m /* 8.634 */                throw e[0m
    [36m| [0m[34m|[0m /* 8.635 */            }[0m
    [36m| [0m[34m|[0m /* 8.636 */            assertCaughtUnexpectedE("@AssertThrows(api.ResolveException)", "api.ResolveException", e.toString())[0m
    [36m| [0m[34m|[0m /* 8.637 */        }[0m
    [36m| [0m[34m|[0m /* 8.638 */    }[0m
    [36m| [0m[34m|[0m /* 8.639 */    [0m
    [36m| [0m[34m|[0m /* 8.640 */    @Attribute[TestCase_53][0m
    [36m| [0m[34m|[0m /* 8.641 */    func summaryConstructorRejectsSectionMetadataThatCouldBlurBoundaries(): Unit {[0m
    [36m| [0m[34m|[0m /* 8.642 */        try {[0m
    [36m| [0m[34m|[0m /* 8.643 */            try {[0m
    [36m| [0m[34m|[0m /* 8.644 */                assertEqual("true", "true", true, true)[0m
    [36m| [0m[34m|[0m /* 8.645 */                DnsMessageSummary(1u16, 1, false, questionCount: 0, records: Array < DnsRecord >())[0m
    [36m| [0m[34m|[0m /* 8.646 */                fail("@AssertThrows: Expected 'IllegalArgumentException' was not caught.")[0m
    [36m| [0m[34m|[0m /* 8.647 */            } catch(e: IllegalArgumentException) {[0m
    [36m| [0m[34m|[0m /* 8.648 */                if(e is AssertException) {[0m
    [36m| [0m[34m|[0m /* 8.649 */                    throw e[0m
    [36m| [0m[34m|[0m /* 8.650 */                }[0m
    [36m| [0m[34m|[0m /* 8.651 */                if(e is AssertIntermediateException) {[0m
    [36m| [0m[34m|[0m /* 8.652 */                    throw e[0m
    [36m| [0m[34m|[0m /* 8.653 */                }[0m
    [36m| [0m[34m|[0m /* 8.654 */                if(e is UnittestTimeoutException) {[0m
    [36m| [0m[34m|[0m /* 8.655 */                    throw e[0m
    [36m| [0m[34m|[0m /* 8.656 */                }[0m
    [36m| [0m[34m|[0m /* 8.657 */                e[0m
    [36m| [0m[34m|[0m /* 8.658 */            }[0m
    [36m| [0m[34m|[0m /* 8.659 */        } catch(e: Exception) {[0m
    [36m| [0m[34m|[0m /* 8.660 */            if(e is AssertException || e is AssertIntermediateException || e is UnittestTimeoutException) {[0m
    [36m| [0m[34m|[0m /* 8.661 */                throw e[0m
    [36m| [0m[34m|[0m /* 8.662 */            }[0m
    [36m| [0m[34m|[0m /* 8.663 */            assertCaughtUnexpectedE("@AssertThrows(IllegalArgumentException)", "IllegalArgumentException", e.toString())[0m
    [36m| [0m[34m|[0m /* 8.664 */        }[0m
    [36m| [0m[34m|[0m /* 8.665 */    }[0m
    [36m| [0m[34m|[0m /* 8.666 */    [0m
    [36m| [0m[34m|[0m /* 8.667 */    @Attribute[TestCase_54][0m
    [36m| [0m[34m|[0m /* 8.668 */    func additionalOwnerMayReferenceAuthorityNameserverTarget(): Unit {[0m
    [36m| [0m[34m|[0m /* 8.669 */        let message = dnsTestHeader(0x1234u16, 0x8180u16, 1, 1, 1, 1)[0m
    [36m| [0m[34m|[0m /* 8.670 */        dnsTestAppendQuestion(message, "example.test", 1)[0m
    [36m| [0m[34m|[0m /* 8.671 */        dnsTestAppendRecord(message,[0xC0u8, 0x0Cu8], 1,[192u8, 0u8, 2u8, 1u8])[0m
    [36m| [0m[34m|[0m /* 8.672 */        let nameserverOffset = message.size + 12[0m
    [36m| [0m[34m|[0m /* 8.673 */        dnsTestAppendRecord(message,[0xC0u8, 0x0Cu8], 2,[2u8, b'n', b's', 0xC0u8, 0x0Cu8])[0m
    [36m| [0m[34m|[0m /* 8.674 */        dnsTestAppendRecord(message, dnsTestPointer(nameserverOffset), 1,[192u8, 0u8, 2u8, 53u8])[0m
    [36m| [0m[34m|[0m /* 8.675 */        let summary = DnsMessageParser().parse(message.toArray())[0m
    [36m| [0m[34m|[0m /* 8.676 */        expectEqual("summary.records[0].data()", "[192u8, 0u8, 2u8, 1u8]", summary.records[0].data(),[192u8, 0u8, 2u8, 1u8], isDelta: false)[0m
    [36m| [0m[34m|[0m /* 8.677 */        expectEqual("summary.records[2].name", "\"ns.example.test\"", summary.records[2].name, "ns.example.test", isDelta: false)[0m
    [36m| [0m[34m|[0m /* 8.678 */        expectEqual("summary.records[2].data()", "[192u8, 0u8, 2u8, 53u8]", summary.records[2].data(),[192u8, 0u8, 2u8, 53u8], isDelta: false)[0m
    [36m| [0m[34m|[0m /* 8.679 */    }[0m
    [36m| [0m[34m|[0m /* 8.680 */    [0m
    [36m| [0m[34m|[0m /* 8.681 */    @Attribute[TestCase_55][0m
    [36m| [0m[34m|[0m /* 8.682 */    func additionalOwnerMayReferenceSecondLegacyMailboxName(): Unit {[0m
    [36m| [0m[34m|[0m /* 8.683 */        let message = dnsTestHeader(1u16, 0x8180u16, 1, 0, 1, 1)[0m
    [36m| [0m[34m|[0m /* 8.684 */        dnsTestAppendQuestion(message, "example.test", 1)[0m
    [36m| [0m[34m|[0m /* 8.685 */        let mailboxOffset = message.size + 14[0m
    [36m| [0m[34m|[0m /* 8.686 */        let data =[0xC0u8, 0x0Cu8, 3u8, b'e', b'r', b'r', 0xC0u8, 0x0Cu8][0m
    [36m| [0m[34m|[0m /* 8.687 */        dnsTestAppendRecord(message,[0xC0u8, 0x0Cu8], 14, data)[0m
    [36m| [0m[34m|[0m /* 8.688 */        dnsTestAppendRecord(message, dnsTestPointer(mailboxOffset), 1,[192u8, 0u8, 2u8, 9u8])[0m
    [36m| [0m[34m|[0m /* 8.689 */        let summary = DnsMessageParser().parse(message.toArray())[0m
    [36m| [0m[34m|[0m /* 8.690 */        expectEqual("summary.records[0].data()", "data", summary.records[0].data(), data, isDelta: false)[0m
    [36m| [0m[34m|[0m /* 8.691 */        expectEqual("summary.records[1].name", "\"err.example.test\"", summary.records[1].name, "err.example.test", isDelta: false)[0m
    [36m| [0m[34m|[0m /* 8.692 */        expectEqual("summary.records[1].data()", "[192u8, 0u8, 2u8, 9u8]", summary.records[1].data(),[192u8, 0u8, 2u8, 9u8], isDelta: false)[0m
    [36m| [0m[34m|[0m /* 8.693 */        let missingMailbox = dnsTestHeader(1u16, 0x8180u16, 1, 1, 0, 0)[0m
    [36m| [0m[34m|[0m /* 8.694 */        dnsTestAppendQuestion(missingMailbox, "example.test", 14)[0m
    [36m| [0m[34m|[0m /* 8.695 */        dnsTestAppendRecord(missingMailbox,[0xC0u8, 0x0Cu8], 14,[0xC0u8, 0x0Cu8])[0m
    [36m| [0m[34m|[0m /* 8.696 */        try {[0m
    [36m| [0m[34m|[0m /* 8.697 */            try {[0m
    [36m| [0m[34m|[0m /* 8.698 */                assertEqual("true", "true", true, true)[0m
    [36m| [0m[34m|[0m /* 8.699 */                DnsMessageParser().parse(missingMailbox.toArray())[0m
    [36m| [0m[34m|[0m /* 8.700 */                fail("@AssertThrows: Expected 'api.ResolveException' was not caught.")[0m
    [36m| [0m[34m|[0m /* 8.701 */            } catch(e: api.ResolveException) {[0m
    [36m| [0m[34m|[0m /* 8.702 */                if(e is AssertException) {[0m
    [36m| [0m[34m|[0m /* 8.703 */                    throw e[0m
    [36m| [0m[34m|[0m /* 8.704 */                }[0m
    [36m| [0m[34m|[0m /* 8.705 */                if(e is AssertIntermediateException) {[0m
    [36m| [0m[34m|[0m /* 8.706 */                    throw e[0m
    [36m| [0m[34m|[0m /* 8.707 */                }[0m
    [36m| [0m[34m|[0m /* 8.708 */                if(e is UnittestTimeoutException) {[0m
    [36m| [0m[34m|[0m /* 8.709 */                    throw e[0m
    [36m| [0m[34m|[0m /* 8.710 */                }[0m
    [36m| [0m[34m|[0m /* 8.711 */                e[0m
    [36m| [0m[34m|[0m /* 8.712 */            }[0m
    [36m| [0m[34m|[0m /* 8.713 */        } catch(e: Exception) {[0m
    [36m| [0m[34m|[0m /* 8.714 */            if(e is AssertException || e is AssertIntermediateException || e is UnittestTimeoutException) {[0m
    [36m| [0m[34m|[0m /* 8.715 */                throw e[0m
    [36m| [0m[34m|[0m /* 8.716 */            }[0m
    [36m| [0m[34m|[0m /* 8.717 */            assertCaughtUnexpectedE("@AssertThrows(api.ResolveException)", "api.ResolveException", e.toString())[0m
    [36m| [0m[34m|[0m /* 8.718 */        }[0m
    [36m| [0m[34m|[0m /* 8.719 */    }[0m
    [36m| [0m[34m|[0m /* 8.720 */    [0m
    [36m| [0m[34m|[0m /* 8.721 */    init() {[0m
    [36m| [0m[34m|[0m /* 8.722 */    }[0m
    [36m| [0m[34m|[0m /* 8.723 */    private func classConfiguration(): Configuration {[0m
    [36m| [0m[34m|[0m /* 8.724 */        let configuration = Configuration()[0m
    [36m| [0m[34m|[0m /* 8.725 */        [0m
    [36m| [0m[34m|[0m /* 8.726 */        return configuration[0m
    [36m| [0m[34m|[0m /* 8.727 */    }[0m
    [36m| [0m[34m|[0m /* 8.728 */    public override func asTestSuite(): TestSuite {[0m
    [36m| [0m[34m|[0m /* 8.729 */        [0m
    [36m| [0m[34m|[0m /* 8.730 */        let suiteConfiguration = classConfiguration()[0m
    [36m| [0m[34m|[0m /* 8.731 */        let suiteBuilder = TestSuite.builder("DnsWireParserTest").configure(suiteConfiguration)[0m
    [36m| [0m[34m|[0m /* 8.732 */        [0m
    [36m| [0m[34m|[0m /* 8.733 */        { => let caseConfig = Configuration()[0m
    [36m| [0m[34m|[0m /* 8.734 */            [0m
    [36m| [0m[34m|[0m /* 8.735 */            let decodesCompressedTargetsBinaryTxtSoaAndUnknownDataTestFunc = { => decodesCompressedTargetsBinaryTxtSoaAndUnknownData();() }[0m
    [36m| [0m[34m|[0m /* 8.736 */            suiteBuilder.add([0m
    [36m| [0m[34m|[0m /* 8.737 */            UnitTestCase.create([0m
    [36m| [0m[34m|[0m /* 8.738 */            "decodesCompressedTargetsBinaryTxtSoaAndUnknownData",[0m
    [36m| [0m[34m|[0m /* 8.739 */            configuration: caseConfig,[0m
    [36m| [0m[34m|[0m /* 8.740 */            body: decodesCompressedTargetsBinaryTxtSoaAndUnknownDataTestFunc[0m
    [36m| [0m[34m|[0m /* 8.741 */            )[0m
    [36m| [0m[34m|[0m /* 8.742 */            )[0m
    [36m| [0m[34m|[0m /* 8.743 */            [0m
    [36m| [0m[34m|[0m /* 8.744 */        }()[0m
    [36m| [0m[34m|[0m /* 8.745 */        [0m
    [36m| [0m[34m|[0m /* 8.746 */        [0m
    [36m| [0m[34m|[0m /* 8.747 */        { => let caseConfig = Configuration()[0m
    [36m| [0m[34m|[0m /* 8.748 */            [0m
    [36m| [0m[34m|[0m /* 8.749 */            let recordOrderMakesAnswerAuthorityAndAdditionalBoundariesExplicitTestFunc = { => recordOrderMakesAnswerAuthorityAndAdditionalBoundariesExplicit();() }[0m
    [36m| [0m[34m|[0m /* 8.750 */            suiteBuilder.add([0m
    [36m| [0m[34m|[0m /* 8.751 */            UnitTestCase.create([0m
    [36m| [0m[34m|[0m /* 8.752 */            "recordOrderMakesAnswerAuthorityAndAdditionalBoundariesExplicit",[0m
    [36m| [0m[34m|[0m /* 8.753 */            configuration: caseConfig,[0m
    [36m| [0m[34m|[0m /* 8.754 */            body: recordOrderMakesAnswerAuthorityAndAdditionalBoundariesExplicitTestFunc[0m
    [36m| [0m[34m|[0m /* 8.755 */            )[0m
    [36m| [0m[34m|[0m /* 8.756 */            )[0m
    [36m| [0m[34m|[0m /* 8.757 */            [0m
    [36m| [0m[34m|[0m /* 8.758 */        }()[0m
    [36m| [0m[34m|[0m /* 8.759 */        [0m
    [36m| [0m[34m|[0m /* 8.760 */        [0m
    [36m| [0m[34m|[0m /* 8.761 */        { => let caseConfig = Configuration()[0m
    [36m| [0m[34m|[0m /* 8.762 */            [0m
    [36m| [0m[34m|[0m /* 8.763 */            let summariesAndRecordsOwnParserAndConstructorInputsTestFunc = { => summariesAndRecordsOwnParserAndConstructorInputs();() }[0m
    [36m| [0m[34m|[0m /* 8.764 */            suiteBuilder.add([0m
    [36m| [0m[34m|[0m /* 8.765 */            UnitTestCase.create([0m
    [36m| [0m[34m|[0m /* 8.766 */            "summariesAndRecordsOwnParserAndConstructorInputs",[0m
    [36m| [0m[34m|[0m /* 8.767 */            configuration: caseConfig,[0m
    [36m| [0m[34m|[0m /* 8.768 */            body: summariesAndRecordsOwnParserAndConstructorInputsTestFunc[0m
    [36m| [0m[34m|[0m /* 8.769 */            )[0m
    [36m| [0m[34m|[0m /* 8.770 */            )[0m
    [36m| [0m[34m|[0m /* 8.771 */            [0m
    [36m| [0m[34m|[0m /* 8.772 */        }()[0m
    [36m| [0m[34m|[0m /* 8.773 */        [0m
    [36m| [0m[34m|[0m /* 8.774 */        [0m
    [36m| [0m[34m|[0m /* 8.775 */        { => let caseConfig = Configuration()[0m
    [36m| [0m[34m|[0m /* 8.776 */            [0m
    [36m| [0m[34m|[0m /* 8.777 */            let publicSummaryRejectsCountsBeyondWireAndCombinedRecordBoundsTestFunc = { => publicSummaryRejectsCountsBeyondWireAndCombinedRecordBounds();() }[0m
    [36m| [0m[34m|[0m /* 8.778 */            suiteBuilder.add([0m
    [36m| [0m[34m|[0m /* 8.779 */            UnitTestCase.create([0m
    [36m| [0m[34m|[0m /* 8.780 */            "publicSummaryRejectsCountsBeyondWireAndCombinedRecordBounds",[0m
    [36m| [0m[34m|[0m /* 8.781 */            configuration: caseConfig,[0m
    [36m| [0m[34m|[0m /* 8.782 */            body: publicSummaryRejectsCountsBeyondWireAndCombinedRecordBoundsTestFunc[0m
    [36m| [0m[34m|[0m /* 8.783 */            )[0m
    [36m| [0m[34m|[0m /* 8.784 */            )[0m
    [36m| [0m[34m|[0m /* 8.785 */            [0m
    [36m| [0m[34m|[0m /* 8.786 */        }()[0m
    [36m| [0m[34m|[0m /* 8.787 */        [0m
    [36m| [0m[34m|[0m /* 8.788 */        [0m
    [36m| [0m[34m|[0m /* 8.789 */        { => let caseConfig = Configuration()[0m
    [36m| [0m[34m|[0m /* 8.790 */            [0m
    [36m| [0m[34m|[0m /* 8.791 */            let parserPreservesQuestionIdentityAndRejectsIncompleteRecordsTestFunc = { => parserPreservesQuestionIdentityAndRejectsIncompleteRecords();() }[0m
    [36m| [0m[34m|[0m /* 8.792 */            suiteBuilder.add([0m
    [36m| [0m[34m|[0m /* 8.793 */            UnitTestCase.create([0m
    [36m| [0m[34m|[0m /* 8.794 */            "parserPreservesQuestionIdentityAndRejectsIncompleteRecords",[0m
    [36m| [0m[34m|[0m /* 8.795 */            configuration: caseConfig,[0m
    [36m| [0m[34m|[0m /* 8.796 */            body: parserPreservesQuestionIdentityAndRejectsIncompleteRecordsTestFunc[0m
    [36m| [0m[34m|[0m /* 8.797 */            )[0m
    [36m| [0m[34m|[0m /* 8.798 */            )[0m
    [36m| [0m[34m|[0m /* 8.799 */            [0m
    [36m| [0m[34m|[0m /* 8.800 */        }()[0m
    [36m| [0m[34m|[0m /* 8.801 */        [0m
    [36m| [0m[34m|[0m /* 8.802 */        [0m
    [36m| [0m[34m|[0m /* 8.803 */        { => let caseConfig = Configuration()[0m
    [36m| [0m[34m|[0m /* 8.804 */            [0m
    [36m| [0m[34m|[0m /* 8.805 */            let asciiNameProfileRejectsAmbiguousLabelsTestFunc = { => asciiNameProfileRejectsAmbiguousLabels();() }[0m
    [36m| [0m[34m|[0m /* 8.806 */            suiteBuilder.add([0m
    [36m| [0m[34m|[0m /* 8.807 */            UnitTestCase.create([0m
    [36m| [0m[34m|[0m /* 8.808 */            "asciiNameProfileRejectsAmbiguousLabels",[0m
    [36m| [0m[34m|[0m /* 8.809 */            configuration: caseConfig,[0m
    [36m| [0m[34m|[0m /* 8.810 */            body: asciiNameProfileRejectsAmbiguousLabelsTestFunc[0m
    [36m| [0m[34m|[0m /* 8.811 */            )[0m
    [36m| [0m[34m|[0m /* 8.812 */            )[0m
    [36m| [0m[34m|[0m /* 8.813 */            [0m
    [36m| [0m[34m|[0m /* 8.814 */        }()[0m
    [36m| [0m[34m|[0m /* 8.815 */        [0m
    [36m| [0m[34m|[0m /* 8.816 */        [0m
    [36m| [0m[34m|[0m /* 8.817 */        { => let caseConfig = Configuration()[0m
    [36m| [0m[34m|[0m /* 8.818 */            [0m
    [36m| [0m[34m|[0m /* 8.819 */            let compressionLoopsForwardPointersAndOutOfRangePointersAreRejectedTestFunc = { => compressionLoopsForwardPointersAndOutOfRangePointersAreRejected();() }[0m
    [36m| [0m[34m|[0m /* 8.820 */            suiteBuilder.add([0m
    [36m| [0m[34m|[0m /* 8.821 */            UnitTestCase.create([0m
    [36m| [0m[34m|[0m /* 8.822 */            "compressionLoopsForwardPointersAndOutOfRangePointersAreRejected",[0m
    [36m| [0m[34m|[0m /* 8.823 */            configuration: caseConfig,[0m
    [36m| [0m[34m|[0m /* 8.824 */            body: compressionLoopsForwardPointersAndOutOfRangePointersAreRejectedTestFunc[0m
    [36m| [0m[34m|[0m /* 8.825 */            )[0m
    [36m| [0m[34m|[0m /* 8.826 */            )[0m
    [36m| [0m[34m|[0m /* 8.827 */            [0m
    [36m| [0m[34m|[0m /* 8.828 */        }()[0m
    [36m| [0m[34m|[0m /* 8.829 */        [0m
    [36m| [0m[34m|[0m /* 8.830 */        [0m
    [36m| [0m[34m|[0m /* 8.831 */        { => let caseConfig = Configuration()[0m
    [36m| [0m[34m|[0m /* 8.832 */            [0m
    [36m| [0m[34m|[0m /* 8.833 */            let expandedNameAndSectionCountsRespectConfiguredBoundsTestFunc = { => expandedNameAndSectionCountsRespectConfiguredBounds();() }[0m
    [36m| [0m[34m|[0m /* 8.834 */            suiteBuilder.add([0m
    [36m| [0m[34m|[0m /* 8.835 */            UnitTestCase.create([0m
    [36m| [0m[34m|[0m /* 8.836 */            "expandedNameAndSectionCountsRespectConfiguredBounds",[0m
    [36m| [0m[34m|[0m /* 8.837 */            configuration: caseConfig,[0m
    [36m| [0m[34m|[0m /* 8.838 */            body: expandedNameAndSectionCountsRespectConfiguredBoundsTestFunc[0m
    [36m| [0m[34m|[0m /* 8.839 */            )[0m
    [36m| [0m[34m|[0m /* 8.840 */            )[0m
    [36m| [0m[34m|[0m /* 8.841 */            [0m
    [36m| [0m[34m|[0m /* 8.842 */        }()[0m
    [36m| [0m[34m|[0m /* 8.843 */        [0m
    [36m| [0m[34m|[0m /* 8.844 */        [0m
    [36m| [0m[34m|[0m /* 8.845 */        { => let caseConfig = Configuration()[0m
    [36m| [0m[34m|[0m /* 8.846 */            [0m
    [36m| [0m[34m|[0m /* 8.847 */            let completeParserRejectsTrailingAndTruncatedSectionBytesTestFunc = { => completeParserRejectsTrailingAndTruncatedSectionBytes();() }[0m
    [36m| [0m[34m|[0m /* 8.848 */            suiteBuilder.add([0m
    [36m| [0m[34m|[0m /* 8.849 */            UnitTestCase.create([0m
    [36m| [0m[34m|[0m /* 8.850 */            "completeParserRejectsTrailingAndTruncatedSectionBytes",[0m
    [36m| [0m[34m|[0m /* 8.851 */            configuration: caseConfig,[0m
    [36m| [0m[34m|[0m /* 8.852 */            body: completeParserRejectsTrailingAndTruncatedSectionBytesTestFunc[0m
    [36m| [0m[34m|[0m /* 8.853 */            )[0m
    [36m| [0m[34m|[0m /* 8.854 */            )[0m
    [36m| [0m[34m|[0m /* 8.855 */            [0m
    [36m| [0m[34m|[0m /* 8.856 */        }()[0m
    [36m| [0m[34m|[0m /* 8.857 */        [0m
    [36m| [0m[34m|[0m /* 8.858 */        [0m
    [36m| [0m[34m|[0m /* 8.859 */        { => let caseConfig = Configuration()[0m
    [36m| [0m[34m|[0m /* 8.860 */            [0m
    [36m| [0m[34m|[0m /* 8.861 */            let typedRdataLengthsAndTxtSegmentsAreExactTestFunc = { => typedRdataLengthsAndTxtSegmentsAreExact();() }[0m
    [36m| [0m[34m|[0m /* 8.862 */            suiteBuilder.add([0m
    [36m| [0m[34m|[0m /* 8.863 */            UnitTestCase.create([0m
    [36m| [0m[34m|[0m /* 8.864 */            "typedRdataLengthsAndTxtSegmentsAreExact",[0m
    [36m| [0m[34m|[0m /* 8.865 */            configuration: caseConfig,[0m
    [36m| [0m[34m|[0m /* 8.866 */            body: typedRdataLengthsAndTxtSegmentsAreExactTestFunc[0m
    [36m| [0m[34m|[0m /* 8.867 */            )[0m
    [36m| [0m[34m|[0m /* 8.868 */            )[0m
    [36m| [0m[34m|[0m /* 8.869 */            [0m
    [36m| [0m[34m|[0m /* 8.870 */        }()[0m
    [36m| [0m[34m|[0m /* 8.871 */        [0m
    [36m| [0m[34m|[0m /* 8.872 */        [0m
    [36m| [0m[34m|[0m /* 8.873 */        { => let caseConfig = Configuration()[0m
    [36m| [0m[34m|[0m /* 8.874 */            [0m
    [36m| [0m[34m|[0m /* 8.875 */            let compressedRdataNamesCannotConsumeNeighboringRecordBytesTestFunc = { => compressedRdataNamesCannotConsumeNeighboringRecordBytes();() }[0m
    [36m| [0m[34m|[0m /* 8.876 */            suiteBuilder.add([0m
    [36m| [0m[34m|[0m /* 8.877 */            UnitTestCase.create([0m
    [36m| [0m[34m|[0m /* 8.878 */            "compressedRdataNamesCannotConsumeNeighboringRecordBytes",[0m
    [36m| [0m[34m|[0m /* 8.879 */            configuration: caseConfig,[0m
    [36m| [0m[34m|[0m /* 8.880 */            body: compressedRdataNamesCannotConsumeNeighboringRecordBytesTestFunc[0m
    [36m| [0m[34m|[0m /* 8.881 */            )[0m
    [36m| [0m[34m|[0m /* 8.882 */            )[0m
    [36m| [0m[34m|[0m /* 8.883 */            [0m
    [36m| [0m[34m|[0m /* 8.884 */        }()[0m
    [36m| [0m[34m|[0m /* 8.885 */        [0m
    [36m| [0m[34m|[0m /* 8.886 */        [0m
    [36m| [0m[34m|[0m /* 8.887 */        { => let caseConfig = Configuration()[0m
    [36m| [0m[34m|[0m /* 8.888 */            [0m
    [36m| [0m[34m|[0m /* 8.889 */            let srvTargetCompressionIsRejectedEvenWhenPointerIsInBoundsTestFunc = { => srvTargetCompressionIsRejectedEvenWhenPointerIsInBounds();() }[0m
    [36m| [0m[34m|[0m /* 8.890 */            suiteBuilder.add([0m
    [36m| [0m[34m|[0m /* 8.891 */            UnitTestCase.create([0m
    [36m| [0m[34m|[0m /* 8.892 */            "srvTargetCompressionIsRejectedEvenWhenPointerIsInBounds",[0m
    [36m| [0m[34m|[0m /* 8.893 */            configuration: caseConfig,[0m
    [36m| [0m[34m|[0m /* 8.894 */            body: srvTargetCompressionIsRejectedEvenWhenPointerIsInBoundsTestFunc[0m
    [36m| [0m[34m|[0m /* 8.895 */            )[0m
    [36m| [0m[34m|[0m /* 8.896 */            )[0m
    [36m| [0m[34m|[0m /* 8.897 */            [0m
    [36m| [0m[34m|[0m /* 8.898 */        }()[0m
    [36m| [0m[34m|[0m /* 8.899 */        [0m
    [36m| [0m[34m|[0m /* 8.900 */        [0m
    [36m| [0m[34m|[0m /* 8.901 */        { => let caseConfig = Configuration()[0m
    [36m| [0m[34m|[0m /* 8.902 */            [0m
    [36m| [0m[34m|[0m /* 8.903 */            let summaryConstructorRejectsSectionMetadataThatCouldBlurBoundariesTestFunc = { => summaryConstructorRejectsSectionMetadataThatCouldBlurBoundaries();() }[0m
    [36m| [0m[34m|[0m /* 8.904 */            suiteBuilder.add([0m
    [36m| [0m[34m|[0m /* 8.905 */            UnitTestCase.create([0m
    [36m| [0m[34m|[0m /* 8.906 */            "summaryConstructorRejectsSectionMetadataThatCouldBlurBoundaries",[0m
    [36m| [0m[34m|[0m /* 8.907 */            configuration: caseConfig,[0m
    [36m| [0m[34m|[0m /* 8.908 */            body: summaryConstructorRejectsSectionMetadataThatCouldBlurBoundariesTestFunc[0m
    [36m| [0m[34m|[0m /* 8.909 */            )[0m
    [36m| [0m[34m|[0m /* 8.910 */            )[0m
    [36m| [0m[34m|[0m /* 8.911 */            [0m
    [36m| [0m[34m|[0m /* 8.912 */        }()[0m
    [36m| [0m[34m|[0m /* 8.913 */        [0m
    [36m| [0m[34m|[0m /* 8.914 */        [0m
    [36m| [0m[34m|[0m /* 8.915 */        { => let caseConfig = Configuration()[0m
    [36m| [0m[34m|[0m /* 8.916 */            [0m
    [36m| [0m[34m|[0m /* 8.917 */            let additionalOwnerMayReferenceAuthorityNameserverTargetTestFunc = { => additionalOwnerMayReferenceAuthorityNameserverTarget();() }[0m
    [36m| [0m[34m|[0m /* 8.918 */            suiteBuilder.add([0m
    [36m| [0m[34m|[0m /* 8.919 */            UnitTestCase.create([0m
    [36m| [0m[34m|[0m /* 8.920 */            "additionalOwnerMayReferenceAuthorityNameserverTarget",[0m
    [36m| [0m[34m|[0m /* 8.921 */            configuration: caseConfig,[0m
    [36m| [0m[34m|[0m /* 8.922 */            body: additionalOwnerMayReferenceAuthorityNameserverTargetTestFunc[0m
    [36m| [0m[34m|[0m /* 8.923 */            )[0m
    [36m| [0m[34m|[0m /* 8.924 */            )[0m
    [36m| [0m[34m|[0m /* 8.925 */            [0m
    [36m| [0m[34m|[0m /* 8.926 */        }()[0m
    [36m| [0m[34m|[0m /* 8.927 */        [0m
    [36m| [0m[34m|[0m /* 8.928 */        [0m
    [36m| [0m[34m|[0m /* 8.929 */        { => let caseConfig = Configuration()[0m
    [36m| [0m[34m|[0m /* 8.930 */            [0m
    [36m| [0m[34m|[0m /* 8.931 */            let additionalOwnerMayReferenceSecondLegacyMailboxNameTestFunc = { => additionalOwnerMayReferenceSecondLegacyMailboxName();() }[0m
    [36m| [0m[34m|[0m /* 8.932 */            suiteBuilder.add([0m
    [36m| [0m[34m|[0m /* 8.933 */            UnitTestCase.create([0m
    [36m| [0m[34m|[0m /* 8.934 */            "additionalOwnerMayReferenceSecondLegacyMailboxName",[0m
    [36m| [0m[34m|[0m /* 8.935 */            configuration: caseConfig,[0m
    [36m| [0m[34m|[0m /* 8.936 */            body: additionalOwnerMayReferenceSecondLegacyMailboxNameTestFunc[0m
    [36m| [0m[34m|[0m /* 8.937 */            )[0m
    [36m| [0m[34m|[0m /* 8.938 */            )[0m
    [36m| [0m[34m|[0m /* 8.939 */            [0m
    [36m| [0m[34m|[0m /* 8.940 */        }()[0m
    [36m| [0m[34m|[0m /* 8.941 */        [0m
    [36m| [0m[34m|[0m /* 8.942 */        return suiteBuilder.build()[0m
    [36m| [0m[34m|[0m /* 8.943 */    }[0m
    [36m| [0m[34m|[0m /* 8.944 */    private func inheritedFromClassAnnotatedByTestTemplate < T >(): TestSuite where T <: TestClass {[0m
    [36m| [0m[34m|[0m /* 8.945 */        throw Exception("Unreachable code")[0m
    [36m| [0m[34m|[0m /* 8.946 */    }[0m
    [36m| [0m[34m|[0m /* 8.947 */}[0m
    [36m| [0m[34m|[0m /* 8.948 */[0m
    [36m| [0m[34m|[0m /* 8.949 */[0m
    [36m| [0m[34m|[0m /* 8.950 */interface TestPackageExtension_DnsWireParserTest {[0m
    [36m| [0m[34m|[0m /* 8.951 */    func registerDnsWireParserTest(): Unit[0m
    [36m| [0m[34m|[0m /* 8.952 */}[0m
    [36m| [0m[34m|[0m /* 8.953 */extend TestPackage <: TestPackageExtension_DnsWireParserTest {[0m
    [36m| [0m[34m|[0m /* 8.954 */    @Attribute[TEST_REGISTER][0m
    [36m| [0m[34m|[0m /* 8.955 */    public func registerDnsWireParserTest() {[0m
    [36m| [0m[34m|[0m /* 8.956 */        registerSuite({ => DnsWireParserTest().asTestSuite() })[0m
    [36m| [0m[34m|[0m /* 8.957 */    }[0m
    [36m| [0m[34m|[0m /* 8.958 */}[0m
    [36m| [0m[34m|[0m /* 8.959 */[0m
    [36m| [0m[34m|[0m[34m_[0m[34m__________^[0m
    [36m| [0m
[34mnote[0m: which is expanded as follows
    [36m| [0m
    [36m| [0m/* 8.93 */                DnsMessageSummary(1u16, 0, false, questionCount: 65536, questions: questions)[0m
    [36m| [0m                          [34m^^^^^^^^^^^^^^^^^^^^^^^^^^^^^^^^^^^^^^^^^^^^^^^^^^^^^^^^^^^^^^^^^^^^^^^^^^^^^ [0m
    [36m| [0m

[33mwarning[0m: unused expression
   [36m==>[0m /home/elliot/playground/Wirestack-pr-worktrees/M8-004-publication/src/net/dns_wire_test.cj:102:13:
    [36m| [0m
[36m102[0m [36m| [0m            DnsMessageSummary(1u16, 65536, false, records: records)[0m
    [36m| [0m            [33m^ unused expression[0m
    [36m| [0m
    [36m#[0m [0mnote[0m: this warning can be suppressed by setting the compiler option `-Woff unused`
[34mnote[0m: the warning occurs after the macro is expanded
   [36m==>[0m /home/elliot/playground/Wirestack-pr-worktrees/M8-004-publication/src/net/dns_wire_test.cj:8:1:
    [36m| [0m
[36m8[0m   [36m| [0m  @Test[0m
    [36m| [0m [34m_[0m[34m^[0m
[36m9[0m   [36m| [0m[34m|[0m class DnsWireParserTest {[0m
    [36m| [0m[34m|[0m ...[0m
[36m305[0m [36m| [0m[34m|[0m }[0m
    [36m| [0m[34m|[0m[34m_[0m[34m^[0m
    [36m| [0m
[34mnote[0m: which is expanded as follows
    [36m| [0m
    [36m| [0m/* 8.116 */                DnsMessageSummary(1u16, 65536, false, records: records)[0m
    [36m| [0m                           [34m^^^^^^^^^^^^^^^^^^^^^^^^^^^^^^^^^^^^^^^^^^^^^^^^^^^^^^^ [0m
    [36m| [0m

[33mwarning[0m: unused expression
   [36m==>[0m /home/elliot/playground/Wirestack-pr-worktrees/M8-004-publication/src/net/dns_wire_test.cj:105:13:
    [36m| [0m
[36m105[0m [36m| [0m            DnsMessageSummary(1u16, 32768, false, authorityCount: 32768, records: records)[0m
    [36m| [0m            [33m^ unused expression[0m
    [36m| [0m
    [36m#[0m [0mnote[0m: this warning can be suppressed by setting the compiler option `-Woff unused`
[34mnote[0m: the warning occurs after the macro is expanded
   [36m==>[0m /home/elliot/playground/Wirestack-pr-worktrees/M8-004-publication/src/net/dns_wire_test.cj:8:1:
    [36m| [0m
[36m8[0m   [36m| [0m  @Test[0m
    [36m| [0m [34m_[0m[34m^[0m
[36m9[0m   [36m| [0m[34m|[0m class DnsWireParserTest {[0m
    [36m| [0m[34m|[0m ...[0m
[36m305[0m [36m| [0m[34m|[0m }[0m
    [36m| [0m[34m|[0m[34m_[0m[34m^[0m
    [36m| [0m
[34mnote[0m: which is expanded as follows
    [36m| [0m
    [36m| [0m/* 8.139 */                DnsMessageSummary(1u16, 32768, false, authorityCount: 32768, records: records)[0m
    [36m| [0m                           [34m^^^^^^^^^^^^^^^^^^^^^^^^^^^^^^^^^^^^^^^^^^^^^^^^^^^^^^^^^^^^^^^^^^^^^^^^^^^^^^ [0m
    [36m| [0m

[33mwarning[0m: unreachable block in 'if' expression
    [36m| [0m
    [36m| [0m  /* 8.193 */                if(e is AssertException) {[0m
    [36m| [0m [33m_[0m[33m____________________________________________________^[0m
    [36m| [0m[33m|[0m /* 8.194 */                    throw e[0m
    [36m| [0m[33m|[0m /* 8.195 */                }[0m
    [36m| [0m[33m|[0m[33m_[0m[33m___________________________^ unreachable block in 'if' expression[0m
    [36m| [0m
    [36m#[0m [0mnote[0m: this warning can be suppressed by setting the compiler option `-Woff unused`
[34mnote[0m: the warning occurs after the macro is expanded
   [36m==>[0m /home/elliot/playground/Wirestack-pr-worktrees/M8-004-publication/src/net/dns_wire_test.cj:8:1:
    [36m| [0m
[36m8[0m   [36m| [0m  @Test[0m
    [36m| [0m [34m_[0m[34m^[0m
[36m9[0m   [36m| [0m[34m|[0m class DnsWireParserTest {[0m
    [36m| [0m[34m|[0m ...[0m
[36m305[0m [36m| [0m[34m|[0m }[0m
    [36m| [0m[34m|[0m[34m_[0m[34m^[0m
    [36m| [0m

[33mwarning[0m: unused expression
   [36m==>[0m /home/elliot/playground/Wirestack-pr-worktrees/M8-004-publication/src/net/dns_resolver_test.cj:202:53:
    [36m| [0m
[36m202[0m [36m| [0m            @AssertThrows[IllegalArgumentException](DnsResolverConfig(nameservers: [endpoint]))[0m
    [36m| [0m                                                    [33m^ unused expression[0m
    [36m| [0m
    [36m#[0m [0mnote[0m: this warning can be suppressed by setting the compiler option `-Woff unused`
[34mnote[0m: the warning occurs after the macro is expanded
   [36m==>[0m /home/elliot/playground/Wirestack-pr-worktrees/M8-004-publication/src/net/dns_resolver_test.cj:156:1:
    [36m| [0m
[36m156[0m [36m| [0m  @Test[0m
    [36m| [0m [34m_[0m[34m^[0m
[36m157[0m [36m| [0m[34m|[0m class DnsResolverPolicyTest {[0m
    [36m| [0m[34m|[0m ...[0m
[36m723[0m [36m| [0m[34m|[0m }[0m
    [36m| [0m[34m|[0m[34m_[0m[34m^[0m
    [36m| [0m
[34mnote[0m: the code after the macro is expanded as follows
    [36m| [0m
    [36m| [0m  /* 156.1 */@Attribute[TEST_GENERATED] class DnsResolverPolicyTest <: TestClass {[0m
    [36m| [0m [34m_[0m[34m^[0m
    [36m| [0m[34m|[0m /* 156.2 */    @Attribute[TestCase_24][0m
    [36m| [0m[34m|[0m /* 156.3 */    func fromSystemParsesTabsCommentsLastSearchAndClampedNdots(): Unit {[0m
    [36m| [0m[34m|[0m /* 156.4 */        let path = dnsResolverTestTempPath()[0m
    [36m| [0m[34m|[0m /* 156.5 */        try {[0m
    [36m| [0m[34m|[0m /* 156.6 */            File.writeTo(path,("# trusted resolver fixture\n" + "nameserver\t192.0.2.53 # primary\n" + "nameserver 010.0.0.1 ; leading zero is not a literal\n" + "nameserver 300.1.1.1\n" + "nameserver 2001:db8::53 ; secondary\n" + "nameserver 2001:db8:::53\n" + "search old.test duplicate.test\n" + "domain\tfinal.test ignored.test # the last directive wins\n" + "options rotate ndots:99 ndots:-1\n").toArray())[0m
    [36m| [0m[34m|[0m /* 156.7 */            let config = DnsResolverConfig.fromSystem(path: path)[0m
    [36m| [0m[34m|[0m /* 156.8 */            let servers = config.nameservers[0m
    [36m| [0m[34m|[0m /* 156.9 */            assertEqual("servers.size", "2", servers.size, 2, isDelta: false)[0m
    [36m| [0m[34m|[0m /* 156.10 */            expectEqual("servers[0].address.toOctets()", "[192u8, 0u8, 2u8, 53u8]", servers[0].address.toOctets(),[192u8, 0u8, 2u8, 53u8], isDelta: false)[0m
    [36m| [0m[34m|[0m /* 156.11 */            expectEqual("servers[0].port", "53u16", servers[0].port, 53u16, isDelta: false)[0m
    [36m| [0m[34m|[0m /* 156.12 */            expectEqual("dnsResolverTestFamilyIs(servers[1].address.family, api.IpAddressFamily.Ipv6)", "true", dnsResolverTestFamilyIs(servers[1].address.family, api.IpAddressFamily.Ipv6), true, isDelta: false)[0m
    [36m| [0m[34m|[0m /* 156.13 */            expectEqual("servers[1].port", "53u16", servers[1].port, 53u16, isDelta: false)[0m
    [36m| [0m[34m|[0m /* 156.14 */            expectEqual("config.searchDomains", "[api.HostName(\"final.test\")]", config.searchDomains,[api.HostName("final.test")], isDelta: false)[0m
    [36m| [0m[34m|[0m /* 156.15 */            expectEqual("config.ndots", "15", config.ndots, 15, isDelta: false)[0m
    [36m| [0m[34m|[0m /* 156.16 */        } finally {[0m
    [36m| [0m[34m|[0m /* 156.17 */            let _ = removeIfExists(path)[0m
    [36m| [0m[34m|[0m /* 156.18 */        }[0m
    [36m| [0m[34m|[0m /* 156.19 */    }[0m
    [36m| [0m[34m|[0m /* 156.20 */    [0m
    [36m| [0m[34m|[0m /* 156.21 */    @Attribute[TestCase_25][0m
    [36m| [0m[34m|[0m /* 156.22 */    func directConfigRejectsUnsupportedNameserverZonesBeforeQueries(): Unit {[0m
    [36m| [0m[34m|[0m /* 156.23 */        let octets = Array < Byte >(16, repeat: 0u8)[0m
    [36m| [0m[34m|[0m /* 156.24 */        octets[0] = 0xFEu8[0m
    [36m| [0m[34m|[0m /* 156.25 */        octets[1] = 0x80u8[0m
    [36m| [0m[34m|[0m /* 156.26 */        octets[15] = 1u8[0m
    [36m| [0m[34m|[0m /* 156.27 */        for(zone in["eth0", "4294967296"]) {[0m
    [36m| [0m[34m|[0m /* 156.28 */            let endpoint = api.SocketEndpoint(api.IpAddress(api.IpAddressFamily.Ipv6, octets, zone: Some(zone)), 53u16)[0m
    [36m| [0m[34m|[0m /* 156.29 */            try {[0m
    [36m| [0m[34m|[0m /* 156.30 */                try {[0m
    [36m| [0m[34m|[0m /* 156.31 */                    assertEqual("true", "true", true, true)[0m
    [36m| [0m[34m|[0m /* 156.32 */                    DnsResolverConfig(nameservers:[endpoint])[0m
    [36m| [0m[34m|[0m /* 156.33 */                    fail("@AssertThrows: Expected 'IllegalArgumentException' was not caught.")[0m
    [36m| [0m[34m|[0m /* 156.34 */                } catch(e: IllegalArgumentException) {[0m
    [36m| [0m[34m|[0m /* 156.35 */                    if(e is AssertException) {[0m
    [36m| [0m[34m|[0m /* 156.36 */                        throw e[0m
    [36m| [0m[34m|[0m /* 156.37 */                    }[0m
    [36m| [0m[34m|[0m /* 156.38 */                    if(e is AssertIntermediateException) {[0m
    [36m| [0m[34m|[0m /* 156.39 */                        throw e[0m
    [36m| [0m[34m|[0m /* 156.40 */                    }[0m
    [36m| [0m[34m|[0m /* 156.41 */                    if(e is UnittestTimeoutException) {[0m
    [36m| [0m[34m|[0m /* 156.42 */                        throw e[0m
    [36m| [0m[34m|[0m /* 156.43 */                    }[0m
    [36m| [0m[34m|[0m /* 156.44 */                    e[0m
    [36m| [0m[34m|[0m /* 156.45 */                }[0m
    [36m| [0m[34m|[0m /* 156.46 */            } catch(e: Exception) {[0m
    [36m| [0m[34m|[0m /* 156.47 */                if(e is AssertException || e is AssertIntermediateException || e is UnittestTimeoutException) {[0m
    [36m| [0m[34m|[0m /* 156.48 */                    throw e[0m
    [36m| [0m[34m|[0m /* 156.49 */                }[0m
    [36m| [0m[34m|[0m /* 156.50 */                assertCaughtUnexpectedE("@AssertThrows(IllegalArgumentException)", "IllegalArgumentException", e.toString())[0m
    [36m| [0m[34m|[0m /* 156.51 */            }[0m
    [36m| [0m[34m|[0m /* 156.52 */        }[0m
    [36m| [0m[34m|[0m /* 156.53 */    }[0m
    [36m| [0m[34m|[0m /* 156.54 */    [0m
    [36m| [0m[34m|[0m /* 156.55 */    @Attribute[TestCase_26][0m
    [36m| [0m[34m|[0m /* 156.56 */    func numericNameserverZonesUseCanonicalEndpointIdentity(): Unit {[0m
    [36m| [0m[34m|[0m /* 156.57 */        let octets = Array < Byte >(16, repeat: 0u8)[0m
    [36m| [0m[34m|[0m /* 156.58 */        octets[0] = 0xFEu8[0m
    [36m| [0m[34m|[0m /* 156.59 */        octets[1] = 0x80u8[0m
    [36m| [0m[34m|[0m /* 156.60 */        octets[15] = 1u8[0m
    [36m| [0m[34m|[0m /* 156.61 */        for((spelling, canonical) in[("0001", Some("1")),("000", None < String >)]) {[0m
    [36m| [0m[34m|[0m /* 156.62 */            let configured = api.SocketEndpoint(api.IpAddress(api.IpAddressFamily.Ipv6, octets, zone: Some(spelling)), 53u16)[0m
    [36m| [0m[34m|[0m /* 156.63 */            let received = api.SocketEndpoint(api.IpAddress(api.IpAddressFamily.Ipv6, octets, zone: canonical), 53u16)[0m
    [36m| [0m[34m|[0m /* 156.64 */            expectEqual("DnsResolverConfig(nameservers:[configured]).nameservers[0]", "received", DnsResolverConfig(nameservers:[configured]).nameservers[0], received, isDelta: false)[0m
    [36m| [0m[34m|[0m /* 156.65 */        }[0m
    [36m| [0m[34m|[0m /* 156.66 */    }[0m
    [36m| [0m[34m|[0m /* 156.67 */    [0m
    [36m| [0m[34m|[0m /* 156.68 */    @Attribute[TestCase_27][0m
    [36m| [0m[34m|[0m /* 156.69 */    func systemNameserversRetainOnlySupportedNumericZones(): Unit {[0m
    [36m| [0m[34m|[0m /* 156.70 */        let path = dnsResolverTestTempPath()[0m
    [36m| [0m[34m|[0m /* 156.71 */        try {[0m
    [36m| [0m[34m|[0m /* 156.72 */            File.writeTo(path,("nameserver fe80::1%eth0\n" + "nameserver fe80::2%4294967296\n" + "nameserver fe80::3%007\n" + "nameserver 192.0.2.53\n").toArray())[0m
    [36m| [0m[34m|[0m /* 156.73 */            let servers = DnsResolverConfig.fromSystem(path: path).nameservers[0m
    [36m| [0m[34m|[0m /* 156.74 */            assertEqual("servers.size", "2", servers.size, 2, isDelta: false)[0m
    [36m| [0m[34m|[0m /* 156.75 */            expectEqual("servers[0].address.zone", "Some(\"7\")", servers[0].address.zone, Some("7"), isDelta: false)[0m
    [36m| [0m[34m|[0m /* 156.76 */            expectEqual("servers[1].address.toOctets()", "[192u8, 0u8, 2u8, 53u8]", servers[1].address.toOctets(),[192u8, 0u8, 2u8, 53u8], isDelta: false)[0m
    [36m| [0m[34m|[0m /* 156.77 */            File.writeTo(path, "nameserver fe80::1%eth0\n".toArray())[0m
    [36m| [0m[34m|[0m /* 156.78 */            expectEqual("DnsResolverConfig.fromSystem(path: path).nameservers.isEmpty()", "true", DnsResolverConfig.fromSystem(path: path).nameservers.isEmpty(), true, isDelta: false)[0m
    [36m| [0m[34m|[0m /* 156.79 */        } finally {[0m
    [36m| [0m[34m|[0m /* 156.80 */            let _ = removeIfExists(path)[0m
    [36m| [0m[34m|[0m /* 156.81 */        }[0m
    [36m| [0m[34m|[0m /* 156.82 */    }[0m
    [36m| [0m[34m|[0m /* 156.83 */    [0m
    [36m| [0m[34m|[0m /* 156.84 */    @Attribute[TestCase_28][0m
    [36m| [0m[34m|[0m /* 156.85 */    func equivalentNameserverScopesDoNotConsumeTheServerLimit(): Unit {[0m
    [36m| [0m[34m|[0m /* 156.86 */        let path = dnsResolverTestTempPath()[0m
    [36m| [0m[34m|[0m /* 156.87 */        try {[0m
    [36m| [0m[34m|[0m /* 156.88 */            var contents = ""[0m
    [36m| [0m[34m|[0m /* 156.89 */            for(scope in["1", "01", "001", "0001", "00001", "000001", "0000001", "00000001"]) {[0m
    [36m| [0m[34m|[0m /* 156.90 */                contents += "nameserver fe80::1%${scope}\n"[0m
    [36m| [0m[34m|[0m /* 156.91 */            }[0m
    [36m| [0m[34m|[0m /* 156.92 */            contents += "nameserver 192.0.2.53\n"[0m
    [36m| [0m[34m|[0m /* 156.93 */            File.writeTo(path, contents.toArray())[0m
    [36m| [0m[34m|[0m /* 156.94 */            let servers = DnsResolverConfig.fromSystem(path: path).nameservers[0m
    [36m| [0m[34m|[0m /* 156.95 */            assertEqual("servers.size", "2", servers.size, 2, isDelta: false)[0m
    [36m| [0m[34m|[0m /* 156.96 */            expectEqual("servers[0].address.zone", "Some(\"1\")", servers[0].address.zone, Some("1"), isDelta: false)[0m
    [36m| [0m[34m|[0m /* 156.97 */            expectEqual("servers[1].address.toOctets()", "[192u8, 0u8, 2u8, 53u8]", servers[1].address.toOctets(),[192u8, 0u8, 2u8, 53u8], isDelta: false)[0m
    [36m| [0m[34m|[0m /* 156.98 */        } finally {[0m
    [36m| [0m[34m|[0m /* 156.99 */            let _ = removeIfExists(path)[0m
    [36m| [0m[34m|[0m /* 156.100 */        }[0m
    [36m| [0m[34m|[0m /* 156.101 */    }[0m
    [36m| [0m[34m|[0m /* 156.102 */    [0m
    [36m| [0m[34m|[0m /* 156.103 */    @Attribute[TestCase_29][0m
    [36m| [0m[34m|[0m /* 156.104 */    func configOwnsInputArraysAndReturnsDefensiveCopies(): Unit {[0m
    [36m| [0m[34m|[0m /* 156.105 */        let first = dnsResolverTestLoopback(5301u16)[0m
    [36m| [0m[34m|[0m /* 156.106 */        let second = dnsResolverTestLoopback(5302u16)[0m
    [36m| [0m[34m|[0m /* 156.107 */        let nameservers =[first, second][0m
    [36m| [0m[34m|[0m /* 156.108 */        let searches =[api.HostName("first.test"), api.HostName("second.test")][0m
    [36m| [0m[34m|[0m /* 156.109 */        let config = DnsResolverConfig(nameservers: nameservers, searchDomains: searches, hostsPath: "")[0m
    [36m| [0m[34m|[0m /* 156.110 */        nameservers[0] = dnsResolverTestLoopback(5399u16)[0m
    [36m| [0m[34m|[0m /* 156.111 */        searches[0] = api.HostName("mutated.test")[0m
    [36m| [0m[34m|[0m /* 156.112 */        expectEqual("config.nameservers[0]", "first", config.nameservers[0], first, isDelta: false)[0m
    [36m| [0m[34m|[0m /* 156.113 */        expectEqual("config.searchDomains[0]", "api.HostName(\"first.test\")", config.searchDomains[0], api.HostName("first.test"), isDelta: false)[0m
    [36m| [0m[34m|[0m /* 156.114 */        let returnedServers = config.nameservers[0m
    [36m| [0m[34m|[0m /* 156.115 */        let returnedSearches = config.searchDomains[0m
    [36m| [0m[34m|[0m /* 156.116 */        returnedServers[0] = dnsResolverTestLoopback(5398u16)[0m
    [36m| [0m[34m|[0m /* 156.117 */        returnedSearches[0] = api.HostName("returned.test")[0m
    [36m| [0m[34m|[0m /* 156.118 */        expectEqual("config.nameservers[0]", "first", config.nameservers[0], first, isDelta: false)[0m
    [36m| [0m[34m|[0m /* 156.119 */        expectEqual("config.nameservers[1]", "second", config.nameservers[1], second, isDelta: false)[0m
    [36m| [0m[34m|[0m /* 156.120 */        expectEqual("config.searchDomains[0]", "api.HostName(\"first.test\")", config.searchDomains[0], api.HostName("first.test"), isDelta: false)[0m
    [36m| [0m[34m|[0m /* 156.121 */        expectEqual("config.searchDomains[1]", "api.HostName(\"second.test\")", config.searchDomains[1], api.HostName("second.test"), isDelta: false)[0m
    [36m| [0m[34m|[0m /* 156.122 */    }[0m
    [36m| [0m[34m|[0m /* 156.123 */    [0m
    [36m| [0m[34m|[0m /* 156.124 */    @Attribute[TestCase_30][0m
    [36m| [0m[34m|[0m /* 156.125 */    func adoptedClientRequiresMatchingConfigurationWithoutTakingRejectedOwnership(): Unit {[0m
    [36m| [0m[34m|[0m /* 156.126 */        let settings = DnsResolverConfig(hostsPath: "", queryTimeout: Duration.second)[0m
    [36m| [0m[34m|[0m /* 156.127 */        let client = DnsClient(config: settings)[0m
    [36m| [0m[34m|[0m /* 156.128 */        try {[0m
    [36m| [0m[34m|[0m /* 156.129 */            try {[0m
    [36m| [0m[34m|[0m /* 156.130 */                try {[0m
    [36m| [0m[34m|[0m /* 156.131 */                    assertEqual("true", "true", true, true)[0m
    [36m| [0m[34m|[0m /* 156.132 */                    Resolver(config: DnsResolverConfig(hostsPath: "", queryTimeout: 30 * Duration.second), dns: Some(client))[0m
    [36m| [0m[34m|[0m /* 156.133 */                    fail("@AssertThrows: Expected 'IllegalArgumentException' was not caught.")[0m
    [36m| [0m[34m|[0m /* 156.134 */                } catch(e: IllegalArgumentException) {[0m
    [36m| [0m[34m|[0m /* 156.135 */                    if(e is AssertException) {[0m
    [36m| [0m[34m|[0m /* 156.136 */                        throw e[0m
    [36m| [0m[34m|[0m /* 156.137 */                    }[0m
    [36m| [0m[34m|[0m /* 156.138 */                    if(e is AssertIntermediateException) {[0m
    [36m| [0m[34m|[0m /* 156.139 */                        throw e[0m
    [36m| [0m[34m|[0m /* 156.140 */                    }[0m
    [36m| [0m[34m|[0m /* 156.141 */                    if(e is UnittestTimeoutException) {[0m
    [36m| [0m[34m|[0m /* 156.142 */                        throw e[0m
    [36m| [0m[34m|[0m /* 156.143 */                    }[0m
    [36m| [0m[34m|[0m /* 156.144 */                    e[0m
    [36m| [0m[34m|[0m /* 156.145 */                }[0m
    [36m| [0m[34m|[0m /* 156.146 */            } catch(e: Exception) {[0m
    [36m| [0m[34m|[0m /* 156.147 */                if(e is AssertException || e is AssertIntermediateException || e is UnittestTimeoutException) {[0m
    [36m| [0m[34m|[0m /* 156.148 */                    throw e[0m
    [36m| [0m[34m|[0m /* 156.149 */                }[0m
    [36m| [0m[34m|[0m /* 156.150 */                assertCaughtUnexpectedE("@AssertThrows(IllegalArgumentException)", "IllegalArgumentException", e.toString())[0m
    [36m| [0m[34m|[0m /* 156.151 */            }[0m
    [36m| [0m[34m|[0m /* 156.152 */            expectEqual("! client.isClosed()", "true", ! client.isClosed(), true, isDelta: false)[0m
    [36m| [0m[34m|[0m /* 156.153 */            let owner = Resolver(config: DnsResolverConfig(hostsPath: "", queryTimeout: Duration.second), dns: Some(client))[0m
    [36m| [0m[34m|[0m /* 156.154 */            owner.close()[0m
    [36m| [0m[34m|[0m /* 156.155 */            expectEqual("client.isClosed()", "true", client.isClosed(), true, isDelta: false)[0m
    [36m| [0m[34m|[0m /* 156.156 */        } finally {[0m
    [36m| [0m[34m|[0m /* 156.157 */            client.close()[0m
    [36m| [0m[34m|[0m /* 156.158 */        }[0m
    [36m| [0m[34m|[0m /* 156.159 */    }[0m
    [36m| [0m[34m|[0m /* 156.160 */    [0m
    [36m| [0m[34m|[0m /* 156.161 */    @Attribute[TestCase_31][0m
    [36m| [0m[34m|[0m /* 156.162 */    func systemFilesFailClosedWhenMissingOversizedOrNonregular(): Unit {[0m
    [36m| [0m[34m|[0m /* 156.163 */        let missing = dnsResolverTestTempPath()[0m
    [36m| [0m[34m|[0m /* 156.164 */        let oversized = dnsResolverTestTempPath()[0m
    [36m| [0m[34m|[0m /* 156.165 */        let directory = dnsResolverTestTempPath()[0m
    [36m| [0m[34m|[0m /* 156.166 */        try {[0m
    [36m| [0m[34m|[0m /* 156.167 */            let _ = removeIfExists(missing)[0m
    [36m| [0m[34m|[0m /* 156.168 */            File.writeTo(oversized, Array < Byte >(1024 * 1024 + 1, repeat: 0u8))[0m
    [36m| [0m[34m|[0m /* 156.169 */            let _ = removeIfExists(directory)[0m
    [36m| [0m[34m|[0m /* 156.170 */            Directory.create(directory)[0m
    [36m| [0m[34m|[0m /* 156.171 */            expectEqual("dnsResolverTestDefaults(DnsResolverConfig.fromSystem(path: missing))", "true", dnsResolverTestDefaults(DnsResolverConfig.fromSystem(path: missing)), true, isDelta: false)[0m
    [36m| [0m[34m|[0m /* 156.172 */            expectEqual("dnsResolverTestDefaults(DnsResolverConfig.fromSystem(path: oversized))", "true", dnsResolverTestDefaults(DnsResolverConfig.fromSystem(path: oversized)), true, isDelta: false)[0m
    [36m| [0m[34m|[0m /* 156.173 */            expectEqual("dnsResolverTestDefaults(DnsResolverConfig.fromSystem(path: directory))", "true", dnsResolverTestDefaults(DnsResolverConfig.fromSystem(path: directory)), true, isDelta: false)[0m
    [36m| [0m[34m|[0m /* 156.174 */        } finally {[0m
    [36m| [0m[34m|[0m /* 156.175 */            let _ = removeIfExists(missing)[0m
    [36m| [0m[34m|[0m /* 156.176 */            let _ = removeIfExists(oversized)[0m
    [36m| [0m[34m|[0m /* 156.177 */            let _ = removeIfExists(directory, recursive: true)[0m
    [36m| [0m[34m|[0m /* 156.178 */        }[0m
    [36m| [0m[34m|[0m /* 156.179 */    }[0m
    [36m| [0m[34m|[0m /* 156.180 */    [0m
    [36m| [0m[34m|[0m /* 156.181 */    @Attribute[TestCase_32][0m
    [36m| [0m[34m|[0m /* 156.182 */    func ipv4LiteralsBypassHostsSearchAndNameservers(): Unit {[0m
    [36m| [0m[34m|[0m /* 156.183 */        let server = UdpSocket.bind(dnsResolverTestLoopback(0u16))[0m
    [36m| [0m[34m|[0m /* 156.184 */        let path = dnsResolverTestTempPath()[0m
    [36m| [0m[34m|[0m /* 156.185 */        try {[0m
    [36m| [0m[34m|[0m /* 156.186 */            File.writeTo(path, "192.0.2.9 127.0.0.1\n".toArray())[0m
    [36m| [0m[34m|[0m /* 156.187 */            let resolver = Resolver(config: DnsResolverConfig(nameservers:[dnsResolverTestEndpoint(server)], searchDomains:[api.HostName("literal-search.test")], hostsPath: path, queryTimeout: 50 * Duration.millisecond, attempts: 1))[0m
    [36m| [0m[34m|[0m /* 156.188 */            try {[0m
    [36m| [0m[34m|[0m /* 156.189 */                let result = resolver.resolve("127.0.0.1")[0m
    [36m| [0m[34m|[0m /* 156.190 */                expectEqual("result.addresses.size", "1", result.addresses.size, 1, isDelta: false)[0m
    [36m| [0m[34m|[0m /* 156.191 */                expectEqual("result.addresses[0]", "dnsResolverTestIpv4(1u8)", result.addresses[0], dnsResolverTestIpv4(1u8), isDelta: false)[0m
    [36m| [0m[34m|[0m /* 156.192 */                expectEqual("result.canonicalHost", "api.HostName(\"127.0.0.1\")", result.canonicalHost, api.HostName("127.0.0.1"), isDelta: false)[0m
    [36m| [0m[34m|[0m /* 156.193 */                match(result.source) {[0m
    [36m| [0m[34m|[0m /* 156.194 */                    case api.ResolverSource.Static =>()[0m
    [36m| [0m[34m|[0m /* 156.195 */                    case _ => fail("literal resolution depended on an external source")[0m
    [36m| [0m[34m|[0m /* 156.196 */                }[0m
    [36m| [0m[34m|[0m /* 156.197 */                let familyError = try {[0m
    [36m| [0m[34m|[0m /* 156.198 */                    try {[0m
    [36m| [0m[34m|[0m /* 156.199 */                        assertEqual("true", "true", true, true)[0m
    [36m| [0m[34m|[0m /* 156.200 */                        resolver.resolve("127.0.0.1", options: api.ResolveOptions(family: api.ResolveAddressFamily.Ipv6))[0m
    [36m| [0m[34m|[0m /* 156.201 */                        fail("@AssertThrows: Expected 'api.ResolveException' was not caught.")[0m
    [36m| [0m[34m|[0m /* 156.202 */                    } catch(e: api.ResolveException) {[0m
    [36m| [0m[34m|[0m /* 156.203 */                        if(e is AssertException) {[0m
    [36m| [0m[34m|[0m /* 156.204 */                            throw e[0m
    [36m| [0m[34m|[0m /* 156.205 */                        }[0m
    [36m| [0m[34m|[0m /* 156.206 */                        if(e is AssertIntermediateException) {[0m
    [36m| [0m[34m|[0m /* 156.207 */                            throw e[0m
    [36m| [0m[34m|[0m /* 156.208 */                        }[0m
    [36m| [0m[34m|[0m /* 156.209 */                        if(e is UnittestTimeoutException) {[0m
    [36m| [0m[34m|[0m /* 156.210 */                            throw e[0m
    [36m| [0m[34m|[0m /* 156.211 */                        }[0m
    [36m| [0m[34m|[0m /* 156.212 */                        e[0m
    [36m| [0m[34m|[0m /* 156.213 */                    }[0m
    [36m| [0m[34m|[0m /* 156.214 */                } catch(e: Exception) {[0m
    [36m| [0m[34m|[0m /* 156.215 */                    if(e is AssertException || e is AssertIntermediateException || e is UnittestTimeoutException) {[0m
    [36m| [0m[34m|[0m /* 156.216 */                        throw e[0m
    [36m| [0m[34m|[0m /* 156.217 */                    }[0m
    [36m| [0m[34m|[0m /* 156.218 */                    assertCaughtUnexpectedE("@AssertThrows(api.ResolveException)", "api.ResolveException", e.toString())[0m
    [36m| [0m[34m|[0m /* 156.219 */                }[0m
    [36m| [0m[34m|[0m /* 156.220 */                [0m
    [36m| [0m[34m|[0m /* 156.221 */                match(familyError.resolveCode) {[0m
    [36m| [0m[34m|[0m /* 156.222 */                    case api.ResolveErrorCode.NoData =>()[0m
    [36m| [0m[34m|[0m /* 156.223 */                    case _ => fail("IPv4 literal bypassed the requested address family")[0m
    [36m| [0m[34m|[0m /* 156.224 */                }[0m
    [36m| [0m[34m|[0m /* 156.225 */                let cancellation = api.CancellationSource()[0m
    [36m| [0m[34m|[0m /* 156.226 */                cancellation.cancel()[0m
    [36m| [0m[34m|[0m /* 156.227 */                let stopped = try {[0m
    [36m| [0m[34m|[0m /* 156.228 */                    try {[0m
    [36m| [0m[34m|[0m /* 156.229 */                        assertEqual("true", "true", true, true)[0m
    [36m| [0m[34m|[0m /* 156.230 */                        resolver.resolve("127.0.0.1", context: api.OperationContext(cancellation: cancellation.token))[0m
    [36m| [0m[34m|[0m /* 156.231 */                        fail("@AssertThrows: Expected 'api.ResolveException' was not caught.")[0m
    [36m| [0m[34m|[0m /* 156.232 */                    } catch(e: api.ResolveException) {[0m
    [36m| [0m[34m|[0m /* 156.233 */                        if(e is AssertException) {[0m
    [36m| [0m[34m|[0m /* 156.234 */                            throw e[0m
    [36m| [0m[34m|[0m /* 156.235 */                        }[0m
    [36m| [0m[34m|[0m /* 156.236 */                        if(e is AssertIntermediateException) {[0m
    [36m| [0m[34m|[0m /* 156.237 */                            throw e[0m
    [36m| [0m[34m|[0m /* 156.238 */                        }[0m
    [36m| [0m[34m|[0m /* 156.239 */                        if(e is UnittestTimeoutException) {[0m
    [36m| [0m[34m|[0m /* 156.240 */                            throw e[0m
    [36m| [0m[34m|[0m /* 156.241 */                        }[0m
    [36m| [0m[34m|[0m /* 156.242 */                        e[0m
    [36m| [0m[34m|[0m /* 156.243 */                    }[0m
    [36m| [0m[34m|[0m /* 156.244 */                } catch(e: Exception) {[0m
    [36m| [0m[34m|[0m /* 156.245 */                    if(e is AssertException || e is AssertIntermediateException || e is UnittestTimeoutException) {[0m
    [36m| [0m[34m|[0m /* 156.246 */                        throw e[0m
    [36m| [0m[34m|[0m /* 156.247 */                    }[0m
    [36m| [0m[34m|[0m /* 156.248 */                    assertCaughtUnexpectedE("@AssertThrows(api.ResolveException)", "api.ResolveException", e.toString())[0m
    [36m| [0m[34m|[0m /* 156.249 */                }[0m
    [36m| [0m[34m|[0m /* 156.250 */                [0m
    [36m| [0m[34m|[0m /* 156.251 */                expectEqual("dnsResolverTestResolveErrorIs(stopped, api.ResolveErrorCode.Cancelled)", "true", dnsResolverTestResolveErrorIs(stopped, api.ResolveErrorCode.Cancelled), true, isDelta: false)[0m
    [36m| [0m[34m|[0m /* 156.252 */                let noDns = try {[0m
    [36m| [0m[34m|[0m /* 156.253 */                    try {[0m
    [36m| [0m[34m|[0m /* 156.254 */                        assertEqual("true", "true", true, true)[0m
    [36m| [0m[34m|[0m /* 156.255 */                        server.receive(512, context: api.OperationContext(deadline: Some(api.Deadline.after(50 * Duration.millisecond))))[0m
    [36m| [0m[34m|[0m /* 156.256 */                        fail("@AssertThrows: Expected 'api.NetworkException' was not caught.")[0m
    [36m| [0m[34m|[0m /* 156.257 */                    } catch(e: api.NetworkException) {[0m
    [36m| [0m[34m|[0m /* 156.258 */                        if(e is AssertException) {[0m
    [36m| [0m[34m|[0m /* 156.259 */                            throw e[0m
    [36m| [0m[34m|[0m /* 156.260 */                        }[0m
    [36m| [0m[34m|[0m /* 156.261 */                        if(e is AssertIntermediateException) {[0m
    [36m| [0m[34m|[0m /* 156.262 */                            throw e[0m
    [36m| [0m[34m|[0m /* 156.263 */                        }[0m
    [36m| [0m[34m|[0m /* 156.264 */                        if(e is UnittestTimeoutException) {[0m
    [36m| [0m[34m|[0m /* 156.265 */                            throw e[0m
    [36m| [0m[34m|[0m /* 156.266 */                        }[0m
    [36m| [0m[34m|[0m /* 156.267 */                        e[0m
    [36m| [0m[34m|[0m /* 156.268 */                    }[0m
    [36m| [0m[34m|[0m /* 156.269 */                } catch(e: Exception) {[0m
    [36m| [0m[34m|[0m /* 156.270 */                    if(e is AssertException || e is AssertIntermediateException || e is UnittestTimeoutException) {[0m
    [36m| [0m[34m|[0m /* 156.271 */                        throw e[0m
    [36m| [0m[34m|[0m /* 156.272 */                    }[0m
    [36m| [0m[34m|[0m /* 156.273 */                    assertCaughtUnexpectedE("@AssertThrows(api.NetworkException)", "api.NetworkException", e.toString())[0m
    [36m| [0m[34m|[0m /* 156.274 */                }[0m
    [36m| [0m[34m|[0m /* 156.275 */                [0m
    [36m| [0m[34m|[0m /* 156.276 */                expectEqual("dnsResolverTestReceiveTimedOut(noDns)", "true", dnsResolverTestReceiveTimedOut(noDns), true, isDelta: false)[0m
    [36m| [0m[34m|[0m /* 156.277 */            } finally {[0m
    [36m| [0m[34m|[0m /* 156.278 */                resolver.close()[0m
    [36m| [0m[34m|[0m /* 156.279 */            }[0m
    [36m| [0m[34m|[0m /* 156.280 */        } finally {[0m
    [36m| [0m[34m|[0m /* 156.281 */            server.close()[0m
    [36m| [0m[34m|[0m /* 156.282 */            let _ = removeIfExists(path)[0m
    [36m| [0m[34m|[0m /* 156.283 */        }[0m
    [36m| [0m[34m|[0m /* 156.284 */    }[0m
    [36m| [0m[34m|[0m /* 156.285 */    [0m
    [36m| [0m[34m|[0m /* 156.286 */    @Attribute[TestCase_33][0m
    [36m| [0m[34m|[0m /* 156.287 */    func hostsSnapshotRetainsOnlyUsableIpv6Zones(): Unit {[0m
    [36m| [0m[34m|[0m /* 156.288 */        let path = dnsResolverTestTempPath()[0m
    [36m| [0m[34m|[0m /* 156.289 */        try {[0m
    [36m| [0m[34m|[0m /* 156.290 */            File.writeTo(path,("fe80::1%eth0 scoped.test\n" + "fe80::2%4294967296 scoped.test\n" + "fe80::3%1 scoped.test\n" + "fe80::3%01 scoped.test\n" + "::1%000 scoped.test\n" + "::1 scoped.test\n").toArray())[0m
    [36m| [0m[34m|[0m /* 156.291 */            let resolver = Resolver(config: DnsResolverConfig(hostsPath: path))[0m
    [36m| [0m[34m|[0m /* 156.292 */            try {[0m
    [36m| [0m[34m|[0m /* 156.293 */                let result = resolver.resolve(api.HostName("scoped.test"), options: api.ResolveOptions(family: api.ResolveAddressFamily.Ipv6, maxResults: 2))[0m
    [36m| [0m[34m|[0m /* 156.294 */                expectEqual("result.addresses.size", "2", result.addresses.size, 2, isDelta: false)[0m
    [36m| [0m[34m|[0m /* 156.295 */                expectEqual("result.addresses[0].zone", "Some(\"1\")", result.addresses[0].zone, Some("1"), isDelta: false)[0m
    [36m| [0m[34m|[0m /* 156.296 */                expectEqual("result.addresses[0].toOctets()[15]", "3u8", result.addresses[0].toOctets()[15], 3u8, isDelta: false)[0m
    [36m| [0m[34m|[0m /* 156.297 */                expectEqual("result.addresses[result.addresses.size - 1].zone.isNone()", "true", result.addresses[result.addresses.size - 1].zone.isNone(), true, isDelta: false)[0m
    [36m| [0m[34m|[0m /* 156.298 */                expectEqual("result.addresses[1].toOctets()[15]", "1u8", result.addresses[1].toOctets()[15], 1u8, isDelta: false)[0m
    [36m| [0m[34m|[0m /* 156.299 */                expectEqual("dnsResolverTestHostsSource(result.source)", "true", dnsResolverTestHostsSource(result.source), true, isDelta: false)[0m
    [36m| [0m[34m|[0m /* 156.300 */            } finally {[0m
    [36m| [0m[34m|[0m /* 156.301 */                resolver.close()[0m
    [36m| [0m[34m|[0m /* 156.302 */            }[0m
    [36m| [0m[34m|[0m /* 156.303 */        } finally {[0m
    [36m| [0m[34m|[0m /* 156.304 */            let _ = removeIfExists(path)[0m
    [36m| [0m[34m|[0m /* 156.305 */        }[0m
    [36m| [0m[34m|[0m /* 156.306 */    }[0m
    [36m| [0m[34m|[0m /* 156.307 */    [0m
    [36m| [0m[34m|[0m /* 156.308 */    @Attribute[TestCase_34][0m
    [36m| [0m[34m|[0m /* 156.309 */    func hostsAliasesFilterFamiliesAndRemainSnapshotted(): Unit {[0m
    [36m| [0m[34m|[0m /* 156.310 */        let path = dnsResolverTestTempPath()[0m
    [36m| [0m[34m|[0m /* 156.311 */        try {[0m
    [36m| [0m[34m|[0m /* 156.312 */            File.writeTo(path,("127.0.0.2 primary-v4 alias-v4 mixed # v4 aliases\n" + "::1 primary-v6 alias-v6 mixed ; v6 aliases\n" + "010.0.0.7 rejected-alias\n").toArray())[0m
    [36m| [0m[34m|[0m /* 156.313 */            let config = DnsResolverConfig(hostsPath: path)[0m
    [36m| [0m[34m|[0m /* 156.314 */            let resolver = Resolver(config: config)[0m
    [36m| [0m[34m|[0m /* 156.315 */            try {[0m
    [36m| [0m[34m|[0m /* 156.316 */                File.writeTo(path, "127.0.0.9 alias-v4 mixed\n".toArray())[0m
    [36m| [0m[34m|[0m /* 156.317 */                let ipv4 = resolver.resolve(api.HostName("alias-v4"), options: api.ResolveOptions(family: api.ResolveAddressFamily.Ipv4))[0m
    [36m| [0m[34m|[0m /* 156.318 */                expectEqual("ipv4.addresses", "[dnsResolverTestIpv4(2u8)]", ipv4.addresses,[dnsResolverTestIpv4(2u8)], isDelta: false)[0m
    [36m| [0m[34m|[0m /* 156.319 */                expectEqual("ipv4.canonicalHost", "api.HostName(\"alias-v4\")", ipv4.canonicalHost, api.HostName("alias-v4"), isDelta: false)[0m
    [36m| [0m[34m|[0m /* 156.320 */                expectEqual("dnsResolverTestHostsSource(ipv4.source)", "true", dnsResolverTestHostsSource(ipv4.source), true, isDelta: false)[0m
    [36m| [0m[34m|[0m /* 156.321 */                expectEqual("ipv4.expiration.isNone()", "true", ipv4.expiration.isNone(), true, isDelta: false)[0m
    [36m| [0m[34m|[0m /* 156.322 */                let ipv6 = resolver.resolve(api.HostName("alias-v6"), options: api.ResolveOptions(family: api.ResolveAddressFamily.Ipv6))[0m
    [36m| [0m[34m|[0m /* 156.323 */                assertEqual("ipv6.addresses.size", "1", ipv6.addresses.size, 1, isDelta: false)[0m
    [36m| [0m[34m|[0m /* 156.324 */                expectEqual("dnsResolverTestFamilyIs(ipv6.addresses[0].family, api.IpAddressFamily.Ipv6)", "true", dnsResolverTestFamilyIs(ipv6.addresses[0].family, api.IpAddressFamily.Ipv6), true, isDelta: false)[0m
    [36m| [0m[34m|[0m /* 156.325 */                let mixedV4 = resolver.resolve(api.HostName("mixed"), options: api.ResolveOptions(family: api.ResolveAddressFamily.Ipv4))[0m
    [36m| [0m[34m|[0m /* 156.326 */                let mixedV6 = resolver.resolve(api.HostName("mixed"), options: api.ResolveOptions(family: api.ResolveAddressFamily.Ipv6))[0m
    [36m| [0m[34m|[0m /* 156.327 */                expectEqual("mixedV4.addresses", "[dnsResolverTestIpv4(2u8)]", mixedV4.addresses,[dnsResolverTestIpv4(2u8)], isDelta: false)[0m
    [36m| [0m[34m|[0m /* 156.328 */                assertEqual("mixedV6.addresses.size", "1", mixedV6.addresses.size, 1, isDelta: false)[0m
    [36m| [0m[34m|[0m /* 156.329 */                expectEqual("dnsResolverTestFamilyIs(mixedV6.addresses[0].family, api.IpAddressFamily.Ipv6)", "true", dnsResolverTestFamilyIs(mixedV6.addresses[0].family, api.IpAddressFamily.Ipv6), true, isDelta: false)[0m
    [36m| [0m[34m|[0m /* 156.330 */                let reloaded = Resolver(config: config)[0m
    [36m| [0m[34m|[0m /* 156.331 */                try {[0m
    [36m| [0m[34m|[0m /* 156.332 */                    expectEqual("reloaded.resolve(api.HostName(\"alias-v4\")).addresses", "[dnsResolverTestIpv4(9u8)]", reloaded.resolve(api.HostName("alias-v4")).addresses,[dnsResolverTestIpv4(9u8)], isDelta: false)[0m
    [36m| [0m[34m|[0m /* 156.333 */                } finally {[0m
    [36m| [0m[34m|[0m /* 156.334 */                    reloaded.close()[0m
    [36m| [0m[34m|[0m /* 156.335 */                }[0m
    [36m| [0m[34m|[0m /* 156.336 */            } finally {[0m
    [36m| [0m[34m|[0m /* 156.337 */                resolver.close()[0m
    [36m| [0m[34m|[0m /* 156.338 */            }[0m
    [36m| [0m[34m|[0m /* 156.339 */        } finally {[0m
    [36m| [0m[34m|[0m /* 156.340 */            let _ = removeIfExists(path)[0m
    [36m| [0m[34m|[0m /* 156.341 */        }[0m
    [36m| [0m[34m|[0m /* 156.342 */    }[0m
    [36m| [0m[34m|[0m /* 156.343 */    [0m
    [36m| [0m[34m|[0m /* 156.344 */    @Attribute[TestCase_35][0m
    [36m| [0m[34m|[0m /* 156.345 */    func trailingRootSkipsSearchWhileNdotsSelectsSearchOrAbsoluteFirst(): Unit {[0m
    [36m| [0m[34m|[0m /* 156.346 */        let server = UdpSocket.bind(dnsResolverTestLoopback(0u16))[0m
    [36m| [0m[34m|[0m /* 156.347 */        let endpoint = dnsResolverTestEndpoint(server)[0m
    [36m| [0m[34m|[0m /* 156.348 */        let searchFirst = Resolver(config: DnsResolverConfig(nameservers:[endpoint], searchDomains:[api.HostName("search.test")], ndots: 2, hostsPath: "", attempts: 1))[0m
    [36m| [0m[34m|[0m /* 156.349 */        let absoluteFirst = Resolver(config: DnsResolverConfig(nameservers:[endpoint], searchDomains:[api.HostName("search.test")], ndots: 1, hostsPath: "", attempts: 1))[0m
    [36m| [0m[34m|[0m /* 156.350 */        let serving: Future < Array < String >>= spawn { let names = ArrayList < String >()[0m
    [36m| [0m[34m|[0m /* 156.351 */            for(_ in 0 .. 3) {[0m
    [36m| [0m[34m|[0m /* 156.352 */                let received = server.receive(512, context: api.OperationContext(deadline: Some(api.Deadline.after(2 * Duration.second))))[0m
    [36m| [0m[34m|[0m /* 156.353 */                names.add(DnsMessageParser().parse(received.payload).questions[0].name)[0m
    [36m| [0m[34m|[0m /* 156.354 */                let header = received.payload.clone()[0m
    [36m| [0m[34m|[0m /* 156.355 */                header[2] = 0x81u8[0m
    [36m| [0m[34m|[0m /* 156.356 */                header[3] = 0x80u8[0m
    [36m| [0m[34m|[0m /* 156.357 */                header[7] = 1u8[0m
    [36m| [0m[34m|[0m /* 156.358 */                let response = ArrayList < Byte >()[0m
    [36m| [0m[34m|[0m /* 156.359 */                for(byte in header) {[0m
    [36m| [0m[34m|[0m /* 156.360 */                    response.add(byte)[0m
    [36m| [0m[34m|[0m /* 156.361 */                }[0m
    [36m| [0m[34m|[0m /* 156.362 */                for(byte in[0xC0u8, 0x0Cu8, 0u8, 1u8, 0u8, 1u8, 0u8, 0u8, 0u8, 0u8, 0u8, 4u8, 127u8, 0u8, 0u8, 42u8]) {[0m
    [36m| [0m[34m|[0m /* 156.363 */                    response.add(byte)[0m
    [36m| [0m[34m|[0m /* 156.364 */                }[0m
    [36m| [0m[34m|[0m /* 156.365 */                let _ = server.sendTo(received.source.getOrThrow(), api.ByteSpan(response.toArray()), context: api.OperationContext(deadline: Some(api.Deadline.after(Duration.second))))[0m
    [36m| [0m[34m|[0m /* 156.366 */            }[0m
    [36m| [0m[34m|[0m /* 156.367 */            names.toArray()[0m
    [36m| [0m[34m|[0m /* 156.368 */        }[0m
    [36m| [0m[34m|[0m /* 156.369 */        let options = api.ResolveOptions(family: api.ResolveAddressFamily.Ipv4)[0m
    [36m| [0m[34m|[0m /* 156.370 */        try {[0m
    [36m| [0m[34m|[0m /* 156.371 */            let expanded = searchFirst.resolve("service", options: options)[0m
    [36m| [0m[34m|[0m /* 156.372 */            expectEqual("expanded.canonicalHost", "api.HostName(\"service.search.test\")", expanded.canonicalHost, api.HostName("service.search.test"), isDelta: false)[0m
    [36m| [0m[34m|[0m /* 156.373 */            let rooted = searchFirst.resolve("service.", options: options)[0m
    [36m| [0m[34m|[0m /* 156.374 */            expectEqual("rooted.canonicalHost", "api.HostName(\"service\")", rooted.canonicalHost, api.HostName("service"), isDelta: false)[0m
    [36m| [0m[34m|[0m /* 156.375 */            let absolute = absoluteFirst.resolve("db.prod", options: options)[0m
    [36m| [0m[34m|[0m /* 156.376 */            expectEqual("absolute.canonicalHost", "api.HostName(\"db.prod\")", absolute.canonicalHost, api.HostName("db.prod"), isDelta: false)[0m
    [36m| [0m[34m|[0m /* 156.377 */            expectEqual("expanded.addresses", "[dnsResolverTestIpv4(42u8)]", expanded.addresses,[dnsResolverTestIpv4(42u8)], isDelta: false)[0m
    [36m| [0m[34m|[0m /* 156.378 */            expectEqual("serving.get(Duration.second)", "[\"service.search.test\", \"service\", \"db.prod\"]", serving.get(Duration.second),["service.search.test", "service", "db.prod"], isDelta: false)[0m
    [36m| [0m[34m|[0m /* 156.379 */        } finally {[0m
    [36m| [0m[34m|[0m /* 156.380 */            searchFirst.close()[0m
    [36m| [0m[34m|[0m /* 156.381 */            absoluteFirst.close()[0m
    [36m| [0m[34m|[0m /* 156.382 */            server.close()[0m
    [36m| [0m[34m|[0m /* 156.383 */            try {[0m
    [36m| [0m[34m|[0m /* 156.384 */                let _ = serving.get(Duration.second)[0m
    [36m| [0m[34m|[0m /* 156.385 */            } catch(_: Exception) {[0m
    [36m| [0m[34m|[0m /* 156.386 */            }[0m
    [36m| [0m[34m|[0m /* 156.387 */        }[0m
    [36m| [0m[34m|[0m /* 156.388 */    }[0m
    [36m| [0m[34m|[0m /* 156.389 */    [0m
    [36m| [0m[34m|[0m /* 156.390 */    @Attribute[TestCase_36][0m
    [36m| [0m[34m|[0m /* 156.391 */    func exactHostsEntryWinsBeforeSearchSuffixDns(): Unit {[0m
    [36m| [0m[34m|[0m /* 156.392 */        let path = dnsResolverTestTempPath()[0m
    [36m| [0m[34m|[0m /* 156.393 */        let dnsServer = UdpSocket.bind(dnsResolverTestLoopback(0u16))[0m
    [36m| [0m[34m|[0m /* 156.394 */        File.writeTo(path, "127.0.0.21 precedence.test\n".toArray())[0m
    [36m| [0m[34m|[0m /* 156.395 */        let resolver = Resolver(config: DnsResolverConfig(nameservers:[dnsResolverTestEndpoint(dnsServer)], searchDomains:[api.HostName("search.test")], ndots: 2, hostsPath: path, queryTimeout: Duration.second, attempts: 1))[0m
    [36m| [0m[34m|[0m /* 156.396 */        let serving: Future < Int64 >= spawn { try {[0m
    [36m| [0m[34m|[0m /* 156.397 */            let received = dnsServer.receive(512, context: api.OperationContext(deadline: Some(api.Deadline.after(200 * Duration.millisecond))))[0m
    [36m| [0m[34m|[0m /* 156.398 */            let _ = dnsServer.sendTo(received.source.getOrThrow(), api.ByteSpan(dnsResolverTestNxdomain(received.payload)), context: api.OperationContext(deadline: Some(api.Deadline.after(Duration.second))))[0m
    [36m| [0m[34m|[0m /* 156.399 */            1[0m
    [36m| [0m[34m|[0m /* 156.400 */        } catch(error: api.NetworkException) {[0m
    [36m| [0m[34m|[0m /* 156.401 */            if(dnsResolverTestReceiveTimedOut(error)) {[0m
    [36m| [0m[34m|[0m /* 156.402 */                0[0m
    [36m| [0m[34m|[0m /* 156.403 */            }[0m
    [36m| [0m[34m|[0m /* 156.404 */            else {[0m
    [36m| [0m[34m|[0m /* 156.405 */                throw error[0m
    [36m| [0m[34m|[0m /* 156.406 */            }[0m
    [36m| [0m[34m|[0m /* 156.407 */        }[0m
    [36m| [0m[34m|[0m /* 156.408 */    }[0m
    [36m| [0m[34m|[0m /* 156.409 */    try {[0m
    [36m| [0m[34m|[0m /* 156.410 */        let result = resolver.resolve("precedence.test", options: api.ResolveOptions(family: api.ResolveAddressFamily.Ipv4))[0m
    [36m| [0m[34m|[0m /* 156.411 */        expectEqual("result.addresses", "[dnsResolverTestIpv4(21u8)]", result.addresses,[dnsResolverTestIpv4(21u8)], isDelta: false)[0m
    [36m| [0m[34m|[0m /* 156.412 */        expectEqual("result.canonicalHost", "api.HostName(\"precedence.test\")", result.canonicalHost, api.HostName("precedence.test"), isDelta: false)[0m
    [36m| [0m[34m|[0m /* 156.413 */        expectEqual("dnsResolverTestHostsSource(result.source)", "true", dnsResolverTestHostsSource(result.source), true, isDelta: false)[0m
    [36m| [0m[34m|[0m /* 156.414 */        expectEqual("serving.get(Duration.second)", "0", serving.get(Duration.second), 0, isDelta: false)[0m
    [36m| [0m[34m|[0m /* 156.415 */    } finally {[0m
    [36m| [0m[34m|[0m /* 156.416 */        resolver.close()[0m
    [36m| [0m[34m|[0m /* 156.417 */        dnsServer.close()[0m
    [36m| [0m[34m|[0m /* 156.418 */        try {[0m
    [36m| [0m[34m|[0m /* 156.419 */            let _ = serving.get(Duration.second)[0m
    [36m| [0m[34m|[0m /* 156.420 */        } catch(_: Exception) {[0m
    [36m| [0m[34m|[0m /* 156.421 */        }[0m
    [36m| [0m[34m|[0m /* 156.422 */        let _ = removeIfExists(path)[0m
    [36m| [0m[34m|[0m /* 156.423 */    }[0m
    [36m| [0m[34m|[0m /* 156.424 */}[0m
    [36m| [0m[34m|[0m /* 156.425 */[0m
    [36m| [0m[34m|[0m /* 156.426 */@Attribute[TestCase_37][0m
    [36m| [0m[34m|[0m /* 156.427 */func cancelledExpiredAndClosedCallsRetainPublicResolveClassifications(): Unit {[0m
    [36m| [0m[34m|[0m /* 156.428 */    let path = dnsResolverTestTempPath()[0m
    [36m| [0m[34m|[0m /* 156.429 */    try {[0m
    [36m| [0m[34m|[0m /* 156.430 */        File.writeTo(path, "127.0.0.20 lifecycle.test\n".toArray())[0m
    [36m| [0m[34m|[0m /* 156.431 */        let resolver = Resolver(config: DnsResolverConfig(hostsPath: path))[0m
    [36m| [0m[34m|[0m /* 156.432 */        try {[0m
    [36m| [0m[34m|[0m /* 156.433 */            let cancellation = api.CancellationSource()[0m
    [36m| [0m[34m|[0m /* 156.434 */            cancellation.cancel()[0m
    [36m| [0m[34m|[0m /* 156.435 */            let cancelled = dnsResolverTestResolveError({ =>[0m
    [36m| [0m[34m|[0m /* 156.436 */                let _ = resolver.resolve(api.HostName("lifecycle.test"), context: api.OperationContext(cancellation: cancellation.token))[0m
    [36m| [0m[34m|[0m /* 156.437 */            })[0m
    [36m| [0m[34m|[0m /* 156.438 */            expectEqual("dnsResolverTestResolveErrorIs(cancelled, api.ResolveErrorCode.Cancelled)", "true", dnsResolverTestResolveErrorIs(cancelled, api.ResolveErrorCode.Cancelled), true, isDelta: false)[0m
    [36m| [0m[34m|[0m /* 156.439 */            let expired = dnsResolverTestResolveError({ =>[0m
    [36m| [0m[34m|[0m /* 156.440 */                let _ = resolver.resolve(api.HostName("lifecycle.test"), context: api.OperationContext(deadline: Some(api.Deadline.after(Duration.Zero))))[0m
    [36m| [0m[34m|[0m /* 156.441 */            })[0m
    [36m| [0m[34m|[0m /* 156.442 */            expectEqual("dnsResolverTestResolveErrorIs(expired, api.ResolveErrorCode.Timeout)", "true", dnsResolverTestResolveErrorIs(expired, api.ResolveErrorCode.Timeout), true, isDelta: false)[0m
    [36m| [0m[34m|[0m /* 156.443 */            resolver.close()[0m
    [36m| [0m[34m|[0m /* 156.444 */            expectEqual("resolver.isClosed()", "true", resolver.isClosed(), true, isDelta: false)[0m
    [36m| [0m[34m|[0m /* 156.445 */            let closed = dnsResolverTestResolveError({ =>[0m
    [36m| [0m[34m|[0m /* 156.446 */                let _ = resolver.resolve(api.HostName("lifecycle.test"))[0m
    [36m| [0m[34m|[0m /* 156.447 */            })[0m
    [36m| [0m[34m|[0m /* 156.448 */            expectEqual("dnsResolverTestResolveErrorIs(closed, api.ResolveErrorCode.Cancelled)", "true", dnsResolverTestResolveErrorIs(closed, api.ResolveErrorCode.Cancelled), true, isDelta: false)[0m
    [36m| [0m[34m|[0m /* 156.449 */        } finally {[0m
    [36m| [0m[34m|[0m /* 156.450 */            resolver.close()[0m
    [36m| [0m[34m|[0m /* 156.451 */        }[0m
    [36m| [0m[34m|[0m /* 156.452 */    } finally {[0m
    [36m| [0m[34m|[0m /* 156.453 */        let _ = removeIfExists(path)[0m
    [36m| [0m[34m|[0m /* 156.454 */    }[0m
    [36m| [0m[34m|[0m /* 156.455 */}[0m
    [36m| [0m[34m|[0m /* 156.456 */[0m
    [36m| [0m[34m|[0m /* 156.457 */@Attribute[TestCase_38][0m
    [36m| [0m[34m|[0m /* 156.458 */func connectUsesHostsMappingForANativeListenerExchange(): Unit {[0m
    [36m| [0m[34m|[0m /* 156.459 */    let path = dnsResolverTestTempPath()[0m
    [36m| [0m[34m|[0m /* 156.460 */    let listener = TcpListener.bind(dnsResolverTestLoopback(0u16), backlog: 2)[0m
    [36m| [0m[34m|[0m /* 156.461 */    File.writeTo(path, "127.0.0.1 native-connect.test\n".toArray())[0m
    [36m| [0m[34m|[0m /* 156.462 */    let resolver = Resolver(config: DnsResolverConfig(hostsPath: path, queryTimeout: 500 * Duration.millisecond))[0m
    [36m| [0m[34m|[0m /* 156.463 */    let clock = DnsResolverTestClock(MonoTime.now())[0m
    [36m| [0m[34m|[0m /* 156.464 */    let sink = DnsResolverDeadlineSink(clock)[0m
    [36m| [0m[34m|[0m /* 156.465 */    let request =[0x10u8, 0x20u8, 0x30u8][0m
    [36m| [0m[34m|[0m /* 156.466 */    let response =[0xA0u8, 0xB0u8][0m
    [36m| [0m[34m|[0m /* 156.467 */    let serving: Future < Bool >= spawn { let peer = listener.accept(context: api.OperationContext(deadline: Some(api.Deadline.after(2 * Duration.second))))[0m
    [36m| [0m[34m|[0m /* 156.468 */        try {[0m
    [36m| [0m[34m|[0m /* 156.469 */            let received = Array < Byte >(request.size, repeat: 0u8)[0m
    [36m| [0m[34m|[0m /* 156.470 */            peer.readExact(api.MutableByteSpan(received), context: api.OperationContext(deadline: Some(api.Deadline.after(Duration.second))))[0m
    [36m| [0m[34m|[0m /* 156.471 */            peer.writeAll(api.ByteSpan(response), context: api.OperationContext(deadline: Some(api.Deadline.after(Duration.second))))[0m
    [36m| [0m[34m|[0m /* 156.472 */            received == request[0m
    [36m| [0m[34m|[0m /* 156.473 */        } finally {[0m
    [36m| [0m[34m|[0m /* 156.474 */            peer.close()[0m
    [36m| [0m[34m|[0m /* 156.475 */        }[0m
    [36m| [0m[34m|[0m /* 156.476 */    }[0m
    [36m| [0m[34m|[0m /* 156.477 */    var connected:?api.DuplexTransport = None < api.DuplexTransport >[0m
    [36m| [0m[34m|[0m /* 156.478 */    try {[0m
    [36m| [0m[34m|[0m /* 156.479 */        let transport = resolver.connect(api.HostName("native-connect.test"), listener.localEndpoint.port, attemptDelay: Duration.Zero, context: api.OperationContext(deadline: Some(api.Deadline.after(2 * Duration.second, clock: clock)), eventSink: Some(sink)))[0m
    [36m| [0m[34m|[0m /* 156.480 */        connected = Some(transport)[0m
    [36m| [0m[34m|[0m /* 156.481 */        match(transport.info.remoteEndpoint) {[0m
    [36m| [0m[34m|[0m /* 156.482 */            case Some(endpoint) => expectEqual("endpoint", "listener.localEndpoint", endpoint, listener.localEndpoint, isDelta: false)[0m
    [36m| [0m[34m|[0m /* 156.483 */            case _ => fail("connected transport did not expose its Internet peer")[0m
    [36m| [0m[34m|[0m /* 156.484 */        }[0m
    [36m| [0m[34m|[0m /* 156.485 */        api.writeAll(transport, api.ByteSpan(request), context: api.OperationContext(deadline: Some(api.Deadline.after(Duration.second))))[0m
    [36m| [0m[34m|[0m /* 156.486 */        let received = Array < Byte >(response.size, repeat: 0u8)[0m
    [36m| [0m[34m|[0m /* 156.487 */        api.readExact(transport, api.MutableByteSpan(received), context: api.OperationContext(deadline: Some(api.Deadline.after(Duration.second))))[0m
    [36m| [0m[34m|[0m /* 156.488 */        expectEqual("received", "response", received, response, isDelta: false)[0m
    [36m| [0m[34m|[0m /* 156.489 */        expectEqual("serving.get(Duration.second)", "true", serving.get(Duration.second), true, isDelta: false)[0m
    [36m| [0m[34m|[0m /* 156.490 */    } finally {[0m
    [36m| [0m[34m|[0m /* 156.491 */        match(connected) {[0m
    [36m| [0m[34m|[0m /* 156.492 */            case Some(transport) => transport.close(api.OperationContext.background())[0m
    [36m| [0m[34m|[0m /* 156.493 */            case None =>()[0m
    [36m| [0m[34m|[0m /* 156.494 */        }[0m
    [36m| [0m[34m|[0m /* 156.495 */        listener.close()[0m
    [36m| [0m[34m|[0m /* 156.496 */        try {[0m
    [36m| [0m[34m|[0m /* 156.497 */            let _ = serving.get(Duration.second)[0m
    [36m| [0m[34m|[0m /* 156.498 */        } catch(_: Exception) {[0m
    [36m| [0m[34m|[0m /* 156.499 */        }[0m
    [36m| [0m[34m|[0m /* 156.500 */        resolver.close()[0m
    [36m| [0m[34m|[0m /* 156.501 */        let _ = removeIfExists(path)[0m
    [36m| [0m[34m|[0m /* 156.502 */    }[0m
    [36m| [0m[34m|[0m /* 156.503 */}[0m
    [36m| [0m[34m|[0m /* 156.504 */[0m
    [36m| [0m[34m|[0m /* 156.505 */@Attribute[TestCase_39][0m
    [36m| [0m[34m|[0m /* 156.506 */func resolverConnectCarriesOneAbsoluteDeadlineIntoNativeTcpAdmission(): Unit {[0m
    [36m| [0m[34m|[0m /* 156.507 */    let path = dnsResolverTestTempPath()[0m
    [36m| [0m[34m|[0m /* 156.508 */    let listener = TcpListener.bind(dnsResolverTestLoopback(0u16), backlog: 1)[0m
    [36m| [0m[34m|[0m /* 156.509 */    File.writeTo(path, "127.0.0.1 deadline-connect.test\n".toArray())[0m
    [36m| [0m[34m|[0m /* 156.510 */    let resolver = Resolver(config: DnsResolverConfig(hostsPath: path, queryTimeout: 5 * Duration.second))[0m
    [36m| [0m[34m|[0m /* 156.511 */    let clock = DnsResolverTestClock(MonoTime.now())[0m
    [36m| [0m[34m|[0m /* 156.512 */    let sink = DnsResolverDeadlineSink(clock)[0m
    [36m| [0m[34m|[0m /* 156.513 */    try {[0m
    [36m| [0m[34m|[0m /* 156.514 */        let error = try {[0m
    [36m| [0m[34m|[0m /* 156.515 */            let transport = resolver.connect(api.HostName("deadline-connect.test"), listener.localEndpoint.port, attemptDelay: Duration.Zero, context: api.OperationContext(deadline: Some(api.Deadline.after(Duration.second, clock: clock)), eventSink: Some(sink)))[0m
    [36m| [0m[34m|[0m /* 156.516 */            transport.close(api.OperationContext.background())[0m
    [36m| [0m[34m|[0m /* 156.517 */            fail("expired total deadline unexpectedly published a connected transport")[0m
    [36m| [0m[34m|[0m /* 156.518 */        } catch(value: api.NetworkException) {[0m
    [36m| [0m[34m|[0m /* 156.519 */            value[0m
    [36m| [0m[34m|[0m /* 156.520 */        }[0m
    [36m| [0m[34m|[0m /* 156.521 */        [0m
    [36m| [0m[34m|[0m /* 156.522 */        expectEqual("dnsResolverTestConnectTimeout(error)", "true", dnsResolverTestConnectTimeout(error), true, isDelta: false)[0m
    [36m| [0m[34m|[0m /* 156.523 */        expectEqual("sink.dnsCompletions", "1", sink.dnsCompletions, 1, isDelta: false)[0m
    [36m| [0m[34m|[0m /* 156.524 */        expectEqual("sink.connectStarts", "1", sink.connectStarts, 1, isDelta: false)[0m
    [36m| [0m[34m|[0m /* 156.525 */    } finally {[0m
    [36m| [0m[34m|[0m /* 156.526 */        resolver.close()[0m
    [36m| [0m[34m|[0m /* 156.527 */        listener.close()[0m
    [36m| [0m[34m|[0m /* 156.528 */        let _ = removeIfExists(path)[0m
    [36m| [0m[34m|[0m /* 156.529 */    }[0m
    [36m| [0m[34m|[0m /* 156.530 */}[0m
    [36m| [0m[34m|[0m /* 156.531 */[0m
    [36m| [0m[34m|[0m /* 156.532 */init() {[0m
    [36m| [0m[34m|[0m /* 156.533 */}[0m
    [36m| [0m[34m|[0m /* 156.534 */private func classConfiguration(): Configuration {[0m
    [36m| [0m[34m|[0m /* 156.535 */    let configuration = Configuration()[0m
    [36m| [0m[34m|[0m /* 156.536 */    [0m
    [36m| [0m[34m|[0m /* 156.537 */    return configuration[0m
    [36m| [0m[34m|[0m /* 156.538 */}[0m
    [36m| [0m[34m|[0m /* 156.539 */public override func asTestSuite(): TestSuite {[0m
    [36m| [0m[34m|[0m /* 156.540 */    [0m
    [36m| [0m[34m|[0m /* 156.541 */    let suiteConfiguration = classConfiguration()[0m
    [36m| [0m[34m|[0m /* 156.542 */    let suiteBuilder = TestSuite.builder("DnsResolverPolicyTest").configure(suiteConfiguration)[0m
    [36m| [0m[34m|[0m /* 156.543 */    [0m
    [36m| [0m[34m|[0m /* 156.544 */    { => let caseConfig = Configuration()[0m
    [36m| [0m[34m|[0m /* 156.545 */        [0m
    [36m| [0m[34m|[0m /* 156.546 */        let fromSystemParsesTabsCommentsLastSearchAndClampedNdotsTestFunc = { => fromSystemParsesTabsCommentsLastSearchAndClampedNdots();() }[0m
    [36m| [0m[34m|[0m /* 156.547 */        suiteBuilder.add([0m
    [36m| [0m[34m|[0m /* 156.548 */        UnitTestCase.create([0m
    [36m| [0m[34m|[0m /* 156.549 */        "fromSystemParsesTabsCommentsLastSearchAndClampedNdots",[0m
    [36m| [0m[34m|[0m /* 156.550 */        configuration: caseConfig,[0m
    [36m| [0m[34m|[0m /* 156.551 */        body: fromSystemParsesTabsCommentsLastSearchAndClampedNdotsTestFunc[0m
    [36m| [0m[34m|[0m /* 156.552 */        )[0m
    [36m| [0m[34m|[0m /* 156.553 */        )[0m
    [36m| [0m[34m|[0m /* 156.554 */        [0m
    [36m| [0m[34m|[0m /* 156.555 */    }()[0m
    [36m| [0m[34m|[0m /* 156.556 */    [0m
    [36m| [0m[34m|[0m /* 156.557 */    [0m
    [36m| [0m[34m|[0m /* 156.558 */    { => let caseConfig = Configuration()[0m
    [36m| [0m[34m|[0m /* 156.559 */        [0m
    [36m| [0m[34m|[0m /* 156.560 */        let directConfigRejectsUnsupportedNameserverZonesBeforeQueriesTestFunc = { => directConfigRejectsUnsupportedNameserverZonesBeforeQueries();() }[0m
    [36m| [0m[34m|[0m /* 156.561 */        suiteBuilder.add([0m
    [36m| [0m[34m|[0m /* 156.562 */        UnitTestCase.create([0m
    [36m| [0m[34m|[0m /* 156.563 */        "directConfigRejectsUnsupportedNameserverZonesBeforeQueries",[0m
    [36m| [0m[34m|[0m /* 156.564 */        configuration: caseConfig,[0m
    [36m| [0m[34m|[0m /* 156.565 */        body: directConfigRejectsUnsupportedNameserverZonesBeforeQueriesTestFunc[0m
    [36m| [0m[34m|[0m /* 156.566 */        )[0m
    [36m| [0m[34m|[0m /* 156.567 */        )[0m
    [36m| [0m[34m|[0m /* 156.568 */        [0m
    [36m| [0m[34m|[0m /* 156.569 */    }()[0m
    [36m| [0m[34m|[0m /* 156.570 */    [0m
    [36m| [0m[34m|[0m /* 156.571 */    [0m
    [36m| [0m[34m|[0m /* 156.572 */    { => let caseConfig = Configuration()[0m
    [36m| [0m[34m|[0m /* 156.573 */        [0m
    [36m| [0m[34m|[0m /* 156.574 */        let numericNameserverZonesUseCanonicalEndpointIdentityTestFunc = { => numericNameserverZonesUseCanonicalEndpointIdentity();() }[0m
    [36m| [0m[34m|[0m /* 156.575 */        suiteBuilder.add([0m
    [36m| [0m[34m|[0m /* 156.576 */        UnitTestCase.create([0m
    [36m| [0m[34m|[0m /* 156.577 */        "numericNameserverZonesUseCanonicalEndpointIdentity",[0m
    [36m| [0m[34m|[0m /* 156.578 */        configuration: caseConfig,[0m
    [36m| [0m[34m|[0m /* 156.579 */        body: numericNameserverZonesUseCanonicalEndpointIdentityTestFunc[0m
    [36m| [0m[34m|[0m /* 156.580 */        )[0m
    [36m| [0m[34m|[0m /* 156.581 */        )[0m
    [36m| [0m[34m|[0m /* 156.582 */        [0m
    [36m| [0m[34m|[0m /* 156.583 */    }()[0m
    [36m| [0m[34m|[0m /* 156.584 */    [0m
    [36m| [0m[34m|[0m /* 156.585 */    [0m
    [36m| [0m[34m|[0m /* 156.586 */    { => let caseConfig = Configuration()[0m
    [36m| [0m[34m|[0m /* 156.587 */        [0m
    [36m| [0m[34m|[0m /* 156.588 */        let systemNameserversRetainOnlySupportedNumericZonesTestFunc = { => systemNameserversRetainOnlySupportedNumericZones();() }[0m
    [36m| [0m[34m|[0m /* 156.589 */        suiteBuilder.add([0m
    [36m| [0m[34m|[0m /* 156.590 */        UnitTestCase.create([0m
    [36m| [0m[34m|[0m /* 156.591 */        "systemNameserversRetainOnlySupportedNumericZones",[0m
    [36m| [0m[34m|[0m /* 156.592 */        configuration: caseConfig,[0m
    [36m| [0m[34m|[0m /* 156.593 */        body: systemNameserversRetainOnlySupportedNumericZonesTestFunc[0m
    [36m| [0m[34m|[0m /* 156.594 */        )[0m
    [36m| [0m[34m|[0m /* 156.595 */        )[0m
    [36m| [0m[34m|[0m /* 156.596 */        [0m
    [36m| [0m[34m|[0m /* 156.597 */    }()[0m
    [36m| [0m[34m|[0m /* 156.598 */    [0m
    [36m| [0m[34m|[0m /* 156.599 */    [0m
    [36m| [0m[34m|[0m /* 156.600 */    { => let caseConfig = Configuration()[0m
    [36m| [0m[34m|[0m /* 156.601 */        [0m
    [36m| [0m[34m|[0m /* 156.602 */        let equivalentNameserverScopesDoNotConsumeTheServerLimitTestFunc = { => equivalentNameserverScopesDoNotConsumeTheServerLimit();() }[0m
    [36m| [0m[34m|[0m /* 156.603 */        suiteBuilder.add([0m
    [36m| [0m[34m|[0m /* 156.604 */        UnitTestCase.create([0m
    [36m| [0m[34m|[0m /* 156.605 */        "equivalentNameserverScopesDoNotConsumeTheServerLimit",[0m
    [36m| [0m[34m|[0m /* 156.606 */        configuration: caseConfig,[0m
    [36m| [0m[34m|[0m /* 156.607 */        body: equivalentNameserverScopesDoNotConsumeTheServerLimitTestFunc[0m
    [36m| [0m[34m|[0m /* 156.608 */        )[0m
    [36m| [0m[34m|[0m /* 156.609 */        )[0m
    [36m| [0m[34m|[0m /* 156.610 */        [0m
    [36m| [0m[34m|[0m /* 156.611 */    }()[0m
    [36m| [0m[34m|[0m /* 156.612 */    [0m
    [36m| [0m[34m|[0m /* 156.613 */    [0m
    [36m| [0m[34m|[0m /* 156.614 */    { => let caseConfig = Configuration()[0m
    [36m| [0m[34m|[0m /* 156.615 */        [0m
    [36m| [0m[34m|[0m /* 156.616 */        let configOwnsInputArraysAndReturnsDefensiveCopiesTestFunc = { => configOwnsInputArraysAndReturnsDefensiveCopies();() }[0m
    [36m| [0m[34m|[0m /* 156.617 */        suiteBuilder.add([0m
    [36m| [0m[34m|[0m /* 156.618 */        UnitTestCase.create([0m
    [36m| [0m[34m|[0m /* 156.619 */        "configOwnsInputArraysAndReturnsDefensiveCopies",[0m
    [36m| [0m[34m|[0m /* 156.620 */        configuration: caseConfig,[0m
    [36m| [0m[34m|[0m /* 156.621 */        body: configOwnsInputArraysAndReturnsDefensiveCopiesTestFunc[0m
    [36m| [0m[34m|[0m /* 156.622 */        )[0m
    [36m| [0m[34m|[0m /* 156.623 */        )[0m
    [36m| [0m[34m|[0m /* 156.624 */        [0m
    [36m| [0m[34m|[0m /* 156.625 */    }()[0m
    [36m| [0m[34m|[0m /* 156.626 */    [0m
    [36m| [0m[34m|[0m /* 156.627 */    [0m
    [36m| [0m[34m|[0m /* 156.628 */    { => let caseConfig = Configuration()[0m
    [36m| [0m[34m|[0m /* 156.629 */        [0m
    [36m| [0m[34m|[0m /* 156.630 */        let adoptedClientRequiresMatchingConfigurationWithoutTakingRejectedOwnershipTestFunc = { => adoptedClientRequiresMatchingConfigurationWithoutTakingRejectedOwnership();() }[0m
    [36m| [0m[34m|[0m /* 156.631 */        suiteBuilder.add([0m
    [36m| [0m[34m|[0m /* 156.632 */        UnitTestCase.create([0m
    [36m| [0m[34m|[0m /* 156.633 */        "adoptedClientRequiresMatchingConfigurationWithoutTakingRejectedOwnership",[0m
    [36m| [0m[34m|[0m /* 156.634 */        configuration: caseConfig,[0m
    [36m| [0m[34m|[0m /* 156.635 */        body: adoptedClientRequiresMatchingConfigurationWithoutTakingRejectedOwnershipTestFunc[0m
    [36m| [0m[34m|[0m /* 156.636 */        )[0m
    [36m| [0m[34m|[0m /* 156.637 */        )[0m
    [36m| [0m[34m|[0m /* 156.638 */        [0m
    [36m| [0m[34m|[0m /* 156.639 */    }()[0m
    [36m| [0m[34m|[0m /* 156.640 */    [0m
    [36m| [0m[34m|[0m /* 156.641 */    [0m
    [36m| [0m[34m|[0m /* 156.642 */    { => let caseConfig = Configuration()[0m
    [36m| [0m[34m|[0m /* 156.643 */        [0m
    [36m| [0m[34m|[0m /* 156.644 */        let systemFilesFailClosedWhenMissingOversizedOrNonregularTestFunc = { => systemFilesFailClosedWhenMissingOversizedOrNonregular();() }[0m
    [36m| [0m[34m|[0m /* 156.645 */        suiteBuilder.add([0m
    [36m| [0m[34m|[0m /* 156.646 */        UnitTestCase.create([0m
    [36m| [0m[34m|[0m /* 156.647 */        "systemFilesFailClosedWhenMissingOversizedOrNonregular",[0m
    [36m| [0m[34m|[0m /* 156.648 */        configuration: caseConfig,[0m
    [36m| [0m[34m|[0m /* 156.649 */        body: systemFilesFailClosedWhenMissingOversizedOrNonregularTestFunc[0m
    [36m| [0m[34m|[0m /* 156.650 */        )[0m
    [36m| [0m[34m|[0m /* 156.651 */        )[0m
    [36m| [0m[34m|[0m /* 156.652 */        [0m
    [36m| [0m[34m|[0m /* 156.653 */    }()[0m
    [36m| [0m[34m|[0m /* 156.654 */    [0m
    [36m| [0m[34m|[0m /* 156.655 */    [0m
    [36m| [0m[34m|[0m /* 156.656 */    { => let caseConfig = Configuration()[0m
    [36m| [0m[34m|[0m /* 156.657 */        [0m
    [36m| [0m[34m|[0m /* 156.658 */        let ipv4LiteralsBypassHostsSearchAndNameserversTestFunc = { => ipv4LiteralsBypassHostsSearchAndNameservers();() }[0m
    [36m| [0m[34m|[0m /* 156.659 */        suiteBuilder.add([0m
    [36m| [0m[34m|[0m /* 156.660 */        UnitTestCase.create([0m
    [36m| [0m[34m|[0m /* 156.661 */        "ipv4LiteralsBypassHostsSearchAndNameservers",[0m
    [36m| [0m[34m|[0m /* 156.662 */        configuration: caseConfig,[0m
    [36m| [0m[34m|[0m /* 156.663 */        body: ipv4LiteralsBypassHostsSearchAndNameserversTestFunc[0m
    [36m| [0m[34m|[0m /* 156.664 */        )[0m
    [36m| [0m[34m|[0m /* 156.665 */        )[0m
    [36m| [0m[34m|[0m /* 156.666 */        [0m
    [36m| [0m[34m|[0m /* 156.667 */    }()[0m
    [36m| [0m[34m|[0m /* 156.668 */    [0m
    [36m| [0m[34m|[0m /* 156.669 */    [0m
    [36m| [0m[34m|[0m /* 156.670 */    { => let caseConfig = Configuration()[0m
    [36m| [0m[34m|[0m /* 156.671 */        [0m
    [36m| [0m[34m|[0m /* 156.672 */        let hostsSnapshotRetainsOnlyUsableIpv6ZonesTestFunc = { => hostsSnapshotRetainsOnlyUsableIpv6Zones();() }[0m
    [36m| [0m[34m|[0m /* 156.673 */        suiteBuilder.add([0m
    [36m| [0m[34m|[0m /* 156.674 */        UnitTestCase.create([0m
    [36m| [0m[34m|[0m /* 156.675 */        "hostsSnapshotRetainsOnlyUsableIpv6Zones",[0m
    [36m| [0m[34m|[0m /* 156.676 */        configuration: caseConfig,[0m
    [36m| [0m[34m|[0m /* 156.677 */        body: hostsSnapshotRetainsOnlyUsableIpv6ZonesTestFunc[0m
    [36m| [0m[34m|[0m /* 156.678 */        )[0m
    [36m| [0m[34m|[0m /* 156.679 */        )[0m
    [36m| [0m[34m|[0m /* 156.680 */        [0m
    [36m| [0m[34m|[0m /* 156.681 */    }()[0m
    [36m| [0m[34m|[0m /* 156.682 */    [0m
    [36m| [0m[34m|[0m /* 156.683 */    [0m
    [36m| [0m[34m|[0m /* 156.684 */    { => let caseConfig = Configuration()[0m
    [36m| [0m[34m|[0m /* 156.685 */        [0m
    [36m| [0m[34m|[0m /* 156.686 */        let hostsAliasesFilterFamiliesAndRemainSnapshottedTestFunc = { => hostsAliasesFilterFamiliesAndRemainSnapshotted();() }[0m
    [36m| [0m[34m|[0m /* 156.687 */        suiteBuilder.add([0m
    [36m| [0m[34m|[0m /* 156.688 */        UnitTestCase.create([0m
    [36m| [0m[34m|[0m /* 156.689 */        "hostsAliasesFilterFamiliesAndRemainSnapshotted",[0m
    [36m| [0m[34m|[0m /* 156.690 */        configuration: caseConfig,[0m
    [36m| [0m[34m|[0m /* 156.691 */        body: hostsAliasesFilterFamiliesAndRemainSnapshottedTestFunc[0m
    [36m| [0m[34m|[0m /* 156.692 */        )[0m
    [36m| [0m[34m|[0m /* 156.693 */        )[0m
    [36m| [0m[34m|[0m /* 156.694 */        [0m
    [36m| [0m[34m|[0m /* 156.695 */    }()[0m
    [36m| [0m[34m|[0m /* 156.696 */    [0m
    [36m| [0m[34m|[0m /* 156.697 */    [0m
    [36m| [0m[34m|[0m /* 156.698 */    { => let caseConfig = Configuration()[0m
    [36m| [0m[34m|[0m /* 156.699 */        [0m
    [36m| [0m[34m|[0m /* 156.700 */        let trailingRootSkipsSearchWhileNdotsSelectsSearchOrAbsoluteFirstTestFunc = { => trailingRootSkipsSearchWhileNdotsSelectsSearchOrAbsoluteFirst();() }[0m
    [36m| [0m[34m|[0m /* 156.701 */        suiteBuilder.add([0m
    [36m| [0m[34m|[0m /* 156.702 */        UnitTestCase.create([0m
    [36m| [0m[34m|[0m /* 156.703 */        "trailingRootSkipsSearchWhileNdotsSelectsSearchOrAbsoluteFirst",[0m
    [36m| [0m[34m|[0m /* 156.704 */        configuration: caseConfig,[0m
    [36m| [0m[34m|[0m /* 156.705 */        body: trailingRootSkipsSearchWhileNdotsSelectsSearchOrAbsoluteFirstTestFunc[0m
    [36m| [0m[34m|[0m /* 156.706 */        )[0m
    [36m| [0m[34m|[0m /* 156.707 */        )[0m
    [36m| [0m[34m|[0m /* 156.708 */        [0m
    [36m| [0m[34m|[0m /* 156.709 */    }()[0m
    [36m| [0m[34m|[0m /* 156.710 */    [0m
    [36m| [0m[34m|[0m /* 156.711 */    [0m
    [36m| [0m[34m|[0m /* 156.712 */    { => let caseConfig = Configuration()[0m
    [36m| [0m[34m|[0m /* 156.713 */        [0m
    [36m| [0m[34m|[0m /* 156.714 */        let exactHostsEntryWinsBeforeSearchSuffixDnsTestFunc = { => exactHostsEntryWinsBeforeSearchSuffixDns();() }[0m
    [36m| [0m[34m|[0m /* 156.715 */        suiteBuilder.add([0m
    [36m| [0m[34m|[0m /* 156.716 */        UnitTestCase.create([0m
    [36m| [0m[34m|[0m /* 156.717 */        "exactHostsEntryWinsBeforeSearchSuffixDns",[0m
    [36m| [0m[34m|[0m /* 156.718 */        configuration: caseConfig,[0m
    [36m| [0m[34m|[0m /* 156.719 */        body: exactHostsEntryWinsBeforeSearchSuffixDnsTestFunc[0m
    [36m| [0m[34m|[0m /* 156.720 */        )[0m
    [36m| [0m[34m|[0m /* 156.721 */        )[0m
    [36m| [0m[34m|[0m /* 156.722 */        [0m
    [36m| [0m[34m|[0m /* 156.723 */    }()[0m
    [36m| [0m[34m|[0m /* 156.724 */    [0m
    [36m| [0m[34m|[0m /* 156.725 */    [0m
    [36m| [0m[34m|[0m /* 156.726 */    { => let caseConfig = Configuration()[0m
    [36m| [0m[34m|[0m /* 156.727 */        [0m
    [36m| [0m[34m|[0m /* 156.728 */        let cancelledExpiredAndClosedCallsRetainPublicResolveClassificationsTestFunc = { => cancelledExpiredAndClosedCallsRetainPublicResolveClassifications();() }[0m
    [36m| [0m[34m|[0m /* 156.729 */        suiteBuilder.add([0m
    [36m| [0m[34m|[0m /* 156.730 */        UnitTestCase.create([0m
    [36m| [0m[34m|[0m /* 156.731 */        "cancelledExpiredAndClosedCallsRetainPublicResolveClassifications",[0m
    [36m| [0m[34m|[0m /* 156.732 */        configuration: caseConfig,[0m
    [36m| [0m[34m|[0m /* 156.733 */        body: cancelledExpiredAndClosedCallsRetainPublicResolveClassificationsTestFunc[0m
    [36m| [0m[34m|[0m /* 156.734 */        )[0m
    [36m| [0m[34m|[0m /* 156.735 */        )[0m
    [36m| [0m[34m|[0m /* 156.736 */        [0m
    [36m| [0m[34m|[0m /* 156.737 */    }()[0m
    [36m| [0m[34m|[0m /* 156.738 */    [0m
    [36m| [0m[34m|[0m /* 156.739 */    [0m
    [36m| [0m[34m|[0m /* 156.740 */    { => let caseConfig = Configuration()[0m
    [36m| [0m[34m|[0m /* 156.741 */        [0m
    [36m| [0m[34m|[0m /* 156.742 */        let connectUsesHostsMappingForANativeListenerExchangeTestFunc = { => connectUsesHostsMappingForANativeListenerExchange();() }[0m
    [36m| [0m[34m|[0m /* 156.743 */        suiteBuilder.add([0m
    [36m| [0m[34m|[0m /* 156.744 */        UnitTestCase.create([0m
    [36m| [0m[34m|[0m /* 156.745 */        "connectUsesHostsMappingForANativeListenerExchange",[0m
    [36m| [0m[34m|[0m /* 156.746 */        configuration: caseConfig,[0m
    [36m| [0m[34m|[0m /* 156.747 */        body: connectUsesHostsMappingForANativeListenerExchangeTestFunc[0m
    [36m| [0m[34m|[0m /* 156.748 */        )[0m
    [36m| [0m[34m|[0m /* 156.749 */        )[0m
    [36m| [0m[34m|[0m /* 156.750 */        [0m
    [36m| [0m[34m|[0m /* 156.751 */    }()[0m
    [36m| [0m[34m|[0m /* 156.752 */    [0m
    [36m| [0m[34m|[0m /* 156.753 */    [0m
    [36m| [0m[34m|[0m /* 156.754 */    { => let caseConfig = Configuration()[0m
    [36m| [0m[34m|[0m /* 156.755 */        [0m
    [36m| [0m[34m|[0m /* 156.756 */        let resolverConnectCarriesOneAbsoluteDeadlineIntoNativeTcpAdmissionTestFunc = { => resolverConnectCarriesOneAbsoluteDeadlineIntoNativeTcpAdmission();() }[0m
    [36m| [0m[34m|[0m /* 156.757 */        suiteBuilder.add([0m
    [36m| [0m[34m|[0m /* 156.758 */        UnitTestCase.create([0m
    [36m| [0m[34m|[0m /* 156.759 */        "resolverConnectCarriesOneAbsoluteDeadlineIntoNativeTcpAdmission",[0m
    [36m| [0m[34m|[0m /* 156.760 */        configuration: caseConfig,[0m
    [36m| [0m[34m|[0m /* 156.761 */        body: resolverConnectCarriesOneAbsoluteDeadlineIntoNativeTcpAdmissionTestFunc[0m
    [36m| [0m[34m|[0m /* 156.762 */        )[0m
    [36m| [0m[34m|[0m /* 156.763 */        )[0m
    [36m| [0m[34m|[0m /* 156.764 */        [0m
    [36m| [0m[34m|[0m /* 156.765 */    }()[0m
    [36m| [0m[34m|[0m /* 156.766 */    [0m
    [36m| [0m[34m|[0m /* 156.767 */    return suiteBuilder.build()[0m
    [36m| [0m[34m|[0m /* 156.768 */}[0m
    [36m| [0m[34m|[0m /* 156.769 */private func inheritedFromClassAnnotatedByTestTemplate < T >(): TestSuite where T <: TestClass {[0m
    [36m| [0m[34m|[0m /* 156.770 */    throw Exception("Unreachable code")[0m
    [36m| [0m[34m|[0m /* 156.771 */}[0m
    [36m| [0m[34m|[0m /* 156.772 */}[0m
    [36m| [0m[34m|[0m /* 156.773 */[0m
    [36m| [0m[34m|[0m /* 156.774 */[0m
    [36m| [0m[34m|[0m /* 156.775 */interface TestPackageExtension_DnsResolverPolicyTest {[0m
    [36m| [0m[34m|[0m /* 156.776 */func registerDnsResolverPolicyTest(): Unit[0m
    [36m| [0m[34m|[0m /* 156.777 */}[0m
    [36m| [0m[34m|[0m /* 156.778 */extend TestPackage <: TestPackageExtension_DnsResolverPolicyTest {[0m
    [36m| [0m[34m|[0m /* 156.779 */@Attribute[TEST_REGISTER][0m
    [36m| [0m[34m|[0m /* 156.780 */public func registerDnsResolverPolicyTest() {[0m
    [36m| [0m[34m|[0m /* 156.781 */    registerSuite({ => DnsResolverPolicyTest().asTestSuite() })[0m
    [36m| [0m[34m|[0m /* 156.782 */}[0m
    [36m| [0m[34m|[0m /* 156.783 */}[0m
    [36m| [0m[34m|[0m /* 156.784 */[0m
    [36m| [0m[34m|[0m[34m_[0m[34m____________^[0m
    [36m| [0m
[34mnote[0m: which is expanded as follows
    [36m| [0m
    [36m| [0m/* 156.32 */                    DnsResolverConfig(nameservers:[endpoint])[0m
    [36m| [0m                                [34m^^^^^^^^^^^^^^^^^^^^^^^^^^^^^^^^^^^^^^^^^ [0m
    [36m| [0m

[33mwarning[0m: unreachable block in 'if' expression
    [36m| [0m
    [36m| [0m  /* 8.196 */                if(e is AssertIntermediateException) {[0m
    [36m| [0m [33m_[0m[33m________________________________________________________________^[0m
    [36m| [0m[33m|[0m /* 8.197 */                    throw e[0m
    [36m| [0m[33m|[0m /* 8.198 */                }[0m
    [36m| [0m[33m|[0m[33m_[0m[33m___________________________^ unreachable block in 'if' expression[0m
    [36m| [0m
    [36m#[0m [0mnote[0m: this warning can be suppressed by setting the compiler option `-Woff unused`
[34mnote[0m: the warning occurs after the macro is expanded
   [36m==>[0m /home/elliot/playground/Wirestack-pr-worktrees/M8-004-publication/src/net/dns_wire_test.cj:8:1:
    [36m| [0m
[36m8[0m   [36m| [0m  @Test[0m
    [36m| [0m [34m_[0m[34m^[0m
[36m9[0m   [36m| [0m[34m|[0m class DnsWireParserTest {[0m
    [36m| [0m[34m|[0m ...[0m
[36m305[0m [36m| [0m[34m|[0m }[0m
    [36m| [0m[34m|[0m[34m_[0m[34m^[0m
    [36m| [0m

[33mwarning[0m: unreachable block in 'if' expression
    [36m| [0m
    [36m| [0m  /* 8.199 */                if(e is UnittestTimeoutException) {[0m
    [36m| [0m [33m_[0m[33m_____________________________________________________________^[0m
    [36m| [0m[33m|[0m /* 8.200 */                    throw e[0m
    [36m| [0m[33m|[0m /* 8.201 */                }[0m
    [36m| [0m[33m|[0m[33m_[0m[33m___________________________^ unreachable block in 'if' expression[0m
    [36m| [0m
    [36m#[0m [0mnote[0m: this warning can be suppressed by setting the compiler option `-Woff unused`
[34mnote[0m: the warning occurs after the macro is expanded
   [36m==>[0m /home/elliot/playground/Wirestack-pr-worktrees/M8-004-publication/src/net/dns_wire_test.cj:8:1:
    [36m| [0m
[36m8[0m   [36m| [0m  @Test[0m
    [36m| [0m [34m_[0m[34m^[0m
[36m9[0m   [36m| [0m[34m|[0m class DnsWireParserTest {[0m
    [36m| [0m[34m|[0m ...[0m
[36m305[0m [36m| [0m[34m|[0m }[0m
    [36m| [0m[34m|[0m[34m_[0m[34m^[0m
    [36m| [0m

[33mwarning[0m: unreachable block in 'if' expression
    [36m| [0m
    [36m| [0m  /* 8.223 */                    if(e is AssertException) {[0m
    [36m| [0m [33m_[0m[33m________________________________________________________^[0m
    [36m| [0m[33m|[0m /* 8.224 */                        throw e[0m
    [36m| [0m[33m|[0m /* 8.225 */                    }[0m
    [36m| [0m[33m|[0m[33m_[0m[33m_______________________________^ unreachable block in 'if' expression[0m
    [36m| [0m
    [36m#[0m [0mnote[0m: this warning can be suppressed by setting the compiler option `-Woff unused`
[34mnote[0m: the warning occurs after the macro is expanded
   [36m==>[0m /home/elliot/playground/Wirestack-pr-worktrees/M8-004-publication/src/net/dns_wire_test.cj:8:1:
    [36m| [0m
[36m8[0m   [36m| [0m  @Test[0m
    [36m| [0m [34m_[0m[34m^[0m
[36m9[0m   [36m| [0m[34m|[0m class DnsWireParserTest {[0m
    [36m| [0m[34m|[0m ...[0m
[36m305[0m [36m| [0m[34m|[0m }[0m
    [36m| [0m[34m|[0m[34m_[0m[34m^[0m
    [36m| [0m

[33mwarning[0m: unreachable block in 'if' expression
    [36m| [0m
    [36m| [0m  /* 8.226 */                    if(e is AssertIntermediateException) {[0m
    [36m| [0m [33m_[0m[33m____________________________________________________________________^[0m
    [36m| [0m[33m|[0m /* 8.227 */                        throw e[0m
    [36m| [0m[33m|[0m /* 8.228 */                    }[0m
    [36m| [0m[33m|[0m[33m_[0m[33m_______________________________^ unreachable block in 'if' expression[0m
    [36m| [0m
    [36m#[0m [0mnote[0m: this warning can be suppressed by setting the compiler option `-Woff unused`
[34mnote[0m: the warning occurs after the macro is expanded
   [36m==>[0m /home/elliot/playground/Wirestack-pr-worktrees/M8-004-publication/src/net/dns_wire_test.cj:8:1:
    [36m| [0m
[36m8[0m   [36m| [0m  @Test[0m
    [36m| [0m [34m_[0m[34m^[0m
[36m9[0m   [36m| [0m[34m|[0m class DnsWireParserTest {[0m
    [36m| [0m[34m|[0m ...[0m
[36m305[0m [36m| [0m[34m|[0m }[0m
    [36m| [0m[34m|[0m[34m_[0m[34m^[0m
    [36m| [0m

[33mwarning[0m: unreachable block in 'if' expression
    [36m| [0m
    [36m| [0m  /* 8.229 */                    if(e is UnittestTimeoutException) {[0m
    [36m| [0m [33m_[0m[33m_________________________________________________________________^[0m
    [36m| [0m[33m|[0m /* 8.230 */                        throw e[0m
    [36m| [0m[33m|[0m /* 8.231 */                    }[0m
    [36m| [0m[33m|[0m[33m_[0m[33m_______________________________^ unreachable block in 'if' expression[0m
    [36m| [0m
    [36m#[0m [0mnote[0m: this warning can be suppressed by setting the compiler option `-Woff unused`
[34mnote[0m: the warning occurs after the macro is expanded
   [36m==>[0m /home/elliot/playground/Wirestack-pr-worktrees/M8-004-publication/src/net/dns_wire_test.cj:8:1:
    [36m| [0m
[36m8[0m   [36m| [0m  @Test[0m
    [36m| [0m [34m_[0m[34m^[0m
[36m9[0m   [36m| [0m[34m|[0m class DnsWireParserTest {[0m
    [36m| [0m[34m|[0m ...[0m
[36m305[0m [36m| [0m[34m|[0m }[0m
    [36m| [0m[34m|[0m[34m_[0m[34m^[0m
    [36m| [0m

[33mwarning[0m: unreachable block in 'if' expression
    [36m| [0m
    [36m| [0m  /* 8.255 */                if(e is AssertException) {[0m
    [36m| [0m [33m_[0m[33m____________________________________________________^[0m
    [36m| [0m[33m|[0m /* 8.256 */                    throw e[0m
    [36m| [0m[33m|[0m /* 8.257 */                }[0m
    [36m| [0m[33m|[0m[33m_[0m[33m___________________________^ unreachable block in 'if' expression[0m
    [36m| [0m
    [36m#[0m [0mnote[0m: this warning can be suppressed by setting the compiler option `-Woff unused`
[34mnote[0m: the warning occurs after the macro is expanded
   [36m==>[0m /home/elliot/playground/Wirestack-pr-worktrees/M8-004-publication/src/net/dns_wire_test.cj:8:1:
    [36m| [0m
[36m8[0m   [36m| [0m  @Test[0m
    [36m| [0m [34m_[0m[34m^[0m
[36m9[0m   [36m| [0m[34m|[0m class DnsWireParserTest {[0m
    [36m| [0m[34m|[0m ...[0m
[36m305[0m [36m| [0m[34m|[0m }[0m
    [36m| [0m[34m|[0m[34m_[0m[34m^[0m
    [36m| [0m

[33mwarning[0m: unused expression
   [36m==>[0m /home/elliot/playground/Wirestack-pr-worktrees/M8-004-publication/src/net/dns_wire_test.cj:264:49:
    [36m| [0m
[36m264[0m [36m| [0m        @AssertThrows[IllegalArgumentException](DnsMessageSummary([0m
    [36m| [0m                                                [33m^ unused expression[0m
    [36m| [0m
    [36m#[0m [0mnote[0m: this warning can be suppressed by setting the compiler option `-Woff unused`
[34mnote[0m: the warning occurs after the macro is expanded
   [36m==>[0m /home/elliot/playground/Wirestack-pr-worktrees/M8-004-publication/src/net/dns_wire_test.cj:8:1:
    [36m| [0m
[36m8[0m   [36m| [0m  @Test[0m
    [36m| [0m [34m_[0m[34m^[0m
[36m9[0m   [36m| [0m[34m|[0m class DnsWireParserTest {[0m
    [36m| [0m[34m|[0m ...[0m
[36m305[0m [36m| [0m[34m|[0m }[0m
    [36m| [0m[34m|[0m[34m_[0m[34m^[0m
    [36m| [0m
[34mnote[0m: which is expanded as follows
    [36m| [0m
    [36m| [0m/* 8.645 */                DnsMessageSummary(1u16, 1, false, questionCount: 0, records: Array < DnsRecord >())[0m
    [36m| [0m                           [34m^^^^^^^^^^^^^^^^^^^^^^^^^^^^^^^^^^^^^^^^^^^^^^^^^^^^^^^^^^^^^^^^^^^^^^^^^^^^^^^^^^^ [0m
    [36m| [0m

[33mwarning[0m: unreachable block in 'if' expression
    [36m| [0m
    [36m| [0m  /* 8.258 */                if(e is AssertIntermediateException) {[0m
    [36m| [0m [33m_[0m[33m________________________________________________________________^[0m
    [36m| [0m[33m|[0m /* 8.259 */                    throw e[0m
    [36m| [0m[33m|[0m /* 8.260 */                }[0m
    [36m| [0m[33m|[0m[33m_[0m[33m___________________________^ unreachable block in 'if' expression[0m
    [36m| [0m
    [36m#[0m [0mnote[0m: this warning can be suppressed by setting the compiler option `-Woff unused`
[34mnote[0m: the warning occurs after the macro is expanded
   [36m==>[0m /home/elliot/playground/Wirestack-pr-worktrees/M8-004-publication/src/net/dns_wire_test.cj:8:1:
    [36m| [0m
[36m8[0m   [36m| [0m  @Test[0m
    [36m| [0m [34m_[0m[34m^[0m
[36m9[0m   [36m| [0m[34m|[0m class DnsWireParserTest {[0m
    [36m| [0m[34m|[0m ...[0m
[36m305[0m [36m| [0m[34m|[0m }[0m
    [36m| [0m[34m|[0m[34m_[0m[34m^[0m
    [36m| [0m

[33mwarning[0m: unreachable block in 'if' expression
    [36m| [0m
    [36m| [0m  /* 8.261 */                if(e is UnittestTimeoutException) {[0m
    [36m| [0m [33m_[0m[33m_____________________________________________________________^[0m
    [36m| [0m[33m|[0m /* 8.262 */                    throw e[0m
    [36m| [0m[33m|[0m /* 8.263 */                }[0m
    [36m| [0m[33m|[0m[33m_[0m[33m___________________________^ unreachable block in 'if' expression[0m
    [36m| [0m
    [36m#[0m [0mnote[0m: this warning can be suppressed by setting the compiler option `-Woff unused`
[34mnote[0m: the warning occurs after the macro is expanded
   [36m==>[0m /home/elliot/playground/Wirestack-pr-worktrees/M8-004-publication/src/net/dns_wire_test.cj:8:1:
    [36m| [0m
[36m8[0m   [36m| [0m  @Test[0m
    [36m| [0m [34m_[0m[34m^[0m
[36m9[0m   [36m| [0m[34m|[0m class DnsWireParserTest {[0m
    [36m| [0m[34m|[0m ...[0m
[36m305[0m [36m| [0m[34m|[0m }[0m
    [36m| [0m[34m|[0m[34m_[0m[34m^[0m
    [36m| [0m

[33mwarning[0m: unreachable block in 'if' expression
    [36m| [0m
    [36m| [0m  /* 8.287 */                    if(e is AssertException) {[0m
    [36m| [0m [33m_[0m[33m________________________________________________________^[0m
    [36m| [0m[33m|[0m /* 8.288 */                        throw e[0m
    [36m| [0m[33m|[0m /* 8.289 */                    }[0m
    [36m| [0m[33m|[0m[33m_[0m[33m_______________________________^ unreachable block in 'if' expression[0m
    [36m| [0m
    [36m#[0m [0mnote[0m: this warning can be suppressed by setting the compiler option `-Woff unused`
[34mnote[0m: the warning occurs after the macro is expanded
   [36m==>[0m /home/elliot/playground/Wirestack-pr-worktrees/M8-004-publication/src/net/dns_wire_test.cj:8:1:
    [36m| [0m
[36m8[0m   [36m| [0m  @Test[0m
    [36m| [0m [34m_[0m[34m^[0m
[36m9[0m   [36m| [0m[34m|[0m class DnsWireParserTest {[0m
    [36m| [0m[34m|[0m ...[0m
[36m305[0m [36m| [0m[34m|[0m }[0m
    [36m| [0m[34m|[0m[34m_[0m[34m^[0m
    [36m| [0m

[33mwarning[0m: unreachable block in 'if' expression
    [36m| [0m
    [36m| [0m  /* 8.290 */                    if(e is AssertIntermediateException) {[0m
    [36m| [0m [33m_[0m[33m____________________________________________________________________^[0m
    [36m| [0m[33m|[0m /* 8.291 */                        throw e[0m
    [36m| [0m[33m|[0m /* 8.292 */                    }[0m
    [36m| [0m[33m|[0m[33m_[0m[33m_______________________________^ unreachable block in 'if' expression[0m
    [36m| [0m
    [36m#[0m [0mnote[0m: this warning can be suppressed by setting the compiler option `-Woff unused`
[34mnote[0m: the warning occurs after the macro is expanded
   [36m==>[0m /home/elliot/playground/Wirestack-pr-worktrees/M8-004-publication/src/net/dns_wire_test.cj:8:1:
    [36m| [0m
[36m8[0m   [36m| [0m  @Test[0m
    [36m| [0m [34m_[0m[34m^[0m
[36m9[0m   [36m| [0m[34m|[0m class DnsWireParserTest {[0m
    [36m| [0m[34m|[0m ...[0m
[36m305[0m [36m| [0m[34m|[0m }[0m
    [36m| [0m[34m|[0m[34m_[0m[34m^[0m
    [36m| [0m

[33mwarning[0m: unreachable block in 'if' expression
    [36m| [0m
    [36m| [0m  /* 8.293 */                    if(e is UnittestTimeoutException) {[0m
    [36m| [0m [33m_[0m[33m_________________________________________________________________^[0m
    [36m| [0m[33m|[0m /* 8.294 */                        throw e[0m
    [36m| [0m[33m|[0m /* 8.295 */                    }[0m
    [36m| [0m[33m|[0m[33m_[0m[33m_______________________________^ unreachable block in 'if' expression[0m
    [36m| [0m
    [36m#[0m [0mnote[0m: this warning can be suppressed by setting the compiler option `-Woff unused`
[34mnote[0m: the warning occurs after the macro is expanded
   [36m==>[0m /home/elliot/playground/Wirestack-pr-worktrees/M8-004-publication/src/net/dns_wire_test.cj:8:1:
    [36m| [0m
[36m8[0m   [36m| [0m  @Test[0m
    [36m| [0m [34m_[0m[34m^[0m
[36m9[0m   [36m| [0m[34m|[0m class DnsWireParserTest {[0m
    [36m| [0m[34m|[0m ...[0m
[36m305[0m [36m| [0m[34m|[0m }[0m
    [36m| [0m[34m|[0m[34m_[0m[34m^[0m
    [36m| [0m

[33mwarning[0m: unreachable block in 'if' expression
    [36m| [0m
    [36m| [0m  /* 8.317 */                if(e is AssertException) {[0m
    [36m| [0m [33m_[0m[33m____________________________________________________^[0m
    [36m| [0m[33m|[0m /* 8.318 */                    throw e[0m
    [36m| [0m[33m|[0m /* 8.319 */                }[0m
    [36m| [0m[33m|[0m[33m_[0m[33m___________________________^ unreachable block in 'if' expression[0m
    [36m| [0m
    [36m#[0m [0mnote[0m: this warning can be suppressed by setting the compiler option `-Woff unused`
[34mnote[0m: the warning occurs after the macro is expanded
   [36m==>[0m /home/elliot/playground/Wirestack-pr-worktrees/M8-004-publication/src/net/dns_wire_test.cj:8:1:
    [36m| [0m
[36m8[0m   [36m| [0m  @Test[0m
    [36m| [0m [34m_[0m[34m^[0m
[36m9[0m   [36m| [0m[34m|[0m class DnsWireParserTest {[0m
    [36m| [0m[34m|[0m ...[0m
[36m305[0m [36m| [0m[34m|[0m }[0m
    [36m| [0m[34m|[0m[34m_[0m[34m^[0m
    [36m| [0m

[33mwarning[0m: unreachable block in 'if' expression
    [36m| [0m
    [36m| [0m  /* 8.320 */                if(e is AssertIntermediateException) {[0m
    [36m| [0m [33m_[0m[33m________________________________________________________________^[0m
    [36m| [0m[33m|[0m /* 8.321 */                    throw e[0m
    [36m| [0m[33m|[0m /* 8.322 */                }[0m
    [36m| [0m[33m|[0m[33m_[0m[33m___________________________^ unreachable block in 'if' expression[0m
    [36m| [0m
    [36m#[0m [0mnote[0m: this warning can be suppressed by setting the compiler option `-Woff unused`
[34mnote[0m: the warning occurs after the macro is expanded
   [36m==>[0m /home/elliot/playground/Wirestack-pr-worktrees/M8-004-publication/src/net/dns_wire_test.cj:8:1:
    [36m| [0m
[36m8[0m   [36m| [0m  @Test[0m
    [36m| [0m [34m_[0m[34m^[0m
[36m9[0m   [36m| [0m[34m|[0m class DnsWireParserTest {[0m
    [36m| [0m[34m|[0m ...[0m
[36m305[0m [36m| [0m[34m|[0m }[0m
    [36m| [0m[34m|[0m[34m_[0m[34m^[0m
    [36m| [0m

[33mwarning[0m: unreachable block in 'if' expression
    [36m| [0m
    [36m| [0m  /* 8.323 */                if(e is UnittestTimeoutException) {[0m
    [36m| [0m [33m_[0m[33m_____________________________________________________________^[0m
    [36m| [0m[33m|[0m /* 8.324 */                    throw e[0m
    [36m| [0m[33m|[0m /* 8.325 */                }[0m
    [36m| [0m[33m|[0m[33m_[0m[33m___________________________^ unreachable block in 'if' expression[0m
    [36m| [0m
    [36m#[0m [0mnote[0m: this warning can be suppressed by setting the compiler option `-Woff unused`
[34mnote[0m: the warning occurs after the macro is expanded
   [36m==>[0m /home/elliot/playground/Wirestack-pr-worktrees/M8-004-publication/src/net/dns_wire_test.cj:8:1:
    [36m| [0m
[36m8[0m   [36m| [0m  @Test[0m
    [36m| [0m [34m_[0m[34m^[0m
[36m9[0m   [36m| [0m[34m|[0m class DnsWireParserTest {[0m
    [36m| [0m[34m|[0m ...[0m
[36m305[0m [36m| [0m[34m|[0m }[0m
    [36m| [0m[34m|[0m[34m_[0m[34m^[0m
    [36m| [0m

[33mwarning[0m: unreachable block in 'if' expression
    [36m| [0m
    [36m| [0m  /* 8.341 */                if(e is AssertException) {[0m
    [36m| [0m [33m_[0m[33m____________________________________________________^[0m
    [36m| [0m[33m|[0m /* 8.342 */                    throw e[0m
    [36m| [0m[33m|[0m /* 8.343 */                }[0m
    [36m| [0m[33m|[0m[33m_[0m[33m___________________________^ unreachable block in 'if' expression[0m
    [36m| [0m
    [36m#[0m [0mnote[0m: this warning can be suppressed by setting the compiler option `-Woff unused`
[34mnote[0m: the warning occurs after the macro is expanded
   [36m==>[0m /home/elliot/playground/Wirestack-pr-worktrees/M8-004-publication/src/net/dns_wire_test.cj:8:1:
    [36m| [0m
[36m8[0m   [36m| [0m  @Test[0m
    [36m| [0m [34m_[0m[34m^[0m
[36m9[0m   [36m| [0m[34m|[0m class DnsWireParserTest {[0m
    [36m| [0m[34m|[0m ...[0m
[36m305[0m [36m| [0m[34m|[0m }[0m
    [36m| [0m[34m|[0m[34m_[0m[34m^[0m
    [36m| [0m

[33mwarning[0m: unreachable block in 'if' expression
    [36m| [0m
    [36m| [0m  /* 8.344 */                if(e is AssertIntermediateException) {[0m
    [36m| [0m [33m_[0m[33m________________________________________________________________^[0m
    [36m| [0m[33m|[0m /* 8.345 */                    throw e[0m
    [36m| [0m[33m|[0m /* 8.346 */                }[0m
    [36m| [0m[33m|[0m[33m_[0m[33m___________________________^ unreachable block in 'if' expression[0m
    [36m| [0m
    [36m#[0m [0mnote[0m: this warning can be suppressed by setting the compiler option `-Woff unused`
[34mnote[0m: the warning occurs after the macro is expanded
   [36m==>[0m /home/elliot/playground/Wirestack-pr-worktrees/M8-004-publication/src/net/dns_wire_test.cj:8:1:
    [36m| [0m
[36m8[0m   [36m| [0m  @Test[0m
    [36m| [0m [34m_[0m[34m^[0m
[36m9[0m   [36m| [0m[34m|[0m class DnsWireParserTest {[0m
    [36m| [0m[34m|[0m ...[0m
[36m305[0m [36m| [0m[34m|[0m }[0m
    [36m| [0m[34m|[0m[34m_[0m[34m^[0m
    [36m| [0m

[33mwarning[0m: unreachable block in 'if' expression
    [36m| [0m
    [36m| [0m  /* 8.347 */                if(e is UnittestTimeoutException) {[0m
    [36m| [0m [33m_[0m[33m_____________________________________________________________^[0m
    [36m| [0m[33m|[0m /* 8.348 */                    throw e[0m
    [36m| [0m[33m|[0m /* 8.349 */                }[0m
    [36m| [0m[33m|[0m[33m_[0m[33m___________________________^ unreachable block in 'if' expression[0m
    [36m| [0m
    [36m#[0m [0mnote[0m: this warning can be suppressed by setting the compiler option `-Woff unused`
[34mnote[0m: the warning occurs after the macro is expanded
   [36m==>[0m /home/elliot/playground/Wirestack-pr-worktrees/M8-004-publication/src/net/dns_wire_test.cj:8:1:
    [36m| [0m
[36m8[0m   [36m| [0m  @Test[0m
    [36m| [0m [34m_[0m[34m^[0m
[36m9[0m   [36m| [0m[34m|[0m class DnsWireParserTest {[0m
    [36m| [0m[34m|[0m ...[0m
[36m305[0m [36m| [0m[34m|[0m }[0m
    [36m| [0m[34m|[0m[34m_[0m[34m^[0m
    [36m| [0m

[33mwarning[0m: unreachable block in 'if' expression
    [36m| [0m
    [36m| [0m  /* 156.203 */                        if(e is AssertException) {[0m
    [36m| [0m [33m_[0m[33m______________________________________________________________^[0m
    [36m| [0m[33m|[0m /* 156.204 */                            throw e[0m
    [36m| [0m[33m|[0m /* 156.205 */                        }[0m
    [36m| [0m[33m|[0m[33m_[0m[33m_____________________________________^ unreachable block in 'if' expression[0m
    [36m| [0m
    [36m#[0m [0mnote[0m: this warning can be suppressed by setting the compiler option `-Woff unused`
[34mnote[0m: the warning occurs after the macro is expanded
   [36m==>[0m /home/elliot/playground/Wirestack-pr-worktrees/M8-004-publication/src/net/dns_resolver_test.cj:156:1:
    [36m| [0m
[36m156[0m [36m| [0m  @Test[0m
    [36m| [0m [34m_[0m[34m^[0m
[36m157[0m [36m| [0m[34m|[0m class DnsResolverPolicyTest {[0m
    [36m| [0m[34m|[0m ...[0m
[36m723[0m [36m| [0m[34m|[0m }[0m
    [36m| [0m[34m|[0m[34m_[0m[34m^[0m
    [36m| [0m

[33mwarning[0m: unreachable block in 'if' expression
    [36m| [0m
    [36m| [0m  /* 156.206 */                        if(e is AssertIntermediateException) {[0m
    [36m| [0m [33m_[0m[33m__________________________________________________________________________^[0m
    [36m| [0m[33m|[0m /* 156.207 */                            throw e[0m
    [36m| [0m[33m|[0m /* 156.208 */                        }[0m
    [36m| [0m[33m|[0m[33m_[0m[33m_____________________________________^ unreachable block in 'if' expression[0m
    [36m| [0m
    [36m#[0m [0mnote[0m: this warning can be suppressed by setting the compiler option `-Woff unused`
[34mnote[0m: the warning occurs after the macro is expanded
   [36m==>[0m /home/elliot/playground/Wirestack-pr-worktrees/M8-004-publication/src/net/dns_resolver_test.cj:156:1:
    [36m| [0m
[36m156[0m [36m| [0m  @Test[0m
    [36m| [0m [34m_[0m[34m^[0m
[36m157[0m [36m| [0m[34m|[0m class DnsResolverPolicyTest {[0m
    [36m| [0m[34m|[0m ...[0m
[36m723[0m [36m| [0m[34m|[0m }[0m
    [36m| [0m[34m|[0m[34m_[0m[34m^[0m
    [36m| [0m

[33mwarning[0m: unreachable block in 'if' expression
    [36m| [0m
    [36m| [0m  /* 156.209 */                        if(e is UnittestTimeoutException) {[0m
    [36m| [0m [33m_[0m[33m_______________________________________________________________________^[0m
    [36m| [0m[33m|[0m /* 156.210 */                            throw e[0m
    [36m| [0m[33m|[0m /* 156.211 */                        }[0m
    [36m| [0m[33m|[0m[33m_[0m[33m_____________________________________^ unreachable block in 'if' expression[0m
    [36m| [0m
    [36m#[0m [0mnote[0m: this warning can be suppressed by setting the compiler option `-Woff unused`
[34mnote[0m: the warning occurs after the macro is expanded
   [36m==>[0m /home/elliot/playground/Wirestack-pr-worktrees/M8-004-publication/src/net/dns_resolver_test.cj:156:1:
    [36m| [0m
[36m156[0m [36m| [0m  @Test[0m
    [36m| [0m [34m_[0m[34m^[0m
[36m157[0m [36m| [0m[34m|[0m class DnsResolverPolicyTest {[0m
    [36m| [0m[34m|[0m ...[0m
[36m723[0m [36m| [0m[34m|[0m }[0m
    [36m| [0m[34m|[0m[34m_[0m[34m^[0m
    [36m| [0m

[33mwarning[0m: unreachable block in 'if' expression
    [36m| [0m
    [36m| [0m  /* 8.365 */                if(e is AssertException) {[0m
    [36m| [0m [33m_[0m[33m____________________________________________________^[0m
    [36m| [0m[33m|[0m /* 8.366 */                    throw e[0m
    [36m| [0m[33m|[0m /* 8.367 */                }[0m
    [36m| [0m[33m|[0m[33m_[0m[33m___________________________^ unreachable block in 'if' expression[0m
    [36m| [0m
    [36m#[0m [0mnote[0m: this warning can be suppressed by setting the compiler option `-Woff unused`
[34mnote[0m: the warning occurs after the macro is expanded
   [36m==>[0m /home/elliot/playground/Wirestack-pr-worktrees/M8-004-publication/src/net/dns_wire_test.cj:8:1:
    [36m| [0m
[36m8[0m   [36m| [0m  @Test[0m
    [36m| [0m [34m_[0m[34m^[0m
[36m9[0m   [36m| [0m[34m|[0m class DnsWireParserTest {[0m
    [36m| [0m[34m|[0m ...[0m
[36m305[0m [36m| [0m[34m|[0m }[0m
    [36m| [0m[34m|[0m[34m_[0m[34m^[0m
    [36m| [0m

[33mwarning[0m: unreachable block in 'if' expression
    [36m| [0m
    [36m| [0m  /* 8.368 */                if(e is AssertIntermediateException) {[0m
    [36m| [0m [33m_[0m[33m________________________________________________________________^[0m
    [36m| [0m[33m|[0m /* 8.369 */                    throw e[0m
    [36m| [0m[33m|[0m /* 8.370 */                }[0m
    [36m| [0m[33m|[0m[33m_[0m[33m___________________________^ unreachable block in 'if' expression[0m
    [36m| [0m
    [36m#[0m [0mnote[0m: this warning can be suppressed by setting the compiler option `-Woff unused`
[34mnote[0m: the warning occurs after the macro is expanded
   [36m==>[0m /home/elliot/playground/Wirestack-pr-worktrees/M8-004-publication/src/net/dns_wire_test.cj:8:1:
    [36m| [0m
[36m8[0m   [36m| [0m  @Test[0m
    [36m| [0m [34m_[0m[34m^[0m
[36m9[0m   [36m| [0m[34m|[0m class DnsWireParserTest {[0m
    [36m| [0m[34m|[0m ...[0m
[36m305[0m [36m| [0m[34m|[0m }[0m
    [36m| [0m[34m|[0m[34m_[0m[34m^[0m
    [36m| [0m

[33mwarning[0m: unreachable block in 'if' expression
    [36m| [0m
    [36m| [0m  /* 8.371 */                if(e is UnittestTimeoutException) {[0m
    [36m| [0m [33m_[0m[33m_____________________________________________________________^[0m
    [36m| [0m[33m|[0m /* 8.372 */                    throw e[0m
    [36m| [0m[33m|[0m /* 8.373 */                }[0m
    [36m| [0m[33m|[0m[33m_[0m[33m___________________________^ unreachable block in 'if' expression[0m
    [36m| [0m
    [36m#[0m [0mnote[0m: this warning can be suppressed by setting the compiler option `-Woff unused`
[34mnote[0m: the warning occurs after the macro is expanded
   [36m==>[0m /home/elliot/playground/Wirestack-pr-worktrees/M8-004-publication/src/net/dns_wire_test.cj:8:1:
    [36m| [0m
[36m8[0m   [36m| [0m  @Test[0m
    [36m| [0m [34m_[0m[34m^[0m
[36m9[0m   [36m| [0m[34m|[0m class DnsWireParserTest {[0m
    [36m| [0m[34m|[0m ...[0m
[36m305[0m [36m| [0m[34m|[0m }[0m
    [36m| [0m[34m|[0m[34m_[0m[34m^[0m
    [36m| [0m

[33mwarning[0m: unreachable block in 'if' expression
    [36m| [0m
    [36m| [0m  /* 156.233 */                        if(e is AssertException) {[0m
    [36m| [0m [33m_[0m[33m______________________________________________________________^[0m
    [36m| [0m[33m|[0m /* 156.234 */                            throw e[0m
    [36m| [0m[33m|[0m /* 156.235 */                        }[0m
    [36m| [0m[33m|[0m[33m_[0m[33m_____________________________________^ unreachable block in 'if' expression[0m
    [36m| [0m
    [36m#[0m [0mnote[0m: this warning can be suppressed by setting the compiler option `-Woff unused`
[34mnote[0m: the warning occurs after the macro is expanded
   [36m==>[0m /home/elliot/playground/Wirestack-pr-worktrees/M8-004-publication/src/net/dns_resolver_test.cj:156:1:
    [36m| [0m
[36m156[0m [36m| [0m  @Test[0m
    [36m| [0m [34m_[0m[34m^[0m
[36m157[0m [36m| [0m[34m|[0m class DnsResolverPolicyTest {[0m
    [36m| [0m[34m|[0m ...[0m
[36m723[0m [36m| [0m[34m|[0m }[0m
    [36m| [0m[34m|[0m[34m_[0m[34m^[0m
    [36m| [0m

[33mwarning[0m: unreachable block in 'if' expression
    [36m| [0m
    [36m| [0m  /* 156.236 */                        if(e is AssertIntermediateException) {[0m
    [36m| [0m [33m_[0m[33m__________________________________________________________________________^[0m
    [36m| [0m[33m|[0m /* 156.237 */                            throw e[0m
    [36m| [0m[33m|[0m /* 156.238 */                        }[0m
    [36m| [0m[33m|[0m[33m_[0m[33m_____________________________________^ unreachable block in 'if' expression[0m
    [36m| [0m
    [36m#[0m [0mnote[0m: this warning can be suppressed by setting the compiler option `-Woff unused`
[34mnote[0m: the warning occurs after the macro is expanded
   [36m==>[0m /home/elliot/playground/Wirestack-pr-worktrees/M8-004-publication/src/net/dns_resolver_test.cj:156:1:
    [36m| [0m
[36m156[0m [36m| [0m  @Test[0m
    [36m| [0m [34m_[0m[34m^[0m
[36m157[0m [36m| [0m[34m|[0m class DnsResolverPolicyTest {[0m
    [36m| [0m[34m|[0m ...[0m
[36m723[0m [36m| [0m[34m|[0m }[0m
    [36m| [0m[34m|[0m[34m_[0m[34m^[0m
    [36m| [0m

[33mwarning[0m: unreachable block in 'if' expression
    [36m| [0m
    [36m| [0m  /* 156.239 */                        if(e is UnittestTimeoutException) {[0m
    [36m| [0m [33m_[0m[33m_______________________________________________________________________^[0m
    [36m| [0m[33m|[0m /* 156.240 */                            throw e[0m
    [36m| [0m[33m|[0m /* 156.241 */                        }[0m
    [36m| [0m[33m|[0m[33m_[0m[33m_____________________________________^ unreachable block in 'if' expression[0m
    [36m| [0m
    [36m#[0m [0mnote[0m: this warning can be suppressed by setting the compiler option `-Woff unused`
[34mnote[0m: the warning occurs after the macro is expanded
   [36m==>[0m /home/elliot/playground/Wirestack-pr-worktrees/M8-004-publication/src/net/dns_resolver_test.cj:156:1:
    [36m| [0m
[36m156[0m [36m| [0m  @Test[0m
    [36m| [0m [34m_[0m[34m^[0m
[36m157[0m [36m| [0m[34m|[0m class DnsResolverPolicyTest {[0m
    [36m| [0m[34m|[0m ...[0m
[36m723[0m [36m| [0m[34m|[0m }[0m
    [36m| [0m[34m|[0m[34m_[0m[34m^[0m
    [36m| [0m

[33mwarning[0m: unreachable block in 'if' expression
    [36m| [0m
    [36m| [0m  /* 8.393 */                if(e is AssertException) {[0m
    [36m| [0m [33m_[0m[33m____________________________________________________^[0m
    [36m| [0m[33m|[0m /* 8.394 */                    throw e[0m
    [36m| [0m[33m|[0m /* 8.395 */                }[0m
    [36m| [0m[33m|[0m[33m_[0m[33m___________________________^ unreachable block in 'if' expression[0m
    [36m| [0m
    [36m#[0m [0mnote[0m: this warning can be suppressed by setting the compiler option `-Woff unused`
[34mnote[0m: the warning occurs after the macro is expanded
   [36m==>[0m /home/elliot/playground/Wirestack-pr-worktrees/M8-004-publication/src/net/dns_wire_test.cj:8:1:
    [36m| [0m
[36m8[0m   [36m| [0m  @Test[0m
    [36m| [0m [34m_[0m[34m^[0m
[36m9[0m   [36m| [0m[34m|[0m class DnsWireParserTest {[0m
    [36m| [0m[34m|[0m ...[0m
[36m305[0m [36m| [0m[34m|[0m }[0m
    [36m| [0m[34m|[0m[34m_[0m[34m^[0m
    [36m| [0m

[33mwarning[0m: unreachable block in 'if' expression
    [36m| [0m
    [36m| [0m  /* 8.396 */                if(e is AssertIntermediateException) {[0m
    [36m| [0m [33m_[0m[33m________________________________________________________________^[0m
    [36m| [0m[33m|[0m /* 8.397 */                    throw e[0m
    [36m| [0m[33m|[0m /* 8.398 */                }[0m
    [36m| [0m[33m|[0m[33m_[0m[33m___________________________^ unreachable block in 'if' expression[0m
    [36m| [0m
    [36m#[0m [0mnote[0m: this warning can be suppressed by setting the compiler option `-Woff unused`
[34mnote[0m: the warning occurs after the macro is expanded
   [36m==>[0m /home/elliot/playground/Wirestack-pr-worktrees/M8-004-publication/src/net/dns_wire_test.cj:8:1:
    [36m| [0m
[36m8[0m   [36m| [0m  @Test[0m
    [36m| [0m [34m_[0m[34m^[0m
[36m9[0m   [36m| [0m[34m|[0m class DnsWireParserTest {[0m
    [36m| [0m[34m|[0m ...[0m
[36m305[0m [36m| [0m[34m|[0m }[0m
    [36m| [0m[34m|[0m[34m_[0m[34m^[0m
    [36m| [0m

[33mwarning[0m: unreachable block in 'if' expression
    [36m| [0m
    [36m| [0m  /* 8.399 */                if(e is UnittestTimeoutException) {[0m
    [36m| [0m [33m_[0m[33m_____________________________________________________________^[0m
    [36m| [0m[33m|[0m /* 8.400 */                    throw e[0m
    [36m| [0m[33m|[0m /* 8.401 */                }[0m
    [36m| [0m[33m|[0m[33m_[0m[33m___________________________^ unreachable block in 'if' expression[0m
    [36m| [0m
    [36m#[0m [0mnote[0m: this warning can be suppressed by setting the compiler option `-Woff unused`
[34mnote[0m: the warning occurs after the macro is expanded
   [36m==>[0m /home/elliot/playground/Wirestack-pr-worktrees/M8-004-publication/src/net/dns_wire_test.cj:8:1:
    [36m| [0m
[36m8[0m   [36m| [0m  @Test[0m
    [36m| [0m [34m_[0m[34m^[0m
[36m9[0m   [36m| [0m[34m|[0m class DnsWireParserTest {[0m
    [36m| [0m[34m|[0m ...[0m
[36m305[0m [36m| [0m[34m|[0m }[0m
    [36m| [0m[34m|[0m[34m_[0m[34m^[0m
    [36m| [0m

[33mwarning[0m: unreachable block in 'if' expression
    [36m| [0m
    [36m| [0m  /* 8.422 */                if(e is AssertException) {[0m
    [36m| [0m [33m_[0m[33m____________________________________________________^[0m
    [36m| [0m[33m|[0m /* 8.423 */                    throw e[0m
    [36m| [0m[33m|[0m /* 8.424 */                }[0m
    [36m| [0m[33m|[0m[33m_[0m[33m___________________________^ unreachable block in 'if' expression[0m
    [36m| [0m
    [36m#[0m [0mnote[0m: this warning can be suppressed by setting the compiler option `-Woff unused`
[34mnote[0m: the warning occurs after the macro is expanded
   [36m==>[0m /home/elliot/playground/Wirestack-pr-worktrees/M8-004-publication/src/net/dns_wire_test.cj:8:1:
    [36m| [0m
[36m8[0m   [36m| [0m  @Test[0m
    [36m| [0m [34m_[0m[34m^[0m
[36m9[0m   [36m| [0m[34m|[0m class DnsWireParserTest {[0m
    [36m| [0m[34m|[0m ...[0m
[36m305[0m [36m| [0m[34m|[0m }[0m
    [36m| [0m[34m|[0m[34m_[0m[34m^[0m
    [36m| [0m

[33mwarning[0m: unreachable block in 'if' expression
    [36m| [0m
    [36m| [0m  /* 284.146 */                    if(e is AssertException) {[0m
    [36m| [0m [33m_[0m[33m__________________________________________________________^[0m
    [36m| [0m[33m|[0m /* 284.147 */                        throw e[0m
    [36m| [0m[33m|[0m /* 284.148 */                    }[0m
    [36m| [0m[33m|[0m[33m_[0m[33m_________________________________^ unreachable block in 'if' expression[0m
    [36m| [0m
    [36m#[0m [0mnote[0m: this warning can be suppressed by setting the compiler option `-Woff unused`
[34mnote[0m: the code after the macro is expanded as follows
     [36m| [0m
     [36m| [0m  /* 284.1 */@Attribute[TEST_GENERATED] class DnsClientWireTest <: TestClass {[0m
     [36m| [0m [34m_[0m[34m^[0m
     [36m| [0m[34m|[0m /* 284.2 */    @Attribute[TestCase_0][0m
     [36m| [0m[34m|[0m /* 284.3 */    func publicQueryAndLookupUseRealUdpAndRetainAbsoluteCacheExpiry(): Unit {[0m
     [36m| [0m[34m|[0m /* 284.4 */        let server = UdpSocket.bind(dnsClientTestLoopback(0))[0m
     [36m| [0m[34m|[0m /* 284.5 */        let endpoint = dnsClientTestEndpoint(server)[0m
     [36m| [0m[34m|[0m /* 284.6 */        let serving: Future < Int64 >= spawn { var served: Int64 = 0[0m
     [36m| [0m[34m|[0m /* 284.7 */            while(served < 2) {[0m
     [36m| [0m[34m|[0m /* 284.8 */                let received = server.receive(512, context: api.OperationContext(deadline: Some(api.Deadline.after(Duration.second))))[0m
     [36m| [0m[34m|[0m /* 284.9 */                let _ = server.sendTo(received.source.getOrThrow(), api.ByteSpan(dnsClientTestAResponse(received.payload,[192u8, 0u8, 2u8, 44u8], ttl: 10u32)))[0m
     [36m| [0m[34m|[0m /* 284.10 */                served ++[0m
     [36m| [0m[34m|[0m /* 284.11 */            }[0m
     [36m| [0m[34m|[0m /* 284.12 */            served[0m
     [36m| [0m[34m|[0m /* 284.13 */        }[0m
     [36m| [0m[34m|[0m /* 284.14 */        let client = DnsClient(config: dnsClientTestConfig(endpoint))[0m
     [36m| [0m[34m|[0m /* 284.15 */        try {[0m
     [36m| [0m[34m|[0m /* 284.16 */            let summary = client.query("Example.Test.", DnsRecordType.A)[0m
     [36m| [0m[34m|[0m /* 284.17 */            expectEqual("summary.answerCount", "1", summary.answerCount, 1, isDelta: false)[0m
     [36m| [0m[34m|[0m /* 284.18 */            expectEqual("summary.records[0].data()", "[192u8, 0u8, 2u8, 44u8]", summary.records[0].data(),[192u8, 0u8, 2u8, 44u8], isDelta: false)[0m
     [36m| [0m[34m|[0m /* 284.19 */            let first = client.lookup(api.HostName("example.test"), options: api.ResolveOptions(family: api.ResolveAddressFamily.Ipv4))[0m
     [36m| [0m[34m|[0m /* 284.20 */            let retainedExpiry = first.expiration[0m
     [36m| [0m[34m|[0m /* 284.21 */            let second = client.lookup(api.HostName("example.test"), options: api.ResolveOptions(family: api.ResolveAddressFamily.Ipv4))[0m
     [36m| [0m[34m|[0m /* 284.22 */            expectEqual("first.addresses", "second.addresses", first.addresses, second.addresses, isDelta: false)[0m
     [36m| [0m[34m|[0m /* 284.23 */            expectEqual("second.expiration", "retainedExpiry", second.expiration, retainedExpiry, isDelta: false)[0m
     [36m| [0m[34m|[0m /* 284.24 */            expectEqual("second.addresses[0].toOctets()", "[192u8, 0u8, 2u8, 44u8]", second.addresses[0].toOctets(),[192u8, 0u8, 2u8, 44u8], isDelta: false)[0m
     [36m| [0m[34m|[0m /* 284.25 */            expectEqual("serving.get(Duration.second)", "2", serving.get(Duration.second), 2, isDelta: false)[0m
     [36m| [0m[34m|[0m /* 284.26 */        } finally {[0m
     [36m| [0m[34m|[0m /* 284.27 */            client.close()[0m
     [36m| [0m[34m|[0m /* 284.28 */            server.close()[0m
     [36m| [0m[34m|[0m /* 284.29 */        }[0m
     [36m| [0m[34m|[0m /* 284.30 */    }[0m
     [36m| [0m[34m|[0m /* 284.31 */    [0m
     [36m| [0m[34m|[0m /* 284.32 */    @Attribute[TestCase_1][0m
     [36m| [0m[34m|[0m /* 284.33 */    func publicQueryEncodesEveryModeledRecordType(): Unit {[0m
     [36m| [0m[34m|[0m /* 284.34 */        let server = UdpSocket.bind(dnsClientTestLoopback(0))[0m
     [36m| [0m[34m|[0m /* 284.35 */        let endpoint = dnsClientTestEndpoint(server)[0m
     [36m| [0m[34m|[0m /* 284.36 */        let types =[DnsRecordType.A, DnsRecordType.AAAA, DnsRecordType.CNAME, DnsRecordType.SRV, DnsRecordType.TXT, DnsRecordType.MX, DnsRecordType.PTR, DnsRecordType.SOA, DnsRecordType.Unknown(65280)][0m
     [36m| [0m[34m|[0m /* 284.37 */        let serving: Future < Int64 >= spawn { var served: Int64 = 0[0m
     [36m| [0m[34m|[0m /* 284.38 */            while(served < types.size) {[0m
     [36m| [0m[34m|[0m /* 284.39 */                let received = server.receive(512, context: api.OperationContext(deadline: Some(api.Deadline.after(Duration.second))))[0m
     [36m| [0m[34m|[0m /* 284.40 */                let response = dnsClientTestHeader(received.payload, 0x8180u16).toArray()[0m
     [36m| [0m[34m|[0m /* 284.41 */                let _ = server.sendTo(received.source.getOrThrow(), api.ByteSpan(response))[0m
     [36m| [0m[34m|[0m /* 284.42 */                served ++[0m
     [36m| [0m[34m|[0m /* 284.43 */            }[0m
     [36m| [0m[34m|[0m /* 284.44 */            served[0m
     [36m| [0m[34m|[0m /* 284.45 */        }[0m
     [36m| [0m[34m|[0m /* 284.46 */        let client = DnsClient(config: dnsClientTestConfig(endpoint))[0m
     [36m| [0m[34m|[0m /* 284.47 */        try {[0m
     [36m| [0m[34m|[0m /* 284.48 */            for(recordType in types) {[0m
     [36m| [0m[34m|[0m /* 284.49 */                let summary = client.query("_service._tcp.example.test", recordType)[0m
     [36m| [0m[34m|[0m /* 284.50 */                expectEqual("summary.answerCount", "0", summary.answerCount, 0, isDelta: false)[0m
     [36m| [0m[34m|[0m /* 284.51 */                expectEqual("dnsClientTestTypeCode(summary.questions[0].recordType)", "dnsClientTestTypeCode(recordType)", dnsClientTestTypeCode(summary.questions[0].recordType), dnsClientTestTypeCode(recordType), isDelta: false)[0m
     [36m| [0m[34m|[0m /* 284.52 */            }[0m
     [36m| [0m[34m|[0m /* 284.53 */            expectEqual("serving.get(Duration.second)", "types.size", serving.get(Duration.second), types.size, isDelta: false)[0m
     [36m| [0m[34m|[0m /* 284.54 */        } finally {[0m
     [36m| [0m[34m|[0m /* 284.55 */            client.close()[0m
     [36m| [0m[34m|[0m /* 284.56 */            server.close()[0m
     [36m| [0m[34m|[0m /* 284.57 */        }[0m
     [36m| [0m[34m|[0m /* 284.58 */    }[0m
     [36m| [0m[34m|[0m /* 284.59 */    [0m
     [36m| [0m[34m|[0m /* 284.60 */    @Attribute[TestCase_2][0m
     [36m| [0m[34m|[0m /* 284.61 */    func wrongSourceIdAndQuestionAreIgnoredBeforeValidUdpResponse(): Unit {[0m
     [36m| [0m[34m|[0m /* 284.62 */        let server = UdpSocket.bind(dnsClientTestLoopback(0))[0m
     [36m| [0m[34m|[0m /* 284.63 */        let rogue = UdpSocket.bind(dnsClientTestLoopback(0))[0m
     [36m| [0m[34m|[0m /* 284.64 */        let endpoint = dnsClientTestEndpoint(server)[0m
     [36m| [0m[34m|[0m /* 284.65 */        let serving = spawn { let received = server.receive(512, context: api.OperationContext(deadline: Some(api.Deadline.after(Duration.second))))[0m
     [36m| [0m[34m|[0m /* 284.66 */            let destination = received.source.getOrThrow()[0m
     [36m| [0m[34m|[0m /* 284.67 */            let poison = dnsClientTestAResponse(received.payload,[203u8, 0u8, 113u8, 7u8])[0m
     [36m| [0m[34m|[0m /* 284.68 */            let _ = rogue.sendTo(destination, api.ByteSpan(poison))[0m
     [36m| [0m[34m|[0m /* 284.69 */            let wrongId = poison.clone()[0m
     [36m| [0m[34m|[0m /* 284.70 */            wrongId[1] = wrongId[1] ^ 1u8[0m
     [36m| [0m[34m|[0m /* 284.71 */            let _ = server.sendTo(destination, api.ByteSpan(wrongId))[0m
     [36m| [0m[34m|[0m /* 284.72 */            let wrongQuestion = poison.clone()[0m
     [36m| [0m[34m|[0m /* 284.73 */            wrongQuestion[received.payload.size - 3] = 28u8[0m
     [36m| [0m[34m|[0m /* 284.74 */            let _ = server.sendTo(destination, api.ByteSpan(wrongQuestion))[0m
     [36m| [0m[34m|[0m /* 284.75 */            let valid = dnsClientTestAResponse(received.payload,[198u8, 51u8, 100u8, 17u8])[0m
     [36m| [0m[34m|[0m /* 284.76 */            let _ = server.sendTo(destination, api.ByteSpan(valid))[0m
     [36m| [0m[34m|[0m /* 284.77 */            true[0m
     [36m| [0m[34m|[0m /* 284.78 */        }[0m
     [36m| [0m[34m|[0m /* 284.79 */        let client = DnsClient(config: dnsClientTestConfig(endpoint))[0m
     [36m| [0m[34m|[0m /* 284.80 */        try {[0m
     [36m| [0m[34m|[0m /* 284.81 */            let summary = client.query("identity.test", DnsRecordType.A)[0m
     [36m| [0m[34m|[0m /* 284.82 */            expectEqual("summary.records[0].data()", "[198u8, 51u8, 100u8, 17u8]", summary.records[0].data(),[198u8, 51u8, 100u8, 17u8], isDelta: false)[0m
     [36m| [0m[34m|[0m /* 284.83 */            expectEqual("serving.get(Duration.second)", "true", serving.get(Duration.second), true, isDelta: false)[0m
     [36m| [0m[34m|[0m /* 284.84 */        } finally {[0m
     [36m| [0m[34m|[0m /* 284.85 */            client.close()[0m
     [36m| [0m[34m|[0m /* 284.86 */            rogue.close()[0m
     [36m| [0m[34m|[0m /* 284.87 */            server.close()[0m
     [36m| [0m[34m|[0m /* 284.88 */        }[0m
     [36m| [0m[34m|[0m /* 284.89 */    }[0m
     [36m| [0m[34m|[0m /* 284.90 */    [0m
     [36m| [0m[34m|[0m /* 284.91 */    @Attribute[TestCase_3][0m
     [36m| [0m[34m|[0m /* 284.92 */    func validatedTruncationFallsBackToExactTcpFrame(): Unit {[0m
     [36m| [0m[34m|[0m /* 284.93 */        let udp = UdpSocket.bind(dnsClientTestLoopback(0))[0m
     [36m| [0m[34m|[0m /* 284.94 */        let endpoint = dnsClientTestEndpoint(udp)[0m
     [36m| [0m[34m|[0m /* 284.95 */        let tcp = TcpListener.bind(endpoint)[0m
     [36m| [0m[34m|[0m /* 284.96 */        let udpServing = spawn { let received = udp.receive(512, context: api.OperationContext(deadline: Some(api.Deadline.after(Duration.second))))[0m
     [36m| [0m[34m|[0m /* 284.97 */            let truncated = dnsClientTestHeader(received.payload, 0x8380u16, answers: 1).toArray()[0m
     [36m| [0m[34m|[0m /* 284.98 */            let _ = udp.sendTo(received.source.getOrThrow(), api.ByteSpan(truncated))[0m
     [36m| [0m[34m|[0m /* 284.99 */            true[0m
     [36m| [0m[34m|[0m /* 284.100 */        }[0m
     [36m| [0m[34m|[0m /* 284.101 */        let tcpServing = spawn { let stream = tcp.accept(context: api.OperationContext(deadline: Some(api.Deadline.after(Duration.second))))[0m
     [36m| [0m[34m|[0m /* 284.102 */            try {[0m
     [36m| [0m[34m|[0m /* 284.103 */                let lengthBytes = Array < Byte >(2, repeat: 0u8)[0m
     [36m| [0m[34m|[0m /* 284.104 */                stream.readExact(api.MutableByteSpan(lengthBytes), context: api.OperationContext.background())[0m
     [36m| [0m[34m|[0m /* 284.105 */                let length =(Int64(lengthBytes[0]) << 8) | Int64(lengthBytes[1])[0m
     [36m| [0m[34m|[0m /* 284.106 */                let query = Array < Byte >(length, repeat: 0u8)[0m
     [36m| [0m[34m|[0m /* 284.107 */                stream.readExact(api.MutableByteSpan(query), context: api.OperationContext.background())[0m
     [36m| [0m[34m|[0m /* 284.108 */                let response = dnsClientTestAResponse(query,[192u8, 0u8, 2u8, 91u8])[0m
     [36m| [0m[34m|[0m /* 284.109 */                stream.writeAll(api.ByteSpan(dnsClientTestTcpFrame(response)), context: api.OperationContext.background())[0m
     [36m| [0m[34m|[0m /* 284.110 */                true[0m
     [36m| [0m[34m|[0m /* 284.111 */            } finally {[0m
     [36m| [0m[34m|[0m /* 284.112 */                stream.close()[0m
     [36m| [0m[34m|[0m /* 284.113 */            }[0m
     [36m| [0m[34m|[0m /* 284.114 */        }[0m
     [36m| [0m[34m|[0m /* 284.115 */        let client = DnsClient(config: dnsClientTestConfig(endpoint))[0m
     [36m| [0m[34m|[0m /* 284.116 */        try {[0m
     [36m| [0m[34m|[0m /* 284.117 */            let summary = client.query("tcp.test", DnsRecordType.A)[0m
     [36m| [0m[34m|[0m /* 284.118 */            expectEqual("summary.records[0].data()", "[192u8, 0u8, 2u8, 91u8]", summary.records[0].data(),[192u8, 0u8, 2u8, 91u8], isDelta: false)[0m
     [36m| [0m[34m|[0m /* 284.119 */            expectEqual("udpServing.get(Duration.second)", "true", udpServing.get(Duration.second), true, isDelta: false)[0m
     [36m| [0m[34m|[0m /* 284.120 */            expectEqual("tcpServing.get(Duration.second)", "true", tcpServing.get(Duration.second), true, isDelta: false)[0m
     [36m| [0m[34m|[0m /* 284.121 */        } finally {[0m
     [36m| [0m[34m|[0m /* 284.122 */            client.close()[0m
     [36m| [0m[34m|[0m /* 284.123 */            tcp.close()[0m
     [36m| [0m[34m|[0m /* 284.124 */            udp.close()[0m
     [36m| [0m[34m|[0m /* 284.125 */        }[0m
     [36m| [0m[34m|[0m /* 284.126 */    }[0m
     [36m| [0m[34m|[0m /* 284.127 */    [0m
     [36m| [0m[34m|[0m /* 284.128 */    @Attribute[TestCase_4][0m
     [36m| [0m[34m|[0m /* 284.129 */    func activeCancellationRetainsNameserverWithoutRetry(): Unit {[0m
     [36m| [0m[34m|[0m /* 284.130 */        let first = UdpSocket.bind(dnsClientTestLoopback(0))[0m
     [36m| [0m[34m|[0m /* 284.131 */        let second = UdpSocket.bind(dnsClientTestLoopback(0))[0m
     [36m| [0m[34m|[0m /* 284.132 */        let firstEndpoint = dnsClientTestEndpoint(first)[0m
     [36m| [0m[34m|[0m /* 284.133 */        let cancellation = api.CancellationSource()[0m
     [36m| [0m[34m|[0m /* 284.134 */        let serving = spawn { let _ = first.receive(512, context: api.OperationContext(deadline: Some(api.Deadline.after(Duration.second))))[0m
     [36m| [0m[34m|[0m /* 284.135 */            cancellation.cancel()[0m
     [36m| [0m[34m|[0m /* 284.136 */            true[0m
     [36m| [0m[34m|[0m /* 284.137 */        }[0m
     [36m| [0m[34m|[0m /* 284.138 */        let client = DnsClient(config: DnsResolverConfig(nameservers:[firstEndpoint, dnsClientTestEndpoint(second)], attempts: 2))[0m
     [36m| [0m[34m|[0m /* 284.139 */        try {[0m
     [36m| [0m[34m|[0m /* 284.140 */            let error = try {[0m
     [36m| [0m[34m|[0m /* 284.141 */                try {[0m
     [36m| [0m[34m|[0m /* 284.142 */                    assertEqual("true", "true", true, true)[0m
     [36m| [0m[34m|[0m /* 284.143 */                    client.query("cancel-failover.test", DnsRecordType.A, context: api.OperationContext(cancellation: cancellation.token))[0m
     [36m| [0m[34m|[0m /* 284.144 */                    fail("@AssertThrows: Expected 'api.ResolveException' was not caught.")[0m
     [36m| [0m[34m|[0m /* 284.145 */                } catch(e: api.ResolveException) {[0m
     [36m| [0m[34m|[0m /* 284.146 */                    if(e is AssertException) {[0m
     [36m| [0m[34m|[0m /* 284.147 */                        throw e[0m
     [36m| [0m[34m|[0m /* 284.148 */                    }[0m
     [36m| [0m[34m|[0m /* 284.149 */                    if(e is AssertIntermediateException) {[0m
     [36m| [0m[34m|[0m /* 284.150 */                        throw e[0m
     [36m| [0m[34m|[0m /* 284.151 */                    }[0m
     [36m| [0m[34m|[0m /* 284.152 */                    if(e is UnittestTimeoutException) {[0m
     [36m| [0m[34m|[0m /* 284.153 */                        throw e[0m
     [36m| [0m[34m|[0m /* 284.154 */                    }[0m
     [36m| [0m[34m|[0m /* 284.155 */                    e[0m
     [36m| [0m[34m|[0m /* 284.156 */                }[0m
     [36m| [0m[34m|[0m /* 284.157 */            } catch(e: Exception) {[0m
     [36m| [0m[34m|[0m /* 284.158 */                if(e is AssertException || e is AssertIntermediateException || e is UnittestTimeoutException) {[0m
     [36m| [0m[34m|[0m /* 284.159 */                    throw e[0m
     [36m| [0m[34m|[0m /* 284.160 */                }[0m
     [36m| [0m[34m|[0m /* 284.161 */                assertCaughtUnexpectedE("@AssertThrows(api.ResolveException)", "api.ResolveException", e.toString())[0m
     [36m| [0m[34m|[0m /* 284.162 */            }[0m
     [36m| [0m[34m|[0m /* 284.163 */            [0m
     [36m| [0m[34m|[0m /* 284.164 */            expectEqual("dnsClientTestCodeIs(error.resolveCode, api.ResolveErrorCode.Cancelled)", "true", dnsClientTestCodeIs(error.resolveCode, api.ResolveErrorCode.Cancelled), true, isDelta: false)[0m
     [36m| [0m[34m|[0m /* 284.165 */            match(error.remoteEndpoint) {[0m
     [36m| [0m[34m|[0m /* 284.166 */                case Some(api.NetworkEndpoint.Internet(remote)) => expectEqual("remote", "firstEndpoint", remote, firstEndpoint, isDelta: false)[0m
     [36m| [0m[34m|[0m /* 284.167 */                case _ => fail("active DNS cancellation lost its nameserver")[0m
     [36m| [0m[34m|[0m /* 284.168 */            }[0m
     [36m| [0m[34m|[0m /* 284.169 */            expectEqual("serving.get(Duration.second)", "true", serving.get(Duration.second), true, isDelta: false)[0m
     [36m| [0m[34m|[0m /* 284.170 */            let noRetry = try {[0m
     [36m| [0m[34m|[0m /* 284.171 */                try {[0m
     [36m| [0m[34m|[0m /* 284.172 */                    assertEqual("true", "true", true, true)[0m
     [36m| [0m[34m|[0m /* 284.173 */                    second.receive(512, context: api.OperationContext(deadline: Some(api.Deadline.after(50 * Duration.millisecond))))[0m
     [36m| [0m[34m|[0m /* 284.174 */                    fail("@AssertThrows: Expected 'api.NetworkException' was not caught.")[0m
     [36m| [0m[34m|[0m /* 284.175 */                } catch(e: api.NetworkException) {[0m
     [36m| [0m[34m|[0m /* 284.176 */                    if(e is AssertException) {[0m
     [36m| [0m[34m|[0m /* 284.177 */                        throw e[0m
     [36m| [0m[34m|[0m /* 284.178 */                    }[0m
     [36m| [0m[34m|[0m /* 284.179 */                    if(e is AssertIntermediateException) {[0m
     [36m| [0m[34m|[0m /* 284.180 */                        throw e[0m
     [36m| [0m[34m|[0m /* 284.181 */                    }[0m
     [36m| [0m[34m|[0m /* 284.182 */                    if(e is UnittestTimeoutException) {[0m
     [36m| [0m[34m|[0m /* 284.183 */                        throw e[0m
     [36m| [0m[34m|[0m /* 284.184 */                    }[0m
     [36m| [0m[34m|[0m /* 284.185 */                    e[0m
     [36m| [0m[34m|[0m /* 284.186 */                }[0m
     [36m| [0m[34m|[0m /* 284.187 */            } catch(e: Exception) {[0m
     [36m| [0m[34m|[0m /* 284.188 */                if(e is AssertException || e is AssertIntermediateException || e is UnittestTimeoutException) {[0m
     [36m| [0m[34m|[0m /* 284.189 */                    throw e[0m
     [36m| [0m[34m|[0m /* 284.190 */                }[0m
     [36m| [0m[34m|[0m /* 284.191 */                assertCaughtUnexpectedE("@AssertThrows(api.NetworkException)", "api.NetworkException", e.toString())[0m
     [36m| [0m[34m|[0m /* 284.192 */            }[0m
     [36m| [0m[34m|[0m /* 284.193 */            [0m
     [36m| [0m[34m|[0m /* 284.194 */            expectEqual("match(noRetry.code) {\n    case api.NetworkErrorCode.TimedOut => true\n    case _ => false\n}", "true", match(noRetry.code) {[0m
     [36m| [0m[34m|[0m /* 284.195 */                case api.NetworkErrorCode.TimedOut => true[0m
     [36m| [0m[34m|[0m /* 284.196 */                case _ => false[0m
     [36m| [0m[34m|[0m /* 284.197 */            }, true, isDelta: false)[0m
     [36m| [0m[34m|[0m /* 284.198 */        } finally {[0m
     [36m| [0m[34m|[0m /* 284.199 */            client.close()[0m
     [36m| [0m[34m|[0m /* 284.200 */            second.close()[0m
     [36m| [0m[34m|[0m /* 284.201 */            first.close()[0m
     [36m| [0m[34m|[0m /* 284.202 */        }[0m
     [36m| [0m[34m|[0m /* 284.203 */    }[0m
     [36m| [0m[34m|[0m /* 284.204 */    [0m
     [36m| [0m[34m|[0m /* 284.205 */    @Attribute[TestCase_5][0m
     [36m| [0m[34m|[0m /* 284.206 */    func silentDnsAttemptsLeaveBudgetForServerAndPassFailover(): Unit {[0m
     [36m| [0m[34m|[0m /* 284.207 */        for(retrySameServer in[false, true]) {[0m
     [36m| [0m[34m|[0m /* 284.208 */            let first = UdpSocket.bind(dnsClientTestLoopback(0))[0m
     [36m| [0m[34m|[0m /* 284.209 */            let responder = if(retrySameServer) {[0m
     [36m| [0m[34m|[0m /* 284.210 */                first[0m
     [36m| [0m[34m|[0m /* 284.211 */            }[0m
     [36m| [0m[34m|[0m /* 284.212 */            else {[0m
     [36m| [0m[34m|[0m /* 284.213 */                UdpSocket.bind(dnsClientTestLoopback(0))[0m
     [36m| [0m[34m|[0m /* 284.214 */            }[0m
     [36m| [0m[34m|[0m /* 284.215 */            [0m
     [36m| [0m[34m|[0m /* 284.216 */            let firstEndpoint = dnsClientTestEndpoint(first)[0m
     [36m| [0m[34m|[0m /* 284.217 */            let responderEndpoint = dnsClientTestEndpoint(responder)[0m
     [36m| [0m[34m|[0m /* 284.218 */            let serving = spawn { let peerContext = api.OperationContext(deadline: Some(api.Deadline.after(2 * Duration.second)))[0m
     [36m| [0m[34m|[0m /* 284.219 */                if(retrySameServer) {[0m
     [36m| [0m[34m|[0m /* 284.220 */                    let _ = first.receive(512, context: peerContext)[0m
     [36m| [0m[34m|[0m /* 284.221 */                }[0m
     [36m| [0m[34m|[0m /* 284.222 */                let query = responder.receive(512, context: peerContext)[0m
     [36m| [0m[34m|[0m /* 284.223 */                let _ = responder.sendTo(query.source.getOrThrow(), api.ByteSpan(dnsClientTestAResponse(query.payload,[192u8, 0u8, 2u8, 88u8])))[0m
     [36m| [0m[34m|[0m /* 284.224 */                true[0m
     [36m| [0m[34m|[0m /* 284.225 */            }[0m
     [36m| [0m[34m|[0m /* 284.226 */            let nameservers = if(retrySameServer) {[0m
     [36m| [0m[34m|[0m /* 284.227 */                [firstEndpoint][0m
     [36m| [0m[34m|[0m /* 284.228 */            }[0m
     [36m| [0m[34m|[0m /* 284.229 */            else {[0m
     [36m| [0m[34m|[0m /* 284.230 */                [firstEndpoint, responderEndpoint][0m
     [36m| [0m[34m|[0m /* 284.231 */            }[0m
     [36m| [0m[34m|[0m /* 284.232 */            [0m
     [36m| [0m[34m|[0m /* 284.233 */            let client = DnsClient(config: DnsResolverConfig(nameservers: nameservers, attempts: if(retrySameServer) {[0m
     [36m| [0m[34m|[0m /* 284.234 */                2[0m
     [36m| [0m[34m|[0m /* 284.235 */            }[0m
     [36m| [0m[34m|[0m /* 284.236 */            else {[0m
     [36m| [0m[34m|[0m /* 284.237 */                1[0m
     [36m| [0m[34m|[0m /* 284.238 */            }[0m
     [36m| [0m[34m|[0m /* 284.239 */            , queryTimeout: Duration.second))[0m
     [36m| [0m[34m|[0m /* 284.240 */            let context = api.OperationContext(deadline: Some(api.Deadline.after(500 * Duration.millisecond)))[0m
     [36m| [0m[34m|[0m /* 284.241 */            try {[0m
     [36m| [0m[34m|[0m /* 284.242 */                let response = client.query("failover.test", DnsRecordType.A, context: context)[0m
     [36m| [0m[34m|[0m /* 284.243 */                expectEqual("response.records[0].data()", "[192u8, 0u8, 2u8, 88u8]", response.records[0].data(),[192u8, 0u8, 2u8, 88u8], isDelta: false)[0m
     [36m| [0m[34m|[0m /* 284.244 */                expectEqual("! context.isDeadlineExceeded()", "true", ! context.isDeadlineExceeded(), true, isDelta: false)[0m
     [36m| [0m[34m|[0m /* 284.245 */                expectEqual("serving.get(Duration.second)", "true", serving.get(Duration.second), true, isDelta: false)[0m
     [36m| [0m[34m|[0m /* 284.246 */            } finally {[0m
     [36m| [0m[34m|[0m /* 284.247 */                client.close()[0m
     [36m| [0m[34m|[0m /* 284.248 */                responder.close()[0m
     [36m| [0m[34m|[0m /* 284.249 */                first.close()[0m
     [36m| [0m[34m|[0m /* 284.250 */            }[0m
     [36m| [0m[34m|[0m /* 284.251 */        }[0m
     [36m| [0m[34m|[0m /* 284.252 */    }[0m
     [36m| [0m[34m|[0m /* 284.253 */    [0m
     [36m| [0m[34m|[0m /* 284.254 */    @Attribute[TestCase_6][0m
     [36m| [0m[34m|[0m /* 284.255 */    func exhaustedResponseCodesRetainTheLastRespondingNameserver(): Unit {[0m
     [36m| [0m[34m|[0m /* 284.256 */        let first = UdpSocket.bind(dnsClientTestLoopback(0))[0m
     [36m| [0m[34m|[0m /* 284.257 */        let second = UdpSocket.bind(dnsClientTestLoopback(0))[0m
     [36m| [0m[34m|[0m /* 284.258 */        let firstEndpoint = dnsClientTestEndpoint(first)[0m
     [36m| [0m[34m|[0m /* 284.259 */        let secondEndpoint = dnsClientTestEndpoint(second)[0m
     [36m| [0m[34m|[0m /* 284.260 */        let serving = spawn { let context = api.OperationContext(deadline: Some(api.Deadline.after(Duration.second)))[0m
     [36m| [0m[34m|[0m /* 284.261 */            let firstQuery = first.receive(512, context: context)[0m
     [36m| [0m[34m|[0m /* 284.262 */            let _ = first.sendTo(firstQuery.source.getOrThrow(), api.ByteSpan(dnsClientTestHeader(firstQuery.payload, 0x8182u16).toArray()))[0m
     [36m| [0m[34m|[0m /* 284.263 */            let secondQuery = second.receive(512, context: context)[0m
     [36m| [0m[34m|[0m /* 284.264 */            let _ = second.sendTo(secondQuery.source.getOrThrow(), api.ByteSpan(dnsClientTestHeader(secondQuery.payload, 0x8185u16).toArray()))[0m
     [36m| [0m[34m|[0m /* 284.265 */            true[0m
     [36m| [0m[34m|[0m /* 284.266 */        }[0m
     [36m| [0m[34m|[0m /* 284.267 */        let client = DnsClient(config: DnsResolverConfig(nameservers:[firstEndpoint, secondEndpoint], attempts: 1))[0m
     [36m| [0m[34m|[0m /* 284.268 */        try {[0m
     [36m| [0m[34m|[0m /* 284.269 */            let error = try {[0m
     [36m| [0m[34m|[0m /* 284.270 */                try {[0m
     [36m| [0m[34m|[0m /* 284.271 */                    assertEqual("true", "true", true, true)[0m
     [36m| [0m[34m|[0m /* 284.272 */                    client.query("refused.test", DnsRecordType.A)[0m
     [36m| [0m[34m|[0m /* 284.273 */                    fail("@AssertThrows: Expected 'api.ResolveException' was not caught.")[0m
     [36m| [0m[34m|[0m /* 284.274 */                } catch(e: api.ResolveException) {[0m
     [36m| [0m[34m|[0m /* 284.275 */                    if(e is AssertException) {[0m
     [36m| [0m[34m|[0m /* 284.276 */                        throw e[0m
     [36m| [0m[34m|[0m /* 284.277 */                    }[0m
     [36m| [0m[34m|[0m /* 284.278 */                    if(e is AssertIntermediateException) {[0m
     [36m| [0m[34m|[0m /* 284.279 */                        throw e[0m
     [36m| [0m[34m|[0m /* 284.280 */                    }[0m
     [36m| [0m[34m|[0m /* 284.281 */                    if(e is UnittestTimeoutException) {[0m
     [36m| [0m[34m|[0m /* 284.282 */                        throw e[0m
     [36m| [0m[34m|[0m /* 284.283 */                    }[0m
     [36m| [0m[34m|[0m /* 284.284 */                    e[0m
     [36m| [0m[34m|[0m /* 284.285 */                }[0m
     [36m| [0m[34m|[0m /* 284.286 */            } catch(e: Exception) {[0m
     [36m| [0m[34m|[0m /* 284.287 */                if(e is AssertException || e is AssertIntermediateException || e is UnittestTimeoutException) {[0m
     [36m| [0m[34m|[0m /* 284.288 */                    throw e[0m
     [36m| [0m[34m|[0m /* 284.289 */                }[0m
     [36m| [0m[34m|[0m /* 284.290 */                assertCaughtUnexpectedE("@AssertThrows(api.ResolveException)", "api.ResolveException", e.toString())[0m
     [36m| [0m[34m|[0m /* 284.291 */            }[0m
     [36m| [0m[34m|[0m /* 284.292 */            [0m
     [36m| [0m[34m|[0m /* 284.293 */            expectEqual("dnsClientTestCodeIs(error.resolveCode, api.ResolveErrorCode.TemporaryFailure)", "true", dnsClientTestCodeIs(error.resolveCode, api.ResolveErrorCode.TemporaryFailure), true, isDelta: false)[0m
     [36m| [0m[34m|[0m /* 284.294 */            match(error.remoteEndpoint) {[0m
     [36m| [0m[34m|[0m /* 284.295 */                case Some(api.NetworkEndpoint.Internet(remote)) => expectEqual("remote", "secondEndpoint", remote, secondEndpoint, isDelta: false)[0m
     [36m| [0m[34m|[0m /* 284.296 */                case _ => fail("DNS RCODE failure lost its responding nameserver")[0m
     [36m| [0m[34m|[0m /* 284.297 */            }[0m
     [36m| [0m[34m|[0m /* 284.298 */            expectEqual("serving.get(Duration.second)", "true", serving.get(Duration.second), true, isDelta: false)[0m
     [36m| [0m[34m|[0m /* 284.299 */        } finally {[0m
     [36m| [0m[34m|[0m /* 284.300 */            client.close()[0m
     [36m| [0m[34m|[0m /* 284.301 */            second.close()[0m
     [36m| [0m[34m|[0m /* 284.302 */            first.close()[0m
     [36m| [0m[34m|[0m /* 284.303 */        }[0m
     [36m| [0m[34m|[0m /* 284.304 */    }[0m
     [36m| [0m[34m|[0m /* 284.305 */    [0m
     [36m| [0m[34m|[0m /* 284.306 */    @Attribute[TestCase_7][0m
     [36m| [0m[34m|[0m /* 284.307 */    func unsupportedResponseCodeRetainsRespondingNameserver(): Unit {[0m
     [36m| [0m[34m|[0m /* 284.308 */        let server = UdpSocket.bind(dnsClientTestLoopback(0))[0m
     [36m| [0m[34m|[0m /* 284.309 */        let endpoint = dnsClientTestEndpoint(server)[0m
     [36m| [0m[34m|[0m /* 284.310 */        let serving = spawn { let received = server.receive(512, context: api.OperationContext(deadline: Some(api.Deadline.after(Duration.second))))[0m
     [36m| [0m[34m|[0m /* 284.311 */            let _ = server.sendTo(received.source.getOrThrow(), api.ByteSpan(dnsClientTestHeader(received.payload, 0x8181u16).toArray()))[0m
     [36m| [0m[34m|[0m /* 284.312 */        }[0m
     [36m| [0m[34m|[0m /* 284.313 */        let client = DnsClient(config: dnsClientTestConfig(endpoint))[0m
     [36m| [0m[34m|[0m /* 284.314 */        try {[0m
     [36m| [0m[34m|[0m /* 284.315 */            let error = try {[0m
     [36m| [0m[34m|[0m /* 284.316 */                try {[0m
     [36m| [0m[34m|[0m /* 284.317 */                    assertEqual("true", "true", true, true)[0m
     [36m| [0m[34m|[0m /* 284.318 */                    client.lookup(api.HostName("formerr.test"), options: api.ResolveOptions(family: api.ResolveAddressFamily.Ipv4))[0m
     [36m| [0m[34m|[0m /* 284.319 */                    fail("@AssertThrows: Expected 'api.ResolveException' was not caught.")[0m
     [36m| [0m[34m|[0m /* 284.320 */                } catch(e: api.ResolveException) {[0m
     [36m| [0m[34m|[0m /* 284.321 */                    if(e is AssertException) {[0m
     [36m| [0m[34m|[0m /* 284.322 */                        throw e[0m
     [36m| [0m[34m|[0m /* 284.323 */                    }[0m
     [36m| [0m[34m|[0m /* 284.324 */                    if(e is AssertIntermediateException) {[0m
     [36m| [0m[34m|[0m /* 284.325 */                        throw e[0m
     [36m| [0m[34m|[0m /* 284.326 */                    }[0m
     [36m| [0m[34m|[0m /* 284.327 */                    if(e is UnittestTimeoutException) {[0m
     [36m| [0m[34m|[0m /* 284.328 */                        throw e[0m
     [36m| [0m[34m|[0m /* 284.329 */                    }[0m
     [36m| [0m[34m|[0m /* 284.330 */                    e[0m
     [36m| [0m[34m|[0m /* 284.331 */                }[0m
     [36m| [0m[34m|[0m /* 284.332 */            } catch(e: Exception) {[0m
     [36m| [0m[34m|[0m /* 284.333 */                if(e is AssertException || e is AssertIntermediateException || e is UnittestTimeoutException) {[0m
     [36m| [0m[34m|[0m /* 284.334 */                    throw e[0m
     [36m| [0m[34m|[0m /* 284.335 */                }[0m
     [36m| [0m[34m|[0m /* 284.336 */                assertCaughtUnexpectedE("@AssertThrows(api.ResolveException)", "api.ResolveException", e.toString())[0m
     [36m| [0m[34m|[0m /* 284.337 */            }[0m
     [36m| [0m[34m|[0m /* 284.338 */            [0m
     [36m| [0m[34m|[0m /* 284.339 */            expectEqual("dnsClientTestCodeIs(error.resolveCode, api.ResolveErrorCode.SystemFailure)", "true", dnsClientTestCodeIs(error.resolveCode, api.ResolveErrorCode.SystemFailure), true, isDelta: false)[0m
     [36m| [0m[34m|[0m /* 284.340 */            match(error.remoteEndpoint) {[0m
     [36m| [0m[34m|[0m /* 284.341 */                case Some(api.NetworkEndpoint.Internet(remote)) => expectEqual("remote", "endpoint", remote, endpoint, isDelta: false)[0m
     [36m| [0m[34m|[0m /* 284.342 */                case _ => fail("unsupported DNS response code lost its responding nameserver")[0m
     [36m| [0m[34m|[0m /* 284.343 */            }[0m
     [36m| [0m[34m|[0m /* 284.344 */            serving.get(Duration.second)[0m
     [36m| [0m[34m|[0m /* 284.345 */        } finally {[0m
     [36m| [0m[34m|[0m /* 284.346 */            client.close()[0m
     [36m| [0m[34m|[0m /* 284.347 */            server.close()[0m
     [36m| [0m[34m|[0m /* 284.348 */        }[0m
     [36m| [0m[34m|[0m /* 284.349 */    }[0m
     [36m| [0m[34m|[0m /* 284.350 */    [0m
     [36m| [0m[34m|[0m /* 284.351 */    @Attribute[TestCase_8][0m
     [36m| [0m[34m|[0m /* 284.352 */    func dnsTransportFailuresRetainSelectedNameserver(): Unit {[0m
     [36m| [0m[34m|[0m /* 284.353 */        for(tcpFallback in[false, true]) {[0m
     [36m| [0m[34m|[0m /* 284.354 */            let server = UdpSocket.bind(dnsClientTestLoopback(0))[0m
     [36m| [0m[34m|[0m /* 284.355 */            let endpoint = dnsClientTestEndpoint(server)[0m
     [36m| [0m[34m|[0m /* 284.356 */            let tcp = if(tcpFallback) {[0m
     [36m| [0m[34m|[0m /* 284.357 */                Some(TcpListener.bind(endpoint))[0m
     [36m| [0m[34m|[0m /* 284.358 */            }[0m
     [36m| [0m[34m|[0m /* 284.359 */            else {[0m
     [36m| [0m[34m|[0m /* 284.360 */                None < TcpListener >[0m
     [36m| [0m[34m|[0m /* 284.361 */            }[0m
     [36m| [0m[34m|[0m /* 284.362 */            [0m
     [36m| [0m[34m|[0m /* 284.363 */            let serving = spawn { let received = server.receive(512, context: api.OperationContext(deadline: Some(api.Deadline.after(Duration.second))))[0m
     [36m| [0m[34m|[0m /* 284.364 */                if(let Some(listener) <- tcp) {[0m
     [36m| [0m[34m|[0m /* 284.365 */                    let truncated = dnsClientTestHeader(received.payload, 0x8380u16).toArray()[0m
     [36m| [0m[34m|[0m /* 284.366 */                    let _ = server.sendTo(received.source.getOrThrow(), api.ByteSpan(truncated))[0m
     [36m| [0m[34m|[0m /* 284.367 */                    let stream = listener.accept(context: api.OperationContext(deadline: Some(api.Deadline.after(Duration.second))))[0m
     [36m| [0m[34m|[0m /* 284.368 */                    stream.close()[0m
     [36m| [0m[34m|[0m /* 284.369 */                }[0m
     [36m| [0m[34m|[0m /* 284.370 */                received.source.getOrThrow()[0m
     [36m| [0m[34m|[0m /* 284.371 */            }[0m
     [36m| [0m[34m|[0m /* 284.372 */            let client = DnsClient(config: DnsResolverConfig(nameservers:[endpoint], attempts: 1, queryTimeout: 250 * Duration.millisecond))[0m
     [36m| [0m[34m|[0m /* 284.373 */            try {[0m
     [36m| [0m[34m|[0m /* 284.374 */                let error = try {[0m
     [36m| [0m[34m|[0m /* 284.375 */                    try {[0m
     [36m| [0m[34m|[0m /* 284.376 */                        assertEqual("true", "true", true, true)[0m
     [36m| [0m[34m|[0m /* 284.377 */                        client.query("transport-error.test", DnsRecordType.A)[0m
     [36m| [0m[34m|[0m /* 284.378 */                        fail("@AssertThrows: Expected 'api.ResolveException' was not caught.")[0m
     [36m| [0m[34m|[0m /* 284.379 */                    } catch(e: api.ResolveException) {[0m
     [36m| [0m[34m|[0m /* 284.380 */                        if(e is AssertException) {[0m
     [36m| [0m[34m|[0m /* 284.381 */                            throw e[0m
     [36m| [0m[34m|[0m /* 284.382 */                        }[0m
     [36m| [0m[34m|[0m /* 284.383 */                        if(e is AssertIntermediateException) {[0m
     [36m| [0m[34m|[0m /* 284.384 */                            throw e[0m
     [36m| [0m[34m|[0m /* 284.385 */                        }[0m
     [36m| [0m[34m|[0m /* 284.386 */                        if(e is UnittestTimeoutException) {[0m
     [36m| [0m[34m|[0m /* 284.387 */                            throw e[0m
     [36m| [0m[34m|[0m /* 284.388 */                        }[0m
     [36m| [0m[34m|[0m /* 284.389 */                        e[0m
     [36m| [0m[34m|[0m /* 284.390 */                    }[0m
     [36m| [0m[34m|[0m /* 284.391 */                } catch(e: Exception) {[0m
     [36m| [0m[34m|[0m /* 284.392 */                    if(e is AssertException || e is AssertIntermediateException || e is UnittestTimeoutException) {[0m
     [36m| [0m[34m|[0m /* 284.393 */                        throw e[0m
     [36m| [0m[34m|[0m /* 284.394 */                    }[0m
     [36m| [0m[34m|[0m /* 284.395 */                    assertCaughtUnexpectedE("@AssertThrows(api.ResolveException)", "api.ResolveException", e.toString())[0m
     [36m| [0m[34m|[0m /* 284.396 */                }[0m
     [36m| [0m[34m|[0m /* 284.397 */                [0m
     [36m| [0m[34m|[0m /* 284.398 */                let caller = serving.get(Duration.second)[0m
     [36m| [0m[34m|[0m /* 284.399 */                match(error.remoteEndpoint) {[0m
     [36m| [0m[34m|[0m /* 284.400 */                    case Some(api.NetworkEndpoint.Internet(remote)) => expectEqual("remote", "endpoint", remote, endpoint, isDelta: false)[0m
     [36m| [0m[34m|[0m /* 284.401 */                    case _ => fail("DNS transport error lost the selected nameserver")[0m
     [36m| [0m[34m|[0m /* 284.402 */                }[0m
     [36m| [0m[34m|[0m /* 284.403 */                if(! tcpFallback) {[0m
     [36m| [0m[34m|[0m /* 284.404 */                    expectEqual("dnsClientTestCodeIs(error.resolveCode, api.ResolveErrorCode.Timeout)", "true", dnsClientTestCodeIs(error.resolveCode, api.ResolveErrorCode.Timeout), true, isDelta: false)[0m
     [36m| [0m[34m|[0m /* 284.405 */                    match((error.localEndpoint, caller)) {[0m
     [36m| [0m[34m|[0m /* 284.406 */                        case(Some(api.NetworkEndpoint.Internet(local)), api.NetworkEndpoint.Internet(peer)) => expectEqual("local.port", "peer.port", local.port, peer.port, isDelta: false)[0m
     [36m| [0m[34m|[0m /* 284.407 */                        case _ => fail("DNS receive error lost its local socket")[0m
     [36m| [0m[34m|[0m /* 284.408 */                    }[0m
     [36m| [0m[34m|[0m /* 284.409 */                }[0m
     [36m| [0m[34m|[0m /* 284.410 */                else {[0m
     [36m| [0m[34m|[0m /* 284.411 */                    expectEqual("dnsClientTestCodeIs(error.resolveCode, api.ResolveErrorCode.TemporaryFailure)", "true", dnsClientTestCodeIs(error.resolveCode, api.ResolveErrorCode.TemporaryFailure), true, isDelta: false)[0m
     [36m| [0m[34m|[0m /* 284.412 */                }[0m
     [36m| [0m[34m|[0m /* 284.413 */                expectEqual("error.cause.isSome()", "true", error.cause.isSome(), true, isDelta: false)[0m
     [36m| [0m[34m|[0m /* 284.414 */            } finally {[0m
     [36m| [0m[34m|[0m /* 284.415 */                client.close()[0m
     [36m| [0m[34m|[0m /* 284.416 */                if(let Some(listener) <- tcp) {[0m
     [36m| [0m[34m|[0m /* 284.417 */                    listener.close()[0m
     [36m| [0m[34m|[0m /* 284.418 */                }[0m
     [36m| [0m[34m|[0m /* 284.419 */                server.close()[0m
     [36m| [0m[34m|[0m /* 284.420 */            }[0m
     [36m| [0m[34m|[0m /* 284.421 */        }[0m
     [36m| [0m[34m|[0m /* 284.422 */    }[0m
     [36m| [0m[34m|[0m /* 284.423 */    [0m
     [36m| [0m[34m|[0m /* 284.424 */    @Attribute[TestCase_9][0m
     [36m| [0m[34m|[0m /* 284.425 */    func tcpResponseCannotRemainTruncated(): Unit {[0m
     [36m| [0m[34m|[0m /* 284.426 */        let udp = UdpSocket.bind(dnsClientTestLoopback(0))[0m
     [36m| [0m[34m|[0m /* 284.427 */        let endpoint = dnsClientTestEndpoint(udp)[0m
     [36m| [0m[34m|[0m /* 284.428 */        let tcp = TcpListener.bind(endpoint)[0m
     [36m| [0m[34m|[0m /* 284.429 */        let udpServing = spawn { let received = udp.receive(512, context: api.OperationContext(deadline: Some(api.Deadline.after(Duration.second))))[0m
     [36m| [0m[34m|[0m /* 284.430 */            let truncated = dnsClientTestHeader(received.payload, 0x8380u16).toArray()[0m
     [36m| [0m[34m|[0m /* 284.431 */            let _ = udp.sendTo(received.source.getOrThrow(), api.ByteSpan(truncated))[0m
     [36m| [0m[34m|[0m /* 284.432 */            true[0m
     [36m| [0m[34m|[0m /* 284.433 */        }[0m
     [36m| [0m[34m|[0m /* 284.434 */        let tcpServing = spawn { let stream = tcp.accept(context: api.OperationContext(deadline: Some(api.Deadline.after(Duration.second))))[0m
     [36m| [0m[34m|[0m /* 284.435 */            try {[0m
     [36m| [0m[34m|[0m /* 284.436 */                let lengthBytes = Array < Byte >(2, repeat: 0u8)[0m
     [36m| [0m[34m|[0m /* 284.437 */                stream.readExact(api.MutableByteSpan(lengthBytes), context: api.OperationContext.background())[0m
     [36m| [0m[34m|[0m /* 284.438 */                let length =(Int64(lengthBytes[0]) << 8) | Int64(lengthBytes[1])[0m
     [36m| [0m[34m|[0m /* 284.439 */                let query = Array < Byte >(length, repeat: 0u8)[0m
     [36m| [0m[34m|[0m /* 284.440 */                stream.readExact(api.MutableByteSpan(query), context: api.OperationContext.background())[0m
     [36m| [0m[34m|[0m /* 284.441 */                let stillTruncated = dnsClientTestHeader(query, 0x8380u16).toArray()[0m
     [36m| [0m[34m|[0m /* 284.442 */                stream.writeAll(api.ByteSpan(dnsClientTestTcpFrame(stillTruncated)), context: api.OperationContext.background())[0m
     [36m| [0m[34m|[0m /* 284.443 */                true[0m
     [36m| [0m[34m|[0m /* 284.444 */            } finally {[0m
     [36m| [0m[34m|[0m /* 284.445 */                stream.close()[0m
     [36m| [0m[34m|[0m /* 284.446 */            }[0m
     [36m| [0m[34m|[0m /* 284.447 */        }[0m
     [36m| [0m[34m|[0m /* 284.448 */        let client = DnsClient(config: dnsClientTestConfig(endpoint))[0m
     [36m| [0m[34m|[0m /* 284.449 */        try {[0m
     [36m| [0m[34m|[0m /* 284.450 */            let error = try {[0m
     [36m| [0m[34m|[0m /* 284.451 */                try {[0m
     [36m| [0m[34m|[0m /* 284.452 */                    assertEqual("true", "true", true, true)[0m
     [36m| [0m[34m|[0m /* 284.453 */                    client.query("still-truncated.test", DnsRecordType.A)[0m
     [36m| [0m[34m|[0m /* 284.454 */                    fail("@AssertThrows: Expected 'api.ResolveException' was not caught.")[0m
     [36m| [0m[34m|[0m /* 284.455 */                } catch(e: api.ResolveException) {[0m
     [36m| [0m[34m|[0m /* 284.456 */                    if(e is AssertException) {[0m
     [36m| [0m[34m|[0m /* 284.457 */                        throw e[0m
     [36m| [0m[34m|[0m /* 284.458 */                    }[0m
     [36m| [0m[34m|[0m /* 284.459 */                    if(e is AssertIntermediateException) {[0m
     [36m| [0m[34m|[0m /* 284.460 */                        throw e[0m
     [36m| [0m[34m|[0m /* 284.461 */                    }[0m
     [36m| [0m[34m|[0m /* 284.462 */                    if(e is UnittestTimeoutException) {[0m
     [36m| [0m[34m|[0m /* 284.463 */                        throw e[0m
     [36m| [0m[34m|[0m /* 284.464 */                    }[0m
     [36m| [0m[34m|[0m /* 284.465 */                    e[0m
     [36m| [0m[34m|[0m /* 284.466 */                }[0m
     [36m| [0m[34m|[0m /* 284.467 */            } catch(e: Exception) {[0m
     [36m| [0m[34m|[0m /* 284.468 */                if(e is AssertException || e is AssertIntermediateException || e is UnittestTimeoutException) {[0m
     [36m| [0m[34m|[0m /* 284.469 */                    throw e[0m
     [36m| [0m[34m|[0m /* 284.470 */                }[0m
     [36m| [0m[34m|[0m /* 284.471 */                assertCaughtUnexpectedE("@AssertThrows(api.ResolveException)", "api.ResolveException", e.toString())[0m
     [36m| [0m[34m|[0m /* 284.472 */            }[0m
     [36m| [0m[34m|[0m /* 284.473 */            [0m
     [36m| [0m[34m|[0m /* 284.474 */            expectEqual("dnsClientTestCodeIs(error.resolveCode, api.ResolveErrorCode.SystemFailure)", "true", dnsClientTestCodeIs(error.resolveCode, api.ResolveErrorCode.SystemFailure), true, isDelta: false)[0m
     [36m| [0m[34m|[0m /* 284.475 */            match(error.remoteEndpoint) {[0m
     [36m| [0m[34m|[0m /* 284.476 */                case Some(api.NetworkEndpoint.Internet(remote)) => expectEqual("remote", "endpoint", remote, endpoint, isDelta: false)[0m
     [36m| [0m[34m|[0m /* 284.477 */                case _ => fail("truncated TCP DNS response lost its nameserver")[0m
     [36m| [0m[34m|[0m /* 284.478 */            }[0m
     [36m| [0m[34m|[0m /* 284.479 */            expectEqual("error.cause.isSome()", "true", error.cause.isSome(), true, isDelta: false)[0m
     [36m| [0m[34m|[0m /* 284.480 */            expectEqual("udpServing.get(Duration.second)", "true", udpServing.get(Duration.second), true, isDelta: false)[0m
     [36m| [0m[34m|[0m /* 284.481 */            expectEqual("tcpServing.get(Duration.second)", "true", tcpServing.get(Duration.second), true, isDelta: false)[0m
     [36m| [0m[34m|[0m /* 284.482 */        } finally {[0m
     [36m| [0m[34m|[0m /* 284.483 */            client.close()[0m
     [36m| [0m[34m|[0m /* 284.484 */            tcp.close()[0m
     [36m| [0m[34m|[0m /* 284.485 */            udp.close()[0m
     [36m| [0m[34m|[0m /* 284.486 */        }[0m
     [36m| [0m[34m|[0m /* 284.487 */    }[0m
     [36m| [0m[34m|[0m /* 284.488 */    [0m
     [36m| [0m[34m|[0m /* 284.489 */    @Attribute[TestCase_10][0m
     [36m| [0m[34m|[0m /* 284.490 */    func malformedMatchingResponseAndUnrelatedSectionsCannotPoisonCache(): Unit {[0m
     [36m| [0m[34m|[0m /* 284.491 */        let server = UdpSocket.bind(dnsClientTestLoopback(0))[0m
     [36m| [0m[34m|[0m /* 284.492 */        let endpoint = dnsClientTestEndpoint(server)[0m
     [36m| [0m[34m|[0m /* 284.493 */        let serving = spawn { let first = server.receive(512, context: api.OperationContext(deadline: Some(api.Deadline.after(Duration.second))))[0m
     [36m| [0m[34m|[0m /* 284.494 */            let malformed = dnsClientTestHeader(first.payload, 0x8180u16, answers: 1).toArray()[0m
     [36m| [0m[34m|[0m /* 284.495 */            let _ = server.sendTo(first.source.getOrThrow(), api.ByteSpan(malformed))[0m
     [36m| [0m[34m|[0m /* 284.496 */            let second = server.receive(512, context: api.OperationContext(deadline: Some(api.Deadline.after(Duration.second))))[0m
     [36m| [0m[34m|[0m /* 284.497 */            let _ = server.sendTo(second.source.getOrThrow(), api.ByteSpan(dnsClientTestPoisonedAdditional(second.payload)))[0m
     [36m| [0m[34m|[0m /* 284.498 */            let third = server.receive(512, context: api.OperationContext(deadline: Some(api.Deadline.after(Duration.second))))[0m
     [36m| [0m[34m|[0m /* 284.499 */            let _ = server.sendTo(third.source.getOrThrow(), api.ByteSpan(dnsClientTestAResponse(third.payload,[192u8, 0u8, 2u8, 33u8])))[0m
     [36m| [0m[34m|[0m /* 284.500 */            true[0m
     [36m| [0m[34m|[0m /* 284.501 */        }[0m
     [36m| [0m[34m|[0m /* 284.502 */        let client = DnsClient(config: dnsClientTestConfig(endpoint))[0m
     [36m| [0m[34m|[0m /* 284.503 */        let options = api.ResolveOptions(family: api.ResolveAddressFamily.Ipv4)[0m
     [36m| [0m[34m|[0m /* 284.504 */        try {[0m
     [36m| [0m[34m|[0m /* 284.505 */            let malformed = try {[0m
     [36m| [0m[34m|[0m /* 284.506 */                try {[0m
     [36m| [0m[34m|[0m /* 284.507 */                    assertEqual("true", "true", true, true)[0m
     [36m| [0m[34m|[0m /* 284.508 */                    client.lookup(api.HostName("poison.test"), options: options)[0m
     [36m| [0m[34m|[0m /* 284.509 */                    fail("@AssertThrows: Expected 'api.ResolveException' was not caught.")[0m
     [36m| [0m[34m|[0m /* 284.510 */                } catch(e: api.ResolveException) {[0m
     [36m| [0m[34m|[0m /* 284.511 */                    if(e is AssertException) {[0m
     [36m| [0m[34m|[0m /* 284.512 */                        throw e[0m
     [36m| [0m[34m|[0m /* 284.513 */                    }[0m
     [36m| [0m[34m|[0m /* 284.514 */                    if(e is AssertIntermediateException) {[0m
     [36m| [0m[34m|[0m /* 284.515 */                        throw e[0m
     [36m| [0m[34m|[0m /* 284.516 */                    }[0m
     [36m| [0m[34m|[0m /* 284.517 */                    if(e is UnittestTimeoutException) {[0m
     [36m| [0m[34m|[0m /* 284.518 */                        throw e[0m
     [36m| [0m[34m|[0m /* 284.519 */                    }[0m
     [36m| [0m[34m|[0m /* 284.520 */                    e[0m
     [36m| [0m[34m|[0m /* 284.521 */                }[0m
     [36m| [0m[34m|[0m /* 284.522 */            } catch(e: Exception) {[0m
     [36m| [0m[34m|[0m /* 284.523 */                if(e is AssertException || e is AssertIntermediateException || e is UnittestTimeoutException) {[0m
     [36m| [0m[34m|[0m /* 284.524 */                    throw e[0m
     [36m| [0m[34m|[0m /* 284.525 */                }[0m
     [36m| [0m[34m|[0m /* 284.526 */                assertCaughtUnexpectedE("@AssertThrows(api.ResolveException)", "api.ResolveException", e.toString())[0m
     [36m| [0m[34m|[0m /* 284.527 */            }[0m
     [36m| [0m[34m|[0m /* 284.528 */            [0m
     [36m| [0m[34m|[0m /* 284.529 */            expectEqual("dnsClientTestCodeIs(malformed.resolveCode, api.ResolveErrorCode.SystemFailure)", "true", dnsClientTestCodeIs(malformed.resolveCode, api.ResolveErrorCode.SystemFailure), true, isDelta: false)[0m
     [36m| [0m[34m|[0m /* 284.530 */            match(malformed.remoteEndpoint) {[0m
     [36m| [0m[34m|[0m /* 284.531 */                case Some(api.NetworkEndpoint.Internet(remote)) => expectEqual("remote", "endpoint", remote, endpoint, isDelta: false)[0m
     [36m| [0m[34m|[0m /* 284.532 */                case _ => fail("malformed UDP DNS response lost its nameserver")[0m
     [36m| [0m[34m|[0m /* 284.533 */            }[0m
     [36m| [0m[34m|[0m /* 284.534 */            expectEqual("malformed.cause.isSome()", "true", malformed.cause.isSome(), true, isDelta: false)[0m
     [36m| [0m[34m|[0m /* 284.535 */            let noData = dnsClientTestResolveCode({ =>[0m
     [36m| [0m[34m|[0m /* 284.536 */                let _ = client.lookup(api.HostName("poison.test"), options: options)[0m
     [36m| [0m[34m|[0m /* 284.537 */            })[0m
     [36m| [0m[34m|[0m /* 284.538 */            expectEqual("dnsClientTestCodeIs(noData, api.ResolveErrorCode.NoData)", "true", dnsClientTestCodeIs(noData, api.ResolveErrorCode.NoData), true, isDelta: false)[0m
     [36m| [0m[34m|[0m /* 284.539 */            let valid = client.lookup(api.HostName("poison.test"), options: options)[0m
     [36m| [0m[34m|[0m /* 284.540 */            expectEqual("valid.addresses[0].toOctets()", "[192u8, 0u8, 2u8, 33u8]", valid.addresses[0].toOctets(),[192u8, 0u8, 2u8, 33u8], isDelta: false)[0m
     [36m| [0m[34m|[0m /* 284.541 */            expectEqual("serving.get(Duration.second)", "true", serving.get(Duration.second), true, isDelta: false)[0m
     [36m| [0m[34m|[0m /* 284.542 */        } finally {[0m
     [36m| [0m[34m|[0m /* 284.543 */            client.close()[0m
     [36m| [0m[34m|[0m /* 284.544 */            server.close()[0m
     [36m| [0m[34m|[0m /* 284.545 */        }[0m
     [36m| [0m[34m|[0m /* 284.546 */    }[0m
     [36m| [0m[34m|[0m /* 284.547 */    [0m
     [36m| [0m[34m|[0m /* 284.548 */    @Attribute[TestCase_11][0m
     [36m| [0m[34m|[0m /* 284.549 */    func cnameTraversalUsesAnswerOwnersAndRejectsConflictingTargets(): Unit {[0m
     [36m| [0m[34m|[0m /* 284.550 */        let server = UdpSocket.bind(dnsClientTestLoopback(0))[0m
     [36m| [0m[34m|[0m /* 284.551 */        let endpoint = dnsClientTestEndpoint(server)[0m
     [36m| [0m[34m|[0m /* 284.552 */        let serving: Future < Int64 >= spawn { let first = server.receive(512, context: api.OperationContext(deadline: Some(api.Deadline.after(Duration.second))))[0m
     [36m| [0m[34m|[0m /* 284.553 */            let _ = server.sendTo(first.source.getOrThrow(), api.ByteSpan(dnsClientTestCnameAddressResponse(first.payload, "target.test",[192u8, 0u8, 2u8, 61u8])))[0m
     [36m| [0m[34m|[0m /* 284.554 */            let second = server.receive(512, context: api.OperationContext(deadline: Some(api.Deadline.after(Duration.second))))[0m
     [36m| [0m[34m|[0m /* 284.555 */            let _ = server.sendTo(second.source.getOrThrow(), api.ByteSpan(dnsClientTestConflictingCnames(second.payload)))[0m
     [36m| [0m[34m|[0m /* 284.556 */            2[0m
     [36m| [0m[34m|[0m /* 284.557 */        }[0m
     [36m| [0m[34m|[0m /* 284.558 */        let client = DnsClient(config: dnsClientTestConfig(endpoint))[0m
     [36m| [0m[34m|[0m /* 284.559 */        let options = api.ResolveOptions(family: api.ResolveAddressFamily.Ipv4)[0m
     [36m| [0m[34m|[0m /* 284.560 */        try {[0m
     [36m| [0m[34m|[0m /* 284.561 */            let result = client.lookup(api.HostName("alias.test"), options: options)[0m
     [36m| [0m[34m|[0m /* 284.562 */            expectEqual("result.canonicalHost.ascii", "\"target.test\"", result.canonicalHost.ascii, "target.test", isDelta: false)[0m
     [36m| [0m[34m|[0m /* 284.563 */            expectEqual("result.addresses[0].toOctets()", "[192u8, 0u8, 2u8, 61u8]", result.addresses[0].toOctets(),[192u8, 0u8, 2u8, 61u8], isDelta: false)[0m
     [36m| [0m[34m|[0m /* 284.564 */            let conflict = try {[0m
     [36m| [0m[34m|[0m /* 284.565 */                try {[0m
     [36m| [0m[34m|[0m /* 284.566 */                    assertEqual("true", "true", true, true)[0m
     [36m| [0m[34m|[0m /* 284.567 */                    client.lookup(api.HostName("conflict.test"), options: options)[0m
     [36m| [0m[34m|[0m /* 284.568 */                    fail("@AssertThrows: Expected 'api.ResolveException' was not caught.")[0m
     [36m| [0m[34m|[0m /* 284.569 */                } catch(e: api.ResolveException) {[0m
     [36m| [0m[34m|[0m /* 284.570 */                    if(e is AssertException) {[0m
     [36m| [0m[34m|[0m /* 284.571 */                        throw e[0m
     [36m| [0m[34m|[0m /* 284.572 */                    }[0m
     [36m| [0m[34m|[0m /* 284.573 */                    if(e is AssertIntermediateException) {[0m
     [36m| [0m[34m|[0m /* 284.574 */                        throw e[0m
     [36m| [0m[34m|[0m /* 284.575 */                    }[0m
     [36m| [0m[34m|[0m /* 284.576 */                    if(e is UnittestTimeoutException) {[0m
     [36m| [0m[34m|[0m /* 284.577 */                        throw e[0m
     [36m| [0m[34m|[0m /* 284.578 */                    }[0m
     [36m| [0m[34m|[0m /* 284.579 */                    e[0m
     [36m| [0m[34m|[0m /* 284.580 */                }[0m
     [36m| [0m[34m|[0m /* 284.581 */            } catch(e: Exception) {[0m
     [36m| [0m[34m|[0m /* 284.582 */                if(e is AssertException || e is AssertIntermediateException || e is UnittestTimeoutException) {[0m
     [36m| [0m[34m|[0m /* 284.583 */                    throw e[0m
     [36m| [0m[34m|[0m /* 284.584 */                }[0m
     [36m| [0m[34m|[0m /* 284.585 */                assertCaughtUnexpectedE("@AssertThrows(api.ResolveException)", "api.ResolveException", e.toString())[0m
     [36m| [0m[34m|[0m /* 284.586 */            }[0m
     [36m| [0m[34m|[0m /* 284.587 */            [0m
     [36m| [0m[34m|[0m /* 284.588 */            expectEqual("dnsClientTestCodeIs(conflict.resolveCode, api.ResolveErrorCode.SystemFailure)", "true", dnsClientTestCodeIs(conflict.resolveCode, api.ResolveErrorCode.SystemFailure), true, isDelta: false)[0m
     [36m| [0m[34m|[0m /* 284.589 */            match(conflict.remoteEndpoint) {[0m
     [36m| [0m[34m|[0m /* 284.590 */                case Some(api.NetworkEndpoint.Internet(remote)) => expectEqual("remote", "endpoint", remote, endpoint, isDelta: false)[0m
     [36m| [0m[34m|[0m /* 284.591 */                case _ => fail("conflicting CNAME response lost its responding nameserver")[0m
     [36m| [0m[34m|[0m /* 284.592 */            }[0m
     [36m| [0m[34m|[0m /* 284.593 */            expectEqual("serving.get(Duration.second)", "2", serving.get(Duration.second), 2, isDelta: false)[0m
     [36m| [0m[34m|[0m /* 284.594 */        } finally {[0m
     [36m| [0m[34m|[0m /* 284.595 */            client.close()[0m
     [36m| [0m[34m|[0m /* 284.596 */            server.close()[0m
     [36m| [0m[34m|[0m /* 284.597 */        }[0m
     [36m| [0m[34m|[0m /* 284.598 */    }[0m
     [36m| [0m[34m|[0m /* 284.599 */    [0m
     [36m| [0m[34m|[0m /* 284.600 */    @Attribute[TestCase_12][0m
     [36m| [0m[34m|[0m /* 284.601 */    func fullResultCapacityDoesNotQueryAnotherFamily(): Unit {[0m
     [36m| [0m[34m|[0m /* 284.602 */        let server = UdpSocket.bind(dnsClientTestLoopback(0))[0m
     [36m| [0m[34m|[0m /* 284.603 */        let endpoint = dnsClientTestEndpoint(server)[0m
     [36m| [0m[34m|[0m /* 284.604 */        let serving = spawn { let received = server.receive(512, context: api.OperationContext(deadline: Some(api.Deadline.after(Duration.second))))[0m
     [36m| [0m[34m|[0m /* 284.605 */            let _ = server.sendTo(received.source.getOrThrow(), api.ByteSpan(dnsClientTestAResponse(received.payload,[192u8, 0u8, 2u8, 71u8])))[0m
     [36m| [0m[34m|[0m /* 284.606 */        }[0m
     [36m| [0m[34m|[0m /* 284.607 */        let client = DnsClient(config: dnsClientTestConfig(endpoint))[0m
     [36m| [0m[34m|[0m /* 284.608 */        try {[0m
     [36m| [0m[34m|[0m /* 284.609 */            for(_ in 0 .. 2) {[0m
     [36m| [0m[34m|[0m /* 284.610 */                let result = client.lookup(api.HostName("capacity.test"), options: api.ResolveOptions(family: api.ResolveAddressFamily.Any, maxResults: 1))[0m
     [36m| [0m[34m|[0m /* 284.611 */                expectEqual("result.addresses.size", "1", result.addresses.size, 1, isDelta: false)[0m
     [36m| [0m[34m|[0m /* 284.612 */                expectEqual("result.addresses[0].toOctets()", "[192u8, 0u8, 2u8, 71u8]", result.addresses[0].toOctets(),[192u8, 0u8, 2u8, 71u8], isDelta: false)[0m
     [36m| [0m[34m|[0m /* 284.613 */            }[0m
     [36m| [0m[34m|[0m /* 284.614 */            serving.get(Duration.second)[0m
     [36m| [0m[34m|[0m /* 284.615 */            try {[0m
     [36m| [0m[34m|[0m /* 284.616 */                let _ = server.receive(512, context: api.OperationContext(deadline: Some(api.Deadline.after(50 * Duration.millisecond))))[0m
     [36m| [0m[34m|[0m /* 284.617 */                expectEqual("false", "true", false, true, isDelta: false)[0m
     [36m| [0m[34m|[0m /* 284.618 */            } catch(error: api.NetworkException) {[0m
     [36m| [0m[34m|[0m /* 284.619 */                match(error.code) {[0m
     [36m| [0m[34m|[0m /* 284.620 */                    case api.NetworkErrorCode.TimedOut =>()[0m
     [36m| [0m[34m|[0m /* 284.621 */                    case _ => fail("unexpected receive error")[0m
     [36m| [0m[34m|[0m /* 284.622 */                }[0m
     [36m| [0m[34m|[0m /* 284.623 */            }[0m
     [36m| [0m[34m|[0m /* 284.624 */        } finally {[0m
     [36m| [0m[34m|[0m /* 284.625 */            client.close()[0m
     [36m| [0m[34m|[0m /* 284.626 */            server.close()[0m
     [36m| [0m[34m|[0m /* 284.627 */        }[0m
     [36m| [0m[34m|[0m /* 284.628 */    }[0m
     [36m| [0m[34m|[0m /* 284.629 */    [0m
     [36m| [0m[34m|[0m /* 284.630 */    @Attribute[TestCase_13][0m
     [36m| [0m[34m|[0m /* 284.631 */    func rfc2308CacheRetainsNxdomainVersusNodataWithoutNewPackets(): Unit {[0m
     [36m| [0m[34m|[0m /* 284.632 */        let server = UdpSocket.bind(dnsClientTestLoopback(0))[0m
     [36m| [0m[34m|[0m /* 284.633 */        let endpoint = dnsClientTestEndpoint(server)[0m
     [36m| [0m[34m|[0m /* 284.634 */        let serving: Future < Int64 >= spawn { var served: Int64 = 0[0m
     [36m| [0m[34m|[0m /* 284.635 */            while(served < 3) {[0m
     [36m| [0m[34m|[0m /* 284.636 */                let received = server.receive(512, context: api.OperationContext(deadline: Some(api.Deadline.after(Duration.second))))[0m
     [36m| [0m[34m|[0m /* 284.637 */                let question = DnsMessageParser().parse(received.payload).questions[0][0m
     [36m| [0m[34m|[0m /* 284.638 */                var response = dnsClientTestNegative(received.payload, question.name != "empty.test")[0m
     [36m| [0m[34m|[0m /* 284.639 */                if(question.name == "alias.test") {[0m
     [36m| [0m[34m|[0m /* 284.640 */                    let output = dnsClientTestHeader(received.payload, 0x8183u16, answers: 1, authority: 1)[0m
     [36m| [0m[34m|[0m /* 284.641 */                    dnsClientTestAppendCname(output, "missing.test", 20u32)[0m
     [36m| [0m[34m|[0m /* 284.642 */                    output.add(0u8)[0m
     [36m| [0m[34m|[0m /* 284.643 */                    for(index in(received.payload.size + 2) .. response.size) {[0m
     [36m| [0m[34m|[0m /* 284.644 */                        output.add(response[index])[0m
     [36m| [0m[34m|[0m /* 284.645 */                    }[0m
     [36m| [0m[34m|[0m /* 284.646 */                    response = output.toArray()[0m
     [36m| [0m[34m|[0m /* 284.647 */                }[0m
     [36m| [0m[34m|[0m /* 284.648 */                let _ = server.sendTo(received.source.getOrThrow(), api.ByteSpan(response))[0m
     [36m| [0m[34m|[0m /* 284.649 */                served ++[0m
     [36m| [0m[34m|[0m /* 284.650 */            }[0m
     [36m| [0m[34m|[0m /* 284.651 */            served[0m
     [36m| [0m[34m|[0m /* 284.652 */        }[0m
     [36m| [0m[34m|[0m /* 284.653 */        let client = DnsClient(config: dnsClientTestConfig(endpoint))[0m
     [36m| [0m[34m|[0m /* 284.654 */        let options = api.ResolveOptions(family: api.ResolveAddressFamily.Ipv4)[0m
     [36m| [0m[34m|[0m /* 284.655 */        try {[0m
     [36m| [0m[34m|[0m /* 284.656 */            for(pass in 0 .. 2) {[0m
     [36m| [0m[34m|[0m /* 284.657 */                for(name in["missing.test", "empty.test", "alias.test"]) {[0m
     [36m| [0m[34m|[0m /* 284.658 */                    try {[0m
     [36m| [0m[34m|[0m /* 284.659 */                        let _ = client.lookup(api.HostName(name), options: options)[0m
     [36m| [0m[34m|[0m /* 284.660 */                        expectEqual("false", "true", false, true, isDelta: false)[0m
     [36m| [0m[34m|[0m /* 284.661 */                    } catch(error: api.ResolveException) {[0m
     [36m| [0m[34m|[0m /* 284.662 */                        let expected = if(name == "empty.test") {[0m
     [36m| [0m[34m|[0m /* 284.663 */                            api.ResolveErrorCode.NoData[0m
     [36m| [0m[34m|[0m /* 284.664 */                        }[0m
     [36m| [0m[34m|[0m /* 284.665 */                        else {[0m
     [36m| [0m[34m|[0m /* 284.666 */                            api.ResolveErrorCode.NameNotFound[0m
     [36m| [0m[34m|[0m /* 284.667 */                        }[0m
     [36m| [0m[34m|[0m /* 284.668 */                        [0m
     [36m| [0m[34m|[0m /* 284.669 */                        expectEqual("dnsClientTestCodeIs(error.resolveCode, expected)", "true", dnsClientTestCodeIs(error.resolveCode, expected), true, isDelta: false)[0m
     [36m| [0m[34m|[0m /* 284.670 */                        if(pass == 0) {[0m
     [36m| [0m[34m|[0m /* 284.671 */                            match(error.remoteEndpoint) {[0m
     [36m| [0m[34m|[0m /* 284.672 */                                case Some(api.NetworkEndpoint.Internet(remote)) => expectEqual("remote", "endpoint", remote, endpoint, isDelta: false)[0m
     [36m| [0m[34m|[0m /* 284.673 */                                case _ => fail("live negative answer lost its responding nameserver")[0m
     [36m| [0m[34m|[0m /* 284.674 */                            }[0m
     [36m| [0m[34m|[0m /* 284.675 */                        }[0m
     [36m| [0m[34m|[0m /* 284.676 */                        else {[0m
     [36m| [0m[34m|[0m /* 284.677 */                            expectEqual("error.remoteEndpoint.isNone()", "true", error.remoteEndpoint.isNone(), true, isDelta: false)[0m
     [36m| [0m[34m|[0m /* 284.678 */                        }[0m
     [36m| [0m[34m|[0m /* 284.679 */                    }[0m
     [36m| [0m[34m|[0m /* 284.680 */                }[0m
     [36m| [0m[34m|[0m /* 284.681 */            }[0m
     [36m| [0m[34m|[0m /* 284.682 */            expectEqual("serving.get(Duration.second)", "3", serving.get(Duration.second), 3, isDelta: false)[0m
     [36m| [0m[34m|[0m /* 284.683 */        } finally {[0m
     [36m| [0m[34m|[0m /* 284.684 */            client.close()[0m
     [36m| [0m[34m|[0m /* 284.685 */            server.close()[0m
     [36m| [0m[34m|[0m /* 284.686 */        }[0m
     [36m| [0m[34m|[0m /* 284.687 */    }[0m
     [36m| [0m[34m|[0m /* 284.688 */    [0m
     [36m| [0m[34m|[0m /* 284.689 */    @Attribute[TestCase_14][0m
     [36m| [0m[34m|[0m /* 284.690 */    func zeroTtlNeverCreatesAPositiveCacheEntry(): Unit {[0m
     [36m| [0m[34m|[0m /* 284.691 */        let server = UdpSocket.bind(dnsClientTestLoopback(0))[0m
     [36m| [0m[34m|[0m /* 284.692 */        let endpoint = dnsClientTestEndpoint(server)[0m
     [36m| [0m[34m|[0m /* 284.693 */        let serving: Future < Int64 >= spawn { var served: Int64 = 0[0m
     [36m| [0m[34m|[0m /* 284.694 */            while(served < 2) {[0m
     [36m| [0m[34m|[0m /* 284.695 */                let received = server.receive(512, context: api.OperationContext(deadline: Some(api.Deadline.after(Duration.second))))[0m
     [36m| [0m[34m|[0m /* 284.696 */                let response = dnsClientTestAResponse(received.payload,[192u8, 0u8, 2u8, UInt8(UInt64(served + 1))], ttl: 0u32)[0m
     [36m| [0m[34m|[0m /* 284.697 */                let _ = server.sendTo(received.source.getOrThrow(), api.ByteSpan(response))[0m
     [36m| [0m[34m|[0m /* 284.698 */                served ++[0m
     [36m| [0m[34m|[0m /* 284.699 */            }[0m
     [36m| [0m[34m|[0m /* 284.700 */            served[0m
     [36m| [0m[34m|[0m /* 284.701 */        }[0m
     [36m| [0m[34m|[0m /* 284.702 */        let client = DnsClient(config: dnsClientTestConfig(endpoint))[0m
     [36m| [0m[34m|[0m /* 284.703 */        let options = api.ResolveOptions(family: api.ResolveAddressFamily.Ipv4)[0m
     [36m| [0m[34m|[0m /* 284.704 */        try {[0m
     [36m| [0m[34m|[0m /* 284.705 */            let first = client.lookup(api.HostName("zero.test"), options: options)[0m
     [36m| [0m[34m|[0m /* 284.706 */            let second = client.lookup(api.HostName("zero.test"), options: options)[0m
     [36m| [0m[34m|[0m /* 284.707 */            expectEqual("first.addresses[0].toOctets()", "[192u8, 0u8, 2u8, 1u8]", first.addresses[0].toOctets(),[192u8, 0u8, 2u8, 1u8], isDelta: false)[0m
     [36m| [0m[34m|[0m /* 284.708 */            expectEqual("second.addresses[0].toOctets()", "[192u8, 0u8, 2u8, 2u8]", second.addresses[0].toOctets(),[192u8, 0u8, 2u8, 2u8], isDelta: false)[0m
     [36m| [0m[34m|[0m /* 284.709 */            expectEqual("serving.get(Duration.second)", "2", serving.get(Duration.second), 2, isDelta: false)[0m
     [36m| [0m[34m|[0m /* 284.710 */        } finally {[0m
     [36m| [0m[34m|[0m /* 284.711 */            client.close()[0m
     [36m| [0m[34m|[0m /* 284.712 */            server.close()[0m
     [36m| [0m[34m|[0m /* 284.713 */        }[0m
     [36m| [0m[34m|[0m /* 284.714 */    }[0m
     [36m| [0m[34m|[0m /* 284.715 */    [0m
     [36m| [0m[34m|[0m /* 284.716 */    @Attribute[TestCase_15][0m
     [36m| [0m[34m|[0m /* 284.717 */    func callerCancellationAndClientCloseWakeActiveNativeReceive(): Unit {[0m
     [36m| [0m[34m|[0m /* 284.718 */        let server = UdpSocket.bind(dnsClientTestLoopback(0))[0m
     [36m| [0m[34m|[0m /* 284.719 */        let endpoint = dnsClientTestEndpoint(server)[0m
     [36m| [0m[34m|[0m /* 284.720 */        let firstGate = DnsClientTestGate()[0m
     [36m| [0m[34m|[0m /* 284.721 */        let firstServer = spawn { let _ = server.receive(512, context: api.OperationContext(deadline: Some(api.Deadline.after(Duration.second))))[0m
     [36m| [0m[34m|[0m /* 284.722 */            firstGate.arriveAndWait()[0m
     [36m| [0m[34m|[0m /* 284.723 */        }[0m
     [36m| [0m[34m|[0m /* 284.724 */        let cancellation = api.CancellationSource()[0m
     [36m| [0m[34m|[0m /* 284.725 */        let firstClient = DnsClient(config: dnsClientTestConfig(endpoint))[0m
     [36m| [0m[34m|[0m /* 284.726 */        let cancelled = spawn { dnsClientTestResolveCode({ =>[0m
     [36m| [0m[34m|[0m /* 284.727 */            let _ = firstClient.query("cancel.test", DnsRecordType.A, context: api.OperationContext(cancellation: cancellation.token))[0m
     [36m| [0m[34m|[0m /* 284.728 */        })[0m
     [36m| [0m[34m|[0m /* 284.729 */    }[0m
     [36m| [0m[34m|[0m /* 284.730 */    firstGate.waitForArrival()[0m
     [36m| [0m[34m|[0m /* 284.731 */    cancellation.cancel()[0m
     [36m| [0m[34m|[0m /* 284.732 */    expectEqual("dnsClientTestCodeIs(cancelled.get(Duration.second), api.ResolveErrorCode.Cancelled)", "true", dnsClientTestCodeIs(cancelled.get(Duration.second), api.ResolveErrorCode.Cancelled), true, isDelta: false)[0m
     [36m| [0m[34m|[0m /* 284.733 */    firstGate.release()[0m
     [36m| [0m[34m|[0m /* 284.734 */    firstServer.get(Duration.second)[0m
     [36m| [0m[34m|[0m /* 284.735 */    firstClient.close()[0m
     [36m| [0m[34m|[0m /* 284.736 */    let secondGate = DnsClientTestGate()[0m
     [36m| [0m[34m|[0m /* 284.737 */    let secondServer = spawn { let _ = server.receive(512, context: api.OperationContext(deadline: Some(api.Deadline.after(Duration.second))))[0m
     [36m| [0m[34m|[0m /* 284.738 */        secondGate.arriveAndWait()[0m
     [36m| [0m[34m|[0m /* 284.739 */    }[0m
     [36m| [0m[34m|[0m /* 284.740 */    let secondClient = DnsClient(config: dnsClientTestConfig(endpoint))[0m
     [36m| [0m[34m|[0m /* 284.741 */    let closed = spawn { dnsClientTestResolveCode({ =>[0m
     [36m| [0m[34m|[0m /* 284.742 */        let _ = secondClient.query("close.test", DnsRecordType.A)[0m
     [36m| [0m[34m|[0m /* 284.743 */    })[0m
     [36m| [0m[34m|[0m /* 284.744 */}[0m
     [36m| [0m[34m|[0m /* 284.745 */secondGate.waitForArrival()[0m
     [36m| [0m[34m|[0m /* 284.746 */secondClient.close()[0m
     [36m| [0m[34m|[0m /* 284.747 */expectEqual("dnsClientTestCodeIs(closed.get(Duration.second), api.ResolveErrorCode.Cancelled)", "true", dnsClientTestCodeIs(closed.get(Duration.second), api.ResolveErrorCode.Cancelled), true, isDelta: false)[0m
     [36m| [0m[34m|[0m /* 284.748 */expectEqual("secondClient.isClosed()", "true", secondClient.isClosed(), true, isDelta: false)[0m
     [36m| [0m[34m|[0m /* 284.749 */let afterClose = dnsClientTestResolveCode({ =>[0m
     [36m| [0m[34m|[0m /* 284.750 */    let _ = secondClient.query("after-close.test", DnsRecordType.A)[0m
     [36m| [0m[34m|[0m /* 284.751 */})[0m
     [36m| [0m[34m|[0m /* 284.752 */expectEqual("dnsClientTestCodeIs(afterClose, api.ResolveErrorCode.SystemFailure)", "true", dnsClientTestCodeIs(afterClose, api.ResolveErrorCode.SystemFailure), true, isDelta: false)[0m
     [36m| [0m[34m|[0m /* 284.753 */secondGate.release()[0m
     [36m| [0m[34m|[0m /* 284.754 */secondServer.get(Duration.second)[0m
     [36m| [0m[34m|[0m /* 284.755 */server.close()[0m
     [36m| [0m[34m|[0m /* 284.756 */}[0m
     [36m| [0m[34m|[0m /* 284.757 */[0m
     [36m| [0m[34m|[0m /* 284.758 */@Attribute[TestCase_16][0m
     [36m| [0m[34m|[0m /* 284.759 */func anyFamilyRetainsAddressesWhenTheOtherFamilyFails(): Unit {[0m
     [36m| [0m[34m|[0m /* 284.760 */for((failingType, flags) in[(1, 0x8182u16),(28, 0x8181u16)]) {[0m
     [36m| [0m[34m|[0m /* 284.761 */    let server = UdpSocket.bind(dnsClientTestLoopback(0))[0m
     [36m| [0m[34m|[0m /* 284.762 */    let endpoint = dnsClientTestEndpoint(server)[0m
     [36m| [0m[34m|[0m /* 284.763 */    let serving = spawn { for(_ in 0 .. 2) {[0m
     [36m| [0m[34m|[0m /* 284.764 */        let received = server.receive(512, context: api.OperationContext(deadline: Some(api.Deadline.after(Duration.second))))[0m
     [36m| [0m[34m|[0m /* 284.765 */        let query = received.payload[0m
     [36m| [0m[34m|[0m /* 284.766 */        let kind = Int64(query[query.size - 3])[0m
     [36m| [0m[34m|[0m /* 284.767 */        let response = if(kind == failingType) {[0m
     [36m| [0m[34m|[0m /* 284.768 */            dnsClientTestHeader(query, flags).toArray()[0m
     [36m| [0m[34m|[0m /* 284.769 */        }[0m
     [36m| [0m[34m|[0m /* 284.770 */        else {[0m
     [36m| [0m[34m|[0m /* 284.771 */            let output = dnsClientTestHeader(query, 0x8180u16, answers: 1)[0m
     [36m| [0m[34m|[0m /* 284.772 */            dnsClientTestAppendU16(output, 0xC00C)[0m
     [36m| [0m[34m|[0m /* 284.773 */            dnsClientTestAppendU16(output, kind)[0m
     [36m| [0m[34m|[0m /* 284.774 */            dnsClientTestAppendU16(output, 1)[0m
     [36m| [0m[34m|[0m /* 284.775 */            dnsClientTestAppendU32(output, 30u32)[0m
     [36m| [0m[34m|[0m /* 284.776 */            let bytes = if(kind == 1) {[0m
     [36m| [0m[34m|[0m /* 284.777 */                [192u8, 0u8, 2u8, 44u8][0m
     [36m| [0m[34m|[0m /* 284.778 */            }[0m
     [36m| [0m[34m|[0m /* 284.779 */            else {[0m
     [36m| [0m[34m|[0m /* 284.780 */                Array < Byte >(16, repeat: 1u8)[0m
     [36m| [0m[34m|[0m /* 284.781 */            }[0m
     [36m| [0m[34m|[0m /* 284.782 */            [0m
     [36m| [0m[34m|[0m /* 284.783 */            dnsClientTestAppendU16(output, bytes.size)[0m
     [36m| [0m[34m|[0m /* 284.784 */            for(value in bytes) {[0m
     [36m| [0m[34m|[0m /* 284.785 */                output.add(value)[0m
     [36m| [0m[34m|[0m /* 284.786 */            }[0m
     [36m| [0m[34m|[0m /* 284.787 */            output.toArray()[0m
     [36m| [0m[34m|[0m /* 284.788 */        }[0m
     [36m| [0m[34m|[0m /* 284.789 */        [0m
     [36m| [0m[34m|[0m /* 284.790 */        let _ = server.sendTo(received.source.getOrThrow(), api.ByteSpan(response))[0m
     [36m| [0m[34m|[0m /* 284.791 */    }[0m
     [36m| [0m[34m|[0m /* 284.792 */    true[0m
     [36m| [0m[34m|[0m /* 284.793 */}[0m
     [36m| [0m[34m|[0m /* 284.794 */let client = DnsClient(config: dnsClientTestConfig(endpoint))[0m
     [36m| [0m[34m|[0m /* 284.795 */try {[0m
     [36m| [0m[34m|[0m /* 284.796 */    let result = client.lookup(api.HostName("family.test"))[0m
     [36m| [0m[34m|[0m /* 284.797 */    assertEqual("result.addresses.size", "1", result.addresses.size, 1, isDelta: false)[0m
     [36m| [0m[34m|[0m /* 284.798 */    expectEqual("result.addresses[0].toOctets()", "if(failingType == 1) {\n    Array < Byte >(16, repeat: 1u8)\n}\nelse {\n    [192u8, 0u8, 2u8, 44u8]\n}\n", result.addresses[0].toOctets(), if(failingType == 1) {[0m
     [36m| [0m[34m|[0m /* 284.799 */        Array < Byte >(16, repeat: 1u8)[0m
     [36m| [0m[34m|[0m /* 284.800 */    }[0m
     [36m| [0m[34m|[0m /* 284.801 */    else {[0m
     [36m| [0m[34m|[0m /* 284.802 */        [192u8, 0u8, 2u8, 44u8][0m
     [36m| [0m[34m|[0m /* 284.803 */    }[0m
     [36m| [0m[34m|[0m /* 284.804 */    , isDelta: false)[0m
     [36m| [0m[34m|[0m /* 284.805 */    expectEqual("serving.get(Duration.second)", "true", serving.get(Duration.second), true, isDelta: false)[0m
     [36m| [0m[34m|[0m /* 284.806 */} finally {[0m
     [36m| [0m[34m|[0m /* 284.807 */    client.close()[0m
     [36m| [0m[34m|[0m /* 284.808 */    server.close()[0m
     [36m| [0m[34m|[0m /* 284.809 */}[0m
     [36m| [0m[34m|[0m /* 284.810 */}[0m
     [36m| [0m[34m|[0m /* 284.811 */}[0m
     [36m| [0m[34m|[0m /* 284.812 */[0m
     [36m| [0m[34m|[0m /* 284.813 */@Attribute[TestCase_17][0m
     [36m| [0m[34m|[0m /* 284.814 */func crossFamilyConflictsRetainTheLivePeerAlongsideCachedResults(): Unit {[0m
     [36m| [0m[34m|[0m /* 284.815 */for(cachedFamily in[api.ResolveAddressFamily.Ipv4, api.ResolveAddressFamily.Ipv6]) {[0m
     [36m| [0m[34m|[0m /* 284.816 */let server = UdpSocket.bind(dnsClientTestLoopback(0))[0m
     [36m| [0m[34m|[0m /* 284.817 */let endpoint = dnsClientTestEndpoint(server)[0m
     [36m| [0m[34m|[0m /* 284.818 */let serving = spawn { for(_ in 0 .. 2) {[0m
     [36m| [0m[34m|[0m /* 284.819 */    let received = server.receive(512, context: api.OperationContext(deadline: Some(api.Deadline.after(Duration.second))))[0m
     [36m| [0m[34m|[0m /* 284.820 */    let query = received.payload[0m
     [36m| [0m[34m|[0m /* 284.821 */    let kind = Int64(query[query.size - 3])[0m
     [36m| [0m[34m|[0m /* 284.822 */    let target = if(kind == 1) {[0m
     [36m| [0m[34m|[0m /* 284.823 */        "v4.test"[0m
     [36m| [0m[34m|[0m /* 284.824 */    }[0m
     [36m| [0m[34m|[0m /* 284.825 */    else {[0m
     [36m| [0m[34m|[0m /* 284.826 */        "v6.test"[0m
     [36m| [0m[34m|[0m /* 284.827 */    }[0m
     [36m| [0m[34m|[0m /* 284.828 */    [0m
     [36m| [0m[34m|[0m /* 284.829 */    let output = dnsClientTestHeader(query, 0x8180u16, answers: 2)[0m
     [36m| [0m[34m|[0m /* 284.830 */    dnsClientTestAppendCname(output, target, 30u32)[0m
     [36m| [0m[34m|[0m /* 284.831 */    for(value in dnsClientTestName(target)) {[0m
     [36m| [0m[34m|[0m /* 284.832 */        output.add(value)[0m
     [36m| [0m[34m|[0m /* 284.833 */    }[0m
     [36m| [0m[34m|[0m /* 284.834 */    dnsClientTestAppendU16(output, kind)[0m
     [36m| [0m[34m|[0m /* 284.835 */    dnsClientTestAppendU16(output, 1)[0m
     [36m| [0m[34m|[0m /* 284.836 */    dnsClientTestAppendU32(output, 30u32)[0m
     [36m| [0m[34m|[0m /* 284.837 */    let bytes = if(kind == 1) {[0m
     [36m| [0m[34m|[0m /* 284.838 */        [192u8, 0u8, 2u8, 81u8][0m
     [36m| [0m[34m|[0m /* 284.839 */    }[0m
     [36m| [0m[34m|[0m /* 284.840 */    else {[0m
     [36m| [0m[34m|[0m /* 284.841 */        Array < Byte >(16, repeat: 1u8)[0m
     [36m| [0m[34m|[0m /* 284.842 */    }[0m
     [36m| [0m[34m|[0m /* 284.843 */    [0m
     [36m| [0m[34m|[0m /* 284.844 */    dnsClientTestAppendU16(output, bytes.size)[0m
     [36m| [0m[34m|[0m /* 284.845 */    for(value in bytes) {[0m
     [36m| [0m[34m|[0m /* 284.846 */        output.add(value)[0m
     [36m| [0m[34m|[0m /* 284.847 */    }[0m
     [36m| [0m[34m|[0m /* 284.848 */    let _ = server.sendTo(received.source.getOrThrow(), api.ByteSpan(output.toArray()))[0m
     [36m| [0m[34m|[0m /* 284.849 */}[0m
     [36m| [0m[34m|[0m /* 284.850 */}[0m
     [36m| [0m[34m|[0m /* 284.851 */let client = DnsClient(config: dnsClientTestConfig(endpoint))[0m
     [36m| [0m[34m|[0m /* 284.852 */try {[0m
     [36m| [0m[34m|[0m /* 284.853 */let _ = client.lookup(api.HostName("split.test"), options: api.ResolveOptions(family: cachedFamily))[0m
     [36m| [0m[34m|[0m /* 284.854 */for(pass in 0 .. 2) {[0m
     [36m| [0m[34m|[0m /* 284.855 */    let error = try {[0m
     [36m| [0m[34m|[0m /* 284.856 */        try {[0m
     [36m| [0m[34m|[0m /* 284.857 */            assertEqual("true", "true", true, true)[0m
     [36m| [0m[34m|[0m /* 284.858 */            client.lookup(api.HostName("split.test"))[0m
     [36m| [0m[34m|[0m /* 284.859 */            fail("@AssertThrows: Expected 'api.ResolveException' was not caught.")[0m
     [36m| [0m[34m|[0m /* 284.860 */        } catch(e: api.ResolveException) {[0m
     [36m| [0m[34m|[0m /* 284.861 */            if(e is AssertException) {[0m
     [36m| [0m[34m|[0m /* 284.862 */                throw e[0m
     [36m| [0m[34m|[0m /* 284.863 */            }[0m
     [36m| [0m[34m|[0m /* 284.864 */            if(e is AssertIntermediateException) {[0m
     [36m| [0m[34m|[0m /* 284.865 */                throw e[0m
     [36m| [0m[34m|[0m /* 284.866 */            }[0m
     [36m| [0m[34m|[0m /* 284.867 */            if(e is UnittestTimeoutException) {[0m
     [36m| [0m[34m|[0m /* 284.868 */                throw e[0m
     [36m| [0m[34m|[0m /* 284.869 */            }[0m
     [36m| [0m[34m|[0m /* 284.870 */            e[0m
     [36m| [0m[34m|[0m /* 284.871 */        }[0m
     [36m| [0m[34m|[0m /* 284.872 */    } catch(e: Exception) {[0m
     [36m| [0m[34m|[0m /* 284.873 */        if(e is AssertException || e is AssertIntermediateException || e is UnittestTimeoutException) {[0m
     [36m| [0m[34m|[0m /* 284.874 */            throw e[0m
     [36m| [0m[34m|[0m /* 284.875 */        }[0m
     [36m| [0m[34m|[0m /* 284.876 */        assertCaughtUnexpectedE("@AssertThrows(api.ResolveException)", "api.ResolveException", e.toString())[0m
     [36m| [0m[34m|[0m /* 284.877 */    }[0m
     [36m| [0m[34m|[0m /* 284.878 */    [0m
     [36m| [0m[34m|[0m /* 284.879 */    expectEqual("dnsClientTestCodeIs(error.resolveCode, api.ResolveErrorCode.SystemFailure)", "true", dnsClientTestCodeIs(error.resolveCode, api.ResolveErrorCode.SystemFailure), true, isDelta: false)[0m
     [36m| [0m[34m|[0m /* 284.880 */    if(pass == 0) {[0m
     [36m| [0m[34m|[0m /* 284.881 */        match(error.remoteEndpoint) {[0m
     [36m| [0m[34m|[0m /* 284.882 */            case Some(api.NetworkEndpoint.Internet(remote)) => expectEqual("remote", "endpoint", remote, endpoint, isDelta: false)[0m
     [36m| [0m[34m|[0m /* 284.883 */            case _ => fail("cross-family conflict lost its live responding nameserver")[0m
     [36m| [0m[34m|[0m /* 284.884 */        }[0m
     [36m| [0m[34m|[0m /* 284.885 */    }[0m
     [36m| [0m[34m|[0m /* 284.886 */    else {[0m
     [36m| [0m[34m|[0m /* 284.887 */        expectEqual("error.remoteEndpoint.isNone()", "true", error.remoteEndpoint.isNone(), true, isDelta: false)[0m
     [36m| [0m[34m|[0m /* 284.888 */    }[0m
     [36m| [0m[34m|[0m /* 284.889 */}[0m
     [36m| [0m[34m|[0m /* 284.890 */serving.get(Duration.second)[0m
     [36m| [0m[34m|[0m /* 284.891 */} finally {[0m
     [36m| [0m[34m|[0m /* 284.892 */client.close()[0m
     [36m| [0m[34m|[0m /* 284.893 */server.close()[0m
     [36m| [0m[34m|[0m /* 284.894 */}[0m
     [36m| [0m[34m|[0m /* 284.895 */}[0m
     [36m| [0m[34m|[0m /* 284.896 */}[0m
     [36m| [0m[34m|[0m /* 284.897 */[0m
     [36m| [0m[34m|[0m /* 284.898 */@Attribute[TestCase_18][0m
     [36m| [0m[34m|[0m /* 284.899 */func nxdomainInvalidatesVisitedTargetsAndOtherCachedAliases(): Unit {[0m
     [36m| [0m[34m|[0m /* 284.900 */for(inlineNegative in[true, false]) {[0m
     [36m| [0m[34m|[0m /* 284.901 */let server = UdpSocket.bind(dnsClientTestLoopback(0))[0m
     [36m| [0m[34m|[0m /* 284.902 */let endpoint = dnsClientTestEndpoint(server)[0m
     [36m| [0m[34m|[0m /* 284.903 */let serving = spawn { let count = if(inlineNegative) {[0m
     [36m| [0m[34m|[0m /* 284.904 */8[0m
     [36m| [0m[34m|[0m /* 284.905 */}[0m
     [36m| [0m[34m|[0m /* 284.906 */else {[0m
     [36m| [0m[34m|[0m /* 284.907 */9[0m
     [36m| [0m[34m|[0m /* 284.908 */}[0m
     [36m| [0m[34m|[0m /* 284.909 */[0m
     [36m| [0m[34m|[0m /* 284.910 */for(index in 0 .. count) {[0m
     [36m| [0m[34m|[0m /* 284.911 */let received = server.receive(512, context: api.OperationContext(deadline: Some(api.Deadline.after(Duration.second))))[0m
     [36m| [0m[34m|[0m /* 284.912 */let response = if(index == 2) {[0m
     [36m| [0m[34m|[0m /* 284.913 */    dnsClientTestCnameAddressResponse(received.payload, "target.test",[192u8, 0u8, 2u8, 3u8])[0m
     [36m| [0m[34m|[0m /* 284.914 */}[0m
     [36m| [0m[34m|[0m /* 284.915 */else if(index == 3 || index == 4) {[0m
     [36m| [0m[34m|[0m /* 284.916 */    let flags = if(inlineNegative && index == 4) {[0m
     [36m| [0m[34m|[0m /* 284.917 */        0x8183u16[0m
     [36m| [0m[34m|[0m /* 284.918 */    }[0m
     [36m| [0m[34m|[0m /* 284.919 */    else {[0m
     [36m| [0m[34m|[0m /* 284.920 */        0x8180u16[0m
     [36m| [0m[34m|[0m /* 284.921 */    }[0m
     [36m| [0m[34m|[0m /* 284.922 */    [0m
     [36m| [0m[34m|[0m /* 284.923 */    let output = dnsClientTestHeader(received.payload, flags, answers: 1)[0m
     [36m| [0m[34m|[0m /* 284.924 */    dnsClientTestAppendCname(output, if(index == 3) {[0m
     [36m| [0m[34m|[0m /* 284.925 */        "middle.test"[0m
     [36m| [0m[34m|[0m /* 284.926 */    }[0m
     [36m| [0m[34m|[0m /* 284.927 */    else {[0m
     [36m| [0m[34m|[0m /* 284.928 */        "target.test"[0m
     [36m| [0m[34m|[0m /* 284.929 */    }[0m
     [36m| [0m[34m|[0m /* 284.930 */    , 20u32)[0m
     [36m| [0m[34m|[0m /* 284.931 */    output.toArray()[0m
     [36m| [0m[34m|[0m /* 284.932 */}[0m
     [36m| [0m[34m|[0m /* 284.933 */else if(! inlineNegative && index == 5) {[0m
     [36m| [0m[34m|[0m /* 284.934 */    dnsClientTestHeader(received.payload, 0x8183u16).toArray()[0m
     [36m| [0m[34m|[0m /* 284.935 */}[0m
     [36m| [0m[34m|[0m /* 284.936 */else {[0m
     [36m| [0m[34m|[0m /* 284.937 */    let address = if(index < 2) {[0m
     [36m| [0m[34m|[0m /* 284.938 */        UInt8(UInt64(index + 1))[0m
     [36m| [0m[34m|[0m /* 284.939 */    }[0m
     [36m| [0m[34m|[0m /* 284.940 */    else {[0m
     [36m| [0m[34m|[0m /* 284.941 */        99u8[0m
     [36m| [0m[34m|[0m /* 284.942 */    }[0m
     [36m| [0m[34m|[0m /* 284.943 */    [0m
     [36m| [0m[34m|[0m /* 284.944 */    dnsClientTestAResponse(received.payload,[192u8, 0u8, 2u8, address])[0m
     [36m| [0m[34m|[0m /* 284.945 */}[0m
     [36m| [0m[34m|[0m /* 284.946 */[0m
     [36m| [0m[34m|[0m /* 284.947 */let _ = server.sendTo(received.source.getOrThrow(), api.ByteSpan(response))[0m
     [36m| [0m[34m|[0m /* 284.948 */}[0m
     [36m| [0m[34m|[0m /* 284.949 */}[0m
     [36m| [0m[34m|[0m /* 284.950 */let client = DnsClient(config: dnsClientTestConfig(endpoint))[0m
     [36m| [0m[34m|[0m /* 284.951 */let names =["target.test", "middle.test", "other.test"][0m
     [36m| [0m[34m|[0m /* 284.952 */try {[0m
     [36m| [0m[34m|[0m /* 284.953 */for(index in 0 .. names.size) {[0m
     [36m| [0m[34m|[0m /* 284.954 */let cached = client.lookup(api.HostName(names[index]), options: api.ResolveOptions(family: api.ResolveAddressFamily.Ipv4))[0m
     [36m| [0m[34m|[0m /* 284.955 */assertEqual("cached.addresses[0].toOctets()[3]", "UInt8(UInt64(index + 1))", cached.addresses[0].toOctets()[3], UInt8(UInt64(index + 1)), isDelta: false)[0m
     [36m| [0m[34m|[0m /* 284.956 */}[0m
     [36m| [0m[34m|[0m /* 284.957 */let denied = try {[0m
     [36m| [0m[34m|[0m /* 284.958 */try {[0m
     [36m| [0m[34m|[0m /* 284.959 */    assertEqual("true", "true", true, true)[0m
     [36m| [0m[34m|[0m /* 284.960 */    client.lookup(api.HostName("alias.test"), options: api.ResolveOptions(family: api.ResolveAddressFamily.Ipv6))[0m
     [36m| [0m[34m|[0m /* 284.961 */    fail("@AssertThrows: Expected 'api.ResolveException' was not caught.")[0m
     [36m| [0m[34m|[0m /* 284.962 */} catch(e: api.ResolveException) {[0m
     [36m| [0m[34m|[0m /* 284.963 */    if(e is AssertException) {[0m
     [36m| [0m[34m|[0m /* 284.964 */        throw e[0m
     [36m| [0m[34m|[0m /* 284.965 */    }[0m
     [36m| [0m[34m|[0m /* 284.966 */    if(e is AssertIntermediateException) {[0m
     [36m| [0m[34m|[0m /* 284.967 */        throw e[0m
     [36m| [0m[34m|[0m /* 284.968 */    }[0m
     [36m| [0m[34m|[0m /* 284.969 */    if(e is UnittestTimeoutException) {[0m
     [36m| [0m[34m|[0m /* 284.970 */        throw e[0m
     [36m| [0m[34m|[0m /* 284.971 */    }[0m
     [36m| [0m[34m|[0m /* 284.972 */    e[0m
     [36m| [0m[34m|[0m /* 284.973 */}[0m
     [36m| [0m[34m|[0m /* 284.974 */} catch(e: Exception) {[0m
     [36m| [0m[34m|[0m /* 284.975 */if(e is AssertException || e is AssertIntermediateException || e is UnittestTimeoutException) {[0m
     [36m| [0m[34m|[0m /* 284.976 */    throw e[0m
     [36m| [0m[34m|[0m /* 284.977 */}[0m
     [36m| [0m[34m|[0m /* 284.978 */assertCaughtUnexpectedE("@AssertThrows(api.ResolveException)", "api.ResolveException", e.toString())[0m
     [36m| [0m[34m|[0m /* 284.979 */}[0m
     [36m| [0m[34m|[0m /* 284.980 */[0m
     [36m| [0m[34m|[0m /* 284.981 */expectEqual("dnsClientTestCodeIs(denied.resolveCode, api.ResolveErrorCode.NameNotFound)", "true", dnsClientTestCodeIs(denied.resolveCode, api.ResolveErrorCode.NameNotFound), true, isDelta: false)[0m
     [36m| [0m[34m|[0m /* 284.982 */for(name in names) {[0m
     [36m| [0m[34m|[0m /* 284.983 */let refreshed = client.lookup(api.HostName(name), options: api.ResolveOptions(maxResults: 1))[0m
     [36m| [0m[34m|[0m /* 284.984 */assertEqual("refreshed.addresses[0].toOctets()", "[192u8, 0u8, 2u8, 99u8]", refreshed.addresses[0].toOctets(),[192u8, 0u8, 2u8, 99u8], isDelta: false)[0m
     [36m| [0m[34m|[0m /* 284.985 */}[0m
     [36m| [0m[34m|[0m /* 284.986 */serving.get(Duration.second)[0m
     [36m| [0m[34m|[0m /* 284.987 */} finally {[0m
     [36m| [0m[34m|[0m /* 284.988 */client.close()[0m
     [36m| [0m[34m|[0m /* 284.989 */server.close()[0m
     [36m| [0m[34m|[0m /* 284.990 */}[0m
     [36m| [0m[34m|[0m /* 284.991 */}[0m
     [36m| [0m[34m|[0m /* 284.992 */}[0m
     [36m| [0m[34m|[0m /* 284.993 */[0m
     [36m| [0m[34m|[0m /* 284.994 */@Attribute[TestCase_19][0m
     [36m| [0m[34m|[0m /* 284.995 */func everyNxdomainInvalidatesPreviouslyCachedAddresses(): Unit {[0m
     [36m| [0m[34m|[0m /* 284.996 */let server = UdpSocket.bind(dnsClientTestLoopback(0))[0m
     [36m| [0m[34m|[0m /* 284.997 */let endpoint = dnsClientTestEndpoint(server)[0m
     [36m| [0m[34m|[0m /* 284.998 */let serving = spawn { var address: UInt8 = 0u8[0m
     [36m| [0m[34m|[0m /* 284.999 */for(index in 0 .. 5) {[0m
     [36m| [0m[34m|[0m /* 284.1000 */let received = server.receive(512, context: api.OperationContext(deadline: Some(api.Deadline.after(Duration.second))))[0m
     [36m| [0m[34m|[0m /* 284.1001 */let response = if(index == 1) {[0m
     [36m| [0m[34m|[0m /* 284.1002 */dnsClientTestHeader(received.payload, 0x8183u16).toArray()[0m
     [36m| [0m[34m|[0m /* 284.1003 */}[0m
     [36m| [0m[34m|[0m /* 284.1004 */else if(index == 3) {[0m
     [36m| [0m[34m|[0m /* 284.1005 */dnsClientTestNegative(received.payload, true, soaTtl: 0u32, soaMinimum: 0u32)[0m
     [36m| [0m[34m|[0m /* 284.1006 */}[0m
     [36m| [0m[34m|[0m /* 284.1007 */else {[0m
     [36m| [0m[34m|[0m /* 284.1008 */address ++[0m
     [36m| [0m[34m|[0m /* 284.1009 */dnsClientTestAResponse(received.payload,[192u8, 0u8, 2u8, address])[0m
     [36m| [0m[34m|[0m /* 284.1010 */}[0m
     [36m| [0m[34m|[0m /* 284.1011 */[0m
     [36m| [0m[34m|[0m /* 284.1012 */let _ = server.sendTo(received.source.getOrThrow(), api.ByteSpan(response))[0m
     [36m| [0m[34m|[0m /* 284.1013 */}[0m
     [36m| [0m[34m|[0m /* 284.1014 */}[0m
     [36m| [0m[34m|[0m /* 284.1015 */let client = DnsClient(config: dnsClientTestConfig(endpoint))[0m
     [36m| [0m[34m|[0m /* 284.1016 */let oneAddress = api.ResolveOptions(maxResults: 1)[0m
     [36m| [0m[34m|[0m /* 284.1017 */try {[0m
     [36m| [0m[34m|[0m /* 284.1018 */let first = client.lookup(api.HostName("invalidate.test"), options: oneAddress)[0m
     [36m| [0m[34m|[0m /* 284.1019 */assertEqual("first.addresses[0].toOctets()", "[192u8, 0u8, 2u8, 1u8]", first.addresses[0].toOctets(),[192u8, 0u8, 2u8, 1u8], isDelta: false)[0m
     [36m| [0m[34m|[0m /* 284.1020 */for(expected in[2u8, 3u8]) {[0m
     [36m| [0m[34m|[0m /* 284.1021 */let denied = try {[0m
     [36m| [0m[34m|[0m /* 284.1022 */try {[0m
     [36m| [0m[34m|[0m /* 284.1023 */    assertEqual("true", "true", true, true)[0m
     [36m| [0m[34m|[0m /* 284.1024 */    client.lookup(api.HostName("invalidate.test"), options: api.ResolveOptions(family: api.ResolveAddressFamily.Ipv6))[0m
     [36m| [0m[34m|[0m /* 284.1025 */    fail("@AssertThrows: Expected 'api.ResolveException' was not caught.")[0m
     [36m| [0m[34m|[0m /* 284.1026 */} catch(e: api.ResolveException) {[0m
     [36m| [0m[34m|[0m /* 284.1027 */    if(e is AssertException) {[0m
     [36m| [0m[34m|[0m /* 284.1028 */        throw e[0m
     [36m| [0m[34m|[0m /* 284.1029 */    }[0m
     [36m| [0m[34m|[0m /* 284.1030 */    if(e is AssertIntermediateException) {[0m
     [36m| [0m[34m|[0m /* 284.1031 */        throw e[0m
     [36m| [0m[34m|[0m /* 284.1032 */    }[0m
     [36m| [0m[34m|[0m /* 284.1033 */    if(e is UnittestTimeoutException) {[0m
     [36m| [0m[34m|[0m /* 284.1034 */        throw e[0m
     [36m| [0m[34m|[0m /* 284.1035 */    }[0m
     [36m| [0m[34m|[0m /* 284.1036 */    e[0m
     [36m| [0m[34m|[0m /* 284.1037 */}[0m
     [36m| [0m[34m|[0m /* 284.1038 */} catch(e: Exception) {[0m
     [36m| [0m[34m|[0m /* 284.1039 */if(e is AssertException || e is AssertIntermediateException || e is UnittestTimeoutException) {[0m
     [36m| [0m[34m|[0m /* 284.1040 */    throw e[0m
     [36m| [0m[34m|[0m /* 284.1041 */}[0m
     [36m| [0m[34m|[0m /* 284.1042 */assertCaughtUnexpectedE("@AssertThrows(api.ResolveException)", "api.ResolveException", e.toString())[0m
     [36m| [0m[34m|[0m /* 284.1043 */}[0m
     [36m| [0m[34m|[0m /* 284.1044 */[0m
     [36m| [0m[34m|[0m /* 284.1045 */expectEqual("dnsClientTestCodeIs(denied.resolveCode, api.ResolveErrorCode.NameNotFound)", "true", dnsClientTestCodeIs(denied.resolveCode, api.ResolveErrorCode.NameNotFound), true, isDelta: false)[0m
     [36m| [0m[34m|[0m /* 284.1046 */let refreshed = client.lookup(api.HostName("invalidate.test"), options: oneAddress)[0m
     [36m| [0m[34m|[0m /* 284.1047 */assertEqual("refreshed.addresses[0].toOctets()", "[192u8, 0u8, 2u8, expected]", refreshed.addresses[0].toOctets(),[192u8, 0u8, 2u8, expected], isDelta: false)[0m
     [36m| [0m[34m|[0m /* 284.1048 */}[0m
     [36m| [0m[34m|[0m /* 284.1049 */serving.get(Duration.second)[0m
     [36m| [0m[34m|[0m /* 284.1050 */} finally {[0m
     [36m| [0m[34m|[0m /* 284.1051 */client.close()[0m
     [36m| [0m[34m|[0m /* 284.1052 */server.close()[0m
     [36m| [0m[34m|[0m /* 284.1053 */}[0m
     [36m| [0m[34m|[0m /* 284.1054 */}[0m
     [36m| [0m[34m|[0m /* 284.1055 */[0m
     [36m| [0m[34m|[0m /* 284.1056 */@Attribute[TestCase_20][0m
     [36m| [0m[34m|[0m /* 284.1057 */func noncacheableNxdomainStopsOtherFamilyQueries(): Unit {[0m
     [36m| [0m[34m|[0m /* 284.1058 */let server = UdpSocket.bind(dnsClientTestLoopback(0))[0m
     [36m| [0m[34m|[0m /* 284.1059 */let endpoint = dnsClientTestEndpoint(server)[0m
     [36m| [0m[34m|[0m /* 284.1060 */let served = AtomicInt64(0)[0m
     [36m| [0m[34m|[0m /* 284.1061 */let serving = spawn { for(index in 0 .. 2) {[0m
     [36m| [0m[34m|[0m /* 284.1062 */let received = server.receive(512, context: api.OperationContext(deadline: Some(api.Deadline.after(Duration.second))))[0m
     [36m| [0m[34m|[0m /* 284.1063 */let response = if(index == 0) {[0m
     [36m| [0m[34m|[0m /* 284.1064 */dnsClientTestHeader(received.payload, 0x8183u16).toArray()[0m
     [36m| [0m[34m|[0m /* 284.1065 */}[0m
     [36m| [0m[34m|[0m /* 284.1066 */else {[0m
     [36m| [0m[34m|[0m /* 284.1067 */let output = dnsClientTestHeader(received.payload, 0x8180u16, answers: 1)[0m
     [36m| [0m[34m|[0m /* 284.1068 */dnsClientTestAppendU16(output, 0xC00C)[0m
     [36m| [0m[34m|[0m /* 284.1069 */dnsClientTestAppendU16(output, 28)[0m
     [36m| [0m[34m|[0m /* 284.1070 */dnsClientTestAppendU16(output, 1)[0m
     [36m| [0m[34m|[0m /* 284.1071 */dnsClientTestAppendU32(output, 30u32)[0m
     [36m| [0m[34m|[0m /* 284.1072 */dnsClientTestAppendU16(output, 16)[0m
     [36m| [0m[34m|[0m /* 284.1073 */for(_ in 0 .. 16) {[0m
     [36m| [0m[34m|[0m /* 284.1074 */output.add(1u8)[0m
     [36m| [0m[34m|[0m /* 284.1075 */}[0m
     [36m| [0m[34m|[0m /* 284.1076 */output.toArray()[0m
     [36m| [0m[34m|[0m /* 284.1077 */}[0m
     [36m| [0m[34m|[0m /* 284.1078 */[0m
     [36m| [0m[34m|[0m /* 284.1079 */let _ = served.fetchAdd(1)[0m
     [36m| [0m[34m|[0m /* 284.1080 */let _ = server.sendTo(received.source.getOrThrow(), api.ByteSpan(response))[0m
     [36m| [0m[34m|[0m /* 284.1081 */}[0m
     [36m| [0m[34m|[0m /* 284.1082 */}[0m
     [36m| [0m[34m|[0m /* 284.1083 */let client = DnsClient(config: dnsClientTestConfig(endpoint))[0m
     [36m| [0m[34m|[0m /* 284.1084 */try {[0m
     [36m| [0m[34m|[0m /* 284.1085 */let error = try {[0m
     [36m| [0m[34m|[0m /* 284.1086 */try {[0m
     [36m| [0m[34m|[0m /* 284.1087 */assertEqual("true", "true", true, true)[0m
     [36m| [0m[34m|[0m /* 284.1088 */client.lookup(api.HostName("uncached-negative.test"))[0m
     [36m| [0m[34m|[0m /* 284.1089 */fail("@AssertThrows: Expected 'api.ResolveException' was not caught.")[0m
     [36m| [0m[34m|[0m /* 284.1090 */} catch(e: api.ResolveException) {[0m
     [36m| [0m[34m|[0m /* 284.1091 */if(e is AssertException) {[0m
     [36m| [0m[34m|[0m /* 284.1092 */throw e[0m
     [36m| [0m[34m|[0m /* 284.1093 */}[0m
     [36m| [0m[34m|[0m /* 284.1094 */if(e is AssertIntermediateException) {[0m
     [36m| [0m[34m|[0m /* 284.1095 */throw e[0m
     [36m| [0m[34m|[0m /* 284.1096 */}[0m
     [36m| [0m[34m|[0m /* 284.1097 */if(e is UnittestTimeoutException) {[0m
     [36m| [0m[34m|[0m /* 284.1098 */throw e[0m
     [36m| [0m[34m|[0m /* 284.1099 */}[0m
     [36m| [0m[34m|[0m /* 284.1100 */e[0m
     [36m| [0m[34m|[0m /* 284.1101 */}[0m
     [36m| [0m[34m|[0m /* 284.1102 */} catch(e: Exception) {[0m
     [36m| [0m[34m|[0m /* 284.1103 */if(e is AssertException || e is AssertIntermediateException || e is UnittestTimeoutException) {[0m
     [36m| [0m[34m|[0m /* 284.1104 */throw e[0m
     [36m| [0m[34m|[0m /* 284.1105 */}[0m
     [36m| [0m[34m|[0m /* 284.1106 */assertCaughtUnexpectedE("@AssertThrows(api.ResolveException)", "api.ResolveException", e.toString())[0m
     [36m| [0m[34m|[0m /* 284.1107 */}[0m
     [36m| [0m[34m|[0m /* 284.1108 */[0m
     [36m| [0m[34m|[0m /* 284.1109 */expectEqual("dnsClientTestCodeIs(error.resolveCode, api.ResolveErrorCode.NameNotFound)", "true", dnsClientTestCodeIs(error.resolveCode, api.ResolveErrorCode.NameNotFound), true, isDelta: false)[0m
     [36m| [0m[34m|[0m /* 284.1110 */expectEqual("served.load()", "1", served.load(), 1, isDelta: false)[0m
     [36m| [0m[34m|[0m /* 284.1111 */let later = client.lookup(api.HostName("uncached-negative.test"), options: api.ResolveOptions(family: api.ResolveAddressFamily.Ipv6))[0m
     [36m| [0m[34m|[0m /* 284.1112 */expectEqual("later.addresses[0].toOctets()", "Array < Byte >(16, repeat: 1u8)", later.addresses[0].toOctets(), Array < Byte >(16, repeat: 1u8), isDelta: false)[0m
     [36m| [0m[34m|[0m /* 284.1113 */serving.get(Duration.second)[0m
     [36m| [0m[34m|[0m /* 284.1114 */} finally {[0m
     [36m| [0m[34m|[0m /* 284.1115 */client.close()[0m
     [36m| [0m[34m|[0m /* 284.1116 */server.close()[0m
     [36m| [0m[34m|[0m /* 284.1117 */}[0m
     [36m| [0m[34m|[0m /* 284.1118 */}[0m
     [36m| [0m[34m|[0m /* 284.1119 */[0m
     [36m| [0m[34m|[0m /* 284.1120 */@Attribute[TestCase_21][0m
     [36m| [0m[34m|[0m /* 284.1121 */func nameWideNegativeOverridesEarlierFamilyFailure(): Unit {[0m
     [36m| [0m[34m|[0m /* 284.1122 */let server = UdpSocket.bind(dnsClientTestLoopback(0))[0m
     [36m| [0m[34m|[0m /* 284.1123 */let endpoint = dnsClientTestEndpoint(server)[0m
     [36m| [0m[34m|[0m /* 284.1124 */let serving = spawn { for(_ in 0 .. 2) {[0m
     [36m| [0m[34m|[0m /* 284.1125 */let received = server.receive(512, context: api.OperationContext(deadline: Some(api.Deadline.after(Duration.second))))[0m
     [36m| [0m[34m|[0m /* 284.1126 */let query = received.payload[0m
     [36m| [0m[34m|[0m /* 284.1127 */let response = if(query[query.size - 3] == 1u8) {[0m
     [36m| [0m[34m|[0m /* 284.1128 */dnsClientTestHeader(query, 0x8182u16).toArray()[0m
     [36m| [0m[34m|[0m /* 284.1129 */}[0m
     [36m| [0m[34m|[0m /* 284.1130 */else {[0m
     [36m| [0m[34m|[0m /* 284.1131 */dnsClientTestNegative(query, true)[0m
     [36m| [0m[34m|[0m /* 284.1132 */}[0m
     [36m| [0m[34m|[0m /* 284.1133 */[0m
     [36m| [0m[34m|[0m /* 284.1134 */let _ = server.sendTo(received.source.getOrThrow(), api.ByteSpan(response))[0m
     [36m| [0m[34m|[0m /* 284.1135 */}[0m
     [36m| [0m[34m|[0m /* 284.1136 */}[0m
     [36m| [0m[34m|[0m /* 284.1137 */let client = DnsClient(config: dnsClientTestConfig(endpoint))[0m
     [36m| [0m[34m|[0m /* 284.1138 */try {[0m
     [36m| [0m[34m|[0m /* 284.1139 */for(pass in 0 .. 2) {[0m
     [36m| [0m[34m|[0m /* 284.1140 */let error = try {[0m
     [36m| [0m[34m|[0m /* 284.1141 */try {[0m
     [36m| [0m[34m|[0m /* 284.1142 */assertEqual("true", "true", true, true)[0m
     [36m| [0m[34m|[0m /* 284.1143 */client.lookup(api.HostName("definitive.test"))[0m
     [36m| [0m[34m|[0m /* 284.1144 */fail("@AssertThrows: Expected 'api.ResolveException' was not caught.")[0m
     [36m| [0m[34m|[0m /* 284.1145 */} catch(e: api.ResolveException) {[0m
     [36m| [0m[34m|[0m /* 284.1146 */if(e is AssertException) {[0m
     [36m| [0m[34m|[0m /* 284.1147 */throw e[0m
     [36m| [0m[34m|[0m /* 284.1148 */}[0m
     [36m| [0m[34m|[0m /* 284.1149 */if(e is AssertIntermediateException) {[0m
     [36m| [0m[34m|[0m /* 284.1150 */throw e[0m
     [36m| [0m[34m|[0m /* 284.1151 */}[0m
     [36m| [0m[34m|[0m /* 284.1152 */if(e is UnittestTimeoutException) {[0m
     [36m| [0m[34m|[0m /* 284.1153 */throw e[0m
     [36m| [0m[34m|[0m /* 284.1154 */}[0m
     [36m| [0m[34m|[0m /* 284.1155 */e[0m
     [36m| [0m[34m|[0m /* 284.1156 */}[0m
     [36m| [0m[34m|[0m /* 284.1157 */} catch(e: Exception) {[0m
     [36m| [0m[34m|[0m /* 284.1158 */if(e is AssertException || e is AssertIntermediateException || e is UnittestTimeoutException) {[0m
     [36m| [0m[34m|[0m /* 284.1159 */throw e[0m
     [36m| [0m[34m|[0m /* 284.1160 */}[0m
     [36m| [0m[34m|[0m /* 284.1161 */assertCaughtUnexpectedE("@AssertThrows(api.ResolveException)", "api.ResolveException", e.toString())[0m
     [36m| [0m[34m|[0m /* 284.1162 */}[0m
     [36m| [0m[34m|[0m /* 284.1163 */[0m
     [36m| [0m[34m|[0m /* 284.1164 */expectEqual("dnsClientTestCodeIs(error.resolveCode, api.ResolveErrorCode.NameNotFound)", "true", dnsClientTestCodeIs(error.resolveCode, api.ResolveErrorCode.NameNotFound), true, isDelta: false)[0m
     [36m| [0m[34m|[0m /* 284.1165 */if(pass == 0) {[0m
     [36m| [0m[34m|[0m /* 284.1166 */match(error.remoteEndpoint) {[0m
     [36m| [0m[34m|[0m /* 284.1167 */case Some(api.NetworkEndpoint.Internet(remote)) => expectEqual("remote", "endpoint", remote, endpoint, isDelta: false)[0m
     [36m| [0m[34m|[0m /* 284.1168 */case _ => fail("definitive negative response lost its nameserver")[0m
     [36m| [0m[34m|[0m /* 284.1169 */}[0m
     [36m| [0m[34m|[0m /* 284.1170 */}[0m
     [36m| [0m[34m|[0m /* 284.1171 */else {[0m
     [36m| [0m[34m|[0m /* 284.1172 */expectEqual("error.remoteEndpoint.isNone()", "true", error.remoteEndpoint.isNone(), true, isDelta: false)[0m
     [36m| [0m[34m|[0m /* 284.1173 */}[0m
     [36m| [0m[34m|[0m /* 284.1174 */}[0m
     [36m| [0m[34m|[0m /* 284.1175 */serving.get(Duration.second)[0m
     [36m| [0m[34m|[0m /* 284.1176 */} finally {[0m
     [36m| [0m[34m|[0m /* 284.1177 */client.close()[0m
     [36m| [0m[34m|[0m /* 284.1178 */server.close()[0m
     [36m| [0m[34m|[0m /* 284.1179 */}[0m
     [36m| [0m[34m|[0m /* 284.1180 */}[0m
     [36m| [0m[34m|[0m /* 284.1181 */[0m
     [36m| [0m[34m|[0m /* 284.1182 */@Attribute[TestCase_22][0m
     [36m| [0m[34m|[0m /* 284.1183 */func boundedAdmissionRejectsExcessAndCloseWakesQueuedCallers(): Unit {[0m
     [36m| [0m[34m|[0m /* 284.1184 */let server = UdpSocket.bind(dnsClientTestLoopback(0))[0m
     [36m| [0m[34m|[0m /* 284.1185 */let endpoint = dnsClientTestEndpoint(server)[0m
     [36m| [0m[34m|[0m /* 284.1186 */let activeGate = DnsClientTestGate()[0m
     [36m| [0m[34m|[0m /* 284.1187 */let serverTask = spawn { let _ = server.receive(512, context: api.OperationContext(deadline: Some(api.Deadline.after(Duration.second))))[0m
     [36m| [0m[34m|[0m /* 284.1188 */activeGate.arriveAndWait()[0m
     [36m| [0m[34m|[0m /* 284.1189 */}[0m
     [36m| [0m[34m|[0m /* 284.1190 */let client = DnsClient(config: dnsClientTestConfig(endpoint), workerCount: 1, queueCapacity: 1)[0m
     [36m| [0m[34m|[0m /* 284.1191 */let activeQuery = spawn { dnsClientTestResolveCode({ =>[0m
     [36m| [0m[34m|[0m /* 284.1192 */let _ = client.query("active.test", DnsRecordType.A)[0m
     [36m| [0m[34m|[0m /* 284.1193 */})[0m
     [36m| [0m[34m|[0m /* 284.1194 */}[0m
     [36m| [0m[34m|[0m /* 284.1195 */activeGate.waitForArrival()[0m
     [36m| [0m[34m|[0m /* 284.1196 */let simultaneous = SyncCounter(4)[0m
     [36m| [0m[34m|[0m /* 284.1197 */let completed = DnsClientTestCompletion()[0m
     [36m| [0m[34m|[0m /* 284.1198 */let contenders = ArrayList < Future < api.ResolveErrorCode >>()[0m
     [36m| [0m[34m|[0m /* 284.1199 */for(index in 0 .. 4) {[0m
     [36m| [0m[34m|[0m /* 284.1200 */contenders.add(spawn { simultaneous.dec()[0m
     [36m| [0m[34m|[0m /* 284.1201 */simultaneous.waitUntilZero()[0m
     [36m| [0m[34m|[0m /* 284.1202 */let code = dnsClientTestResolveCode({ =>[0m
     [36m| [0m[34m|[0m /* 284.1203 */let _ = client.query("queued-${index}.test", DnsRecordType.A, context: api.OperationContext(deadline: Some(api.Deadline.after(Duration.second))))[0m
     [36m| [0m[34m|[0m /* 284.1204 */})[0m
     [36m| [0m[34m|[0m /* 284.1205 */completed.finish()[0m
     [36m| [0m[34m|[0m /* 284.1206 */code[0m
     [36m| [0m[34m|[0m /* 284.1207 */})[0m
     [36m| [0m[34m|[0m /* 284.1208 */}[0m
     [36m| [0m[34m|[0m /* 284.1209 */simultaneous.waitUntilZero()[0m
     [36m| [0m[34m|[0m /* 284.1210 */completed.waitFor(3)[0m
     [36m| [0m[34m|[0m /* 284.1211 */let closing = spawn { client.close()[0m
     [36m| [0m[34m|[0m /* 284.1212 */true[0m
     [36m| [0m[34m|[0m /* 284.1213 */}[0m
     [36m| [0m[34m|[0m /* 284.1214 */expectEqual("closing.get(Duration.second)", "true", closing.get(Duration.second), true, isDelta: false)[0m
     [36m| [0m[34m|[0m /* 284.1215 */expectEqual("dnsClientTestCodeIs(activeQuery.get(Duration.second), api.ResolveErrorCode.Cancelled)", "true", dnsClientTestCodeIs(activeQuery.get(Duration.second), api.ResolveErrorCode.Cancelled), true, isDelta: false)[0m
     [36m| [0m[34m|[0m /* 284.1216 */var temporaryFailures: Int64 = 0[0m
     [36m| [0m[34m|[0m /* 284.1217 */var cancellations: Int64 = 0[0m
     [36m| [0m[34m|[0m /* 284.1218 */for(contender in contenders) {[0m
     [36m| [0m[34m|[0m /* 284.1219 */let code = contender.get(Duration.second)[0m
     [36m| [0m[34m|[0m /* 284.1220 */match(code) {[0m
     [36m| [0m[34m|[0m /* 284.1221 */case api.ResolveErrorCode.TemporaryFailure => temporaryFailures ++[0m
     [36m| [0m[34m|[0m /* 284.1222 */case api.ResolveErrorCode.Cancelled => cancellations ++[0m
     [36m| [0m[34m|[0m /* 284.1223 */case api.ResolveErrorCode.SystemFailure =>()[0m
     [36m| [0m[34m|[0m /* 284.1224 */case _ => fail("bounded contender returned an unexpected resolver error")[0m
     [36m| [0m[34m|[0m /* 284.1225 */}[0m
     [36m| [0m[34m|[0m /* 284.1226 */}[0m
     [36m| [0m[34m|[0m /* 284.1227 */activeGate.release()[0m
     [36m| [0m[34m|[0m /* 284.1228 */serverTask.get(Duration.second)[0m
     [36m| [0m[34m|[0m /* 284.1229 */server.close()[0m
     [36m| [0m[34m|[0m /* 284.1230 */expectEqual("temporaryFailures", "3", temporaryFailures, 3, isDelta: false)[0m
     [36m| [0m[34m|[0m /* 284.1231 */expectEqual("cancellations", "1", cancellations, 1, isDelta: false)[0m
     [36m| [0m[34m|[0m /* 284.1232 */}[0m
     [36m| [0m[34m|[0m /* 284.1233 */[0m
     [36m| [0m[34m|[0m /* 284.1234 */init() {[0m
     [36m| [0m[34m|[0m /* 284.1235 */}[0m
     [36m| [0m[34m|[0m /* 284.1236 */private func classConfiguration(): Configuration {[0m
     [36m| [0m[34m|[0m /* 284.1237 */let configuration = Configuration()[0m
     [36m| [0m[34m|[0m /* 284.1238 */[0m
     [36m| [0m[34m|[0m /* 284.1239 */return configuration[0m
     [36m| [0m[34m|[0m /* 284.1240 */}[0m
     [36m| [0m[34m|[0m /* 284.1241 */public override func asTestSuite(): TestSuite {[0m
     [36m| [0m[34m|[0m /* 284.1242 */[0m
     [36m| [0m[34m|[0m /* 284.1243 */let suiteConfiguration = classConfiguration()[0m
     [36m| [0m[34m|[0m /* 284.1244 */let suiteBuilder = TestSuite.builder("DnsClientWireTest").configure(suiteConfiguration)[0m
     [36m| [0m[34m|[0m /* 284.1245 */[0m
     [36m| [0m[34m|[0m /* 284.1246 */{ => let caseConfig = Configuration()[0m
     [36m| [0m[34m|[0m /* 284.1247 */[0m
     [36m| [0m[34m|[0m /* 284.1248 */let publicQueryAndLookupUseRealUdpAndRetainAbsoluteCacheExpiryTestFunc = { => publicQueryAndLookupUseRealUdpAndRetainAbsoluteCacheExpiry();() }[0m
     [36m| [0m[34m|[0m /* 284.1249 */suiteBuilder.add([0m
     [36m| [0m[34m|[0m /* 284.1250 */UnitTestCase.create([0m
     [36m| [0m[34m|[0m /* 284.1251 */"publicQueryAndLookupUseRealUdpAndRetainAbsoluteCacheExpiry",[0m
     [36m| [0m[34m|[0m /* 284.1252 */configuration: caseConfig,[0m
     [36m| [0m[34m|[0m /* 284.1253 */body: publicQueryAndLookupUseRealUdpAndRetainAbsoluteCacheExpiryTestFunc[0m
     [36m| [0m[34m|[0m /* 284.1254 */)[0m
     [36m| [0m[34m|[0m /* 284.1255 */)[0m
     [36m| [0m[34m|[0m /* 284.1256 */[0m
     [36m| [0m[34m|[0m /* 284.1257 */}()[0m
     [36m| [0m[34m|[0m /* 284.1258 */[0m
     [36m| [0m[34m|[0m /* 284.1259 */[0m
     [36m| [0m[34m|[0m /* 284.1260 */{ => let caseConfig = Configuration()[0m
     [36m| [0m[34m|[0m /* 284.1261 */[0m
     [36m| [0m[34m|[0m /* 284.1262 */let publicQueryEncodesEveryModeledRecordTypeTestFunc = { => publicQueryEncodesEveryModeledRecordType();() }[0m
     [36m| [0m[34m|[0m /* 284.1263 */suiteBuilder.add([0m
     [36m| [0m[34m|[0m /* 284.1264 */UnitTestCase.create([0m
     [36m| [0m[34m|[0m /* 284.1265 */"publicQueryEncodesEveryModeledRecordType",[0m
     [36m| [0m[34m|[0m /* 284.1266 */configuration: caseConfig,[0m
     [36m| [0m[34m|[0m /* 284.1267 */body: publicQueryEncodesEveryModeledRecordTypeTestFunc[0m
     [36m| [0m[34m|[0m /* 284.1268 */)[0m
     [36m| [0m[34m|[0m /* 284.1269 */)[0m
     [36m| [0m[34m|[0m /* 284.1270 */[0m
     [36m| [0m[34m|[0m /* 284.1271 */}()[0m
     [36m| [0m[34m|[0m /* 284.1272 */[0m
     [36m| [0m[34m|[0m /* 284.1273 */[0m
     [36m| [0m[34m|[0m /* 284.1274 */{ => let caseConfig = Configuration()[0m
     [36m| [0m[34m|[0m /* 284.1275 */[0m
     [36m| [0m[34m|[0m /* 284.1276 */let wrongSourceIdAndQuestionAreIgnoredBeforeValidUdpResponseTestFunc = { => wrongSourceIdAndQuestionAreIgnoredBeforeValidUdpResponse();() }[0m
     [36m| [0m[34m|[0m /* 284.1277 */suiteBuilder.add([0m
     [36m| [0m[34m|[0m /* 284.1278 */UnitTestCase.create([0m
     [36m| [0m[34m|[0m /* 284.1279 */"wrongSourceIdAndQuestionAreIgnoredBeforeValidUdpResponse",[0m
     [36m| [0m[34m|[0m /* 284.1280 */configuration: caseConfig,[0m
     [36m| [0m[34m|[0m /* 284.1281 */body: wrongSourceIdAndQuestionAreIgnoredBeforeValidUdpResponseTestFunc[0m
     [36m| [0m[34m|[0m /* 284.1282 */)[0m
     [36m| [0m[34m|[0m /* 284.1283 */)[0m
     [36m| [0m[34m|[0m /* 284.1284 */[0m
     [36m| [0m[34m|[0m /* 284.1285 */}()[0m
     [36m| [0m[34m|[0m /* 284.1286 */[0m
     [36m| [0m[34m|[0m /* 284.1287 */[0m
     [36m| [0m[34m|[0m /* 284.1288 */{ => let caseConfig = Configuration()[0m
     [36m| [0m[34m|[0m /* 284.1289 */[0m
     [36m| [0m[34m|[0m /* 284.1290 */let validatedTruncationFallsBackToExactTcpFrameTestFunc = { => validatedTruncationFallsBackToExactTcpFrame();() }[0m
     [36m| [0m[34m|[0m /* 284.1291 */suiteBuilder.add([0m
     [36m| [0m[34m|[0m /* 284.1292 */UnitTestCase.create([0m
     [36m| [0m[34m|[0m /* 284.1293 */"validatedTruncationFallsBackToExactTcpFrame",[0m
     [36m| [0m[34m|[0m /* 284.1294 */configuration: caseConfig,[0m
     [36m| [0m[34m|[0m /* 284.1295 */body: validatedTruncationFallsBackToExactTcpFrameTestFunc[0m
     [36m| [0m[34m|[0m /* 284.1296 */)[0m
     [36m| [0m[34m|[0m /* 284.1297 */)[0m
     [36m| [0m[34m|[0m /* 284.1298 */[0m
     [36m| [0m[34m|[0m /* 284.1299 */}()[0m
     [36m| [0m[34m|[0m /* 284.1300 */[0m
     [36m| [0m[34m|[0m /* 284.1301 */[0m
     [36m| [0m[34m|[0m /* 284.1302 */{ => let caseConfig = Configuration()[0m
     [36m| [0m[34m|[0m /* 284.1303 */[0m
     [36m| [0m[34m|[0m /* 284.1304 */let activeCancellationRetainsNameserverWithoutRetryTestFunc = { => activeCancellationRetainsNameserverWithoutRetry();() }[0m
     [36m| [0m[34m|[0m /* 284.1305 */suiteBuilder.add([0m
     [36m| [0m[34m|[0m /* 284.1306 */UnitTestCase.create([0m
     [36m| [0m[34m|[0m /* 284.1307 */"activeCancellationRetainsNameserverWithoutRetry",[0m
     [36m| [0m[34m|[0m /* 284.1308 */configuration: caseConfig,[0m
     [36m| [0m[34m|[0m /* 284.1309 */body: activeCancellationRetainsNameserverWithoutRetryTestFunc[0m
     [36m| [0m[34m|[0m /* 284.1310 */)[0m
     [36m| [0m[34m|[0m /* 284.1311 */)[0m
     [36m| [0m[34m|[0m /* 284.1312 */[0m
     [36m| [0m[34m|[0m /* 284.1313 */}()[0m
     [36m| [0m[34m|[0m /* 284.1314 */[0m
     [36m| [0m[34m|[0m /* 284.1315 */[0m
     [36m| [0m[34m|[0m /* 284.1316 */{ => let caseConfig = Configuration()[0m
     [36m| [0m[34m|[0m /* 284.1317 */[0m
     [36m| [0m[34m|[0m /* 284.1318 */let silentDnsAttemptsLeaveBudgetForServerAndPassFailoverTestFunc = { => silentDnsAttemptsLeaveBudgetForServerAndPassFailover();() }[0m
     [36m| [0m[34m|[0m /* 284.1319 */suiteBuilder.add([0m
     [36m| [0m[34m|[0m /* 284.1320 */UnitTestCase.create([0m
     [36m| [0m[34m|[0m /* 284.1321 */"silentDnsAttemptsLeaveBudgetForServerAndPassFailover",[0m
     [36m| [0m[34m|[0m /* 284.1322 */configuration: caseConfig,[0m
     [36m| [0m[34m|[0m /* 284.1323 */body: silentDnsAttemptsLeaveBudgetForServerAndPassFailoverTestFunc[0m
     [36m| [0m[34m|[0m /* 284.1324 */)[0m
     [36m| [0m[34m|[0m /* 284.1325 */)[0m
     [36m| [0m[34m|[0m /* 284.1326 */[0m
     [36m| [0m[34m|[0m /* 284.1327 */}()[0m
     [36m| [0m[34m|[0m /* 284.1328 */[0m
     [36m| [0m[34m|[0m /* 284.1329 */[0m
     [36m| [0m[34m|[0m /* 284.1330 */{ => let caseConfig = Configuration()[0m
     [36m| [0m[34m|[0m /* 284.1331 */[0m
     [36m| [0m[34m|[0m /* 284.1332 */let exhaustedResponseCodesRetainTheLastRespondingNameserverTestFunc = { => exhaustedResponseCodesRetainTheLastRespondingNameserver();() }[0m
     [36m| [0m[34m|[0m /* 284.1333 */suiteBuilder.add([0m
     [36m| [0m[34m|[0m /* 284.1334 */UnitTestCase.create([0m
     [36m| [0m[34m|[0m /* 284.1335 */"exhaustedResponseCodesRetainTheLastRespondingNameserver",[0m
     [36m| [0m[34m|[0m /* 284.1336 */configuration: caseConfig,[0m
     [36m| [0m[34m|[0m /* 284.1337 */body: exhaustedResponseCodesRetainTheLastRespondingNameserverTestFunc[0m
     [36m| [0m[34m|[0m /* 284.1338 */)[0m
     [36m| [0m[34m|[0m /* 284.1339 */)[0m
     [36m| [0m[34m|[0m /* 284.1340 */[0m
     [36m| [0m[34m|[0m /* 284.1341 */}()[0m
     [36m| [0m[34m|[0m /* 284.1342 */[0m
     [36m| [0m[34m|[0m /* 284.1343 */[0m
     [36m| [0m[34m|[0m /* 284.1344 */{ => let caseConfig = Configuration()[0m
     [36m| [0m[34m|[0m /* 284.1345 */[0m
     [36m| [0m[34m|[0m /* 284.1346 */let unsupportedResponseCodeRetainsRespondingNameserverTestFunc = { => unsupportedResponseCodeRetainsRespondingNameserver();() }[0m
     [36m| [0m[34m|[0m /* 284.1347 */suiteBuilder.add([0m
     [36m| [0m[34m|[0m /* 284.1348 */UnitTestCase.create([0m
     [36m| [0m[34m|[0m /* 284.1349 */"unsupportedResponseCodeRetainsRespondingNameserver",[0m
     [36m| [0m[34m|[0m /* 284.1350 */configuration: caseConfig,[0m
     [36m| [0m[34m|[0m /* 284.1351 */body: unsupportedResponseCodeRetainsRespondingNameserverTestFunc[0m
     [36m| [0m[34m|[0m /* 284.1352 */)[0m
     [36m| [0m[34m|[0m /* 284.1353 */)[0m
     [36m| [0m[34m|[0m /* 284.1354 */[0m
     [36m| [0m[34m|[0m /* 284.1355 */}()[0m
     [36m| [0m[34m|[0m /* 284.1356 */[0m
     [36m| [0m[34m|[0m /* 284.1357 */[0m
     [36m| [0m[34m|[0m /* 284.1358 */{ => let caseConfig = Configuration()[0m
     [36m| [0m[34m|[0m /* 284.1359 */[0m
     [36m| [0m[34m|[0m /* 284.1360 */let dnsTransportFailuresRetainSelectedNameserverTestFunc = { => dnsTransportFailuresRetainSelectedNameserver();() }[0m
     [36m| [0m[34m|[0m /* 284.1361 */suiteBuilder.add([0m
     [36m| [0m[34m|[0m /* 284.1362 */UnitTestCase.create([0m
     [36m| [0m[34m|[0m /* 284.1363 */"dnsTransportFailuresRetainSelectedNameserver",[0m
     [36m| [0m[34m|[0m /* 284.1364 */configuration: caseConfig,[0m
     [36m| [0m[34m|[0m /* 284.1365 */body: dnsTransportFailuresRetainSelectedNameserverTestFunc[0m
     [36m| [0m[34m|[0m /* 284.1366 */)[0m
     [36m| [0m[34m|[0m /* 284.1367 */)[0m
     [36m| [0m[34m|[0m /* 284.1368 */[0m
     [36m| [0m[34m|[0m /* 284.1369 */}()[0m
     [36m| [0m[34m|[0m /* 284.1370 */[0m
     [36m| [0m[34m|[0m /* 284.1371 */[0m
     [36m| [0m[34m|[0m /* 284.1372 */{ => let caseConfig = Configuration()[0m
     [36m| [0m[34m|[0m /* 284.1373 */[0m
     [36m| [0m[34m|[0m /* 284.1374 */let tcpResponseCannotRemainTruncatedTestFunc = { => tcpResponseCannotRemainTruncated();() }[0m
     [36m| [0m[34m|[0m /* 284.1375 */suiteBuilder.add([0m
     [36m| [0m[34m|[0m /* 284.1376 */UnitTestCase.create([0m
     [36m| [0m[34m|[0m /* 284.1377 */"tcpResponseCannotRemainTruncated",[0m
     [36m| [0m[34m|[0m /* 284.1378 */configuration: caseConfig,[0m
     [36m| [0m[34m|[0m /* 284.1379 */body: tcpResponseCannotRemainTruncatedTestFunc[0m
     [36m| [0m[34m|[0m /* 284.1380 */)[0m
     [36m| [0m[34m|[0m /* 284.1381 */)[0m
     [36m| [0m[34m|[0m /* 284.1382 */[0m
     [36m| [0m[34m|[0m /* 284.1383 */}()[0m
     [36m| [0m[34m|[0m /* 284.1384 */[0m
     [36m| [0m[34m|[0m /* 284.1385 */[0m
     [36m| [0m[34m|[0m /* 284.1386 */{ => let caseConfig = Configuration()[0m
     [36m| [0m[34m|[0m /* 284.1387 */[0m
     [36m| [0m[34m|[0m /* 284.1388 */let malformedMatchingResponseAndUnrelatedSectionsCannotPoisonCacheTestFunc = { => malformedMatchingResponseAndUnrelatedSectionsCannotPoisonCache();() }[0m
     [36m| [0m[34m|[0m /* 284.1389 */suiteBuilder.add([0m
     [36m| [0m[34m|[0m /* 284.1390 */UnitTestCase.create([0m
     [36m| [0m[34m|[0m /* 284.1391 */"malformedMatchingResponseAndUnrelatedSectionsCannotPoisonCache",[0m
     [36m| [0m[34m|[0m /* 284.1392 */configuration: caseConfig,[0m
     [36m| [0m[34m|[0m /* 284.1393 */body: malformedMatchingResponseAndUnrelatedSectionsCannotPoisonCacheTestFunc[0m
     [36m| [0m[34m|[0m /* 284.1394 */)[0m
     [36m| [0m[34m|[0m /* 284.1395 */)[0m
     [36m| [0m[34m|[0m /* 284.1396 */[0m
     [36m| [0m[34m|[0m /* 284.1397 */}()[0m
     [36m| [0m[34m|[0m /* 284.1398 */[0m
     [36m| [0m[34m|[0m /* 284.1399 */[0m
     [36m| [0m[34m|[0m /* 284.1400 */{ => let caseConfig = Configuration()[0m
     [36m| [0m[34m|[0m /* 284.1401 */[0m
     [36m| [0m[34m|[0m /* 284.1402 */let cnameTraversalUsesAnswerOwnersAndRejectsConflictingTargetsTestFunc = { => cnameTraversalUsesAnswerOwnersAndRejectsConflictingTargets();() }[0m
     [36m| [0m[34m|[0m /* 284.1403 */suiteBuilder.add([0m
     [36m| [0m[34m|[0m /* 284.1404 */UnitTestCase.create([0m
     [36m| [0m[34m|[0m /* 284.1405 */"cnameTraversalUsesAnswerOwnersAndRejectsConflictingTargets",[0m
     [36m| [0m[34m|[0m /* 284.1406 */configuration: caseConfig,[0m
     [36m| [0m[34m|[0m /* 284.1407 */body: cnameTraversalUsesAnswerOwnersAndRejectsConflictingTargetsTestFunc[0m
     [36m| [0m[34m|[0m /* 284.1408 */)[0m
     [36m| [0m[34m|[0m /* 284.1409 */)[0m
     [36m| [0m[34m|[0m /* 284.1410 */[0m
     [36m| [0m[34m|[0m /* 284.1411 */}()[0m
     [36m| [0m[34m|[0m /* 284.1412 */[0m
     [36m| [0m[34m|[0m /* 284.1413 */[0m
     [36m| [0m[34m|[0m /* 284.1414 */{ => let caseConfig = Configuration()[0m
     [36m| [0m[34m|[0m /* 284.1415 */[0m
     [36m| [0m[34m|[0m /* 284.1416 */let fullResultCapacityDoesNotQueryAnotherFamilyTestFunc = { => fullResultCapacityDoesNotQueryAnotherFamily();() }[0m
     [36m| [0m[34m|[0m /* 284.1417 */suiteBuilder.add([0m
     [36m| [0m[34m|[0m /* 284.1418 */UnitTestCase.create([0m
     [36m| [0m[34m|[0m /* 284.1419 */"fullResultCapacityDoesNotQueryAnotherFamily",[0m
     [36m| [0m[34m|[0m /* 284.1420 */configuration: caseConfig,[0m
     [36m| [0m[34m|[0m /* 284.1421 */body: fullResultCapacityDoesNotQueryAnotherFamilyTestFunc[0m
     [36m| [0m[34m|[0m /* 284.1422 */)[0m
     [36m| [0m[34m|[0m /* 284.1423 */)[0m
     [36m| [0m[34m|[0m /* 284.1424 */[0m
     [36m| [0m[34m|[0m /* 284.1425 */}()[0m
     [36m| [0m[34m|[0m /* 284.1426 */[0m
     [36m| [0m[34m|[0m /* 284.1427 */[0m
     [36m| [0m[34m|[0m /* 284.1428 */{ => let caseConfig = Configuration()[0m
     [36m| [0m[34m|[0m /* 284.1429 */[0m
     [36m| [0m[34m|[0m /* 284.1430 */let rfc2308CacheRetainsNxdomainVersusNodataWithoutNewPacketsTestFunc = { => rfc2308CacheRetainsNxdomainVersusNodataWithoutNewPackets();() }[0m
     [36m| [0m[34m|[0m /* 284.1431 */suiteBuilder.add([0m
     [36m| [0m[34m|[0m /* 284.1432 */UnitTestCase.create([0m
     [36m| [0m[34m|[0m /* 284.1433 */"rfc2308CacheRetainsNxdomainVersusNodataWithoutNewPackets",[0m
     [36m| [0m[34m|[0m /* 284.1434 */configuration: caseConfig,[0m
     [36m| [0m[34m|[0m /* 284.1435 */body: rfc2308CacheRetainsNxdomainVersusNodataWithoutNewPacketsTestFunc[0m
     [36m| [0m[34m|[0m /* 284.1436 */)[0m
     [36m| [0m[34m|[0m /* 284.1437 */)[0m
     [36m| [0m[34m|[0m /* 284.1438 */[0m
     [36m| [0m[34m|[0m /* 284.1439 */}()[0m
     [36m| [0m[34m|[0m /* 284.1440 */[0m
     [36m| [0m[34m|[0m /* 284.1441 */[0m
     [36m| [0m[34m|[0m /* 284.1442 */{ => let caseConfig = Configuration()[0m
     [36m| [0m[34m|[0m /* 284.1443 */[0m
     [36m| [0m[34m|[0m /* 284.1444 */let zeroTtlNeverCreatesAPositiveCacheEntryTestFunc = { => zeroTtlNeverCreatesAPositiveCacheEntry();() }[0m
     [36m| [0m[34m|[0m /* 284.1445 */suiteBuilder.add([0m
     [36m| [0m[34m|[0m /* 284.1446 */UnitTestCase.create([0m
     [36m| [0m[34m|[0m /* 284.1447 */"zeroTtlNeverCreatesAPositiveCacheEntry",[0m
     [36m| [0m[34m|[0m /* 284.1448 */configuration: caseConfig,[0m
     [36m| [0m[34m|[0m /* 284.1449 */body: zeroTtlNeverCreatesAPositiveCacheEntryTestFunc[0m
     [36m| [0m[34m|[0m /* 284.1450 */)[0m
     [36m| [0m[34m|[0m /* 284.1451 */)[0m
     [36m| [0m[34m|[0m /* 284.1452 */[0m
     [36m| [0m[34m|[0m /* 284.1453 */}()[0m
     [36m| [0m[34m|[0m /* 284.1454 */[0m
     [36m| [0m[34m|[0m /* 284.1455 */[0m
     [36m| [0m[34m|[0m /* 284.1456 */{ => let caseConfig = Configuration()[0m
     [36m| [0m[34m|[0m /* 284.1457 */[0m
     [36m| [0m[34m|[0m /* 284.1458 */let callerCancellationAndClientCloseWakeActiveNativeReceiveTestFunc = { => callerCancellationAndClientCloseWakeActiveNativeReceive();() }[0m
     [36m| [0m[34m|[0m /* 284.1459 */suiteBuilder.add([0m
     [36m| [0m[34m|[0m /* 284.1460 */UnitTestCase.create([0m
     [36m| [0m[34m|[0m /* 284.1461 */"callerCancellationAndClientCloseWakeActiveNativeReceive",[0m
     [36m| [0m[34m|[0m /* 284.1462 */configuration: caseConfig,[0m
     [36m| [0m[34m|[0m /* 284.1463 */body: callerCancellationAndClientCloseWakeActiveNativeReceiveTestFunc[0m
     [36m| [0m[34m|[0m /* 284.1464 */)[0m
     [36m| [0m[34m|[0m /* 284.1465 */)[0m
     [36m| [0m[34m|[0m /* 284.1466 */[0m
     [36m| [0m[34m|[0m /* 284.1467 */}()[0m
     [36m| [0m[34m|[0m /* 284.1468 */[0m
     [36m| [0m[34m|[0m /* 284.1469 */[0m
     [36m| [0m[34m|[0m /* 284.1470 */{ => let caseConfig = Configuration()[0m
     [36m| [0m[34m|[0m /* 284.1471 */[0m
     [36m| [0m[34m|[0m /* 284.1472 */let anyFamilyRetainsAddressesWhenTheOtherFamilyFailsTestFunc = { => anyFamilyRetainsAddressesWhenTheOtherFamilyFails();() }[0m
     [36m| [0m[34m|[0m /* 284.1473 */suiteBuilder.add([0m
     [36m| [0m[34m|[0m /* 284.1474 */UnitTestCase.create([0m
     [36m| [0m[34m|[0m /* 284.1475 */"anyFamilyRetainsAddressesWhenTheOtherFamilyFails",[0m
     [36m| [0m[34m|[0m /* 284.1476 */configuration: caseConfig,[0m
     [36m| [0m[34m|[0m /* 284.1477 */body: anyFamilyRetainsAddressesWhenTheOtherFamilyFailsTestFunc[0m
     [36m| [0m[34m|[0m /* 284.1478 */)[0m
     [36m| [0m[34m|[0m /* 284.1479 */)[0m
     [36m| [0m[34m|[0m /* 284.1480 */[0m
     [36m| [0m[34m|[0m /* 284.1481 */}()[0m
     [36m| [0m[34m|[0m /* 284.1482 */[0m
     [36m| [0m[34m|[0m /* 284.1483 */[0m
     [36m| [0m[34m|[0m /* 284.1484 */{ => let caseConfig = Configuration()[0m
     [36m| [0m[34m|[0m /* 284.1485 */[0m
     [36m| [0m[34m|[0m /* 284.1486 */let crossFamilyConflictsRetainTheLivePeerAlongsideCachedResultsTestFunc = { => crossFamilyConflictsRetainTheLivePeerAlongsideCachedResults();() }[0m
     [36m| [0m[34m|[0m /* 284.1487 */suiteBuilder.add([0m
     [36m| [0m[34m|[0m /* 284.1488 */UnitTestCase.create([0m
     [36m| [0m[34m|[0m /* 284.1489 */"crossFamilyConflictsRetainTheLivePeerAlongsideCachedResults",[0m
     [36m| [0m[34m|[0m /* 284.1490 */configuration: caseConfig,[0m
     [36m| [0m[34m|[0m /* 284.1491 */body: crossFamilyConflictsRetainTheLivePeerAlongsideCachedResultsTestFunc[0m
     [36m| [0m[34m|[0m /* 284.1492 */)[0m
     [36m| [0m[34m|[0m /* 284.1493 */)[0m
     [36m| [0m[34m|[0m /* 284.1494 */[0m
     [36m| [0m[34m|[0m /* 284.1495 */}()[0m
     [36m| [0m[34m|[0m /* 284.1496 */[0m
     [36m| [0m[34m|[0m /* 284.1497 */[0m
     [36m| [0m[34m|[0m /* 284.1498 */{ => let caseConfig = Configuration()[0m
     [36m| [0m[34m|[0m /* 284.1499 */[0m
     [36m| [0m[34m|[0m /* 284.1500 */let nxdomainInvalidatesVisitedTargetsAndOtherCachedAliasesTestFunc = { => nxdomainInvalidatesVisitedTargetsAndOtherCachedAliases();() }[0m
     [36m| [0m[34m|[0m /* 284.1501 */suiteBuilder.add([0m
     [36m| [0m[34m|[0m /* 284.1502 */UnitTestCase.create([0m
     [36m| [0m[34m|[0m /* 284.1503 */"nxdomainInvalidatesVisitedTargetsAndOtherCachedAliases",[0m
     [36m| [0m[34m|[0m /* 284.1504 */configuration: caseConfig,[0m
     [36m| [0m[34m|[0m /* 284.1505 */body: nxdomainInvalidatesVisitedTargetsAndOtherCachedAliasesTestFunc[0m
     [36m| [0m[34m|[0m /* 284.1506 */)[0m
     [36m| [0m[34m|[0m /* 284.1507 */)[0m
     [36m| [0m[34m|[0m /* 284.1508 */[0m
     [36m| [0m[34m|[0m /* 284.1509 */}()[0m
     [36m| [0m[34m|[0m /* 284.1510 */[0m
     [36m| [0m[34m|[0m /* 284.1511 */[0m
     [36m| [0m[34m|[0m /* 284.1512 */{ => let caseConfig = Configuration()[0m
     [36m| [0m[34m|[0m /* 284.1513 */[0m
     [36m| [0m[34m|[0m /* 284.1514 */let everyNxdomainInvalidatesPreviouslyCachedAddressesTestFunc = { => everyNxdomainInvalidatesPreviouslyCachedAddresses();() }[0m
     [36m| [0m[34m|[0m /* 284.1515 */suiteBuilder.add([0m
     [36m| [0m[34m|[0m /* 284.1516 */UnitTestCase.create([0m
     [36m| [0m[34m|[0m /* 284.1517 */"everyNxdomainInvalidatesPreviouslyCachedAddresses",[0m
     [36m| [0m[34m|[0m /* 284.1518 */configuration: caseConfig,[0m
     [36m| [0m[34m|[0m /* 284.1519 */body: everyNxdomainInvalidatesPreviouslyCachedAddressesTestFunc[0m
     [36m| [0m[34m|[0m /* 284.1520 */)[0m
     [36m| [0m[34m|[0m /* 284.1521 */)[0m
     [36m| [0m[34m|[0m /* 284.1522 */[0m
     [36m| [0m[34m|[0m /* 284.1523 */}()[0m
     [36m| [0m[34m|[0m /* 284.1524 */[0m
     [36m| [0m[34m|[0m /* 284.1525 */[0m
     [36m| [0m[34m|[0m /* 284.1526 */{ => let caseConfig = Configuration()[0m
     [36m| [0m[34m|[0m /* 284.1527 */[0m
     [36m| [0m[34m|[0m /* 284.1528 */let noncacheableNxdomainStopsOtherFamilyQueriesTestFunc = { => noncacheableNxdomainStopsOtherFamilyQueries();() }[0m
     [36m| [0m[34m|[0m /* 284.1529 */suiteBuilder.add([0m
     [36m| [0m[34m|[0m /* 284.1530 */UnitTestCase.create([0m
     [36m| [0m[34m|[0m /* 284.1531 */"noncacheableNxdomainStopsOtherFamilyQueries",[0m
     [36m| [0m[34m|[0m /* 284.1532 */configuration: caseConfig,[0m
     [36m| [0m[34m|[0m /* 284.1533 */body: noncacheableNxdomainStopsOtherFamilyQueriesTestFunc[0m
     [36m| [0m[34m|[0m /* 284.1534 */)[0m
     [36m| [0m[34m|[0m /* 284.1535 */)[0m
     [36m| [0m[34m|[0m /* 284.1536 */[0m
     [36m| [0m[34m|[0m /* 284.1537 */}()[0m
     [36m| [0m[34m|[0m /* 284.1538 */[0m
     [36m| [0m[34m|[0m /* 284.1539 */[0m
     [36m| [0m[34m|[0m /* 284.1540 */{ => let caseConfig = Configuration()[0m
     [36m| [0m[34m|[0m /* 284.1541 */[0m
     [36m| [0m[34m|[0m /* 284.1542 */let nameWideNegativeOverridesEarlierFamilyFailureTestFunc = { => nameWideNegativeOverridesEarlierFamilyFailure();() }[0m
     [36m| [0m[34m|[0m /* 284.1543 */suiteBuilder.add([0m
     [36m| [0m[34m|[0m /* 284.1544 */UnitTestCase.create([0m
     [36m| [0m[34m|[0m /* 284.1545 */"nameWideNegativeOverridesEarlierFamilyFailure",[0m
     [36m| [0m[34m|[0m /* 284.1546 */configuration: caseConfig,[0m
     [36m| [0m[34m|[0m /* 284.1547 */body: nameWideNegativeOverridesEarlierFamilyFailureTestFunc[0m
     [36m| [0m[34m|[0m /* 284.1548 */)[0m
     [36m| [0m[34m|[0m /* 284.1549 */)[0m
     [36m| [0m[34m|[0m /* 284.1550 */[0m
     [36m| [0m[34m|[0m /* 284.1551 */}()[0m
     [36m| [0m[34m|[0m /* 284.1552 */[0m
     [36m| [0m[34m|[0m /* 284.1553 */[0m
     [36m| [0m[34m|[0m /* 284.1554 */{ => let caseConfig = Configuration()[0m
     [36m| [0m[34m|[0m /* 284.1555 */[0m
     [36m| [0m[34m|[0m /* 284.1556 */let boundedAdmissionRejectsExcessAndCloseWakesQueuedCallersTestFunc = { => boundedAdmissionRejectsExcessAndCloseWakesQueuedCallers();() }[0m
     [36m| [0m[34m|[0m /* 284.1557 */suiteBuilder.add([0m
     [36m| [0m[34m|[0m /* 284.1558 */UnitTestCase.create([0m
     [36m| [0m[34m|[0m /* 284.1559 */"boundedAdmissionRejectsExcessAndCloseWakesQueuedCallers",[0m
     [36m| [0m[34m|[0m /* 284.1560 */configuration: caseConfig,[0m
     [36m| [0m[34m|[0m /* 284.1561 */body: boundedAdmissionRejectsExcessAndCloseWakesQueuedCallersTestFunc[0m
     [36m| [0m[34m|[0m /* 284.1562 */)[0m
     [36m| [0m[34m|[0m /* 284.1563 */)[0m
     [36m| [0m[34m|[0m /* 284.1564 */[0m
     [36m| [0m[34m|[0m /* 284.1565 */}()[0m
     [36m| [0m[34m|[0m /* 284.1566 */[0m
     [36m| [0m[34m|[0m /* 284.1567 */return suiteBuilder.build()[0m
     [36m| [0m[34m|[0m /* 284.1568 */}[0m
     [36m| [0m[34m|[0m /* 284.1569 */private func inheritedFromClassAnnotatedByTestTemplate < T >(): TestSuite where T <: TestClass {[0m
     [36m| [0m[34m|[0m /* 284.1570 */throw Exception("Unreachable code")[0m
     [36m| [0m[34m|[0m /* 284.1571 */}[0m
     [36m| [0m[34m|[0m /* 284.1572 */}[0m
     [36m| [0m[34m|[0m /* 284.1573 */[0m
     [36m| [0m[34m|[0m /* 284.1574 */[0m
     [36m| [0m[34m|[0m /* 284.1575 */interface TestPackageExtension_DnsClientWireTest {[0m
     [36m| [0m[34m|[0m /* 284.1576 */func registerDnsClientWireTest(): Unit[0m
     [36m| [0m[34m|[0m /* 284.1577 */}[0m
     [36m| [0m[34m|[0m /* 284.1578 */extend TestPackage <: TestPackageExtension_DnsClientWireTest {[0m
     [36m| [0m[34m|[0m /* 284.1579 */@Attribute[TEST_REGISTER][0m
     [36m| [0m[34m|[0m /* 284.1580 */public func registerDnsClientWireTest() {[0m
     [36m| [0m[34m|[0m /* 284.1581 */registerSuite({ => DnsClientWireTest().asTestSuite() })[0m
     [36m| [0m[34m|[0m /* 284.1582 */}[0m
     [36m| [0m[34m|[0m /* 284.1583 */}[0m
     [36m| [0m[34m|[0m /* 284.1584 */[0m
     [36m| [0m[34m|[0m[34m_[0m[34m_____________^[0m
     [36m| [0m
[34mnote[0m: the warning occurs after the macro is expanded
    [36m==>[0m /home/elliot/playground/Wirestack-pr-worktrees/M8-004-publication/src/net/dns_client_test.cj:284:1:
     [36m| [0m
[36m284[0m  [36m| [0m  @Test[0m
     [36m| [0m [34m_[0m[34m^[0m
[36m285[0m  [36m| [0m[34m|[0m class DnsClientWireTest {[0m
     [36m| [0m[34m|[0m ...[0m
[36m1320[0m [36m| [0m[34m|[0m }[0m
     [36m| [0m[34m|[0m[34m_[0m[34m^[0m
     [36m| [0m

[33mwarning[0m: unreachable block in 'if' expression
    [36m| [0m
    [36m| [0m  /* 8.425 */                if(e is AssertIntermediateException) {[0m
    [36m| [0m [33m_[0m[33m________________________________________________________________^[0m
    [36m| [0m[33m|[0m /* 8.426 */                    throw e[0m
    [36m| [0m[33m|[0m /* 8.427 */                }[0m
    [36m| [0m[33m|[0m[33m_[0m[33m___________________________^ unreachable block in 'if' expression[0m
    [36m| [0m
    [36m#[0m [0mnote[0m: this warning can be suppressed by setting the compiler option `-Woff unused`
[34mnote[0m: the warning occurs after the macro is expanded
   [36m==>[0m /home/elliot/playground/Wirestack-pr-worktrees/M8-004-publication/src/net/dns_wire_test.cj:8:1:
    [36m| [0m
[36m8[0m   [36m| [0m  @Test[0m
    [36m| [0m [34m_[0m[34m^[0m
[36m9[0m   [36m| [0m[34m|[0m class DnsWireParserTest {[0m
    [36m| [0m[34m|[0m ...[0m
[36m305[0m [36m| [0m[34m|[0m }[0m
    [36m| [0m[34m|[0m[34m_[0m[34m^[0m
    [36m| [0m

[33mwarning[0m: unreachable block in 'if' expression
    [36m| [0m
    [36m| [0m  /* 284.149 */                    if(e is AssertIntermediateException) {[0m
    [36m| [0m [33m_[0m[33m______________________________________________________________________^[0m
    [36m| [0m[33m|[0m /* 284.150 */                        throw e[0m
    [36m| [0m[33m|[0m /* 284.151 */                    }[0m
    [36m| [0m[33m|[0m[33m_[0m[33m_________________________________^ unreachable block in 'if' expression[0m
    [36m| [0m
    [36m#[0m [0mnote[0m: this warning can be suppressed by setting the compiler option `-Woff unused`
[34mnote[0m: the warning occurs after the macro is expanded
    [36m==>[0m /home/elliot/playground/Wirestack-pr-worktrees/M8-004-publication/src/net/dns_client_test.cj:284:1:
     [36m| [0m
[36m284[0m  [36m| [0m  @Test[0m
     [36m| [0m [34m_[0m[34m^[0m
[36m285[0m  [36m| [0m[34m|[0m class DnsClientWireTest {[0m
     [36m| [0m[34m|[0m ...[0m
[36m1320[0m [36m| [0m[34m|[0m }[0m
     [36m| [0m[34m|[0m[34m_[0m[34m^[0m
     [36m| [0m

[33mwarning[0m: unreachable block in 'if' expression
    [36m| [0m
    [36m| [0m  /* 8.428 */                if(e is UnittestTimeoutException) {[0m
    [36m| [0m [33m_[0m[33m_____________________________________________________________^[0m
    [36m| [0m[33m|[0m /* 8.429 */                    throw e[0m
    [36m| [0m[33m|[0m /* 8.430 */                }[0m
    [36m| [0m[33m|[0m[33m_[0m[33m___________________________^ unreachable block in 'if' expression[0m
    [36m| [0m
    [36m#[0m [0mnote[0m: this warning can be suppressed by setting the compiler option `-Woff unused`
[34mnote[0m: the warning occurs after the macro is expanded
   [36m==>[0m /home/elliot/playground/Wirestack-pr-worktrees/M8-004-publication/src/net/dns_wire_test.cj:8:1:
    [36m| [0m
[36m8[0m   [36m| [0m  @Test[0m
    [36m| [0m [34m_[0m[34m^[0m
[36m9[0m   [36m| [0m[34m|[0m class DnsWireParserTest {[0m
    [36m| [0m[34m|[0m ...[0m
[36m305[0m [36m| [0m[34m|[0m }[0m
    [36m| [0m[34m|[0m[34m_[0m[34m^[0m
    [36m| [0m

[33mwarning[0m: unreachable block in 'if' expression
    [36m| [0m
    [36m| [0m  /* 284.152 */                    if(e is UnittestTimeoutException) {[0m
    [36m| [0m [33m_[0m[33m___________________________________________________________________^[0m
    [36m| [0m[33m|[0m /* 284.153 */                        throw e[0m
    [36m| [0m[33m|[0m /* 284.154 */                    }[0m
    [36m| [0m[33m|[0m[33m_[0m[33m_________________________________^ unreachable block in 'if' expression[0m
    [36m| [0m
    [36m#[0m [0mnote[0m: this warning can be suppressed by setting the compiler option `-Woff unused`
[34mnote[0m: the warning occurs after the macro is expanded
    [36m==>[0m /home/elliot/playground/Wirestack-pr-worktrees/M8-004-publication/src/net/dns_client_test.cj:284:1:
     [36m| [0m
[36m284[0m  [36m| [0m  @Test[0m
     [36m| [0m [34m_[0m[34m^[0m
[36m285[0m  [36m| [0m[34m|[0m class DnsClientWireTest {[0m
     [36m| [0m[34m|[0m ...[0m
[36m1320[0m [36m| [0m[34m|[0m }[0m
     [36m| [0m[34m|[0m[34m_[0m[34m^[0m
     [36m| [0m

[33mwarning[0m: unreachable block in 'if' expression
    [36m| [0m
    [36m| [0m  /* 8.446 */                if(e is AssertException) {[0m
    [36m| [0m [33m_[0m[33m____________________________________________________^[0m
    [36m| [0m[33m|[0m /* 8.447 */                    throw e[0m
    [36m| [0m[33m|[0m /* 8.448 */                }[0m
    [36m| [0m[33m|[0m[33m_[0m[33m___________________________^ unreachable block in 'if' expression[0m
    [36m| [0m
    [36m#[0m [0mnote[0m: this warning can be suppressed by setting the compiler option `-Woff unused`
[34mnote[0m: the warning occurs after the macro is expanded
   [36m==>[0m /home/elliot/playground/Wirestack-pr-worktrees/M8-004-publication/src/net/dns_wire_test.cj:8:1:
    [36m| [0m
[36m8[0m   [36m| [0m  @Test[0m
    [36m| [0m [34m_[0m[34m^[0m
[36m9[0m   [36m| [0m[34m|[0m class DnsWireParserTest {[0m
    [36m| [0m[34m|[0m ...[0m
[36m305[0m [36m| [0m[34m|[0m }[0m
    [36m| [0m[34m|[0m[34m_[0m[34m^[0m
    [36m| [0m

[33mwarning[0m: unreachable block in 'if' expression
    [36m| [0m
    [36m| [0m  /* 8.449 */                if(e is AssertIntermediateException) {[0m
    [36m| [0m [33m_[0m[33m________________________________________________________________^[0m
    [36m| [0m[33m|[0m /* 8.450 */                    throw e[0m
    [36m| [0m[33m|[0m /* 8.451 */                }[0m
    [36m| [0m[33m|[0m[33m_[0m[33m___________________________^ unreachable block in 'if' expression[0m
    [36m| [0m
    [36m#[0m [0mnote[0m: this warning can be suppressed by setting the compiler option `-Woff unused`
[34mnote[0m: the warning occurs after the macro is expanded
   [36m==>[0m /home/elliot/playground/Wirestack-pr-worktrees/M8-004-publication/src/net/dns_wire_test.cj:8:1:
    [36m| [0m
[36m8[0m   [36m| [0m  @Test[0m
    [36m| [0m [34m_[0m[34m^[0m
[36m9[0m   [36m| [0m[34m|[0m class DnsWireParserTest {[0m
    [36m| [0m[34m|[0m ...[0m
[36m305[0m [36m| [0m[34m|[0m }[0m
    [36m| [0m[34m|[0m[34m_[0m[34m^[0m
    [36m| [0m

[33mwarning[0m: unreachable block in 'if' expression
    [36m| [0m
    [36m| [0m  /* 8.452 */                if(e is UnittestTimeoutException) {[0m
    [36m| [0m [33m_[0m[33m_____________________________________________________________^[0m
    [36m| [0m[33m|[0m /* 8.453 */                    throw e[0m
    [36m| [0m[33m|[0m /* 8.454 */                }[0m
    [36m| [0m[33m|[0m[33m_[0m[33m___________________________^ unreachable block in 'if' expression[0m
    [36m| [0m
    [36m#[0m [0mnote[0m: this warning can be suppressed by setting the compiler option `-Woff unused`
[34mnote[0m: the warning occurs after the macro is expanded
   [36m==>[0m /home/elliot/playground/Wirestack-pr-worktrees/M8-004-publication/src/net/dns_wire_test.cj:8:1:
    [36m| [0m
[36m8[0m   [36m| [0m  @Test[0m
    [36m| [0m [34m_[0m[34m^[0m
[36m9[0m   [36m| [0m[34m|[0m class DnsWireParserTest {[0m
    [36m| [0m[34m|[0m ...[0m
[36m305[0m [36m| [0m[34m|[0m }[0m
    [36m| [0m[34m|[0m[34m_[0m[34m^[0m
    [36m| [0m

[33mwarning[0m: unreachable block in 'if' expression
    [36m| [0m
    [36m| [0m  /* 8.472 */                if(e is AssertException) {[0m
    [36m| [0m [33m_[0m[33m____________________________________________________^[0m
    [36m| [0m[33m|[0m /* 8.473 */                    throw e[0m
    [36m| [0m[33m|[0m /* 8.474 */                }[0m
    [36m| [0m[33m|[0m[33m_[0m[33m___________________________^ unreachable block in 'if' expression[0m
    [36m| [0m
    [36m#[0m [0mnote[0m: this warning can be suppressed by setting the compiler option `-Woff unused`
[34mnote[0m: the warning occurs after the macro is expanded
   [36m==>[0m /home/elliot/playground/Wirestack-pr-worktrees/M8-004-publication/src/net/dns_wire_test.cj:8:1:
    [36m| [0m
[36m8[0m   [36m| [0m  @Test[0m
    [36m| [0m [34m_[0m[34m^[0m
[36m9[0m   [36m| [0m[34m|[0m class DnsWireParserTest {[0m
    [36m| [0m[34m|[0m ...[0m
[36m305[0m [36m| [0m[34m|[0m }[0m
    [36m| [0m[34m|[0m[34m_[0m[34m^[0m
    [36m| [0m

[33mwarning[0m: unreachable block in 'if' expression
    [36m| [0m
    [36m| [0m  /* 8.475 */                if(e is AssertIntermediateException) {[0m
    [36m| [0m [33m_[0m[33m________________________________________________________________^[0m
    [36m| [0m[33m|[0m /* 8.476 */                    throw e[0m
    [36m| [0m[33m|[0m /* 8.477 */                }[0m
    [36m| [0m[33m|[0m[33m_[0m[33m___________________________^ unreachable block in 'if' expression[0m
    [36m| [0m
    [36m#[0m [0mnote[0m: this warning can be suppressed by setting the compiler option `-Woff unused`
[34mnote[0m: the warning occurs after the macro is expanded
   [36m==>[0m /home/elliot/playground/Wirestack-pr-worktrees/M8-004-publication/src/net/dns_wire_test.cj:8:1:
    [36m| [0m
[36m8[0m   [36m| [0m  @Test[0m
    [36m| [0m [34m_[0m[34m^[0m
[36m9[0m   [36m| [0m[34m|[0m class DnsWireParserTest {[0m
    [36m| [0m[34m|[0m ...[0m
[36m305[0m [36m| [0m[34m|[0m }[0m
    [36m| [0m[34m|[0m[34m_[0m[34m^[0m
    [36m| [0m

[33mwarning[0m: unreachable block in 'if' expression
    [36m| [0m
    [36m| [0m  /* 8.478 */                if(e is UnittestTimeoutException) {[0m
    [36m| [0m [33m_[0m[33m_____________________________________________________________^[0m
    [36m| [0m[33m|[0m /* 8.479 */                    throw e[0m
    [36m| [0m[33m|[0m /* 8.480 */                }[0m
    [36m| [0m[33m|[0m[33m_[0m[33m___________________________^ unreachable block in 'if' expression[0m
    [36m| [0m
    [36m#[0m [0mnote[0m: this warning can be suppressed by setting the compiler option `-Woff unused`
[34mnote[0m: the warning occurs after the macro is expanded
   [36m==>[0m /home/elliot/playground/Wirestack-pr-worktrees/M8-004-publication/src/net/dns_wire_test.cj:8:1:
    [36m| [0m
[36m8[0m   [36m| [0m  @Test[0m
    [36m| [0m [34m_[0m[34m^[0m
[36m9[0m   [36m| [0m[34m|[0m class DnsWireParserTest {[0m
    [36m| [0m[34m|[0m ...[0m
[36m305[0m [36m| [0m[34m|[0m }[0m
    [36m| [0m[34m|[0m[34m_[0m[34m^[0m
    [36m| [0m

[33mwarning[0m: unreachable block in 'if' expression
    [36m| [0m
    [36m| [0m  /* 8.503 */                if(e is AssertException) {[0m
    [36m| [0m [33m_[0m[33m____________________________________________________^[0m
    [36m| [0m[33m|[0m /* 8.504 */                    throw e[0m
    [36m| [0m[33m|[0m /* 8.505 */                }[0m
    [36m| [0m[33m|[0m[33m_[0m[33m___________________________^ unreachable block in 'if' expression[0m
    [36m| [0m
    [36m#[0m [0mnote[0m: this warning can be suppressed by setting the compiler option `-Woff unused`
[34mnote[0m: the warning occurs after the macro is expanded
   [36m==>[0m /home/elliot/playground/Wirestack-pr-worktrees/M8-004-publication/src/net/dns_wire_test.cj:8:1:
    [36m| [0m
[36m8[0m   [36m| [0m  @Test[0m
    [36m| [0m [34m_[0m[34m^[0m
[36m9[0m   [36m| [0m[34m|[0m class DnsWireParserTest {[0m
    [36m| [0m[34m|[0m ...[0m
[36m305[0m [36m| [0m[34m|[0m }[0m
    [36m| [0m[34m|[0m[34m_[0m[34m^[0m
    [36m| [0m

[33mwarning[0m: unreachable block in 'if' expression
    [36m| [0m
    [36m| [0m  /* 8.506 */                if(e is AssertIntermediateException) {[0m
    [36m| [0m [33m_[0m[33m________________________________________________________________^[0m
    [36m| [0m[33m|[0m /* 8.507 */                    throw e[0m
    [36m| [0m[33m|[0m /* 8.508 */                }[0m
    [36m| [0m[33m|[0m[33m_[0m[33m___________________________^ unreachable block in 'if' expression[0m
    [36m| [0m
    [36m#[0m [0mnote[0m: this warning can be suppressed by setting the compiler option `-Woff unused`
[34mnote[0m: the warning occurs after the macro is expanded
   [36m==>[0m /home/elliot/playground/Wirestack-pr-worktrees/M8-004-publication/src/net/dns_wire_test.cj:8:1:
    [36m| [0m
[36m8[0m   [36m| [0m  @Test[0m
    [36m| [0m [34m_[0m[34m^[0m
[36m9[0m   [36m| [0m[34m|[0m class DnsWireParserTest {[0m
    [36m| [0m[34m|[0m ...[0m
[36m305[0m [36m| [0m[34m|[0m }[0m
    [36m| [0m[34m|[0m[34m_[0m[34m^[0m
    [36m| [0m

[33mwarning[0m: unreachable block in 'if' expression
    [36m| [0m
    [36m| [0m  /* 8.509 */                if(e is UnittestTimeoutException) {[0m
    [36m| [0m [33m_[0m[33m_____________________________________________________________^[0m
    [36m| [0m[33m|[0m /* 8.510 */                    throw e[0m
    [36m| [0m[33m|[0m /* 8.511 */                }[0m
    [36m| [0m[33m|[0m[33m_[0m[33m___________________________^ unreachable block in 'if' expression[0m
    [36m| [0m
    [36m#[0m [0mnote[0m: this warning can be suppressed by setting the compiler option `-Woff unused`
[34mnote[0m: the warning occurs after the macro is expanded
   [36m==>[0m /home/elliot/playground/Wirestack-pr-worktrees/M8-004-publication/src/net/dns_wire_test.cj:8:1:
    [36m| [0m
[36m8[0m   [36m| [0m  @Test[0m
    [36m| [0m [34m_[0m[34m^[0m
[36m9[0m   [36m| [0m[34m|[0m class DnsWireParserTest {[0m
    [36m| [0m[34m|[0m ...[0m
[36m305[0m [36m| [0m[34m|[0m }[0m
    [36m| [0m[34m|[0m[34m_[0m[34m^[0m
    [36m| [0m

[33mwarning[0m: unreachable block in 'if' expression
    [36m| [0m
    [36m| [0m  /* 8.533 */                    if(e is AssertException) {[0m
    [36m| [0m [33m_[0m[33m________________________________________________________^[0m
    [36m| [0m[33m|[0m /* 8.534 */                        throw e[0m
    [36m| [0m[33m|[0m /* 8.535 */                    }[0m
    [36m| [0m[33m|[0m[33m_[0m[33m_______________________________^ unreachable block in 'if' expression[0m
    [36m| [0m
    [36m#[0m [0mnote[0m: this warning can be suppressed by setting the compiler option `-Woff unused`
[34mnote[0m: the warning occurs after the macro is expanded
   [36m==>[0m /home/elliot/playground/Wirestack-pr-worktrees/M8-004-publication/src/net/dns_wire_test.cj:8:1:
    [36m| [0m
[36m8[0m   [36m| [0m  @Test[0m
    [36m| [0m [34m_[0m[34m^[0m
[36m9[0m   [36m| [0m[34m|[0m class DnsWireParserTest {[0m
    [36m| [0m[34m|[0m ...[0m
[36m305[0m [36m| [0m[34m|[0m }[0m
    [36m| [0m[34m|[0m[34m_[0m[34m^[0m
    [36m| [0m

[33mwarning[0m: unreachable block in 'if' expression
    [36m| [0m
    [36m| [0m  /* 8.536 */                    if(e is AssertIntermediateException) {[0m
    [36m| [0m [33m_[0m[33m____________________________________________________________________^[0m
    [36m| [0m[33m|[0m /* 8.537 */                        throw e[0m
    [36m| [0m[33m|[0m /* 8.538 */                    }[0m
    [36m| [0m[33m|[0m[33m_[0m[33m_______________________________^ unreachable block in 'if' expression[0m
    [36m| [0m
    [36m#[0m [0mnote[0m: this warning can be suppressed by setting the compiler option `-Woff unused`
[34mnote[0m: the warning occurs after the macro is expanded
   [36m==>[0m /home/elliot/playground/Wirestack-pr-worktrees/M8-004-publication/src/net/dns_wire_test.cj:8:1:
    [36m| [0m
[36m8[0m   [36m| [0m  @Test[0m
    [36m| [0m [34m_[0m[34m^[0m
[36m9[0m   [36m| [0m[34m|[0m class DnsWireParserTest {[0m
    [36m| [0m[34m|[0m ...[0m
[36m305[0m [36m| [0m[34m|[0m }[0m
    [36m| [0m[34m|[0m[34m_[0m[34m^[0m
    [36m| [0m

[33mwarning[0m: unreachable block in 'if' expression
    [36m| [0m
    [36m| [0m  /* 8.539 */                    if(e is UnittestTimeoutException) {[0m
    [36m| [0m [33m_[0m[33m_________________________________________________________________^[0m
    [36m| [0m[33m|[0m /* 8.540 */                        throw e[0m
    [36m| [0m[33m|[0m /* 8.541 */                    }[0m
    [36m| [0m[33m|[0m[33m_[0m[33m_______________________________^ unreachable block in 'if' expression[0m
    [36m| [0m
    [36m#[0m [0mnote[0m: this warning can be suppressed by setting the compiler option `-Woff unused`
[34mnote[0m: the warning occurs after the macro is expanded
   [36m==>[0m /home/elliot/playground/Wirestack-pr-worktrees/M8-004-publication/src/net/dns_wire_test.cj:8:1:
    [36m| [0m
[36m8[0m   [36m| [0m  @Test[0m
    [36m| [0m [34m_[0m[34m^[0m
[36m9[0m   [36m| [0m[34m|[0m class DnsWireParserTest {[0m
    [36m| [0m[34m|[0m ...[0m
[36m305[0m [36m| [0m[34m|[0m }[0m
    [36m| [0m[34m|[0m[34m_[0m[34m^[0m
    [36m| [0m

[33mwarning[0m: unreachable block in 'if' expression
    [36m| [0m
    [36m| [0m  /* 284.275 */                    if(e is AssertException) {[0m
    [36m| [0m [33m_[0m[33m__________________________________________________________^[0m
    [36m| [0m[33m|[0m /* 284.276 */                        throw e[0m
    [36m| [0m[33m|[0m /* 284.277 */                    }[0m
    [36m| [0m[33m|[0m[33m_[0m[33m_________________________________^ unreachable block in 'if' expression[0m
    [36m| [0m
    [36m#[0m [0mnote[0m: this warning can be suppressed by setting the compiler option `-Woff unused`
[34mnote[0m: the warning occurs after the macro is expanded
    [36m==>[0m /home/elliot/playground/Wirestack-pr-worktrees/M8-004-publication/src/net/dns_client_test.cj:284:1:
     [36m| [0m
[36m284[0m  [36m| [0m  @Test[0m
     [36m| [0m [34m_[0m[34m^[0m
[36m285[0m  [36m| [0m[34m|[0m class DnsClientWireTest {[0m
     [36m| [0m[34m|[0m ...[0m
[36m1320[0m [36m| [0m[34m|[0m }[0m
     [36m| [0m[34m|[0m[34m_[0m[34m^[0m
     [36m| [0m

[33mwarning[0m: unreachable block in 'if' expression
    [36m| [0m
    [36m| [0m  /* 284.278 */                    if(e is AssertIntermediateException) {[0m
    [36m| [0m [33m_[0m[33m______________________________________________________________________^[0m
    [36m| [0m[33m|[0m /* 284.279 */                        throw e[0m
    [36m| [0m[33m|[0m /* 284.280 */                    }[0m
    [36m| [0m[33m|[0m[33m_[0m[33m_________________________________^ unreachable block in 'if' expression[0m
    [36m| [0m
    [36m#[0m [0mnote[0m: this warning can be suppressed by setting the compiler option `-Woff unused`
[34mnote[0m: the warning occurs after the macro is expanded
    [36m==>[0m /home/elliot/playground/Wirestack-pr-worktrees/M8-004-publication/src/net/dns_client_test.cj:284:1:
     [36m| [0m
[36m284[0m  [36m| [0m  @Test[0m
     [36m| [0m [34m_[0m[34m^[0m
[36m285[0m  [36m| [0m[34m|[0m class DnsClientWireTest {[0m
     [36m| [0m[34m|[0m ...[0m
[36m1320[0m [36m| [0m[34m|[0m }[0m
     [36m| [0m[34m|[0m[34m_[0m[34m^[0m
     [36m| [0m

[33mwarning[0m: unreachable block in 'if' expression
    [36m| [0m
    [36m| [0m  /* 284.281 */                    if(e is UnittestTimeoutException) {[0m
    [36m| [0m [33m_[0m[33m___________________________________________________________________^[0m
    [36m| [0m[33m|[0m /* 284.282 */                        throw e[0m
    [36m| [0m[33m|[0m /* 284.283 */                    }[0m
    [36m| [0m[33m|[0m[33m_[0m[33m_________________________________^ unreachable block in 'if' expression[0m
    [36m| [0m
    [36m#[0m [0mnote[0m: this warning can be suppressed by setting the compiler option `-Woff unused`
[34mnote[0m: the warning occurs after the macro is expanded
    [36m==>[0m /home/elliot/playground/Wirestack-pr-worktrees/M8-004-publication/src/net/dns_client_test.cj:284:1:
     [36m| [0m
[36m284[0m  [36m| [0m  @Test[0m
     [36m| [0m [34m_[0m[34m^[0m
[36m285[0m  [36m| [0m[34m|[0m class DnsClientWireTest {[0m
     [36m| [0m[34m|[0m ...[0m
[36m1320[0m [36m| [0m[34m|[0m }[0m
     [36m| [0m[34m|[0m[34m_[0m[34m^[0m
     [36m| [0m

[33mwarning[0m: unreachable block in 'if' expression
    [36m| [0m
    [36m| [0m  /* 8.564 */                if(e is AssertException) {[0m
    [36m| [0m [33m_[0m[33m____________________________________________________^[0m
    [36m| [0m[33m|[0m /* 8.565 */                    throw e[0m
    [36m| [0m[33m|[0m /* 8.566 */                }[0m
    [36m| [0m[33m|[0m[33m_[0m[33m___________________________^ unreachable block in 'if' expression[0m
    [36m| [0m
    [36m#[0m [0mnote[0m: this warning can be suppressed by setting the compiler option `-Woff unused`
[34mnote[0m: the warning occurs after the macro is expanded
   [36m==>[0m /home/elliot/playground/Wirestack-pr-worktrees/M8-004-publication/src/net/dns_wire_test.cj:8:1:
    [36m| [0m
[36m8[0m   [36m| [0m  @Test[0m
    [36m| [0m [34m_[0m[34m^[0m
[36m9[0m   [36m| [0m[34m|[0m class DnsWireParserTest {[0m
    [36m| [0m[34m|[0m ...[0m
[36m305[0m [36m| [0m[34m|[0m }[0m
    [36m| [0m[34m|[0m[34m_[0m[34m^[0m
    [36m| [0m

[33mwarning[0m: unreachable block in 'if' expression
    [36m| [0m
    [36m| [0m  /* 8.567 */                if(e is AssertIntermediateException) {[0m
    [36m| [0m [33m_[0m[33m________________________________________________________________^[0m
    [36m| [0m[33m|[0m /* 8.568 */                    throw e[0m
    [36m| [0m[33m|[0m /* 8.569 */                }[0m
    [36m| [0m[33m|[0m[33m_[0m[33m___________________________^ unreachable block in 'if' expression[0m
    [36m| [0m
    [36m#[0m [0mnote[0m: this warning can be suppressed by setting the compiler option `-Woff unused`
[34mnote[0m: the warning occurs after the macro is expanded
   [36m==>[0m /home/elliot/playground/Wirestack-pr-worktrees/M8-004-publication/src/net/dns_wire_test.cj:8:1:
    [36m| [0m
[36m8[0m   [36m| [0m  @Test[0m
    [36m| [0m [34m_[0m[34m^[0m
[36m9[0m   [36m| [0m[34m|[0m class DnsWireParserTest {[0m
    [36m| [0m[34m|[0m ...[0m
[36m305[0m [36m| [0m[34m|[0m }[0m
    [36m| [0m[34m|[0m[34m_[0m[34m^[0m
    [36m| [0m

[33mwarning[0m: unreachable block in 'if' expression
    [36m| [0m
    [36m| [0m  /* 8.570 */                if(e is UnittestTimeoutException) {[0m
    [36m| [0m [33m_[0m[33m_____________________________________________________________^[0m
    [36m| [0m[33m|[0m /* 8.571 */                    throw e[0m
    [36m| [0m[33m|[0m /* 8.572 */                }[0m
    [36m| [0m[33m|[0m[33m_[0m[33m___________________________^ unreachable block in 'if' expression[0m
    [36m| [0m
    [36m#[0m [0mnote[0m: this warning can be suppressed by setting the compiler option `-Woff unused`
[34mnote[0m: the warning occurs after the macro is expanded
   [36m==>[0m /home/elliot/playground/Wirestack-pr-worktrees/M8-004-publication/src/net/dns_wire_test.cj:8:1:
    [36m| [0m
[36m8[0m   [36m| [0m  @Test[0m
    [36m| [0m [34m_[0m[34m^[0m
[36m9[0m   [36m| [0m[34m|[0m class DnsWireParserTest {[0m
    [36m| [0m[34m|[0m ...[0m
[36m305[0m [36m| [0m[34m|[0m }[0m
    [36m| [0m[34m|[0m[34m_[0m[34m^[0m
    [36m| [0m

[33mwarning[0m: unreachable block in 'if' expression
    [36m| [0m
    [36m| [0m  /* 8.591 */                if(e is AssertException) {[0m
    [36m| [0m [33m_[0m[33m____________________________________________________^[0m
    [36m| [0m[33m|[0m /* 8.592 */                    throw e[0m
    [36m| [0m[33m|[0m /* 8.593 */                }[0m
    [36m| [0m[33m|[0m[33m_[0m[33m___________________________^ unreachable block in 'if' expression[0m
    [36m| [0m
    [36m#[0m [0mnote[0m: this warning can be suppressed by setting the compiler option `-Woff unused`
[34mnote[0m: the warning occurs after the macro is expanded
   [36m==>[0m /home/elliot/playground/Wirestack-pr-worktrees/M8-004-publication/src/net/dns_wire_test.cj:8:1:
    [36m| [0m
[36m8[0m   [36m| [0m  @Test[0m
    [36m| [0m [34m_[0m[34m^[0m
[36m9[0m   [36m| [0m[34m|[0m class DnsWireParserTest {[0m
    [36m| [0m[34m|[0m ...[0m
[36m305[0m [36m| [0m[34m|[0m }[0m
    [36m| [0m[34m|[0m[34m_[0m[34m^[0m
    [36m| [0m

[33mwarning[0m: unreachable block in 'if' expression
    [36m| [0m
    [36m| [0m  /* 8.594 */                if(e is AssertIntermediateException) {[0m
    [36m| [0m [33m_[0m[33m________________________________________________________________^[0m
    [36m| [0m[33m|[0m /* 8.595 */                    throw e[0m
    [36m| [0m[33m|[0m /* 8.596 */                }[0m
    [36m| [0m[33m|[0m[33m_[0m[33m___________________________^ unreachable block in 'if' expression[0m
    [36m| [0m
    [36m#[0m [0mnote[0m: this warning can be suppressed by setting the compiler option `-Woff unused`
[34mnote[0m: the warning occurs after the macro is expanded
   [36m==>[0m /home/elliot/playground/Wirestack-pr-worktrees/M8-004-publication/src/net/dns_wire_test.cj:8:1:
    [36m| [0m
[36m8[0m   [36m| [0m  @Test[0m
    [36m| [0m [34m_[0m[34m^[0m
[36m9[0m   [36m| [0m[34m|[0m class DnsWireParserTest {[0m
    [36m| [0m[34m|[0m ...[0m
[36m305[0m [36m| [0m[34m|[0m }[0m
    [36m| [0m[34m|[0m[34m_[0m[34m^[0m
    [36m| [0m

[33mwarning[0m: unreachable block in 'if' expression
    [36m| [0m
    [36m| [0m  /* 284.321 */                    if(e is AssertException) {[0m
    [36m| [0m [33m_[0m[33m__________________________________________________________^[0m
    [36m| [0m[33m|[0m /* 284.322 */                        throw e[0m
    [36m| [0m[33m|[0m /* 284.323 */                    }[0m
    [36m| [0m[33m|[0m[33m_[0m[33m_________________________________^ unreachable block in 'if' expression[0m
    [36m| [0m
    [36m#[0m [0mnote[0m: this warning can be suppressed by setting the compiler option `-Woff unused`
[34mnote[0m: the warning occurs after the macro is expanded
    [36m==>[0m /home/elliot/playground/Wirestack-pr-worktrees/M8-004-publication/src/net/dns_client_test.cj:284:1:
     [36m| [0m
[36m284[0m  [36m| [0m  @Test[0m
     [36m| [0m [34m_[0m[34m^[0m
[36m285[0m  [36m| [0m[34m|[0m class DnsClientWireTest {[0m
     [36m| [0m[34m|[0m ...[0m
[36m1320[0m [36m| [0m[34m|[0m }[0m
     [36m| [0m[34m|[0m[34m_[0m[34m^[0m
     [36m| [0m

[33mwarning[0m: unreachable block in 'if' expression
    [36m| [0m
    [36m| [0m  /* 8.597 */                if(e is UnittestTimeoutException) {[0m
    [36m| [0m [33m_[0m[33m_____________________________________________________________^[0m
    [36m| [0m[33m|[0m /* 8.598 */                    throw e[0m
    [36m| [0m[33m|[0m /* 8.599 */                }[0m
    [36m| [0m[33m|[0m[33m_[0m[33m___________________________^ unreachable block in 'if' expression[0m
    [36m| [0m
    [36m#[0m [0mnote[0m: this warning can be suppressed by setting the compiler option `-Woff unused`
[34mnote[0m: the warning occurs after the macro is expanded
   [36m==>[0m /home/elliot/playground/Wirestack-pr-worktrees/M8-004-publication/src/net/dns_wire_test.cj:8:1:
    [36m| [0m
[36m8[0m   [36m| [0m  @Test[0m
    [36m| [0m [34m_[0m[34m^[0m
[36m9[0m   [36m| [0m[34m|[0m class DnsWireParserTest {[0m
    [36m| [0m[34m|[0m ...[0m
[36m305[0m [36m| [0m[34m|[0m }[0m
    [36m| [0m[34m|[0m[34m_[0m[34m^[0m
    [36m| [0m

[33mwarning[0m: unreachable block in 'if' expression
    [36m| [0m
    [36m| [0m  /* 284.324 */                    if(e is AssertIntermediateException) {[0m
    [36m| [0m [33m_[0m[33m______________________________________________________________________^[0m
    [36m| [0m[33m|[0m /* 284.325 */                        throw e[0m
    [36m| [0m[33m|[0m /* 284.326 */                    }[0m
    [36m| [0m[33m|[0m[33m_[0m[33m_________________________________^ unreachable block in 'if' expression[0m
    [36m| [0m
    [36m#[0m [0mnote[0m: this warning can be suppressed by setting the compiler option `-Woff unused`
[34mnote[0m: the warning occurs after the macro is expanded
    [36m==>[0m /home/elliot/playground/Wirestack-pr-worktrees/M8-004-publication/src/net/dns_client_test.cj:284:1:
     [36m| [0m
[36m284[0m  [36m| [0m  @Test[0m
     [36m| [0m [34m_[0m[34m^[0m
[36m285[0m  [36m| [0m[34m|[0m class DnsClientWireTest {[0m
     [36m| [0m[34m|[0m ...[0m
[36m1320[0m [36m| [0m[34m|[0m }[0m
     [36m| [0m[34m|[0m[34m_[0m[34m^[0m
     [36m| [0m

[33mwarning[0m: unreachable block in 'if' expression
    [36m| [0m
    [36m| [0m  /* 284.327 */                    if(e is UnittestTimeoutException) {[0m
    [36m| [0m [33m_[0m[33m___________________________________________________________________^[0m
    [36m| [0m[33m|[0m /* 284.328 */                        throw e[0m
    [36m| [0m[33m|[0m /* 284.329 */                    }[0m
    [36m| [0m[33m|[0m[33m_[0m[33m_________________________________^ unreachable block in 'if' expression[0m
    [36m| [0m
    [36m#[0m [0mnote[0m: this warning can be suppressed by setting the compiler option `-Woff unused`
[34mnote[0m: the warning occurs after the macro is expanded
    [36m==>[0m /home/elliot/playground/Wirestack-pr-worktrees/M8-004-publication/src/net/dns_client_test.cj:284:1:
     [36m| [0m
[36m284[0m  [36m| [0m  @Test[0m
     [36m| [0m [34m_[0m[34m^[0m
[36m285[0m  [36m| [0m[34m|[0m class DnsClientWireTest {[0m
     [36m| [0m[34m|[0m ...[0m
[36m1320[0m [36m| [0m[34m|[0m }[0m
     [36m| [0m[34m|[0m[34m_[0m[34m^[0m
     [36m| [0m

[33mwarning[0m: unreachable block in 'if' expression
    [36m| [0m
    [36m| [0m  /* 8.621 */                if(e is AssertException) {[0m
    [36m| [0m [33m_[0m[33m____________________________________________________^[0m
    [36m| [0m[33m|[0m /* 8.622 */                    throw e[0m
    [36m| [0m[33m|[0m /* 8.623 */                }[0m
    [36m| [0m[33m|[0m[33m_[0m[33m___________________________^ unreachable block in 'if' expression[0m
    [36m| [0m
    [36m#[0m [0mnote[0m: this warning can be suppressed by setting the compiler option `-Woff unused`
[34mnote[0m: the warning occurs after the macro is expanded
   [36m==>[0m /home/elliot/playground/Wirestack-pr-worktrees/M8-004-publication/src/net/dns_wire_test.cj:8:1:
    [36m| [0m
[36m8[0m   [36m| [0m  @Test[0m
    [36m| [0m [34m_[0m[34m^[0m
[36m9[0m   [36m| [0m[34m|[0m class DnsWireParserTest {[0m
    [36m| [0m[34m|[0m ...[0m
[36m305[0m [36m| [0m[34m|[0m }[0m
    [36m| [0m[34m|[0m[34m_[0m[34m^[0m
    [36m| [0m

[33mwarning[0m: unreachable block in 'if' expression
    [36m| [0m
    [36m| [0m  /* 8.624 */                if(e is AssertIntermediateException) {[0m
    [36m| [0m [33m_[0m[33m________________________________________________________________^[0m
    [36m| [0m[33m|[0m /* 8.625 */                    throw e[0m
    [36m| [0m[33m|[0m /* 8.626 */                }[0m
    [36m| [0m[33m|[0m[33m_[0m[33m___________________________^ unreachable block in 'if' expression[0m
    [36m| [0m
    [36m#[0m [0mnote[0m: this warning can be suppressed by setting the compiler option `-Woff unused`
[34mnote[0m: the warning occurs after the macro is expanded
   [36m==>[0m /home/elliot/playground/Wirestack-pr-worktrees/M8-004-publication/src/net/dns_wire_test.cj:8:1:
    [36m| [0m
[36m8[0m   [36m| [0m  @Test[0m
    [36m| [0m [34m_[0m[34m^[0m
[36m9[0m   [36m| [0m[34m|[0m class DnsWireParserTest {[0m
    [36m| [0m[34m|[0m ...[0m
[36m305[0m [36m| [0m[34m|[0m }[0m
    [36m| [0m[34m|[0m[34m_[0m[34m^[0m
    [36m| [0m

[33mwarning[0m: unreachable block in 'if' expression
    [36m| [0m
    [36m| [0m  /* 8.627 */                if(e is UnittestTimeoutException) {[0m
    [36m| [0m [33m_[0m[33m_____________________________________________________________^[0m
    [36m| [0m[33m|[0m /* 8.628 */                    throw e[0m
    [36m| [0m[33m|[0m /* 8.629 */                }[0m
    [36m| [0m[33m|[0m[33m_[0m[33m___________________________^ unreachable block in 'if' expression[0m
    [36m| [0m
    [36m#[0m [0mnote[0m: this warning can be suppressed by setting the compiler option `-Woff unused`
[34mnote[0m: the warning occurs after the macro is expanded
   [36m==>[0m /home/elliot/playground/Wirestack-pr-worktrees/M8-004-publication/src/net/dns_wire_test.cj:8:1:
    [36m| [0m
[36m8[0m   [36m| [0m  @Test[0m
    [36m| [0m [34m_[0m[34m^[0m
[36m9[0m   [36m| [0m[34m|[0m class DnsWireParserTest {[0m
    [36m| [0m[34m|[0m ...[0m
[36m305[0m [36m| [0m[34m|[0m }[0m
    [36m| [0m[34m|[0m[34m_[0m[34m^[0m
    [36m| [0m

[33mwarning[0m: unreachable block in 'if' expression
    [36m| [0m
    [36m| [0m  /* 284.380 */                        if(e is AssertException) {[0m
    [36m| [0m [33m_[0m[33m______________________________________________________________^[0m
    [36m| [0m[33m|[0m /* 284.381 */                            throw e[0m
    [36m| [0m[33m|[0m /* 284.382 */                        }[0m
    [36m| [0m[33m|[0m[33m_[0m[33m_____________________________________^ unreachable block in 'if' expression[0m
    [36m| [0m
    [36m#[0m [0mnote[0m: this warning can be suppressed by setting the compiler option `-Woff unused`
[34mnote[0m: the warning occurs after the macro is expanded
    [36m==>[0m /home/elliot/playground/Wirestack-pr-worktrees/M8-004-publication/src/net/dns_client_test.cj:284:1:
     [36m| [0m
[36m284[0m  [36m| [0m  @Test[0m
     [36m| [0m [34m_[0m[34m^[0m
[36m285[0m  [36m| [0m[34m|[0m class DnsClientWireTest {[0m
     [36m| [0m[34m|[0m ...[0m
[36m1320[0m [36m| [0m[34m|[0m }[0m
     [36m| [0m[34m|[0m[34m_[0m[34m^[0m
     [36m| [0m

[33mwarning[0m: unreachable block in 'if' expression
    [36m| [0m
    [36m| [0m  /* 284.383 */                        if(e is AssertIntermediateException) {[0m
    [36m| [0m [33m_[0m[33m__________________________________________________________________________^[0m
    [36m| [0m[33m|[0m /* 284.384 */                            throw e[0m
    [36m| [0m[33m|[0m /* 284.385 */                        }[0m
    [36m| [0m[33m|[0m[33m_[0m[33m_____________________________________^ unreachable block in 'if' expression[0m
    [36m| [0m
    [36m#[0m [0mnote[0m: this warning can be suppressed by setting the compiler option `-Woff unused`
[34mnote[0m: the warning occurs after the macro is expanded
    [36m==>[0m /home/elliot/playground/Wirestack-pr-worktrees/M8-004-publication/src/net/dns_client_test.cj:284:1:
     [36m| [0m
[36m284[0m  [36m| [0m  @Test[0m
     [36m| [0m [34m_[0m[34m^[0m
[36m285[0m  [36m| [0m[34m|[0m class DnsClientWireTest {[0m
     [36m| [0m[34m|[0m ...[0m
[36m1320[0m [36m| [0m[34m|[0m }[0m
     [36m| [0m[34m|[0m[34m_[0m[34m^[0m
     [36m| [0m

[33mwarning[0m: unreachable block in 'if' expression
    [36m| [0m
    [36m| [0m  /* 284.386 */                        if(e is UnittestTimeoutException) {[0m
    [36m| [0m [33m_[0m[33m_______________________________________________________________________^[0m
    [36m| [0m[33m|[0m /* 284.387 */                            throw e[0m
    [36m| [0m[33m|[0m /* 284.388 */                        }[0m
    [36m| [0m[33m|[0m[33m_[0m[33m_____________________________________^ unreachable block in 'if' expression[0m
    [36m| [0m
    [36m#[0m [0mnote[0m: this warning can be suppressed by setting the compiler option `-Woff unused`
[34mnote[0m: the warning occurs after the macro is expanded
    [36m==>[0m /home/elliot/playground/Wirestack-pr-worktrees/M8-004-publication/src/net/dns_client_test.cj:284:1:
     [36m| [0m
[36m284[0m  [36m| [0m  @Test[0m
     [36m| [0m [34m_[0m[34m^[0m
[36m285[0m  [36m| [0m[34m|[0m class DnsClientWireTest {[0m
     [36m| [0m[34m|[0m ...[0m
[36m1320[0m [36m| [0m[34m|[0m }[0m
     [36m| [0m[34m|[0m[34m_[0m[34m^[0m
     [36m| [0m

[33mwarning[0m: unreachable pattern
   [36m==>[0m /home/elliot/playground/Wirestack-pr-worktrees/M8-004-publication/src/net/dns_resolver_test.cj:678:22:
    [36m| [0m
[36m678[0m [36m| [0m                case None => ()[0m
    [36m| [0m                     [33m^ [0m
    [36m| [0m
    [36m#[0m [0mnote[0m: this warning can be suppressed by setting the compiler option `-Woff unused`
[34mnote[0m: the warning occurs after the macro is expanded
   [36m==>[0m /home/elliot/playground/Wirestack-pr-worktrees/M8-004-publication/src/net/dns_resolver_test.cj:156:1:
    [36m| [0m
[36m156[0m [36m| [0m  @Test[0m
    [36m| [0m [34m_[0m[34m^[0m
[36m157[0m [36m| [0m[34m|[0m class DnsResolverPolicyTest {[0m
    [36m| [0m[34m|[0m ...[0m
[36m723[0m [36m| [0m[34m|[0m }[0m
    [36m| [0m[34m|[0m[34m_[0m[34m^[0m
    [36m| [0m
[34mnote[0m: which is expanded as follows
    [36m| [0m
    [36m| [0m/* 156.493 */            case None =>()[0m
    [36m| [0m                              [34m^^^^ [0m
    [36m| [0m

[33mwarning[0m: unreachable block in 'if' expression
    [36m| [0m
    [36m| [0m  /* 8.702 */                if(e is AssertException) {[0m
    [36m| [0m [33m_[0m[33m____________________________________________________^[0m
    [36m| [0m[33m|[0m /* 8.703 */                    throw e[0m
    [36m| [0m[33m|[0m /* 8.704 */                }[0m
    [36m| [0m[33m|[0m[33m_[0m[33m___________________________^ unreachable block in 'if' expression[0m
    [36m| [0m
    [36m#[0m [0mnote[0m: this warning can be suppressed by setting the compiler option `-Woff unused`
[34mnote[0m: the warning occurs after the macro is expanded
   [36m==>[0m /home/elliot/playground/Wirestack-pr-worktrees/M8-004-publication/src/net/dns_wire_test.cj:8:1:
    [36m| [0m
[36m8[0m   [36m| [0m  @Test[0m
    [36m| [0m [34m_[0m[34m^[0m
[36m9[0m   [36m| [0m[34m|[0m class DnsWireParserTest {[0m
    [36m| [0m[34m|[0m ...[0m
[36m305[0m [36m| [0m[34m|[0m }[0m
    [36m| [0m[34m|[0m[34m_[0m[34m^[0m
    [36m| [0m

[33mwarning[0m: unreachable block in 'if' expression
    [36m| [0m
    [36m| [0m  /* 8.705 */                if(e is AssertIntermediateException) {[0m
    [36m| [0m [33m_[0m[33m________________________________________________________________^[0m
    [36m| [0m[33m|[0m /* 8.706 */                    throw e[0m
    [36m| [0m[33m|[0m /* 8.707 */                }[0m
    [36m| [0m[33m|[0m[33m_[0m[33m___________________________^ unreachable block in 'if' expression[0m
    [36m| [0m
    [36m#[0m [0mnote[0m: this warning can be suppressed by setting the compiler option `-Woff unused`
[34mnote[0m: the warning occurs after the macro is expanded
   [36m==>[0m /home/elliot/playground/Wirestack-pr-worktrees/M8-004-publication/src/net/dns_wire_test.cj:8:1:
    [36m| [0m
[36m8[0m   [36m| [0m  @Test[0m
    [36m| [0m [34m_[0m[34m^[0m
[36m9[0m   [36m| [0m[34m|[0m class DnsWireParserTest {[0m
    [36m| [0m[34m|[0m ...[0m
[36m305[0m [36m| [0m[34m|[0m }[0m
    [36m| [0m[34m|[0m[34m_[0m[34m^[0m
    [36m| [0m

[33mwarning[0m: unreachable block in 'if' expression
    [36m| [0m
    [36m| [0m  /* 8.708 */                if(e is UnittestTimeoutException) {[0m
    [36m| [0m [33m_[0m[33m_____________________________________________________________^[0m
    [36m| [0m[33m|[0m /* 8.709 */                    throw e[0m
    [36m| [0m[33m|[0m /* 8.710 */                }[0m
    [36m| [0m[33m|[0m[33m_[0m[33m___________________________^ unreachable block in 'if' expression[0m
    [36m| [0m
    [36m#[0m [0mnote[0m: this warning can be suppressed by setting the compiler option `-Woff unused`
[34mnote[0m: the warning occurs after the macro is expanded
   [36m==>[0m /home/elliot/playground/Wirestack-pr-worktrees/M8-004-publication/src/net/dns_wire_test.cj:8:1:
    [36m| [0m
[36m8[0m   [36m| [0m  @Test[0m
    [36m| [0m [34m_[0m[34m^[0m
[36m9[0m   [36m| [0m[34m|[0m class DnsWireParserTest {[0m
    [36m| [0m[34m|[0m ...[0m
[36m305[0m [36m| [0m[34m|[0m }[0m
    [36m| [0m[34m|[0m[34m_[0m[34m^[0m
    [36m| [0m

[33mwarning[0m: unreachable block in 'if' expression
    [36m| [0m
    [36m| [0m  /* 284.456 */                    if(e is AssertException) {[0m
    [36m| [0m [33m_[0m[33m__________________________________________________________^[0m
    [36m| [0m[33m|[0m /* 284.457 */                        throw e[0m
    [36m| [0m[33m|[0m /* 284.458 */                    }[0m
    [36m| [0m[33m|[0m[33m_[0m[33m_________________________________^ unreachable block in 'if' expression[0m
    [36m| [0m
    [36m#[0m [0mnote[0m: this warning can be suppressed by setting the compiler option `-Woff unused`
[34mnote[0m: the warning occurs after the macro is expanded
    [36m==>[0m /home/elliot/playground/Wirestack-pr-worktrees/M8-004-publication/src/net/dns_client_test.cj:284:1:
     [36m| [0m
[36m284[0m  [36m| [0m  @Test[0m
     [36m| [0m [34m_[0m[34m^[0m
[36m285[0m  [36m| [0m[34m|[0m class DnsClientWireTest {[0m
     [36m| [0m[34m|[0m ...[0m
[36m1320[0m [36m| [0m[34m|[0m }[0m
     [36m| [0m[34m|[0m[34m_[0m[34m^[0m
     [36m| [0m

[33mwarning[0m: unreachable block in 'if' expression
    [36m| [0m
    [36m| [0m  /* 284.459 */                    if(e is AssertIntermediateException) {[0m
    [36m| [0m [33m_[0m[33m______________________________________________________________________^[0m
    [36m| [0m[33m|[0m /* 284.460 */                        throw e[0m
    [36m| [0m[33m|[0m /* 284.461 */                    }[0m
    [36m| [0m[33m|[0m[33m_[0m[33m_________________________________^ unreachable block in 'if' expression[0m
    [36m| [0m
    [36m#[0m [0mnote[0m: this warning can be suppressed by setting the compiler option `-Woff unused`
[34mnote[0m: the warning occurs after the macro is expanded
    [36m==>[0m /home/elliot/playground/Wirestack-pr-worktrees/M8-004-publication/src/net/dns_client_test.cj:284:1:
     [36m| [0m
[36m284[0m  [36m| [0m  @Test[0m
     [36m| [0m [34m_[0m[34m^[0m
[36m285[0m  [36m| [0m[34m|[0m class DnsClientWireTest {[0m
     [36m| [0m[34m|[0m ...[0m
[36m1320[0m [36m| [0m[34m|[0m }[0m
     [36m| [0m[34m|[0m[34m_[0m[34m^[0m
     [36m| [0m

[33mwarning[0m: unreachable block in 'if' expression
    [36m| [0m
    [36m| [0m  /* 284.462 */                    if(e is UnittestTimeoutException) {[0m
    [36m| [0m [33m_[0m[33m___________________________________________________________________^[0m
    [36m| [0m[33m|[0m /* 284.463 */                        throw e[0m
    [36m| [0m[33m|[0m /* 284.464 */                    }[0m
    [36m| [0m[33m|[0m[33m_[0m[33m_________________________________^ unreachable block in 'if' expression[0m
    [36m| [0m
    [36m#[0m [0mnote[0m: this warning can be suppressed by setting the compiler option `-Woff unused`
[34mnote[0m: the warning occurs after the macro is expanded
    [36m==>[0m /home/elliot/playground/Wirestack-pr-worktrees/M8-004-publication/src/net/dns_client_test.cj:284:1:
     [36m| [0m
[36m284[0m  [36m| [0m  @Test[0m
     [36m| [0m [34m_[0m[34m^[0m
[36m285[0m  [36m| [0m[34m|[0m class DnsClientWireTest {[0m
     [36m| [0m[34m|[0m ...[0m
[36m1320[0m [36m| [0m[34m|[0m }[0m
     [36m| [0m[34m|[0m[34m_[0m[34m^[0m
     [36m| [0m

[33mwarning[0m: unreachable block in 'if' expression
    [36m| [0m
    [36m| [0m  /* 284.511 */                    if(e is AssertException) {[0m
    [36m| [0m [33m_[0m[33m__________________________________________________________^[0m
    [36m| [0m[33m|[0m /* 284.512 */                        throw e[0m
    [36m| [0m[33m|[0m /* 284.513 */                    }[0m
    [36m| [0m[33m|[0m[33m_[0m[33m_________________________________^ unreachable block in 'if' expression[0m
    [36m| [0m
    [36m#[0m [0mnote[0m: this warning can be suppressed by setting the compiler option `-Woff unused`
[34mnote[0m: the warning occurs after the macro is expanded
    [36m==>[0m /home/elliot/playground/Wirestack-pr-worktrees/M8-004-publication/src/net/dns_client_test.cj:284:1:
     [36m| [0m
[36m284[0m  [36m| [0m  @Test[0m
     [36m| [0m [34m_[0m[34m^[0m
[36m285[0m  [36m| [0m[34m|[0m class DnsClientWireTest {[0m
     [36m| [0m[34m|[0m ...[0m
[36m1320[0m [36m| [0m[34m|[0m }[0m
     [36m| [0m[34m|[0m[34m_[0m[34m^[0m
     [36m| [0m

[33mwarning[0m: unreachable block in 'if' expression
    [36m| [0m
    [36m| [0m  /* 284.514 */                    if(e is AssertIntermediateException) {[0m
    [36m| [0m [33m_[0m[33m______________________________________________________________________^[0m
    [36m| [0m[33m|[0m /* 284.515 */                        throw e[0m
    [36m| [0m[33m|[0m /* 284.516 */                    }[0m
    [36m| [0m[33m|[0m[33m_[0m[33m_________________________________^ unreachable block in 'if' expression[0m
    [36m| [0m
    [36m#[0m [0mnote[0m: this warning can be suppressed by setting the compiler option `-Woff unused`
[34mnote[0m: the warning occurs after the macro is expanded
    [36m==>[0m /home/elliot/playground/Wirestack-pr-worktrees/M8-004-publication/src/net/dns_client_test.cj:284:1:
     [36m| [0m
[36m284[0m  [36m| [0m  @Test[0m
     [36m| [0m [34m_[0m[34m^[0m
[36m285[0m  [36m| [0m[34m|[0m class DnsClientWireTest {[0m
     [36m| [0m[34m|[0m ...[0m
[36m1320[0m [36m| [0m[34m|[0m }[0m
     [36m| [0m[34m|[0m[34m_[0m[34m^[0m
     [36m| [0m

[33mwarning[0m: unreachable block in 'if' expression
    [36m| [0m
    [36m| [0m  /* 284.517 */                    if(e is UnittestTimeoutException) {[0m
    [36m| [0m [33m_[0m[33m___________________________________________________________________^[0m
    [36m| [0m[33m|[0m /* 284.518 */                        throw e[0m
    [36m| [0m[33m|[0m /* 284.519 */                    }[0m
    [36m| [0m[33m|[0m[33m_[0m[33m_________________________________^ unreachable block in 'if' expression[0m
    [36m| [0m
    [36m#[0m [0mnote[0m: this warning can be suppressed by setting the compiler option `-Woff unused`
[34mnote[0m: the warning occurs after the macro is expanded
    [36m==>[0m /home/elliot/playground/Wirestack-pr-worktrees/M8-004-publication/src/net/dns_client_test.cj:284:1:
     [36m| [0m
[36m284[0m  [36m| [0m  @Test[0m
     [36m| [0m [34m_[0m[34m^[0m
[36m285[0m  [36m| [0m[34m|[0m class DnsClientWireTest {[0m
     [36m| [0m[34m|[0m ...[0m
[36m1320[0m [36m| [0m[34m|[0m }[0m
     [36m| [0m[34m|[0m[34m_[0m[34m^[0m
     [36m| [0m

[33mwarning[0m: unreachable block in 'if' expression
    [36m| [0m
    [36m| [0m  /* 284.570 */                    if(e is AssertException) {[0m
    [36m| [0m [33m_[0m[33m__________________________________________________________^[0m
    [36m| [0m[33m|[0m /* 284.571 */                        throw e[0m
    [36m| [0m[33m|[0m /* 284.572 */                    }[0m
    [36m| [0m[33m|[0m[33m_[0m[33m_________________________________^ unreachable block in 'if' expression[0m
    [36m| [0m
    [36m#[0m [0mnote[0m: this warning can be suppressed by setting the compiler option `-Woff unused`
[34mnote[0m: the warning occurs after the macro is expanded
    [36m==>[0m /home/elliot/playground/Wirestack-pr-worktrees/M8-004-publication/src/net/dns_client_test.cj:284:1:
     [36m| [0m
[36m284[0m  [36m| [0m  @Test[0m
     [36m| [0m [34m_[0m[34m^[0m
[36m285[0m  [36m| [0m[34m|[0m class DnsClientWireTest {[0m
     [36m| [0m[34m|[0m ...[0m
[36m1320[0m [36m| [0m[34m|[0m }[0m
     [36m| [0m[34m|[0m[34m_[0m[34m^[0m
     [36m| [0m

[33mwarning[0m: unreachable block in 'if' expression
    [36m| [0m
    [36m| [0m  /* 284.573 */                    if(e is AssertIntermediateException) {[0m
    [36m| [0m [33m_[0m[33m______________________________________________________________________^[0m
    [36m| [0m[33m|[0m /* 284.574 */                        throw e[0m
    [36m| [0m[33m|[0m /* 284.575 */                    }[0m
    [36m| [0m[33m|[0m[33m_[0m[33m_________________________________^ unreachable block in 'if' expression[0m
    [36m| [0m
    [36m#[0m [0mnote[0m: this warning can be suppressed by setting the compiler option `-Woff unused`
[34mnote[0m: the warning occurs after the macro is expanded
    [36m==>[0m /home/elliot/playground/Wirestack-pr-worktrees/M8-004-publication/src/net/dns_client_test.cj:284:1:
     [36m| [0m
[36m284[0m  [36m| [0m  @Test[0m
     [36m| [0m [34m_[0m[34m^[0m
[36m285[0m  [36m| [0m[34m|[0m class DnsClientWireTest {[0m
     [36m| [0m[34m|[0m ...[0m
[36m1320[0m [36m| [0m[34m|[0m }[0m
     [36m| [0m[34m|[0m[34m_[0m[34m^[0m
     [36m| [0m

[33mwarning[0m: unreachable block in 'if' expression
    [36m| [0m
    [36m| [0m  /* 284.576 */                    if(e is UnittestTimeoutException) {[0m
    [36m| [0m [33m_[0m[33m___________________________________________________________________^[0m
    [36m| [0m[33m|[0m /* 284.577 */                        throw e[0m
    [36m| [0m[33m|[0m /* 284.578 */                    }[0m
    [36m| [0m[33m|[0m[33m_[0m[33m_________________________________^ unreachable block in 'if' expression[0m
    [36m| [0m
    [36m#[0m [0mnote[0m: this warning can be suppressed by setting the compiler option `-Woff unused`
[34mnote[0m: the warning occurs after the macro is expanded
    [36m==>[0m /home/elliot/playground/Wirestack-pr-worktrees/M8-004-publication/src/net/dns_client_test.cj:284:1:
     [36m| [0m
[36m284[0m  [36m| [0m  @Test[0m
     [36m| [0m [34m_[0m[34m^[0m
[36m285[0m  [36m| [0m[34m|[0m class DnsClientWireTest {[0m
     [36m| [0m[34m|[0m ...[0m
[36m1320[0m [36m| [0m[34m|[0m }[0m
     [36m| [0m[34m|[0m[34m_[0m[34m^[0m
     [36m| [0m

[33mwarning[0m: unreachable block in 'if' expression
     [36m| [0m
     [36m| [0m  /* 284.861 */            if(e is AssertException) {[0m
     [36m| [0m [33m_[0m[33m__________________________________________________^[0m
     [36m| [0m[33m|[0m /* 284.862 */                throw e[0m
     [36m| [0m[33m|[0m /* 284.863 */            }[0m
     [36m| [0m[33m|[0m[33m_[0m[33m_________________________^ unreachable block in 'if' expression[0m
     [36m| [0m
     [36m#[0m [0mnote[0m: this warning can be suppressed by setting the compiler option `-Woff unused`
[34mnote[0m: the warning occurs after the macro is expanded
    [36m==>[0m /home/elliot/playground/Wirestack-pr-worktrees/M8-004-publication/src/net/dns_client_test.cj:284:1:
     [36m| [0m
[36m284[0m  [36m| [0m  @Test[0m
     [36m| [0m [34m_[0m[34m^[0m
[36m285[0m  [36m| [0m[34m|[0m class DnsClientWireTest {[0m
     [36m| [0m[34m|[0m ...[0m
[36m1320[0m [36m| [0m[34m|[0m }[0m
     [36m| [0m[34m|[0m[34m_[0m[34m^[0m
     [36m| [0m

[33mwarning[0m: unreachable block in 'if' expression
     [36m| [0m
     [36m| [0m  /* 284.864 */            if(e is AssertIntermediateException) {[0m
     [36m| [0m [33m_[0m[33m______________________________________________________________^[0m
     [36m| [0m[33m|[0m /* 284.865 */                throw e[0m
     [36m| [0m[33m|[0m /* 284.866 */            }[0m
     [36m| [0m[33m|[0m[33m_[0m[33m_________________________^ unreachable block in 'if' expression[0m
     [36m| [0m
     [36m#[0m [0mnote[0m: this warning can be suppressed by setting the compiler option `-Woff unused`
[34mnote[0m: the warning occurs after the macro is expanded
    [36m==>[0m /home/elliot/playground/Wirestack-pr-worktrees/M8-004-publication/src/net/dns_client_test.cj:284:1:
     [36m| [0m
[36m284[0m  [36m| [0m  @Test[0m
     [36m| [0m [34m_[0m[34m^[0m
[36m285[0m  [36m| [0m[34m|[0m class DnsClientWireTest {[0m
     [36m| [0m[34m|[0m ...[0m
[36m1320[0m [36m| [0m[34m|[0m }[0m
     [36m| [0m[34m|[0m[34m_[0m[34m^[0m
     [36m| [0m

[33mwarning[0m: unreachable block in 'if' expression
     [36m| [0m
     [36m| [0m  /* 284.867 */            if(e is UnittestTimeoutException) {[0m
     [36m| [0m [33m_[0m[33m___________________________________________________________^[0m
     [36m| [0m[33m|[0m /* 284.868 */                throw e[0m
     [36m| [0m[33m|[0m /* 284.869 */            }[0m
     [36m| [0m[33m|[0m[33m_[0m[33m_________________________^ unreachable block in 'if' expression[0m
     [36m| [0m
     [36m#[0m [0mnote[0m: this warning can be suppressed by setting the compiler option `-Woff unused`
[34mnote[0m: the warning occurs after the macro is expanded
    [36m==>[0m /home/elliot/playground/Wirestack-pr-worktrees/M8-004-publication/src/net/dns_client_test.cj:284:1:
     [36m| [0m
[36m284[0m  [36m| [0m  @Test[0m
     [36m| [0m [34m_[0m[34m^[0m
[36m285[0m  [36m| [0m[34m|[0m class DnsClientWireTest {[0m
     [36m| [0m[34m|[0m ...[0m
[36m1320[0m [36m| [0m[34m|[0m }[0m
     [36m| [0m[34m|[0m[34m_[0m[34m^[0m
     [36m| [0m

[33mwarning[0m: unreachable block in 'if' expression
     [36m| [0m
     [36m| [0m  /* 284.963 */    if(e is AssertException) {[0m
     [36m| [0m [33m_[0m[33m__________________________________________^[0m
     [36m| [0m[33m|[0m /* 284.964 */        throw e[0m
     [36m| [0m[33m|[0m /* 284.965 */    }[0m
     [36m| [0m[33m|[0m[33m_[0m[33m_________________^ unreachable block in 'if' expression[0m
     [36m| [0m
     [36m#[0m [0mnote[0m: this warning can be suppressed by setting the compiler option `-Woff unused`
[34mnote[0m: the warning occurs after the macro is expanded
    [36m==>[0m /home/elliot/playground/Wirestack-pr-worktrees/M8-004-publication/src/net/dns_client_test.cj:284:1:
     [36m| [0m
[36m284[0m  [36m| [0m  @Test[0m
     [36m| [0m [34m_[0m[34m^[0m
[36m285[0m  [36m| [0m[34m|[0m class DnsClientWireTest {[0m
     [36m| [0m[34m|[0m ...[0m
[36m1320[0m [36m| [0m[34m|[0m }[0m
     [36m| [0m[34m|[0m[34m_[0m[34m^[0m
     [36m| [0m

[33mwarning[0m: unreachable block in 'if' expression
     [36m| [0m
     [36m| [0m  /* 284.966 */    if(e is AssertIntermediateException) {[0m
     [36m| [0m [33m_[0m[33m______________________________________________________^[0m
     [36m| [0m[33m|[0m /* 284.967 */        throw e[0m
     [36m| [0m[33m|[0m /* 284.968 */    }[0m
     [36m| [0m[33m|[0m[33m_[0m[33m_________________^ unreachable block in 'if' expression[0m
     [36m| [0m
     [36m#[0m [0mnote[0m: this warning can be suppressed by setting the compiler option `-Woff unused`
[34mnote[0m: the warning occurs after the macro is expanded
    [36m==>[0m /home/elliot/playground/Wirestack-pr-worktrees/M8-004-publication/src/net/dns_client_test.cj:284:1:
     [36m| [0m
[36m284[0m  [36m| [0m  @Test[0m
     [36m| [0m [34m_[0m[34m^[0m
[36m285[0m  [36m| [0m[34m|[0m class DnsClientWireTest {[0m
     [36m| [0m[34m|[0m ...[0m
[36m1320[0m [36m| [0m[34m|[0m }[0m
     [36m| [0m[34m|[0m[34m_[0m[34m^[0m
     [36m| [0m

[33mwarning[0m: unreachable block in 'if' expression
     [36m| [0m
     [36m| [0m  /* 284.969 */    if(e is UnittestTimeoutException) {[0m
     [36m| [0m [33m_[0m[33m___________________________________________________^[0m
     [36m| [0m[33m|[0m /* 284.970 */        throw e[0m
     [36m| [0m[33m|[0m /* 284.971 */    }[0m
     [36m| [0m[33m|[0m[33m_[0m[33m_________________^ unreachable block in 'if' expression[0m
     [36m| [0m
     [36m#[0m [0mnote[0m: this warning can be suppressed by setting the compiler option `-Woff unused`
[34mnote[0m: the warning occurs after the macro is expanded
    [36m==>[0m /home/elliot/playground/Wirestack-pr-worktrees/M8-004-publication/src/net/dns_client_test.cj:284:1:
     [36m| [0m
[36m284[0m  [36m| [0m  @Test[0m
     [36m| [0m [34m_[0m[34m^[0m
[36m285[0m  [36m| [0m[34m|[0m class DnsClientWireTest {[0m
     [36m| [0m[34m|[0m ...[0m
[36m1320[0m [36m| [0m[34m|[0m }[0m
     [36m| [0m[34m|[0m[34m_[0m[34m^[0m
     [36m| [0m

[33mwarning[0m: unreachable block in 'if' expression
     [36m| [0m
     [36m| [0m  /* 284.1027 */    if(e is AssertException) {[0m
     [36m| [0m [33m_[0m[33m___________________________________________^[0m
     [36m| [0m[33m|[0m /* 284.1028 */        throw e[0m
     [36m| [0m[33m|[0m /* 284.1029 */    }[0m
     [36m| [0m[33m|[0m[33m_[0m[33m__________________^ unreachable block in 'if' expression[0m
     [36m| [0m
     [36m#[0m [0mnote[0m: this warning can be suppressed by setting the compiler option `-Woff unused`
[34mnote[0m: the warning occurs after the macro is expanded
    [36m==>[0m /home/elliot/playground/Wirestack-pr-worktrees/M8-004-publication/src/net/dns_client_test.cj:284:1:
     [36m| [0m
[36m284[0m  [36m| [0m  @Test[0m
     [36m| [0m [34m_[0m[34m^[0m
[36m285[0m  [36m| [0m[34m|[0m class DnsClientWireTest {[0m
     [36m| [0m[34m|[0m ...[0m
[36m1320[0m [36m| [0m[34m|[0m }[0m
     [36m| [0m[34m|[0m[34m_[0m[34m^[0m
     [36m| [0m

[33mwarning[0m: unreachable block in 'if' expression
     [36m| [0m
     [36m| [0m  /* 284.1030 */    if(e is AssertIntermediateException) {[0m
     [36m| [0m [33m_[0m[33m_______________________________________________________^[0m
     [36m| [0m[33m|[0m /* 284.1031 */        throw e[0m
     [36m| [0m[33m|[0m /* 284.1032 */    }[0m
     [36m| [0m[33m|[0m[33m_[0m[33m__________________^ unreachable block in 'if' expression[0m
     [36m| [0m
     [36m#[0m [0mnote[0m: this warning can be suppressed by setting the compiler option `-Woff unused`
[34mnote[0m: the warning occurs after the macro is expanded
    [36m==>[0m /home/elliot/playground/Wirestack-pr-worktrees/M8-004-publication/src/net/dns_client_test.cj:284:1:
     [36m| [0m
[36m284[0m  [36m| [0m  @Test[0m
     [36m| [0m [34m_[0m[34m^[0m
[36m285[0m  [36m| [0m[34m|[0m class DnsClientWireTest {[0m
     [36m| [0m[34m|[0m ...[0m
[36m1320[0m [36m| [0m[34m|[0m }[0m
     [36m| [0m[34m|[0m[34m_[0m[34m^[0m
     [36m| [0m

[33mwarning[0m: unreachable block in 'if' expression
     [36m| [0m
     [36m| [0m  /* 284.1033 */    if(e is UnittestTimeoutException) {[0m
     [36m| [0m [33m_[0m[33m____________________________________________________^[0m
     [36m| [0m[33m|[0m /* 284.1034 */        throw e[0m
     [36m| [0m[33m|[0m /* 284.1035 */    }[0m
     [36m| [0m[33m|[0m[33m_[0m[33m__________________^ unreachable block in 'if' expression[0m
     [36m| [0m
     [36m#[0m [0mnote[0m: this warning can be suppressed by setting the compiler option `-Woff unused`
[34mnote[0m: the warning occurs after the macro is expanded
    [36m==>[0m /home/elliot/playground/Wirestack-pr-worktrees/M8-004-publication/src/net/dns_client_test.cj:284:1:
     [36m| [0m
[36m284[0m  [36m| [0m  @Test[0m
     [36m| [0m [34m_[0m[34m^[0m
[36m285[0m  [36m| [0m[34m|[0m class DnsClientWireTest {[0m
     [36m| [0m[34m|[0m ...[0m
[36m1320[0m [36m| [0m[34m|[0m }[0m
     [36m| [0m[34m|[0m[34m_[0m[34m^[0m
     [36m| [0m

[33mwarning[0m: unreachable block in 'if' expression
     [36m| [0m
     [36m| [0m  /* 284.1091 */if(e is AssertException) {[0m
     [36m| [0m [33m_[0m[33m_______________________________________^[0m
     [36m| [0m[33m|[0m /* 284.1092 */throw e[0m
     [36m| [0m[33m|[0m /* 284.1093 */}[0m
     [36m| [0m[33m|[0m[33m_[0m[33m______________^ unreachable block in 'if' expression[0m
     [36m| [0m
     [36m#[0m [0mnote[0m: this warning can be suppressed by setting the compiler option `-Woff unused`
[34mnote[0m: the warning occurs after the macro is expanded
    [36m==>[0m /home/elliot/playground/Wirestack-pr-worktrees/M8-004-publication/src/net/dns_client_test.cj:284:1:
     [36m| [0m
[36m284[0m  [36m| [0m  @Test[0m
     [36m| [0m [34m_[0m[34m^[0m
[36m285[0m  [36m| [0m[34m|[0m class DnsClientWireTest {[0m
     [36m| [0m[34m|[0m ...[0m
[36m1320[0m [36m| [0m[34m|[0m }[0m
     [36m| [0m[34m|[0m[34m_[0m[34m^[0m
     [36m| [0m

[33mwarning[0m: unreachable block in 'if' expression
     [36m| [0m
     [36m| [0m  /* 284.1094 */if(e is AssertIntermediateException) {[0m
     [36m| [0m [33m_[0m[33m___________________________________________________^[0m
     [36m| [0m[33m|[0m /* 284.1095 */throw e[0m
     [36m| [0m[33m|[0m /* 284.1096 */}[0m
     [36m| [0m[33m|[0m[33m_[0m[33m______________^ unreachable block in 'if' expression[0m
     [36m| [0m
     [36m#[0m [0mnote[0m: this warning can be suppressed by setting the compiler option `-Woff unused`
[34mnote[0m: the warning occurs after the macro is expanded
    [36m==>[0m /home/elliot/playground/Wirestack-pr-worktrees/M8-004-publication/src/net/dns_client_test.cj:284:1:
     [36m| [0m
[36m284[0m  [36m| [0m  @Test[0m
     [36m| [0m [34m_[0m[34m^[0m
[36m285[0m  [36m| [0m[34m|[0m class DnsClientWireTest {[0m
     [36m| [0m[34m|[0m ...[0m
[36m1320[0m [36m| [0m[34m|[0m }[0m
     [36m| [0m[34m|[0m[34m_[0m[34m^[0m
     [36m| [0m

[33mwarning[0m: unreachable block in 'if' expression
     [36m| [0m
     [36m| [0m  /* 284.1097 */if(e is UnittestTimeoutException) {[0m
     [36m| [0m [33m_[0m[33m________________________________________________^[0m
     [36m| [0m[33m|[0m /* 284.1098 */throw e[0m
     [36m| [0m[33m|[0m /* 284.1099 */}[0m
     [36m| [0m[33m|[0m[33m_[0m[33m______________^ unreachable block in 'if' expression[0m
     [36m| [0m
     [36m#[0m [0mnote[0m: this warning can be suppressed by setting the compiler option `-Woff unused`
[34mnote[0m: the warning occurs after the macro is expanded
    [36m==>[0m /home/elliot/playground/Wirestack-pr-worktrees/M8-004-publication/src/net/dns_client_test.cj:284:1:
     [36m| [0m
[36m284[0m  [36m| [0m  @Test[0m
     [36m| [0m [34m_[0m[34m^[0m
[36m285[0m  [36m| [0m[34m|[0m class DnsClientWireTest {[0m
     [36m| [0m[34m|[0m ...[0m
[36m1320[0m [36m| [0m[34m|[0m }[0m
     [36m| [0m[34m|[0m[34m_[0m[34m^[0m
     [36m| [0m

[33mwarning[0m: unreachable block in 'if' expression
     [36m| [0m
     [36m| [0m  /* 284.1146 */if(e is AssertException) {[0m
     [36m| [0m [33m_[0m[33m_______________________________________^[0m
     [36m| [0m[33m|[0m /* 284.1147 */throw e[0m
     [36m| [0m[33m|[0m /* 284.1148 */}[0m
     [36m| [0m[33m|[0m[33m_[0m[33m______________^ unreachable block in 'if' expression[0m
     [36m| [0m
     [36m#[0m [0mnote[0m: this warning can be suppressed by setting the compiler option `-Woff unused`
[34mnote[0m: the warning occurs after the macro is expanded
    [36m==>[0m /home/elliot/playground/Wirestack-pr-worktrees/M8-004-publication/src/net/dns_client_test.cj:284:1:
     [36m| [0m
[36m284[0m  [36m| [0m  @Test[0m
     [36m| [0m [34m_[0m[34m^[0m
[36m285[0m  [36m| [0m[34m|[0m class DnsClientWireTest {[0m
     [36m| [0m[34m|[0m ...[0m
[36m1320[0m [36m| [0m[34m|[0m }[0m
     [36m| [0m[34m|[0m[34m_[0m[34m^[0m
     [36m| [0m

[33mwarning[0m: unreachable block in 'if' expression
     [36m| [0m
     [36m| [0m  /* 284.1149 */if(e is AssertIntermediateException) {[0m
     [36m| [0m [33m_[0m[33m___________________________________________________^[0m
     [36m| [0m[33m|[0m /* 284.1150 */throw e[0m
     [36m| [0m[33m|[0m /* 284.1151 */}[0m
     [36m| [0m[33m|[0m[33m_[0m[33m______________^ unreachable block in 'if' expression[0m
     [36m| [0m
     [36m#[0m [0mnote[0m: this warning can be suppressed by setting the compiler option `-Woff unused`
[34mnote[0m: the warning occurs after the macro is expanded
    [36m==>[0m /home/elliot/playground/Wirestack-pr-worktrees/M8-004-publication/src/net/dns_client_test.cj:284:1:
     [36m| [0m
[36m284[0m  [36m| [0m  @Test[0m
     [36m| [0m [34m_[0m[34m^[0m
[36m285[0m  [36m| [0m[34m|[0m class DnsClientWireTest {[0m
     [36m| [0m[34m|[0m ...[0m
[36m1320[0m [36m| [0m[34m|[0m }[0m
     [36m| [0m[34m|[0m[34m_[0m[34m^[0m
     [36m| [0m

[33mwarning[0m: unreachable block in 'if' expression
     [36m| [0m
     [36m| [0m  /* 284.1152 */if(e is UnittestTimeoutException) {[0m
     [36m| [0m [33m_[0m[33m________________________________________________^[0m
     [36m| [0m[33m|[0m /* 284.1153 */throw e[0m
     [36m| [0m[33m|[0m /* 284.1154 */}[0m
     [36m| [0m[33m|[0m[33m_[0m[33m______________^ unreachable block in 'if' expression[0m
     [36m| [0m
     [36m#[0m [0mnote[0m: this warning can be suppressed by setting the compiler option `-Woff unused`
[34mnote[0m: the warning occurs after the macro is expanded
    [36m==>[0m /home/elliot/playground/Wirestack-pr-worktrees/M8-004-publication/src/net/dns_client_test.cj:284:1:
     [36m| [0m
[36m284[0m  [36m| [0m  @Test[0m
     [36m| [0m [34m_[0m[34m^[0m
[36m285[0m  [36m| [0m[34m|[0m class DnsClientWireTest {[0m
     [36m| [0m[34m|[0m ...[0m
[36m1320[0m [36m| [0m[34m|[0m }[0m
     [36m| [0m[34m|[0m[34m_[0m[34m^[0m
     [36m| [0m

99 warnings generated, 99 warnings printed.
Error: cjpm test failed
