[31merror[0m: lambda capturing mutable variables needs to be called directly
    [36m==>[0m /home/elliot/playground/Wirestack-pr-worktrees/M8-004-publication/src/net/dns_client_test.cj:1092:29:
     [36m| [0m
[36m1092[0m [36m| [0m        let serving = spawn {[0m
     [36m| [0m                            [31m^ [0m
     [36m| [0m
[34mnote[0m: which is expanded as follows
     [36m| [0m
     [36m| [0m  /* 284.904 */let serving = spawn { for(index in 0 .. 2) {[0m
     [36m| [0m [34m_[0m[34m_________________________________^[0m
     [36m| [0m[34m|[0m /* 284.905 */let received = server.receive(512, context: api.OperationContext(deadline: Some(api.Deadline.after(Duration.second))))[0m
     [36m| [0m[34m|[0m /* 284.906 */let response = if(index == 0) {[0m
     [36m| [0m[34m|[0m /* 284.907 */dnsClientTestHeader(received.payload, 0x8183u16).toArray()[0m
     [36m| [0m[34m|[0m /* 284.908 */}[0m
     [36m| [0m[34m|[0m /* 284.909 */else {[0m
     [36m| [0m[34m|[0m /* 284.910 */let output = dnsClientTestHeader(received.payload, 0x8180u16, answers: 1)[0m
     [36m| [0m[34m|[0m /* 284.911 */dnsClientTestAppendU16(output, 0xC00C)[0m
     [36m| [0m[34m|[0m /* 284.912 */dnsClientTestAppendU16(output, 28)[0m
     [36m| [0m[34m|[0m /* 284.913 */dnsClientTestAppendU16(output, 1)[0m
     [36m| [0m[34m|[0m /* 284.914 */dnsClientTestAppendU32(output, 30u32)[0m
     [36m| [0m[34m|[0m /* 284.915 */dnsClientTestAppendU16(output, 16)[0m
     [36m| [0m[34m|[0m /* 284.916 */for(_ in 0 .. 16) {[0m
     [36m| [0m[34m|[0m /* 284.917 */    output.add(1u8)[0m
     [36m| [0m[34m|[0m /* 284.918 */}[0m
     [36m| [0m[34m|[0m /* 284.919 */output.toArray()[0m
     [36m| [0m[34m|[0m /* 284.920 */}[0m
     [36m| [0m[34m|[0m /* 284.921 */[0m
     [36m| [0m[34m|[0m /* 284.922 */synchronized(mutex) {[0m
     [36m| [0m[34m|[0m /* 284.923 */served ++[0m
     [36m| [0m[34m|[0m /* 284.924 */}[0m
     [36m| [0m[34m|[0m /* 284.925 */let _ = server.sendTo(received.source.getOrThrow(), api.ByteSpan(response))[0m
     [36m| [0m[34m|[0m /* 284.926 */}[0m
     [36m| [0m[34m|[0m /* 284.927 */}[0m
     [36m| [0m[34m|[0m[34m_[0m[34m_____________^[0m
     [36m| [0m
[34mnote[0m: the error occurs after the macro is expanded
    [36m==>[0m /home/elliot/playground/Wirestack-pr-worktrees/M8-004-publication/src/net/dns_client_test.cj:284:1:
     [36m| [0m
[36m284[0m  [36m| [0m  @Test[0m
     [36m| [0m [34m_[0m[34m^[0m
[36m285[0m  [36m| [0m[34m|[0m class DnsClientWireTest {[0m
     [36m| [0m[34m|[0m ...[0m
[36m1231[0m [36m| [0m[34m|[0m }[0m
     [36m| [0m[34m|[0m[34m_[0m[34m^[0m
     [36m| [0m
[34mnote[0m: the code after the macro is expanded as follows
     [36m| [0m
     [36m| [0m  /* 284.1 */@Attribute[TEST_GENERATED] class DnsClientWireTest <: TestClass {[0m
     [36m| [0m [34m_[0m[34m^[0m
     [36m| [0m[34m|[0m /* 284.2 */    @Attribute[TestCase_0][0m
     [36m| [0m[34m|[0m /* 284.3 */    func publicQueryAndLookupUseRealUdpAndRetainAbsoluteCacheExpiry(): Unit {[0m
     [36m| [0m[34m|[0m /* 284.4 */        let server = UdpSocket.bind(dnsClientTestLoopback(0))[0m
     [36m| [0m[34m|[0m /* 284.5 */        let endpoint = dnsClientTestEndpoint(server)[0m
     [36m| [0m[34m|[0m /* 284.6 */        let serving: Future < Int64 >= spawn { var served: Int64 = 0[0m
     [36m| [0m[34m|[0m /* 284.7 */            while(served < 2) {[0m
     [36m| [0m[34m|[0m /* 284.8 */                let received = server.receive(512, context: api.OperationContext(deadline: Some(api.Deadline.after(Duration.second))))[0m
     [36m| [0m[34m|[0m /* 284.9 */                let _ = server.sendTo(received.source.getOrThrow(), api.ByteSpan(dnsClientTestAResponse(received.payload,[192u8, 0u8, 2u8, 44u8], ttl: 10u32)))[0m
     [36m| [0m[34m|[0m /* 284.10 */                served ++[0m
     [36m| [0m[34m|[0m /* 284.11 */            }[0m
     [36m| [0m[34m|[0m /* 284.12 */            served[0m
     [36m| [0m[34m|[0m /* 284.13 */        }[0m
     [36m| [0m[34m|[0m /* 284.14 */        let client = DnsClient(config: dnsClientTestConfig(endpoint))[0m
     [36m| [0m[34m|[0m /* 284.15 */        try {[0m
     [36m| [0m[34m|[0m /* 284.16 */            let summary = client.query("Example.Test.", DnsRecordType.A)[0m
     [36m| [0m[34m|[0m /* 284.17 */            expectEqual("summary.answerCount", "1", summary.answerCount, 1, isDelta: false)[0m
     [36m| [0m[34m|[0m /* 284.18 */            expectEqual("summary.records[0].data()", "[192u8, 0u8, 2u8, 44u8]", summary.records[0].data(),[192u8, 0u8, 2u8, 44u8], isDelta: false)[0m
     [36m| [0m[34m|[0m /* 284.19 */            let first = client.lookup(api.HostName("example.test"), options: api.ResolveOptions(family: api.ResolveAddressFamily.Ipv4))[0m
     [36m| [0m[34m|[0m /* 284.20 */            let retainedExpiry = first.expiration[0m
     [36m| [0m[34m|[0m /* 284.21 */            let second = client.lookup(api.HostName("example.test"), options: api.ResolveOptions(family: api.ResolveAddressFamily.Ipv4))[0m
     [36m| [0m[34m|[0m /* 284.22 */            expectEqual("first.addresses", "second.addresses", first.addresses, second.addresses, isDelta: false)[0m
     [36m| [0m[34m|[0m /* 284.23 */            expectEqual("second.expiration", "retainedExpiry", second.expiration, retainedExpiry, isDelta: false)[0m
     [36m| [0m[34m|[0m /* 284.24 */            expectEqual("second.addresses[0].toOctets()", "[192u8, 0u8, 2u8, 44u8]", second.addresses[0].toOctets(),[192u8, 0u8, 2u8, 44u8], isDelta: false)[0m
     [36m| [0m[34m|[0m /* 284.25 */            expectEqual("serving.get(Duration.second)", "2", serving.get(Duration.second), 2, isDelta: false)[0m
     [36m| [0m[34m|[0m /* 284.26 */        } finally {[0m
     [36m| [0m[34m|[0m /* 284.27 */            client.close()[0m
     [36m| [0m[34m|[0m /* 284.28 */            server.close()[0m
     [36m| [0m[34m|[0m /* 284.29 */        }[0m
     [36m| [0m[34m|[0m /* 284.30 */    }[0m
     [36m| [0m[34m|[0m /* 284.31 */    [0m
     [36m| [0m[34m|[0m /* 284.32 */    @Attribute[TestCase_1][0m
     [36m| [0m[34m|[0m /* 284.33 */    func publicQueryEncodesEveryModeledRecordType(): Unit {[0m
     [36m| [0m[34m|[0m /* 284.34 */        let server = UdpSocket.bind(dnsClientTestLoopback(0))[0m
     [36m| [0m[34m|[0m /* 284.35 */        let endpoint = dnsClientTestEndpoint(server)[0m
     [36m| [0m[34m|[0m /* 284.36 */        let types =[DnsRecordType.A, DnsRecordType.AAAA, DnsRecordType.CNAME, DnsRecordType.SRV, DnsRecordType.TXT, DnsRecordType.MX, DnsRecordType.PTR, DnsRecordType.SOA, DnsRecordType.Unknown(65280)][0m
     [36m| [0m[34m|[0m /* 284.37 */        let serving: Future < Int64 >= spawn { var served: Int64 = 0[0m
     [36m| [0m[34m|[0m /* 284.38 */            while(served < types.size) {[0m
     [36m| [0m[34m|[0m /* 284.39 */                let received = server.receive(512, context: api.OperationContext(deadline: Some(api.Deadline.after(Duration.second))))[0m
     [36m| [0m[34m|[0m /* 284.40 */                let response = dnsClientTestHeader(received.payload, 0x8180u16).toArray()[0m
     [36m| [0m[34m|[0m /* 284.41 */                let _ = server.sendTo(received.source.getOrThrow(), api.ByteSpan(response))[0m
     [36m| [0m[34m|[0m /* 284.42 */                served ++[0m
     [36m| [0m[34m|[0m /* 284.43 */            }[0m
     [36m| [0m[34m|[0m /* 284.44 */            served[0m
     [36m| [0m[34m|[0m /* 284.45 */        }[0m
     [36m| [0m[34m|[0m /* 284.46 */        let client = DnsClient(config: dnsClientTestConfig(endpoint))[0m
     [36m| [0m[34m|[0m /* 284.47 */        try {[0m
     [36m| [0m[34m|[0m /* 284.48 */            for(recordType in types) {[0m
     [36m| [0m[34m|[0m /* 284.49 */                let summary = client.query("_service._tcp.example.test", recordType)[0m
     [36m| [0m[34m|[0m /* 284.50 */                expectEqual("summary.answerCount", "0", summary.answerCount, 0, isDelta: false)[0m
     [36m| [0m[34m|[0m /* 284.51 */                expectEqual("dnsClientTestTypeCode(summary.questions[0].recordType)", "dnsClientTestTypeCode(recordType)", dnsClientTestTypeCode(summary.questions[0].recordType), dnsClientTestTypeCode(recordType), isDelta: false)[0m
     [36m| [0m[34m|[0m /* 284.52 */            }[0m
     [36m| [0m[34m|[0m /* 284.53 */            expectEqual("serving.get(Duration.second)", "types.size", serving.get(Duration.second), types.size, isDelta: false)[0m
     [36m| [0m[34m|[0m /* 284.54 */        } finally {[0m
     [36m| [0m[34m|[0m /* 284.55 */            client.close()[0m
     [36m| [0m[34m|[0m /* 284.56 */            server.close()[0m
     [36m| [0m[34m|[0m /* 284.57 */        }[0m
     [36m| [0m[34m|[0m /* 284.58 */    }[0m
     [36m| [0m[34m|[0m /* 284.59 */    [0m
     [36m| [0m[34m|[0m /* 284.60 */    @Attribute[TestCase_2][0m
     [36m| [0m[34m|[0m /* 284.61 */    func wrongSourceIdAndQuestionAreIgnoredBeforeValidUdpResponse(): Unit {[0m
     [36m| [0m[34m|[0m /* 284.62 */        let server = UdpSocket.bind(dnsClientTestLoopback(0))[0m
     [36m| [0m[34m|[0m /* 284.63 */        let rogue = UdpSocket.bind(dnsClientTestLoopback(0))[0m
     [36m| [0m[34m|[0m /* 284.64 */        let endpoint = dnsClientTestEndpoint(server)[0m
     [36m| [0m[34m|[0m /* 284.65 */        let serving = spawn { let received = server.receive(512, context: api.OperationContext(deadline: Some(api.Deadline.after(Duration.second))))[0m
     [36m| [0m[34m|[0m /* 284.66 */            let destination = received.source.getOrThrow()[0m
     [36m| [0m[34m|[0m /* 284.67 */            let poison = dnsClientTestAResponse(received.payload,[203u8, 0u8, 113u8, 7u8])[0m
     [36m| [0m[34m|[0m /* 284.68 */            let _ = rogue.sendTo(destination, api.ByteSpan(poison))[0m
     [36m| [0m[34m|[0m /* 284.69 */            let wrongId = poison.clone()[0m
     [36m| [0m[34m|[0m /* 284.70 */            wrongId[1] = wrongId[1] ^ 1u8[0m
     [36m| [0m[34m|[0m /* 284.71 */            let _ = server.sendTo(destination, api.ByteSpan(wrongId))[0m
     [36m| [0m[34m|[0m /* 284.72 */            let wrongQuestion = poison.clone()[0m
     [36m| [0m[34m|[0m /* 284.73 */            wrongQuestion[received.payload.size - 3] = 28u8[0m
     [36m| [0m[34m|[0m /* 284.74 */            let _ = server.sendTo(destination, api.ByteSpan(wrongQuestion))[0m
     [36m| [0m[34m|[0m /* 284.75 */            let valid = dnsClientTestAResponse(received.payload,[198u8, 51u8, 100u8, 17u8])[0m
     [36m| [0m[34m|[0m /* 284.76 */            let _ = server.sendTo(destination, api.ByteSpan(valid))[0m
     [36m| [0m[34m|[0m /* 284.77 */            true[0m
     [36m| [0m[34m|[0m /* 284.78 */        }[0m
     [36m| [0m[34m|[0m /* 284.79 */        let client = DnsClient(config: dnsClientTestConfig(endpoint))[0m
     [36m| [0m[34m|[0m /* 284.80 */        try {[0m
     [36m| [0m[34m|[0m /* 284.81 */            let summary = client.query("identity.test", DnsRecordType.A)[0m
     [36m| [0m[34m|[0m /* 284.82 */            expectEqual("summary.records[0].data()", "[198u8, 51u8, 100u8, 17u8]", summary.records[0].data(),[198u8, 51u8, 100u8, 17u8], isDelta: false)[0m
     [36m| [0m[34m|[0m /* 284.83 */            expectEqual("serving.get(Duration.second)", "true", serving.get(Duration.second), true, isDelta: false)[0m
     [36m| [0m[34m|[0m /* 284.84 */        } finally {[0m
     [36m| [0m[34m|[0m /* 284.85 */            client.close()[0m
     [36m| [0m[34m|[0m /* 284.86 */            rogue.close()[0m
     [36m| [0m[34m|[0m /* 284.87 */            server.close()[0m
     [36m| [0m[34m|[0m /* 284.88 */        }[0m
     [36m| [0m[34m|[0m /* 284.89 */    }[0m
     [36m| [0m[34m|[0m /* 284.90 */    [0m
     [36m| [0m[34m|[0m /* 284.91 */    @Attribute[TestCase_3][0m
     [36m| [0m[34m|[0m /* 284.92 */    func validatedTruncationFallsBackToExactTcpFrame(): Unit {[0m
     [36m| [0m[34m|[0m /* 284.93 */        let udp = UdpSocket.bind(dnsClientTestLoopback(0))[0m
     [36m| [0m[34m|[0m /* 284.94 */        let endpoint = dnsClientTestEndpoint(udp)[0m
     [36m| [0m[34m|[0m /* 284.95 */        let tcp = TcpListener.bind(endpoint)[0m
     [36m| [0m[34m|[0m /* 284.96 */        let udpServing = spawn { let received = udp.receive(512, context: api.OperationContext(deadline: Some(api.Deadline.after(Duration.second))))[0m
     [36m| [0m[34m|[0m /* 284.97 */            let truncated = dnsClientTestHeader(received.payload, 0x8380u16, answers: 1).toArray()[0m
     [36m| [0m[34m|[0m /* 284.98 */            let _ = udp.sendTo(received.source.getOrThrow(), api.ByteSpan(truncated))[0m
     [36m| [0m[34m|[0m /* 284.99 */            true[0m
     [36m| [0m[34m|[0m /* 284.100 */        }[0m
     [36m| [0m[34m|[0m /* 284.101 */        let tcpServing = spawn { let stream = tcp.accept(context: api.OperationContext(deadline: Some(api.Deadline.after(Duration.second))))[0m
     [36m| [0m[34m|[0m /* 284.102 */            try {[0m
     [36m| [0m[34m|[0m /* 284.103 */                let lengthBytes = Array < Byte >(2, repeat: 0u8)[0m
     [36m| [0m[34m|[0m /* 284.104 */                stream.readExact(api.MutableByteSpan(lengthBytes), context: api.OperationContext.background())[0m
     [36m| [0m[34m|[0m /* 284.105 */                let length =(Int64(lengthBytes[0]) << 8) | Int64(lengthBytes[1])[0m
     [36m| [0m[34m|[0m /* 284.106 */                let query = Array < Byte >(length, repeat: 0u8)[0m
     [36m| [0m[34m|[0m /* 284.107 */                stream.readExact(api.MutableByteSpan(query), context: api.OperationContext.background())[0m
     [36m| [0m[34m|[0m /* 284.108 */                let response = dnsClientTestAResponse(query,[192u8, 0u8, 2u8, 91u8])[0m
     [36m| [0m[34m|[0m /* 284.109 */                stream.writeAll(api.ByteSpan(dnsClientTestTcpFrame(response)), context: api.OperationContext.background())[0m
     [36m| [0m[34m|[0m /* 284.110 */                true[0m
     [36m| [0m[34m|[0m /* 284.111 */            } finally {[0m
     [36m| [0m[34m|[0m /* 284.112 */                stream.close()[0m
     [36m| [0m[34m|[0m /* 284.113 */            }[0m
     [36m| [0m[34m|[0m /* 284.114 */        }[0m
     [36m| [0m[34m|[0m /* 284.115 */        let client = DnsClient(config: dnsClientTestConfig(endpoint))[0m
     [36m| [0m[34m|[0m /* 284.116 */        try {[0m
     [36m| [0m[34m|[0m /* 284.117 */            let summary = client.query("tcp.test", DnsRecordType.A)[0m
     [36m| [0m[34m|[0m /* 284.118 */            expectEqual("summary.records[0].data()", "[192u8, 0u8, 2u8, 91u8]", summary.records[0].data(),[192u8, 0u8, 2u8, 91u8], isDelta: false)[0m
     [36m| [0m[34m|[0m /* 284.119 */            expectEqual("udpServing.get(Duration.second)", "true", udpServing.get(Duration.second), true, isDelta: false)[0m
     [36m| [0m[34m|[0m /* 284.120 */            expectEqual("tcpServing.get(Duration.second)", "true", tcpServing.get(Duration.second), true, isDelta: false)[0m
     [36m| [0m[34m|[0m /* 284.121 */        } finally {[0m
     [36m| [0m[34m|[0m /* 284.122 */            client.close()[0m
     [36m| [0m[34m|[0m /* 284.123 */            tcp.close()[0m
     [36m| [0m[34m|[0m /* 284.124 */            udp.close()[0m
     [36m| [0m[34m|[0m /* 284.125 */        }[0m
     [36m| [0m[34m|[0m /* 284.126 */    }[0m
     [36m| [0m[34m|[0m /* 284.127 */    [0m
     [36m| [0m[34m|[0m /* 284.128 */    @Attribute[TestCase_4][0m
     [36m| [0m[34m|[0m /* 284.129 */    func activeCancellationRetainsNameserverWithoutRetry(): Unit {[0m
     [36m| [0m[34m|[0m /* 284.130 */        let first = UdpSocket.bind(dnsClientTestLoopback(0))[0m
     [36m| [0m[34m|[0m /* 284.131 */        let second = UdpSocket.bind(dnsClientTestLoopback(0))[0m
     [36m| [0m[34m|[0m /* 284.132 */        let firstEndpoint = dnsClientTestEndpoint(first)[0m
     [36m| [0m[34m|[0m /* 284.133 */        let cancellation = api.CancellationSource()[0m
     [36m| [0m[34m|[0m /* 284.134 */        let serving = spawn { let _ = first.receive(512, context: api.OperationContext(deadline: Some(api.Deadline.after(Duration.second))))[0m
     [36m| [0m[34m|[0m /* 284.135 */            cancellation.cancel()[0m
     [36m| [0m[34m|[0m /* 284.136 */            true[0m
     [36m| [0m[34m|[0m /* 284.137 */        }[0m
     [36m| [0m[34m|[0m /* 284.138 */        let client = DnsClient(config: DnsResolverConfig(nameservers:[firstEndpoint, dnsClientTestEndpoint(second)], attempts: 2))[0m
     [36m| [0m[34m|[0m /* 284.139 */        try {[0m
     [36m| [0m[34m|[0m /* 284.140 */            let error = try {[0m
     [36m| [0m[34m|[0m /* 284.141 */                try {[0m
     [36m| [0m[34m|[0m /* 284.142 */                    assertEqual("true", "true", true, true)[0m
     [36m| [0m[34m|[0m /* 284.143 */                    client.query("cancel-failover.test", DnsRecordType.A, context: api.OperationContext(cancellation: cancellation.token))[0m
     [36m| [0m[34m|[0m /* 284.144 */                    fail("@AssertThrows: Expected 'api.ResolveException' was not caught.")[0m
     [36m| [0m[34m|[0m /* 284.145 */                } catch(e: api.ResolveException) {[0m
     [36m| [0m[34m|[0m /* 284.146 */                    if(e is AssertException) {[0m
     [36m| [0m[34m|[0m /* 284.147 */                        throw e[0m
     [36m| [0m[34m|[0m /* 284.148 */                    }[0m
     [36m| [0m[34m|[0m /* 284.149 */                    if(e is AssertIntermediateException) {[0m
     [36m| [0m[34m|[0m /* 284.150 */                        throw e[0m
     [36m| [0m[34m|[0m /* 284.151 */                    }[0m
     [36m| [0m[34m|[0m /* 284.152 */                    if(e is UnittestTimeoutException) {[0m
     [36m| [0m[34m|[0m /* 284.153 */                        throw e[0m
     [36m| [0m[34m|[0m /* 284.154 */                    }[0m
     [36m| [0m[34m|[0m /* 284.155 */                    e[0m
     [36m| [0m[34m|[0m /* 284.156 */                }[0m
     [36m| [0m[34m|[0m /* 284.157 */            } catch(e: Exception) {[0m
     [36m| [0m[34m|[0m /* 284.158 */                if(e is AssertException || e is AssertIntermediateException || e is UnittestTimeoutException) {[0m
     [36m| [0m[34m|[0m /* 284.159 */                    throw e[0m
     [36m| [0m[34m|[0m /* 284.160 */                }[0m
     [36m| [0m[34m|[0m /* 284.161 */                assertCaughtUnexpectedE("@AssertThrows(api.ResolveException)", "api.ResolveException", e.toString())[0m
     [36m| [0m[34m|[0m /* 284.162 */            }[0m
     [36m| [0m[34m|[0m /* 284.163 */            [0m
     [36m| [0m[34m|[0m /* 284.164 */            expectEqual("dnsClientTestCodeIs(error.resolveCode, api.ResolveErrorCode.Cancelled)", "true", dnsClientTestCodeIs(error.resolveCode, api.ResolveErrorCode.Cancelled), true, isDelta: false)[0m
     [36m| [0m[34m|[0m /* 284.165 */            match(error.remoteEndpoint) {[0m
     [36m| [0m[34m|[0m /* 284.166 */                case Some(api.NetworkEndpoint.Internet(remote)) => expectEqual("remote", "firstEndpoint", remote, firstEndpoint, isDelta: false)[0m
     [36m| [0m[34m|[0m /* 284.167 */                case _ => fail("active DNS cancellation lost its nameserver")[0m
     [36m| [0m[34m|[0m /* 284.168 */            }[0m
     [36m| [0m[34m|[0m /* 284.169 */            expectEqual("serving.get(Duration.second)", "true", serving.get(Duration.second), true, isDelta: false)[0m
     [36m| [0m[34m|[0m /* 284.170 */            let noRetry = try {[0m
     [36m| [0m[34m|[0m /* 284.171 */                try {[0m
     [36m| [0m[34m|[0m /* 284.172 */                    assertEqual("true", "true", true, true)[0m
     [36m| [0m[34m|[0m /* 284.173 */                    second.receive(512, context: api.OperationContext(deadline: Some(api.Deadline.after(50 * Duration.millisecond))))[0m
     [36m| [0m[34m|[0m /* 284.174 */                    fail("@AssertThrows: Expected 'api.NetworkException' was not caught.")[0m
     [36m| [0m[34m|[0m /* 284.175 */                } catch(e: api.NetworkException) {[0m
     [36m| [0m[34m|[0m /* 284.176 */                    if(e is AssertException) {[0m
     [36m| [0m[34m|[0m /* 284.177 */                        throw e[0m
     [36m| [0m[34m|[0m /* 284.178 */                    }[0m
     [36m| [0m[34m|[0m /* 284.179 */                    if(e is AssertIntermediateException) {[0m
     [36m| [0m[34m|[0m /* 284.180 */                        throw e[0m
     [36m| [0m[34m|[0m /* 284.181 */                    }[0m
     [36m| [0m[34m|[0m /* 284.182 */                    if(e is UnittestTimeoutException) {[0m
     [36m| [0m[34m|[0m /* 284.183 */                        throw e[0m
     [36m| [0m[34m|[0m /* 284.184 */                    }[0m
     [36m| [0m[34m|[0m /* 284.185 */                    e[0m
     [36m| [0m[34m|[0m /* 284.186 */                }[0m
     [36m| [0m[34m|[0m /* 284.187 */            } catch(e: Exception) {[0m
     [36m| [0m[34m|[0m /* 284.188 */                if(e is AssertException || e is AssertIntermediateException || e is UnittestTimeoutException) {[0m
     [36m| [0m[34m|[0m /* 284.189 */                    throw e[0m
     [36m| [0m[34m|[0m /* 284.190 */                }[0m
     [36m| [0m[34m|[0m /* 284.191 */                assertCaughtUnexpectedE("@AssertThrows(api.NetworkException)", "api.NetworkException", e.toString())[0m
     [36m| [0m[34m|[0m /* 284.192 */            }[0m
     [36m| [0m[34m|[0m /* 284.193 */            [0m
     [36m| [0m[34m|[0m /* 284.194 */            expectEqual("match(noRetry.code) {\n    case api.NetworkErrorCode.TimedOut => true\n    case _ => false\n}", "true", match(noRetry.code) {[0m
     [36m| [0m[34m|[0m /* 284.195 */                case api.NetworkErrorCode.TimedOut => true[0m
     [36m| [0m[34m|[0m /* 284.196 */                case _ => false[0m
     [36m| [0m[34m|[0m /* 284.197 */            }, true, isDelta: false)[0m
     [36m| [0m[34m|[0m /* 284.198 */        } finally {[0m
     [36m| [0m[34m|[0m /* 284.199 */            client.close()[0m
     [36m| [0m[34m|[0m /* 284.200 */            second.close()[0m
     [36m| [0m[34m|[0m /* 284.201 */            first.close()[0m
     [36m| [0m[34m|[0m /* 284.202 */        }[0m
     [36m| [0m[34m|[0m /* 284.203 */    }[0m
     [36m| [0m[34m|[0m /* 284.204 */    [0m
     [36m| [0m[34m|[0m /* 284.205 */    @Attribute[TestCase_5][0m
     [36m| [0m[34m|[0m /* 284.206 */    func silentDnsAttemptsLeaveBudgetForServerAndPassFailover(): Unit {[0m
     [36m| [0m[34m|[0m /* 284.207 */        for(retrySameServer in[false, true]) {[0m
     [36m| [0m[34m|[0m /* 284.208 */            let first = UdpSocket.bind(dnsClientTestLoopback(0))[0m
     [36m| [0m[34m|[0m /* 284.209 */            let responder = if(retrySameServer) {[0m
     [36m| [0m[34m|[0m /* 284.210 */                first[0m
     [36m| [0m[34m|[0m /* 284.211 */            }[0m
     [36m| [0m[34m|[0m /* 284.212 */            else {[0m
     [36m| [0m[34m|[0m /* 284.213 */                UdpSocket.bind(dnsClientTestLoopback(0))[0m
     [36m| [0m[34m|[0m /* 284.214 */            }[0m
     [36m| [0m[34m|[0m /* 284.215 */            [0m
     [36m| [0m[34m|[0m /* 284.216 */            let firstEndpoint = dnsClientTestEndpoint(first)[0m
     [36m| [0m[34m|[0m /* 284.217 */            let responderEndpoint = dnsClientTestEndpoint(responder)[0m
     [36m| [0m[34m|[0m /* 284.218 */            let serving = spawn { let peerContext = api.OperationContext(deadline: Some(api.Deadline.after(2 * Duration.second)))[0m
     [36m| [0m[34m|[0m /* 284.219 */                if(retrySameServer) {[0m
     [36m| [0m[34m|[0m /* 284.220 */                    let _ = first.receive(512, context: peerContext)[0m
     [36m| [0m[34m|[0m /* 284.221 */                }[0m
     [36m| [0m[34m|[0m /* 284.222 */                let query = responder.receive(512, context: peerContext)[0m
     [36m| [0m[34m|[0m /* 284.223 */                let _ = responder.sendTo(query.source.getOrThrow(), api.ByteSpan(dnsClientTestAResponse(query.payload,[192u8, 0u8, 2u8, 88u8])))[0m
     [36m| [0m[34m|[0m /* 284.224 */                true[0m
     [36m| [0m[34m|[0m /* 284.225 */            }[0m
     [36m| [0m[34m|[0m /* 284.226 */            let nameservers = if(retrySameServer) {[0m
     [36m| [0m[34m|[0m /* 284.227 */                [firstEndpoint][0m
     [36m| [0m[34m|[0m /* 284.228 */            }[0m
     [36m| [0m[34m|[0m /* 284.229 */            else {[0m
     [36m| [0m[34m|[0m /* 284.230 */                [firstEndpoint, responderEndpoint][0m
     [36m| [0m[34m|[0m /* 284.231 */            }[0m
     [36m| [0m[34m|[0m /* 284.232 */            [0m
     [36m| [0m[34m|[0m /* 284.233 */            let client = DnsClient(config: DnsResolverConfig(nameservers: nameservers, attempts: if(retrySameServer) {[0m
     [36m| [0m[34m|[0m /* 284.234 */                2[0m
     [36m| [0m[34m|[0m /* 284.235 */            }[0m
     [36m| [0m[34m|[0m /* 284.236 */            else {[0m
     [36m| [0m[34m|[0m /* 284.237 */                1[0m
     [36m| [0m[34m|[0m /* 284.238 */            }[0m
     [36m| [0m[34m|[0m /* 284.239 */            , queryTimeout: Duration.second))[0m
     [36m| [0m[34m|[0m /* 284.240 */            let context = api.OperationContext(deadline: Some(api.Deadline.after(500 * Duration.millisecond)))[0m
     [36m| [0m[34m|[0m /* 284.241 */            try {[0m
     [36m| [0m[34m|[0m /* 284.242 */                let response = client.query("failover.test", DnsRecordType.A, context: context)[0m
     [36m| [0m[34m|[0m /* 284.243 */                expectEqual("response.records[0].data()", "[192u8, 0u8, 2u8, 88u8]", response.records[0].data(),[192u8, 0u8, 2u8, 88u8], isDelta: false)[0m
     [36m| [0m[34m|[0m /* 284.244 */                expectEqual("! context.isDeadlineExceeded()", "true", ! context.isDeadlineExceeded(), true, isDelta: false)[0m
     [36m| [0m[34m|[0m /* 284.245 */                expectEqual("serving.get(Duration.second)", "true", serving.get(Duration.second), true, isDelta: false)[0m
     [36m| [0m[34m|[0m /* 284.246 */            } finally {[0m
     [36m| [0m[34m|[0m /* 284.247 */                client.close()[0m
     [36m| [0m[34m|[0m /* 284.248 */                responder.close()[0m
     [36m| [0m[34m|[0m /* 284.249 */                first.close()[0m
     [36m| [0m[34m|[0m /* 284.250 */            }[0m
     [36m| [0m[34m|[0m /* 284.251 */        }[0m
     [36m| [0m[34m|[0m /* 284.252 */    }[0m
     [36m| [0m[34m|[0m /* 284.253 */    [0m
     [36m| [0m[34m|[0m /* 284.254 */    @Attribute[TestCase_6][0m
     [36m| [0m[34m|[0m /* 284.255 */    func exhaustedResponseCodesRetainTheLastRespondingNameserver(): Unit {[0m
     [36m| [0m[34m|[0m /* 284.256 */        let first = UdpSocket.bind(dnsClientTestLoopback(0))[0m
     [36m| [0m[34m|[0m /* 284.257 */        let second = UdpSocket.bind(dnsClientTestLoopback(0))[0m
     [36m| [0m[34m|[0m /* 284.258 */        let firstEndpoint = dnsClientTestEndpoint(first)[0m
     [36m| [0m[34m|[0m /* 284.259 */        let secondEndpoint = dnsClientTestEndpoint(second)[0m
     [36m| [0m[34m|[0m /* 284.260 */        let serving = spawn { let context = api.OperationContext(deadline: Some(api.Deadline.after(Duration.second)))[0m
     [36m| [0m[34m|[0m /* 284.261 */            let firstQuery = first.receive(512, context: context)[0m
     [36m| [0m[34m|[0m /* 284.262 */            let _ = first.sendTo(firstQuery.source.getOrThrow(), api.ByteSpan(dnsClientTestHeader(firstQuery.payload, 0x8182u16).toArray()))[0m
     [36m| [0m[34m|[0m /* 284.263 */            let secondQuery = second.receive(512, context: context)[0m
     [36m| [0m[34m|[0m /* 284.264 */            let _ = second.sendTo(secondQuery.source.getOrThrow(), api.ByteSpan(dnsClientTestHeader(secondQuery.payload, 0x8185u16).toArray()))[0m
     [36m| [0m[34m|[0m /* 284.265 */            true[0m
     [36m| [0m[34m|[0m /* 284.266 */        }[0m
     [36m| [0m[34m|[0m /* 284.267 */        let client = DnsClient(config: DnsResolverConfig(nameservers:[firstEndpoint, secondEndpoint], attempts: 1))[0m
     [36m| [0m[34m|[0m /* 284.268 */        try {[0m
     [36m| [0m[34m|[0m /* 284.269 */            let error = try {[0m
     [36m| [0m[34m|[0m /* 284.270 */                try {[0m
     [36m| [0m[34m|[0m /* 284.271 */                    assertEqual("true", "true", true, true)[0m
     [36m| [0m[34m|[0m /* 284.272 */                    client.query("refused.test", DnsRecordType.A)[0m
     [36m| [0m[34m|[0m /* 284.273 */                    fail("@AssertThrows: Expected 'api.ResolveException' was not caught.")[0m
     [36m| [0m[34m|[0m /* 284.274 */                } catch(e: api.ResolveException) {[0m
     [36m| [0m[34m|[0m /* 284.275 */                    if(e is AssertException) {[0m
     [36m| [0m[34m|[0m /* 284.276 */                        throw e[0m
     [36m| [0m[34m|[0m /* 284.277 */                    }[0m
     [36m| [0m[34m|[0m /* 284.278 */                    if(e is AssertIntermediateException) {[0m
     [36m| [0m[34m|[0m /* 284.279 */                        throw e[0m
     [36m| [0m[34m|[0m /* 284.280 */                    }[0m
     [36m| [0m[34m|[0m /* 284.281 */                    if(e is UnittestTimeoutException) {[0m
     [36m| [0m[34m|[0m /* 284.282 */                        throw e[0m
     [36m| [0m[34m|[0m /* 284.283 */                    }[0m
     [36m| [0m[34m|[0m /* 284.284 */                    e[0m
     [36m| [0m[34m|[0m /* 284.285 */                }[0m
     [36m| [0m[34m|[0m /* 284.286 */            } catch(e: Exception) {[0m
     [36m| [0m[34m|[0m /* 284.287 */                if(e is AssertException || e is AssertIntermediateException || e is UnittestTimeoutException) {[0m
     [36m| [0m[34m|[0m /* 284.288 */                    throw e[0m
     [36m| [0m[34m|[0m /* 284.289 */                }[0m
     [36m| [0m[34m|[0m /* 284.290 */                assertCaughtUnexpectedE("@AssertThrows(api.ResolveException)", "api.ResolveException", e.toString())[0m
     [36m| [0m[34m|[0m /* 284.291 */            }[0m
     [36m| [0m[34m|[0m /* 284.292 */            [0m
     [36m| [0m[34m|[0m /* 284.293 */            expectEqual("dnsClientTestCodeIs(error.resolveCode, api.ResolveErrorCode.TemporaryFailure)", "true", dnsClientTestCodeIs(error.resolveCode, api.ResolveErrorCode.TemporaryFailure), true, isDelta: false)[0m
     [36m| [0m[34m|[0m /* 284.294 */            match(error.remoteEndpoint) {[0m
     [36m| [0m[34m|[0m /* 284.295 */                case Some(api.NetworkEndpoint.Internet(remote)) => expectEqual("remote", "secondEndpoint", remote, secondEndpoint, isDelta: false)[0m
     [36m| [0m[34m|[0m /* 284.296 */                case _ => fail("DNS RCODE failure lost its responding nameserver")[0m
     [36m| [0m[34m|[0m /* 284.297 */            }[0m
     [36m| [0m[34m|[0m /* 284.298 */            expectEqual("serving.get(Duration.second)", "true", serving.get(Duration.second), true, isDelta: false)[0m
     [36m| [0m[34m|[0m /* 284.299 */        } finally {[0m
     [36m| [0m[34m|[0m /* 284.300 */            client.close()[0m
     [36m| [0m[34m|[0m /* 284.301 */            second.close()[0m
     [36m| [0m[34m|[0m /* 284.302 */            first.close()[0m
     [36m| [0m[34m|[0m /* 284.303 */        }[0m
     [36m| [0m[34m|[0m /* 284.304 */    }[0m
     [36m| [0m[34m|[0m /* 284.305 */    [0m
     [36m| [0m[34m|[0m /* 284.306 */    @Attribute[TestCase_7][0m
     [36m| [0m[34m|[0m /* 284.307 */    func unsupportedResponseCodeRetainsRespondingNameserver(): Unit {[0m
     [36m| [0m[34m|[0m /* 284.308 */        let server = UdpSocket.bind(dnsClientTestLoopback(0))[0m
     [36m| [0m[34m|[0m /* 284.309 */        let endpoint = dnsClientTestEndpoint(server)[0m
     [36m| [0m[34m|[0m /* 284.310 */        let serving = spawn { let received = server.receive(512, context: api.OperationContext(deadline: Some(api.Deadline.after(Duration.second))))[0m
     [36m| [0m[34m|[0m /* 284.311 */            let _ = server.sendTo(received.source.getOrThrow(), api.ByteSpan(dnsClientTestHeader(received.payload, 0x8181u16).toArray()))[0m
     [36m| [0m[34m|[0m /* 284.312 */        }[0m
     [36m| [0m[34m|[0m /* 284.313 */        let client = DnsClient(config: dnsClientTestConfig(endpoint))[0m
     [36m| [0m[34m|[0m /* 284.314 */        try {[0m
     [36m| [0m[34m|[0m /* 284.315 */            let error = try {[0m
     [36m| [0m[34m|[0m /* 284.316 */                try {[0m
     [36m| [0m[34m|[0m /* 284.317 */                    assertEqual("true", "true", true, true)[0m
     [36m| [0m[34m|[0m /* 284.318 */                    client.lookup(api.HostName("formerr.test"), options: api.ResolveOptions(family: api.ResolveAddressFamily.Ipv4))[0m
     [36m| [0m[34m|[0m /* 284.319 */                    fail("@AssertThrows: Expected 'api.ResolveException' was not caught.")[0m
     [36m| [0m[34m|[0m /* 284.320 */                } catch(e: api.ResolveException) {[0m
     [36m| [0m[34m|[0m /* 284.321 */                    if(e is AssertException) {[0m
     [36m| [0m[34m|[0m /* 284.322 */                        throw e[0m
     [36m| [0m[34m|[0m /* 284.323 */                    }[0m
     [36m| [0m[34m|[0m /* 284.324 */                    if(e is AssertIntermediateException) {[0m
     [36m| [0m[34m|[0m /* 284.325 */                        throw e[0m
     [36m| [0m[34m|[0m /* 284.326 */                    }[0m
     [36m| [0m[34m|[0m /* 284.327 */                    if(e is UnittestTimeoutException) {[0m
     [36m| [0m[34m|[0m /* 284.328 */                        throw e[0m
     [36m| [0m[34m|[0m /* 284.329 */                    }[0m
     [36m| [0m[34m|[0m /* 284.330 */                    e[0m
     [36m| [0m[34m|[0m /* 284.331 */                }[0m
     [36m| [0m[34m|[0m /* 284.332 */            } catch(e: Exception) {[0m
     [36m| [0m[34m|[0m /* 284.333 */                if(e is AssertException || e is AssertIntermediateException || e is UnittestTimeoutException) {[0m
     [36m| [0m[34m|[0m /* 284.334 */                    throw e[0m
     [36m| [0m[34m|[0m /* 284.335 */                }[0m
     [36m| [0m[34m|[0m /* 284.336 */                assertCaughtUnexpectedE("@AssertThrows(api.ResolveException)", "api.ResolveException", e.toString())[0m
     [36m| [0m[34m|[0m /* 284.337 */            }[0m
     [36m| [0m[34m|[0m /* 284.338 */            [0m
     [36m| [0m[34m|[0m /* 284.339 */            expectEqual("dnsClientTestCodeIs(error.resolveCode, api.ResolveErrorCode.SystemFailure)", "true", dnsClientTestCodeIs(error.resolveCode, api.ResolveErrorCode.SystemFailure), true, isDelta: false)[0m
     [36m| [0m[34m|[0m /* 284.340 */            match(error.remoteEndpoint) {[0m
     [36m| [0m[34m|[0m /* 284.341 */                case Some(api.NetworkEndpoint.Internet(remote)) => expectEqual("remote", "endpoint", remote, endpoint, isDelta: false)[0m
     [36m| [0m[34m|[0m /* 284.342 */                case _ => fail("unsupported DNS response code lost its responding nameserver")[0m
     [36m| [0m[34m|[0m /* 284.343 */            }[0m
     [36m| [0m[34m|[0m /* 284.344 */            serving.get(Duration.second)[0m
     [36m| [0m[34m|[0m /* 284.345 */        } finally {[0m
     [36m| [0m[34m|[0m /* 284.346 */            client.close()[0m
     [36m| [0m[34m|[0m /* 284.347 */            server.close()[0m
     [36m| [0m[34m|[0m /* 284.348 */        }[0m
     [36m| [0m[34m|[0m /* 284.349 */    }[0m
     [36m| [0m[34m|[0m /* 284.350 */    [0m
     [36m| [0m[34m|[0m /* 284.351 */    @Attribute[TestCase_8][0m
     [36m| [0m[34m|[0m /* 284.352 */    func dnsTransportFailuresRetainSelectedNameserver(): Unit {[0m
     [36m| [0m[34m|[0m /* 284.353 */        for(tcpFallback in[false, true]) {[0m
     [36m| [0m[34m|[0m /* 284.354 */            let server = UdpSocket.bind(dnsClientTestLoopback(0))[0m
     [36m| [0m[34m|[0m /* 284.355 */            let endpoint = dnsClientTestEndpoint(server)[0m
     [36m| [0m[34m|[0m /* 284.356 */            let tcp = if(tcpFallback) {[0m
     [36m| [0m[34m|[0m /* 284.357 */                Some(TcpListener.bind(endpoint))[0m
     [36m| [0m[34m|[0m /* 284.358 */            }[0m
     [36m| [0m[34m|[0m /* 284.359 */            else {[0m
     [36m| [0m[34m|[0m /* 284.360 */                None < TcpListener >[0m
     [36m| [0m[34m|[0m /* 284.361 */            }[0m
     [36m| [0m[34m|[0m /* 284.362 */            [0m
     [36m| [0m[34m|[0m /* 284.363 */            let serving = spawn { let received = server.receive(512, context: api.OperationContext(deadline: Some(api.Deadline.after(Duration.second))))[0m
     [36m| [0m[34m|[0m /* 284.364 */                if(let Some(listener) <- tcp) {[0m
     [36m| [0m[34m|[0m /* 284.365 */                    let truncated = dnsClientTestHeader(received.payload, 0x8380u16).toArray()[0m
     [36m| [0m[34m|[0m /* 284.366 */                    let _ = server.sendTo(received.source.getOrThrow(), api.ByteSpan(truncated))[0m
     [36m| [0m[34m|[0m /* 284.367 */                    let stream = listener.accept(context: api.OperationContext(deadline: Some(api.Deadline.after(Duration.second))))[0m
     [36m| [0m[34m|[0m /* 284.368 */                    stream.close()[0m
     [36m| [0m[34m|[0m /* 284.369 */                }[0m
     [36m| [0m[34m|[0m /* 284.370 */                received.source.getOrThrow()[0m
     [36m| [0m[34m|[0m /* 284.371 */            }[0m
     [36m| [0m[34m|[0m /* 284.372 */            let client = DnsClient(config: DnsResolverConfig(nameservers:[endpoint], attempts: 1, queryTimeout: 250 * Duration.millisecond))[0m
     [36m| [0m[34m|[0m /* 284.373 */            try {[0m
     [36m| [0m[34m|[0m /* 284.374 */                let error = try {[0m
     [36m| [0m[34m|[0m /* 284.375 */                    try {[0m
     [36m| [0m[34m|[0m /* 284.376 */                        assertEqual("true", "true", true, true)[0m
     [36m| [0m[34m|[0m /* 284.377 */                        client.query("transport-error.test", DnsRecordType.A)[0m
     [36m| [0m[34m|[0m /* 284.378 */                        fail("@AssertThrows: Expected 'api.ResolveException' was not caught.")[0m
     [36m| [0m[34m|[0m /* 284.379 */                    } catch(e: api.ResolveException) {[0m
     [36m| [0m[34m|[0m /* 284.380 */                        if(e is AssertException) {[0m
     [36m| [0m[34m|[0m /* 284.381 */                            throw e[0m
     [36m| [0m[34m|[0m /* 284.382 */                        }[0m
     [36m| [0m[34m|[0m /* 284.383 */                        if(e is AssertIntermediateException) {[0m
     [36m| [0m[34m|[0m /* 284.384 */                            throw e[0m
     [36m| [0m[34m|[0m /* 284.385 */                        }[0m
     [36m| [0m[34m|[0m /* 284.386 */                        if(e is UnittestTimeoutException) {[0m
     [36m| [0m[34m|[0m /* 284.387 */                            throw e[0m
     [36m| [0m[34m|[0m /* 284.388 */                        }[0m
     [36m| [0m[34m|[0m /* 284.389 */                        e[0m
     [36m| [0m[34m|[0m /* 284.390 */                    }[0m
     [36m| [0m[34m|[0m /* 284.391 */                } catch(e: Exception) {[0m
     [36m| [0m[34m|[0m /* 284.392 */                    if(e is AssertException || e is AssertIntermediateException || e is UnittestTimeoutException) {[0m
     [36m| [0m[34m|[0m /* 284.393 */                        throw e[0m
     [36m| [0m[34m|[0m /* 284.394 */                    }[0m
     [36m| [0m[34m|[0m /* 284.395 */                    assertCaughtUnexpectedE("@AssertThrows(api.ResolveException)", "api.ResolveException", e.toString())[0m
     [36m| [0m[34m|[0m /* 284.396 */                }[0m
     [36m| [0m[34m|[0m /* 284.397 */                [0m
     [36m| [0m[34m|[0m /* 284.398 */                let caller = serving.get(Duration.second)[0m
     [36m| [0m[34m|[0m /* 284.399 */                match(error.remoteEndpoint) {[0m
     [36m| [0m[34m|[0m /* 284.400 */                    case Some(api.NetworkEndpoint.Internet(remote)) => expectEqual("remote", "endpoint", remote, endpoint, isDelta: false)[0m
     [36m| [0m[34m|[0m /* 284.401 */                    case _ => fail("DNS transport error lost the selected nameserver")[0m
     [36m| [0m[34m|[0m /* 284.402 */                }[0m
     [36m| [0m[34m|[0m /* 284.403 */                if(! tcpFallback) {[0m
     [36m| [0m[34m|[0m /* 284.404 */                    expectEqual("dnsClientTestCodeIs(error.resolveCode, api.ResolveErrorCode.Timeout)", "true", dnsClientTestCodeIs(error.resolveCode, api.ResolveErrorCode.Timeout), true, isDelta: false)[0m
     [36m| [0m[34m|[0m /* 284.405 */                    match((error.localEndpoint, caller)) {[0m
     [36m| [0m[34m|[0m /* 284.406 */                        case(Some(api.NetworkEndpoint.Internet(local)), api.NetworkEndpoint.Internet(peer)) => expectEqual("local.port", "peer.port", local.port, peer.port, isDelta: false)[0m
     [36m| [0m[34m|[0m /* 284.407 */                        case _ => fail("DNS receive error lost its local socket")[0m
     [36m| [0m[34m|[0m /* 284.408 */                    }[0m
     [36m| [0m[34m|[0m /* 284.409 */                }[0m
     [36m| [0m[34m|[0m /* 284.410 */                else {[0m
     [36m| [0m[34m|[0m /* 284.411 */                    expectEqual("dnsClientTestCodeIs(error.resolveCode, api.ResolveErrorCode.TemporaryFailure)", "true", dnsClientTestCodeIs(error.resolveCode, api.ResolveErrorCode.TemporaryFailure), true, isDelta: false)[0m
     [36m| [0m[34m|[0m /* 284.412 */                }[0m
     [36m| [0m[34m|[0m /* 284.413 */                expectEqual("error.cause.isSome()", "true", error.cause.isSome(), true, isDelta: false)[0m
     [36m| [0m[34m|[0m /* 284.414 */            } finally {[0m
     [36m| [0m[34m|[0m /* 284.415 */                client.close()[0m
     [36m| [0m[34m|[0m /* 284.416 */                if(let Some(listener) <- tcp) {[0m
     [36m| [0m[34m|[0m /* 284.417 */                    listener.close()[0m
     [36m| [0m[34m|[0m /* 284.418 */                }[0m
     [36m| [0m[34m|[0m /* 284.419 */                server.close()[0m
     [36m| [0m[34m|[0m /* 284.420 */            }[0m
     [36m| [0m[34m|[0m /* 284.421 */        }[0m
     [36m| [0m[34m|[0m /* 284.422 */    }[0m
     [36m| [0m[34m|[0m /* 284.423 */    [0m
     [36m| [0m[34m|[0m /* 284.424 */    @Attribute[TestCase_9][0m
     [36m| [0m[34m|[0m /* 284.425 */    func tcpResponseCannotRemainTruncated(): Unit {[0m
     [36m| [0m[34m|[0m /* 284.426 */        let udp = UdpSocket.bind(dnsClientTestLoopback(0))[0m
     [36m| [0m[34m|[0m /* 284.427 */        let endpoint = dnsClientTestEndpoint(udp)[0m
     [36m| [0m[34m|[0m /* 284.428 */        let tcp = TcpListener.bind(endpoint)[0m
     [36m| [0m[34m|[0m /* 284.429 */        let udpServing = spawn { let received = udp.receive(512, context: api.OperationContext(deadline: Some(api.Deadline.after(Duration.second))))[0m
     [36m| [0m[34m|[0m /* 284.430 */            let truncated = dnsClientTestHeader(received.payload, 0x8380u16).toArray()[0m
     [36m| [0m[34m|[0m /* 284.431 */            let _ = udp.sendTo(received.source.getOrThrow(), api.ByteSpan(truncated))[0m
     [36m| [0m[34m|[0m /* 284.432 */            true[0m
     [36m| [0m[34m|[0m /* 284.433 */        }[0m
     [36m| [0m[34m|[0m /* 284.434 */        let tcpServing = spawn { let stream = tcp.accept(context: api.OperationContext(deadline: Some(api.Deadline.after(Duration.second))))[0m
     [36m| [0m[34m|[0m /* 284.435 */            try {[0m
     [36m| [0m[34m|[0m /* 284.436 */                let lengthBytes = Array < Byte >(2, repeat: 0u8)[0m
     [36m| [0m[34m|[0m /* 284.437 */                stream.readExact(api.MutableByteSpan(lengthBytes), context: api.OperationContext.background())[0m
     [36m| [0m[34m|[0m /* 284.438 */                let length =(Int64(lengthBytes[0]) << 8) | Int64(lengthBytes[1])[0m
     [36m| [0m[34m|[0m /* 284.439 */                let query = Array < Byte >(length, repeat: 0u8)[0m
     [36m| [0m[34m|[0m /* 284.440 */                stream.readExact(api.MutableByteSpan(query), context: api.OperationContext.background())[0m
     [36m| [0m[34m|[0m /* 284.441 */                let stillTruncated = dnsClientTestHeader(query, 0x8380u16).toArray()[0m
     [36m| [0m[34m|[0m /* 284.442 */                stream.writeAll(api.ByteSpan(dnsClientTestTcpFrame(stillTruncated)), context: api.OperationContext.background())[0m
     [36m| [0m[34m|[0m /* 284.443 */                true[0m
     [36m| [0m[34m|[0m /* 284.444 */            } finally {[0m
     [36m| [0m[34m|[0m /* 284.445 */                stream.close()[0m
     [36m| [0m[34m|[0m /* 284.446 */            }[0m
     [36m| [0m[34m|[0m /* 284.447 */        }[0m
     [36m| [0m[34m|[0m /* 284.448 */        let client = DnsClient(config: dnsClientTestConfig(endpoint))[0m
     [36m| [0m[34m|[0m /* 284.449 */        try {[0m
     [36m| [0m[34m|[0m /* 284.450 */            let error = try {[0m
     [36m| [0m[34m|[0m /* 284.451 */                try {[0m
     [36m| [0m[34m|[0m /* 284.452 */                    assertEqual("true", "true", true, true)[0m
     [36m| [0m[34m|[0m /* 284.453 */                    client.query("still-truncated.test", DnsRecordType.A)[0m
     [36m| [0m[34m|[0m /* 284.454 */                    fail("@AssertThrows: Expected 'api.ResolveException' was not caught.")[0m
     [36m| [0m[34m|[0m /* 284.455 */                } catch(e: api.ResolveException) {[0m
     [36m| [0m[34m|[0m /* 284.456 */                    if(e is AssertException) {[0m
     [36m| [0m[34m|[0m /* 284.457 */                        throw e[0m
     [36m| [0m[34m|[0m /* 284.458 */                    }[0m
     [36m| [0m[34m|[0m /* 284.459 */                    if(e is AssertIntermediateException) {[0m
     [36m| [0m[34m|[0m /* 284.460 */                        throw e[0m
     [36m| [0m[34m|[0m /* 284.461 */                    }[0m
     [36m| [0m[34m|[0m /* 284.462 */                    if(e is UnittestTimeoutException) {[0m
     [36m| [0m[34m|[0m /* 284.463 */                        throw e[0m
     [36m| [0m[34m|[0m /* 284.464 */                    }[0m
     [36m| [0m[34m|[0m /* 284.465 */                    e[0m
     [36m| [0m[34m|[0m /* 284.466 */                }[0m
     [36m| [0m[34m|[0m /* 284.467 */            } catch(e: Exception) {[0m
     [36m| [0m[34m|[0m /* 284.468 */                if(e is AssertException || e is AssertIntermediateException || e is UnittestTimeoutException) {[0m
     [36m| [0m[34m|[0m /* 284.469 */                    throw e[0m
     [36m| [0m[34m|[0m /* 284.470 */                }[0m
     [36m| [0m[34m|[0m /* 284.471 */                assertCaughtUnexpectedE("@AssertThrows(api.ResolveException)", "api.ResolveException", e.toString())[0m
     [36m| [0m[34m|[0m /* 284.472 */            }[0m
     [36m| [0m[34m|[0m /* 284.473 */            [0m
     [36m| [0m[34m|[0m /* 284.474 */            expectEqual("dnsClientTestCodeIs(error.resolveCode, api.ResolveErrorCode.SystemFailure)", "true", dnsClientTestCodeIs(error.resolveCode, api.ResolveErrorCode.SystemFailure), true, isDelta: false)[0m
     [36m| [0m[34m|[0m /* 284.475 */            match(error.remoteEndpoint) {[0m
     [36m| [0m[34m|[0m /* 284.476 */                case Some(api.NetworkEndpoint.Internet(remote)) => expectEqual("remote", "endpoint", remote, endpoint, isDelta: false)[0m
     [36m| [0m[34m|[0m /* 284.477 */                case _ => fail("truncated TCP DNS response lost its nameserver")[0m
     [36m| [0m[34m|[0m /* 284.478 */            }[0m
     [36m| [0m[34m|[0m /* 284.479 */            expectEqual("error.cause.isSome()", "true", error.cause.isSome(), true, isDelta: false)[0m
     [36m| [0m[34m|[0m /* 284.480 */            expectEqual("udpServing.get(Duration.second)", "true", udpServing.get(Duration.second), true, isDelta: false)[0m
     [36m| [0m[34m|[0m /* 284.481 */            expectEqual("tcpServing.get(Duration.second)", "true", tcpServing.get(Duration.second), true, isDelta: false)[0m
     [36m| [0m[34m|[0m /* 284.482 */        } finally {[0m
     [36m| [0m[34m|[0m /* 284.483 */            client.close()[0m
     [36m| [0m[34m|[0m /* 284.484 */            tcp.close()[0m
     [36m| [0m[34m|[0m /* 284.485 */            udp.close()[0m
     [36m| [0m[34m|[0m /* 284.486 */        }[0m
     [36m| [0m[34m|[0m /* 284.487 */    }[0m
     [36m| [0m[34m|[0m /* 284.488 */    [0m
     [36m| [0m[34m|[0m /* 284.489 */    @Attribute[TestCase_10][0m
     [36m| [0m[34m|[0m /* 284.490 */    func malformedMatchingResponseAndUnrelatedSectionsCannotPoisonCache(): Unit {[0m
     [36m| [0m[34m|[0m /* 284.491 */        let server = UdpSocket.bind(dnsClientTestLoopback(0))[0m
     [36m| [0m[34m|[0m /* 284.492 */        let endpoint = dnsClientTestEndpoint(server)[0m
     [36m| [0m[34m|[0m /* 284.493 */        let serving = spawn { let first = server.receive(512, context: api.OperationContext(deadline: Some(api.Deadline.after(Duration.second))))[0m
     [36m| [0m[34m|[0m /* 284.494 */            let malformed = dnsClientTestHeader(first.payload, 0x8180u16, answers: 1).toArray()[0m
     [36m| [0m[34m|[0m /* 284.495 */            let _ = server.sendTo(first.source.getOrThrow(), api.ByteSpan(malformed))[0m
     [36m| [0m[34m|[0m /* 284.496 */            let second = server.receive(512, context: api.OperationContext(deadline: Some(api.Deadline.after(Duration.second))))[0m
     [36m| [0m[34m|[0m /* 284.497 */            let _ = server.sendTo(second.source.getOrThrow(), api.ByteSpan(dnsClientTestPoisonedAdditional(second.payload)))[0m
     [36m| [0m[34m|[0m /* 284.498 */            let third = server.receive(512, context: api.OperationContext(deadline: Some(api.Deadline.after(Duration.second))))[0m
     [36m| [0m[34m|[0m /* 284.499 */            let _ = server.sendTo(third.source.getOrThrow(), api.ByteSpan(dnsClientTestAResponse(third.payload,[192u8, 0u8, 2u8, 33u8])))[0m
     [36m| [0m[34m|[0m /* 284.500 */            true[0m
     [36m| [0m[34m|[0m /* 284.501 */        }[0m
     [36m| [0m[34m|[0m /* 284.502 */        let client = DnsClient(config: dnsClientTestConfig(endpoint))[0m
     [36m| [0m[34m|[0m /* 284.503 */        let options = api.ResolveOptions(family: api.ResolveAddressFamily.Ipv4)[0m
     [36m| [0m[34m|[0m /* 284.504 */        try {[0m
     [36m| [0m[34m|[0m /* 284.505 */            let malformed = try {[0m
     [36m| [0m[34m|[0m /* 284.506 */                try {[0m
     [36m| [0m[34m|[0m /* 284.507 */                    assertEqual("true", "true", true, true)[0m
     [36m| [0m[34m|[0m /* 284.508 */                    client.lookup(api.HostName("poison.test"), options: options)[0m
     [36m| [0m[34m|[0m /* 284.509 */                    fail("@AssertThrows: Expected 'api.ResolveException' was not caught.")[0m
     [36m| [0m[34m|[0m /* 284.510 */                } catch(e: api.ResolveException) {[0m
     [36m| [0m[34m|[0m /* 284.511 */                    if(e is AssertException) {[0m
     [36m| [0m[34m|[0m /* 284.512 */                        throw e[0m
     [36m| [0m[34m|[0m /* 284.513 */                    }[0m
     [36m| [0m[34m|[0m /* 284.514 */                    if(e is AssertIntermediateException) {[0m
     [36m| [0m[34m|[0m /* 284.515 */                        throw e[0m
     [36m| [0m[34m|[0m /* 284.516 */                    }[0m
     [36m| [0m[34m|[0m /* 284.517 */                    if(e is UnittestTimeoutException) {[0m
     [36m| [0m[34m|[0m /* 284.518 */                        throw e[0m
     [36m| [0m[34m|[0m /* 284.519 */                    }[0m
     [36m| [0m[34m|[0m /* 284.520 */                    e[0m
     [36m| [0m[34m|[0m /* 284.521 */                }[0m
     [36m| [0m[34m|[0m /* 284.522 */            } catch(e: Exception) {[0m
     [36m| [0m[34m|[0m /* 284.523 */                if(e is AssertException || e is AssertIntermediateException || e is UnittestTimeoutException) {[0m
     [36m| [0m[34m|[0m /* 284.524 */                    throw e[0m
     [36m| [0m[34m|[0m /* 284.525 */                }[0m
     [36m| [0m[34m|[0m /* 284.526 */                assertCaughtUnexpectedE("@AssertThrows(api.ResolveException)", "api.ResolveException", e.toString())[0m
     [36m| [0m[34m|[0m /* 284.527 */            }[0m
     [36m| [0m[34m|[0m /* 284.528 */            [0m
     [36m| [0m[34m|[0m /* 284.529 */            expectEqual("dnsClientTestCodeIs(malformed.resolveCode, api.ResolveErrorCode.SystemFailure)", "true", dnsClientTestCodeIs(malformed.resolveCode, api.ResolveErrorCode.SystemFailure), true, isDelta: false)[0m
     [36m| [0m[34m|[0m /* 284.530 */            match(malformed.remoteEndpoint) {[0m
     [36m| [0m[34m|[0m /* 284.531 */                case Some(api.NetworkEndpoint.Internet(remote)) => expectEqual("remote", "endpoint", remote, endpoint, isDelta: false)[0m
     [36m| [0m[34m|[0m /* 284.532 */                case _ => fail("malformed UDP DNS response lost its nameserver")[0m
     [36m| [0m[34m|[0m /* 284.533 */            }[0m
     [36m| [0m[34m|[0m /* 284.534 */            expectEqual("malformed.cause.isSome()", "true", malformed.cause.isSome(), true, isDelta: false)[0m
     [36m| [0m[34m|[0m /* 284.535 */            let noData = dnsClientTestResolveCode({ =>[0m
     [36m| [0m[34m|[0m /* 284.536 */                let _ = client.lookup(api.HostName("poison.test"), options: options)[0m
     [36m| [0m[34m|[0m /* 284.537 */            })[0m
     [36m| [0m[34m|[0m /* 284.538 */            expectEqual("dnsClientTestCodeIs(noData, api.ResolveErrorCode.NoData)", "true", dnsClientTestCodeIs(noData, api.ResolveErrorCode.NoData), true, isDelta: false)[0m
     [36m| [0m[34m|[0m /* 284.539 */            let valid = client.lookup(api.HostName("poison.test"), options: options)[0m
     [36m| [0m[34m|[0m /* 284.540 */            expectEqual("valid.addresses[0].toOctets()", "[192u8, 0u8, 2u8, 33u8]", valid.addresses[0].toOctets(),[192u8, 0u8, 2u8, 33u8], isDelta: false)[0m
     [36m| [0m[34m|[0m /* 284.541 */            expectEqual("serving.get(Duration.second)", "true", serving.get(Duration.second), true, isDelta: false)[0m
     [36m| [0m[34m|[0m /* 284.542 */        } finally {[0m
     [36m| [0m[34m|[0m /* 284.543 */            client.close()[0m
     [36m| [0m[34m|[0m /* 284.544 */            server.close()[0m
     [36m| [0m[34m|[0m /* 284.545 */        }[0m
     [36m| [0m[34m|[0m /* 284.546 */    }[0m
     [36m| [0m[34m|[0m /* 284.547 */    [0m
     [36m| [0m[34m|[0m /* 284.548 */    @Attribute[TestCase_11][0m
     [36m| [0m[34m|[0m /* 284.549 */    func cnameTraversalUsesAnswerOwnersAndRejectsConflictingTargets(): Unit {[0m
     [36m| [0m[34m|[0m /* 284.550 */        let server = UdpSocket.bind(dnsClientTestLoopback(0))[0m
     [36m| [0m[34m|[0m /* 284.551 */        let endpoint = dnsClientTestEndpoint(server)[0m
     [36m| [0m[34m|[0m /* 284.552 */        let serving: Future < Int64 >= spawn { let first = server.receive(512, context: api.OperationContext(deadline: Some(api.Deadline.after(Duration.second))))[0m
     [36m| [0m[34m|[0m /* 284.553 */            let _ = server.sendTo(first.source.getOrThrow(), api.ByteSpan(dnsClientTestCnameAddressResponse(first.payload, "target.test",[192u8, 0u8, 2u8, 61u8])))[0m
     [36m| [0m[34m|[0m /* 284.554 */            let second = server.receive(512, context: api.OperationContext(deadline: Some(api.Deadline.after(Duration.second))))[0m
     [36m| [0m[34m|[0m /* 284.555 */            let _ = server.sendTo(second.source.getOrThrow(), api.ByteSpan(dnsClientTestConflictingCnames(second.payload)))[0m
     [36m| [0m[34m|[0m /* 284.556 */            2[0m
     [36m| [0m[34m|[0m /* 284.557 */        }[0m
     [36m| [0m[34m|[0m /* 284.558 */        let client = DnsClient(config: dnsClientTestConfig(endpoint))[0m
     [36m| [0m[34m|[0m /* 284.559 */        let options = api.ResolveOptions(family: api.ResolveAddressFamily.Ipv4)[0m
     [36m| [0m[34m|[0m /* 284.560 */        try {[0m
     [36m| [0m[34m|[0m /* 284.561 */            let result = client.lookup(api.HostName("alias.test"), options: options)[0m
     [36m| [0m[34m|[0m /* 284.562 */            expectEqual("result.canonicalHost.ascii", "\"target.test\"", result.canonicalHost.ascii, "target.test", isDelta: false)[0m
     [36m| [0m[34m|[0m /* 284.563 */            expectEqual("result.addresses[0].toOctets()", "[192u8, 0u8, 2u8, 61u8]", result.addresses[0].toOctets(),[192u8, 0u8, 2u8, 61u8], isDelta: false)[0m
     [36m| [0m[34m|[0m /* 284.564 */            let conflict = try {[0m
     [36m| [0m[34m|[0m /* 284.565 */                try {[0m
     [36m| [0m[34m|[0m /* 284.566 */                    assertEqual("true", "true", true, true)[0m
     [36m| [0m[34m|[0m /* 284.567 */                    client.lookup(api.HostName("conflict.test"), options: options)[0m
     [36m| [0m[34m|[0m /* 284.568 */                    fail("@AssertThrows: Expected 'api.ResolveException' was not caught.")[0m
     [36m| [0m[34m|[0m /* 284.569 */                } catch(e: api.ResolveException) {[0m
     [36m| [0m[34m|[0m /* 284.570 */                    if(e is AssertException) {[0m
     [36m| [0m[34m|[0m /* 284.571 */                        throw e[0m
     [36m| [0m[34m|[0m /* 284.572 */                    }[0m
     [36m| [0m[34m|[0m /* 284.573 */                    if(e is AssertIntermediateException) {[0m
     [36m| [0m[34m|[0m /* 284.574 */                        throw e[0m
     [36m| [0m[34m|[0m /* 284.575 */                    }[0m
     [36m| [0m[34m|[0m /* 284.576 */                    if(e is UnittestTimeoutException) {[0m
     [36m| [0m[34m|[0m /* 284.577 */                        throw e[0m
     [36m| [0m[34m|[0m /* 284.578 */                    }[0m
     [36m| [0m[34m|[0m /* 284.579 */                    e[0m
     [36m| [0m[34m|[0m /* 284.580 */                }[0m
     [36m| [0m[34m|[0m /* 284.581 */            } catch(e: Exception) {[0m
     [36m| [0m[34m|[0m /* 284.582 */                if(e is AssertException || e is AssertIntermediateException || e is UnittestTimeoutException) {[0m
     [36m| [0m[34m|[0m /* 284.583 */                    throw e[0m
     [36m| [0m[34m|[0m /* 284.584 */                }[0m
     [36m| [0m[34m|[0m /* 284.585 */                assertCaughtUnexpectedE("@AssertThrows(api.ResolveException)", "api.ResolveException", e.toString())[0m
     [36m| [0m[34m|[0m /* 284.586 */            }[0m
     [36m| [0m[34m|[0m /* 284.587 */            [0m
     [36m| [0m[34m|[0m /* 284.588 */            expectEqual("dnsClientTestCodeIs(conflict.resolveCode, api.ResolveErrorCode.SystemFailure)", "true", dnsClientTestCodeIs(conflict.resolveCode, api.ResolveErrorCode.SystemFailure), true, isDelta: false)[0m
     [36m| [0m[34m|[0m /* 284.589 */            match(conflict.remoteEndpoint) {[0m
     [36m| [0m[34m|[0m /* 284.590 */                case Some(api.NetworkEndpoint.Internet(remote)) => expectEqual("remote", "endpoint", remote, endpoint, isDelta: false)[0m
     [36m| [0m[34m|[0m /* 284.591 */                case _ => fail("conflicting CNAME response lost its responding nameserver")[0m
     [36m| [0m[34m|[0m /* 284.592 */            }[0m
     [36m| [0m[34m|[0m /* 284.593 */            expectEqual("serving.get(Duration.second)", "2", serving.get(Duration.second), 2, isDelta: false)[0m
     [36m| [0m[34m|[0m /* 284.594 */        } finally {[0m
     [36m| [0m[34m|[0m /* 284.595 */            client.close()[0m
     [36m| [0m[34m|[0m /* 284.596 */            server.close()[0m
     [36m| [0m[34m|[0m /* 284.597 */        }[0m
     [36m| [0m[34m|[0m /* 284.598 */    }[0m
     [36m| [0m[34m|[0m /* 284.599 */    [0m
     [36m| [0m[34m|[0m /* 284.600 */    @Attribute[TestCase_12][0m
     [36m| [0m[34m|[0m /* 284.601 */    func fullResultCapacityDoesNotQueryAnotherFamily(): Unit {[0m
     [36m| [0m[34m|[0m /* 284.602 */        let server = UdpSocket.bind(dnsClientTestLoopback(0))[0m
     [36m| [0m[34m|[0m /* 284.603 */        let endpoint = dnsClientTestEndpoint(server)[0m
     [36m| [0m[34m|[0m /* 284.604 */        let serving = spawn { let received = server.receive(512, context: api.OperationContext(deadline: Some(api.Deadline.after(Duration.second))))[0m
     [36m| [0m[34m|[0m /* 284.605 */            let _ = server.sendTo(received.source.getOrThrow(), api.ByteSpan(dnsClientTestAResponse(received.payload,[192u8, 0u8, 2u8, 71u8])))[0m
     [36m| [0m[34m|[0m /* 284.606 */        }[0m
     [36m| [0m[34m|[0m /* 284.607 */        let client = DnsClient(config: dnsClientTestConfig(endpoint))[0m
     [36m| [0m[34m|[0m /* 284.608 */        try {[0m
     [36m| [0m[34m|[0m /* 284.609 */            for(_ in 0 .. 2) {[0m
     [36m| [0m[34m|[0m /* 284.610 */                let result = client.lookup(api.HostName("capacity.test"), options: api.ResolveOptions(family: api.ResolveAddressFamily.Any, maxResults: 1))[0m
     [36m| [0m[34m|[0m /* 284.611 */                expectEqual("result.addresses.size", "1", result.addresses.size, 1, isDelta: false)[0m
     [36m| [0m[34m|[0m /* 284.612 */                expectEqual("result.addresses[0].toOctets()", "[192u8, 0u8, 2u8, 71u8]", result.addresses[0].toOctets(),[192u8, 0u8, 2u8, 71u8], isDelta: false)[0m
     [36m| [0m[34m|[0m /* 284.613 */            }[0m
     [36m| [0m[34m|[0m /* 284.614 */            serving.get(Duration.second)[0m
     [36m| [0m[34m|[0m /* 284.615 */            try {[0m
     [36m| [0m[34m|[0m /* 284.616 */                let _ = server.receive(512, context: api.OperationContext(deadline: Some(api.Deadline.after(50 * Duration.millisecond))))[0m
     [36m| [0m[34m|[0m /* 284.617 */                expectEqual("false", "true", false, true, isDelta: false)[0m
     [36m| [0m[34m|[0m /* 284.618 */            } catch(error: api.NetworkException) {[0m
     [36m| [0m[34m|[0m /* 284.619 */                match(error.code) {[0m
     [36m| [0m[34m|[0m /* 284.620 */                    case api.NetworkErrorCode.TimedOut =>()[0m
     [36m| [0m[34m|[0m /* 284.621 */                    case _ => fail("unexpected receive error")[0m
     [36m| [0m[34m|[0m /* 284.622 */                }[0m
     [36m| [0m[34m|[0m /* 284.623 */            }[0m
     [36m| [0m[34m|[0m /* 284.624 */        } finally {[0m
     [36m| [0m[34m|[0m /* 284.625 */            client.close()[0m
     [36m| [0m[34m|[0m /* 284.626 */            server.close()[0m
     [36m| [0m[34m|[0m /* 284.627 */        }[0m
     [36m| [0m[34m|[0m /* 284.628 */    }[0m
     [36m| [0m[34m|[0m /* 284.629 */    [0m
     [36m| [0m[34m|[0m /* 284.630 */    @Attribute[TestCase_13][0m
     [36m| [0m[34m|[0m /* 284.631 */    func rfc2308CacheRetainsNxdomainVersusNodataWithoutNewPackets(): Unit {[0m
     [36m| [0m[34m|[0m /* 284.632 */        let server = UdpSocket.bind(dnsClientTestLoopback(0))[0m
     [36m| [0m[34m|[0m /* 284.633 */        let endpoint = dnsClientTestEndpoint(server)[0m
     [36m| [0m[34m|[0m /* 284.634 */        let serving: Future < Int64 >= spawn { var served: Int64 = 0[0m
     [36m| [0m[34m|[0m /* 284.635 */            while(served < 3) {[0m
     [36m| [0m[34m|[0m /* 284.636 */                let received = server.receive(512, context: api.OperationContext(deadline: Some(api.Deadline.after(Duration.second))))[0m
     [36m| [0m[34m|[0m /* 284.637 */                let question = DnsMessageParser().parse(received.payload).questions[0][0m
     [36m| [0m[34m|[0m /* 284.638 */                var response = dnsClientTestNegative(received.payload, question.name != "empty.test")[0m
     [36m| [0m[34m|[0m /* 284.639 */                if(question.name == "alias.test") {[0m
     [36m| [0m[34m|[0m /* 284.640 */                    let output = dnsClientTestHeader(received.payload, 0x8183u16, answers: 1, authority: 1)[0m
     [36m| [0m[34m|[0m /* 284.641 */                    dnsClientTestAppendCname(output, "missing.test", 20u32)[0m
     [36m| [0m[34m|[0m /* 284.642 */                    output.add(0u8)[0m
     [36m| [0m[34m|[0m /* 284.643 */                    for(index in(received.payload.size + 2) .. response.size) {[0m
     [36m| [0m[34m|[0m /* 284.644 */                        output.add(response[index])[0m
     [36m| [0m[34m|[0m /* 284.645 */                    }[0m
     [36m| [0m[34m|[0m /* 284.646 */                    response = output.toArray()[0m
     [36m| [0m[34m|[0m /* 284.647 */                }[0m
     [36m| [0m[34m|[0m /* 284.648 */                let _ = server.sendTo(received.source.getOrThrow(), api.ByteSpan(response))[0m
     [36m| [0m[34m|[0m /* 284.649 */                served ++[0m
     [36m| [0m[34m|[0m /* 284.650 */            }[0m
     [36m| [0m[34m|[0m /* 284.651 */            served[0m
     [36m| [0m[34m|[0m /* 284.652 */        }[0m
     [36m| [0m[34m|[0m /* 284.653 */        let client = DnsClient(config: dnsClientTestConfig(endpoint))[0m
     [36m| [0m[34m|[0m /* 284.654 */        let options = api.ResolveOptions(family: api.ResolveAddressFamily.Ipv4)[0m
     [36m| [0m[34m|[0m /* 284.655 */        try {[0m
     [36m| [0m[34m|[0m /* 284.656 */            for(pass in 0 .. 2) {[0m
     [36m| [0m[34m|[0m /* 284.657 */                for(name in["missing.test", "empty.test", "alias.test"]) {[0m
     [36m| [0m[34m|[0m /* 284.658 */                    try {[0m
     [36m| [0m[34m|[0m /* 284.659 */                        let _ = client.lookup(api.HostName(name), options: options)[0m
     [36m| [0m[34m|[0m /* 284.660 */                        expectEqual("false", "true", false, true, isDelta: false)[0m
     [36m| [0m[34m|[0m /* 284.661 */                    } catch(error: api.ResolveException) {[0m
     [36m| [0m[34m|[0m /* 284.662 */                        let expected = if(name == "empty.test") {[0m
     [36m| [0m[34m|[0m /* 284.663 */                            api.ResolveErrorCode.NoData[0m
     [36m| [0m[34m|[0m /* 284.664 */                        }[0m
     [36m| [0m[34m|[0m /* 284.665 */                        else {[0m
     [36m| [0m[34m|[0m /* 284.666 */                            api.ResolveErrorCode.NameNotFound[0m
     [36m| [0m[34m|[0m /* 284.667 */                        }[0m
     [36m| [0m[34m|[0m /* 284.668 */                        [0m
     [36m| [0m[34m|[0m /* 284.669 */                        expectEqual("dnsClientTestCodeIs(error.resolveCode, expected)", "true", dnsClientTestCodeIs(error.resolveCode, expected), true, isDelta: false)[0m
     [36m| [0m[34m|[0m /* 284.670 */                        if(pass == 0) {[0m
     [36m| [0m[34m|[0m /* 284.671 */                            match(error.remoteEndpoint) {[0m
     [36m| [0m[34m|[0m /* 284.672 */                                case Some(api.NetworkEndpoint.Internet(remote)) => expectEqual("remote", "endpoint", remote, endpoint, isDelta: false)[0m
     [36m| [0m[34m|[0m /* 284.673 */                                case _ => fail("live negative answer lost its responding nameserver")[0m
     [36m| [0m[34m|[0m /* 284.674 */                            }[0m
     [36m| [0m[34m|[0m /* 284.675 */                        }[0m
     [36m| [0m[34m|[0m /* 284.676 */                        else {[0m
     [36m| [0m[34m|[0m /* 284.677 */                            expectEqual("error.remoteEndpoint.isNone()", "true", error.remoteEndpoint.isNone(), true, isDelta: false)[0m
     [36m| [0m[34m|[0m /* 284.678 */                        }[0m
     [36m| [0m[34m|[0m /* 284.679 */                    }[0m
     [36m| [0m[34m|[0m /* 284.680 */                }[0m
     [36m| [0m[34m|[0m /* 284.681 */            }[0m
     [36m| [0m[34m|[0m /* 284.682 */            expectEqual("serving.get(Duration.second)", "3", serving.get(Duration.second), 3, isDelta: false)[0m
     [36m| [0m[34m|[0m /* 284.683 */        } finally {[0m
     [36m| [0m[34m|[0m /* 284.684 */            client.close()[0m
     [36m| [0m[34m|[0m /* 284.685 */            server.close()[0m
     [36m| [0m[34m|[0m /* 284.686 */        }[0m
     [36m| [0m[34m|[0m /* 284.687 */    }[0m
     [36m| [0m[34m|[0m /* 284.688 */    [0m
     [36m| [0m[34m|[0m /* 284.689 */    @Attribute[TestCase_14][0m
     [36m| [0m[34m|[0m /* 284.690 */    func zeroTtlNeverCreatesAPositiveCacheEntry(): Unit {[0m
     [36m| [0m[34m|[0m /* 284.691 */        let server = UdpSocket.bind(dnsClientTestLoopback(0))[0m
     [36m| [0m[34m|[0m /* 284.692 */        let endpoint = dnsClientTestEndpoint(server)[0m
     [36m| [0m[34m|[0m /* 284.693 */        let serving: Future < Int64 >= spawn { var served: Int64 = 0[0m
     [36m| [0m[34m|[0m /* 284.694 */            while(served < 2) {[0m
     [36m| [0m[34m|[0m /* 284.695 */                let received = server.receive(512, context: api.OperationContext(deadline: Some(api.Deadline.after(Duration.second))))[0m
     [36m| [0m[34m|[0m /* 284.696 */                let response = dnsClientTestAResponse(received.payload,[192u8, 0u8, 2u8, UInt8(UInt64(served + 1))], ttl: 0u32)[0m
     [36m| [0m[34m|[0m /* 284.697 */                let _ = server.sendTo(received.source.getOrThrow(), api.ByteSpan(response))[0m
     [36m| [0m[34m|[0m /* 284.698 */                served ++[0m
     [36m| [0m[34m|[0m /* 284.699 */            }[0m
     [36m| [0m[34m|[0m /* 284.700 */            served[0m
     [36m| [0m[34m|[0m /* 284.701 */        }[0m
     [36m| [0m[34m|[0m /* 284.702 */        let client = DnsClient(config: dnsClientTestConfig(endpoint))[0m
     [36m| [0m[34m|[0m /* 284.703 */        let options = api.ResolveOptions(family: api.ResolveAddressFamily.Ipv4)[0m
     [36m| [0m[34m|[0m /* 284.704 */        try {[0m
     [36m| [0m[34m|[0m /* 284.705 */            let first = client.lookup(api.HostName("zero.test"), options: options)[0m
     [36m| [0m[34m|[0m /* 284.706 */            let second = client.lookup(api.HostName("zero.test"), options: options)[0m
     [36m| [0m[34m|[0m /* 284.707 */            expectEqual("first.addresses[0].toOctets()", "[192u8, 0u8, 2u8, 1u8]", first.addresses[0].toOctets(),[192u8, 0u8, 2u8, 1u8], isDelta: false)[0m
     [36m| [0m[34m|[0m /* 284.708 */            expectEqual("second.addresses[0].toOctets()", "[192u8, 0u8, 2u8, 2u8]", second.addresses[0].toOctets(),[192u8, 0u8, 2u8, 2u8], isDelta: false)[0m
     [36m| [0m[34m|[0m /* 284.709 */            expectEqual("serving.get(Duration.second)", "2", serving.get(Duration.second), 2, isDelta: false)[0m
     [36m| [0m[34m|[0m /* 284.710 */        } finally {[0m
     [36m| [0m[34m|[0m /* 284.711 */            client.close()[0m
     [36m| [0m[34m|[0m /* 284.712 */            server.close()[0m
     [36m| [0m[34m|[0m /* 284.713 */        }[0m
     [36m| [0m[34m|[0m /* 284.714 */    }[0m
     [36m| [0m[34m|[0m /* 284.715 */    [0m
     [36m| [0m[34m|[0m /* 284.716 */    @Attribute[TestCase_15][0m
     [36m| [0m[34m|[0m /* 284.717 */    func callerCancellationAndClientCloseWakeActiveNativeReceive(): Unit {[0m
     [36m| [0m[34m|[0m /* 284.718 */        let server = UdpSocket.bind(dnsClientTestLoopback(0))[0m
     [36m| [0m[34m|[0m /* 284.719 */        let endpoint = dnsClientTestEndpoint(server)[0m
     [36m| [0m[34m|[0m /* 284.720 */        let firstGate = DnsClientTestGate()[0m
     [36m| [0m[34m|[0m /* 284.721 */        let firstServer = spawn { let _ = server.receive(512, context: api.OperationContext(deadline: Some(api.Deadline.after(Duration.second))))[0m
     [36m| [0m[34m|[0m /* 284.722 */            firstGate.arriveAndWait()[0m
     [36m| [0m[34m|[0m /* 284.723 */        }[0m
     [36m| [0m[34m|[0m /* 284.724 */        let cancellation = api.CancellationSource()[0m
     [36m| [0m[34m|[0m /* 284.725 */        let firstClient = DnsClient(config: dnsClientTestConfig(endpoint))[0m
     [36m| [0m[34m|[0m /* 284.726 */        let cancelled = spawn { dnsClientTestResolveCode({ =>[0m
     [36m| [0m[34m|[0m /* 284.727 */            let _ = firstClient.query("cancel.test", DnsRecordType.A, context: api.OperationContext(cancellation: cancellation.token))[0m
     [36m| [0m[34m|[0m /* 284.728 */        })[0m
     [36m| [0m[34m|[0m /* 284.729 */    }[0m
     [36m| [0m[34m|[0m /* 284.730 */    firstGate.waitForArrival()[0m
     [36m| [0m[34m|[0m /* 284.731 */    cancellation.cancel()[0m
     [36m| [0m[34m|[0m /* 284.732 */    expectEqual("dnsClientTestCodeIs(cancelled.get(Duration.second), api.ResolveErrorCode.Cancelled)", "true", dnsClientTestCodeIs(cancelled.get(Duration.second), api.ResolveErrorCode.Cancelled), true, isDelta: false)[0m
     [36m| [0m[34m|[0m /* 284.733 */    firstGate.release()[0m
     [36m| [0m[34m|[0m /* 284.734 */    firstServer.get(Duration.second)[0m
     [36m| [0m[34m|[0m /* 284.735 */    firstClient.close()[0m
     [36m| [0m[34m|[0m /* 284.736 */    let secondGate = DnsClientTestGate()[0m
     [36m| [0m[34m|[0m /* 284.737 */    let secondServer = spawn { let _ = server.receive(512, context: api.OperationContext(deadline: Some(api.Deadline.after(Duration.second))))[0m
     [36m| [0m[34m|[0m /* 284.738 */        secondGate.arriveAndWait()[0m
     [36m| [0m[34m|[0m /* 284.739 */    }[0m
     [36m| [0m[34m|[0m /* 284.740 */    let secondClient = DnsClient(config: dnsClientTestConfig(endpoint))[0m
     [36m| [0m[34m|[0m /* 284.741 */    let closed = spawn { dnsClientTestResolveCode({ =>[0m
     [36m| [0m[34m|[0m /* 284.742 */        let _ = secondClient.query("close.test", DnsRecordType.A)[0m
     [36m| [0m[34m|[0m /* 284.743 */    })[0m
     [36m| [0m[34m|[0m /* 284.744 */}[0m
     [36m| [0m[34m|[0m /* 284.745 */secondGate.waitForArrival()[0m
     [36m| [0m[34m|[0m /* 284.746 */secondClient.close()[0m
     [36m| [0m[34m|[0m /* 284.747 */expectEqual("dnsClientTestCodeIs(closed.get(Duration.second), api.ResolveErrorCode.Cancelled)", "true", dnsClientTestCodeIs(closed.get(Duration.second), api.ResolveErrorCode.Cancelled), true, isDelta: false)[0m
     [36m| [0m[34m|[0m /* 284.748 */expectEqual("secondClient.isClosed()", "true", secondClient.isClosed(), true, isDelta: false)[0m
     [36m| [0m[34m|[0m /* 284.749 */let afterClose = dnsClientTestResolveCode({ =>[0m
     [36m| [0m[34m|[0m /* 284.750 */    let _ = secondClient.query("after-close.test", DnsRecordType.A)[0m
     [36m| [0m[34m|[0m /* 284.751 */})[0m
     [36m| [0m[34m|[0m /* 284.752 */expectEqual("dnsClientTestCodeIs(afterClose, api.ResolveErrorCode.SystemFailure)", "true", dnsClientTestCodeIs(afterClose, api.ResolveErrorCode.SystemFailure), true, isDelta: false)[0m
     [36m| [0m[34m|[0m /* 284.753 */secondGate.release()[0m
     [36m| [0m[34m|[0m /* 284.754 */secondServer.get(Duration.second)[0m
     [36m| [0m[34m|[0m /* 284.755 */server.close()[0m
     [36m| [0m[34m|[0m /* 284.756 */}[0m
     [36m| [0m[34m|[0m /* 284.757 */[0m
     [36m| [0m[34m|[0m /* 284.758 */@Attribute[TestCase_16][0m
     [36m| [0m[34m|[0m /* 284.759 */func anyFamilyRetainsAddressesWhenTheOtherFamilyFails(): Unit {[0m
     [36m| [0m[34m|[0m /* 284.760 */for((failingType, flags) in[(1, 0x8182u16),(28, 0x8181u16)]) {[0m
     [36m| [0m[34m|[0m /* 284.761 */    let server = UdpSocket.bind(dnsClientTestLoopback(0))[0m
     [36m| [0m[34m|[0m /* 284.762 */    let endpoint = dnsClientTestEndpoint(server)[0m
     [36m| [0m[34m|[0m /* 284.763 */    let serving = spawn { for(_ in 0 .. 2) {[0m
     [36m| [0m[34m|[0m /* 284.764 */        let received = server.receive(512, context: api.OperationContext(deadline: Some(api.Deadline.after(Duration.second))))[0m
     [36m| [0m[34m|[0m /* 284.765 */        let query = received.payload[0m
     [36m| [0m[34m|[0m /* 284.766 */        let kind = Int64(query[query.size - 3])[0m
     [36m| [0m[34m|[0m /* 284.767 */        let response = if(kind == failingType) {[0m
     [36m| [0m[34m|[0m /* 284.768 */            dnsClientTestHeader(query, flags).toArray()[0m
     [36m| [0m[34m|[0m /* 284.769 */        }[0m
     [36m| [0m[34m|[0m /* 284.770 */        else {[0m
     [36m| [0m[34m|[0m /* 284.771 */            let output = dnsClientTestHeader(query, 0x8180u16, answers: 1)[0m
     [36m| [0m[34m|[0m /* 284.772 */            dnsClientTestAppendU16(output, 0xC00C)[0m
     [36m| [0m[34m|[0m /* 284.773 */            dnsClientTestAppendU16(output, kind)[0m
     [36m| [0m[34m|[0m /* 284.774 */            dnsClientTestAppendU16(output, 1)[0m
     [36m| [0m[34m|[0m /* 284.775 */            dnsClientTestAppendU32(output, 30u32)[0m
     [36m| [0m[34m|[0m /* 284.776 */            let bytes = if(kind == 1) {[0m
     [36m| [0m[34m|[0m /* 284.777 */                [192u8, 0u8, 2u8, 44u8][0m
     [36m| [0m[34m|[0m /* 284.778 */            }[0m
     [36m| [0m[34m|[0m /* 284.779 */            else {[0m
     [36m| [0m[34m|[0m /* 284.780 */                Array < Byte >(16, repeat: 1u8)[0m
     [36m| [0m[34m|[0m /* 284.781 */            }[0m
     [36m| [0m[34m|[0m /* 284.782 */            [0m
     [36m| [0m[34m|[0m /* 284.783 */            dnsClientTestAppendU16(output, bytes.size)[0m
     [36m| [0m[34m|[0m /* 284.784 */            for(value in bytes) {[0m
     [36m| [0m[34m|[0m /* 284.785 */                output.add(value)[0m
     [36m| [0m[34m|[0m /* 284.786 */            }[0m
     [36m| [0m[34m|[0m /* 284.787 */            output.toArray()[0m
     [36m| [0m[34m|[0m /* 284.788 */        }[0m
     [36m| [0m[34m|[0m /* 284.789 */        [0m
     [36m| [0m[34m|[0m /* 284.790 */        let _ = server.sendTo(received.source.getOrThrow(), api.ByteSpan(response))[0m
     [36m| [0m[34m|[0m /* 284.791 */    }[0m
     [36m| [0m[34m|[0m /* 284.792 */    true[0m
     [36m| [0m[34m|[0m /* 284.793 */}[0m
     [36m| [0m[34m|[0m /* 284.794 */let client = DnsClient(config: dnsClientTestConfig(endpoint))[0m
     [36m| [0m[34m|[0m /* 284.795 */try {[0m
     [36m| [0m[34m|[0m /* 284.796 */    let result = client.lookup(api.HostName("family.test"))[0m
     [36m| [0m[34m|[0m /* 284.797 */    assertEqual("result.addresses.size", "1", result.addresses.size, 1, isDelta: false)[0m
     [36m| [0m[34m|[0m /* 284.798 */    expectEqual("result.addresses[0].toOctets()", "if(failingType == 1) {\n    Array < Byte >(16, repeat: 1u8)\n}\nelse {\n    [192u8, 0u8, 2u8, 44u8]\n}\n", result.addresses[0].toOctets(), if(failingType == 1) {[0m
     [36m| [0m[34m|[0m /* 284.799 */        Array < Byte >(16, repeat: 1u8)[0m
     [36m| [0m[34m|[0m /* 284.800 */    }[0m
     [36m| [0m[34m|[0m /* 284.801 */    else {[0m
     [36m| [0m[34m|[0m /* 284.802 */        [192u8, 0u8, 2u8, 44u8][0m
     [36m| [0m[34m|[0m /* 284.803 */    }[0m
     [36m| [0m[34m|[0m /* 284.804 */    , isDelta: false)[0m
     [36m| [0m[34m|[0m /* 284.805 */    expectEqual("serving.get(Duration.second)", "true", serving.get(Duration.second), true, isDelta: false)[0m
     [36m| [0m[34m|[0m /* 284.806 */} finally {[0m
     [36m| [0m[34m|[0m /* 284.807 */    client.close()[0m
     [36m| [0m[34m|[0m /* 284.808 */    server.close()[0m
     [36m| [0m[34m|[0m /* 284.809 */}[0m
     [36m| [0m[34m|[0m /* 284.810 */}[0m
     [36m| [0m[34m|[0m /* 284.811 */}[0m
     [36m| [0m[34m|[0m /* 284.812 */[0m
     [36m| [0m[34m|[0m /* 284.813 */@Attribute[TestCase_17][0m
     [36m| [0m[34m|[0m /* 284.814 */func crossFamilyConflictsRetainTheLivePeerAlongsideCachedResults(): Unit {[0m
     [36m| [0m[34m|[0m /* 284.815 */for(cachedFamily in[api.ResolveAddressFamily.Ipv4, api.ResolveAddressFamily.Ipv6]) {[0m
     [36m| [0m[34m|[0m /* 284.816 */let server = UdpSocket.bind(dnsClientTestLoopback(0))[0m
     [36m| [0m[34m|[0m /* 284.817 */let endpoint = dnsClientTestEndpoint(server)[0m
     [36m| [0m[34m|[0m /* 284.818 */let serving = spawn { for(_ in 0 .. 2) {[0m
     [36m| [0m[34m|[0m /* 284.819 */    let received = server.receive(512, context: api.OperationContext(deadline: Some(api.Deadline.after(Duration.second))))[0m
     [36m| [0m[34m|[0m /* 284.820 */    let query = received.payload[0m
     [36m| [0m[34m|[0m /* 284.821 */    let kind = Int64(query[query.size - 3])[0m
     [36m| [0m[34m|[0m /* 284.822 */    let target = if(kind == 1) {[0m
     [36m| [0m[34m|[0m /* 284.823 */        "v4.test"[0m
     [36m| [0m[34m|[0m /* 284.824 */    }[0m
     [36m| [0m[34m|[0m /* 284.825 */    else {[0m
     [36m| [0m[34m|[0m /* 284.826 */        "v6.test"[0m
     [36m| [0m[34m|[0m /* 284.827 */    }[0m
     [36m| [0m[34m|[0m /* 284.828 */    [0m
     [36m| [0m[34m|[0m /* 284.829 */    let output = dnsClientTestHeader(query, 0x8180u16, answers: 2)[0m
     [36m| [0m[34m|[0m /* 284.830 */    dnsClientTestAppendCname(output, target, 30u32)[0m
     [36m| [0m[34m|[0m /* 284.831 */    for(value in dnsClientTestName(target)) {[0m
     [36m| [0m[34m|[0m /* 284.832 */        output.add(value)[0m
     [36m| [0m[34m|[0m /* 284.833 */    }[0m
     [36m| [0m[34m|[0m /* 284.834 */    dnsClientTestAppendU16(output, kind)[0m
     [36m| [0m[34m|[0m /* 284.835 */    dnsClientTestAppendU16(output, 1)[0m
     [36m| [0m[34m|[0m /* 284.836 */    dnsClientTestAppendU32(output, 30u32)[0m
     [36m| [0m[34m|[0m /* 284.837 */    let bytes = if(kind == 1) {[0m
     [36m| [0m[34m|[0m /* 284.838 */        [192u8, 0u8, 2u8, 81u8][0m
     [36m| [0m[34m|[0m /* 284.839 */    }[0m
     [36m| [0m[34m|[0m /* 284.840 */    else {[0m
     [36m| [0m[34m|[0m /* 284.841 */        Array < Byte >(16, repeat: 1u8)[0m
     [36m| [0m[34m|[0m /* 284.842 */    }[0m
     [36m| [0m[34m|[0m /* 284.843 */    [0m
     [36m| [0m[34m|[0m /* 284.844 */    dnsClientTestAppendU16(output, bytes.size)[0m
     [36m| [0m[34m|[0m /* 284.845 */    for(value in bytes) {[0m
     [36m| [0m[34m|[0m /* 284.846 */        output.add(value)[0m
     [36m| [0m[34m|[0m /* 284.847 */    }[0m
     [36m| [0m[34m|[0m /* 284.848 */    let _ = server.sendTo(received.source.getOrThrow(), api.ByteSpan(output.toArray()))[0m
     [36m| [0m[34m|[0m /* 284.849 */}[0m
     [36m| [0m[34m|[0m /* 284.850 */}[0m
     [36m| [0m[34m|[0m /* 284.851 */let client = DnsClient(config: dnsClientTestConfig(endpoint))[0m
     [36m| [0m[34m|[0m /* 284.852 */try {[0m
     [36m| [0m[34m|[0m /* 284.853 */let _ = client.lookup(api.HostName("split.test"), options: api.ResolveOptions(family: cachedFamily))[0m
     [36m| [0m[34m|[0m /* 284.854 */for(pass in 0 .. 2) {[0m
     [36m| [0m[34m|[0m /* 284.855 */    let error = try {[0m
     [36m| [0m[34m|[0m /* 284.856 */        try {[0m
     [36m| [0m[34m|[0m /* 284.857 */            assertEqual("true", "true", true, true)[0m
     [36m| [0m[34m|[0m /* 284.858 */            client.lookup(api.HostName("split.test"))[0m
     [36m| [0m[34m|[0m /* 284.859 */            fail("@AssertThrows: Expected 'api.ResolveException' was not caught.")[0m
     [36m| [0m[34m|[0m /* 284.860 */        } catch(e: api.ResolveException) {[0m
     [36m| [0m[34m|[0m /* 284.861 */            if(e is AssertException) {[0m
     [36m| [0m[34m|[0m /* 284.862 */                throw e[0m
     [36m| [0m[34m|[0m /* 284.863 */            }[0m
     [36m| [0m[34m|[0m /* 284.864 */            if(e is AssertIntermediateException) {[0m
     [36m| [0m[34m|[0m /* 284.865 */                throw e[0m
     [36m| [0m[34m|[0m /* 284.866 */            }[0m
     [36m| [0m[34m|[0m /* 284.867 */            if(e is UnittestTimeoutException) {[0m
     [36m| [0m[34m|[0m /* 284.868 */                throw e[0m
     [36m| [0m[34m|[0m /* 284.869 */            }[0m
     [36m| [0m[34m|[0m /* 284.870 */            e[0m
     [36m| [0m[34m|[0m /* 284.871 */        }[0m
     [36m| [0m[34m|[0m /* 284.872 */    } catch(e: Exception) {[0m
     [36m| [0m[34m|[0m /* 284.873 */        if(e is AssertException || e is AssertIntermediateException || e is UnittestTimeoutException) {[0m
     [36m| [0m[34m|[0m /* 284.874 */            throw e[0m
     [36m| [0m[34m|[0m /* 284.875 */        }[0m
     [36m| [0m[34m|[0m /* 284.876 */        assertCaughtUnexpectedE("@AssertThrows(api.ResolveException)", "api.ResolveException", e.toString())[0m
     [36m| [0m[34m|[0m /* 284.877 */    }[0m
     [36m| [0m[34m|[0m /* 284.878 */    [0m
     [36m| [0m[34m|[0m /* 284.879 */    expectEqual("dnsClientTestCodeIs(error.resolveCode, api.ResolveErrorCode.SystemFailure)", "true", dnsClientTestCodeIs(error.resolveCode, api.ResolveErrorCode.SystemFailure), true, isDelta: false)[0m
     [36m| [0m[34m|[0m /* 284.880 */    if(pass == 0) {[0m
     [36m| [0m[34m|[0m /* 284.881 */        match(error.remoteEndpoint) {[0m
     [36m| [0m[34m|[0m /* 284.882 */            case Some(api.NetworkEndpoint.Internet(remote)) => expectEqual("remote", "endpoint", remote, endpoint, isDelta: false)[0m
     [36m| [0m[34m|[0m /* 284.883 */            case _ => fail("cross-family conflict lost its live responding nameserver")[0m
     [36m| [0m[34m|[0m /* 284.884 */        }[0m
     [36m| [0m[34m|[0m /* 284.885 */    }[0m
     [36m| [0m[34m|[0m /* 284.886 */    else {[0m
     [36m| [0m[34m|[0m /* 284.887 */        expectEqual("error.remoteEndpoint.isNone()", "true", error.remoteEndpoint.isNone(), true, isDelta: false)[0m
     [36m| [0m[34m|[0m /* 284.888 */    }[0m
     [36m| [0m[34m|[0m /* 284.889 */}[0m
     [36m| [0m[34m|[0m /* 284.890 */serving.get(Duration.second)[0m
     [36m| [0m[34m|[0m /* 284.891 */} finally {[0m
     [36m| [0m[34m|[0m /* 284.892 */client.close()[0m
     [36m| [0m[34m|[0m /* 284.893 */server.close()[0m
     [36m| [0m[34m|[0m /* 284.894 */}[0m
     [36m| [0m[34m|[0m /* 284.895 */}[0m
     [36m| [0m[34m|[0m /* 284.896 */}[0m
     [36m| [0m[34m|[0m /* 284.897 */[0m
     [36m| [0m[34m|[0m /* 284.898 */@Attribute[TestCase_18][0m
     [36m| [0m[34m|[0m /* 284.899 */func noncacheableNxdomainStopsOtherFamilyQueries(): Unit {[0m
     [36m| [0m[34m|[0m /* 284.900 */let server = UdpSocket.bind(dnsClientTestLoopback(0))[0m
     [36m| [0m[34m|[0m /* 284.901 */let endpoint = dnsClientTestEndpoint(server)[0m
     [36m| [0m[34m|[0m /* 284.902 */let mutex = Mutex()[0m
     [36m| [0m[34m|[0m /* 284.903 */var served: Int64 = 0[0m
     [36m| [0m[34m|[0m /* 284.904 */let serving = spawn { for(index in 0 .. 2) {[0m
     [36m| [0m[34m|[0m /* 284.905 */let received = server.receive(512, context: api.OperationContext(deadline: Some(api.Deadline.after(Duration.second))))[0m
     [36m| [0m[34m|[0m /* 284.906 */let response = if(index == 0) {[0m
     [36m| [0m[34m|[0m /* 284.907 */dnsClientTestHeader(received.payload, 0x8183u16).toArray()[0m
     [36m| [0m[34m|[0m /* 284.908 */}[0m
     [36m| [0m[34m|[0m /* 284.909 */else {[0m
     [36m| [0m[34m|[0m /* 284.910 */let output = dnsClientTestHeader(received.payload, 0x8180u16, answers: 1)[0m
     [36m| [0m[34m|[0m /* 284.911 */dnsClientTestAppendU16(output, 0xC00C)[0m
     [36m| [0m[34m|[0m /* 284.912 */dnsClientTestAppendU16(output, 28)[0m
     [36m| [0m[34m|[0m /* 284.913 */dnsClientTestAppendU16(output, 1)[0m
     [36m| [0m[34m|[0m /* 284.914 */dnsClientTestAppendU32(output, 30u32)[0m
     [36m| [0m[34m|[0m /* 284.915 */dnsClientTestAppendU16(output, 16)[0m
     [36m| [0m[34m|[0m /* 284.916 */for(_ in 0 .. 16) {[0m
     [36m| [0m[34m|[0m /* 284.917 */    output.add(1u8)[0m
     [36m| [0m[34m|[0m /* 284.918 */}[0m
     [36m| [0m[34m|[0m /* 284.919 */output.toArray()[0m
     [36m| [0m[34m|[0m /* 284.920 */}[0m
     [36m| [0m[34m|[0m /* 284.921 */[0m
     [36m| [0m[34m|[0m /* 284.922 */synchronized(mutex) {[0m
     [36m| [0m[34m|[0m /* 284.923 */served ++[0m
     [36m| [0m[34m|[0m /* 284.924 */}[0m
     [36m| [0m[34m|[0m /* 284.925 */let _ = server.sendTo(received.source.getOrThrow(), api.ByteSpan(response))[0m
     [36m| [0m[34m|[0m /* 284.926 */}[0m
     [36m| [0m[34m|[0m /* 284.927 */}[0m
     [36m| [0m[34m|[0m /* 284.928 */let client = DnsClient(config: dnsClientTestConfig(endpoint))[0m
     [36m| [0m[34m|[0m /* 284.929 */try {[0m
     [36m| [0m[34m|[0m /* 284.930 */let error = try {[0m
     [36m| [0m[34m|[0m /* 284.931 */try {[0m
     [36m| [0m[34m|[0m /* 284.932 */assertEqual("true", "true", true, true)[0m
     [36m| [0m[34m|[0m /* 284.933 */client.lookup(api.HostName("uncached-negative.test"))[0m
     [36m| [0m[34m|[0m /* 284.934 */fail("@AssertThrows: Expected 'api.ResolveException' was not caught.")[0m
     [36m| [0m[34m|[0m /* 284.935 */} catch(e: api.ResolveException) {[0m
     [36m| [0m[34m|[0m /* 284.936 */if(e is AssertException) {[0m
     [36m| [0m[34m|[0m /* 284.937 */    throw e[0m
     [36m| [0m[34m|[0m /* 284.938 */}[0m
     [36m| [0m[34m|[0m /* 284.939 */if(e is AssertIntermediateException) {[0m
     [36m| [0m[34m|[0m /* 284.940 */    throw e[0m
     [36m| [0m[34m|[0m /* 284.941 */}[0m
     [36m| [0m[34m|[0m /* 284.942 */if(e is UnittestTimeoutException) {[0m
     [36m| [0m[34m|[0m /* 284.943 */    throw e[0m
     [36m| [0m[34m|[0m /* 284.944 */}[0m
     [36m| [0m[34m|[0m /* 284.945 */e[0m
     [36m| [0m[34m|[0m /* 284.946 */}[0m
     [36m| [0m[34m|[0m /* 284.947 */} catch(e: Exception) {[0m
     [36m| [0m[34m|[0m /* 284.948 */if(e is AssertException || e is AssertIntermediateException || e is UnittestTimeoutException) {[0m
     [36m| [0m[34m|[0m /* 284.949 */throw e[0m
     [36m| [0m[34m|[0m /* 284.950 */}[0m
     [36m| [0m[34m|[0m /* 284.951 */assertCaughtUnexpectedE("@AssertThrows(api.ResolveException)", "api.ResolveException", e.toString())[0m
     [36m| [0m[34m|[0m /* 284.952 */}[0m
     [36m| [0m[34m|[0m /* 284.953 */[0m
     [36m| [0m[34m|[0m /* 284.954 */expectEqual("dnsClientTestCodeIs(error.resolveCode, api.ResolveErrorCode.NameNotFound)", "true", dnsClientTestCodeIs(error.resolveCode, api.ResolveErrorCode.NameNotFound), true, isDelta: false)[0m
     [36m| [0m[34m|[0m /* 284.955 */expectEqual("synchronized(mutex) {\n    served\n}\n", "1", synchronized(mutex) {[0m
     [36m| [0m[34m|[0m /* 284.956 */served[0m
     [36m| [0m[34m|[0m /* 284.957 */}[0m
     [36m| [0m[34m|[0m /* 284.958 */, 1, isDelta: false)[0m
     [36m| [0m[34m|[0m /* 284.959 */let later = client.lookup(api.HostName("uncached-negative.test"), options: api.ResolveOptions(family: api.ResolveAddressFamily.Ipv6))[0m
     [36m| [0m[34m|[0m /* 284.960 */expectEqual("later.addresses[0].toOctets()", "Array < Byte >(16, repeat: 1u8)", later.addresses[0].toOctets(), Array < Byte >(16, repeat: 1u8), isDelta: false)[0m
     [36m| [0m[34m|[0m /* 284.961 */serving.get(Duration.second)[0m
     [36m| [0m[34m|[0m /* 284.962 */} finally {[0m
     [36m| [0m[34m|[0m /* 284.963 */client.close()[0m
     [36m| [0m[34m|[0m /* 284.964 */server.close()[0m
     [36m| [0m[34m|[0m /* 284.965 */}[0m
     [36m| [0m[34m|[0m /* 284.966 */}[0m
     [36m| [0m[34m|[0m /* 284.967 */[0m
     [36m| [0m[34m|[0m /* 284.968 */@Attribute[TestCase_19][0m
     [36m| [0m[34m|[0m /* 284.969 */func nameWideNegativeOverridesEarlierFamilyFailure(): Unit {[0m
     [36m| [0m[34m|[0m /* 284.970 */let server = UdpSocket.bind(dnsClientTestLoopback(0))[0m
     [36m| [0m[34m|[0m /* 284.971 */let endpoint = dnsClientTestEndpoint(server)[0m
     [36m| [0m[34m|[0m /* 284.972 */let serving = spawn { for(_ in 0 .. 2) {[0m
     [36m| [0m[34m|[0m /* 284.973 */let received = server.receive(512, context: api.OperationContext(deadline: Some(api.Deadline.after(Duration.second))))[0m
     [36m| [0m[34m|[0m /* 284.974 */let query = received.payload[0m
     [36m| [0m[34m|[0m /* 284.975 */let response = if(query[query.size - 3] == 1u8) {[0m
     [36m| [0m[34m|[0m /* 284.976 */dnsClientTestHeader(query, 0x8182u16).toArray()[0m
     [36m| [0m[34m|[0m /* 284.977 */}[0m
     [36m| [0m[34m|[0m /* 284.978 */else {[0m
     [36m| [0m[34m|[0m /* 284.979 */dnsClientTestNegative(query, true)[0m
     [36m| [0m[34m|[0m /* 284.980 */}[0m
     [36m| [0m[34m|[0m /* 284.981 */[0m
     [36m| [0m[34m|[0m /* 284.982 */let _ = server.sendTo(received.source.getOrThrow(), api.ByteSpan(response))[0m
     [36m| [0m[34m|[0m /* 284.983 */}[0m
     [36m| [0m[34m|[0m /* 284.984 */}[0m
     [36m| [0m[34m|[0m /* 284.985 */let client = DnsClient(config: dnsClientTestConfig(endpoint))[0m
     [36m| [0m[34m|[0m /* 284.986 */try {[0m
     [36m| [0m[34m|[0m /* 284.987 */for(pass in 0 .. 2) {[0m
     [36m| [0m[34m|[0m /* 284.988 */let error = try {[0m
     [36m| [0m[34m|[0m /* 284.989 */try {[0m
     [36m| [0m[34m|[0m /* 284.990 */assertEqual("true", "true", true, true)[0m
     [36m| [0m[34m|[0m /* 284.991 */client.lookup(api.HostName("definitive.test"))[0m
     [36m| [0m[34m|[0m /* 284.992 */fail("@AssertThrows: Expected 'api.ResolveException' was not caught.")[0m
     [36m| [0m[34m|[0m /* 284.993 */} catch(e: api.ResolveException) {[0m
     [36m| [0m[34m|[0m /* 284.994 */if(e is AssertException) {[0m
     [36m| [0m[34m|[0m /* 284.995 */    throw e[0m
     [36m| [0m[34m|[0m /* 284.996 */}[0m
     [36m| [0m[34m|[0m /* 284.997 */if(e is AssertIntermediateException) {[0m
     [36m| [0m[34m|[0m /* 284.998 */    throw e[0m
     [36m| [0m[34m|[0m /* 284.999 */}[0m
     [36m| [0m[34m|[0m /* 284.1000 */if(e is UnittestTimeoutException) {[0m
     [36m| [0m[34m|[0m /* 284.1001 */    throw e[0m
     [36m| [0m[34m|[0m /* 284.1002 */}[0m
     [36m| [0m[34m|[0m /* 284.1003 */e[0m
     [36m| [0m[34m|[0m /* 284.1004 */}[0m
     [36m| [0m[34m|[0m /* 284.1005 */} catch(e: Exception) {[0m
     [36m| [0m[34m|[0m /* 284.1006 */if(e is AssertException || e is AssertIntermediateException || e is UnittestTimeoutException) {[0m
     [36m| [0m[34m|[0m /* 284.1007 */throw e[0m
     [36m| [0m[34m|[0m /* 284.1008 */}[0m
     [36m| [0m[34m|[0m /* 284.1009 */assertCaughtUnexpectedE("@AssertThrows(api.ResolveException)", "api.ResolveException", e.toString())[0m
     [36m| [0m[34m|[0m /* 284.1010 */}[0m
     [36m| [0m[34m|[0m /* 284.1011 */[0m
     [36m| [0m[34m|[0m /* 284.1012 */expectEqual("dnsClientTestCodeIs(error.resolveCode, api.ResolveErrorCode.NameNotFound)", "true", dnsClientTestCodeIs(error.resolveCode, api.ResolveErrorCode.NameNotFound), true, isDelta: false)[0m
     [36m| [0m[34m|[0m /* 284.1013 */if(pass == 0) {[0m
     [36m| [0m[34m|[0m /* 284.1014 */match(error.remoteEndpoint) {[0m
     [36m| [0m[34m|[0m /* 284.1015 */case Some(api.NetworkEndpoint.Internet(remote)) => expectEqual("remote", "endpoint", remote, endpoint, isDelta: false)[0m
     [36m| [0m[34m|[0m /* 284.1016 */case _ => fail("definitive negative response lost its nameserver")[0m
     [36m| [0m[34m|[0m /* 284.1017 */}[0m
     [36m| [0m[34m|[0m /* 284.1018 */}[0m
     [36m| [0m[34m|[0m /* 284.1019 */else {[0m
     [36m| [0m[34m|[0m /* 284.1020 */expectEqual("error.remoteEndpoint.isNone()", "true", error.remoteEndpoint.isNone(), true, isDelta: false)[0m
     [36m| [0m[34m|[0m /* 284.1021 */}[0m
     [36m| [0m[34m|[0m /* 284.1022 */}[0m
     [36m| [0m[34m|[0m /* 284.1023 */serving.get(Duration.second)[0m
     [36m| [0m[34m|[0m /* 284.1024 */} finally {[0m
     [36m| [0m[34m|[0m /* 284.1025 */client.close()[0m
     [36m| [0m[34m|[0m /* 284.1026 */server.close()[0m
     [36m| [0m[34m|[0m /* 284.1027 */}[0m
     [36m| [0m[34m|[0m /* 284.1028 */}[0m
     [36m| [0m[34m|[0m /* 284.1029 */[0m
     [36m| [0m[34m|[0m /* 284.1030 */@Attribute[TestCase_20][0m
     [36m| [0m[34m|[0m /* 284.1031 */func boundedAdmissionRejectsExcessAndCloseWakesQueuedCallers(): Unit {[0m
     [36m| [0m[34m|[0m /* 284.1032 */let server = UdpSocket.bind(dnsClientTestLoopback(0))[0m
     [36m| [0m[34m|[0m /* 284.1033 */let endpoint = dnsClientTestEndpoint(server)[0m
     [36m| [0m[34m|[0m /* 284.1034 */let activeGate = DnsClientTestGate()[0m
     [36m| [0m[34m|[0m /* 284.1035 */let serverTask = spawn { let _ = server.receive(512, context: api.OperationContext(deadline: Some(api.Deadline.after(Duration.second))))[0m
     [36m| [0m[34m|[0m /* 284.1036 */activeGate.arriveAndWait()[0m
     [36m| [0m[34m|[0m /* 284.1037 */}[0m
     [36m| [0m[34m|[0m /* 284.1038 */let client = DnsClient(config: dnsClientTestConfig(endpoint), workerCount: 1, queueCapacity: 1)[0m
     [36m| [0m[34m|[0m /* 284.1039 */let activeQuery = spawn { dnsClientTestResolveCode({ =>[0m
     [36m| [0m[34m|[0m /* 284.1040 */let _ = client.query("active.test", DnsRecordType.A)[0m
     [36m| [0m[34m|[0m /* 284.1041 */})[0m
     [36m| [0m[34m|[0m /* 284.1042 */}[0m
     [36m| [0m[34m|[0m /* 284.1043 */activeGate.waitForArrival()[0m
     [36m| [0m[34m|[0m /* 284.1044 */let simultaneous = SyncCounter(4)[0m
     [36m| [0m[34m|[0m /* 284.1045 */let completed = DnsClientTestCompletion()[0m
     [36m| [0m[34m|[0m /* 284.1046 */let contenders = ArrayList < Future < api.ResolveErrorCode >>()[0m
     [36m| [0m[34m|[0m /* 284.1047 */for(index in 0 .. 4) {[0m
     [36m| [0m[34m|[0m /* 284.1048 */contenders.add(spawn { simultaneous.dec()[0m
     [36m| [0m[34m|[0m /* 284.1049 */simultaneous.waitUntilZero()[0m
     [36m| [0m[34m|[0m /* 284.1050 */let code = dnsClientTestResolveCode({ =>[0m
     [36m| [0m[34m|[0m /* 284.1051 */let _ = client.query("queued-${index}.test", DnsRecordType.A, context: api.OperationContext(deadline: Some(api.Deadline.after(Duration.second))))[0m
     [36m| [0m[34m|[0m /* 284.1052 */})[0m
     [36m| [0m[34m|[0m /* 284.1053 */completed.finish()[0m
     [36m| [0m[34m|[0m /* 284.1054 */code[0m
     [36m| [0m[34m|[0m /* 284.1055 */})[0m
     [36m| [0m[34m|[0m /* 284.1056 */}[0m
     [36m| [0m[34m|[0m /* 284.1057 */simultaneous.waitUntilZero()[0m
     [36m| [0m[34m|[0m /* 284.1058 */completed.waitFor(3)[0m
     [36m| [0m[34m|[0m /* 284.1059 */let closing = spawn { client.close()[0m
     [36m| [0m[34m|[0m /* 284.1060 */true[0m
     [36m| [0m[34m|[0m /* 284.1061 */}[0m
     [36m| [0m[34m|[0m /* 284.1062 */expectEqual("closing.get(Duration.second)", "true", closing.get(Duration.second), true, isDelta: false)[0m
     [36m| [0m[34m|[0m /* 284.1063 */expectEqual("dnsClientTestCodeIs(activeQuery.get(Duration.second), api.ResolveErrorCode.Cancelled)", "true", dnsClientTestCodeIs(activeQuery.get(Duration.second), api.ResolveErrorCode.Cancelled), true, isDelta: false)[0m
     [36m| [0m[34m|[0m /* 284.1064 */var temporaryFailures: Int64 = 0[0m
     [36m| [0m[34m|[0m /* 284.1065 */var cancellations: Int64 = 0[0m
     [36m| [0m[34m|[0m /* 284.1066 */for(contender in contenders) {[0m
     [36m| [0m[34m|[0m /* 284.1067 */let code = contender.get(Duration.second)[0m
     [36m| [0m[34m|[0m /* 284.1068 */match(code) {[0m
     [36m| [0m[34m|[0m /* 284.1069 */case api.ResolveErrorCode.TemporaryFailure => temporaryFailures ++[0m
     [36m| [0m[34m|[0m /* 284.1070 */case api.ResolveErrorCode.Cancelled => cancellations ++[0m
     [36m| [0m[34m|[0m /* 284.1071 */case api.ResolveErrorCode.SystemFailure =>()[0m
     [36m| [0m[34m|[0m /* 284.1072 */case _ => fail("bounded contender returned an unexpected resolver error")[0m
     [36m| [0m[34m|[0m /* 284.1073 */}[0m
     [36m| [0m[34m|[0m /* 284.1074 */}[0m
     [36m| [0m[34m|[0m /* 284.1075 */activeGate.release()[0m
     [36m| [0m[34m|[0m /* 284.1076 */serverTask.get(Duration.second)[0m
     [36m| [0m[34m|[0m /* 284.1077 */server.close()[0m
     [36m| [0m[34m|[0m /* 284.1078 */expectEqual("temporaryFailures", "3", temporaryFailures, 3, isDelta: false)[0m
     [36m| [0m[34m|[0m /* 284.1079 */expectEqual("cancellations", "1", cancellations, 1, isDelta: false)[0m
     [36m| [0m[34m|[0m /* 284.1080 */}[0m
     [36m| [0m[34m|[0m /* 284.1081 */[0m
     [36m| [0m[34m|[0m /* 284.1082 */init() {[0m
     [36m| [0m[34m|[0m /* 284.1083 */}[0m
     [36m| [0m[34m|[0m /* 284.1084 */private func classConfiguration(): Configuration {[0m
     [36m| [0m[34m|[0m /* 284.1085 */let configuration = Configuration()[0m
     [36m| [0m[34m|[0m /* 284.1086 */[0m
     [36m| [0m[34m|[0m /* 284.1087 */return configuration[0m
     [36m| [0m[34m|[0m /* 284.1088 */}[0m
     [36m| [0m[34m|[0m /* 284.1089 */public override func asTestSuite(): TestSuite {[0m
     [36m| [0m[34m|[0m /* 284.1090 */[0m
     [36m| [0m[34m|[0m /* 284.1091 */let suiteConfiguration = classConfiguration()[0m
     [36m| [0m[34m|[0m /* 284.1092 */let suiteBuilder = TestSuite.builder("DnsClientWireTest").configure(suiteConfiguration)[0m
     [36m| [0m[34m|[0m /* 284.1093 */[0m
     [36m| [0m[34m|[0m /* 284.1094 */{ => let caseConfig = Configuration()[0m
     [36m| [0m[34m|[0m /* 284.1095 */[0m
     [36m| [0m[34m|[0m /* 284.1096 */let publicQueryAndLookupUseRealUdpAndRetainAbsoluteCacheExpiryTestFunc = { => publicQueryAndLookupUseRealUdpAndRetainAbsoluteCacheExpiry();() }[0m
     [36m| [0m[34m|[0m /* 284.1097 */suiteBuilder.add([0m
     [36m| [0m[34m|[0m /* 284.1098 */UnitTestCase.create([0m
     [36m| [0m[34m|[0m /* 284.1099 */"publicQueryAndLookupUseRealUdpAndRetainAbsoluteCacheExpiry",[0m
     [36m| [0m[34m|[0m /* 284.1100 */configuration: caseConfig,[0m
     [36m| [0m[34m|[0m /* 284.1101 */body: publicQueryAndLookupUseRealUdpAndRetainAbsoluteCacheExpiryTestFunc[0m
     [36m| [0m[34m|[0m /* 284.1102 */)[0m
     [36m| [0m[34m|[0m /* 284.1103 */)[0m
     [36m| [0m[34m|[0m /* 284.1104 */[0m
     [36m| [0m[34m|[0m /* 284.1105 */}()[0m
     [36m| [0m[34m|[0m /* 284.1106 */[0m
     [36m| [0m[34m|[0m /* 284.1107 */[0m
     [36m| [0m[34m|[0m /* 284.1108 */{ => let caseConfig = Configuration()[0m
     [36m| [0m[34m|[0m /* 284.1109 */[0m
     [36m| [0m[34m|[0m /* 284.1110 */let publicQueryEncodesEveryModeledRecordTypeTestFunc = { => publicQueryEncodesEveryModeledRecordType();() }[0m
     [36m| [0m[34m|[0m /* 284.1111 */suiteBuilder.add([0m
     [36m| [0m[34m|[0m /* 284.1112 */UnitTestCase.create([0m
     [36m| [0m[34m|[0m /* 284.1113 */"publicQueryEncodesEveryModeledRecordType",[0m
     [36m| [0m[34m|[0m /* 284.1114 */configuration: caseConfig,[0m
     [36m| [0m[34m|[0m /* 284.1115 */body: publicQueryEncodesEveryModeledRecordTypeTestFunc[0m
     [36m| [0m[34m|[0m /* 284.1116 */)[0m
     [36m| [0m[34m|[0m /* 284.1117 */)[0m
     [36m| [0m[34m|[0m /* 284.1118 */[0m
     [36m| [0m[34m|[0m /* 284.1119 */}()[0m
     [36m| [0m[34m|[0m /* 284.1120 */[0m
     [36m| [0m[34m|[0m /* 284.1121 */[0m
     [36m| [0m[34m|[0m /* 284.1122 */{ => let caseConfig = Configuration()[0m
     [36m| [0m[34m|[0m /* 284.1123 */[0m
     [36m| [0m[34m|[0m /* 284.1124 */let wrongSourceIdAndQuestionAreIgnoredBeforeValidUdpResponseTestFunc = { => wrongSourceIdAndQuestionAreIgnoredBeforeValidUdpResponse();() }[0m
     [36m| [0m[34m|[0m /* 284.1125 */suiteBuilder.add([0m
     [36m| [0m[34m|[0m /* 284.1126 */UnitTestCase.create([0m
     [36m| [0m[34m|[0m /* 284.1127 */"wrongSourceIdAndQuestionAreIgnoredBeforeValidUdpResponse",[0m
     [36m| [0m[34m|[0m /* 284.1128 */configuration: caseConfig,[0m
     [36m| [0m[34m|[0m /* 284.1129 */body: wrongSourceIdAndQuestionAreIgnoredBeforeValidUdpResponseTestFunc[0m
     [36m| [0m[34m|[0m /* 284.1130 */)[0m
     [36m| [0m[34m|[0m /* 284.1131 */)[0m
     [36m| [0m[34m|[0m /* 284.1132 */[0m
     [36m| [0m[34m|[0m /* 284.1133 */}()[0m
     [36m| [0m[34m|[0m /* 284.1134 */[0m
     [36m| [0m[34m|[0m /* 284.1135 */[0m
     [36m| [0m[34m|[0m /* 284.1136 */{ => let caseConfig = Configuration()[0m
     [36m| [0m[34m|[0m /* 284.1137 */[0m
     [36m| [0m[34m|[0m /* 284.1138 */let validatedTruncationFallsBackToExactTcpFrameTestFunc = { => validatedTruncationFallsBackToExactTcpFrame();() }[0m
     [36m| [0m[34m|[0m /* 284.1139 */suiteBuilder.add([0m
     [36m| [0m[34m|[0m /* 284.1140 */UnitTestCase.create([0m
     [36m| [0m[34m|[0m /* 284.1141 */"validatedTruncationFallsBackToExactTcpFrame",[0m
     [36m| [0m[34m|[0m /* 284.1142 */configuration: caseConfig,[0m
     [36m| [0m[34m|[0m /* 284.1143 */body: validatedTruncationFallsBackToExactTcpFrameTestFunc[0m
     [36m| [0m[34m|[0m /* 284.1144 */)[0m
     [36m| [0m[34m|[0m /* 284.1145 */)[0m
     [36m| [0m[34m|[0m /* 284.1146 */[0m
     [36m| [0m[34m|[0m /* 284.1147 */}()[0m
     [36m| [0m[34m|[0m /* 284.1148 */[0m
     [36m| [0m[34m|[0m /* 284.1149 */[0m
     [36m| [0m[34m|[0m /* 284.1150 */{ => let caseConfig = Configuration()[0m
     [36m| [0m[34m|[0m /* 284.1151 */[0m
     [36m| [0m[34m|[0m /* 284.1152 */let activeCancellationRetainsNameserverWithoutRetryTestFunc = { => activeCancellationRetainsNameserverWithoutRetry();() }[0m
     [36m| [0m[34m|[0m /* 284.1153 */suiteBuilder.add([0m
     [36m| [0m[34m|[0m /* 284.1154 */UnitTestCase.create([0m
     [36m| [0m[34m|[0m /* 284.1155 */"activeCancellationRetainsNameserverWithoutRetry",[0m
     [36m| [0m[34m|[0m /* 284.1156 */configuration: caseConfig,[0m
     [36m| [0m[34m|[0m /* 284.1157 */body: activeCancellationRetainsNameserverWithoutRetryTestFunc[0m
     [36m| [0m[34m|[0m /* 284.1158 */)[0m
     [36m| [0m[34m|[0m /* 284.1159 */)[0m
     [36m| [0m[34m|[0m /* 284.1160 */[0m
     [36m| [0m[34m|[0m /* 284.1161 */}()[0m
     [36m| [0m[34m|[0m /* 284.1162 */[0m
     [36m| [0m[34m|[0m /* 284.1163 */[0m
     [36m| [0m[34m|[0m /* 284.1164 */{ => let caseConfig = Configuration()[0m
     [36m| [0m[34m|[0m /* 284.1165 */[0m
     [36m| [0m[34m|[0m /* 284.1166 */let silentDnsAttemptsLeaveBudgetForServerAndPassFailoverTestFunc = { => silentDnsAttemptsLeaveBudgetForServerAndPassFailover();() }[0m
     [36m| [0m[34m|[0m /* 284.1167 */suiteBuilder.add([0m
     [36m| [0m[34m|[0m /* 284.1168 */UnitTestCase.create([0m
     [36m| [0m[34m|[0m /* 284.1169 */"silentDnsAttemptsLeaveBudgetForServerAndPassFailover",[0m
     [36m| [0m[34m|[0m /* 284.1170 */configuration: caseConfig,[0m
     [36m| [0m[34m|[0m /* 284.1171 */body: silentDnsAttemptsLeaveBudgetForServerAndPassFailoverTestFunc[0m
     [36m| [0m[34m|[0m /* 284.1172 */)[0m
     [36m| [0m[34m|[0m /* 284.1173 */)[0m
     [36m| [0m[34m|[0m /* 284.1174 */[0m
     [36m| [0m[34m|[0m /* 284.1175 */}()[0m
     [36m| [0m[34m|[0m /* 284.1176 */[0m
     [36m| [0m[34m|[0m /* 284.1177 */[0m
     [36m| [0m[34m|[0m /* 284.1178 */{ => let caseConfig = Configuration()[0m
     [36m| [0m[34m|[0m /* 284.1179 */[0m
     [36m| [0m[34m|[0m /* 284.1180 */let exhaustedResponseCodesRetainTheLastRespondingNameserverTestFunc = { => exhaustedResponseCodesRetainTheLastRespondingNameserver();() }[0m
     [36m| [0m[34m|[0m /* 284.1181 */suiteBuilder.add([0m
     [36m| [0m[34m|[0m /* 284.1182 */UnitTestCase.create([0m
     [36m| [0m[34m|[0m /* 284.1183 */"exhaustedResponseCodesRetainTheLastRespondingNameserver",[0m
     [36m| [0m[34m|[0m /* 284.1184 */configuration: caseConfig,[0m
     [36m| [0m[34m|[0m /* 284.1185 */body: exhaustedResponseCodesRetainTheLastRespondingNameserverTestFunc[0m
     [36m| [0m[34m|[0m /* 284.1186 */)[0m
     [36m| [0m[34m|[0m /* 284.1187 */)[0m
     [36m| [0m[34m|[0m /* 284.1188 */[0m
     [36m| [0m[34m|[0m /* 284.1189 */}()[0m
     [36m| [0m[34m|[0m /* 284.1190 */[0m
     [36m| [0m[34m|[0m /* 284.1191 */[0m
     [36m| [0m[34m|[0m /* 284.1192 */{ => let caseConfig = Configuration()[0m
     [36m| [0m[34m|[0m /* 284.1193 */[0m
     [36m| [0m[34m|[0m /* 284.1194 */let unsupportedResponseCodeRetainsRespondingNameserverTestFunc = { => unsupportedResponseCodeRetainsRespondingNameserver();() }[0m
     [36m| [0m[34m|[0m /* 284.1195 */suiteBuilder.add([0m
     [36m| [0m[34m|[0m /* 284.1196 */UnitTestCase.create([0m
     [36m| [0m[34m|[0m /* 284.1197 */"unsupportedResponseCodeRetainsRespondingNameserver",[0m
     [36m| [0m[34m|[0m /* 284.1198 */configuration: caseConfig,[0m
     [36m| [0m[34m|[0m /* 284.1199 */body: unsupportedResponseCodeRetainsRespondingNameserverTestFunc[0m
     [36m| [0m[34m|[0m /* 284.1200 */)[0m
     [36m| [0m[34m|[0m /* 284.1201 */)[0m
     [36m| [0m[34m|[0m /* 284.1202 */[0m
     [36m| [0m[34m|[0m /* 284.1203 */}()[0m
     [36m| [0m[34m|[0m /* 284.1204 */[0m
     [36m| [0m[34m|[0m /* 284.1205 */[0m
     [36m| [0m[34m|[0m /* 284.1206 */{ => let caseConfig = Configuration()[0m
     [36m| [0m[34m|[0m /* 284.1207 */[0m
     [36m| [0m[34m|[0m /* 284.1208 */let dnsTransportFailuresRetainSelectedNameserverTestFunc = { => dnsTransportFailuresRetainSelectedNameserver();() }[0m
     [36m| [0m[34m|[0m /* 284.1209 */suiteBuilder.add([0m
     [36m| [0m[34m|[0m /* 284.1210 */UnitTestCase.create([0m
     [36m| [0m[34m|[0m /* 284.1211 */"dnsTransportFailuresRetainSelectedNameserver",[0m
     [36m| [0m[34m|[0m /* 284.1212 */configuration: caseConfig,[0m
     [36m| [0m[34m|[0m /* 284.1213 */body: dnsTransportFailuresRetainSelectedNameserverTestFunc[0m
     [36m| [0m[34m|[0m /* 284.1214 */)[0m
     [36m| [0m[34m|[0m /* 284.1215 */)[0m
     [36m| [0m[34m|[0m /* 284.1216 */[0m
     [36m| [0m[34m|[0m /* 284.1217 */}()[0m
     [36m| [0m[34m|[0m /* 284.1218 */[0m
     [36m| [0m[34m|[0m /* 284.1219 */[0m
     [36m| [0m[34m|[0m /* 284.1220 */{ => let caseConfig = Configuration()[0m
     [36m| [0m[34m|[0m /* 284.1221 */[0m
     [36m| [0m[34m|[0m /* 284.1222 */let tcpResponseCannotRemainTruncatedTestFunc = { => tcpResponseCannotRemainTruncated();() }[0m
     [36m| [0m[34m|[0m /* 284.1223 */suiteBuilder.add([0m
     [36m| [0m[34m|[0m /* 284.1224 */UnitTestCase.create([0m
     [36m| [0m[34m|[0m /* 284.1225 */"tcpResponseCannotRemainTruncated",[0m
     [36m| [0m[34m|[0m /* 284.1226 */configuration: caseConfig,[0m
     [36m| [0m[34m|[0m /* 284.1227 */body: tcpResponseCannotRemainTruncatedTestFunc[0m
     [36m| [0m[34m|[0m /* 284.1228 */)[0m
     [36m| [0m[34m|[0m /* 284.1229 */)[0m
     [36m| [0m[34m|[0m /* 284.1230 */[0m
     [36m| [0m[34m|[0m /* 284.1231 */}()[0m
     [36m| [0m[34m|[0m /* 284.1232 */[0m
     [36m| [0m[34m|[0m /* 284.1233 */[0m
     [36m| [0m[34m|[0m /* 284.1234 */{ => let caseConfig = Configuration()[0m
     [36m| [0m[34m|[0m /* 284.1235 */[0m
     [36m| [0m[34m|[0m /* 284.1236 */let malformedMatchingResponseAndUnrelatedSectionsCannotPoisonCacheTestFunc = { => malformedMatchingResponseAndUnrelatedSectionsCannotPoisonCache();() }[0m
     [36m| [0m[34m|[0m /* 284.1237 */suiteBuilder.add([0m
     [36m| [0m[34m|[0m /* 284.1238 */UnitTestCase.create([0m
     [36m| [0m[34m|[0m /* 284.1239 */"malformedMatchingResponseAndUnrelatedSectionsCannotPoisonCache",[0m
     [36m| [0m[34m|[0m /* 284.1240 */configuration: caseConfig,[0m
     [36m| [0m[34m|[0m /* 284.1241 */body: malformedMatchingResponseAndUnrelatedSectionsCannotPoisonCacheTestFunc[0m
     [36m| [0m[34m|[0m /* 284.1242 */)[0m
     [36m| [0m[34m|[0m /* 284.1243 */)[0m
     [36m| [0m[34m|[0m /* 284.1244 */[0m
     [36m| [0m[34m|[0m /* 284.1245 */}()[0m
     [36m| [0m[34m|[0m /* 284.1246 */[0m
     [36m| [0m[34m|[0m /* 284.1247 */[0m
     [36m| [0m[34m|[0m /* 284.1248 */{ => let caseConfig = Configuration()[0m
     [36m| [0m[34m|[0m /* 284.1249 */[0m
     [36m| [0m[34m|[0m /* 284.1250 */let cnameTraversalUsesAnswerOwnersAndRejectsConflictingTargetsTestFunc = { => cnameTraversalUsesAnswerOwnersAndRejectsConflictingTargets();() }[0m
     [36m| [0m[34m|[0m /* 284.1251 */suiteBuilder.add([0m
     [36m| [0m[34m|[0m /* 284.1252 */UnitTestCase.create([0m
     [36m| [0m[34m|[0m /* 284.1253 */"cnameTraversalUsesAnswerOwnersAndRejectsConflictingTargets",[0m
     [36m| [0m[34m|[0m /* 284.1254 */configuration: caseConfig,[0m
     [36m| [0m[34m|[0m /* 284.1255 */body: cnameTraversalUsesAnswerOwnersAndRejectsConflictingTargetsTestFunc[0m
     [36m| [0m[34m|[0m /* 284.1256 */)[0m
     [36m| [0m[34m|[0m /* 284.1257 */)[0m
     [36m| [0m[34m|[0m /* 284.1258 */[0m
     [36m| [0m[34m|[0m /* 284.1259 */}()[0m
     [36m| [0m[34m|[0m /* 284.1260 */[0m
     [36m| [0m[34m|[0m /* 284.1261 */[0m
     [36m| [0m[34m|[0m /* 284.1262 */{ => let caseConfig = Configuration()[0m
     [36m| [0m[34m|[0m /* 284.1263 */[0m
     [36m| [0m[34m|[0m /* 284.1264 */let fullResultCapacityDoesNotQueryAnotherFamilyTestFunc = { => fullResultCapacityDoesNotQueryAnotherFamily();() }[0m
     [36m| [0m[34m|[0m /* 284.1265 */suiteBuilder.add([0m
     [36m| [0m[34m|[0m /* 284.1266 */UnitTestCase.create([0m
     [36m| [0m[34m|[0m /* 284.1267 */"fullResultCapacityDoesNotQueryAnotherFamily",[0m
     [36m| [0m[34m|[0m /* 284.1268 */configuration: caseConfig,[0m
     [36m| [0m[34m|[0m /* 284.1269 */body: fullResultCapacityDoesNotQueryAnotherFamilyTestFunc[0m
     [36m| [0m[34m|[0m /* 284.1270 */)[0m
     [36m| [0m[34m|[0m /* 284.1271 */)[0m
     [36m| [0m[34m|[0m /* 284.1272 */[0m
     [36m| [0m[34m|[0m /* 284.1273 */}()[0m
     [36m| [0m[34m|[0m /* 284.1274 */[0m
     [36m| [0m[34m|[0m /* 284.1275 */[0m
     [36m| [0m[34m|[0m /* 284.1276 */{ => let caseConfig = Configuration()[0m
     [36m| [0m[34m|[0m /* 284.1277 */[0m
     [36m| [0m[34m|[0m /* 284.1278 */let rfc2308CacheRetainsNxdomainVersusNodataWithoutNewPacketsTestFunc = { => rfc2308CacheRetainsNxdomainVersusNodataWithoutNewPackets();() }[0m
     [36m| [0m[34m|[0m /* 284.1279 */suiteBuilder.add([0m
     [36m| [0m[34m|[0m /* 284.1280 */UnitTestCase.create([0m
     [36m| [0m[34m|[0m /* 284.1281 */"rfc2308CacheRetainsNxdomainVersusNodataWithoutNewPackets",[0m
     [36m| [0m[34m|[0m /* 284.1282 */configuration: caseConfig,[0m
     [36m| [0m[34m|[0m /* 284.1283 */body: rfc2308CacheRetainsNxdomainVersusNodataWithoutNewPacketsTestFunc[0m
     [36m| [0m[34m|[0m /* 284.1284 */)[0m
     [36m| [0m[34m|[0m /* 284.1285 */)[0m
     [36m| [0m[34m|[0m /* 284.1286 */[0m
     [36m| [0m[34m|[0m /* 284.1287 */}()[0m
     [36m| [0m[34m|[0m /* 284.1288 */[0m
     [36m| [0m[34m|[0m /* 284.1289 */[0m
     [36m| [0m[34m|[0m /* 284.1290 */{ => let caseConfig = Configuration()[0m
     [36m| [0m[34m|[0m /* 284.1291 */[0m
     [36m| [0m[34m|[0m /* 284.1292 */let zeroTtlNeverCreatesAPositiveCacheEntryTestFunc = { => zeroTtlNeverCreatesAPositiveCacheEntry();() }[0m
     [36m| [0m[34m|[0m /* 284.1293 */suiteBuilder.add([0m
     [36m| [0m[34m|[0m /* 284.1294 */UnitTestCase.create([0m
     [36m| [0m[34m|[0m /* 284.1295 */"zeroTtlNeverCreatesAPositiveCacheEntry",[0m
     [36m| [0m[34m|[0m /* 284.1296 */configuration: caseConfig,[0m
     [36m| [0m[34m|[0m /* 284.1297 */body: zeroTtlNeverCreatesAPositiveCacheEntryTestFunc[0m
     [36m| [0m[34m|[0m /* 284.1298 */)[0m
     [36m| [0m[34m|[0m /* 284.1299 */)[0m
     [36m| [0m[34m|[0m /* 284.1300 */[0m
     [36m| [0m[34m|[0m /* 284.1301 */}()[0m
     [36m| [0m[34m|[0m /* 284.1302 */[0m
     [36m| [0m[34m|[0m /* 284.1303 */[0m
     [36m| [0m[34m|[0m /* 284.1304 */{ => let caseConfig = Configuration()[0m
     [36m| [0m[34m|[0m /* 284.1305 */[0m
     [36m| [0m[34m|[0m /* 284.1306 */let callerCancellationAndClientCloseWakeActiveNativeReceiveTestFunc = { => callerCancellationAndClientCloseWakeActiveNativeReceive();() }[0m
     [36m| [0m[34m|[0m /* 284.1307 */suiteBuilder.add([0m
     [36m| [0m[34m|[0m /* 284.1308 */UnitTestCase.create([0m
     [36m| [0m[34m|[0m /* 284.1309 */"callerCancellationAndClientCloseWakeActiveNativeReceive",[0m
     [36m| [0m[34m|[0m /* 284.1310 */configuration: caseConfig,[0m
     [36m| [0m[34m|[0m /* 284.1311 */body: callerCancellationAndClientCloseWakeActiveNativeReceiveTestFunc[0m
     [36m| [0m[34m|[0m /* 284.1312 */)[0m
     [36m| [0m[34m|[0m /* 284.1313 */)[0m
     [36m| [0m[34m|[0m /* 284.1314 */[0m
     [36m| [0m[34m|[0m /* 284.1315 */}()[0m
     [36m| [0m[34m|[0m /* 284.1316 */[0m
     [36m| [0m[34m|[0m /* 284.1317 */[0m
     [36m| [0m[34m|[0m /* 284.1318 */{ => let caseConfig = Configuration()[0m
     [36m| [0m[34m|[0m /* 284.1319 */[0m
     [36m| [0m[34m|[0m /* 284.1320 */let anyFamilyRetainsAddressesWhenTheOtherFamilyFailsTestFunc = { => anyFamilyRetainsAddressesWhenTheOtherFamilyFails();() }[0m
     [36m| [0m[34m|[0m /* 284.1321 */suiteBuilder.add([0m
     [36m| [0m[34m|[0m /* 284.1322 */UnitTestCase.create([0m
     [36m| [0m[34m|[0m /* 284.1323 */"anyFamilyRetainsAddressesWhenTheOtherFamilyFails",[0m
     [36m| [0m[34m|[0m /* 284.1324 */configuration: caseConfig,[0m
     [36m| [0m[34m|[0m /* 284.1325 */body: anyFamilyRetainsAddressesWhenTheOtherFamilyFailsTestFunc[0m
     [36m| [0m[34m|[0m /* 284.1326 */)[0m
     [36m| [0m[34m|[0m /* 284.1327 */)[0m
     [36m| [0m[34m|[0m /* 284.1328 */[0m
     [36m| [0m[34m|[0m /* 284.1329 */}()[0m
     [36m| [0m[34m|[0m /* 284.1330 */[0m
     [36m| [0m[34m|[0m /* 284.1331 */[0m
     [36m| [0m[34m|[0m /* 284.1332 */{ => let caseConfig = Configuration()[0m
     [36m| [0m[34m|[0m /* 284.1333 */[0m
     [36m| [0m[34m|[0m /* 284.1334 */let crossFamilyConflictsRetainTheLivePeerAlongsideCachedResultsTestFunc = { => crossFamilyConflictsRetainTheLivePeerAlongsideCachedResults();() }[0m
     [36m| [0m[34m|[0m /* 284.1335 */suiteBuilder.add([0m
     [36m| [0m[34m|[0m /* 284.1336 */UnitTestCase.create([0m
     [36m| [0m[34m|[0m /* 284.1337 */"crossFamilyConflictsRetainTheLivePeerAlongsideCachedResults",[0m
     [36m| [0m[34m|[0m /* 284.1338 */configuration: caseConfig,[0m
     [36m| [0m[34m|[0m /* 284.1339 */body: crossFamilyConflictsRetainTheLivePeerAlongsideCachedResultsTestFunc[0m
     [36m| [0m[34m|[0m /* 284.1340 */)[0m
     [36m| [0m[34m|[0m /* 284.1341 */)[0m
     [36m| [0m[34m|[0m /* 284.1342 */[0m
     [36m| [0m[34m|[0m /* 284.1343 */}()[0m
     [36m| [0m[34m|[0m /* 284.1344 */[0m
     [36m| [0m[34m|[0m /* 284.1345 */[0m
     [36m| [0m[34m|[0m /* 284.1346 */{ => let caseConfig = Configuration()[0m
     [36m| [0m[34m|[0m /* 284.1347 */[0m
     [36m| [0m[34m|[0m /* 284.1348 */let noncacheableNxdomainStopsOtherFamilyQueriesTestFunc = { => noncacheableNxdomainStopsOtherFamilyQueries();() }[0m
     [36m| [0m[34m|[0m /* 284.1349 */suiteBuilder.add([0m
     [36m| [0m[34m|[0m /* 284.1350 */UnitTestCase.create([0m
     [36m| [0m[34m|[0m /* 284.1351 */"noncacheableNxdomainStopsOtherFamilyQueries",[0m
     [36m| [0m[34m|[0m /* 284.1352 */configuration: caseConfig,[0m
     [36m| [0m[34m|[0m /* 284.1353 */body: noncacheableNxdomainStopsOtherFamilyQueriesTestFunc[0m
     [36m| [0m[34m|[0m /* 284.1354 */)[0m
     [36m| [0m[34m|[0m /* 284.1355 */)[0m
     [36m| [0m[34m|[0m /* 284.1356 */[0m
     [36m| [0m[34m|[0m /* 284.1357 */}()[0m
     [36m| [0m[34m|[0m /* 284.1358 */[0m
     [36m| [0m[34m|[0m /* 284.1359 */[0m
     [36m| [0m[34m|[0m /* 284.1360 */{ => let caseConfig = Configuration()[0m
     [36m| [0m[34m|[0m /* 284.1361 */[0m
     [36m| [0m[34m|[0m /* 284.1362 */let nameWideNegativeOverridesEarlierFamilyFailureTestFunc = { => nameWideNegativeOverridesEarlierFamilyFailure();() }[0m
     [36m| [0m[34m|[0m /* 284.1363 */suiteBuilder.add([0m
     [36m| [0m[34m|[0m /* 284.1364 */UnitTestCase.create([0m
     [36m| [0m[34m|[0m /* 284.1365 */"nameWideNegativeOverridesEarlierFamilyFailure",[0m
     [36m| [0m[34m|[0m /* 284.1366 */configuration: caseConfig,[0m
     [36m| [0m[34m|[0m /* 284.1367 */body: nameWideNegativeOverridesEarlierFamilyFailureTestFunc[0m
     [36m| [0m[34m|[0m /* 284.1368 */)[0m
     [36m| [0m[34m|[0m /* 284.1369 */)[0m
     [36m| [0m[34m|[0m /* 284.1370 */[0m
     [36m| [0m[34m|[0m /* 284.1371 */}()[0m
     [36m| [0m[34m|[0m /* 284.1372 */[0m
     [36m| [0m[34m|[0m /* 284.1373 */[0m
     [36m| [0m[34m|[0m /* 284.1374 */{ => let caseConfig = Configuration()[0m
     [36m| [0m[34m|[0m /* 284.1375 */[0m
     [36m| [0m[34m|[0m /* 284.1376 */let boundedAdmissionRejectsExcessAndCloseWakesQueuedCallersTestFunc = { => boundedAdmissionRejectsExcessAndCloseWakesQueuedCallers();() }[0m
     [36m| [0m[34m|[0m /* 284.1377 */suiteBuilder.add([0m
     [36m| [0m[34m|[0m /* 284.1378 */UnitTestCase.create([0m
     [36m| [0m[34m|[0m /* 284.1379 */"boundedAdmissionRejectsExcessAndCloseWakesQueuedCallers",[0m
     [36m| [0m[34m|[0m /* 284.1380 */configuration: caseConfig,[0m
     [36m| [0m[34m|[0m /* 284.1381 */body: boundedAdmissionRejectsExcessAndCloseWakesQueuedCallersTestFunc[0m
     [36m| [0m[34m|[0m /* 284.1382 */)[0m
     [36m| [0m[34m|[0m /* 284.1383 */)[0m
     [36m| [0m[34m|[0m /* 284.1384 */[0m
     [36m| [0m[34m|[0m /* 284.1385 */}()[0m
     [36m| [0m[34m|[0m /* 284.1386 */[0m
     [36m| [0m[34m|[0m /* 284.1387 */return suiteBuilder.build()[0m
     [36m| [0m[34m|[0m /* 284.1388 */}[0m
     [36m| [0m[34m|[0m /* 284.1389 */private func inheritedFromClassAnnotatedByTestTemplate < T >(): TestSuite where T <: TestClass {[0m
     [36m| [0m[34m|[0m /* 284.1390 */throw Exception("Unreachable code")[0m
     [36m| [0m[34m|[0m /* 284.1391 */}[0m
     [36m| [0m[34m|[0m /* 284.1392 */}[0m
     [36m| [0m[34m|[0m /* 284.1393 */[0m
     [36m| [0m[34m|[0m /* 284.1394 */[0m
     [36m| [0m[34m|[0m /* 284.1395 */interface TestPackageExtension_DnsClientWireTest {[0m
     [36m| [0m[34m|[0m /* 284.1396 */func registerDnsClientWireTest(): Unit[0m
     [36m| [0m[34m|[0m /* 284.1397 */}[0m
     [36m| [0m[34m|[0m /* 284.1398 */extend TestPackage <: TestPackageExtension_DnsClientWireTest {[0m
     [36m| [0m[34m|[0m /* 284.1399 */@Attribute[TEST_REGISTER][0m
     [36m| [0m[34m|[0m /* 284.1400 */public func registerDnsClientWireTest() {[0m
     [36m| [0m[34m|[0m /* 284.1401 */registerSuite({ => DnsClientWireTest().asTestSuite() })[0m
     [36m| [0m[34m|[0m /* 284.1402 */}[0m
     [36m| [0m[34m|[0m /* 284.1403 */}[0m
     [36m| [0m[34m|[0m /* 284.1404 */[0m
     [36m| [0m[34m|[0m[34m_[0m[34m_____________^[0m
     [36m| [0m
[34mnote[0m: 'served' is mutable
     [36m| [0m
     [36m| [0m/* 284.923 */served ++[0m
     [36m| [0m             [34m^^^^^^ [0m
     [36m| [0m

1 error generated, 1 error printed.
Error: cjpm test failed
