[33mwarning[0m: unreachable block in 'if' expression
  [36m==>[0m /home/elliot/playground/Wirestack-pr-worktrees/M8-004-publication/src/net/dns_client_test.cj:37:28:
   [36m| [0m
[36m37[0m [36m| [0m            if (!retained) { tcp.close() }[0m
   [36m| [0m                           [33m^^^^^^^^^^^^^^^ unreachable block in 'if' expression[0m
   [36m| [0m
   [36m#[0m [0mnote[0m: this warning can be suppressed by setting the compiler option `-Woff unused`

[33mwarning[0m: unused expression
  [36m==>[0m /home/elliot/playground/Wirestack-pr-worktrees/M8-004-publication/src/net/dns_wire_test.cj:99:13:
   [36m| [0m
[36m99[0m [36m| [0m            DnsMessageSummary(1u16, 0, false, questionCount: 65536, questions: questions)[0m
   [36m| [0m            [33m^ unused expression[0m
   [36m| [0m
   [36m#[0m [0mnote[0m: this warning can be suppressed by setting the compiler option `-Woff unused`
[34mnote[0m: the warning occurs after the macro is expanded
   [36m==>[0m /home/elliot/playground/Wirestack-pr-worktrees/M8-004-publication/src/net/dns_wire_test.cj:8:1:
    [36m| [0m
[36m8[0m   [36m| [0m  @Test[0m
    [36m| [0m [34m_[0m[34m^[0m
[36m9[0m   [36m| [0m[34m|[0m class DnsWireParserTest {[0m
    [36m| [0m[34m|[0m ...[0m
[36m305[0m [36m| [0m[34m|[0m }[0m
    [36m| [0m[34m|[0m[34m_[0m[34m^[0m
    [36m| [0m
[34mnote[0m: the code after the macro is expanded as follows
    [36m| [0m
    [36m| [0m  /* 8.1 */@Attribute[TEST_GENERATED] class DnsWireParserTest <: TestClass {[0m
    [36m| [0m [34m_[0m[34m^[0m
    [36m| [0m[34m|[0m /* 8.2 */    @Attribute[TestCase_41][0m
    [36m| [0m[34m|[0m /* 8.3 */    func decodesCompressedTargetsBinaryTxtSoaAndUnknownData(): Unit {[0m
    [36m| [0m[34m|[0m /* 8.4 */        let message = dnsTestHeader(0x1234u16, 0x8180u16, 1, 7, 0, 0)[0m
    [36m| [0m[34m|[0m /* 8.5 */        dnsTestAppendQuestion(message, "Example.COM", 1)[0m
    [36m| [0m[34m|[0m /* 8.6 */        dnsTestAppendRecord(message,[0xC0u8, 0x0Cu8], 5,[0xC0u8, 0x0Cu8])[0m
    [36m| [0m[34m|[0m /* 8.7 */        dnsTestAppendRecord(message,[0xC0u8, 0x0Cu8], 12,[0xC0u8, 0x0Cu8])[0m
    [36m| [0m[34m|[0m /* 8.8 */        dnsTestAppendRecord(message,[0xC0u8, 0x0Cu8], 15,[0u8, 10u8, 0xC0u8, 0x0Cu8])[0m
    [36m| [0m[34m|[0m /* 8.9 */        let srv = ArrayList < Byte >()[0m
    [36m| [0m[34m|[0m /* 8.10 */        for(value in[0u8, 1u8, 0u8, 2u8, 1u8, 187u8]) {[0m
    [36m| [0m[34m|[0m /* 8.11 */            srv.add(value)[0m
    [36m| [0m[34m|[0m /* 8.12 */        }[0m
    [36m| [0m[34m|[0m /* 8.13 */        dnsTestAppendName(srv, "Target.Example")[0m
    [36m| [0m[34m|[0m /* 8.14 */        dnsTestAppendRecord(message,[0xC0u8, 0x0Cu8], 33, srv.toArray())[0m
    [36m| [0m[34m|[0m /* 8.15 */        dnsTestAppendRecord(message,[0xC0u8, 0x0Cu8], 16,[3u8, 0u8, 255u8, 65u8, 0u8])[0m
    [36m| [0m[34m|[0m /* 8.16 */        let soa = ArrayList < Byte >()[0m
    [36m| [0m[34m|[0m /* 8.17 */        soa.add(0xC0u8)[0m
    [36m| [0m[34m|[0m /* 8.18 */        soa.add(0x0Cu8)[0m
    [36m| [0m[34m|[0m /* 8.19 */        soa.add(0xC0u8)[0m
    [36m| [0m[34m|[0m /* 8.20 */        soa.add(0x0Cu8)[0m
    [36m| [0m[34m|[0m /* 8.21 */        for(value in[1u32, 2u32, 3u32, 4u32, 30u32]) {[0m
    [36m| [0m[34m|[0m /* 8.22 */            dnsTestAppendU32(soa, value)[0m
    [36m| [0m[34m|[0m /* 8.23 */        }[0m
    [36m| [0m[34m|[0m /* 8.24 */        dnsTestAppendRecord(message,[0xC0u8, 0x0Cu8], 6, soa.toArray())[0m
    [36m| [0m[34m|[0m /* 8.25 */        dnsTestAppendRecord(message,[0xC0u8, 0x0Cu8], 65280,[0xDEu8, 0xADu8])[0m
    [36m| [0m[34m|[0m /* 8.26 */        let summary = DnsMessageParser().parse(message.toArray())[0m
    [36m| [0m[34m|[0m /* 8.27 */        expectEqual("summary.transactionId", "0x1234u16", summary.transactionId, 0x1234u16, isDelta: false)[0m
    [36m| [0m[34m|[0m /* 8.28 */        expectEqual("summary.isResponse", "true", summary.isResponse, true, isDelta: false)[0m
    [36m| [0m[34m|[0m /* 8.29 */        expectEqual("summary.opcode", "0", summary.opcode, 0, isDelta: false)[0m
    [36m| [0m[34m|[0m /* 8.30 */        expectEqual("summary.questions[0].name", "\"example.com\"", summary.questions[0].name, "example.com", isDelta: false)[0m
    [36m| [0m[34m|[0m /* 8.31 */        expectEqual("summary.records.size", "7", summary.records.size, 7, isDelta: false)[0m
    [36m| [0m[34m|[0m /* 8.32 */        expectEqual("dnsTestTarget(summary.records[0])", "\"example.com\"", dnsTestTarget(summary.records[0]), "example.com", isDelta: false)[0m
    [36m| [0m[34m|[0m /* 8.33 */        expectEqual("dnsTestTarget(summary.records[1])", "\"example.com\"", dnsTestTarget(summary.records[1]), "example.com", isDelta: false)[0m
    [36m| [0m[34m|[0m /* 8.34 */        expectEqual("dnsTestTarget(summary.records[2])", "\"example.com\"", dnsTestTarget(summary.records[2]), "example.com", isDelta: false)[0m
    [36m| [0m[34m|[0m /* 8.35 */        expectEqual("dnsTestTarget(summary.records[3])", "\"target.example\"", dnsTestTarget(summary.records[3]), "target.example", isDelta: false)[0m
    [36m| [0m[34m|[0m /* 8.36 */        expectEqual("summary.records[4].data()", "[3u8, 0u8, 255u8, 65u8, 0u8]", summary.records[4].data(),[3u8, 0u8, 255u8, 65u8, 0u8], isDelta: false)[0m
    [36m| [0m[34m|[0m /* 8.37 */        match(summary.records[5].soaMinimum) {[0m
    [36m| [0m[34m|[0m /* 8.38 */            case Some(value) => expectEqual("value", "30u32", value, 30u32, isDelta: false)[0m
    [36m| [0m[34m|[0m /* 8.39 */            case None => fail("SOA minimum was not decoded")[0m
    [36m| [0m[34m|[0m /* 8.40 */        }[0m
    [36m| [0m[34m|[0m /* 8.41 */        match(summary.records[6].recordType) {[0m
    [36m| [0m[34m|[0m /* 8.42 */            case DnsRecordType.Unknown(value) => expectEqual("value", "65280", value, 65280, isDelta: false)[0m
    [36m| [0m[34m|[0m /* 8.43 */            case _ => fail("unknown record type was not preserved")[0m
    [36m| [0m[34m|[0m /* 8.44 */        }[0m
    [36m| [0m[34m|[0m /* 8.45 */        expectEqual("summary.records[6].data()", "[0xDEu8, 0xADu8]", summary.records[6].data(),[0xDEu8, 0xADu8], isDelta: false)[0m
    [36m| [0m[34m|[0m /* 8.46 */    }[0m
    [36m| [0m[34m|[0m /* 8.47 */    [0m
    [36m| [0m[34m|[0m /* 8.48 */    @Attribute[TestCase_42][0m
    [36m| [0m[34m|[0m /* 8.49 */    func recordOrderMakesAnswerAuthorityAndAdditionalBoundariesExplicit(): Unit {[0m
    [36m| [0m[34m|[0m /* 8.50 */        let message = dnsTestHeader(7u16, 0x8180u16, 1, 1, 1, 1)[0m
    [36m| [0m[34m|[0m /* 8.51 */        dnsTestAppendQuestion(message, "ordered.example", 1)[0m
    [36m| [0m[34m|[0m /* 8.52 */        dnsTestAppendRecord(message,[0xC0u8, 0x0Cu8], 1,[1u8, 1u8, 1u8, 1u8])[0m
    [36m| [0m[34m|[0m /* 8.53 */        dnsTestAppendRecord(message,[0xC0u8, 0x0Cu8], 1,[2u8, 2u8, 2u8, 2u8])[0m
    [36m| [0m[34m|[0m /* 8.54 */        dnsTestAppendRecord(message,[0xC0u8, 0x0Cu8], 1,[3u8, 3u8, 3u8, 3u8])[0m
    [36m| [0m[34m|[0m /* 8.55 */        let summary = DnsMessageParser().parse(message.toArray())[0m
    [36m| [0m[34m|[0m /* 8.56 */        expectEqual("summary.answerCount", "1", summary.answerCount, 1, isDelta: false)[0m
    [36m| [0m[34m|[0m /* 8.57 */        expectEqual("summary.authorityCount", "1", summary.authorityCount, 1, isDelta: false)[0m
    [36m| [0m[34m|[0m /* 8.58 */        expectEqual("summary.additionalCount", "1", summary.additionalCount, 1, isDelta: false)[0m
    [36m| [0m[34m|[0m /* 8.59 */        expectEqual("summary.records[0].data()", "[1u8, 1u8, 1u8, 1u8]", summary.records[0].data(),[1u8, 1u8, 1u8, 1u8], isDelta: false)[0m
    [36m| [0m[34m|[0m /* 8.60 */        expectEqual("summary.records[summary.answerCount].data()", "[2u8, 2u8, 2u8, 2u8]", summary.records[summary.answerCount].data(),[2u8, 2u8, 2u8, 2u8], isDelta: false)[0m
    [36m| [0m[34m|[0m /* 8.61 */        expectEqual("summary.records[summary.answerCount + summary.authorityCount].data()", "[3u8, 3u8, 3u8, 3u8]", summary.records[summary.answerCount + summary.authorityCount].data(),[3u8, 3u8, 3u8, 3u8], isDelta: false)[0m
    [36m| [0m[34m|[0m /* 8.62 */    }[0m
    [36m| [0m[34m|[0m /* 8.63 */    [0m
    [36m| [0m[34m|[0m /* 8.64 */    @Attribute[TestCase_43][0m
    [36m| [0m[34m|[0m /* 8.65 */    func summariesAndRecordsOwnParserAndConstructorInputs(): Unit {[0m
    [36m| [0m[34m|[0m /* 8.66 */        let message = dnsTestHeader(9u16, 0x8180u16, 1, 1, 0, 0)[0m
    [36m| [0m[34m|[0m /* 8.67 */        dnsTestAppendQuestion(message, "owned.example", 1)[0m
    [36m| [0m[34m|[0m /* 8.68 */        dnsTestAppendRecord(message,[0xC0u8, 0x0Cu8], 1,[10u8, 20u8, 30u8, 40u8])[0m
    [36m| [0m[34m|[0m /* 8.69 */        let wire = message.toArray()[0m
    [36m| [0m[34m|[0m /* 8.70 */        let summary = DnsMessageParser().parse(wire)[0m
    [36m| [0m[34m|[0m /* 8.71 */        wire[wire.size - 1] = 99u8[0m
    [36m| [0m[34m|[0m /* 8.72 */        let returnedData = summary.records[0].data()[0m
    [36m| [0m[34m|[0m /* 8.73 */        returnedData[0] = 99u8[0m
    [36m| [0m[34m|[0m /* 8.74 */        let supplied =[summary.records[0]][0m
    [36m| [0m[34m|[0m /* 8.75 */        let constructed = DnsMessageSummary(9u16, 1, false, records: supplied)[0m
    [36m| [0m[34m|[0m /* 8.76 */        supplied[0] = DnsRecord("changed.example", DnsRecordType.A, 1u16, 0u32,[9u8, 9u8, 9u8, 9u8])[0m
    [36m| [0m[34m|[0m /* 8.77 */        expectEqual("summary.records[0].name", "\"owned.example\"", summary.records[0].name, "owned.example", isDelta: false)[0m
    [36m| [0m[34m|[0m /* 8.78 */        expectEqual("summary.records[0].data()", "[10u8, 20u8, 30u8, 40u8]", summary.records[0].data(),[10u8, 20u8, 30u8, 40u8], isDelta: false)[0m
    [36m| [0m[34m|[0m /* 8.79 */        expectEqual("constructed.records[0].name", "\"owned.example\"", constructed.records[0].name, "owned.example", isDelta: false)[0m
    [36m| [0m[34m|[0m /* 8.80 */    }[0m
    [36m| [0m[34m|[0m /* 8.81 */    [0m
    [36m| [0m[34m|[0m /* 8.82 */    @Attribute[TestCase_44][0m
    [36m| [0m[34m|[0m /* 8.83 */    func publicSummaryRejectsCountsBeyondWireAndCombinedRecordBounds(): Unit {[0m
    [36m| [0m[34m|[0m /* 8.84 */        let wire = dnsTestHeader(1u16, 0x8180u16, 1, 1, 0, 0)[0m
    [36m| [0m[34m|[0m /* 8.85 */        dnsTestAppendQuestion(wire, "limit.test", 1)[0m
    [36m| [0m[34m|[0m /* 8.86 */        dnsTestAppendRecord(wire,[0xC0u8, 0x0Cu8], 1,[127u8, 0u8, 0u8, 1u8])[0m
    [36m| [0m[34m|[0m /* 8.87 */        let parsed = DnsMessageParser().parse(wire.toArray())[0m
    [36m| [0m[34m|[0m /* 8.88 */        let questions = Array < DnsQuestion >(65536, repeat: parsed.questions[0])[0m
    [36m| [0m[34m|[0m /* 8.89 */        let records = Array < DnsRecord >(65536, repeat: parsed.records[0])[0m
    [36m| [0m[34m|[0m /* 8.90 */        try {[0m
    [36m| [0m[34m|[0m /* 8.91 */            try {[0m
    [36m| [0m[34m|[0m /* 8.92 */                assertEqual("true", "true", true, true)[0m
    [36m| [0m[34m|[0m /* 8.93 */                DnsMessageSummary(1u16, 0, false, questionCount: 65536, questions: questions)[0m
    [36m| [0m[34m|[0m /* 8.94 */                fail("@AssertThrows: Expected 'IllegalArgumentException' was not caught.")[0m
    [36m| [0m[34m|[0m /* 8.95 */            } catch(e: IllegalArgumentException) {[0m
    [36m| [0m[34m|[0m /* 8.96 */                if(e is AssertException) {[0m
    [36m| [0m[34m|[0m /* 8.97 */                    throw e[0m
    [36m| [0m[34m|[0m /* 8.98 */                }[0m
    [36m| [0m[34m|[0m /* 8.99 */                if(e is AssertIntermediateException) {[0m
    [36m| [0m[34m|[0m /* 8.100 */                    throw e[0m
    [36m| [0m[34m|[0m /* 8.101 */                }[0m
    [36m| [0m[34m|[0m /* 8.102 */                if(e is UnittestTimeoutException) {[0m
    [36m| [0m[34m|[0m /* 8.103 */                    throw e[0m
    [36m| [0m[34m|[0m /* 8.104 */                }[0m
    [36m| [0m[34m|[0m /* 8.105 */                e[0m
    [36m| [0m[34m|[0m /* 8.106 */            }[0m
    [36m| [0m[34m|[0m /* 8.107 */        } catch(e: Exception) {[0m
    [36m| [0m[34m|[0m /* 8.108 */            if(e is AssertException || e is AssertIntermediateException || e is UnittestTimeoutException) {[0m
    [36m| [0m[34m|[0m /* 8.109 */                throw e[0m
    [36m| [0m[34m|[0m /* 8.110 */            }[0m
    [36m| [0m[34m|[0m /* 8.111 */            assertCaughtUnexpectedE("@AssertThrows(IllegalArgumentException)", "IllegalArgumentException", e.toString())[0m
    [36m| [0m[34m|[0m /* 8.112 */        }[0m
    [36m| [0m[34m|[0m /* 8.113 */        try {[0m
    [36m| [0m[34m|[0m /* 8.114 */            try {[0m
    [36m| [0m[34m|[0m /* 8.115 */                assertEqual("true", "true", true, true)[0m
    [36m| [0m[34m|[0m /* 8.116 */                DnsMessageSummary(1u16, 65536, false, records: records)[0m
    [36m| [0m[34m|[0m /* 8.117 */                fail("@AssertThrows: Expected 'IllegalArgumentException' was not caught.")[0m
    [36m| [0m[34m|[0m /* 8.118 */            } catch(e: IllegalArgumentException) {[0m
    [36m| [0m[34m|[0m /* 8.119 */                if(e is AssertException) {[0m
    [36m| [0m[34m|[0m /* 8.120 */                    throw e[0m
    [36m| [0m[34m|[0m /* 8.121 */                }[0m
    [36m| [0m[34m|[0m /* 8.122 */                if(e is AssertIntermediateException) {[0m
    [36m| [0m[34m|[0m /* 8.123 */                    throw e[0m
    [36m| [0m[34m|[0m /* 8.124 */                }[0m
    [36m| [0m[34m|[0m /* 8.125 */                if(e is UnittestTimeoutException) {[0m
    [36m| [0m[34m|[0m /* 8.126 */                    throw e[0m
    [36m| [0m[34m|[0m /* 8.127 */                }[0m
    [36m| [0m[34m|[0m /* 8.128 */                e[0m
    [36m| [0m[34m|[0m /* 8.129 */            }[0m
    [36m| [0m[34m|[0m /* 8.130 */        } catch(e: Exception) {[0m
    [36m| [0m[34m|[0m /* 8.131 */            if(e is AssertException || e is AssertIntermediateException || e is UnittestTimeoutException) {[0m
    [36m| [0m[34m|[0m /* 8.132 */                throw e[0m
    [36m| [0m[34m|[0m /* 8.133 */            }[0m
    [36m| [0m[34m|[0m /* 8.134 */            assertCaughtUnexpectedE("@AssertThrows(IllegalArgumentException)", "IllegalArgumentException", e.toString())[0m
    [36m| [0m[34m|[0m /* 8.135 */        }[0m
    [36m| [0m[34m|[0m /* 8.136 */        try {[0m
    [36m| [0m[34m|[0m /* 8.137 */            try {[0m
    [36m| [0m[34m|[0m /* 8.138 */                assertEqual("true", "true", true, true)[0m
    [36m| [0m[34m|[0m /* 8.139 */                DnsMessageSummary(1u16, 32768, false, authorityCount: 32768, records: records)[0m
    [36m| [0m[34m|[0m /* 8.140 */                fail("@AssertThrows: Expected 'IllegalArgumentException' was not caught.")[0m
    [36m| [0m[34m|[0m /* 8.141 */            } catch(e: IllegalArgumentException) {[0m
    [36m| [0m[34m|[0m /* 8.142 */                if(e is AssertException) {[0m
    [36m| [0m[34m|[0m /* 8.143 */                    throw e[0m
    [36m| [0m[34m|[0m /* 8.144 */                }[0m
    [36m| [0m[34m|[0m /* 8.145 */                if(e is AssertIntermediateException) {[0m
    [36m| [0m[34m|[0m /* 8.146 */                    throw e[0m
    [36m| [0m[34m|[0m /* 8.147 */                }[0m
    [36m| [0m[34m|[0m /* 8.148 */                if(e is UnittestTimeoutException) {[0m
    [36m| [0m[34m|[0m /* 8.149 */                    throw e[0m
    [36m| [0m[34m|[0m /* 8.150 */                }[0m
    [36m| [0m[34m|[0m /* 8.151 */                e[0m
    [36m| [0m[34m|[0m /* 8.152 */            }[0m
    [36m| [0m[34m|[0m /* 8.153 */        } catch(e: Exception) {[0m
    [36m| [0m[34m|[0m /* 8.154 */            if(e is AssertException || e is AssertIntermediateException || e is UnittestTimeoutException) {[0m
    [36m| [0m[34m|[0m /* 8.155 */                throw e[0m
    [36m| [0m[34m|[0m /* 8.156 */            }[0m
    [36m| [0m[34m|[0m /* 8.157 */            assertCaughtUnexpectedE("@AssertThrows(IllegalArgumentException)", "IllegalArgumentException", e.toString())[0m
    [36m| [0m[34m|[0m /* 8.158 */        }[0m
    [36m| [0m[34m|[0m /* 8.159 */        let bounded = DnsMessageSummary(1u16, 32768, false, authorityCount: 32767, records: Array < DnsRecord >(65535, repeat: parsed.records[0]))[0m
    [36m| [0m[34m|[0m /* 8.160 */        expectEqual("bounded.records[65534].data()", "[127u8, 0u8, 0u8, 1u8]", bounded.records[65534].data(),[127u8, 0u8, 0u8, 1u8], isDelta: false)[0m
    [36m| [0m[34m|[0m /* 8.161 */    }[0m
    [36m| [0m[34m|[0m /* 8.162 */    [0m
    [36m| [0m[34m|[0m /* 8.163 */    @Attribute[TestCase_45][0m
    [36m| [0m[34m|[0m /* 8.164 */    func parserPreservesQuestionIdentityAndRejectsIncompleteRecords(): Unit {[0m
    [36m| [0m[34m|[0m /* 8.165 */        let wire = dnsTestHeader(0xBEEFu16, 0x0100u16, 1, 0, 0, 0)[0m
    [36m| [0m[34m|[0m /* 8.166 */        dnsTestAppendQuestion(wire, "_HTTPS._TCP.Example.COM", 33)[0m
    [36m| [0m[34m|[0m /* 8.167 */        let query = wire.toArray()[0m
    [36m| [0m[34m|[0m /* 8.168 */        let parsedQuery = DnsMessageParser().parse(query)[0m
    [36m| [0m[34m|[0m /* 8.169 */        expectEqual("! parsedQuery.isResponse", "true", ! parsedQuery.isResponse, true, isDelta: false)[0m
    [36m| [0m[34m|[0m /* 8.170 */        expectEqual("parsedQuery.opcode", "0", parsedQuery.opcode, 0, isDelta: false)[0m
    [36m| [0m[34m|[0m /* 8.171 */        expectEqual("parsedQuery.questionCount", "1", parsedQuery.questionCount, 1, isDelta: false)[0m
    [36m| [0m[34m|[0m /* 8.172 */        expectEqual("parsedQuery.questions[0].name", "\"_https._tcp.example.com\"", parsedQuery.questions[0].name, "_https._tcp.example.com", isDelta: false)[0m
    [36m| [0m[34m|[0m /* 8.173 */        expectEqual("match(parsedQuery.questions[0].recordType) {\n    case DnsRecordType.SRV => true\n    case _ => false\n}", "true", match(parsedQuery.questions[0].recordType) {[0m
    [36m| [0m[34m|[0m /* 8.174 */            case DnsRecordType.SRV => true[0m
    [36m| [0m[34m|[0m /* 8.175 */            case _ => false[0m
    [36m| [0m[34m|[0m /* 8.176 */        }, true, isDelta: false)[0m
    [36m| [0m[34m|[0m /* 8.177 */        expectEqual("parsedQuery.questions[0].recordClass", "1u16", parsedQuery.questions[0].recordClass, 1u16, isDelta: false)[0m
    [36m| [0m[34m|[0m /* 8.178 */        let opcodeMessage = dnsTestHeader(1u16, 0x9000u16, 0, 0, 0, 0)[0m
    [36m| [0m[34m|[0m /* 8.179 */        let opcodeSummary = DnsMessageParser().parse(opcodeMessage.toArray())[0m
    [36m| [0m[34m|[0m /* 8.180 */        expectEqual("opcodeSummary.isResponse", "true", opcodeSummary.isResponse, true, isDelta: false)[0m
    [36m| [0m[34m|[0m /* 8.181 */        expectEqual("opcodeSummary.opcode", "2", opcodeSummary.opcode, 2, isDelta: false)[0m
    [36m| [0m[34m|[0m /* 8.182 */        let truncated = query.clone()[0m
    [36m| [0m[34m|[0m /* 8.183 */        truncated[2] = 0x83u8[0m
    [36m| [0m[34m|[0m /* 8.184 */        truncated[3] = 0x00u8[0m
    [36m| [0m[34m|[0m /* 8.185 */        truncated[6] = 0u8[0m
    [36m| [0m[34m|[0m /* 8.186 */        truncated[7] = 1u8[0m
    [36m| [0m[34m|[0m /* 8.187 */        try {[0m
    [36m| [0m[34m|[0m /* 8.188 */            try {[0m
    [36m| [0m[34m|[0m /* 8.189 */                assertEqual("true", "true", true, true)[0m
    [36m| [0m[34m|[0m /* 8.190 */                DnsMessageParser().parse(truncated)[0m
    [36m| [0m[34m|[0m /* 8.191 */                fail("@AssertThrows: Expected 'api.ResolveException' was not caught.")[0m
    [36m| [0m[34m|[0m /* 8.192 */            } catch(e: api.ResolveException) {[0m
    [36m| [0m[34m|[0m /* 8.193 */                if(e is AssertException) {[0m
    [36m| [0m[34m|[0m /* 8.194 */                    throw e[0m
    [36m| [0m[34m|[0m /* 8.195 */                }[0m
    [36m| [0m[34m|[0m /* 8.196 */                if(e is AssertIntermediateException) {[0m
    [36m| [0m[34m|[0m /* 8.197 */                    throw e[0m
    [36m| [0m[34m|[0m /* 8.198 */                }[0m
    [36m| [0m[34m|[0m /* 8.199 */                if(e is UnittestTimeoutException) {[0m
    [36m| [0m[34m|[0m /* 8.200 */                    throw e[0m
    [36m| [0m[34m|[0m /* 8.201 */                }[0m
    [36m| [0m[34m|[0m /* 8.202 */                e[0m
    [36m| [0m[34m|[0m /* 8.203 */            }[0m
    [36m| [0m[34m|[0m /* 8.204 */        } catch(e: Exception) {[0m
    [36m| [0m[34m|[0m /* 8.205 */            if(e is AssertException || e is AssertIntermediateException || e is UnittestTimeoutException) {[0m
    [36m| [0m[34m|[0m /* 8.206 */                throw e[0m
    [36m| [0m[34m|[0m /* 8.207 */            }[0m
    [36m| [0m[34m|[0m /* 8.208 */            assertCaughtUnexpectedE("@AssertThrows(api.ResolveException)", "api.ResolveException", e.toString())[0m
    [36m| [0m[34m|[0m /* 8.209 */        }[0m
    [36m| [0m[34m|[0m /* 8.210 */    }[0m
    [36m| [0m[34m|[0m /* 8.211 */    [0m
    [36m| [0m[34m|[0m /* 8.212 */    @Attribute[TestCase_46][0m
    [36m| [0m[34m|[0m /* 8.213 */    func asciiNameProfileRejectsAmbiguousLabels(): Unit {[0m
    [36m| [0m[34m|[0m /* 8.214 */        for(invalid in["a..b", "-bad.example", "bad-.example", "bad label", "a/b", "é.example"]) {[0m
    [36m| [0m[34m|[0m /* 8.215 */            let wire = dnsTestHeader(1u16, 0x8180u16, 1, 0, 0, 0)[0m
    [36m| [0m[34m|[0m /* 8.216 */            dnsTestAppendQuestion(wire, invalid, 1)[0m
    [36m| [0m[34m|[0m /* 8.217 */            try {[0m
    [36m| [0m[34m|[0m /* 8.218 */                try {[0m
    [36m| [0m[34m|[0m /* 8.219 */                    assertEqual("true", "true", true, true)[0m
    [36m| [0m[34m|[0m /* 8.220 */                    DnsMessageParser().parse(wire.toArray())[0m
    [36m| [0m[34m|[0m /* 8.221 */                    fail("@AssertThrows: Expected 'api.ResolveException' was not caught.")[0m
    [36m| [0m[34m|[0m /* 8.222 */                } catch(e: api.ResolveException) {[0m
    [36m| [0m[34m|[0m /* 8.223 */                    if(e is AssertException) {[0m
    [36m| [0m[34m|[0m /* 8.224 */                        throw e[0m
    [36m| [0m[34m|[0m /* 8.225 */                    }[0m
    [36m| [0m[34m|[0m /* 8.226 */                    if(e is AssertIntermediateException) {[0m
    [36m| [0m[34m|[0m /* 8.227 */                        throw e[0m
    [36m| [0m[34m|[0m /* 8.228 */                    }[0m
    [36m| [0m[34m|[0m /* 8.229 */                    if(e is UnittestTimeoutException) {[0m
    [36m| [0m[34m|[0m /* 8.230 */                        throw e[0m
    [36m| [0m[34m|[0m /* 8.231 */                    }[0m
    [36m| [0m[34m|[0m /* 8.232 */                    e[0m
    [36m| [0m[34m|[0m /* 8.233 */                }[0m
    [36m| [0m[34m|[0m /* 8.234 */            } catch(e: Exception) {[0m
    [36m| [0m[34m|[0m /* 8.235 */                if(e is AssertException || e is AssertIntermediateException || e is UnittestTimeoutException) {[0m
    [36m| [0m[34m|[0m /* 8.236 */                    throw e[0m
    [36m| [0m[34m|[0m /* 8.237 */                }[0m
    [36m| [0m[34m|[0m /* 8.238 */                assertCaughtUnexpectedE("@AssertThrows(api.ResolveException)", "api.ResolveException", e.toString())[0m
    [36m| [0m[34m|[0m /* 8.239 */            }[0m
    [36m| [0m[34m|[0m /* 8.240 */        }[0m
    [36m| [0m[34m|[0m /* 8.241 */        let message = dnsTestHeader(3u16, 0x8180u16, 1, 0, 0, 0)[0m
    [36m| [0m[34m|[0m /* 8.242 */        message.add(3u8)[0m
    [36m| [0m[34m|[0m /* 8.243 */        message.add(b'a')[0m
    [36m| [0m[34m|[0m /* 8.244 */        message.add(b'.')[0m
    [36m| [0m[34m|[0m /* 8.245 */        message.add(b'b')[0m
    [36m| [0m[34m|[0m /* 8.246 */        message.add(0u8)[0m
    [36m| [0m[34m|[0m /* 8.247 */        dnsTestAppendU16(message, 1)[0m
    [36m| [0m[34m|[0m /* 8.248 */        dnsTestAppendU16(message, 1)[0m
    [36m| [0m[34m|[0m /* 8.249 */        try {[0m
    [36m| [0m[34m|[0m /* 8.250 */            try {[0m
    [36m| [0m[34m|[0m /* 8.251 */                assertEqual("true", "true", true, true)[0m
    [36m| [0m[34m|[0m /* 8.252 */                DnsMessageParser().parse(message.toArray())[0m
    [36m| [0m[34m|[0m /* 8.253 */                fail("@AssertThrows: Expected 'api.ResolveException' was not caught.")[0m
    [36m| [0m[34m|[0m /* 8.254 */            } catch(e: api.ResolveException) {[0m
    [36m| [0m[34m|[0m /* 8.255 */                if(e is AssertException) {[0m
    [36m| [0m[34m|[0m /* 8.256 */                    throw e[0m
    [36m| [0m[34m|[0m /* 8.257 */                }[0m
    [36m| [0m[34m|[0m /* 8.258 */                if(e is AssertIntermediateException) {[0m
    [36m| [0m[34m|[0m /* 8.259 */                    throw e[0m
    [36m| [0m[34m|[0m /* 8.260 */                }[0m
    [36m| [0m[34m|[0m /* 8.261 */                if(e is UnittestTimeoutException) {[0m
    [36m| [0m[34m|[0m /* 8.262 */                    throw e[0m
    [36m| [0m[34m|[0m /* 8.263 */                }[0m
    [36m| [0m[34m|[0m /* 8.264 */                e[0m
    [36m| [0m[34m|[0m /* 8.265 */            }[0m
    [36m| [0m[34m|[0m /* 8.266 */        } catch(e: Exception) {[0m
    [36m| [0m[34m|[0m /* 8.267 */            if(e is AssertException || e is AssertIntermediateException || e is UnittestTimeoutException) {[0m
    [36m| [0m[34m|[0m /* 8.268 */                throw e[0m
    [36m| [0m[34m|[0m /* 8.269 */            }[0m
    [36m| [0m[34m|[0m /* 8.270 */            assertCaughtUnexpectedE("@AssertThrows(api.ResolveException)", "api.ResolveException", e.toString())[0m
    [36m| [0m[34m|[0m /* 8.271 */        }[0m
    [36m| [0m[34m|[0m /* 8.272 */    }[0m
    [36m| [0m[34m|[0m /* 8.273 */    [0m
    [36m| [0m[34m|[0m /* 8.274 */    @Attribute[TestCase_47][0m
    [36m| [0m[34m|[0m /* 8.275 */    func compressionLoopsForwardPointersAndOutOfRangePointersAreRejected(): Unit {[0m
    [36m| [0m[34m|[0m /* 8.276 */        for(name in[[0xC0u8, 0x0Cu8],[0xC0u8, 0x0Eu8],[0xFFu8, 0xFFu8]]) {[0m
    [36m| [0m[34m|[0m /* 8.277 */            let message = dnsTestHeader(1u16, 0x8180u16, 1, 0, 0, 0)[0m
    [36m| [0m[34m|[0m /* 8.278 */            for(value in name) {[0m
    [36m| [0m[34m|[0m /* 8.279 */                message.add(value)[0m
    [36m| [0m[34m|[0m /* 8.280 */            }[0m
    [36m| [0m[34m|[0m /* 8.281 */            try {[0m
    [36m| [0m[34m|[0m /* 8.282 */                try {[0m
    [36m| [0m[34m|[0m /* 8.283 */                    assertEqual("true", "true", true, true)[0m
    [36m| [0m[34m|[0m /* 8.284 */                    DnsMessageParser().parse(message.toArray())[0m
    [36m| [0m[34m|[0m /* 8.285 */                    fail("@AssertThrows: Expected 'api.ResolveException' was not caught.")[0m
    [36m| [0m[34m|[0m /* 8.286 */                } catch(e: api.ResolveException) {[0m
    [36m| [0m[34m|[0m /* 8.287 */                    if(e is AssertException) {[0m
    [36m| [0m[34m|[0m /* 8.288 */                        throw e[0m
    [36m| [0m[34m|[0m /* 8.289 */                    }[0m
    [36m| [0m[34m|[0m /* 8.290 */                    if(e is AssertIntermediateException) {[0m
    [36m| [0m[34m|[0m /* 8.291 */                        throw e[0m
    [36m| [0m[34m|[0m /* 8.292 */                    }[0m
    [36m| [0m[34m|[0m /* 8.293 */                    if(e is UnittestTimeoutException) {[0m
    [36m| [0m[34m|[0m /* 8.294 */                        throw e[0m
    [36m| [0m[34m|[0m /* 8.295 */                    }[0m
    [36m| [0m[34m|[0m /* 8.296 */                    e[0m
    [36m| [0m[34m|[0m /* 8.297 */                }[0m
    [36m| [0m[34m|[0m /* 8.298 */            } catch(e: Exception) {[0m
    [36m| [0m[34m|[0m /* 8.299 */                if(e is AssertException || e is AssertIntermediateException || e is UnittestTimeoutException) {[0m
    [36m| [0m[34m|[0m /* 8.300 */                    throw e[0m
    [36m| [0m[34m|[0m /* 8.301 */                }[0m
    [36m| [0m[34m|[0m /* 8.302 */                assertCaughtUnexpectedE("@AssertThrows(api.ResolveException)", "api.ResolveException", e.toString())[0m
    [36m| [0m[34m|[0m /* 8.303 */            }[0m
    [36m| [0m[34m|[0m /* 8.304 */        }[0m
    [36m| [0m[34m|[0m /* 8.305 */    }[0m
    [36m| [0m[34m|[0m /* 8.306 */    [0m
    [36m| [0m[34m|[0m /* 8.307 */    @Attribute[TestCase_48][0m
    [36m| [0m[34m|[0m /* 8.308 */    func expandedNameAndSectionCountsRespectConfiguredBounds(): Unit {[0m
    [36m| [0m[34m|[0m /* 8.309 */        let question = dnsTestHeader(1u16, 0x8180u16, 1, 0, 0, 0)[0m
    [36m| [0m[34m|[0m /* 8.310 */        dnsTestAppendQuestion(question, "abcd", 1)[0m
    [36m| [0m[34m|[0m /* 8.311 */        try {[0m
    [36m| [0m[34m|[0m /* 8.312 */            try {[0m
    [36m| [0m[34m|[0m /* 8.313 */                assertEqual("true", "true", true, true)[0m
    [36m| [0m[34m|[0m /* 8.314 */                DnsMessageParser(limits: DnsParserLimits(maximumNameBytes: 3)).parse(question.toArray())[0m
    [36m| [0m[34m|[0m /* 8.315 */                fail("@AssertThrows: Expected 'api.ResolveException' was not caught.")[0m
    [36m| [0m[34m|[0m /* 8.316 */            } catch(e: api.ResolveException) {[0m
    [36m| [0m[34m|[0m /* 8.317 */                if(e is AssertException) {[0m
    [36m| [0m[34m|[0m /* 8.318 */                    throw e[0m
    [36m| [0m[34m|[0m /* 8.319 */                }[0m
    [36m| [0m[34m|[0m /* 8.320 */                if(e is AssertIntermediateException) {[0m
    [36m| [0m[34m|[0m /* 8.321 */                    throw e[0m
    [36m| [0m[34m|[0m /* 8.322 */                }[0m
    [36m| [0m[34m|[0m /* 8.323 */                if(e is UnittestTimeoutException) {[0m
    [36m| [0m[34m|[0m /* 8.324 */                    throw e[0m
    [36m| [0m[34m|[0m /* 8.325 */                }[0m
    [36m| [0m[34m|[0m /* 8.326 */                e[0m
    [36m| [0m[34m|[0m /* 8.327 */            }[0m
    [36m| [0m[34m|[0m /* 8.328 */        } catch(e: Exception) {[0m
    [36m| [0m[34m|[0m /* 8.329 */            if(e is AssertException || e is AssertIntermediateException || e is UnittestTimeoutException) {[0m
    [36m| [0m[34m|[0m /* 8.330 */                throw e[0m
    [36m| [0m[34m|[0m /* 8.331 */            }[0m
    [36m| [0m[34m|[0m /* 8.332 */            assertCaughtUnexpectedE("@AssertThrows(api.ResolveException)", "api.ResolveException", e.toString())[0m
    [36m| [0m[34m|[0m /* 8.333 */        }[0m
    [36m| [0m[34m|[0m /* 8.334 */        let tooManyQuestions = dnsTestHeader(1u16, 0x8180u16, 2, 0, 0, 0)[0m
    [36m| [0m[34m|[0m /* 8.335 */        try {[0m
    [36m| [0m[34m|[0m /* 8.336 */            try {[0m
    [36m| [0m[34m|[0m /* 8.337 */                assertEqual("true", "true", true, true)[0m
    [36m| [0m[34m|[0m /* 8.338 */                DnsMessageParser(limits: DnsParserLimits(maximumQuestions: 1)).parse(tooManyQuestions.toArray())[0m
    [36m| [0m[34m|[0m /* 8.339 */                fail("@AssertThrows: Expected 'api.ResolveException' was not caught.")[0m
    [36m| [0m[34m|[0m /* 8.340 */            } catch(e: api.ResolveException) {[0m
    [36m| [0m[34m|[0m /* 8.341 */                if(e is AssertException) {[0m
    [36m| [0m[34m|[0m /* 8.342 */                    throw e[0m
    [36m| [0m[34m|[0m /* 8.343 */                }[0m
    [36m| [0m[34m|[0m /* 8.344 */                if(e is AssertIntermediateException) {[0m
    [36m| [0m[34m|[0m /* 8.345 */                    throw e[0m
    [36m| [0m[34m|[0m /* 8.346 */                }[0m
    [36m| [0m[34m|[0m /* 8.347 */                if(e is UnittestTimeoutException) {[0m
    [36m| [0m[34m|[0m /* 8.348 */                    throw e[0m
    [36m| [0m[34m|[0m /* 8.349 */                }[0m
    [36m| [0m[34m|[0m /* 8.350 */                e[0m
    [36m| [0m[34m|[0m /* 8.351 */            }[0m
    [36m| [0m[34m|[0m /* 8.352 */        } catch(e: Exception) {[0m
    [36m| [0m[34m|[0m /* 8.353 */            if(e is AssertException || e is AssertIntermediateException || e is UnittestTimeoutException) {[0m
    [36m| [0m[34m|[0m /* 8.354 */                throw e[0m
    [36m| [0m[34m|[0m /* 8.355 */            }[0m
    [36m| [0m[34m|[0m /* 8.356 */            assertCaughtUnexpectedE("@AssertThrows(api.ResolveException)", "api.ResolveException", e.toString())[0m
    [36m| [0m[34m|[0m /* 8.357 */        }[0m
    [36m| [0m[34m|[0m /* 8.358 */        let tooManyRecords = dnsTestHeader(1u16, 0x8180u16, 0, 2, 0, 0)[0m
    [36m| [0m[34m|[0m /* 8.359 */        try {[0m
    [36m| [0m[34m|[0m /* 8.360 */            try {[0m
    [36m| [0m[34m|[0m /* 8.361 */                assertEqual("true", "true", true, true)[0m
    [36m| [0m[34m|[0m /* 8.362 */                DnsMessageParser(limits: DnsParserLimits(maximumRecords: 1)).parse(tooManyRecords.toArray())[0m
    [36m| [0m[34m|[0m /* 8.363 */                fail("@AssertThrows: Expected 'api.ResolveException' was not caught.")[0m
    [36m| [0m[34m|[0m /* 8.364 */            } catch(e: api.ResolveException) {[0m
    [36m| [0m[34m|[0m /* 8.365 */                if(e is AssertException) {[0m
    [36m| [0m[34m|[0m /* 8.366 */                    throw e[0m
    [36m| [0m[34m|[0m /* 8.367 */                }[0m
    [36m| [0m[34m|[0m /* 8.368 */                if(e is AssertIntermediateException) {[0m
    [36m| [0m[34m|[0m /* 8.369 */                    throw e[0m
    [36m| [0m[34m|[0m /* 8.370 */                }[0m
    [36m| [0m[34m|[0m /* 8.371 */                if(e is UnittestTimeoutException) {[0m
    [36m| [0m[34m|[0m /* 8.372 */                    throw e[0m
    [36m| [0m[34m|[0m /* 8.373 */                }[0m
    [36m| [0m[34m|[0m /* 8.374 */                e[0m
    [36m| [0m[34m|[0m /* 8.375 */            }[0m
    [36m| [0m[34m|[0m /* 8.376 */        } catch(e: Exception) {[0m
    [36m| [0m[34m|[0m /* 8.377 */            if(e is AssertException || e is AssertIntermediateException || e is UnittestTimeoutException) {[0m
    [36m| [0m[34m|[0m /* 8.378 */                throw e[0m
    [36m| [0m[34m|[0m /* 8.379 */            }[0m
    [36m| [0m[34m|[0m /* 8.380 */            assertCaughtUnexpectedE("@AssertThrows(api.ResolveException)", "api.ResolveException", e.toString())[0m
    [36m| [0m[34m|[0m /* 8.381 */        }[0m
    [36m| [0m[34m|[0m /* 8.382 */        let chained = dnsTestHeader(1u16, 0x8180u16, 1, 2, 0, 0)[0m
    [36m| [0m[34m|[0m /* 8.383 */        dnsTestAppendQuestion(chained, "chain.example", 1)[0m
    [36m| [0m[34m|[0m /* 8.384 */        let firstOwner = chained.size[0m
    [36m| [0m[34m|[0m /* 8.385 */        dnsTestAppendRecord(chained,[0xC0u8, 0x0Cu8], 65000, Array < Byte >())[0m
    [36m| [0m[34m|[0m /* 8.386 */        dnsTestAppendRecord(chained, dnsTestPointer(firstOwner), 65000, Array < Byte >())[0m
    [36m| [0m[34m|[0m /* 8.387 */        try {[0m
    [36m| [0m[34m|[0m /* 8.388 */            try {[0m
    [36m| [0m[34m|[0m /* 8.389 */                assertEqual("true", "true", true, true)[0m
    [36m| [0m[34m|[0m /* 8.390 */                DnsMessageParser(limits: DnsParserLimits(maximumIndirections: 1)).parse(chained.toArray())[0m
    [36m| [0m[34m|[0m /* 8.391 */                fail("@AssertThrows: Expected 'api.ResolveException' was not caught.")[0m
    [36m| [0m[34m|[0m /* 8.392 */            } catch(e: api.ResolveException) {[0m
    [36m| [0m[34m|[0m /* 8.393 */                if(e is AssertException) {[0m
    [36m| [0m[34m|[0m /* 8.394 */                    throw e[0m
    [36m| [0m[34m|[0m /* 8.395 */                }[0m
    [36m| [0m[34m|[0m /* 8.396 */                if(e is AssertIntermediateException) {[0m
    [36m| [0m[34m|[0m /* 8.397 */                    throw e[0m
    [36m| [0m[34m|[0m /* 8.398 */                }[0m
    [36m| [0m[34m|[0m /* 8.399 */                if(e is UnittestTimeoutException) {[0m
    [36m| [0m[34m|[0m /* 8.400 */                    throw e[0m
    [36m| [0m[34m|[0m /* 8.401 */                }[0m
    [36m| [0m[34m|[0m /* 8.402 */                e[0m
    [36m| [0m[34m|[0m /* 8.403 */            }[0m
    [36m| [0m[34m|[0m /* 8.404 */        } catch(e: Exception) {[0m
    [36m| [0m[34m|[0m /* 8.405 */            if(e is AssertException || e is AssertIntermediateException || e is UnittestTimeoutException) {[0m
    [36m| [0m[34m|[0m /* 8.406 */                throw e[0m
    [36m| [0m[34m|[0m /* 8.407 */            }[0m
    [36m| [0m[34m|[0m /* 8.408 */            assertCaughtUnexpectedE("@AssertThrows(api.ResolveException)", "api.ResolveException", e.toString())[0m
    [36m| [0m[34m|[0m /* 8.409 */        }[0m
    [36m| [0m[34m|[0m /* 8.410 */    }[0m
    [36m| [0m[34m|[0m /* 8.411 */    [0m
    [36m| [0m[34m|[0m /* 8.412 */    @Attribute[TestCase_49][0m
    [36m| [0m[34m|[0m /* 8.413 */    func completeParserRejectsTrailingAndTruncatedSectionBytes(): Unit {[0m
    [36m| [0m[34m|[0m /* 8.414 */        let trailing = dnsTestHeader(1u16, 0x8180u16, 0, 0, 0, 0)[0m
    [36m| [0m[34m|[0m /* 8.415 */        trailing.add(0u8)[0m
    [36m| [0m[34m|[0m /* 8.416 */        try {[0m
    [36m| [0m[34m|[0m /* 8.417 */            try {[0m
    [36m| [0m[34m|[0m /* 8.418 */                assertEqual("true", "true", true, true)[0m
    [36m| [0m[34m|[0m /* 8.419 */                DnsMessageParser().parse(trailing.toArray())[0m
    [36m| [0m[34m|[0m /* 8.420 */                fail("@AssertThrows: Expected 'api.ResolveException' was not caught.")[0m
    [36m| [0m[34m|[0m /* 8.421 */            } catch(e: api.ResolveException) {[0m
    [36m| [0m[34m|[0m /* 8.422 */                if(e is AssertException) {[0m
    [36m| [0m[34m|[0m /* 8.423 */                    throw e[0m
    [36m| [0m[34m|[0m /* 8.424 */                }[0m
    [36m| [0m[34m|[0m /* 8.425 */                if(e is AssertIntermediateException) {[0m
    [36m| [0m[34m|[0m /* 8.426 */                    throw e[0m
    [36m| [0m[34m|[0m /* 8.427 */                }[0m
    [36m| [0m[34m|[0m /* 8.428 */                if(e is UnittestTimeoutException) {[0m
    [36m| [0m[34m|[0m /* 8.429 */                    throw e[0m
    [36m| [0m[34m|[0m /* 8.430 */                }[0m
    [36m| [0m[34m|[0m /* 8.431 */                e[0m
    [36m| [0m[34m|[0m /* 8.432 */            }[0m
    [36m| [0m[34m|[0m /* 8.433 */        } catch(e: Exception) {[0m
    [36m| [0m[34m|[0m /* 8.434 */            if(e is AssertException || e is AssertIntermediateException || e is UnittestTimeoutException) {[0m
    [36m| [0m[34m|[0m /* 8.435 */                throw e[0m
    [36m| [0m[34m|[0m /* 8.436 */            }[0m
    [36m| [0m[34m|[0m /* 8.437 */            assertCaughtUnexpectedE("@AssertThrows(api.ResolveException)", "api.ResolveException", e.toString())[0m
    [36m| [0m[34m|[0m /* 8.438 */        }[0m
    [36m| [0m[34m|[0m /* 8.439 */        let reservedHeader = dnsTestHeader(1u16, 0x8040u16, 0, 0, 0, 0)[0m
    [36m| [0m[34m|[0m /* 8.440 */        try {[0m
    [36m| [0m[34m|[0m /* 8.441 */            try {[0m
    [36m| [0m[34m|[0m /* 8.442 */                assertEqual("true", "true", true, true)[0m
    [36m| [0m[34m|[0m /* 8.443 */                DnsMessageParser().parse(reservedHeader.toArray())[0m
    [36m| [0m[34m|[0m /* 8.444 */                fail("@AssertThrows: Expected 'api.ResolveException' was not caught.")[0m
    [36m| [0m[34m|[0m /* 8.445 */            } catch(e: api.ResolveException) {[0m
    [36m| [0m[34m|[0m /* 8.446 */                if(e is AssertException) {[0m
    [36m| [0m[34m|[0m /* 8.447 */                    throw e[0m
    [36m| [0m[34m|[0m /* 8.448 */                }[0m
    [36m| [0m[34m|[0m /* 8.449 */                if(e is AssertIntermediateException) {[0m
    [36m| [0m[34m|[0m /* 8.450 */                    throw e[0m
    [36m| [0m[34m|[0m /* 8.451 */                }[0m
    [36m| [0m[34m|[0m /* 8.452 */                if(e is UnittestTimeoutException) {[0m
    [36m| [0m[34m|[0m /* 8.453 */                    throw e[0m
    [36m| [0m[34m|[0m /* 8.454 */                }[0m
    [36m| [0m[34m|[0m /* 8.455 */                e[0m
    [36m| [0m[34m|[0m /* 8.456 */            }[0m
    [36m| [0m[34m|[0m /* 8.457 */        } catch(e: Exception) {[0m
    [36m| [0m[34m|[0m /* 8.458 */            if(e is AssertException || e is AssertIntermediateException || e is UnittestTimeoutException) {[0m
    [36m| [0m[34m|[0m /* 8.459 */                throw e[0m
    [36m| [0m[34m|[0m /* 8.460 */            }[0m
    [36m| [0m[34m|[0m /* 8.461 */            assertCaughtUnexpectedE("@AssertThrows(api.ResolveException)", "api.ResolveException", e.toString())[0m
    [36m| [0m[34m|[0m /* 8.462 */        }[0m
    [36m| [0m[34m|[0m /* 8.463 */        let shortQuestion = dnsTestHeader(1u16, 0x8180u16, 1, 0, 0, 0)[0m
    [36m| [0m[34m|[0m /* 8.464 */        shortQuestion.add(0u8)[0m
    [36m| [0m[34m|[0m /* 8.465 */        shortQuestion.add(0u8)[0m
    [36m| [0m[34m|[0m /* 8.466 */        try {[0m
    [36m| [0m[34m|[0m /* 8.467 */            try {[0m
    [36m| [0m[34m|[0m /* 8.468 */                assertEqual("true", "true", true, true)[0m
    [36m| [0m[34m|[0m /* 8.469 */                DnsMessageParser().parse(shortQuestion.toArray())[0m
    [36m| [0m[34m|[0m /* 8.470 */                fail("@AssertThrows: Expected 'api.ResolveException' was not caught.")[0m
    [36m| [0m[34m|[0m /* 8.471 */            } catch(e: api.ResolveException) {[0m
    [36m| [0m[34m|[0m /* 8.472 */                if(e is AssertException) {[0m
    [36m| [0m[34m|[0m /* 8.473 */                    throw e[0m
    [36m| [0m[34m|[0m /* 8.474 */                }[0m
    [36m| [0m[34m|[0m /* 8.475 */                if(e is AssertIntermediateException) {[0m
    [36m| [0m[34m|[0m /* 8.476 */                    throw e[0m
    [36m| [0m[34m|[0m /* 8.477 */                }[0m
    [36m| [0m[34m|[0m /* 8.478 */                if(e is UnittestTimeoutException) {[0m
    [36m| [0m[34m|[0m /* 8.479 */                    throw e[0m
    [36m| [0m[34m|[0m /* 8.480 */                }[0m
    [36m| [0m[34m|[0m /* 8.481 */                e[0m
    [36m| [0m[34m|[0m /* 8.482 */            }[0m
    [36m| [0m[34m|[0m /* 8.483 */        } catch(e: Exception) {[0m
    [36m| [0m[34m|[0m /* 8.484 */            if(e is AssertException || e is AssertIntermediateException || e is UnittestTimeoutException) {[0m
    [36m| [0m[34m|[0m /* 8.485 */                throw e[0m
    [36m| [0m[34m|[0m /* 8.486 */            }[0m
    [36m| [0m[34m|[0m /* 8.487 */            assertCaughtUnexpectedE("@AssertThrows(api.ResolveException)", "api.ResolveException", e.toString())[0m
    [36m| [0m[34m|[0m /* 8.488 */        }[0m
    [36m| [0m[34m|[0m /* 8.489 */        let shortRecord = dnsTestHeader(1u16, 0x8180u16, 0, 1, 0, 0)[0m
    [36m| [0m[34m|[0m /* 8.490 */        shortRecord.add(0u8)[0m
    [36m| [0m[34m|[0m /* 8.491 */        dnsTestAppendU16(shortRecord, 1)[0m
    [36m| [0m[34m|[0m /* 8.492 */        dnsTestAppendU16(shortRecord, 1)[0m
    [36m| [0m[34m|[0m /* 8.493 */        dnsTestAppendU32(shortRecord, 1u32)[0m
    [36m| [0m[34m|[0m /* 8.494 */        dnsTestAppendU16(shortRecord, 4)[0m
    [36m| [0m[34m|[0m /* 8.495 */        shortRecord.add(1u8)[0m
    [36m| [0m[34m|[0m /* 8.496 */        shortRecord.add(2u8)[0m
    [36m| [0m[34m|[0m /* 8.497 */        try {[0m
    [36m| [0m[34m|[0m /* 8.498 */            try {[0m
    [36m| [0m[34m|[0m /* 8.499 */                assertEqual("true", "true", true, true)[0m
    [36m| [0m[34m|[0m /* 8.500 */                DnsMessageParser().parse(shortRecord.toArray())[0m
    [36m| [0m[34m|[0m /* 8.501 */                fail("@AssertThrows: Expected 'api.ResolveException' was not caught.")[0m
    [36m| [0m[34m|[0m /* 8.502 */            } catch(e: api.ResolveException) {[0m
    [36m| [0m[34m|[0m /* 8.503 */                if(e is AssertException) {[0m
    [36m| [0m[34m|[0m /* 8.504 */                    throw e[0m
    [36m| [0m[34m|[0m /* 8.505 */                }[0m
    [36m| [0m[34m|[0m /* 8.506 */                if(e is AssertIntermediateException) {[0m
    [36m| [0m[34m|[0m /* 8.507 */                    throw e[0m
    [36m| [0m[34m|[0m /* 8.508 */                }[0m
    [36m| [0m[34m|[0m /* 8.509 */                if(e is UnittestTimeoutException) {[0m
    [36m| [0m[34m|[0m /* 8.510 */                    throw e[0m
    [36m| [0m[34m|[0m /* 8.511 */                }[0m
    [36m| [0m[34m|[0m /* 8.512 */                e[0m
    [36m| [0m[34m|[0m /* 8.513 */            }[0m
    [36m| [0m[34m|[0m /* 8.514 */        } catch(e: Exception) {[0m
    [36m| [0m[34m|[0m /* 8.515 */            if(e is AssertException || e is AssertIntermediateException || e is UnittestTimeoutException) {[0m
    [36m| [0m[34m|[0m /* 8.516 */                throw e[0m
    [36m| [0m[34m|[0m /* 8.517 */            }[0m
    [36m| [0m[34m|[0m /* 8.518 */            assertCaughtUnexpectedE("@AssertThrows(api.ResolveException)", "api.ResolveException", e.toString())[0m
    [36m| [0m[34m|[0m /* 8.519 */        }[0m
    [36m| [0m[34m|[0m /* 8.520 */    }[0m
    [36m| [0m[34m|[0m /* 8.521 */    [0m
    [36m| [0m[34m|[0m /* 8.522 */    @Attribute[TestCase_50][0m
    [36m| [0m[34m|[0m /* 8.523 */    func typedRdataLengthsAndTxtSegmentsAreExact(): Unit {[0m
    [36m| [0m[34m|[0m /* 8.524 */        for((typeCode, data) in[(1,[1u8, 2u8, 3u8]),(28, Array < Byte >(15, repeat: 0u8)),(16,[4u8, 1u8, 2u8]),(16, Array < Byte >())]) {[0m
    [36m| [0m[34m|[0m /* 8.525 */            let message = dnsTestHeader(1u16, 0x8180u16, 0, 1, 0, 0)[0m
    [36m| [0m[34m|[0m /* 8.526 */            dnsTestAppendRecord(message,[0u8], typeCode, data)[0m
    [36m| [0m[34m|[0m /* 8.527 */            try {[0m
    [36m| [0m[34m|[0m /* 8.528 */                try {[0m
    [36m| [0m[34m|[0m /* 8.529 */                    assertEqual("true", "true", true, true)[0m
    [36m| [0m[34m|[0m /* 8.530 */                    DnsMessageParser().parse(message.toArray())[0m
    [36m| [0m[34m|[0m /* 8.531 */                    fail("@AssertThrows: Expected 'api.ResolveException' was not caught.")[0m
    [36m| [0m[34m|[0m /* 8.532 */                } catch(e: api.ResolveException) {[0m
    [36m| [0m[34m|[0m /* 8.533 */                    if(e is AssertException) {[0m
    [36m| [0m[34m|[0m /* 8.534 */                        throw e[0m
    [36m| [0m[34m|[0m /* 8.535 */                    }[0m
    [36m| [0m[34m|[0m /* 8.536 */                    if(e is AssertIntermediateException) {[0m
    [36m| [0m[34m|[0m /* 8.537 */                        throw e[0m
    [36m| [0m[34m|[0m /* 8.538 */                    }[0m
    [36m| [0m[34m|[0m /* 8.539 */                    if(e is UnittestTimeoutException) {[0m
    [36m| [0m[34m|[0m /* 8.540 */                        throw e[0m
    [36m| [0m[34m|[0m /* 8.541 */                    }[0m
    [36m| [0m[34m|[0m /* 8.542 */                    e[0m
    [36m| [0m[34m|[0m /* 8.543 */                }[0m
    [36m| [0m[34m|[0m /* 8.544 */            } catch(e: Exception) {[0m
    [36m| [0m[34m|[0m /* 8.545 */                if(e is AssertException || e is AssertIntermediateException || e is UnittestTimeoutException) {[0m
    [36m| [0m[34m|[0m /* 8.546 */                    throw e[0m
    [36m| [0m[34m|[0m /* 8.547 */                }[0m
    [36m| [0m[34m|[0m /* 8.548 */                assertCaughtUnexpectedE("@AssertThrows(api.ResolveException)", "api.ResolveException", e.toString())[0m
    [36m| [0m[34m|[0m /* 8.549 */            }[0m
    [36m| [0m[34m|[0m /* 8.550 */        }[0m
    [36m| [0m[34m|[0m /* 8.551 */    }[0m
    [36m| [0m[34m|[0m /* 8.552 */    [0m
    [36m| [0m[34m|[0m /* 8.553 */    @Attribute[TestCase_51][0m
    [36m| [0m[34m|[0m /* 8.554 */    func compressedRdataNamesCannotConsumeNeighboringRecordBytes(): Unit {[0m
    [36m| [0m[34m|[0m /* 8.555 */        let extra = dnsTestHeader(1u16, 0x8180u16, 1, 1, 0, 0)[0m
    [36m| [0m[34m|[0m /* 8.556 */        dnsTestAppendQuestion(extra, "escape.example", 1)[0m
    [36m| [0m[34m|[0m /* 8.557 */        dnsTestAppendRecord(extra,[0xC0u8, 0x0Cu8], 5,[0xC0u8, 0x0Cu8, 0u8])[0m
    [36m| [0m[34m|[0m /* 8.558 */        try {[0m
    [36m| [0m[34m|[0m /* 8.559 */            try {[0m
    [36m| [0m[34m|[0m /* 8.560 */                assertEqual("true", "true", true, true)[0m
    [36m| [0m[34m|[0m /* 8.561 */                DnsMessageParser().parse(extra.toArray())[0m
    [36m| [0m[34m|[0m /* 8.562 */                fail("@AssertThrows: Expected 'api.ResolveException' was not caught.")[0m
    [36m| [0m[34m|[0m /* 8.563 */            } catch(e: api.ResolveException) {[0m
    [36m| [0m[34m|[0m /* 8.564 */                if(e is AssertException) {[0m
    [36m| [0m[34m|[0m /* 8.565 */                    throw e[0m
    [36m| [0m[34m|[0m /* 8.566 */                }[0m
    [36m| [0m[34m|[0m /* 8.567 */                if(e is AssertIntermediateException) {[0m
    [36m| [0m[34m|[0m /* 8.568 */                    throw e[0m
    [36m| [0m[34m|[0m /* 8.569 */                }[0m
    [36m| [0m[34m|[0m /* 8.570 */                if(e is UnittestTimeoutException) {[0m
    [36m| [0m[34m|[0m /* 8.571 */                    throw e[0m
    [36m| [0m[34m|[0m /* 8.572 */                }[0m
    [36m| [0m[34m|[0m /* 8.573 */                e[0m
    [36m| [0m[34m|[0m /* 8.574 */            }[0m
    [36m| [0m[34m|[0m /* 8.575 */        } catch(e: Exception) {[0m
    [36m| [0m[34m|[0m /* 8.576 */            if(e is AssertException || e is AssertIntermediateException || e is UnittestTimeoutException) {[0m
    [36m| [0m[34m|[0m /* 8.577 */                throw e[0m
    [36m| [0m[34m|[0m /* 8.578 */            }[0m
    [36m| [0m[34m|[0m /* 8.579 */            assertCaughtUnexpectedE("@AssertThrows(api.ResolveException)", "api.ResolveException", e.toString())[0m
    [36m| [0m[34m|[0m /* 8.580 */        }[0m
    [36m| [0m[34m|[0m /* 8.581 */        let escape = dnsTestHeader(1u16, 0x8180u16, 1, 2, 0, 0)[0m
    [36m| [0m[34m|[0m /* 8.582 */        dnsTestAppendQuestion(escape, "escape.example", 1)[0m
    [36m| [0m[34m|[0m /* 8.583 */        dnsTestAppendRecord(escape,[0xC0u8, 0x0Cu8], 5,[1u8, b'a'])[0m
    [36m| [0m[34m|[0m /* 8.584 */        dnsTestAppendRecord(escape,[0u8], 1,[1u8, 2u8, 3u8, 4u8])[0m
    [36m| [0m[34m|[0m /* 8.585 */        try {[0m
    [36m| [0m[34m|[0m /* 8.586 */            try {[0m
    [36m| [0m[34m|[0m /* 8.587 */                assertEqual("true", "true", true, true)[0m
    [36m| [0m[34m|[0m /* 8.588 */                DnsMessageParser().parse(escape.toArray())[0m
    [36m| [0m[34m|[0m /* 8.589 */                fail("@AssertThrows: Expected 'api.ResolveException' was not caught.")[0m
    [36m| [0m[34m|[0m /* 8.590 */            } catch(e: api.ResolveException) {[0m
    [36m| [0m[34m|[0m /* 8.591 */                if(e is AssertException) {[0m
    [36m| [0m[34m|[0m /* 8.592 */                    throw e[0m
    [36m| [0m[34m|[0m /* 8.593 */                }[0m
    [36m| [0m[34m|[0m /* 8.594 */                if(e is AssertIntermediateException) {[0m
    [36m| [0m[34m|[0m /* 8.595 */                    throw e[0m
    [36m| [0m[34m|[0m /* 8.596 */                }[0m
    [36m| [0m[34m|[0m /* 8.597 */                if(e is UnittestTimeoutException) {[0m
    [36m| [0m[34m|[0m /* 8.598 */                    throw e[0m
    [36m| [0m[34m|[0m /* 8.599 */                }[0m
    [36m| [0m[34m|[0m /* 8.600 */                e[0m
    [36m| [0m[34m|[0m /* 8.601 */            }[0m
    [36m| [0m[34m|[0m /* 8.602 */        } catch(e: Exception) {[0m
    [36m| [0m[34m|[0m /* 8.603 */            if(e is AssertException || e is AssertIntermediateException || e is UnittestTimeoutException) {[0m
    [36m| [0m[34m|[0m /* 8.604 */                throw e[0m
    [36m| [0m[34m|[0m /* 8.605 */            }[0m
    [36m| [0m[34m|[0m /* 8.606 */            assertCaughtUnexpectedE("@AssertThrows(api.ResolveException)", "api.ResolveException", e.toString())[0m
    [36m| [0m[34m|[0m /* 8.607 */        }[0m
    [36m| [0m[34m|[0m /* 8.608 */    }[0m
    [36m| [0m[34m|[0m /* 8.609 */    [0m
    [36m| [0m[34m|[0m /* 8.610 */    @Attribute[TestCase_52][0m
    [36m| [0m[34m|[0m /* 8.611 */    func srvTargetCompressionIsRejectedEvenWhenPointerIsInBounds(): Unit {[0m
    [36m| [0m[34m|[0m /* 8.612 */        let message = dnsTestHeader(1u16, 0x8180u16, 1, 1, 0, 0)[0m
    [36m| [0m[34m|[0m /* 8.613 */        dnsTestAppendQuestion(message, "_svc._tcp.example", 33)[0m
    [36m| [0m[34m|[0m /* 8.614 */        dnsTestAppendRecord(message,[0xC0u8, 0x0Cu8], 33,[0u8, 1u8, 0u8, 2u8, 0u8, 80u8, 0xC0u8, 0x0Cu8])[0m
    [36m| [0m[34m|[0m /* 8.615 */        try {[0m
    [36m| [0m[34m|[0m /* 8.616 */            try {[0m
    [36m| [0m[34m|[0m /* 8.617 */                assertEqual("true", "true", true, true)[0m
    [36m| [0m[34m|[0m /* 8.618 */                DnsMessageParser().parse(message.toArray())[0m
    [36m| [0m[34m|[0m /* 8.619 */                fail("@AssertThrows: Expected 'api.ResolveException' was not caught.")[0m
    [36m| [0m[34m|[0m /* 8.620 */            } catch(e: api.ResolveException) {[0m
    [36m| [0m[34m|[0m /* 8.621 */                if(e is AssertException) {[0m
    [36m| [0m[34m|[0m /* 8.622 */                    throw e[0m
    [36m| [0m[34m|[0m /* 8.623 */                }[0m
    [36m| [0m[34m|[0m /* 8.624 */                if(e is AssertIntermediateException) {[0m
    [36m| [0m[34m|[0m /* 8.625 */                    throw e[0m
    [36m| [0m[34m|[0m /* 8.626 */                }[0m
    [36m| [0m[34m|[0m /* 8.627 */                if(e is UnittestTimeoutException) {[0m
    [36m| [0m[34m|[0m /* 8.628 */                    throw e[0m
    [36m| [0m[34m|[0m /* 8.629 */                }[0m
    [36m| [0m[34m|[0m /* 8.630 */                e[0m
    [36m| [0m[34m|[0m /* 8.631 */            }[0m
    [36m| [0m[34m|[0m /* 8.632 */        } catch(e: Exception) {[0m
    [36m| [0m[34m|[0m /* 8.633 */            if(e is AssertException || e is AssertIntermediateException || e is UnittestTimeoutException) {[0m
    [36m| [0m[34m|[0m /* 8.634 */                throw e[0m
    [36m| [0m[34m|[0m /* 8.635 */            }[0m
    [36m| [0m[34m|[0m /* 8.636 */            assertCaughtUnexpectedE("@AssertThrows(api.ResolveException)", "api.ResolveException", e.toString())[0m
    [36m| [0m[34m|[0m /* 8.637 */        }[0m
    [36m| [0m[34m|[0m /* 8.638 */    }[0m
    [36m| [0m[34m|[0m /* 8.639 */    [0m
    [36m| [0m[34m|[0m /* 8.640 */    @Attribute[TestCase_53][0m
    [36m| [0m[34m|[0m /* 8.641 */    func summaryConstructorRejectsSectionMetadataThatCouldBlurBoundaries(): Unit {[0m
    [36m| [0m[34m|[0m /* 8.642 */        try {[0m
    [36m| [0m[34m|[0m /* 8.643 */            try {[0m
    [36m| [0m[34m|[0m /* 8.644 */                assertEqual("true", "true", true, true)[0m
    [36m| [0m[34m|[0m /* 8.645 */                DnsMessageSummary(1u16, 1, false, questionCount: 0, records: Array < DnsRecord >())[0m
    [36m| [0m[34m|[0m /* 8.646 */                fail("@AssertThrows: Expected 'IllegalArgumentException' was not caught.")[0m
    [36m| [0m[34m|[0m /* 8.647 */            } catch(e: IllegalArgumentException) {[0m
    [36m| [0m[34m|[0m /* 8.648 */                if(e is AssertException) {[0m
    [36m| [0m[34m|[0m /* 8.649 */                    throw e[0m
    [36m| [0m[34m|[0m /* 8.650 */                }[0m
    [36m| [0m[34m|[0m /* 8.651 */                if(e is AssertIntermediateException) {[0m
    [36m| [0m[34m|[0m /* 8.652 */                    throw e[0m
    [36m| [0m[34m|[0m /* 8.653 */                }[0m
    [36m| [0m[34m|[0m /* 8.654 */                if(e is UnittestTimeoutException) {[0m
    [36m| [0m[34m|[0m /* 8.655 */                    throw e[0m
    [36m| [0m[34m|[0m /* 8.656 */                }[0m
    [36m| [0m[34m|[0m /* 8.657 */                e[0m
    [36m| [0m[34m|[0m /* 8.658 */            }[0m
    [36m| [0m[34m|[0m /* 8.659 */        } catch(e: Exception) {[0m
    [36m| [0m[34m|[0m /* 8.660 */            if(e is AssertException || e is AssertIntermediateException || e is UnittestTimeoutException) {[0m
    [36m| [0m[34m|[0m /* 8.661 */                throw e[0m
    [36m| [0m[34m|[0m /* 8.662 */            }[0m
    [36m| [0m[34m|[0m /* 8.663 */            assertCaughtUnexpectedE("@AssertThrows(IllegalArgumentException)", "IllegalArgumentException", e.toString())[0m
    [36m| [0m[34m|[0m /* 8.664 */        }[0m
    [36m| [0m[34m|[0m /* 8.665 */    }[0m
    [36m| [0m[34m|[0m /* 8.666 */    [0m
    [36m| [0m[34m|[0m /* 8.667 */    @Attribute[TestCase_54][0m
    [36m| [0m[34m|[0m /* 8.668 */    func additionalOwnerMayReferenceAuthorityNameserverTarget(): Unit {[0m
    [36m| [0m[34m|[0m /* 8.669 */        let message = dnsTestHeader(0x1234u16, 0x8180u16, 1, 1, 1, 1)[0m
    [36m| [0m[34m|[0m /* 8.670 */        dnsTestAppendQuestion(message, "example.test", 1)[0m
    [36m| [0m[34m|[0m /* 8.671 */        dnsTestAppendRecord(message,[0xC0u8, 0x0Cu8], 1,[192u8, 0u8, 2u8, 1u8])[0m
    [36m| [0m[34m|[0m /* 8.672 */        let nameserverOffset = message.size + 12[0m
    [36m| [0m[34m|[0m /* 8.673 */        dnsTestAppendRecord(message,[0xC0u8, 0x0Cu8], 2,[2u8, b'n', b's', 0xC0u8, 0x0Cu8])[0m
    [36m| [0m[34m|[0m /* 8.674 */        dnsTestAppendRecord(message, dnsTestPointer(nameserverOffset), 1,[192u8, 0u8, 2u8, 53u8])[0m
    [36m| [0m[34m|[0m /* 8.675 */        let summary = DnsMessageParser().parse(message.toArray())[0m
    [36m| [0m[34m|[0m /* 8.676 */        expectEqual("summary.records[0].data()", "[192u8, 0u8, 2u8, 1u8]", summary.records[0].data(),[192u8, 0u8, 2u8, 1u8], isDelta: false)[0m
    [36m| [0m[34m|[0m /* 8.677 */        expectEqual("summary.records[2].name", "\"ns.example.test\"", summary.records[2].name, "ns.example.test", isDelta: false)[0m
    [36m| [0m[34m|[0m /* 8.678 */        expectEqual("summary.records[2].data()", "[192u8, 0u8, 2u8, 53u8]", summary.records[2].data(),[192u8, 0u8, 2u8, 53u8], isDelta: false)[0m
    [36m| [0m[34m|[0m /* 8.679 */    }[0m
    [36m| [0m[34m|[0m /* 8.680 */    [0m
    [36m| [0m[34m|[0m /* 8.681 */    @Attribute[TestCase_55][0m
    [36m| [0m[34m|[0m /* 8.682 */    func additionalOwnerMayReferenceSecondLegacyMailboxName(): Unit {[0m
    [36m| [0m[34m|[0m /* 8.683 */        let message = dnsTestHeader(1u16, 0x8180u16, 1, 0, 1, 1)[0m
    [36m| [0m[34m|[0m /* 8.684 */        dnsTestAppendQuestion(message, "example.test", 1)[0m
    [36m| [0m[34m|[0m /* 8.685 */        let mailboxOffset = message.size + 14[0m
    [36m| [0m[34m|[0m /* 8.686 */        let data =[0xC0u8, 0x0Cu8, 3u8, b'e', b'r', b'r', 0xC0u8, 0x0Cu8][0m
    [36m| [0m[34m|[0m /* 8.687 */        dnsTestAppendRecord(message,[0xC0u8, 0x0Cu8], 14, data)[0m
    [36m| [0m[34m|[0m /* 8.688 */        dnsTestAppendRecord(message, dnsTestPointer(mailboxOffset), 1,[192u8, 0u8, 2u8, 9u8])[0m
    [36m| [0m[34m|[0m /* 8.689 */        let summary = DnsMessageParser().parse(message.toArray())[0m
    [36m| [0m[34m|[0m /* 8.690 */        expectEqual("summary.records[0].data()", "data", summary.records[0].data(), data, isDelta: false)[0m
    [36m| [0m[34m|[0m /* 8.691 */        expectEqual("summary.records[1].name", "\"err.example.test\"", summary.records[1].name, "err.example.test", isDelta: false)[0m
    [36m| [0m[34m|[0m /* 8.692 */        expectEqual("summary.records[1].data()", "[192u8, 0u8, 2u8, 9u8]", summary.records[1].data(),[192u8, 0u8, 2u8, 9u8], isDelta: false)[0m
    [36m| [0m[34m|[0m /* 8.693 */        let missingMailbox = dnsTestHeader(1u16, 0x8180u16, 1, 1, 0, 0)[0m
    [36m| [0m[34m|[0m /* 8.694 */        dnsTestAppendQuestion(missingMailbox, "example.test", 14)[0m
    [36m| [0m[34m|[0m /* 8.695 */        dnsTestAppendRecord(missingMailbox,[0xC0u8, 0x0Cu8], 14,[0xC0u8, 0x0Cu8])[0m
    [36m| [0m[34m|[0m /* 8.696 */        try {[0m
    [36m| [0m[34m|[0m /* 8.697 */            try {[0m
    [36m| [0m[34m|[0m /* 8.698 */                assertEqual("true", "true", true, true)[0m
    [36m| [0m[34m|[0m /* 8.699 */                DnsMessageParser().parse(missingMailbox.toArray())[0m
    [36m| [0m[34m|[0m /* 8.700 */                fail("@AssertThrows: Expected 'api.ResolveException' was not caught.")[0m
    [36m| [0m[34m|[0m /* 8.701 */            } catch(e: api.ResolveException) {[0m
    [36m| [0m[34m|[0m /* 8.702 */                if(e is AssertException) {[0m
    [36m| [0m[34m|[0m /* 8.703 */                    throw e[0m
    [36m| [0m[34m|[0m /* 8.704 */                }[0m
    [36m| [0m[34m|[0m /* 8.705 */                if(e is AssertIntermediateException) {[0m
    [36m| [0m[34m|[0m /* 8.706 */                    throw e[0m
    [36m| [0m[34m|[0m /* 8.707 */                }[0m
    [36m| [0m[34m|[0m /* 8.708 */                if(e is UnittestTimeoutException) {[0m
    [36m| [0m[34m|[0m /* 8.709 */                    throw e[0m
    [36m| [0m[34m|[0m /* 8.710 */                }[0m
    [36m| [0m[34m|[0m /* 8.711 */                e[0m
    [36m| [0m[34m|[0m /* 8.712 */            }[0m
    [36m| [0m[34m|[0m /* 8.713 */        } catch(e: Exception) {[0m
    [36m| [0m[34m|[0m /* 8.714 */            if(e is AssertException || e is AssertIntermediateException || e is UnittestTimeoutException) {[0m
    [36m| [0m[34m|[0m /* 8.715 */                throw e[0m
    [36m| [0m[34m|[0m /* 8.716 */            }[0m
    [36m| [0m[34m|[0m /* 8.717 */            assertCaughtUnexpectedE("@AssertThrows(api.ResolveException)", "api.ResolveException", e.toString())[0m
    [36m| [0m[34m|[0m /* 8.718 */        }[0m
    [36m| [0m[34m|[0m /* 8.719 */    }[0m
    [36m| [0m[34m|[0m /* 8.720 */    [0m
    [36m| [0m[34m|[0m /* 8.721 */    init() {[0m
    [36m| [0m[34m|[0m /* 8.722 */    }[0m
    [36m| [0m[34m|[0m /* 8.723 */    private func classConfiguration(): Configuration {[0m
    [36m| [0m[34m|[0m /* 8.724 */        let configuration = Configuration()[0m
    [36m| [0m[34m|[0m /* 8.725 */        [0m
    [36m| [0m[34m|[0m /* 8.726 */        return configuration[0m
    [36m| [0m[34m|[0m /* 8.727 */    }[0m
    [36m| [0m[34m|[0m /* 8.728 */    public override func asTestSuite(): TestSuite {[0m
    [36m| [0m[34m|[0m /* 8.729 */        [0m
    [36m| [0m[34m|[0m /* 8.730 */        let suiteConfiguration = classConfiguration()[0m
    [36m| [0m[34m|[0m /* 8.731 */        let suiteBuilder = TestSuite.builder("DnsWireParserTest").configure(suiteConfiguration)[0m
    [36m| [0m[34m|[0m /* 8.732 */        [0m
    [36m| [0m[34m|[0m /* 8.733 */        { => let caseConfig = Configuration()[0m
    [36m| [0m[34m|[0m /* 8.734 */            [0m
    [36m| [0m[34m|[0m /* 8.735 */            let decodesCompressedTargetsBinaryTxtSoaAndUnknownDataTestFunc = { => decodesCompressedTargetsBinaryTxtSoaAndUnknownData();() }[0m
    [36m| [0m[34m|[0m /* 8.736 */            suiteBuilder.add([0m
    [36m| [0m[34m|[0m /* 8.737 */            UnitTestCase.create([0m
    [36m| [0m[34m|[0m /* 8.738 */            "decodesCompressedTargetsBinaryTxtSoaAndUnknownData",[0m
    [36m| [0m[34m|[0m /* 8.739 */            configuration: caseConfig,[0m
    [36m| [0m[34m|[0m /* 8.740 */            body: decodesCompressedTargetsBinaryTxtSoaAndUnknownDataTestFunc[0m
    [36m| [0m[34m|[0m /* 8.741 */            )[0m
    [36m| [0m[34m|[0m /* 8.742 */            )[0m
    [36m| [0m[34m|[0m /* 8.743 */            [0m
    [36m| [0m[34m|[0m /* 8.744 */        }()[0m
    [36m| [0m[34m|[0m /* 8.745 */        [0m
    [36m| [0m[34m|[0m /* 8.746 */        [0m
    [36m| [0m[34m|[0m /* 8.747 */        { => let caseConfig = Configuration()[0m
    [36m| [0m[34m|[0m /* 8.748 */            [0m
    [36m| [0m[34m|[0m /* 8.749 */            let recordOrderMakesAnswerAuthorityAndAdditionalBoundariesExplicitTestFunc = { => recordOrderMakesAnswerAuthorityAndAdditionalBoundariesExplicit();() }[0m
    [36m| [0m[34m|[0m /* 8.750 */            suiteBuilder.add([0m
    [36m| [0m[34m|[0m /* 8.751 */            UnitTestCase.create([0m
    [36m| [0m[34m|[0m /* 8.752 */            "recordOrderMakesAnswerAuthorityAndAdditionalBoundariesExplicit",[0m
    [36m| [0m[34m|[0m /* 8.753 */            configuration: caseConfig,[0m
    [36m| [0m[34m|[0m /* 8.754 */            body: recordOrderMakesAnswerAuthorityAndAdditionalBoundariesExplicitTestFunc[0m
    [36m| [0m[34m|[0m /* 8.755 */            )[0m
    [36m| [0m[34m|[0m /* 8.756 */            )[0m
    [36m| [0m[34m|[0m /* 8.757 */            [0m
    [36m| [0m[34m|[0m /* 8.758 */        }()[0m
    [36m| [0m[34m|[0m /* 8.759 */        [0m
    [36m| [0m[34m|[0m /* 8.760 */        [0m
    [36m| [0m[34m|[0m /* 8.761 */        { => let caseConfig = Configuration()[0m
    [36m| [0m[34m|[0m /* 8.762 */            [0m
    [36m| [0m[34m|[0m /* 8.763 */            let summariesAndRecordsOwnParserAndConstructorInputsTestFunc = { => summariesAndRecordsOwnParserAndConstructorInputs();() }[0m
    [36m| [0m[34m|[0m /* 8.764 */            suiteBuilder.add([0m
    [36m| [0m[34m|[0m /* 8.765 */            UnitTestCase.create([0m
    [36m| [0m[34m|[0m /* 8.766 */            "summariesAndRecordsOwnParserAndConstructorInputs",[0m
    [36m| [0m[34m|[0m /* 8.767 */            configuration: caseConfig,[0m
    [36m| [0m[34m|[0m /* 8.768 */            body: summariesAndRecordsOwnParserAndConstructorInputsTestFunc[0m
    [36m| [0m[34m|[0m /* 8.769 */            )[0m
    [36m| [0m[34m|[0m /* 8.770 */            )[0m
    [36m| [0m[34m|[0m /* 8.771 */            [0m
    [36m| [0m[34m|[0m /* 8.772 */        }()[0m
    [36m| [0m[34m|[0m /* 8.773 */        [0m
    [36m| [0m[34m|[0m /* 8.774 */        [0m
    [36m| [0m[34m|[0m /* 8.775 */        { => let caseConfig = Configuration()[0m
    [36m| [0m[34m|[0m /* 8.776 */            [0m
    [36m| [0m[34m|[0m /* 8.777 */            let publicSummaryRejectsCountsBeyondWireAndCombinedRecordBoundsTestFunc = { => publicSummaryRejectsCountsBeyondWireAndCombinedRecordBounds();() }[0m
    [36m| [0m[34m|[0m /* 8.778 */            suiteBuilder.add([0m
    [36m| [0m[34m|[0m /* 8.779 */            UnitTestCase.create([0m
    [36m| [0m[34m|[0m /* 8.780 */            "publicSummaryRejectsCountsBeyondWireAndCombinedRecordBounds",[0m
    [36m| [0m[34m|[0m /* 8.781 */            configuration: caseConfig,[0m
    [36m| [0m[34m|[0m /* 8.782 */            body: publicSummaryRejectsCountsBeyondWireAndCombinedRecordBoundsTestFunc[0m
    [36m| [0m[34m|[0m /* 8.783 */            )[0m
    [36m| [0m[34m|[0m /* 8.784 */            )[0m
    [36m| [0m[34m|[0m /* 8.785 */            [0m
    [36m| [0m[34m|[0m /* 8.786 */        }()[0m
    [36m| [0m[34m|[0m /* 8.787 */        [0m
    [36m| [0m[34m|[0m /* 8.788 */        [0m
    [36m| [0m[34m|[0m /* 8.789 */        { => let caseConfig = Configuration()[0m
    [36m| [0m[34m|[0m /* 8.790 */            [0m
    [36m| [0m[34m|[0m /* 8.791 */            let parserPreservesQuestionIdentityAndRejectsIncompleteRecordsTestFunc = { => parserPreservesQuestionIdentityAndRejectsIncompleteRecords();() }[0m
    [36m| [0m[34m|[0m /* 8.792 */            suiteBuilder.add([0m
    [36m| [0m[34m|[0m /* 8.793 */            UnitTestCase.create([0m
    [36m| [0m[34m|[0m /* 8.794 */            "parserPreservesQuestionIdentityAndRejectsIncompleteRecords",[0m
    [36m| [0m[34m|[0m /* 8.795 */            configuration: caseConfig,[0m
    [36m| [0m[34m|[0m /* 8.796 */            body: parserPreservesQuestionIdentityAndRejectsIncompleteRecordsTestFunc[0m
    [36m| [0m[34m|[0m /* 8.797 */            )[0m
    [36m| [0m[34m|[0m /* 8.798 */            )[0m
    [36m| [0m[34m|[0m /* 8.799 */            [0m
    [36m| [0m[34m|[0m /* 8.800 */        }()[0m
    [36m| [0m[34m|[0m /* 8.801 */        [0m
    [36m| [0m[34m|[0m /* 8.802 */        [0m
    [36m| [0m[34m|[0m /* 8.803 */        { => let caseConfig = Configuration()[0m
    [36m| [0m[34m|[0m /* 8.804 */            [0m
    [36m| [0m[34m|[0m /* 8.805 */            let asciiNameProfileRejectsAmbiguousLabelsTestFunc = { => asciiNameProfileRejectsAmbiguousLabels();() }[0m
    [36m| [0m[34m|[0m /* 8.806 */            suiteBuilder.add([0m
    [36m| [0m[34m|[0m /* 8.807 */            UnitTestCase.create([0m
    [36m| [0m[34m|[0m /* 8.808 */            "asciiNameProfileRejectsAmbiguousLabels",[0m
    [36m| [0m[34m|[0m /* 8.809 */            configuration: caseConfig,[0m
    [36m| [0m[34m|[0m /* 8.810 */            body: asciiNameProfileRejectsAmbiguousLabelsTestFunc[0m
    [36m| [0m[34m|[0m /* 8.811 */            )[0m
    [36m| [0m[34m|[0m /* 8.812 */            )[0m
    [36m| [0m[34m|[0m /* 8.813 */            [0m
    [36m| [0m[34m|[0m /* 8.814 */        }()[0m
    [36m| [0m[34m|[0m /* 8.815 */        [0m
    [36m| [0m[34m|[0m /* 8.816 */        [0m
    [36m| [0m[34m|[0m /* 8.817 */        { => let caseConfig = Configuration()[0m
    [36m| [0m[34m|[0m /* 8.818 */            [0m
    [36m| [0m[34m|[0m /* 8.819 */            let compressionLoopsForwardPointersAndOutOfRangePointersAreRejectedTestFunc = { => compressionLoopsForwardPointersAndOutOfRangePointersAreRejected();() }[0m
    [36m| [0m[34m|[0m /* 8.820 */            suiteBuilder.add([0m
    [36m| [0m[34m|[0m /* 8.821 */            UnitTestCase.create([0m
    [36m| [0m[34m|[0m /* 8.822 */            "compressionLoopsForwardPointersAndOutOfRangePointersAreRejected",[0m
    [36m| [0m[34m|[0m /* 8.823 */            configuration: caseConfig,[0m
    [36m| [0m[34m|[0m /* 8.824 */            body: compressionLoopsForwardPointersAndOutOfRangePointersAreRejectedTestFunc[0m
    [36m| [0m[34m|[0m /* 8.825 */            )[0m
    [36m| [0m[34m|[0m /* 8.826 */            )[0m
    [36m| [0m[34m|[0m /* 8.827 */            [0m
    [36m| [0m[34m|[0m /* 8.828 */        }()[0m
    [36m| [0m[34m|[0m /* 8.829 */        [0m
    [36m| [0m[34m|[0m /* 8.830 */        [0m
    [36m| [0m[34m|[0m /* 8.831 */        { => let caseConfig = Configuration()[0m
    [36m| [0m[34m|[0m /* 8.832 */            [0m
    [36m| [0m[34m|[0m /* 8.833 */            let expandedNameAndSectionCountsRespectConfiguredBoundsTestFunc = { => expandedNameAndSectionCountsRespectConfiguredBounds();() }[0m
    [36m| [0m[34m|[0m /* 8.834 */            suiteBuilder.add([0m
    [36m| [0m[34m|[0m /* 8.835 */            UnitTestCase.create([0m
    [36m| [0m[34m|[0m /* 8.836 */            "expandedNameAndSectionCountsRespectConfiguredBounds",[0m
    [36m| [0m[34m|[0m /* 8.837 */            configuration: caseConfig,[0m
    [36m| [0m[34m|[0m /* 8.838 */            body: expandedNameAndSectionCountsRespectConfiguredBoundsTestFunc[0m
    [36m| [0m[34m|[0m /* 8.839 */            )[0m
    [36m| [0m[34m|[0m /* 8.840 */            )[0m
    [36m| [0m[34m|[0m /* 8.841 */            [0m
    [36m| [0m[34m|[0m /* 8.842 */        }()[0m
    [36m| [0m[34m|[0m /* 8.843 */        [0m
    [36m| [0m[34m|[0m /* 8.844 */        [0m
    [36m| [0m[34m|[0m /* 8.845 */        { => let caseConfig = Configuration()[0m
    [36m| [0m[34m|[0m /* 8.846 */            [0m
    [36m| [0m[34m|[0m /* 8.847 */            let completeParserRejectsTrailingAndTruncatedSectionBytesTestFunc = { => completeParserRejectsTrailingAndTruncatedSectionBytes();() }[0m
    [36m| [0m[34m|[0m /* 8.848 */            suiteBuilder.add([0m
    [36m| [0m[34m|[0m /* 8.849 */            UnitTestCase.create([0m
    [36m| [0m[34m|[0m /* 8.850 */            "completeParserRejectsTrailingAndTruncatedSectionBytes",[0m
    [36m| [0m[34m|[0m /* 8.851 */            configuration: caseConfig,[0m
    [36m| [0m[34m|[0m /* 8.852 */            body: completeParserRejectsTrailingAndTruncatedSectionBytesTestFunc[0m
    [36m| [0m[34m|[0m /* 8.853 */            )[0m
    [36m| [0m[34m|[0m /* 8.854 */            )[0m
    [36m| [0m[34m|[0m /* 8.855 */            [0m
    [36m| [0m[34m|[0m /* 8.856 */        }()[0m
    [36m| [0m[34m|[0m /* 8.857 */        [0m
    [36m| [0m[34m|[0m /* 8.858 */        [0m
    [36m| [0m[34m|[0m /* 8.859 */        { => let caseConfig = Configuration()[0m
    [36m| [0m[34m|[0m /* 8.860 */            [0m
    [36m| [0m[34m|[0m /* 8.861 */            let typedRdataLengthsAndTxtSegmentsAreExactTestFunc = { => typedRdataLengthsAndTxtSegmentsAreExact();() }[0m
    [36m| [0m[34m|[0m /* 8.862 */            suiteBuilder.add([0m
    [36m| [0m[34m|[0m /* 8.863 */            UnitTestCase.create([0m
    [36m| [0m[34m|[0m /* 8.864 */            "typedRdataLengthsAndTxtSegmentsAreExact",[0m
    [36m| [0m[34m|[0m /* 8.865 */            configuration: caseConfig,[0m
    [36m| [0m[34m|[0m /* 8.866 */            body: typedRdataLengthsAndTxtSegmentsAreExactTestFunc[0m
    [36m| [0m[34m|[0m /* 8.867 */            )[0m
    [36m| [0m[34m|[0m /* 8.868 */            )[0m
    [36m| [0m[34m|[0m /* 8.869 */            [0m
    [36m| [0m[34m|[0m /* 8.870 */        }()[0m
    [36m| [0m[34m|[0m /* 8.871 */        [0m
    [36m| [0m[34m|[0m /* 8.872 */        [0m
    [36m| [0m[34m|[0m /* 8.873 */        { => let caseConfig = Configuration()[0m
    [36m| [0m[34m|[0m /* 8.874 */            [0m
    [36m| [0m[34m|[0m /* 8.875 */            let compressedRdataNamesCannotConsumeNeighboringRecordBytesTestFunc = { => compressedRdataNamesCannotConsumeNeighboringRecordBytes();() }[0m
    [36m| [0m[34m|[0m /* 8.876 */            suiteBuilder.add([0m
    [36m| [0m[34m|[0m /* 8.877 */            UnitTestCase.create([0m
    [36m| [0m[34m|[0m /* 8.878 */            "compressedRdataNamesCannotConsumeNeighboringRecordBytes",[0m
    [36m| [0m[34m|[0m /* 8.879 */            configuration: caseConfig,[0m
    [36m| [0m[34m|[0m /* 8.880 */            body: compressedRdataNamesCannotConsumeNeighboringRecordBytesTestFunc[0m
    [36m| [0m[34m|[0m /* 8.881 */            )[0m
    [36m| [0m[34m|[0m /* 8.882 */            )[0m
    [36m| [0m[34m|[0m /* 8.883 */            [0m
    [36m| [0m[34m|[0m /* 8.884 */        }()[0m
    [36m| [0m[34m|[0m /* 8.885 */        [0m
    [36m| [0m[34m|[0m /* 8.886 */        [0m
    [36m| [0m[34m|[0m /* 8.887 */        { => let caseConfig = Configuration()[0m
    [36m| [0m[34m|[0m /* 8.888 */            [0m
    [36m| [0m[34m|[0m /* 8.889 */            let srvTargetCompressionIsRejectedEvenWhenPointerIsInBoundsTestFunc = { => srvTargetCompressionIsRejectedEvenWhenPointerIsInBounds();() }[0m
    [36m| [0m[34m|[0m /* 8.890 */            suiteBuilder.add([0m
    [36m| [0m[34m|[0m /* 8.891 */            UnitTestCase.create([0m
    [36m| [0m[34m|[0m /* 8.892 */            "srvTargetCompressionIsRejectedEvenWhenPointerIsInBounds",[0m
    [36m| [0m[34m|[0m /* 8.893 */            configuration: caseConfig,[0m
    [36m| [0m[34m|[0m /* 8.894 */            body: srvTargetCompressionIsRejectedEvenWhenPointerIsInBoundsTestFunc[0m
    [36m| [0m[34m|[0m /* 8.895 */            )[0m
    [36m| [0m[34m|[0m /* 8.896 */            )[0m
    [36m| [0m[34m|[0m /* 8.897 */            [0m
    [36m| [0m[34m|[0m /* 8.898 */        }()[0m
    [36m| [0m[34m|[0m /* 8.899 */        [0m
    [36m| [0m[34m|[0m /* 8.900 */        [0m
    [36m| [0m[34m|[0m /* 8.901 */        { => let caseConfig = Configuration()[0m
    [36m| [0m[34m|[0m /* 8.902 */            [0m
    [36m| [0m[34m|[0m /* 8.903 */            let summaryConstructorRejectsSectionMetadataThatCouldBlurBoundariesTestFunc = { => summaryConstructorRejectsSectionMetadataThatCouldBlurBoundaries();() }[0m
    [36m| [0m[34m|[0m /* 8.904 */            suiteBuilder.add([0m
    [36m| [0m[34m|[0m /* 8.905 */            UnitTestCase.create([0m
    [36m| [0m[34m|[0m /* 8.906 */            "summaryConstructorRejectsSectionMetadataThatCouldBlurBoundaries",[0m
    [36m| [0m[34m|[0m /* 8.907 */            configuration: caseConfig,[0m
    [36m| [0m[34m|[0m /* 8.908 */            body: summaryConstructorRejectsSectionMetadataThatCouldBlurBoundariesTestFunc[0m
    [36m| [0m[34m|[0m /* 8.909 */            )[0m
    [36m| [0m[34m|[0m /* 8.910 */            )[0m
    [36m| [0m[34m|[0m /* 8.911 */            [0m
    [36m| [0m[34m|[0m /* 8.912 */        }()[0m
    [36m| [0m[34m|[0m /* 8.913 */        [0m
    [36m| [0m[34m|[0m /* 8.914 */        [0m
    [36m| [0m[34m|[0m /* 8.915 */        { => let caseConfig = Configuration()[0m
    [36m| [0m[34m|[0m /* 8.916 */            [0m
    [36m| [0m[34m|[0m /* 8.917 */            let additionalOwnerMayReferenceAuthorityNameserverTargetTestFunc = { => additionalOwnerMayReferenceAuthorityNameserverTarget();() }[0m
    [36m| [0m[34m|[0m /* 8.918 */            suiteBuilder.add([0m
    [36m| [0m[34m|[0m /* 8.919 */            UnitTestCase.create([0m
    [36m| [0m[34m|[0m /* 8.920 */            "additionalOwnerMayReferenceAuthorityNameserverTarget",[0m
    [36m| [0m[34m|[0m /* 8.921 */            configuration: caseConfig,[0m
    [36m| [0m[34m|[0m /* 8.922 */            body: additionalOwnerMayReferenceAuthorityNameserverTargetTestFunc[0m
    [36m| [0m[34m|[0m /* 8.923 */            )[0m
    [36m| [0m[34m|[0m /* 8.924 */            )[0m
    [36m| [0m[34m|[0m /* 8.925 */            [0m
    [36m| [0m[34m|[0m /* 8.926 */        }()[0m
    [36m| [0m[34m|[0m /* 8.927 */        [0m
    [36m| [0m[34m|[0m /* 8.928 */        [0m
    [36m| [0m[34m|[0m /* 8.929 */        { => let caseConfig = Configuration()[0m
    [36m| [0m[34m|[0m /* 8.930 */            [0m
    [36m| [0m[34m|[0m /* 8.931 */            let additionalOwnerMayReferenceSecondLegacyMailboxNameTestFunc = { => additionalOwnerMayReferenceSecondLegacyMailboxName();() }[0m
    [36m| [0m[34m|[0m /* 8.932 */            suiteBuilder.add([0m
    [36m| [0m[34m|[0m /* 8.933 */            UnitTestCase.create([0m
    [36m| [0m[34m|[0m /* 8.934 */            "additionalOwnerMayReferenceSecondLegacyMailboxName",[0m
    [36m| [0m[34m|[0m /* 8.935 */            configuration: caseConfig,[0m
    [36m| [0m[34m|[0m /* 8.936 */            body: additionalOwnerMayReferenceSecondLegacyMailboxNameTestFunc[0m
    [36m| [0m[34m|[0m /* 8.937 */            )[0m
    [36m| [0m[34m|[0m /* 8.938 */            )[0m
    [36m| [0m[34m|[0m /* 8.939 */            [0m
    [36m| [0m[34m|[0m /* 8.940 */        }()[0m
    [36m| [0m[34m|[0m /* 8.941 */        [0m
    [36m| [0m[34m|[0m /* 8.942 */        return suiteBuilder.build()[0m
    [36m| [0m[34m|[0m /* 8.943 */    }[0m
    [36m| [0m[34m|[0m /* 8.944 */    private func inheritedFromClassAnnotatedByTestTemplate < T >(): TestSuite where T <: TestClass {[0m
    [36m| [0m[34m|[0m /* 8.945 */        throw Exception("Unreachable code")[0m
    [36m| [0m[34m|[0m /* 8.946 */    }[0m
    [36m| [0m[34m|[0m /* 8.947 */}[0m
    [36m| [0m[34m|[0m /* 8.948 */[0m
    [36m| [0m[34m|[0m /* 8.949 */[0m
    [36m| [0m[34m|[0m /* 8.950 */interface TestPackageExtension_DnsWireParserTest {[0m
    [36m| [0m[34m|[0m /* 8.951 */    func registerDnsWireParserTest(): Unit[0m
    [36m| [0m[34m|[0m /* 8.952 */}[0m
    [36m| [0m[34m|[0m /* 8.953 */extend TestPackage <: TestPackageExtension_DnsWireParserTest {[0m
    [36m| [0m[34m|[0m /* 8.954 */    @Attribute[TEST_REGISTER][0m
    [36m| [0m[34m|[0m /* 8.955 */    public func registerDnsWireParserTest() {[0m
    [36m| [0m[34m|[0m /* 8.956 */        registerSuite({ => DnsWireParserTest().asTestSuite() })[0m
    [36m| [0m[34m|[0m /* 8.957 */    }[0m
    [36m| [0m[34m|[0m /* 8.958 */}[0m
    [36m| [0m[34m|[0m /* 8.959 */[0m
    [36m| [0m[34m|[0m[34m_[0m[34m__________^[0m
    [36m| [0m
[34mnote[0m: which is expanded as follows
    [36m| [0m
    [36m| [0m/* 8.93 */                DnsMessageSummary(1u16, 0, false, questionCount: 65536, questions: questions)[0m
    [36m| [0m                          [34m^^^^^^^^^^^^^^^^^^^^^^^^^^^^^^^^^^^^^^^^^^^^^^^^^^^^^^^^^^^^^^^^^^^^^^^^^^^^^ [0m
    [36m| [0m

[33mwarning[0m: unused expression
   [36m==>[0m /home/elliot/playground/Wirestack-pr-worktrees/M8-004-publication/src/net/dns_wire_test.cj:102:13:
    [36m| [0m
[36m102[0m [36m| [0m            DnsMessageSummary(1u16, 65536, false, records: records)[0m
    [36m| [0m            [33m^ unused expression[0m
    [36m| [0m
    [36m#[0m [0mnote[0m: this warning can be suppressed by setting the compiler option `-Woff unused`
[34mnote[0m: the warning occurs after the macro is expanded
   [36m==>[0m /home/elliot/playground/Wirestack-pr-worktrees/M8-004-publication/src/net/dns_wire_test.cj:8:1:
    [36m| [0m
[36m8[0m   [36m| [0m  @Test[0m
    [36m| [0m [34m_[0m[34m^[0m
[36m9[0m   [36m| [0m[34m|[0m class DnsWireParserTest {[0m
    [36m| [0m[34m|[0m ...[0m
[36m305[0m [36m| [0m[34m|[0m }[0m
    [36m| [0m[34m|[0m[34m_[0m[34m^[0m
    [36m| [0m
[34mnote[0m: which is expanded as follows
    [36m| [0m
    [36m| [0m/* 8.116 */                DnsMessageSummary(1u16, 65536, false, records: records)[0m
    [36m| [0m                           [34m^^^^^^^^^^^^^^^^^^^^^^^^^^^^^^^^^^^^^^^^^^^^^^^^^^^^^^^ [0m
    [36m| [0m

[33mwarning[0m: unused expression
   [36m==>[0m /home/elliot/playground/Wirestack-pr-worktrees/M8-004-publication/src/net/dns_wire_test.cj:105:13:
    [36m| [0m
[36m105[0m [36m| [0m            DnsMessageSummary(1u16, 32768, false, authorityCount: 32768, records: records)[0m
    [36m| [0m            [33m^ unused expression[0m
    [36m| [0m
    [36m#[0m [0mnote[0m: this warning can be suppressed by setting the compiler option `-Woff unused`
[34mnote[0m: the warning occurs after the macro is expanded
   [36m==>[0m /home/elliot/playground/Wirestack-pr-worktrees/M8-004-publication/src/net/dns_wire_test.cj:8:1:
    [36m| [0m
[36m8[0m   [36m| [0m  @Test[0m
    [36m| [0m [34m_[0m[34m^[0m
[36m9[0m   [36m| [0m[34m|[0m class DnsWireParserTest {[0m
    [36m| [0m[34m|[0m ...[0m
[36m305[0m [36m| [0m[34m|[0m }[0m
    [36m| [0m[34m|[0m[34m_[0m[34m^[0m
    [36m| [0m
[34mnote[0m: which is expanded as follows
    [36m| [0m
    [36m| [0m/* 8.139 */                DnsMessageSummary(1u16, 32768, false, authorityCount: 32768, records: records)[0m
    [36m| [0m                           [34m^^^^^^^^^^^^^^^^^^^^^^^^^^^^^^^^^^^^^^^^^^^^^^^^^^^^^^^^^^^^^^^^^^^^^^^^^^^^^^ [0m
    [36m| [0m

[33mwarning[0m: unreachable block in 'if' expression
    [36m| [0m
    [36m| [0m  /* 8.193 */                if(e is AssertException) {[0m
    [36m| [0m [33m_[0m[33m____________________________________________________^[0m
    [36m| [0m[33m|[0m /* 8.194 */                    throw e[0m
    [36m| [0m[33m|[0m /* 8.195 */                }[0m
    [36m| [0m[33m|[0m[33m_[0m[33m___________________________^ unreachable block in 'if' expression[0m
    [36m| [0m
    [36m#[0m [0mnote[0m: this warning can be suppressed by setting the compiler option `-Woff unused`
[34mnote[0m: the warning occurs after the macro is expanded
   [36m==>[0m /home/elliot/playground/Wirestack-pr-worktrees/M8-004-publication/src/net/dns_wire_test.cj:8:1:
    [36m| [0m
[36m8[0m   [36m| [0m  @Test[0m
    [36m| [0m [34m_[0m[34m^[0m
[36m9[0m   [36m| [0m[34m|[0m class DnsWireParserTest {[0m
    [36m| [0m[34m|[0m ...[0m
[36m305[0m [36m| [0m[34m|[0m }[0m
    [36m| [0m[34m|[0m[34m_[0m[34m^[0m
    [36m| [0m

[33mwarning[0m: unused expression
   [36m==>[0m /home/elliot/playground/Wirestack-pr-worktrees/M8-004-publication/src/net/dns_resolver_test.cj:202:53:
    [36m| [0m
[36m202[0m [36m| [0m            @AssertThrows[IllegalArgumentException](DnsResolverConfig(nameservers: [endpoint]))[0m
    [36m| [0m                                                    [33m^ unused expression[0m
    [36m| [0m
    [36m#[0m [0mnote[0m: this warning can be suppressed by setting the compiler option `-Woff unused`
[34mnote[0m: the warning occurs after the macro is expanded
   [36m==>[0m /home/elliot/playground/Wirestack-pr-worktrees/M8-004-publication/src/net/dns_resolver_test.cj:156:1:
    [36m| [0m
[36m156[0m [36m| [0m  @Test[0m
    [36m| [0m [34m_[0m[34m^[0m
[36m157[0m [36m| [0m[34m|[0m class DnsResolverPolicyTest {[0m
    [36m| [0m[34m|[0m ...[0m
[36m723[0m [36m| [0m[34m|[0m }[0m
    [36m| [0m[34m|[0m[34m_[0m[34m^[0m
    [36m| [0m
[34mnote[0m: the code after the macro is expanded as follows
    [36m| [0m
    [36m| [0m  /* 156.1 */@Attribute[TEST_GENERATED] class DnsResolverPolicyTest <: TestClass {[0m
    [36m| [0m [34m_[0m[34m^[0m
    [36m| [0m[34m|[0m /* 156.2 */    @Attribute[TestCase_24][0m
    [36m| [0m[34m|[0m /* 156.3 */    func fromSystemParsesTabsCommentsLastSearchAndClampedNdots(): Unit {[0m
    [36m| [0m[34m|[0m /* 156.4 */        let path = dnsResolverTestTempPath()[0m
    [36m| [0m[34m|[0m /* 156.5 */        try {[0m
    [36m| [0m[34m|[0m /* 156.6 */            File.writeTo(path,("# trusted resolver fixture\n" + "nameserver\t192.0.2.53 # primary\n" + "nameserver 010.0.0.1 ; leading zero is not a literal\n" + "nameserver 300.1.1.1\n" + "nameserver 2001:db8::53 ; secondary\n" + "nameserver 2001:db8:::53\n" + "search old.test duplicate.test\n" + "domain\tfinal.test ignored.test # the last directive wins\n" + "options rotate ndots:99 ndots:-1\n").toArray())[0m
    [36m| [0m[34m|[0m /* 156.7 */            let config = DnsResolverConfig.fromSystem(path: path)[0m
    [36m| [0m[34m|[0m /* 156.8 */            let servers = config.nameservers[0m
    [36m| [0m[34m|[0m /* 156.9 */            assertEqual("servers.size", "2", servers.size, 2, isDelta: false)[0m
    [36m| [0m[34m|[0m /* 156.10 */            expectEqual("servers[0].address.toOctets()", "[192u8, 0u8, 2u8, 53u8]", servers[0].address.toOctets(),[192u8, 0u8, 2u8, 53u8], isDelta: false)[0m
    [36m| [0m[34m|[0m /* 156.11 */            expectEqual("servers[0].port", "53u16", servers[0].port, 53u16, isDelta: false)[0m
    [36m| [0m[34m|[0m /* 156.12 */            expectEqual("dnsResolverTestFamilyIs(servers[1].address.family, api.IpAddressFamily.Ipv6)", "true", dnsResolverTestFamilyIs(servers[1].address.family, api.IpAddressFamily.Ipv6), true, isDelta: false)[0m
    [36m| [0m[34m|[0m /* 156.13 */            expectEqual("servers[1].port", "53u16", servers[1].port, 53u16, isDelta: false)[0m
    [36m| [0m[34m|[0m /* 156.14 */            expectEqual("config.searchDomains", "[api.HostName(\"final.test\")]", config.searchDomains,[api.HostName("final.test")], isDelta: false)[0m
    [36m| [0m[34m|[0m /* 156.15 */            expectEqual("config.ndots", "15", config.ndots, 15, isDelta: false)[0m
    [36m| [0m[34m|[0m /* 156.16 */        } finally {[0m
    [36m| [0m[34m|[0m /* 156.17 */            let _ = removeIfExists(path)[0m
    [36m| [0m[34m|[0m /* 156.18 */        }[0m
    [36m| [0m[34m|[0m /* 156.19 */    }[0m
    [36m| [0m[34m|[0m /* 156.20 */    [0m
    [36m| [0m[34m|[0m /* 156.21 */    @Attribute[TestCase_25][0m
    [36m| [0m[34m|[0m /* 156.22 */    func directConfigRejectsUnsupportedNameserverZonesBeforeQueries(): Unit {[0m
    [36m| [0m[34m|[0m /* 156.23 */        let octets = Array < Byte >(16, repeat: 0u8)[0m
    [36m| [0m[34m|[0m /* 156.24 */        octets[0] = 0xFEu8[0m
    [36m| [0m[34m|[0m /* 156.25 */        octets[1] = 0x80u8[0m
    [36m| [0m[34m|[0m /* 156.26 */        octets[15] = 1u8[0m
    [36m| [0m[34m|[0m /* 156.27 */        for(zone in["eth0", "4294967296"]) {[0m
    [36m| [0m[34m|[0m /* 156.28 */            let endpoint = api.SocketEndpoint(api.IpAddress(api.IpAddressFamily.Ipv6, octets, zone: Some(zone)), 53u16)[0m
    [36m| [0m[34m|[0m /* 156.29 */            try {[0m
    [36m| [0m[34m|[0m /* 156.30 */                try {[0m
    [36m| [0m[34m|[0m /* 156.31 */                    assertEqual("true", "true", true, true)[0m
    [36m| [0m[34m|[0m /* 156.32 */                    DnsResolverConfig(nameservers:[endpoint])[0m
    [36m| [0m[34m|[0m /* 156.33 */                    fail("@AssertThrows: Expected 'IllegalArgumentException' was not caught.")[0m
    [36m| [0m[34m|[0m /* 156.34 */                } catch(e: IllegalArgumentException) {[0m
    [36m| [0m[34m|[0m /* 156.35 */                    if(e is AssertException) {[0m
    [36m| [0m[34m|[0m /* 156.36 */                        throw e[0m
    [36m| [0m[34m|[0m /* 156.37 */                    }[0m
    [36m| [0m[34m|[0m /* 156.38 */                    if(e is AssertIntermediateException) {[0m
    [36m| [0m[34m|[0m /* 156.39 */                        throw e[0m
    [36m| [0m[34m|[0m /* 156.40 */                    }[0m
    [36m| [0m[34m|[0m /* 156.41 */                    if(e is UnittestTimeoutException) {[0m
    [36m| [0m[34m|[0m /* 156.42 */                        throw e[0m
    [36m| [0m[34m|[0m /* 156.43 */                    }[0m
    [36m| [0m[34m|[0m /* 156.44 */                    e[0m
    [36m| [0m[34m|[0m /* 156.45 */                }[0m
    [36m| [0m[34m|[0m /* 156.46 */            } catch(e: Exception) {[0m
    [36m| [0m[34m|[0m /* 156.47 */                if(e is AssertException || e is AssertIntermediateException || e is UnittestTimeoutException) {[0m
    [36m| [0m[34m|[0m /* 156.48 */                    throw e[0m
    [36m| [0m[34m|[0m /* 156.49 */                }[0m
    [36m| [0m[34m|[0m /* 156.50 */                assertCaughtUnexpectedE("@AssertThrows(IllegalArgumentException)", "IllegalArgumentException", e.toString())[0m
    [36m| [0m[34m|[0m /* 156.51 */            }[0m
    [36m| [0m[34m|[0m /* 156.52 */        }[0m
    [36m| [0m[34m|[0m /* 156.53 */    }[0m
    [36m| [0m[34m|[0m /* 156.54 */    [0m
    [36m| [0m[34m|[0m /* 156.55 */    @Attribute[TestCase_26][0m
    [36m| [0m[34m|[0m /* 156.56 */    func numericNameserverZonesUseCanonicalEndpointIdentity(): Unit {[0m
    [36m| [0m[34m|[0m /* 156.57 */        let octets = Array < Byte >(16, repeat: 0u8)[0m
    [36m| [0m[34m|[0m /* 156.58 */        octets[0] = 0xFEu8[0m
    [36m| [0m[34m|[0m /* 156.59 */        octets[1] = 0x80u8[0m
    [36m| [0m[34m|[0m /* 156.60 */        octets[15] = 1u8[0m
    [36m| [0m[34m|[0m /* 156.61 */        for((spelling, canonical) in[("0001", Some("1")),("000", None < String >)]) {[0m
    [36m| [0m[34m|[0m /* 156.62 */            let configured = api.SocketEndpoint(api.IpAddress(api.IpAddressFamily.Ipv6, octets, zone: Some(spelling)), 53u16)[0m
    [36m| [0m[34m|[0m /* 156.63 */            let received = api.SocketEndpoint(api.IpAddress(api.IpAddressFamily.Ipv6, octets, zone: canonical), 53u16)[0m
    [36m| [0m[34m|[0m /* 156.64 */            expectEqual("DnsResolverConfig(nameservers:[configured]).nameservers[0]", "received", DnsResolverConfig(nameservers:[configured]).nameservers[0], received, isDelta: false)[0m
    [36m| [0m[34m|[0m /* 156.65 */        }[0m
    [36m| [0m[34m|[0m /* 156.66 */    }[0m
    [36m| [0m[34m|[0m /* 156.67 */    [0m
    [36m| [0m[34m|[0m /* 156.68 */    @Attribute[TestCase_27][0m
    [36m| [0m[34m|[0m /* 156.69 */    func systemNameserversRetainOnlySupportedNumericZones(): Unit {[0m
    [36m| [0m[34m|[0m /* 156.70 */        let path = dnsResolverTestTempPath()[0m
    [36m| [0m[34m|[0m /* 156.71 */        try {[0m
    [36m| [0m[34m|[0m /* 156.72 */            File.writeTo(path,("nameserver fe80::1%eth0\n" + "nameserver fe80::2%4294967296\n" + "nameserver fe80::3%007\n" + "nameserver 192.0.2.53\n").toArray())[0m
    [36m| [0m[34m|[0m /* 156.73 */            let servers = DnsResolverConfig.fromSystem(path: path).nameservers[0m
    [36m| [0m[34m|[0m /* 156.74 */            assertEqual("servers.size", "2", servers.size, 2, isDelta: false)[0m
    [36m| [0m[34m|[0m /* 156.75 */            expectEqual("servers[0].address.zone", "Some(\"7\")", servers[0].address.zone, Some("7"), isDelta: false)[0m
    [36m| [0m[34m|[0m /* 156.76 */            expectEqual("servers[1].address.toOctets()", "[192u8, 0u8, 2u8, 53u8]", servers[1].address.toOctets(),[192u8, 0u8, 2u8, 53u8], isDelta: false)[0m
    [36m| [0m[34m|[0m /* 156.77 */            File.writeTo(path, "nameserver fe80::1%eth0\n".toArray())[0m
    [36m| [0m[34m|[0m /* 156.78 */            expectEqual("DnsResolverConfig.fromSystem(path: path).nameservers.isEmpty()", "true", DnsResolverConfig.fromSystem(path: path).nameservers.isEmpty(), true, isDelta: false)[0m
    [36m| [0m[34m|[0m /* 156.79 */        } finally {[0m
    [36m| [0m[34m|[0m /* 156.80 */            let _ = removeIfExists(path)[0m
    [36m| [0m[34m|[0m /* 156.81 */        }[0m
    [36m| [0m[34m|[0m /* 156.82 */    }[0m
    [36m| [0m[34m|[0m /* 156.83 */    [0m
    [36m| [0m[34m|[0m /* 156.84 */    @Attribute[TestCase_28][0m
    [36m| [0m[34m|[0m /* 156.85 */    func equivalentNameserverScopesDoNotConsumeTheServerLimit(): Unit {[0m
    [36m| [0m[34m|[0m /* 156.86 */        let path = dnsResolverTestTempPath()[0m
    [36m| [0m[34m|[0m /* 156.87 */        try {[0m
    [36m| [0m[34m|[0m /* 156.88 */            var contents = ""[0m
    [36m| [0m[34m|[0m /* 156.89 */            for(scope in["1", "01", "001", "0001", "00001", "000001", "0000001", "00000001"]) {[0m
    [36m| [0m[34m|[0m /* 156.90 */                contents += "nameserver fe80::1%${scope}\n"[0m
    [36m| [0m[34m|[0m /* 156.91 */            }[0m
    [36m| [0m[34m|[0m /* 156.92 */            contents += "nameserver 192.0.2.53\n"[0m
    [36m| [0m[34m|[0m /* 156.93 */            File.writeTo(path, contents.toArray())[0m
    [36m| [0m[34m|[0m /* 156.94 */            let servers = DnsResolverConfig.fromSystem(path: path).nameservers[0m
    [36m| [0m[34m|[0m /* 156.95 */            assertEqual("servers.size", "2", servers.size, 2, isDelta: false)[0m
    [36m| [0m[34m|[0m /* 156.96 */            expectEqual("servers[0].address.zone", "Some(\"1\")", servers[0].address.zone, Some("1"), isDelta: false)[0m
    [36m| [0m[34m|[0m /* 156.97 */            expectEqual("servers[1].address.toOctets()", "[192u8, 0u8, 2u8, 53u8]", servers[1].address.toOctets(),[192u8, 0u8, 2u8, 53u8], isDelta: false)[0m
    [36m| [0m[34m|[0m /* 156.98 */        } finally {[0m
    [36m| [0m[34m|[0m /* 156.99 */            let _ = removeIfExists(path)[0m
    [36m| [0m[34m|[0m /* 156.100 */        }[0m
    [36m| [0m[34m|[0m /* 156.101 */    }[0m
    [36m| [0m[34m|[0m /* 156.102 */    [0m
    [36m| [0m[34m|[0m /* 156.103 */    @Attribute[TestCase_29][0m
    [36m| [0m[34m|[0m /* 156.104 */    func configOwnsInputArraysAndReturnsDefensiveCopies(): Unit {[0m
    [36m| [0m[34m|[0m /* 156.105 */        let first = dnsResolverTestLoopback(5301u16)[0m
    [36m| [0m[34m|[0m /* 156.106 */        let second = dnsResolverTestLoopback(5302u16)[0m
    [36m| [0m[34m|[0m /* 156.107 */        let nameservers =[first, second][0m
    [36m| [0m[34m|[0m /* 156.108 */        let searches =[api.HostName("first.test"), api.HostName("second.test")][0m
    [36m| [0m[34m|[0m /* 156.109 */        let config = DnsResolverConfig(nameservers: nameservers, searchDomains: searches, hostsPath: "")[0m
    [36m| [0m[34m|[0m /* 156.110 */        nameservers[0] = dnsResolverTestLoopback(5399u16)[0m
    [36m| [0m[34m|[0m /* 156.111 */        searches[0] = api.HostName("mutated.test")[0m
    [36m| [0m[34m|[0m /* 156.112 */        expectEqual("config.nameservers[0]", "first", config.nameservers[0], first, isDelta: false)[0m
    [36m| [0m[34m|[0m /* 156.113 */        expectEqual("config.searchDomains[0]", "api.HostName(\"first.test\")", config.searchDomains[0], api.HostName("first.test"), isDelta: false)[0m
    [36m| [0m[34m|[0m /* 156.114 */        let returnedServers = config.nameservers[0m
    [36m| [0m[34m|[0m /* 156.115 */        let returnedSearches = config.searchDomains[0m
    [36m| [0m[34m|[0m /* 156.116 */        returnedServers[0] = dnsResolverTestLoopback(5398u16)[0m
    [36m| [0m[34m|[0m /* 156.117 */        returnedSearches[0] = api.HostName("returned.test")[0m
    [36m| [0m[34m|[0m /* 156.118 */        expectEqual("config.nameservers[0]", "first", config.nameservers[0], first, isDelta: false)[0m
    [36m| [0m[34m|[0m /* 156.119 */        expectEqual("config.nameservers[1]", "second", config.nameservers[1], second, isDelta: false)[0m
    [36m| [0m[34m|[0m /* 156.120 */        expectEqual("config.searchDomains[0]", "api.HostName(\"first.test\")", config.searchDomains[0], api.HostName("first.test"), isDelta: false)[0m
    [36m| [0m[34m|[0m /* 156.121 */        expectEqual("config.searchDomains[1]", "api.HostName(\"second.test\")", config.searchDomains[1], api.HostName("second.test"), isDelta: false)[0m
    [36m| [0m[34m|[0m /* 156.122 */    }[0m
    [36m| [0m[34m|[0m /* 156.123 */    [0m
    [36m| [0m[34m|[0m /* 156.124 */    @Attribute[TestCase_30][0m
    [36m| [0m[34m|[0m /* 156.125 */    func adoptedClientRequiresMatchingConfigurationWithoutTakingRejectedOwnership(): Unit {[0m
    [36m| [0m[34m|[0m /* 156.126 */        let settings = DnsResolverConfig(hostsPath: "", queryTimeout: Duration.second)[0m
    [36m| [0m[34m|[0m /* 156.127 */        let client = DnsClient(config: settings)[0m
    [36m| [0m[34m|[0m /* 156.128 */        try {[0m
    [36m| [0m[34m|[0m /* 156.129 */            try {[0m
    [36m| [0m[34m|[0m /* 156.130 */                try {[0m
    [36m| [0m[34m|[0m /* 156.131 */                    assertEqual("true", "true", true, true)[0m
    [36m| [0m[34m|[0m /* 156.132 */                    Resolver(config: DnsResolverConfig(hostsPath: "", queryTimeout: 30 * Duration.second), dns: Some(client))[0m
    [36m| [0m[34m|[0m /* 156.133 */                    fail("@AssertThrows: Expected 'IllegalArgumentException' was not caught.")[0m
    [36m| [0m[34m|[0m /* 156.134 */                } catch(e: IllegalArgumentException) {[0m
    [36m| [0m[34m|[0m /* 156.135 */                    if(e is AssertException) {[0m
    [36m| [0m[34m|[0m /* 156.136 */                        throw e[0m
    [36m| [0m[34m|[0m /* 156.137 */                    }[0m
    [36m| [0m[34m|[0m /* 156.138 */                    if(e is AssertIntermediateException) {[0m
    [36m| [0m[34m|[0m /* 156.139 */                        throw e[0m
    [36m| [0m[34m|[0m /* 156.140 */                    }[0m
    [36m| [0m[34m|[0m /* 156.141 */                    if(e is UnittestTimeoutException) {[0m
    [36m| [0m[34m|[0m /* 156.142 */                        throw e[0m
    [36m| [0m[34m|[0m /* 156.143 */                    }[0m
    [36m| [0m[34m|[0m /* 156.144 */                    e[0m
    [36m| [0m[34m|[0m /* 156.145 */                }[0m
    [36m| [0m[34m|[0m /* 156.146 */            } catch(e: Exception) {[0m
    [36m| [0m[34m|[0m /* 156.147 */                if(e is AssertException || e is AssertIntermediateException || e is UnittestTimeoutException) {[0m
    [36m| [0m[34m|[0m /* 156.148 */                    throw e[0m
    [36m| [0m[34m|[0m /* 156.149 */                }[0m
    [36m| [0m[34m|[0m /* 156.150 */                assertCaughtUnexpectedE("@AssertThrows(IllegalArgumentException)", "IllegalArgumentException", e.toString())[0m
    [36m| [0m[34m|[0m /* 156.151 */            }[0m
    [36m| [0m[34m|[0m /* 156.152 */            expectEqual("! client.isClosed()", "true", ! client.isClosed(), true, isDelta: false)[0m
    [36m| [0m[34m|[0m /* 156.153 */            let owner = Resolver(config: DnsResolverConfig(hostsPath: "", queryTimeout: Duration.second), dns: Some(client))[0m
    [36m| [0m[34m|[0m /* 156.154 */            owner.close()[0m
    [36m| [0m[34m|[0m /* 156.155 */            expectEqual("client.isClosed()", "true", client.isClosed(), true, isDelta: false)[0m
    [36m| [0m[34m|[0m /* 156.156 */        } finally {[0m
    [36m| [0m[34m|[0m /* 156.157 */            client.close()[0m
    [36m| [0m[34m|[0m /* 156.158 */        }[0m
    [36m| [0m[34m|[0m /* 156.159 */    }[0m
    [36m| [0m[34m|[0m /* 156.160 */    [0m
    [36m| [0m[34m|[0m /* 156.161 */    @Attribute[TestCase_31][0m
    [36m| [0m[34m|[0m /* 156.162 */    func systemFilesFailClosedWhenMissingOversizedOrNonregular(): Unit {[0m
    [36m| [0m[34m|[0m /* 156.163 */        let missing = dnsResolverTestTempPath()[0m
    [36m| [0m[34m|[0m /* 156.164 */        let oversized = dnsResolverTestTempPath()[0m
    [36m| [0m[34m|[0m /* 156.165 */        let directory = dnsResolverTestTempPath()[0m
    [36m| [0m[34m|[0m /* 156.166 */        try {[0m
    [36m| [0m[34m|[0m /* 156.167 */            let _ = removeIfExists(missing)[0m
    [36m| [0m[34m|[0m /* 156.168 */            File.writeTo(oversized, Array < Byte >(1024 * 1024 + 1, repeat: 0u8))[0m
    [36m| [0m[34m|[0m /* 156.169 */            let _ = removeIfExists(directory)[0m
    [36m| [0m[34m|[0m /* 156.170 */            Directory.create(directory)[0m
    [36m| [0m[34m|[0m /* 156.171 */            expectEqual("dnsResolverTestDefaults(DnsResolverConfig.fromSystem(path: missing))", "true", dnsResolverTestDefaults(DnsResolverConfig.fromSystem(path: missing)), true, isDelta: false)[0m
    [36m| [0m[34m|[0m /* 156.172 */            expectEqual("dnsResolverTestDefaults(DnsResolverConfig.fromSystem(path: oversized))", "true", dnsResolverTestDefaults(DnsResolverConfig.fromSystem(path: oversized)), true, isDelta: false)[0m
    [36m| [0m[34m|[0m /* 156.173 */            expectEqual("dnsResolverTestDefaults(DnsResolverConfig.fromSystem(path: directory))", "true", dnsResolverTestDefaults(DnsResolverConfig.fromSystem(path: directory)), true, isDelta: false)[0m
    [36m| [0m[34m|[0m /* 156.174 */        } finally {[0m
    [36m| [0m[34m|[0m /* 156.175 */            let _ = removeIfExists(missing)[0m
    [36m| [0m[34m|[0m /* 156.176 */            let _ = removeIfExists(oversized)[0m
    [36m| [0m[34m|[0m /* 156.177 */            let _ = removeIfExists(directory, recursive: true)[0m
    [36m| [0m[34m|[0m /* 156.178 */        }[0m
    [36m| [0m[34m|[0m /* 156.179 */    }[0m
    [36m| [0m[34m|[0m /* 156.180 */    [0m
    [36m| [0m[34m|[0m /* 156.181 */    @Attribute[TestCase_32][0m
    [36m| [0m[34m|[0m /* 156.182 */    func ipv4LiteralsBypassHostsSearchAndNameservers(): Unit {[0m
    [36m| [0m[34m|[0m /* 156.183 */        let server = UdpSocket.bind(dnsResolverTestLoopback(0u16))[0m
    [36m| [0m[34m|[0m /* 156.184 */        let path = dnsResolverTestTempPath()[0m
    [36m| [0m[34m|[0m /* 156.185 */        try {[0m
    [36m| [0m[34m|[0m /* 156.186 */            File.writeTo(path, "192.0.2.9 127.0.0.1\n".toArray())[0m
    [36m| [0m[34m|[0m /* 156.187 */            let resolver = Resolver(config: DnsResolverConfig(nameservers:[dnsResolverTestEndpoint(server)], searchDomains:[api.HostName("literal-search.test")], hostsPath: path, queryTimeout: 50 * Duration.millisecond, attempts: 1))[0m
    [36m| [0m[34m|[0m /* 156.188 */            try {[0m
    [36m| [0m[34m|[0m /* 156.189 */                let result = resolver.resolve("127.0.0.1")[0m
    [36m| [0m[34m|[0m /* 156.190 */                expectEqual("result.addresses.size", "1", result.addresses.size, 1, isDelta: false)[0m
    [36m| [0m[34m|[0m /* 156.191 */                expectEqual("result.addresses[0]", "dnsResolverTestIpv4(1u8)", result.addresses[0], dnsResolverTestIpv4(1u8), isDelta: false)[0m
    [36m| [0m[34m|[0m /* 156.192 */                expectEqual("result.canonicalHost", "api.HostName(\"127.0.0.1\")", result.canonicalHost, api.HostName("127.0.0.1"), isDelta: false)[0m
    [36m| [0m[34m|[0m /* 156.193 */                match(result.source) {[0m
    [36m| [0m[34m|[0m /* 156.194 */                    case api.ResolverSource.Static =>()[0m
    [36m| [0m[34m|[0m /* 156.195 */                    case _ => fail("literal resolution depended on an external source")[0m
    [36m| [0m[34m|[0m /* 156.196 */                }[0m
    [36m| [0m[34m|[0m /* 156.197 */                let familyError = try {[0m
    [36m| [0m[34m|[0m /* 156.198 */                    try {[0m
    [36m| [0m[34m|[0m /* 156.199 */                        assertEqual("true", "true", true, true)[0m
    [36m| [0m[34m|[0m /* 156.200 */                        resolver.resolve("127.0.0.1", options: api.ResolveOptions(family: api.ResolveAddressFamily.Ipv6))[0m
    [36m| [0m[34m|[0m /* 156.201 */                        fail("@AssertThrows: Expected 'api.ResolveException' was not caught.")[0m
    [36m| [0m[34m|[0m /* 156.202 */                    } catch(e: api.ResolveException) {[0m
    [36m| [0m[34m|[0m /* 156.203 */                        if(e is AssertException) {[0m
    [36m| [0m[34m|[0m /* 156.204 */                            throw e[0m
    [36m| [0m[34m|[0m /* 156.205 */                        }[0m
    [36m| [0m[34m|[0m /* 156.206 */                        if(e is AssertIntermediateException) {[0m
    [36m| [0m[34m|[0m /* 156.207 */                            throw e[0m
    [36m| [0m[34m|[0m /* 156.208 */                        }[0m
    [36m| [0m[34m|[0m /* 156.209 */                        if(e is UnittestTimeoutException) {[0m
    [36m| [0m[34m|[0m /* 156.210 */                            throw e[0m
    [36m| [0m[34m|[0m /* 156.211 */                        }[0m
    [36m| [0m[34m|[0m /* 156.212 */                        e[0m
    [36m| [0m[34m|[0m /* 156.213 */                    }[0m
    [36m| [0m[34m|[0m /* 156.214 */                } catch(e: Exception) {[0m
    [36m| [0m[34m|[0m /* 156.215 */                    if(e is AssertException || e is AssertIntermediateException || e is UnittestTimeoutException) {[0m
    [36m| [0m[34m|[0m /* 156.216 */                        throw e[0m
    [36m| [0m[34m|[0m /* 156.217 */                    }[0m
    [36m| [0m[34m|[0m /* 156.218 */                    assertCaughtUnexpectedE("@AssertThrows(api.ResolveException)", "api.ResolveException", e.toString())[0m
    [36m| [0m[34m|[0m /* 156.219 */                }[0m
    [36m| [0m[34m|[0m /* 156.220 */                [0m
    [36m| [0m[34m|[0m /* 156.221 */                match(familyError.resolveCode) {[0m
    [36m| [0m[34m|[0m /* 156.222 */                    case api.ResolveErrorCode.NoData =>()[0m
    [36m| [0m[34m|[0m /* 156.223 */                    case _ => fail("IPv4 literal bypassed the requested address family")[0m
    [36m| [0m[34m|[0m /* 156.224 */                }[0m
    [36m| [0m[34m|[0m /* 156.225 */                let cancellation = api.CancellationSource()[0m
    [36m| [0m[34m|[0m /* 156.226 */                cancellation.cancel()[0m
    [36m| [0m[34m|[0m /* 156.227 */                let stopped = try {[0m
    [36m| [0m[34m|[0m /* 156.228 */                    try {[0m
    [36m| [0m[34m|[0m /* 156.229 */                        assertEqual("true", "true", true, true)[0m
    [36m| [0m[34m|[0m /* 156.230 */                        resolver.resolve("127.0.0.1", context: api.OperationContext(cancellation: cancellation.token))[0m
    [36m| [0m[34m|[0m /* 156.231 */                        fail("@AssertThrows: Expected 'api.ResolveException' was not caught.")[0m
    [36m| [0m[34m|[0m /* 156.232 */                    } catch(e: api.ResolveException) {[0m
    [36m| [0m[34m|[0m /* 156.233 */                        if(e is AssertException) {[0m
    [36m| [0m[34m|[0m /* 156.234 */                            throw e[0m
    [36m| [0m[34m|[0m /* 156.235 */                        }[0m
    [36m| [0m[34m|[0m /* 156.236 */                        if(e is AssertIntermediateException) {[0m
    [36m| [0m[34m|[0m /* 156.237 */                            throw e[0m
    [36m| [0m[34m|[0m /* 156.238 */                        }[0m
    [36m| [0m[34m|[0m /* 156.239 */                        if(e is UnittestTimeoutException) {[0m
    [36m| [0m[34m|[0m /* 156.240 */                            throw e[0m
    [36m| [0m[34m|[0m /* 156.241 */                        }[0m
    [36m| [0m[34m|[0m /* 156.242 */                        e[0m
    [36m| [0m[34m|[0m /* 156.243 */                    }[0m
    [36m| [0m[34m|[0m /* 156.244 */                } catch(e: Exception) {[0m
    [36m| [0m[34m|[0m /* 156.245 */                    if(e is AssertException || e is AssertIntermediateException || e is UnittestTimeoutException) {[0m
    [36m| [0m[34m|[0m /* 156.246 */                        throw e[0m
    [36m| [0m[34m|[0m /* 156.247 */                    }[0m
    [36m| [0m[34m|[0m /* 156.248 */                    assertCaughtUnexpectedE("@AssertThrows(api.ResolveException)", "api.ResolveException", e.toString())[0m
    [36m| [0m[34m|[0m /* 156.249 */                }[0m
    [36m| [0m[34m|[0m /* 156.250 */                [0m
    [36m| [0m[34m|[0m /* 156.251 */                expectEqual("dnsResolverTestResolveErrorIs(stopped, api.ResolveErrorCode.Cancelled)", "true", dnsResolverTestResolveErrorIs(stopped, api.ResolveErrorCode.Cancelled), true, isDelta: false)[0m
    [36m| [0m[34m|[0m /* 156.252 */                let noDns = try {[0m
    [36m| [0m[34m|[0m /* 156.253 */                    try {[0m
    [36m| [0m[34m|[0m /* 156.254 */                        assertEqual("true", "true", true, true)[0m
    [36m| [0m[34m|[0m /* 156.255 */                        server.receive(512, context: api.OperationContext(deadline: Some(api.Deadline.after(50 * Duration.millisecond))))[0m
    [36m| [0m[34m|[0m /* 156.256 */                        fail("@AssertThrows: Expected 'api.NetworkException' was not caught.")[0m
    [36m| [0m[34m|[0m /* 156.257 */                    } catch(e: api.NetworkException) {[0m
    [36m| [0m[34m|[0m /* 156.258 */                        if(e is AssertException) {[0m
    [36m| [0m[34m|[0m /* 156.259 */                            throw e[0m
    [36m| [0m[34m|[0m /* 156.260 */                        }[0m
    [36m| [0m[34m|[0m /* 156.261 */                        if(e is AssertIntermediateException) {[0m
    [36m| [0m[34m|[0m /* 156.262 */                            throw e[0m
    [36m| [0m[34m|[0m /* 156.263 */                        }[0m
    [36m| [0m[34m|[0m /* 156.264 */                        if(e is UnittestTimeoutException) {[0m
    [36m| [0m[34m|[0m /* 156.265 */                            throw e[0m
    [36m| [0m[34m|[0m /* 156.266 */                        }[0m
    [36m| [0m[34m|[0m /* 156.267 */                        e[0m
    [36m| [0m[34m|[0m /* 156.268 */                    }[0m
    [36m| [0m[34m|[0m /* 156.269 */                } catch(e: Exception) {[0m
    [36m| [0m[34m|[0m /* 156.270 */                    if(e is AssertException || e is AssertIntermediateException || e is UnittestTimeoutException) {[0m
    [36m| [0m[34m|[0m /* 156.271 */                        throw e[0m
    [36m| [0m[34m|[0m /* 156.272 */                    }[0m
    [36m| [0m[34m|[0m /* 156.273 */                    assertCaughtUnexpectedE("@AssertThrows(api.NetworkException)", "api.NetworkException", e.toString())[0m
    [36m| [0m[34m|[0m /* 156.274 */                }[0m
    [36m| [0m[34m|[0m /* 156.275 */                [0m
    [36m| [0m[34m|[0m /* 156.276 */                expectEqual("dnsResolverTestReceiveTimedOut(noDns)", "true", dnsResolverTestReceiveTimedOut(noDns), true, isDelta: false)[0m
    [36m| [0m[34m|[0m /* 156.277 */            } finally {[0m
    [36m| [0m[34m|[0m /* 156.278 */                resolver.close()[0m
    [36m| [0m[34m|[0m /* 156.279 */            }[0m
    [36m| [0m[34m|[0m /* 156.280 */        } finally {[0m
    [36m| [0m[34m|[0m /* 156.281 */            server.close()[0m
    [36m| [0m[34m|[0m /* 156.282 */            let _ = removeIfExists(path)[0m
    [36m| [0m[34m|[0m /* 156.283 */        }[0m
    [36m| [0m[34m|[0m /* 156.284 */    }[0m
    [36m| [0m[34m|[0m /* 156.285 */    [0m
    [36m| [0m[34m|[0m /* 156.286 */    @Attribute[TestCase_33][0m
    [36m| [0m[34m|[0m /* 156.287 */    func hostsSnapshotRetainsOnlyUsableIpv6Zones(): Unit {[0m
    [36m| [0m[34m|[0m /* 156.288 */        let path = dnsResolverTestTempPath()[0m
    [36m| [0m[34m|[0m /* 156.289 */        try {[0m
    [36m| [0m[34m|[0m /* 156.290 */            File.writeTo(path,("fe80::1%eth0 scoped.test\n" + "fe80::2%4294967296 scoped.test\n" + "fe80::3%1 scoped.test\n" + "fe80::3%01 scoped.test\n" + "::1%000 scoped.test\n" + "::1 scoped.test\n").toArray())[0m
    [36m| [0m[34m|[0m /* 156.291 */            let resolver = Resolver(config: DnsResolverConfig(hostsPath: path))[0m
    [36m| [0m[34m|[0m /* 156.292 */            try {[0m
    [36m| [0m[34m|[0m /* 156.293 */                let result = resolver.resolve(api.HostName("scoped.test"), options: api.ResolveOptions(family: api.ResolveAddressFamily.Ipv6, maxResults: 2))[0m
    [36m| [0m[34m|[0m /* 156.294 */                expectEqual("result.addresses.size", "2", result.addresses.size, 2, isDelta: false)[0m
    [36m| [0m[34m|[0m /* 156.295 */                expectEqual("result.addresses[0].zone", "Some(\"1\")", result.addresses[0].zone, Some("1"), isDelta: false)[0m
    [36m| [0m[34m|[0m /* 156.296 */                expectEqual("result.addresses[0].toOctets()[15]", "3u8", result.addresses[0].toOctets()[15], 3u8, isDelta: false)[0m
    [36m| [0m[34m|[0m /* 156.297 */                expectEqual("result.addresses[result.addresses.size - 1].zone.isNone()", "true", result.addresses[result.addresses.size - 1].zone.isNone(), true, isDelta: false)[0m
    [36m| [0m[34m|[0m /* 156.298 */                expectEqual("result.addresses[1].toOctets()[15]", "1u8", result.addresses[1].toOctets()[15], 1u8, isDelta: false)[0m
    [36m| [0m[34m|[0m /* 156.299 */                expectEqual("dnsResolverTestHostsSource(result.source)", "true", dnsResolverTestHostsSource(result.source), true, isDelta: false)[0m
    [36m| [0m[34m|[0m /* 156.300 */            } finally {[0m
    [36m| [0m[34m|[0m /* 156.301 */                resolver.close()[0m
    [36m| [0m[34m|[0m /* 156.302 */            }[0m
    [36m| [0m[34m|[0m /* 156.303 */        } finally {[0m
    [36m| [0m[34m|[0m /* 156.304 */            let _ = removeIfExists(path)[0m
    [36m| [0m[34m|[0m /* 156.305 */        }[0m
    [36m| [0m[34m|[0m /* 156.306 */    }[0m
    [36m| [0m[34m|[0m /* 156.307 */    [0m
    [36m| [0m[34m|[0m /* 156.308 */    @Attribute[TestCase_34][0m
    [36m| [0m[34m|[0m /* 156.309 */    func hostsAliasesFilterFamiliesAndRemainSnapshotted(): Unit {[0m
    [36m| [0m[34m|[0m /* 156.310 */        let path = dnsResolverTestTempPath()[0m
    [36m| [0m[34m|[0m /* 156.311 */        try {[0m
    [36m| [0m[34m|[0m /* 156.312 */            File.writeTo(path,("127.0.0.2 primary-v4 alias-v4 mixed # v4 aliases\n" + "::1 primary-v6 alias-v6 mixed ; v6 aliases\n" + "010.0.0.7 rejected-alias\n").toArray())[0m
    [36m| [0m[34m|[0m /* 156.313 */            let config = DnsResolverConfig(hostsPath: path)[0m
    [36m| [0m[34m|[0m /* 156.314 */            let resolver = Resolver(config: config)[0m
    [36m| [0m[34m|[0m /* 156.315 */            try {[0m
    [36m| [0m[34m|[0m /* 156.316 */                File.writeTo(path, "127.0.0.9 alias-v4 mixed\n".toArray())[0m
    [36m| [0m[34m|[0m /* 156.317 */                let ipv4 = resolver.resolve(api.HostName("alias-v4"), options: api.ResolveOptions(family: api.ResolveAddressFamily.Ipv4))[0m
    [36m| [0m[34m|[0m /* 156.318 */                expectEqual("ipv4.addresses", "[dnsResolverTestIpv4(2u8)]", ipv4.addresses,[dnsResolverTestIpv4(2u8)], isDelta: false)[0m
    [36m| [0m[34m|[0m /* 156.319 */                expectEqual("ipv4.canonicalHost", "api.HostName(\"alias-v4\")", ipv4.canonicalHost, api.HostName("alias-v4"), isDelta: false)[0m
    [36m| [0m[34m|[0m /* 156.320 */                expectEqual("dnsResolverTestHostsSource(ipv4.source)", "true", dnsResolverTestHostsSource(ipv4.source), true, isDelta: false)[0m
    [36m| [0m[34m|[0m /* 156.321 */                expectEqual("ipv4.expiration.isNone()", "true", ipv4.expiration.isNone(), true, isDelta: false)[0m
    [36m| [0m[34m|[0m /* 156.322 */                let ipv6 = resolver.resolve(api.HostName("alias-v6"), options: api.ResolveOptions(family: api.ResolveAddressFamily.Ipv6))[0m
    [36m| [0m[34m|[0m /* 156.323 */                assertEqual("ipv6.addresses.size", "1", ipv6.addresses.size, 1, isDelta: false)[0m
    [36m| [0m[34m|[0m /* 156.324 */                expectEqual("dnsResolverTestFamilyIs(ipv6.addresses[0].family, api.IpAddressFamily.Ipv6)", "true", dnsResolverTestFamilyIs(ipv6.addresses[0].family, api.IpAddressFamily.Ipv6), true, isDelta: false)[0m
    [36m| [0m[34m|[0m /* 156.325 */                let mixedV4 = resolver.resolve(api.HostName("mixed"), options: api.ResolveOptions(family: api.ResolveAddressFamily.Ipv4))[0m
    [36m| [0m[34m|[0m /* 156.326 */                let mixedV6 = resolver.resolve(api.HostName("mixed"), options: api.ResolveOptions(family: api.ResolveAddressFamily.Ipv6))[0m
    [36m| [0m[34m|[0m /* 156.327 */                expectEqual("mixedV4.addresses", "[dnsResolverTestIpv4(2u8)]", mixedV4.addresses,[dnsResolverTestIpv4(2u8)], isDelta: false)[0m
    [36m| [0m[34m|[0m /* 156.328 */                assertEqual("mixedV6.addresses.size", "1", mixedV6.addresses.size, 1, isDelta: false)[0m
    [36m| [0m[34m|[0m /* 156.329 */                expectEqual("dnsResolverTestFamilyIs(mixedV6.addresses[0].family, api.IpAddressFamily.Ipv6)", "true", dnsResolverTestFamilyIs(mixedV6.addresses[0].family, api.IpAddressFamily.Ipv6), true, isDelta: false)[0m
    [36m| [0m[34m|[0m /* 156.330 */                let reloaded = Resolver(config: config)[0m
    [36m| [0m[34m|[0m /* 156.331 */                try {[0m
    [36m| [0m[34m|[0m /* 156.332 */                    expectEqual("reloaded.resolve(api.HostName(\"alias-v4\")).addresses", "[dnsResolverTestIpv4(9u8)]", reloaded.resolve(api.HostName("alias-v4")).addresses,[dnsResolverTestIpv4(9u8)], isDelta: false)[0m
    [36m| [0m[34m|[0m /* 156.333 */                } finally {[0m
    [36m| [0m[34m|[0m /* 156.334 */                    reloaded.close()[0m
    [36m| [0m[34m|[0m /* 156.335 */                }[0m
    [36m| [0m[34m|[0m /* 156.336 */            } finally {[0m
    [36m| [0m[34m|[0m /* 156.337 */                resolver.close()[0m
    [36m| [0m[34m|[0m /* 156.338 */            }[0m
    [36m| [0m[34m|[0m /* 156.339 */        } finally {[0m
    [36m| [0m[34m|[0m /* 156.340 */            let _ = removeIfExists(path)[0m
    [36m| [0m[34m|[0m /* 156.341 */        }[0m
    [36m| [0m[34m|[0m /* 156.342 */    }[0m
    [36m| [0m[34m|[0m /* 156.343 */    [0m
    [36m| [0m[34m|[0m /* 156.344 */    @Attribute[TestCase_35][0m
    [36m| [0m[34m|[0m /* 156.345 */    func trailingRootSkipsSearchWhileNdotsSelectsSearchOrAbsoluteFirst(): Unit {[0m
    [36m| [0m[34m|[0m /* 156.346 */        let server = UdpSocket.bind(dnsResolverTestLoopback(0u16))[0m
    [36m| [0m[34m|[0m /* 156.347 */        let endpoint = dnsResolverTestEndpoint(server)[0m
    [36m| [0m[34m|[0m /* 156.348 */        let searchFirst = Resolver(config: DnsResolverConfig(nameservers:[endpoint], searchDomains:[api.HostName("search.test")], ndots: 2, hostsPath: "", attempts: 1))[0m
    [36m| [0m[34m|[0m /* 156.349 */        let absoluteFirst = Resolver(config: DnsResolverConfig(nameservers:[endpoint], searchDomains:[api.HostName("search.test")], ndots: 1, hostsPath: "", attempts: 1))[0m
    [36m| [0m[34m|[0m /* 156.350 */        let serving: Future < Array < String >>= spawn { let names = ArrayList < String >()[0m
    [36m| [0m[34m|[0m /* 156.351 */            for(_ in 0 .. 3) {[0m
    [36m| [0m[34m|[0m /* 156.352 */                let received = server.receive(512, context: api.OperationContext(deadline: Some(api.Deadline.after(2 * Duration.second))))[0m
    [36m| [0m[34m|[0m /* 156.353 */                names.add(DnsMessageParser().parse(received.payload).questions[0].name)[0m
    [36m| [0m[34m|[0m /* 156.354 */                let header = received.payload.clone()[0m
    [36m| [0m[34m|[0m /* 156.355 */                header[2] = 0x81u8[0m
    [36m| [0m[34m|[0m /* 156.356 */                header[3] = 0x80u8[0m
    [36m| [0m[34m|[0m /* 156.357 */                header[7] = 1u8[0m
    [36m| [0m[34m|[0m /* 156.358 */                let response = ArrayList < Byte >()[0m
    [36m| [0m[34m|[0m /* 156.359 */                for(byte in header) {[0m
    [36m| [0m[34m|[0m /* 156.360 */                    response.add(byte)[0m
    [36m| [0m[34m|[0m /* 156.361 */                }[0m
    [36m| [0m[34m|[0m /* 156.362 */                for(byte in[0xC0u8, 0x0Cu8, 0u8, 1u8, 0u8, 1u8, 0u8, 0u8, 0u8, 0u8, 0u8, 4u8, 127u8, 0u8, 0u8, 42u8]) {[0m
    [36m| [0m[34m|[0m /* 156.363 */                    response.add(byte)[0m
    [36m| [0m[34m|[0m /* 156.364 */                }[0m
    [36m| [0m[34m|[0m /* 156.365 */                let _ = server.sendTo(received.source.getOrThrow(), api.ByteSpan(response.toArray()), context: api.OperationContext(deadline: Some(api.Deadline.after(Duration.second))))[0m
    [36m| [0m[34m|[0m /* 156.366 */            }[0m
    [36m| [0m[34m|[0m /* 156.367 */            names.toArray()[0m
    [36m| [0m[34m|[0m /* 156.368 */        }[0m
    [36m| [0m[34m|[0m /* 156.369 */        let options = api.ResolveOptions(family: api.ResolveAddressFamily.Ipv4)[0m
    [36m| [0m[34m|[0m /* 156.370 */        try {[0m
    [36m| [0m[34m|[0m /* 156.371 */            let expanded = searchFirst.resolve("service", options: options)[0m
    [36m| [0m[34m|[0m /* 156.372 */            expectEqual("expanded.canonicalHost", "api.HostName(\"service.search.test\")", expanded.canonicalHost, api.HostName("service.search.test"), isDelta: false)[0m
    [36m| [0m[34m|[0m /* 156.373 */            let rooted = searchFirst.resolve("service.", options: options)[0m
    [36m| [0m[34m|[0m /* 156.374 */            expectEqual("rooted.canonicalHost", "api.HostName(\"service\")", rooted.canonicalHost, api.HostName("service"), isDelta: false)[0m
    [36m| [0m[34m|[0m /* 156.375 */            let absolute = absoluteFirst.resolve("db.prod", options: options)[0m
    [36m| [0m[34m|[0m /* 156.376 */            expectEqual("absolute.canonicalHost", "api.HostName(\"db.prod\")", absolute.canonicalHost, api.HostName("db.prod"), isDelta: false)[0m
    [36m| [0m[34m|[0m /* 156.377 */            expectEqual("expanded.addresses", "[dnsResolverTestIpv4(42u8)]", expanded.addresses,[dnsResolverTestIpv4(42u8)], isDelta: false)[0m
    [36m| [0m[34m|[0m /* 156.378 */            expectEqual("serving.get(Duration.second)", "[\"service.search.test\", \"service\", \"db.prod\"]", serving.get(Duration.second),["service.search.test", "service", "db.prod"], isDelta: false)[0m
    [36m| [0m[34m|[0m /* 156.379 */        } finally {[0m
    [36m| [0m[34m|[0m /* 156.380 */            searchFirst.close()[0m
    [36m| [0m[34m|[0m /* 156.381 */            absoluteFirst.close()[0m
    [36m| [0m[34m|[0m /* 156.382 */            server.close()[0m
    [36m| [0m[34m|[0m /* 156.383 */            try {[0m
    [36m| [0m[34m|[0m /* 156.384 */                let _ = serving.get(Duration.second)[0m
    [36m| [0m[34m|[0m /* 156.385 */            } catch(_: Exception) {[0m
    [36m| [0m[34m|[0m /* 156.386 */            }[0m
    [36m| [0m[34m|[0m /* 156.387 */        }[0m
    [36m| [0m[34m|[0m /* 156.388 */    }[0m
    [36m| [0m[34m|[0m /* 156.389 */    [0m
    [36m| [0m[34m|[0m /* 156.390 */    @Attribute[TestCase_36][0m
    [36m| [0m[34m|[0m /* 156.391 */    func exactHostsEntryWinsBeforeSearchSuffixDns(): Unit {[0m
    [36m| [0m[34m|[0m /* 156.392 */        let path = dnsResolverTestTempPath()[0m
    [36m| [0m[34m|[0m /* 156.393 */        let dnsServer = UdpSocket.bind(dnsResolverTestLoopback(0u16))[0m
    [36m| [0m[34m|[0m /* 156.394 */        File.writeTo(path, "127.0.0.21 precedence.test\n".toArray())[0m
    [36m| [0m[34m|[0m /* 156.395 */        let resolver = Resolver(config: DnsResolverConfig(nameservers:[dnsResolverTestEndpoint(dnsServer)], searchDomains:[api.HostName("search.test")], ndots: 2, hostsPath: path, queryTimeout: Duration.second, attempts: 1))[0m
    [36m| [0m[34m|[0m /* 156.396 */        let serving: Future < Int64 >= spawn { try {[0m
    [36m| [0m[34m|[0m /* 156.397 */            let received = dnsServer.receive(512, context: api.OperationContext(deadline: Some(api.Deadline.after(200 * Duration.millisecond))))[0m
    [36m| [0m[34m|[0m /* 156.398 */            let _ = dnsServer.sendTo(received.source.getOrThrow(), api.ByteSpan(dnsResolverTestNxdomain(received.payload)), context: api.OperationContext(deadline: Some(api.Deadline.after(Duration.second))))[0m
    [36m| [0m[34m|[0m /* 156.399 */            1[0m
    [36m| [0m[34m|[0m /* 156.400 */        } catch(error: api.NetworkException) {[0m
    [36m| [0m[34m|[0m /* 156.401 */            if(dnsResolverTestReceiveTimedOut(error)) {[0m
    [36m| [0m[34m|[0m /* 156.402 */                0[0m
    [36m| [0m[34m|[0m /* 156.403 */            }[0m
    [36m| [0m[34m|[0m /* 156.404 */            else {[0m
    [36m| [0m[34m|[0m /* 156.405 */                throw error[0m
    [36m| [0m[34m|[0m /* 156.406 */            }[0m
    [36m| [0m[34m|[0m /* 156.407 */        }[0m
    [36m| [0m[34m|[0m /* 156.408 */    }[0m
    [36m| [0m[34m|[0m /* 156.409 */    try {[0m
    [36m| [0m[34m|[0m /* 156.410 */        let result = resolver.resolve("precedence.test", options: api.ResolveOptions(family: api.ResolveAddressFamily.Ipv4))[0m
    [36m| [0m[34m|[0m /* 156.411 */        expectEqual("result.addresses", "[dnsResolverTestIpv4(21u8)]", result.addresses,[dnsResolverTestIpv4(21u8)], isDelta: false)[0m
    [36m| [0m[34m|[0m /* 156.412 */        expectEqual("result.canonicalHost", "api.HostName(\"precedence.test\")", result.canonicalHost, api.HostName("precedence.test"), isDelta: false)[0m
    [36m| [0m[34m|[0m /* 156.413 */        expectEqual("dnsResolverTestHostsSource(result.source)", "true", dnsResolverTestHostsSource(result.source), true, isDelta: false)[0m
    [36m| [0m[34m|[0m /* 156.414 */        expectEqual("serving.get(Duration.second)", "0", serving.get(Duration.second), 0, isDelta: false)[0m
    [36m| [0m[34m|[0m /* 156.415 */    } finally {[0m
    [36m| [0m[34m|[0m /* 156.416 */        resolver.close()[0m
    [36m| [0m[34m|[0m /* 156.417 */        dnsServer.close()[0m
    [36m| [0m[34m|[0m /* 156.418 */        try {[0m
    [36m| [0m[34m|[0m /* 156.419 */            let _ = serving.get(Duration.second)[0m
    [36m| [0m[34m|[0m /* 156.420 */        } catch(_: Exception) {[0m
    [36m| [0m[34m|[0m /* 156.421 */        }[0m
    [36m| [0m[34m|[0m /* 156.422 */        let _ = removeIfExists(path)[0m
    [36m| [0m[34m|[0m /* 156.423 */    }[0m
    [36m| [0m[34m|[0m /* 156.424 */}[0m
    [36m| [0m[34m|[0m /* 156.425 */[0m
    [36m| [0m[34m|[0m /* 156.426 */@Attribute[TestCase_37][0m
    [36m| [0m[34m|[0m /* 156.427 */func cancelledExpiredAndClosedCallsRetainPublicResolveClassifications(): Unit {[0m
    [36m| [0m[34m|[0m /* 156.428 */    let path = dnsResolverTestTempPath()[0m
    [36m| [0m[34m|[0m /* 156.429 */    try {[0m
    [36m| [0m[34m|[0m /* 156.430 */        File.writeTo(path, "127.0.0.20 lifecycle.test\n".toArray())[0m
    [36m| [0m[34m|[0m /* 156.431 */        let resolver = Resolver(config: DnsResolverConfig(hostsPath: path))[0m
    [36m| [0m[34m|[0m /* 156.432 */        try {[0m
    [36m| [0m[34m|[0m /* 156.433 */            let cancellation = api.CancellationSource()[0m
    [36m| [0m[34m|[0m /* 156.434 */            cancellation.cancel()[0m
    [36m| [0m[34m|[0m /* 156.435 */            let cancelled = dnsResolverTestResolveError({ =>[0m
    [36m| [0m[34m|[0m /* 156.436 */                let _ = resolver.resolve(api.HostName("lifecycle.test"), context: api.OperationContext(cancellation: cancellation.token))[0m
    [36m| [0m[34m|[0m /* 156.437 */            })[0m
    [36m| [0m[34m|[0m /* 156.438 */            expectEqual("dnsResolverTestResolveErrorIs(cancelled, api.ResolveErrorCode.Cancelled)", "true", dnsResolverTestResolveErrorIs(cancelled, api.ResolveErrorCode.Cancelled), true, isDelta: false)[0m
    [36m| [0m[34m|[0m /* 156.439 */            let expired = dnsResolverTestResolveError({ =>[0m
    [36m| [0m[34m|[0m /* 156.440 */                let _ = resolver.resolve(api.HostName("lifecycle.test"), context: api.OperationContext(deadline: Some(api.Deadline.after(Duration.Zero))))[0m
    [36m| [0m[34m|[0m /* 156.441 */            })[0m
    [36m| [0m[34m|[0m /* 156.442 */            expectEqual("dnsResolverTestResolveErrorIs(expired, api.ResolveErrorCode.Timeout)", "true", dnsResolverTestResolveErrorIs(expired, api.ResolveErrorCode.Timeout), true, isDelta: false)[0m
    [36m| [0m[34m|[0m /* 156.443 */            resolver.close()[0m
    [36m| [0m[34m|[0m /* 156.444 */            expectEqual("resolver.isClosed()", "true", resolver.isClosed(), true, isDelta: false)[0m
    [36m| [0m[34m|[0m /* 156.445 */            let closed = dnsResolverTestResolveError({ =>[0m
    [36m| [0m[34m|[0m /* 156.446 */                let _ = resolver.resolve(api.HostName("lifecycle.test"))[0m
    [36m| [0m[34m|[0m /* 156.447 */            })[0m
    [36m| [0m[34m|[0m /* 156.448 */            expectEqual("dnsResolverTestResolveErrorIs(closed, api.ResolveErrorCode.Cancelled)", "true", dnsResolverTestResolveErrorIs(closed, api.ResolveErrorCode.Cancelled), true, isDelta: false)[0m
    [36m| [0m[34m|[0m /* 156.449 */        } finally {[0m
    [36m| [0m[34m|[0m /* 156.450 */            resolver.close()[0m
    [36m| [0m[34m|[0m /* 156.451 */        }[0m
    [36m| [0m[34m|[0m /* 156.452 */    } finally {[0m
    [36m| [0m[34m|[0m /* 156.453 */        let _ = removeIfExists(path)[0m
    [36m| [0m[34m|[0m /* 156.454 */    }[0m
    [36m| [0m[34m|[0m /* 156.455 */}[0m
    [36m| [0m[34m|[0m /* 156.456 */[0m
    [36m| [0m[34m|[0m /* 156.457 */@Attribute[TestCase_38][0m
    [36m| [0m[34m|[0m /* 156.458 */func connectUsesHostsMappingForANativeListenerExchange(): Unit {[0m
    [36m| [0m[34m|[0m /* 156.459 */    let path = dnsResolverTestTempPath()[0m
    [36m| [0m[34m|[0m /* 156.460 */    let listener = TcpListener.bind(dnsResolverTestLoopback(0u16), backlog: 2)[0m
    [36m| [0m[34m|[0m /* 156.461 */    File.writeTo(path, "127.0.0.1 native-connect.test\n".toArray())[0m
    [36m| [0m[34m|[0m /* 156.462 */    let resolver = Resolver(config: DnsResolverConfig(hostsPath: path, queryTimeout: 500 * Duration.millisecond))[0m
    [36m| [0m[34m|[0m /* 156.463 */    let clock = DnsResolverTestClock(MonoTime.now())[0m
    [36m| [0m[34m|[0m /* 156.464 */    let sink = DnsResolverDeadlineSink(clock)[0m
    [36m| [0m[34m|[0m /* 156.465 */    let request =[0x10u8, 0x20u8, 0x30u8][0m
    [36m| [0m[34m|[0m /* 156.466 */    let response =[0xA0u8, 0xB0u8][0m
    [36m| [0m[34m|[0m /* 156.467 */    let serving: Future < Bool >= spawn { let peer = listener.accept(context: api.OperationContext(deadline: Some(api.Deadline.after(2 * Duration.second))))[0m
    [36m| [0m[34m|[0m /* 156.468 */        try {[0m
    [36m| [0m[34m|[0m /* 156.469 */            let received = Array < Byte >(request.size, repeat: 0u8)[0m
    [36m| [0m[34m|[0m /* 156.470 */            peer.readExact(api.MutableByteSpan(received), context: api.OperationContext(deadline: Some(api.Deadline.after(Duration.second))))[0m
    [36m| [0m[34m|[0m /* 156.471 */            peer.writeAll(api.ByteSpan(response), context: api.OperationContext(deadline: Some(api.Deadline.after(Duration.second))))[0m
    [36m| [0m[34m|[0m /* 156.472 */            received == request[0m
    [36m| [0m[34m|[0m /* 156.473 */        } finally {[0m
    [36m| [0m[34m|[0m /* 156.474 */            peer.close()[0m
    [36m| [0m[34m|[0m /* 156.475 */        }[0m
    [36m| [0m[34m|[0m /* 156.476 */    }[0m
    [36m| [0m[34m|[0m /* 156.477 */    var connected:?api.DuplexTransport = None < api.DuplexTransport >[0m
    [36m| [0m[34m|[0m /* 156.478 */    try {[0m
    [36m| [0m[34m|[0m /* 156.479 */        let transport = resolver.connect(api.HostName("native-connect.test"), listener.localEndpoint.port, attemptDelay: Duration.Zero, context: api.OperationContext(deadline: Some(api.Deadline.after(2 * Duration.second, clock: clock)), eventSink: Some(sink)))[0m
    [36m| [0m[34m|[0m /* 156.480 */        connected = Some(transport)[0m
    [36m| [0m[34m|[0m /* 156.481 */        match(transport.info.remoteEndpoint) {[0m
    [36m| [0m[34m|[0m /* 156.482 */            case Some(endpoint) => expectEqual("endpoint", "listener.localEndpoint", endpoint, listener.localEndpoint, isDelta: false)[0m
    [36m| [0m[34m|[0m /* 156.483 */            case _ => fail("connected transport did not expose its Internet peer")[0m
    [36m| [0m[34m|[0m /* 156.484 */        }[0m
    [36m| [0m[34m|[0m /* 156.485 */        api.writeAll(transport, api.ByteSpan(request), context: api.OperationContext(deadline: Some(api.Deadline.after(Duration.second))))[0m
    [36m| [0m[34m|[0m /* 156.486 */        let received = Array < Byte >(response.size, repeat: 0u8)[0m
    [36m| [0m[34m|[0m /* 156.487 */        api.readExact(transport, api.MutableByteSpan(received), context: api.OperationContext(deadline: Some(api.Deadline.after(Duration.second))))[0m
    [36m| [0m[34m|[0m /* 156.488 */        expectEqual("received", "response", received, response, isDelta: false)[0m
    [36m| [0m[34m|[0m /* 156.489 */        expectEqual("serving.get(Duration.second)", "true", serving.get(Duration.second), true, isDelta: false)[0m
    [36m| [0m[34m|[0m /* 156.490 */    } finally {[0m
    [36m| [0m[34m|[0m /* 156.491 */        match(connected) {[0m
    [36m| [0m[34m|[0m /* 156.492 */            case Some(transport) => transport.close(api.OperationContext.background())[0m
    [36m| [0m[34m|[0m /* 156.493 */            case None =>()[0m
    [36m| [0m[34m|[0m /* 156.494 */        }[0m
    [36m| [0m[34m|[0m /* 156.495 */        listener.close()[0m
    [36m| [0m[34m|[0m /* 156.496 */        try {[0m
    [36m| [0m[34m|[0m /* 156.497 */            let _ = serving.get(Duration.second)[0m
    [36m| [0m[34m|[0m /* 156.498 */        } catch(_: Exception) {[0m
    [36m| [0m[34m|[0m /* 156.499 */        }[0m
    [36m| [0m[34m|[0m /* 156.500 */        resolver.close()[0m
    [36m| [0m[34m|[0m /* 156.501 */        let _ = removeIfExists(path)[0m
    [36m| [0m[34m|[0m /* 156.502 */    }[0m
    [36m| [0m[34m|[0m /* 156.503 */}[0m
    [36m| [0m[34m|[0m /* 156.504 */[0m
    [36m| [0m[34m|[0m /* 156.505 */@Attribute[TestCase_39][0m
    [36m| [0m[34m|[0m /* 156.506 */func resolverConnectCarriesOneAbsoluteDeadlineIntoNativeTcpAdmission(): Unit {[0m
    [36m| [0m[34m|[0m /* 156.507 */    let path = dnsResolverTestTempPath()[0m
    [36m| [0m[34m|[0m /* 156.508 */    let listener = TcpListener.bind(dnsResolverTestLoopback(0u16), backlog: 1)[0m
    [36m| [0m[34m|[0m /* 156.509 */    File.writeTo(path, "127.0.0.1 deadline-connect.test\n".toArray())[0m
    [36m| [0m[34m|[0m /* 156.510 */    let resolver = Resolver(config: DnsResolverConfig(hostsPath: path, queryTimeout: 5 * Duration.second))[0m
    [36m| [0m[34m|[0m /* 156.511 */    let clock = DnsResolverTestClock(MonoTime.now())[0m
    [36m| [0m[34m|[0m /* 156.512 */    let sink = DnsResolverDeadlineSink(clock)[0m
    [36m| [0m[34m|[0m /* 156.513 */    try {[0m
    [36m| [0m[34m|[0m /* 156.514 */        let error = try {[0m
    [36m| [0m[34m|[0m /* 156.515 */            let transport = resolver.connect(api.HostName("deadline-connect.test"), listener.localEndpoint.port, attemptDelay: Duration.Zero, context: api.OperationContext(deadline: Some(api.Deadline.after(Duration.second, clock: clock)), eventSink: Some(sink)))[0m
    [36m| [0m[34m|[0m /* 156.516 */            transport.close(api.OperationContext.background())[0m
    [36m| [0m[34m|[0m /* 156.517 */            fail("expired total deadline unexpectedly published a connected transport")[0m
    [36m| [0m[34m|[0m /* 156.518 */        } catch(value: api.NetworkException) {[0m
    [36m| [0m[34m|[0m /* 156.519 */            value[0m
    [36m| [0m[34m|[0m /* 156.520 */        }[0m
    [36m| [0m[34m|[0m /* 156.521 */        [0m
    [36m| [0m[34m|[0m /* 156.522 */        expectEqual("dnsResolverTestConnectTimeout(error)", "true", dnsResolverTestConnectTimeout(error), true, isDelta: false)[0m
    [36m| [0m[34m|[0m /* 156.523 */        expectEqual("sink.dnsCompletions", "1", sink.dnsCompletions, 1, isDelta: false)[0m
    [36m| [0m[34m|[0m /* 156.524 */        expectEqual("sink.connectStarts", "1", sink.connectStarts, 1, isDelta: false)[0m
    [36m| [0m[34m|[0m /* 156.525 */    } finally {[0m
    [36m| [0m[34m|[0m /* 156.526 */        resolver.close()[0m
    [36m| [0m[34m|[0m /* 156.527 */        listener.close()[0m
    [36m| [0m[34m|[0m /* 156.528 */        let _ = removeIfExists(path)[0m
    [36m| [0m[34m|[0m /* 156.529 */    }[0m
    [36m| [0m[34m|[0m /* 156.530 */}[0m
    [36m| [0m[34m|[0m /* 156.531 */[0m
    [36m| [0m[34m|[0m /* 156.532 */init() {[0m
    [36m| [0m[34m|[0m /* 156.533 */}[0m
    [36m| [0m[34m|[0m /* 156.534 */private func classConfiguration(): Configuration {[0m
    [36m| [0m[34m|[0m /* 156.535 */    let configuration = Configuration()[0m
    [36m| [0m[34m|[0m /* 156.536 */    [0m
    [36m| [0m[34m|[0m /* 156.537 */    return configuration[0m
    [36m| [0m[34m|[0m /* 156.538 */}[0m
    [36m| [0m[34m|[0m /* 156.539 */public override func asTestSuite(): TestSuite {[0m
    [36m| [0m[34m|[0m /* 156.540 */    [0m
    [36m| [0m[34m|[0m /* 156.541 */    let suiteConfiguration = classConfiguration()[0m
    [36m| [0m[34m|[0m /* 156.542 */    let suiteBuilder = TestSuite.builder("DnsResolverPolicyTest").configure(suiteConfiguration)[0m
    [36m| [0m[34m|[0m /* 156.543 */    [0m
    [36m| [0m[34m|[0m /* 156.544 */    { => let caseConfig = Configuration()[0m
    [36m| [0m[34m|[0m /* 156.545 */        [0m
    [36m| [0m[34m|[0m /* 156.546 */        let fromSystemParsesTabsCommentsLastSearchAndClampedNdotsTestFunc = { => fromSystemParsesTabsCommentsLastSearchAndClampedNdots();() }[0m
    [36m| [0m[34m|[0m /* 156.547 */        suiteBuilder.add([0m
    [36m| [0m[34m|[0m /* 156.548 */        UnitTestCase.create([0m
    [36m| [0m[34m|[0m /* 156.549 */        "fromSystemParsesTabsCommentsLastSearchAndClampedNdots",[0m
    [36m| [0m[34m|[0m /* 156.550 */        configuration: caseConfig,[0m
    [36m| [0m[34m|[0m /* 156.551 */        body: fromSystemParsesTabsCommentsLastSearchAndClampedNdotsTestFunc[0m
    [36m| [0m[34m|[0m /* 156.552 */        )[0m
    [36m| [0m[34m|[0m /* 156.553 */        )[0m
    [36m| [0m[34m|[0m /* 156.554 */        [0m
    [36m| [0m[34m|[0m /* 156.555 */    }()[0m
    [36m| [0m[34m|[0m /* 156.556 */    [0m
    [36m| [0m[34m|[0m /* 156.557 */    [0m
    [36m| [0m[34m|[0m /* 156.558 */    { => let caseConfig = Configuration()[0m
    [36m| [0m[34m|[0m /* 156.559 */        [0m
    [36m| [0m[34m|[0m /* 156.560 */        let directConfigRejectsUnsupportedNameserverZonesBeforeQueriesTestFunc = { => directConfigRejectsUnsupportedNameserverZonesBeforeQueries();() }[0m
    [36m| [0m[34m|[0m /* 156.561 */        suiteBuilder.add([0m
    [36m| [0m[34m|[0m /* 156.562 */        UnitTestCase.create([0m
    [36m| [0m[34m|[0m /* 156.563 */        "directConfigRejectsUnsupportedNameserverZonesBeforeQueries",[0m
    [36m| [0m[34m|[0m /* 156.564 */        configuration: caseConfig,[0m
    [36m| [0m[34m|[0m /* 156.565 */        body: directConfigRejectsUnsupportedNameserverZonesBeforeQueriesTestFunc[0m
    [36m| [0m[34m|[0m /* 156.566 */        )[0m
    [36m| [0m[34m|[0m /* 156.567 */        )[0m
    [36m| [0m[34m|[0m /* 156.568 */        [0m
    [36m| [0m[34m|[0m /* 156.569 */    }()[0m
    [36m| [0m[34m|[0m /* 156.570 */    [0m
    [36m| [0m[34m|[0m /* 156.571 */    [0m
    [36m| [0m[34m|[0m /* 156.572 */    { => let caseConfig = Configuration()[0m
    [36m| [0m[34m|[0m /* 156.573 */        [0m
    [36m| [0m[34m|[0m /* 156.574 */        let numericNameserverZonesUseCanonicalEndpointIdentityTestFunc = { => numericNameserverZonesUseCanonicalEndpointIdentity();() }[0m
    [36m| [0m[34m|[0m /* 156.575 */        suiteBuilder.add([0m
    [36m| [0m[34m|[0m /* 156.576 */        UnitTestCase.create([0m
    [36m| [0m[34m|[0m /* 156.577 */        "numericNameserverZonesUseCanonicalEndpointIdentity",[0m
    [36m| [0m[34m|[0m /* 156.578 */        configuration: caseConfig,[0m
    [36m| [0m[34m|[0m /* 156.579 */        body: numericNameserverZonesUseCanonicalEndpointIdentityTestFunc[0m
    [36m| [0m[34m|[0m /* 156.580 */        )[0m
    [36m| [0m[34m|[0m /* 156.581 */        )[0m
    [36m| [0m[34m|[0m /* 156.582 */        [0m
    [36m| [0m[34m|[0m /* 156.583 */    }()[0m
    [36m| [0m[34m|[0m /* 156.584 */    [0m
    [36m| [0m[34m|[0m /* 156.585 */    [0m
    [36m| [0m[34m|[0m /* 156.586 */    { => let caseConfig = Configuration()[0m
    [36m| [0m[34m|[0m /* 156.587 */        [0m
    [36m| [0m[34m|[0m /* 156.588 */        let systemNameserversRetainOnlySupportedNumericZonesTestFunc = { => systemNameserversRetainOnlySupportedNumericZones();() }[0m
    [36m| [0m[34m|[0m /* 156.589 */        suiteBuilder.add([0m
    [36m| [0m[34m|[0m /* 156.590 */        UnitTestCase.create([0m
    [36m| [0m[34m|[0m /* 156.591 */        "systemNameserversRetainOnlySupportedNumericZones",[0m
    [36m| [0m[34m|[0m /* 156.592 */        configuration: caseConfig,[0m
    [36m| [0m[34m|[0m /* 156.593 */        body: systemNameserversRetainOnlySupportedNumericZonesTestFunc[0m
    [36m| [0m[34m|[0m /* 156.594 */        )[0m
    [36m| [0m[34m|[0m /* 156.595 */        )[0m
    [36m| [0m[34m|[0m /* 156.596 */        [0m
    [36m| [0m[34m|[0m /* 156.597 */    }()[0m
    [36m| [0m[34m|[0m /* 156.598 */    [0m
    [36m| [0m[34m|[0m /* 156.599 */    [0m
    [36m| [0m[34m|[0m /* 156.600 */    { => let caseConfig = Configuration()[0m
    [36m| [0m[34m|[0m /* 156.601 */        [0m
    [36m| [0m[34m|[0m /* 156.602 */        let equivalentNameserverScopesDoNotConsumeTheServerLimitTestFunc = { => equivalentNameserverScopesDoNotConsumeTheServerLimit();() }[0m
    [36m| [0m[34m|[0m /* 156.603 */        suiteBuilder.add([0m
    [36m| [0m[34m|[0m /* 156.604 */        UnitTestCase.create([0m
    [36m| [0m[34m|[0m /* 156.605 */        "equivalentNameserverScopesDoNotConsumeTheServerLimit",[0m
    [36m| [0m[34m|[0m /* 156.606 */        configuration: caseConfig,[0m
    [36m| [0m[34m|[0m /* 156.607 */        body: equivalentNameserverScopesDoNotConsumeTheServerLimitTestFunc[0m
    [36m| [0m[34m|[0m /* 156.608 */        )[0m
    [36m| [0m[34m|[0m /* 156.609 */        )[0m
    [36m| [0m[34m|[0m /* 156.610 */        [0m
    [36m| [0m[34m|[0m /* 156.611 */    }()[0m
    [36m| [0m[34m|[0m /* 156.612 */    [0m
    [36m| [0m[34m|[0m /* 156.613 */    [0m
    [36m| [0m[34m|[0m /* 156.614 */    { => let caseConfig = Configuration()[0m
    [36m| [0m[34m|[0m /* 156.615 */        [0m
    [36m| [0m[34m|[0m /* 156.616 */        let configOwnsInputArraysAndReturnsDefensiveCopiesTestFunc = { => configOwnsInputArraysAndReturnsDefensiveCopies();() }[0m
    [36m| [0m[34m|[0m /* 156.617 */        suiteBuilder.add([0m
    [36m| [0m[34m|[0m /* 156.618 */        UnitTestCase.create([0m
    [36m| [0m[34m|[0m /* 156.619 */        "configOwnsInputArraysAndReturnsDefensiveCopies",[0m
    [36m| [0m[34m|[0m /* 156.620 */        configuration: caseConfig,[0m
    [36m| [0m[34m|[0m /* 156.621 */        body: configOwnsInputArraysAndReturnsDefensiveCopiesTestFunc[0m
    [36m| [0m[34m|[0m /* 156.622 */        )[0m
    [36m| [0m[34m|[0m /* 156.623 */        )[0m
    [36m| [0m[34m|[0m /* 156.624 */        [0m
    [36m| [0m[34m|[0m /* 156.625 */    }()[0m
    [36m| [0m[34m|[0m /* 156.626 */    [0m
    [36m| [0m[34m|[0m /* 156.627 */    [0m
    [36m| [0m[34m|[0m /* 156.628 */    { => let caseConfig = Configuration()[0m
    [36m| [0m[34m|[0m /* 156.629 */        [0m
    [36m| [0m[34m|[0m /* 156.630 */        let adoptedClientRequiresMatchingConfigurationWithoutTakingRejectedOwnershipTestFunc = { => adoptedClientRequiresMatchingConfigurationWithoutTakingRejectedOwnership();() }[0m
    [36m| [0m[34m|[0m /* 156.631 */        suiteBuilder.add([0m
    [36m| [0m[34m|[0m /* 156.632 */        UnitTestCase.create([0m
    [36m| [0m[34m|[0m /* 156.633 */        "adoptedClientRequiresMatchingConfigurationWithoutTakingRejectedOwnership",[0m
    [36m| [0m[34m|[0m /* 156.634 */        configuration: caseConfig,[0m
    [36m| [0m[34m|[0m /* 156.635 */        body: adoptedClientRequiresMatchingConfigurationWithoutTakingRejectedOwnershipTestFunc[0m
    [36m| [0m[34m|[0m /* 156.636 */        )[0m
    [36m| [0m[34m|[0m /* 156.637 */        )[0m
    [36m| [0m[34m|[0m /* 156.638 */        [0m
    [36m| [0m[34m|[0m /* 156.639 */    }()[0m
    [36m| [0m[34m|[0m /* 156.640 */    [0m
    [36m| [0m[34m|[0m /* 156.641 */    [0m
    [36m| [0m[34m|[0m /* 156.642 */    { => let caseConfig = Configuration()[0m
    [36m| [0m[34m|[0m /* 156.643 */        [0m
    [36m| [0m[34m|[0m /* 156.644 */        let systemFilesFailClosedWhenMissingOversizedOrNonregularTestFunc = { => systemFilesFailClosedWhenMissingOversizedOrNonregular();() }[0m
    [36m| [0m[34m|[0m /* 156.645 */        suiteBuilder.add([0m
    [36m| [0m[34m|[0m /* 156.646 */        UnitTestCase.create([0m
    [36m| [0m[34m|[0m /* 156.647 */        "systemFilesFailClosedWhenMissingOversizedOrNonregular",[0m
    [36m| [0m[34m|[0m /* 156.648 */        configuration: caseConfig,[0m
    [36m| [0m[34m|[0m /* 156.649 */        body: systemFilesFailClosedWhenMissingOversizedOrNonregularTestFunc[0m
    [36m| [0m[34m|[0m /* 156.650 */        )[0m
    [36m| [0m[34m|[0m /* 156.651 */        )[0m
    [36m| [0m[34m|[0m /* 156.652 */        [0m
    [36m| [0m[34m|[0m /* 156.653 */    }()[0m
    [36m| [0m[34m|[0m /* 156.654 */    [0m
    [36m| [0m[34m|[0m /* 156.655 */    [0m
    [36m| [0m[34m|[0m /* 156.656 */    { => let caseConfig = Configuration()[0m
    [36m| [0m[34m|[0m /* 156.657 */        [0m
    [36m| [0m[34m|[0m /* 156.658 */        let ipv4LiteralsBypassHostsSearchAndNameserversTestFunc = { => ipv4LiteralsBypassHostsSearchAndNameservers();() }[0m
    [36m| [0m[34m|[0m /* 156.659 */        suiteBuilder.add([0m
    [36m| [0m[34m|[0m /* 156.660 */        UnitTestCase.create([0m
    [36m| [0m[34m|[0m /* 156.661 */        "ipv4LiteralsBypassHostsSearchAndNameservers",[0m
    [36m| [0m[34m|[0m /* 156.662 */        configuration: caseConfig,[0m
    [36m| [0m[34m|[0m /* 156.663 */        body: ipv4LiteralsBypassHostsSearchAndNameserversTestFunc[0m
    [36m| [0m[34m|[0m /* 156.664 */        )[0m
    [36m| [0m[34m|[0m /* 156.665 */        )[0m
    [36m| [0m[34m|[0m /* 156.666 */        [0m
    [36m| [0m[34m|[0m /* 156.667 */    }()[0m
    [36m| [0m[34m|[0m /* 156.668 */    [0m
    [36m| [0m[34m|[0m /* 156.669 */    [0m
    [36m| [0m[34m|[0m /* 156.670 */    { => let caseConfig = Configuration()[0m
    [36m| [0m[34m|[0m /* 156.671 */        [0m
    [36m| [0m[34m|[0m /* 156.672 */        let hostsSnapshotRetainsOnlyUsableIpv6ZonesTestFunc = { => hostsSnapshotRetainsOnlyUsableIpv6Zones();() }[0m
    [36m| [0m[34m|[0m /* 156.673 */        suiteBuilder.add([0m
    [36m| [0m[34m|[0m /* 156.674 */        UnitTestCase.create([0m
    [36m| [0m[34m|[0m /* 156.675 */        "hostsSnapshotRetainsOnlyUsableIpv6Zones",[0m
    [36m| [0m[34m|[0m /* 156.676 */        configuration: caseConfig,[0m
    [36m| [0m[34m|[0m /* 156.677 */        body: hostsSnapshotRetainsOnlyUsableIpv6ZonesTestFunc[0m
    [36m| [0m[34m|[0m /* 156.678 */        )[0m
    [36m| [0m[34m|[0m /* 156.679 */        )[0m
    [36m| [0m[34m|[0m /* 156.680 */        [0m
    [36m| [0m[34m|[0m /* 156.681 */    }()[0m
    [36m| [0m[34m|[0m /* 156.682 */    [0m
    [36m| [0m[34m|[0m /* 156.683 */    [0m
    [36m| [0m[34m|[0m /* 156.684 */    { => let caseConfig = Configuration()[0m
    [36m| [0m[34m|[0m /* 156.685 */        [0m
    [36m| [0m[34m|[0m /* 156.686 */        let hostsAliasesFilterFamiliesAndRemainSnapshottedTestFunc = { => hostsAliasesFilterFamiliesAndRemainSnapshotted();() }[0m
    [36m| [0m[34m|[0m /* 156.687 */        suiteBuilder.add([0m
    [36m| [0m[34m|[0m /* 156.688 */        UnitTestCase.create([0m
    [36m| [0m[34m|[0m /* 156.689 */        "hostsAliasesFilterFamiliesAndRemainSnapshotted",[0m
    [36m| [0m[34m|[0m /* 156.690 */        configuration: caseConfig,[0m
    [36m| [0m[34m|[0m /* 156.691 */        body: hostsAliasesFilterFamiliesAndRemainSnapshottedTestFunc[0m
    [36m| [0m[34m|[0m /* 156.692 */        )[0m
    [36m| [0m[34m|[0m /* 156.693 */        )[0m
    [36m| [0m[34m|[0m /* 156.694 */        [0m
    [36m| [0m[34m|[0m /* 156.695 */    }()[0m
    [36m| [0m[34m|[0m /* 156.696 */    [0m
    [36m| [0m[34m|[0m /* 156.697 */    [0m
    [36m| [0m[34m|[0m /* 156.698 */    { => let caseConfig = Configuration()[0m
    [36m| [0m[34m|[0m /* 156.699 */        [0m
    [36m| [0m[34m|[0m /* 156.700 */        let trailingRootSkipsSearchWhileNdotsSelectsSearchOrAbsoluteFirstTestFunc = { => trailingRootSkipsSearchWhileNdotsSelectsSearchOrAbsoluteFirst();() }[0m
    [36m| [0m[34m|[0m /* 156.701 */        suiteBuilder.add([0m
    [36m| [0m[34m|[0m /* 156.702 */        UnitTestCase.create([0m
    [36m| [0m[34m|[0m /* 156.703 */        "trailingRootSkipsSearchWhileNdotsSelectsSearchOrAbsoluteFirst",[0m
    [36m| [0m[34m|[0m /* 156.704 */        configuration: caseConfig,[0m
    [36m| [0m[34m|[0m /* 156.705 */        body: trailingRootSkipsSearchWhileNdotsSelectsSearchOrAbsoluteFirstTestFunc[0m
    [36m| [0m[34m|[0m /* 156.706 */        )[0m
    [36m| [0m[34m|[0m /* 156.707 */        )[0m
    [36m| [0m[34m|[0m /* 156.708 */        [0m
    [36m| [0m[34m|[0m /* 156.709 */    }()[0m
    [36m| [0m[34m|[0m /* 156.710 */    [0m
    [36m| [0m[34m|[0m /* 156.711 */    [0m
    [36m| [0m[34m|[0m /* 156.712 */    { => let caseConfig = Configuration()[0m
    [36m| [0m[34m|[0m /* 156.713 */        [0m
    [36m| [0m[34m|[0m /* 156.714 */        let exactHostsEntryWinsBeforeSearchSuffixDnsTestFunc = { => exactHostsEntryWinsBeforeSearchSuffixDns();() }[0m
    [36m| [0m[34m|[0m /* 156.715 */        suiteBuilder.add([0m
    [36m| [0m[34m|[0m /* 156.716 */        UnitTestCase.create([0m
    [36m| [0m[34m|[0m /* 156.717 */        "exactHostsEntryWinsBeforeSearchSuffixDns",[0m
    [36m| [0m[34m|[0m /* 156.718 */        configuration: caseConfig,[0m
    [36m| [0m[34m|[0m /* 156.719 */        body: exactHostsEntryWinsBeforeSearchSuffixDnsTestFunc[0m
    [36m| [0m[34m|[0m /* 156.720 */        )[0m
    [36m| [0m[34m|[0m /* 156.721 */        )[0m
    [36m| [0m[34m|[0m /* 156.722 */        [0m
    [36m| [0m[34m|[0m /* 156.723 */    }()[0m
    [36m| [0m[34m|[0m /* 156.724 */    [0m
    [36m| [0m[34m|[0m /* 156.725 */    [0m
    [36m| [0m[34m|[0m /* 156.726 */    { => let caseConfig = Configuration()[0m
    [36m| [0m[34m|[0m /* 156.727 */        [0m
    [36m| [0m[34m|[0m /* 156.728 */        let cancelledExpiredAndClosedCallsRetainPublicResolveClassificationsTestFunc = { => cancelledExpiredAndClosedCallsRetainPublicResolveClassifications();() }[0m
    [36m| [0m[34m|[0m /* 156.729 */        suiteBuilder.add([0m
    [36m| [0m[34m|[0m /* 156.730 */        UnitTestCase.create([0m
    [36m| [0m[34m|[0m /* 156.731 */        "cancelledExpiredAndClosedCallsRetainPublicResolveClassifications",[0m
    [36m| [0m[34m|[0m /* 156.732 */        configuration: caseConfig,[0m
    [36m| [0m[34m|[0m /* 156.733 */        body: cancelledExpiredAndClosedCallsRetainPublicResolveClassificationsTestFunc[0m
    [36m| [0m[34m|[0m /* 156.734 */        )[0m
    [36m| [0m[34m|[0m /* 156.735 */        )[0m
    [36m| [0m[34m|[0m /* 156.736 */        [0m
    [36m| [0m[34m|[0m /* 156.737 */    }()[0m
    [36m| [0m[34m|[0m /* 156.738 */    [0m
    [36m| [0m[34m|[0m /* 156.739 */    [0m
    [36m| [0m[34m|[0m /* 156.740 */    { => let caseConfig = Configuration()[0m
    [36m| [0m[34m|[0m /* 156.741 */        [0m
    [36m| [0m[34m|[0m /* 156.742 */        let connectUsesHostsMappingForANativeListenerExchangeTestFunc = { => connectUsesHostsMappingForANativeListenerExchange();() }[0m
    [36m| [0m[34m|[0m /* 156.743 */        suiteBuilder.add([0m
    [36m| [0m[34m|[0m /* 156.744 */        UnitTestCase.create([0m
    [36m| [0m[34m|[0m /* 156.745 */        "connectUsesHostsMappingForANativeListenerExchange",[0m
    [36m| [0m[34m|[0m /* 156.746 */        configuration: caseConfig,[0m
    [36m| [0m[34m|[0m /* 156.747 */        body: connectUsesHostsMappingForANativeListenerExchangeTestFunc[0m
    [36m| [0m[34m|[0m /* 156.748 */        )[0m
    [36m| [0m[34m|[0m /* 156.749 */        )[0m
    [36m| [0m[34m|[0m /* 156.750 */        [0m
    [36m| [0m[34m|[0m /* 156.751 */    }()[0m
    [36m| [0m[34m|[0m /* 156.752 */    [0m
    [36m| [0m[34m|[0m /* 156.753 */    [0m
    [36m| [0m[34m|[0m /* 156.754 */    { => let caseConfig = Configuration()[0m
    [36m| [0m[34m|[0m /* 156.755 */        [0m
    [36m| [0m[34m|[0m /* 156.756 */        let resolverConnectCarriesOneAbsoluteDeadlineIntoNativeTcpAdmissionTestFunc = { => resolverConnectCarriesOneAbsoluteDeadlineIntoNativeTcpAdmission();() }[0m
    [36m| [0m[34m|[0m /* 156.757 */        suiteBuilder.add([0m
    [36m| [0m[34m|[0m /* 156.758 */        UnitTestCase.create([0m
    [36m| [0m[34m|[0m /* 156.759 */        "resolverConnectCarriesOneAbsoluteDeadlineIntoNativeTcpAdmission",[0m
    [36m| [0m[34m|[0m /* 156.760 */        configuration: caseConfig,[0m
    [36m| [0m[34m|[0m /* 156.761 */        body: resolverConnectCarriesOneAbsoluteDeadlineIntoNativeTcpAdmissionTestFunc[0m
    [36m| [0m[34m|[0m /* 156.762 */        )[0m
    [36m| [0m[34m|[0m /* 156.763 */        )[0m
    [36m| [0m[34m|[0m /* 156.764 */        [0m
    [36m| [0m[34m|[0m /* 156.765 */    }()[0m
    [36m| [0m[34m|[0m /* 156.766 */    [0m
    [36m| [0m[34m|[0m /* 156.767 */    return suiteBuilder.build()[0m
    [36m| [0m[34m|[0m /* 156.768 */}[0m
    [36m| [0m[34m|[0m /* 156.769 */private func inheritedFromClassAnnotatedByTestTemplate < T >(): TestSuite where T <: TestClass {[0m
    [36m| [0m[34m|[0m /* 156.770 */    throw Exception("Unreachable code")[0m
    [36m| [0m[34m|[0m /* 156.771 */}[0m
    [36m| [0m[34m|[0m /* 156.772 */}[0m
    [36m| [0m[34m|[0m /* 156.773 */[0m
    [36m| [0m[34m|[0m /* 156.774 */[0m
    [36m| [0m[34m|[0m /* 156.775 */interface TestPackageExtension_DnsResolverPolicyTest {[0m
    [36m| [0m[34m|[0m /* 156.776 */func registerDnsResolverPolicyTest(): Unit[0m
    [36m| [0m[34m|[0m /* 156.777 */}[0m
    [36m| [0m[34m|[0m /* 156.778 */extend TestPackage <: TestPackageExtension_DnsResolverPolicyTest {[0m
    [36m| [0m[34m|[0m /* 156.779 */@Attribute[TEST_REGISTER][0m
    [36m| [0m[34m|[0m /* 156.780 */public func registerDnsResolverPolicyTest() {[0m
    [36m| [0m[34m|[0m /* 156.781 */    registerSuite({ => DnsResolverPolicyTest().asTestSuite() })[0m
    [36m| [0m[34m|[0m /* 156.782 */}[0m
    [36m| [0m[34m|[0m /* 156.783 */}[0m
    [36m| [0m[34m|[0m /* 156.784 */[0m
    [36m| [0m[34m|[0m[34m_[0m[34m____________^[0m
    [36m| [0m
[34mnote[0m: which is expanded as follows
    [36m| [0m
    [36m| [0m/* 156.32 */                    DnsResolverConfig(nameservers:[endpoint])[0m
    [36m| [0m                                [34m^^^^^^^^^^^^^^^^^^^^^^^^^^^^^^^^^^^^^^^^^ [0m
    [36m| [0m

[33mwarning[0m: unreachable block in 'if' expression
    [36m| [0m
    [36m| [0m  /* 8.196 */                if(e is AssertIntermediateException) {[0m
    [36m| [0m [33m_[0m[33m________________________________________________________________^[0m
    [36m| [0m[33m|[0m /* 8.197 */                    throw e[0m
    [36m| [0m[33m|[0m /* 8.198 */                }[0m
    [36m| [0m[33m|[0m[33m_[0m[33m___________________________^ unreachable block in 'if' expression[0m
    [36m| [0m
    [36m#[0m [0mnote[0m: this warning can be suppressed by setting the compiler option `-Woff unused`
[34mnote[0m: the warning occurs after the macro is expanded
   [36m==>[0m /home/elliot/playground/Wirestack-pr-worktrees/M8-004-publication/src/net/dns_wire_test.cj:8:1:
    [36m| [0m
[36m8[0m   [36m| [0m  @Test[0m
    [36m| [0m [34m_[0m[34m^[0m
[36m9[0m   [36m| [0m[34m|[0m class DnsWireParserTest {[0m
    [36m| [0m[34m|[0m ...[0m
[36m305[0m [36m| [0m[34m|[0m }[0m
    [36m| [0m[34m|[0m[34m_[0m[34m^[0m
    [36m| [0m

[33mwarning[0m: unreachable block in 'if' expression
    [36m| [0m
    [36m| [0m  /* 8.199 */                if(e is UnittestTimeoutException) {[0m
    [36m| [0m [33m_[0m[33m_____________________________________________________________^[0m
    [36m| [0m[33m|[0m /* 8.200 */                    throw e[0m
    [36m| [0m[33m|[0m /* 8.201 */                }[0m
    [36m| [0m[33m|[0m[33m_[0m[33m___________________________^ unreachable block in 'if' expression[0m
    [36m| [0m
    [36m#[0m [0mnote[0m: this warning can be suppressed by setting the compiler option `-Woff unused`
[34mnote[0m: the warning occurs after the macro is expanded
   [36m==>[0m /home/elliot/playground/Wirestack-pr-worktrees/M8-004-publication/src/net/dns_wire_test.cj:8:1:
    [36m| [0m
[36m8[0m   [36m| [0m  @Test[0m
    [36m| [0m [34m_[0m[34m^[0m
[36m9[0m   [36m| [0m[34m|[0m class DnsWireParserTest {[0m
    [36m| [0m[34m|[0m ...[0m
[36m305[0m [36m| [0m[34m|[0m }[0m
    [36m| [0m[34m|[0m[34m_[0m[34m^[0m
    [36m| [0m

[33mwarning[0m: unreachable block in 'if' expression
    [36m| [0m
    [36m| [0m  /* 8.223 */                    if(e is AssertException) {[0m
    [36m| [0m [33m_[0m[33m________________________________________________________^[0m
    [36m| [0m[33m|[0m /* 8.224 */                        throw e[0m
    [36m| [0m[33m|[0m /* 8.225 */                    }[0m
    [36m| [0m[33m|[0m[33m_[0m[33m_______________________________^ unreachable block in 'if' expression[0m
    [36m| [0m
    [36m#[0m [0mnote[0m: this warning can be suppressed by setting the compiler option `-Woff unused`
[34mnote[0m: the warning occurs after the macro is expanded
   [36m==>[0m /home/elliot/playground/Wirestack-pr-worktrees/M8-004-publication/src/net/dns_wire_test.cj:8:1:
    [36m| [0m
[36m8[0m   [36m| [0m  @Test[0m
    [36m| [0m [34m_[0m[34m^[0m
[36m9[0m   [36m| [0m[34m|[0m class DnsWireParserTest {[0m
    [36m| [0m[34m|[0m ...[0m
[36m305[0m [36m| [0m[34m|[0m }[0m
    [36m| [0m[34m|[0m[34m_[0m[34m^[0m
    [36m| [0m

[33mwarning[0m: unreachable block in 'if' expression
    [36m| [0m
    [36m| [0m  /* 8.226 */                    if(e is AssertIntermediateException) {[0m
    [36m| [0m [33m_[0m[33m____________________________________________________________________^[0m
    [36m| [0m[33m|[0m /* 8.227 */                        throw e[0m
    [36m| [0m[33m|[0m /* 8.228 */                    }[0m
    [36m| [0m[33m|[0m[33m_[0m[33m_______________________________^ unreachable block in 'if' expression[0m
    [36m| [0m
    [36m#[0m [0mnote[0m: this warning can be suppressed by setting the compiler option `-Woff unused`
[34mnote[0m: the warning occurs after the macro is expanded
   [36m==>[0m /home/elliot/playground/Wirestack-pr-worktrees/M8-004-publication/src/net/dns_wire_test.cj:8:1:
    [36m| [0m
[36m8[0m   [36m| [0m  @Test[0m
    [36m| [0m [34m_[0m[34m^[0m
[36m9[0m   [36m| [0m[34m|[0m class DnsWireParserTest {[0m
    [36m| [0m[34m|[0m ...[0m
[36m305[0m [36m| [0m[34m|[0m }[0m
    [36m| [0m[34m|[0m[34m_[0m[34m^[0m
    [36m| [0m

[33mwarning[0m: unreachable block in 'if' expression
    [36m| [0m
    [36m| [0m  /* 8.229 */                    if(e is UnittestTimeoutException) {[0m
    [36m| [0m [33m_[0m[33m_________________________________________________________________^[0m
    [36m| [0m[33m|[0m /* 8.230 */                        throw e[0m
    [36m| [0m[33m|[0m /* 8.231 */                    }[0m
    [36m| [0m[33m|[0m[33m_[0m[33m_______________________________^ unreachable block in 'if' expression[0m
    [36m| [0m
    [36m#[0m [0mnote[0m: this warning can be suppressed by setting the compiler option `-Woff unused`
[34mnote[0m: the warning occurs after the macro is expanded
   [36m==>[0m /home/elliot/playground/Wirestack-pr-worktrees/M8-004-publication/src/net/dns_wire_test.cj:8:1:
    [36m| [0m
[36m8[0m   [36m| [0m  @Test[0m
    [36m| [0m [34m_[0m[34m^[0m
[36m9[0m   [36m| [0m[34m|[0m class DnsWireParserTest {[0m
    [36m| [0m[34m|[0m ...[0m
[36m305[0m [36m| [0m[34m|[0m }[0m
    [36m| [0m[34m|[0m[34m_[0m[34m^[0m
    [36m| [0m

[33mwarning[0m: unreachable block in 'if' expression
    [36m| [0m
    [36m| [0m  /* 8.255 */                if(e is AssertException) {[0m
    [36m| [0m [33m_[0m[33m____________________________________________________^[0m
    [36m| [0m[33m|[0m /* 8.256 */                    throw e[0m
    [36m| [0m[33m|[0m /* 8.257 */                }[0m
    [36m| [0m[33m|[0m[33m_[0m[33m___________________________^ unreachable block in 'if' expression[0m
    [36m| [0m
    [36m#[0m [0mnote[0m: this warning can be suppressed by setting the compiler option `-Woff unused`
[34mnote[0m: the warning occurs after the macro is expanded
   [36m==>[0m /home/elliot/playground/Wirestack-pr-worktrees/M8-004-publication/src/net/dns_wire_test.cj:8:1:
    [36m| [0m
[36m8[0m   [36m| [0m  @Test[0m
    [36m| [0m [34m_[0m[34m^[0m
[36m9[0m   [36m| [0m[34m|[0m class DnsWireParserTest {[0m
    [36m| [0m[34m|[0m ...[0m
[36m305[0m [36m| [0m[34m|[0m }[0m
    [36m| [0m[34m|[0m[34m_[0m[34m^[0m
    [36m| [0m

[33mwarning[0m: unused expression
   [36m==>[0m /home/elliot/playground/Wirestack-pr-worktrees/M8-004-publication/src/net/dns_wire_test.cj:264:49:
    [36m| [0m
[36m264[0m [36m| [0m        @AssertThrows[IllegalArgumentException](DnsMessageSummary([0m
    [36m| [0m                                                [33m^ unused expression[0m
    [36m| [0m
    [36m#[0m [0mnote[0m: this warning can be suppressed by setting the compiler option `-Woff unused`
[34mnote[0m: the warning occurs after the macro is expanded
   [36m==>[0m /home/elliot/playground/Wirestack-pr-worktrees/M8-004-publication/src/net/dns_wire_test.cj:8:1:
    [36m| [0m
[36m8[0m   [36m| [0m  @Test[0m
    [36m| [0m [34m_[0m[34m^[0m
[36m9[0m   [36m| [0m[34m|[0m class DnsWireParserTest {[0m
    [36m| [0m[34m|[0m ...[0m
[36m305[0m [36m| [0m[34m|[0m }[0m
    [36m| [0m[34m|[0m[34m_[0m[34m^[0m
    [36m| [0m
[34mnote[0m: which is expanded as follows
    [36m| [0m
    [36m| [0m/* 8.645 */                DnsMessageSummary(1u16, 1, false, questionCount: 0, records: Array < DnsRecord >())[0m
    [36m| [0m                           [34m^^^^^^^^^^^^^^^^^^^^^^^^^^^^^^^^^^^^^^^^^^^^^^^^^^^^^^^^^^^^^^^^^^^^^^^^^^^^^^^^^^^ [0m
    [36m| [0m

[33mwarning[0m: unreachable block in 'if' expression
    [36m| [0m
    [36m| [0m  /* 8.258 */                if(e is AssertIntermediateException) {[0m
    [36m| [0m [33m_[0m[33m________________________________________________________________^[0m
    [36m| [0m[33m|[0m /* 8.259 */                    throw e[0m
    [36m| [0m[33m|[0m /* 8.260 */                }[0m
    [36m| [0m[33m|[0m[33m_[0m[33m___________________________^ unreachable block in 'if' expression[0m
    [36m| [0m
    [36m#[0m [0mnote[0m: this warning can be suppressed by setting the compiler option `-Woff unused`
[34mnote[0m: the warning occurs after the macro is expanded
   [36m==>[0m /home/elliot/playground/Wirestack-pr-worktrees/M8-004-publication/src/net/dns_wire_test.cj:8:1:
    [36m| [0m
[36m8[0m   [36m| [0m  @Test[0m
    [36m| [0m [34m_[0m[34m^[0m
[36m9[0m   [36m| [0m[34m|[0m class DnsWireParserTest {[0m
    [36m| [0m[34m|[0m ...[0m
[36m305[0m [36m| [0m[34m|[0m }[0m
    [36m| [0m[34m|[0m[34m_[0m[34m^[0m
    [36m| [0m

[33mwarning[0m: unreachable block in 'if' expression
    [36m| [0m
    [36m| [0m  /* 8.261 */                if(e is UnittestTimeoutException) {[0m
    [36m| [0m [33m_[0m[33m_____________________________________________________________^[0m
    [36m| [0m[33m|[0m /* 8.262 */                    throw e[0m
    [36m| [0m[33m|[0m /* 8.263 */                }[0m
    [36m| [0m[33m|[0m[33m_[0m[33m___________________________^ unreachable block in 'if' expression[0m
    [36m| [0m
    [36m#[0m [0mnote[0m: this warning can be suppressed by setting the compiler option `-Woff unused`
[34mnote[0m: the warning occurs after the macro is expanded
   [36m==>[0m /home/elliot/playground/Wirestack-pr-worktrees/M8-004-publication/src/net/dns_wire_test.cj:8:1:
    [36m| [0m
[36m8[0m   [36m| [0m  @Test[0m
    [36m| [0m [34m_[0m[34m^[0m
[36m9[0m   [36m| [0m[34m|[0m class DnsWireParserTest {[0m
    [36m| [0m[34m|[0m ...[0m
[36m305[0m [36m| [0m[34m|[0m }[0m
    [36m| [0m[34m|[0m[34m_[0m[34m^[0m
    [36m| [0m

[33mwarning[0m: unreachable block in 'if' expression
    [36m| [0m
    [36m| [0m  /* 8.287 */                    if(e is AssertException) {[0m
    [36m| [0m [33m_[0m[33m________________________________________________________^[0m
    [36m| [0m[33m|[0m /* 8.288 */                        throw e[0m
    [36m| [0m[33m|[0m /* 8.289 */                    }[0m
    [36m| [0m[33m|[0m[33m_[0m[33m_______________________________^ unreachable block in 'if' expression[0m
    [36m| [0m
    [36m#[0m [0mnote[0m: this warning can be suppressed by setting the compiler option `-Woff unused`
[34mnote[0m: the warning occurs after the macro is expanded
   [36m==>[0m /home/elliot/playground/Wirestack-pr-worktrees/M8-004-publication/src/net/dns_wire_test.cj:8:1:
    [36m| [0m
[36m8[0m   [36m| [0m  @Test[0m
    [36m| [0m [34m_[0m[34m^[0m
[36m9[0m   [36m| [0m[34m|[0m class DnsWireParserTest {[0m
    [36m| [0m[34m|[0m ...[0m
[36m305[0m [36m| [0m[34m|[0m }[0m
    [36m| [0m[34m|[0m[34m_[0m[34m^[0m
    [36m| [0m

[33mwarning[0m: unreachable block in 'if' expression
    [36m| [0m
    [36m| [0m  /* 8.290 */                    if(e is AssertIntermediateException) {[0m
    [36m| [0m [33m_[0m[33m____________________________________________________________________^[0m
    [36m| [0m[33m|[0m /* 8.291 */                        throw e[0m
    [36m| [0m[33m|[0m /* 8.292 */                    }[0m
    [36m| [0m[33m|[0m[33m_[0m[33m_______________________________^ unreachable block in 'if' expression[0m
    [36m| [0m
    [36m#[0m [0mnote[0m: this warning can be suppressed by setting the compiler option `-Woff unused`
[34mnote[0m: the warning occurs after the macro is expanded
   [36m==>[0m /home/elliot/playground/Wirestack-pr-worktrees/M8-004-publication/src/net/dns_wire_test.cj:8:1:
    [36m| [0m
[36m8[0m   [36m| [0m  @Test[0m
    [36m| [0m [34m_[0m[34m^[0m
[36m9[0m   [36m| [0m[34m|[0m class DnsWireParserTest {[0m
    [36m| [0m[34m|[0m ...[0m
[36m305[0m [36m| [0m[34m|[0m }[0m
    [36m| [0m[34m|[0m[34m_[0m[34m^[0m
    [36m| [0m

[33mwarning[0m: unreachable block in 'if' expression
    [36m| [0m
    [36m| [0m  /* 8.293 */                    if(e is UnittestTimeoutException) {[0m
    [36m| [0m [33m_[0m[33m_________________________________________________________________^[0m
    [36m| [0m[33m|[0m /* 8.294 */                        throw e[0m
    [36m| [0m[33m|[0m /* 8.295 */                    }[0m
    [36m| [0m[33m|[0m[33m_[0m[33m_______________________________^ unreachable block in 'if' expression[0m
    [36m| [0m
    [36m#[0m [0mnote[0m: this warning can be suppressed by setting the compiler option `-Woff unused`
[34mnote[0m: the warning occurs after the macro is expanded
   [36m==>[0m /home/elliot/playground/Wirestack-pr-worktrees/M8-004-publication/src/net/dns_wire_test.cj:8:1:
    [36m| [0m
[36m8[0m   [36m| [0m  @Test[0m
    [36m| [0m [34m_[0m[34m^[0m
[36m9[0m   [36m| [0m[34m|[0m class DnsWireParserTest {[0m
    [36m| [0m[34m|[0m ...[0m
[36m305[0m [36m| [0m[34m|[0m }[0m
    [36m| [0m[34m|[0m[34m_[0m[34m^[0m
    [36m| [0m

[33mwarning[0m: unreachable block in 'if' expression
    [36m| [0m
    [36m| [0m  /* 8.317 */                if(e is AssertException) {[0m
    [36m| [0m [33m_[0m[33m____________________________________________________^[0m
    [36m| [0m[33m|[0m /* 8.318 */                    throw e[0m
    [36m| [0m[33m|[0m /* 8.319 */                }[0m
    [36m| [0m[33m|[0m[33m_[0m[33m___________________________^ unreachable block in 'if' expression[0m
    [36m| [0m
    [36m#[0m [0mnote[0m: this warning can be suppressed by setting the compiler option `-Woff unused`
[34mnote[0m: the warning occurs after the macro is expanded
   [36m==>[0m /home/elliot/playground/Wirestack-pr-worktrees/M8-004-publication/src/net/dns_wire_test.cj:8:1:
    [36m| [0m
[36m8[0m   [36m| [0m  @Test[0m
    [36m| [0m [34m_[0m[34m^[0m
[36m9[0m   [36m| [0m[34m|[0m class DnsWireParserTest {[0m
    [36m| [0m[34m|[0m ...[0m
[36m305[0m [36m| [0m[34m|[0m }[0m
    [36m| [0m[34m|[0m[34m_[0m[34m^[0m
    [36m| [0m

[33mwarning[0m: unreachable block in 'if' expression
    [36m| [0m
    [36m| [0m  /* 8.320 */                if(e is AssertIntermediateException) {[0m
    [36m| [0m [33m_[0m[33m________________________________________________________________^[0m
    [36m| [0m[33m|[0m /* 8.321 */                    throw e[0m
    [36m| [0m[33m|[0m /* 8.322 */                }[0m
    [36m| [0m[33m|[0m[33m_[0m[33m___________________________^ unreachable block in 'if' expression[0m
    [36m| [0m
    [36m#[0m [0mnote[0m: this warning can be suppressed by setting the compiler option `-Woff unused`
[34mnote[0m: the warning occurs after the macro is expanded
   [36m==>[0m /home/elliot/playground/Wirestack-pr-worktrees/M8-004-publication/src/net/dns_wire_test.cj:8:1:
    [36m| [0m
[36m8[0m   [36m| [0m  @Test[0m
    [36m| [0m [34m_[0m[34m^[0m
[36m9[0m   [36m| [0m[34m|[0m class DnsWireParserTest {[0m
    [36m| [0m[34m|[0m ...[0m
[36m305[0m [36m| [0m[34m|[0m }[0m
    [36m| [0m[34m|[0m[34m_[0m[34m^[0m
    [36m| [0m

[33mwarning[0m: unreachable block in 'if' expression
    [36m| [0m
    [36m| [0m  /* 8.323 */                if(e is UnittestTimeoutException) {[0m
    [36m| [0m [33m_[0m[33m_____________________________________________________________^[0m
    [36m| [0m[33m|[0m /* 8.324 */                    throw e[0m
    [36m| [0m[33m|[0m /* 8.325 */                }[0m
    [36m| [0m[33m|[0m[33m_[0m[33m___________________________^ unreachable block in 'if' expression[0m
    [36m| [0m
    [36m#[0m [0mnote[0m: this warning can be suppressed by setting the compiler option `-Woff unused`
[34mnote[0m: the warning occurs after the macro is expanded
   [36m==>[0m /home/elliot/playground/Wirestack-pr-worktrees/M8-004-publication/src/net/dns_wire_test.cj:8:1:
    [36m| [0m
[36m8[0m   [36m| [0m  @Test[0m
    [36m| [0m [34m_[0m[34m^[0m
[36m9[0m   [36m| [0m[34m|[0m class DnsWireParserTest {[0m
    [36m| [0m[34m|[0m ...[0m
[36m305[0m [36m| [0m[34m|[0m }[0m
    [36m| [0m[34m|[0m[34m_[0m[34m^[0m
    [36m| [0m

[33mwarning[0m: unreachable block in 'if' expression
    [36m| [0m
    [36m| [0m  /* 8.341 */                if(e is AssertException) {[0m
    [36m| [0m [33m_[0m[33m____________________________________________________^[0m
    [36m| [0m[33m|[0m /* 8.342 */                    throw e[0m
    [36m| [0m[33m|[0m /* 8.343 */                }[0m
    [36m| [0m[33m|[0m[33m_[0m[33m___________________________^ unreachable block in 'if' expression[0m
    [36m| [0m
    [36m#[0m [0mnote[0m: this warning can be suppressed by setting the compiler option `-Woff unused`
[34mnote[0m: the warning occurs after the macro is expanded
   [36m==>[0m /home/elliot/playground/Wirestack-pr-worktrees/M8-004-publication/src/net/dns_wire_test.cj:8:1:
    [36m| [0m
[36m8[0m   [36m| [0m  @Test[0m
    [36m| [0m [34m_[0m[34m^[0m
[36m9[0m   [36m| [0m[34m|[0m class DnsWireParserTest {[0m
    [36m| [0m[34m|[0m ...[0m
[36m305[0m [36m| [0m[34m|[0m }[0m
    [36m| [0m[34m|[0m[34m_[0m[34m^[0m
    [36m| [0m

[33mwarning[0m: unreachable block in 'if' expression
    [36m| [0m
    [36m| [0m  /* 8.344 */                if(e is AssertIntermediateException) {[0m
    [36m| [0m [33m_[0m[33m________________________________________________________________^[0m
    [36m| [0m[33m|[0m /* 8.345 */                    throw e[0m
    [36m| [0m[33m|[0m /* 8.346 */                }[0m
    [36m| [0m[33m|[0m[33m_[0m[33m___________________________^ unreachable block in 'if' expression[0m
    [36m| [0m
    [36m#[0m [0mnote[0m: this warning can be suppressed by setting the compiler option `-Woff unused`
[34mnote[0m: the warning occurs after the macro is expanded
   [36m==>[0m /home/elliot/playground/Wirestack-pr-worktrees/M8-004-publication/src/net/dns_wire_test.cj:8:1:
    [36m| [0m
[36m8[0m   [36m| [0m  @Test[0m
    [36m| [0m [34m_[0m[34m^[0m
[36m9[0m   [36m| [0m[34m|[0m class DnsWireParserTest {[0m
    [36m| [0m[34m|[0m ...[0m
[36m305[0m [36m| [0m[34m|[0m }[0m
    [36m| [0m[34m|[0m[34m_[0m[34m^[0m
    [36m| [0m

[33mwarning[0m: unreachable block in 'if' expression
    [36m| [0m
    [36m| [0m  /* 8.347 */                if(e is UnittestTimeoutException) {[0m
    [36m| [0m [33m_[0m[33m_____________________________________________________________^[0m
    [36m| [0m[33m|[0m /* 8.348 */                    throw e[0m
    [36m| [0m[33m|[0m /* 8.349 */                }[0m
    [36m| [0m[33m|[0m[33m_[0m[33m___________________________^ unreachable block in 'if' expression[0m
    [36m| [0m
    [36m#[0m [0mnote[0m: this warning can be suppressed by setting the compiler option `-Woff unused`
[34mnote[0m: the warning occurs after the macro is expanded
   [36m==>[0m /home/elliot/playground/Wirestack-pr-worktrees/M8-004-publication/src/net/dns_wire_test.cj:8:1:
    [36m| [0m
[36m8[0m   [36m| [0m  @Test[0m
    [36m| [0m [34m_[0m[34m^[0m
[36m9[0m   [36m| [0m[34m|[0m class DnsWireParserTest {[0m
    [36m| [0m[34m|[0m ...[0m
[36m305[0m [36m| [0m[34m|[0m }[0m
    [36m| [0m[34m|[0m[34m_[0m[34m^[0m
    [36m| [0m

[33mwarning[0m: unreachable block in 'if' expression
    [36m| [0m
    [36m| [0m  /* 156.203 */                        if(e is AssertException) {[0m
    [36m| [0m [33m_[0m[33m______________________________________________________________^[0m
    [36m| [0m[33m|[0m /* 156.204 */                            throw e[0m
    [36m| [0m[33m|[0m /* 156.205 */                        }[0m
    [36m| [0m[33m|[0m[33m_[0m[33m_____________________________________^ unreachable block in 'if' expression[0m
    [36m| [0m
    [36m#[0m [0mnote[0m: this warning can be suppressed by setting the compiler option `-Woff unused`
[34mnote[0m: the warning occurs after the macro is expanded
   [36m==>[0m /home/elliot/playground/Wirestack-pr-worktrees/M8-004-publication/src/net/dns_resolver_test.cj:156:1:
    [36m| [0m
[36m156[0m [36m| [0m  @Test[0m
    [36m| [0m [34m_[0m[34m^[0m
[36m157[0m [36m| [0m[34m|[0m class DnsResolverPolicyTest {[0m
    [36m| [0m[34m|[0m ...[0m
[36m723[0m [36m| [0m[34m|[0m }[0m
    [36m| [0m[34m|[0m[34m_[0m[34m^[0m
    [36m| [0m

[33mwarning[0m: unreachable block in 'if' expression
    [36m| [0m
    [36m| [0m  /* 156.206 */                        if(e is AssertIntermediateException) {[0m
    [36m| [0m [33m_[0m[33m__________________________________________________________________________^[0m
    [36m| [0m[33m|[0m /* 156.207 */                            throw e[0m
    [36m| [0m[33m|[0m /* 156.208 */                        }[0m
    [36m| [0m[33m|[0m[33m_[0m[33m_____________________________________^ unreachable block in 'if' expression[0m
    [36m| [0m
    [36m#[0m [0mnote[0m: this warning can be suppressed by setting the compiler option `-Woff unused`
[34mnote[0m: the warning occurs after the macro is expanded
   [36m==>[0m /home/elliot/playground/Wirestack-pr-worktrees/M8-004-publication/src/net/dns_resolver_test.cj:156:1:
    [36m| [0m
[36m156[0m [36m| [0m  @Test[0m
    [36m| [0m [34m_[0m[34m^[0m
[36m157[0m [36m| [0m[34m|[0m class DnsResolverPolicyTest {[0m
    [36m| [0m[34m|[0m ...[0m
[36m723[0m [36m| [0m[34m|[0m }[0m
    [36m| [0m[34m|[0m[34m_[0m[34m^[0m
    [36m| [0m

[33mwarning[0m: unreachable block in 'if' expression
    [36m| [0m
    [36m| [0m  /* 156.209 */                        if(e is UnittestTimeoutException) {[0m
    [36m| [0m [33m_[0m[33m_______________________________________________________________________^[0m
    [36m| [0m[33m|[0m /* 156.210 */                            throw e[0m
    [36m| [0m[33m|[0m /* 156.211 */                        }[0m
    [36m| [0m[33m|[0m[33m_[0m[33m_____________________________________^ unreachable block in 'if' expression[0m
    [36m| [0m
    [36m#[0m [0mnote[0m: this warning can be suppressed by setting the compiler option `-Woff unused`
[34mnote[0m: the warning occurs after the macro is expanded
   [36m==>[0m /home/elliot/playground/Wirestack-pr-worktrees/M8-004-publication/src/net/dns_resolver_test.cj:156:1:
    [36m| [0m
[36m156[0m [36m| [0m  @Test[0m
    [36m| [0m [34m_[0m[34m^[0m
[36m157[0m [36m| [0m[34m|[0m class DnsResolverPolicyTest {[0m
    [36m| [0m[34m|[0m ...[0m
[36m723[0m [36m| [0m[34m|[0m }[0m
    [36m| [0m[34m|[0m[34m_[0m[34m^[0m
    [36m| [0m

[33mwarning[0m: unreachable block in 'if' expression
    [36m| [0m
    [36m| [0m  /* 8.365 */                if(e is AssertException) {[0m
    [36m| [0m [33m_[0m[33m____________________________________________________^[0m
    [36m| [0m[33m|[0m /* 8.366 */                    throw e[0m
    [36m| [0m[33m|[0m /* 8.367 */                }[0m
    [36m| [0m[33m|[0m[33m_[0m[33m___________________________^ unreachable block in 'if' expression[0m
    [36m| [0m
    [36m#[0m [0mnote[0m: this warning can be suppressed by setting the compiler option `-Woff unused`
[34mnote[0m: the warning occurs after the macro is expanded
   [36m==>[0m /home/elliot/playground/Wirestack-pr-worktrees/M8-004-publication/src/net/dns_wire_test.cj:8:1:
    [36m| [0m
[36m8[0m   [36m| [0m  @Test[0m
    [36m| [0m [34m_[0m[34m^[0m
[36m9[0m   [36m| [0m[34m|[0m class DnsWireParserTest {[0m
    [36m| [0m[34m|[0m ...[0m
[36m305[0m [36m| [0m[34m|[0m }[0m
    [36m| [0m[34m|[0m[34m_[0m[34m^[0m
    [36m| [0m

[33mwarning[0m: unreachable block in 'if' expression
    [36m| [0m
    [36m| [0m  /* 8.368 */                if(e is AssertIntermediateException) {[0m
    [36m| [0m [33m_[0m[33m________________________________________________________________^[0m
    [36m| [0m[33m|[0m /* 8.369 */                    throw e[0m
    [36m| [0m[33m|[0m /* 8.370 */                }[0m
    [36m| [0m[33m|[0m[33m_[0m[33m___________________________^ unreachable block in 'if' expression[0m
    [36m| [0m
    [36m#[0m [0mnote[0m: this warning can be suppressed by setting the compiler option `-Woff unused`
[34mnote[0m: the warning occurs after the macro is expanded
   [36m==>[0m /home/elliot/playground/Wirestack-pr-worktrees/M8-004-publication/src/net/dns_wire_test.cj:8:1:
    [36m| [0m
[36m8[0m   [36m| [0m  @Test[0m
    [36m| [0m [34m_[0m[34m^[0m
[36m9[0m   [36m| [0m[34m|[0m class DnsWireParserTest {[0m
    [36m| [0m[34m|[0m ...[0m
[36m305[0m [36m| [0m[34m|[0m }[0m
    [36m| [0m[34m|[0m[34m_[0m[34m^[0m
    [36m| [0m

[33mwarning[0m: unreachable block in 'if' expression
    [36m| [0m
    [36m| [0m  /* 8.371 */                if(e is UnittestTimeoutException) {[0m
    [36m| [0m [33m_[0m[33m_____________________________________________________________^[0m
    [36m| [0m[33m|[0m /* 8.372 */                    throw e[0m
    [36m| [0m[33m|[0m /* 8.373 */                }[0m
    [36m| [0m[33m|[0m[33m_[0m[33m___________________________^ unreachable block in 'if' expression[0m
    [36m| [0m
    [36m#[0m [0mnote[0m: this warning can be suppressed by setting the compiler option `-Woff unused`
[34mnote[0m: the warning occurs after the macro is expanded
   [36m==>[0m /home/elliot/playground/Wirestack-pr-worktrees/M8-004-publication/src/net/dns_wire_test.cj:8:1:
    [36m| [0m
[36m8[0m   [36m| [0m  @Test[0m
    [36m| [0m [34m_[0m[34m^[0m
[36m9[0m   [36m| [0m[34m|[0m class DnsWireParserTest {[0m
    [36m| [0m[34m|[0m ...[0m
[36m305[0m [36m| [0m[34m|[0m }[0m
    [36m| [0m[34m|[0m[34m_[0m[34m^[0m
    [36m| [0m

[33mwarning[0m: unreachable block in 'if' expression
    [36m| [0m
    [36m| [0m  /* 156.233 */                        if(e is AssertException) {[0m
    [36m| [0m [33m_[0m[33m______________________________________________________________^[0m
    [36m| [0m[33m|[0m /* 156.234 */                            throw e[0m
    [36m| [0m[33m|[0m /* 156.235 */                        }[0m
    [36m| [0m[33m|[0m[33m_[0m[33m_____________________________________^ unreachable block in 'if' expression[0m
    [36m| [0m
    [36m#[0m [0mnote[0m: this warning can be suppressed by setting the compiler option `-Woff unused`
[34mnote[0m: the warning occurs after the macro is expanded
   [36m==>[0m /home/elliot/playground/Wirestack-pr-worktrees/M8-004-publication/src/net/dns_resolver_test.cj:156:1:
    [36m| [0m
[36m156[0m [36m| [0m  @Test[0m
    [36m| [0m [34m_[0m[34m^[0m
[36m157[0m [36m| [0m[34m|[0m class DnsResolverPolicyTest {[0m
    [36m| [0m[34m|[0m ...[0m
[36m723[0m [36m| [0m[34m|[0m }[0m
    [36m| [0m[34m|[0m[34m_[0m[34m^[0m
    [36m| [0m

[33mwarning[0m: unreachable block in 'if' expression
    [36m| [0m
    [36m| [0m  /* 156.236 */                        if(e is AssertIntermediateException) {[0m
    [36m| [0m [33m_[0m[33m__________________________________________________________________________^[0m
    [36m| [0m[33m|[0m /* 156.237 */                            throw e[0m
    [36m| [0m[33m|[0m /* 156.238 */                        }[0m
    [36m| [0m[33m|[0m[33m_[0m[33m_____________________________________^ unreachable block in 'if' expression[0m
    [36m| [0m
    [36m#[0m [0mnote[0m: this warning can be suppressed by setting the compiler option `-Woff unused`
[34mnote[0m: the warning occurs after the macro is expanded
   [36m==>[0m /home/elliot/playground/Wirestack-pr-worktrees/M8-004-publication/src/net/dns_resolver_test.cj:156:1:
    [36m| [0m
[36m156[0m [36m| [0m  @Test[0m
    [36m| [0m [34m_[0m[34m^[0m
[36m157[0m [36m| [0m[34m|[0m class DnsResolverPolicyTest {[0m
    [36m| [0m[34m|[0m ...[0m
[36m723[0m [36m| [0m[34m|[0m }[0m
    [36m| [0m[34m|[0m[34m_[0m[34m^[0m
    [36m| [0m

[33mwarning[0m: unreachable block in 'if' expression
    [36m| [0m
    [36m| [0m  /* 156.239 */                        if(e is UnittestTimeoutException) {[0m
    [36m| [0m [33m_[0m[33m_______________________________________________________________________^[0m
    [36m| [0m[33m|[0m /* 156.240 */                            throw e[0m
    [36m| [0m[33m|[0m /* 156.241 */                        }[0m
    [36m| [0m[33m|[0m[33m_[0m[33m_____________________________________^ unreachable block in 'if' expression[0m
    [36m| [0m
    [36m#[0m [0mnote[0m: this warning can be suppressed by setting the compiler option `-Woff unused`
[34mnote[0m: the warning occurs after the macro is expanded
   [36m==>[0m /home/elliot/playground/Wirestack-pr-worktrees/M8-004-publication/src/net/dns_resolver_test.cj:156:1:
    [36m| [0m
[36m156[0m [36m| [0m  @Test[0m
    [36m| [0m [34m_[0m[34m^[0m
[36m157[0m [36m| [0m[34m|[0m class DnsResolverPolicyTest {[0m
    [36m| [0m[34m|[0m ...[0m
[36m723[0m [36m| [0m[34m|[0m }[0m
    [36m| [0m[34m|[0m[34m_[0m[34m^[0m
    [36m| [0m

[33mwarning[0m: unreachable block in 'if' expression
    [36m| [0m
    [36m| [0m  /* 8.393 */                if(e is AssertException) {[0m
    [36m| [0m [33m_[0m[33m____________________________________________________^[0m
    [36m| [0m[33m|[0m /* 8.394 */                    throw e[0m
    [36m| [0m[33m|[0m /* 8.395 */                }[0m
    [36m| [0m[33m|[0m[33m_[0m[33m___________________________^ unreachable block in 'if' expression[0m
    [36m| [0m
    [36m#[0m [0mnote[0m: this warning can be suppressed by setting the compiler option `-Woff unused`
[34mnote[0m: the warning occurs after the macro is expanded
   [36m==>[0m /home/elliot/playground/Wirestack-pr-worktrees/M8-004-publication/src/net/dns_wire_test.cj:8:1:
    [36m| [0m
[36m8[0m   [36m| [0m  @Test[0m
    [36m| [0m [34m_[0m[34m^[0m
[36m9[0m   [36m| [0m[34m|[0m class DnsWireParserTest {[0m
    [36m| [0m[34m|[0m ...[0m
[36m305[0m [36m| [0m[34m|[0m }[0m
    [36m| [0m[34m|[0m[34m_[0m[34m^[0m
    [36m| [0m

[33mwarning[0m: unreachable block in 'if' expression
    [36m| [0m
    [36m| [0m  /* 8.396 */                if(e is AssertIntermediateException) {[0m
    [36m| [0m [33m_[0m[33m________________________________________________________________^[0m
    [36m| [0m[33m|[0m /* 8.397 */                    throw e[0m
    [36m| [0m[33m|[0m /* 8.398 */                }[0m
    [36m| [0m[33m|[0m[33m_[0m[33m___________________________^ unreachable block in 'if' expression[0m
    [36m| [0m
    [36m#[0m [0mnote[0m: this warning can be suppressed by setting the compiler option `-Woff unused`
[34mnote[0m: the warning occurs after the macro is expanded
   [36m==>[0m /home/elliot/playground/Wirestack-pr-worktrees/M8-004-publication/src/net/dns_wire_test.cj:8:1:
    [36m| [0m
[36m8[0m   [36m| [0m  @Test[0m
    [36m| [0m [34m_[0m[34m^[0m
[36m9[0m   [36m| [0m[34m|[0m class DnsWireParserTest {[0m
    [36m| [0m[34m|[0m ...[0m
[36m305[0m [36m| [0m[34m|[0m }[0m
    [36m| [0m[34m|[0m[34m_[0m[34m^[0m
    [36m| [0m

[33mwarning[0m: unreachable block in 'if' expression
    [36m| [0m
    [36m| [0m  /* 8.399 */                if(e is UnittestTimeoutException) {[0m
    [36m| [0m [33m_[0m[33m_____________________________________________________________^[0m
    [36m| [0m[33m|[0m /* 8.400 */                    throw e[0m
    [36m| [0m[33m|[0m /* 8.401 */                }[0m
    [36m| [0m[33m|[0m[33m_[0m[33m___________________________^ unreachable block in 'if' expression[0m
    [36m| [0m
    [36m#[0m [0mnote[0m: this warning can be suppressed by setting the compiler option `-Woff unused`
[34mnote[0m: the warning occurs after the macro is expanded
   [36m==>[0m /home/elliot/playground/Wirestack-pr-worktrees/M8-004-publication/src/net/dns_wire_test.cj:8:1:
    [36m| [0m
[36m8[0m   [36m| [0m  @Test[0m
    [36m| [0m [34m_[0m[34m^[0m
[36m9[0m   [36m| [0m[34m|[0m class DnsWireParserTest {[0m
    [36m| [0m[34m|[0m ...[0m
[36m305[0m [36m| [0m[34m|[0m }[0m
    [36m| [0m[34m|[0m[34m_[0m[34m^[0m
    [36m| [0m

[33mwarning[0m: unreachable block in 'if' expression
    [36m| [0m
    [36m| [0m  /* 8.422 */                if(e is AssertException) {[0m
    [36m| [0m [33m_[0m[33m____________________________________________________^[0m
    [36m| [0m[33m|[0m /* 8.423 */                    throw e[0m
    [36m| [0m[33m|[0m /* 8.424 */                }[0m
    [36m| [0m[33m|[0m[33m_[0m[33m___________________________^ unreachable block in 'if' expression[0m
    [36m| [0m
    [36m#[0m [0mnote[0m: this warning can be suppressed by setting the compiler option `-Woff unused`
[34mnote[0m: the warning occurs after the macro is expanded
   [36m==>[0m /home/elliot/playground/Wirestack-pr-worktrees/M8-004-publication/src/net/dns_wire_test.cj:8:1:
    [36m| [0m
[36m8[0m   [36m| [0m  @Test[0m
    [36m| [0m [34m_[0m[34m^[0m
[36m9[0m   [36m| [0m[34m|[0m class DnsWireParserTest {[0m
    [36m| [0m[34m|[0m ...[0m
[36m305[0m [36m| [0m[34m|[0m }[0m
    [36m| [0m[34m|[0m[34m_[0m[34m^[0m
    [36m| [0m

[33mwarning[0m: unreachable block in 'if' expression
    [36m| [0m
    [36m| [0m  /* 8.425 */                if(e is AssertIntermediateException) {[0m
    [36m| [0m [33m_[0m[33m________________________________________________________________^[0m
    [36m| [0m[33m|[0m /* 8.426 */                    throw e[0m
    [36m| [0m[33m|[0m /* 8.427 */                }[0m
    [36m| [0m[33m|[0m[33m_[0m[33m___________________________^ unreachable block in 'if' expression[0m
    [36m| [0m
    [36m#[0m [0mnote[0m: this warning can be suppressed by setting the compiler option `-Woff unused`
[34mnote[0m: the warning occurs after the macro is expanded
   [36m==>[0m /home/elliot/playground/Wirestack-pr-worktrees/M8-004-publication/src/net/dns_wire_test.cj:8:1:
    [36m| [0m
[36m8[0m   [36m| [0m  @Test[0m
    [36m| [0m [34m_[0m[34m^[0m
[36m9[0m   [36m| [0m[34m|[0m class DnsWireParserTest {[0m
    [36m| [0m[34m|[0m ...[0m
[36m305[0m [36m| [0m[34m|[0m }[0m
    [36m| [0m[34m|[0m[34m_[0m[34m^[0m
    [36m| [0m

[33mwarning[0m: unreachable block in 'if' expression
    [36m| [0m
    [36m| [0m  /* 8.428 */                if(e is UnittestTimeoutException) {[0m
    [36m| [0m [33m_[0m[33m_____________________________________________________________^[0m
    [36m| [0m[33m|[0m /* 8.429 */                    throw e[0m
    [36m| [0m[33m|[0m /* 8.430 */                }[0m
    [36m| [0m[33m|[0m[33m_[0m[33m___________________________^ unreachable block in 'if' expression[0m
    [36m| [0m
    [36m#[0m [0mnote[0m: this warning can be suppressed by setting the compiler option `-Woff unused`
[34mnote[0m: the warning occurs after the macro is expanded
   [36m==>[0m /home/elliot/playground/Wirestack-pr-worktrees/M8-004-publication/src/net/dns_wire_test.cj:8:1:
    [36m| [0m
[36m8[0m   [36m| [0m  @Test[0m
    [36m| [0m [34m_[0m[34m^[0m
[36m9[0m   [36m| [0m[34m|[0m class DnsWireParserTest {[0m
    [36m| [0m[34m|[0m ...[0m
[36m305[0m [36m| [0m[34m|[0m }[0m
    [36m| [0m[34m|[0m[34m_[0m[34m^[0m
    [36m| [0m

[33mwarning[0m: unreachable block in 'if' expression
    [36m| [0m
    [36m| [0m  /* 304.145 */                    if(e is AssertException) {[0m
    [36m| [0m [33m_[0m[33m__________________________________________________________^[0m
    [36m| [0m[33m|[0m /* 304.146 */                        throw e[0m
    [36m| [0m[33m|[0m /* 304.147 */                    }[0m
    [36m| [0m[33m|[0m[33m_[0m[33m_________________________________^ unreachable block in 'if' expression[0m
    [36m| [0m
    [36m#[0m [0mnote[0m: this warning can be suppressed by setting the compiler option `-Woff unused`
[34mnote[0m: the code after the macro is expanded as follows
     [36m| [0m
     [36m| [0m  /* 304.1 */@Attribute[TEST_GENERATED] class DnsClientWireTest <: TestClass {[0m
     [36m| [0m [34m_[0m[34m^[0m
     [36m| [0m[34m|[0m /* 304.2 */    @Attribute[TestCase_0][0m
     [36m| [0m[34m|[0m /* 304.3 */    func publicQueryAndLookupUseRealUdpAndRetainAbsoluteCacheExpiry(): Unit {[0m
     [36m| [0m[34m|[0m /* 304.4 */        let server = UdpSocket.bind(dnsClientTestLoopback(0))[0m
     [36m| [0m[34m|[0m /* 304.5 */        let endpoint = dnsClientTestEndpoint(server)[0m
     [36m| [0m[34m|[0m /* 304.6 */        let serving: Future < Int64 >= spawn { var served: Int64 = 0[0m
     [36m| [0m[34m|[0m /* 304.7 */            while(served < 2) {[0m
     [36m| [0m[34m|[0m /* 304.8 */                let received = server.receive(512, context: api.OperationContext(deadline: Some(api.Deadline.after(Duration.second))))[0m
     [36m| [0m[34m|[0m /* 304.9 */                let _ = server.sendTo(received.source.getOrThrow(), api.ByteSpan(dnsClientTestAResponse(received.payload,[192u8, 0u8, 2u8, 44u8], ttl: 10u32)))[0m
     [36m| [0m[34m|[0m /* 304.10 */                served ++[0m
     [36m| [0m[34m|[0m /* 304.11 */            }[0m
     [36m| [0m[34m|[0m /* 304.12 */            served[0m
     [36m| [0m[34m|[0m /* 304.13 */        }[0m
     [36m| [0m[34m|[0m /* 304.14 */        let client = DnsClient(config: dnsClientTestConfig(endpoint))[0m
     [36m| [0m[34m|[0m /* 304.15 */        try {[0m
     [36m| [0m[34m|[0m /* 304.16 */            let summary = client.query("Example.Test.", DnsRecordType.A)[0m
     [36m| [0m[34m|[0m /* 304.17 */            expectEqual("summary.answerCount", "1", summary.answerCount, 1, isDelta: false)[0m
     [36m| [0m[34m|[0m /* 304.18 */            expectEqual("summary.records[0].data()", "[192u8, 0u8, 2u8, 44u8]", summary.records[0].data(),[192u8, 0u8, 2u8, 44u8], isDelta: false)[0m
     [36m| [0m[34m|[0m /* 304.19 */            let first = client.lookup(api.HostName("example.test"), options: api.ResolveOptions(family: api.ResolveAddressFamily.Ipv4))[0m
     [36m| [0m[34m|[0m /* 304.20 */            let retainedExpiry = first.expiration[0m
     [36m| [0m[34m|[0m /* 304.21 */            let second = client.lookup(api.HostName("example.test"), options: api.ResolveOptions(family: api.ResolveAddressFamily.Ipv4))[0m
     [36m| [0m[34m|[0m /* 304.22 */            expectEqual("first.addresses", "second.addresses", first.addresses, second.addresses, isDelta: false)[0m
     [36m| [0m[34m|[0m /* 304.23 */            expectEqual("second.expiration", "retainedExpiry", second.expiration, retainedExpiry, isDelta: false)[0m
     [36m| [0m[34m|[0m /* 304.24 */            expectEqual("second.addresses[0].toOctets()", "[192u8, 0u8, 2u8, 44u8]", second.addresses[0].toOctets(),[192u8, 0u8, 2u8, 44u8], isDelta: false)[0m
     [36m| [0m[34m|[0m /* 304.25 */            expectEqual("serving.get(Duration.second)", "2", serving.get(Duration.second), 2, isDelta: false)[0m
     [36m| [0m[34m|[0m /* 304.26 */        } finally {[0m
     [36m| [0m[34m|[0m /* 304.27 */            client.close()[0m
     [36m| [0m[34m|[0m /* 304.28 */            server.close()[0m
     [36m| [0m[34m|[0m /* 304.29 */        }[0m
     [36m| [0m[34m|[0m /* 304.30 */    }[0m
     [36m| [0m[34m|[0m /* 304.31 */    [0m
     [36m| [0m[34m|[0m /* 304.32 */    @Attribute[TestCase_1][0m
     [36m| [0m[34m|[0m /* 304.33 */    func publicQueryEncodesEveryModeledRecordType(): Unit {[0m
     [36m| [0m[34m|[0m /* 304.34 */        let server = UdpSocket.bind(dnsClientTestLoopback(0))[0m
     [36m| [0m[34m|[0m /* 304.35 */        let endpoint = dnsClientTestEndpoint(server)[0m
     [36m| [0m[34m|[0m /* 304.36 */        let types =[DnsRecordType.A, DnsRecordType.AAAA, DnsRecordType.CNAME, DnsRecordType.SRV, DnsRecordType.TXT, DnsRecordType.MX, DnsRecordType.PTR, DnsRecordType.SOA, DnsRecordType.Unknown(65280)][0m
     [36m| [0m[34m|[0m /* 304.37 */        let serving: Future < Int64 >= spawn { var served: Int64 = 0[0m
     [36m| [0m[34m|[0m /* 304.38 */            while(served < types.size) {[0m
     [36m| [0m[34m|[0m /* 304.39 */                let received = server.receive(512, context: api.OperationContext(deadline: Some(api.Deadline.after(Duration.second))))[0m
     [36m| [0m[34m|[0m /* 304.40 */                let response = dnsClientTestHeader(received.payload, 0x8180u16).toArray()[0m
     [36m| [0m[34m|[0m /* 304.41 */                let _ = server.sendTo(received.source.getOrThrow(), api.ByteSpan(response))[0m
     [36m| [0m[34m|[0m /* 304.42 */                served ++[0m
     [36m| [0m[34m|[0m /* 304.43 */            }[0m
     [36m| [0m[34m|[0m /* 304.44 */            served[0m
     [36m| [0m[34m|[0m /* 304.45 */        }[0m
     [36m| [0m[34m|[0m /* 304.46 */        let client = DnsClient(config: dnsClientTestConfig(endpoint))[0m
     [36m| [0m[34m|[0m /* 304.47 */        try {[0m
     [36m| [0m[34m|[0m /* 304.48 */            for(recordType in types) {[0m
     [36m| [0m[34m|[0m /* 304.49 */                let summary = client.query("_service._tcp.example.test", recordType)[0m
     [36m| [0m[34m|[0m /* 304.50 */                expectEqual("summary.answerCount", "0", summary.answerCount, 0, isDelta: false)[0m
     [36m| [0m[34m|[0m /* 304.51 */                expectEqual("dnsClientTestTypeCode(summary.questions[0].recordType)", "dnsClientTestTypeCode(recordType)", dnsClientTestTypeCode(summary.questions[0].recordType), dnsClientTestTypeCode(recordType), isDelta: false)[0m
     [36m| [0m[34m|[0m /* 304.52 */            }[0m
     [36m| [0m[34m|[0m /* 304.53 */            expectEqual("serving.get(Duration.second)", "types.size", serving.get(Duration.second), types.size, isDelta: false)[0m
     [36m| [0m[34m|[0m /* 304.54 */        } finally {[0m
     [36m| [0m[34m|[0m /* 304.55 */            client.close()[0m
     [36m| [0m[34m|[0m /* 304.56 */            server.close()[0m
     [36m| [0m[34m|[0m /* 304.57 */        }[0m
     [36m| [0m[34m|[0m /* 304.58 */    }[0m
     [36m| [0m[34m|[0m /* 304.59 */    [0m
     [36m| [0m[34m|[0m /* 304.60 */    @Attribute[TestCase_2][0m
     [36m| [0m[34m|[0m /* 304.61 */    func wrongSourceIdAndQuestionAreIgnoredBeforeValidUdpResponse(): Unit {[0m
     [36m| [0m[34m|[0m /* 304.62 */        let server = UdpSocket.bind(dnsClientTestLoopback(0))[0m
     [36m| [0m[34m|[0m /* 304.63 */        let rogue = UdpSocket.bind(dnsClientTestLoopback(0))[0m
     [36m| [0m[34m|[0m /* 304.64 */        let endpoint = dnsClientTestEndpoint(server)[0m
     [36m| [0m[34m|[0m /* 304.65 */        let serving = spawn { let received = server.receive(512, context: api.OperationContext(deadline: Some(api.Deadline.after(Duration.second))))[0m
     [36m| [0m[34m|[0m /* 304.66 */            let destination = received.source.getOrThrow()[0m
     [36m| [0m[34m|[0m /* 304.67 */            let poison = dnsClientTestAResponse(received.payload,[203u8, 0u8, 113u8, 7u8])[0m
     [36m| [0m[34m|[0m /* 304.68 */            let _ = rogue.sendTo(destination, api.ByteSpan(poison))[0m
     [36m| [0m[34m|[0m /* 304.69 */            let wrongId = poison.clone()[0m
     [36m| [0m[34m|[0m /* 304.70 */            wrongId[1] = wrongId[1] ^ 1u8[0m
     [36m| [0m[34m|[0m /* 304.71 */            let _ = server.sendTo(destination, api.ByteSpan(wrongId))[0m
     [36m| [0m[34m|[0m /* 304.72 */            let wrongQuestion = poison.clone()[0m
     [36m| [0m[34m|[0m /* 304.73 */            wrongQuestion[received.payload.size - 3] = 28u8[0m
     [36m| [0m[34m|[0m /* 304.74 */            let _ = server.sendTo(destination, api.ByteSpan(wrongQuestion))[0m
     [36m| [0m[34m|[0m /* 304.75 */            let valid = dnsClientTestAResponse(received.payload,[198u8, 51u8, 100u8, 17u8])[0m
     [36m| [0m[34m|[0m /* 304.76 */            let _ = server.sendTo(destination, api.ByteSpan(valid))[0m
     [36m| [0m[34m|[0m /* 304.77 */            true[0m
     [36m| [0m[34m|[0m /* 304.78 */        }[0m
     [36m| [0m[34m|[0m /* 304.79 */        let client = DnsClient(config: dnsClientTestConfig(endpoint))[0m
     [36m| [0m[34m|[0m /* 304.80 */        try {[0m
     [36m| [0m[34m|[0m /* 304.81 */            let summary = client.query("identity.test", DnsRecordType.A)[0m
     [36m| [0m[34m|[0m /* 304.82 */            expectEqual("summary.records[0].data()", "[198u8, 51u8, 100u8, 17u8]", summary.records[0].data(),[198u8, 51u8, 100u8, 17u8], isDelta: false)[0m
     [36m| [0m[34m|[0m /* 304.83 */            expectEqual("serving.get(Duration.second)", "true", serving.get(Duration.second), true, isDelta: false)[0m
     [36m| [0m[34m|[0m /* 304.84 */        } finally {[0m
     [36m| [0m[34m|[0m /* 304.85 */            client.close()[0m
     [36m| [0m[34m|[0m /* 304.86 */            rogue.close()[0m
     [36m| [0m[34m|[0m /* 304.87 */            server.close()[0m
     [36m| [0m[34m|[0m /* 304.88 */        }[0m
     [36m| [0m[34m|[0m /* 304.89 */    }[0m
     [36m| [0m[34m|[0m /* 304.90 */    [0m
     [36m| [0m[34m|[0m /* 304.91 */    @Attribute[TestCase_3][0m
     [36m| [0m[34m|[0m /* 304.92 */    func validatedTruncationFallsBackToExactTcpFrame(): Unit {[0m
     [36m| [0m[34m|[0m /* 304.93 */        let(udp, tcp) = dnsClientTestBindServers()[0m
     [36m| [0m[34m|[0m /* 304.94 */        let endpoint = dnsClientTestEndpoint(udp)[0m
     [36m| [0m[34m|[0m /* 304.95 */        let udpServing = spawn { let received = udp.receive(512, context: api.OperationContext(deadline: Some(api.Deadline.after(Duration.second))))[0m
     [36m| [0m[34m|[0m /* 304.96 */            let truncated = dnsClientTestHeader(received.payload, 0x8380u16, answers: 1).toArray()[0m
     [36m| [0m[34m|[0m /* 304.97 */            let _ = udp.sendTo(received.source.getOrThrow(), api.ByteSpan(truncated))[0m
     [36m| [0m[34m|[0m /* 304.98 */            true[0m
     [36m| [0m[34m|[0m /* 304.99 */        }[0m
     [36m| [0m[34m|[0m /* 304.100 */        let tcpServing = spawn { let stream = tcp.accept(context: api.OperationContext(deadline: Some(api.Deadline.after(Duration.second))))[0m
     [36m| [0m[34m|[0m /* 304.101 */            try {[0m
     [36m| [0m[34m|[0m /* 304.102 */                let lengthBytes = Array < Byte >(2, repeat: 0u8)[0m
     [36m| [0m[34m|[0m /* 304.103 */                stream.readExact(api.MutableByteSpan(lengthBytes), context: api.OperationContext.background())[0m
     [36m| [0m[34m|[0m /* 304.104 */                let length =(Int64(lengthBytes[0]) << 8) | Int64(lengthBytes[1])[0m
     [36m| [0m[34m|[0m /* 304.105 */                let query = Array < Byte >(length, repeat: 0u8)[0m
     [36m| [0m[34m|[0m /* 304.106 */                stream.readExact(api.MutableByteSpan(query), context: api.OperationContext.background())[0m
     [36m| [0m[34m|[0m /* 304.107 */                let response = dnsClientTestAResponse(query,[192u8, 0u8, 2u8, 91u8])[0m
     [36m| [0m[34m|[0m /* 304.108 */                stream.writeAll(api.ByteSpan(dnsClientTestTcpFrame(response)), context: api.OperationContext.background())[0m
     [36m| [0m[34m|[0m /* 304.109 */                true[0m
     [36m| [0m[34m|[0m /* 304.110 */            } finally {[0m
     [36m| [0m[34m|[0m /* 304.111 */                stream.close()[0m
     [36m| [0m[34m|[0m /* 304.112 */            }[0m
     [36m| [0m[34m|[0m /* 304.113 */        }[0m
     [36m| [0m[34m|[0m /* 304.114 */        let client = DnsClient(config: dnsClientTestConfig(endpoint))[0m
     [36m| [0m[34m|[0m /* 304.115 */        try {[0m
     [36m| [0m[34m|[0m /* 304.116 */            let summary = client.query("tcp.test", DnsRecordType.A)[0m
     [36m| [0m[34m|[0m /* 304.117 */            expectEqual("summary.records[0].data()", "[192u8, 0u8, 2u8, 91u8]", summary.records[0].data(),[192u8, 0u8, 2u8, 91u8], isDelta: false)[0m
     [36m| [0m[34m|[0m /* 304.118 */            expectEqual("udpServing.get(Duration.second)", "true", udpServing.get(Duration.second), true, isDelta: false)[0m
     [36m| [0m[34m|[0m /* 304.119 */            expectEqual("tcpServing.get(Duration.second)", "true", tcpServing.get(Duration.second), true, isDelta: false)[0m
     [36m| [0m[34m|[0m /* 304.120 */        } finally {[0m
     [36m| [0m[34m|[0m /* 304.121 */            client.close()[0m
     [36m| [0m[34m|[0m /* 304.122 */            tcp.close()[0m
     [36m| [0m[34m|[0m /* 304.123 */            udp.close()[0m
     [36m| [0m[34m|[0m /* 304.124 */        }[0m
     [36m| [0m[34m|[0m /* 304.125 */    }[0m
     [36m| [0m[34m|[0m /* 304.126 */    [0m
     [36m| [0m[34m|[0m /* 304.127 */    @Attribute[TestCase_4][0m
     [36m| [0m[34m|[0m /* 304.128 */    func activeCancellationRetainsNameserverWithoutRetry(): Unit {[0m
     [36m| [0m[34m|[0m /* 304.129 */        let first = UdpSocket.bind(dnsClientTestLoopback(0))[0m
     [36m| [0m[34m|[0m /* 304.130 */        let second = UdpSocket.bind(dnsClientTestLoopback(0))[0m
     [36m| [0m[34m|[0m /* 304.131 */        let firstEndpoint = dnsClientTestEndpoint(first)[0m
     [36m| [0m[34m|[0m /* 304.132 */        let cancellation = api.CancellationSource()[0m
     [36m| [0m[34m|[0m /* 304.133 */        let serving = spawn { let _ = first.receive(512, context: api.OperationContext(deadline: Some(api.Deadline.after(Duration.second))))[0m
     [36m| [0m[34m|[0m /* 304.134 */            cancellation.cancel()[0m
     [36m| [0m[34m|[0m /* 304.135 */            true[0m
     [36m| [0m[34m|[0m /* 304.136 */        }[0m
     [36m| [0m[34m|[0m /* 304.137 */        let client = DnsClient(config: DnsResolverConfig(nameservers:[firstEndpoint, dnsClientTestEndpoint(second)], attempts: 2))[0m
     [36m| [0m[34m|[0m /* 304.138 */        try {[0m
     [36m| [0m[34m|[0m /* 304.139 */            let error = try {[0m
     [36m| [0m[34m|[0m /* 304.140 */                try {[0m
     [36m| [0m[34m|[0m /* 304.141 */                    assertEqual("true", "true", true, true)[0m
     [36m| [0m[34m|[0m /* 304.142 */                    client.query("cancel-failover.test", DnsRecordType.A, context: api.OperationContext(cancellation: cancellation.token))[0m
     [36m| [0m[34m|[0m /* 304.143 */                    fail("@AssertThrows: Expected 'api.ResolveException' was not caught.")[0m
     [36m| [0m[34m|[0m /* 304.144 */                } catch(e: api.ResolveException) {[0m
     [36m| [0m[34m|[0m /* 304.145 */                    if(e is AssertException) {[0m
     [36m| [0m[34m|[0m /* 304.146 */                        throw e[0m
     [36m| [0m[34m|[0m /* 304.147 */                    }[0m
     [36m| [0m[34m|[0m /* 304.148 */                    if(e is AssertIntermediateException) {[0m
     [36m| [0m[34m|[0m /* 304.149 */                        throw e[0m
     [36m| [0m[34m|[0m /* 304.150 */                    }[0m
     [36m| [0m[34m|[0m /* 304.151 */                    if(e is UnittestTimeoutException) {[0m
     [36m| [0m[34m|[0m /* 304.152 */                        throw e[0m
     [36m| [0m[34m|[0m /* 304.153 */                    }[0m
     [36m| [0m[34m|[0m /* 304.154 */                    e[0m
     [36m| [0m[34m|[0m /* 304.155 */                }[0m
     [36m| [0m[34m|[0m /* 304.156 */            } catch(e: Exception) {[0m
     [36m| [0m[34m|[0m /* 304.157 */                if(e is AssertException || e is AssertIntermediateException || e is UnittestTimeoutException) {[0m
     [36m| [0m[34m|[0m /* 304.158 */                    throw e[0m
     [36m| [0m[34m|[0m /* 304.159 */                }[0m
     [36m| [0m[34m|[0m /* 304.160 */                assertCaughtUnexpectedE("@AssertThrows(api.ResolveException)", "api.ResolveException", e.toString())[0m
     [36m| [0m[34m|[0m /* 304.161 */            }[0m
     [36m| [0m[34m|[0m /* 304.162 */            [0m
     [36m| [0m[34m|[0m /* 304.163 */            expectEqual("dnsClientTestCodeIs(error.resolveCode, api.ResolveErrorCode.Cancelled)", "true", dnsClientTestCodeIs(error.resolveCode, api.ResolveErrorCode.Cancelled), true, isDelta: false)[0m
     [36m| [0m[34m|[0m /* 304.164 */            match(error.remoteEndpoint) {[0m
     [36m| [0m[34m|[0m /* 304.165 */                case Some(api.NetworkEndpoint.Internet(remote)) => expectEqual("remote", "firstEndpoint", remote, firstEndpoint, isDelta: false)[0m
     [36m| [0m[34m|[0m /* 304.166 */                case _ => fail("active DNS cancellation lost its nameserver")[0m
     [36m| [0m[34m|[0m /* 304.167 */            }[0m
     [36m| [0m[34m|[0m /* 304.168 */            expectEqual("serving.get(Duration.second)", "true", serving.get(Duration.second), true, isDelta: false)[0m
     [36m| [0m[34m|[0m /* 304.169 */            let noRetry = try {[0m
     [36m| [0m[34m|[0m /* 304.170 */                try {[0m
     [36m| [0m[34m|[0m /* 304.171 */                    assertEqual("true", "true", true, true)[0m
     [36m| [0m[34m|[0m /* 304.172 */                    second.receive(512, context: api.OperationContext(deadline: Some(api.Deadline.after(50 * Duration.millisecond))))[0m
     [36m| [0m[34m|[0m /* 304.173 */                    fail("@AssertThrows: Expected 'api.NetworkException' was not caught.")[0m
     [36m| [0m[34m|[0m /* 304.174 */                } catch(e: api.NetworkException) {[0m
     [36m| [0m[34m|[0m /* 304.175 */                    if(e is AssertException) {[0m
     [36m| [0m[34m|[0m /* 304.176 */                        throw e[0m
     [36m| [0m[34m|[0m /* 304.177 */                    }[0m
     [36m| [0m[34m|[0m /* 304.178 */                    if(e is AssertIntermediateException) {[0m
     [36m| [0m[34m|[0m /* 304.179 */                        throw e[0m
     [36m| [0m[34m|[0m /* 304.180 */                    }[0m
     [36m| [0m[34m|[0m /* 304.181 */                    if(e is UnittestTimeoutException) {[0m
     [36m| [0m[34m|[0m /* 304.182 */                        throw e[0m
     [36m| [0m[34m|[0m /* 304.183 */                    }[0m
     [36m| [0m[34m|[0m /* 304.184 */                    e[0m
     [36m| [0m[34m|[0m /* 304.185 */                }[0m
     [36m| [0m[34m|[0m /* 304.186 */            } catch(e: Exception) {[0m
     [36m| [0m[34m|[0m /* 304.187 */                if(e is AssertException || e is AssertIntermediateException || e is UnittestTimeoutException) {[0m
     [36m| [0m[34m|[0m /* 304.188 */                    throw e[0m
     [36m| [0m[34m|[0m /* 304.189 */                }[0m
     [36m| [0m[34m|[0m /* 304.190 */                assertCaughtUnexpectedE("@AssertThrows(api.NetworkException)", "api.NetworkException", e.toString())[0m
     [36m| [0m[34m|[0m /* 304.191 */            }[0m
     [36m| [0m[34m|[0m /* 304.192 */            [0m
     [36m| [0m[34m|[0m /* 304.193 */            expectEqual("match(noRetry.code) {\n    case api.NetworkErrorCode.TimedOut => true\n    case _ => false\n}", "true", match(noRetry.code) {[0m
     [36m| [0m[34m|[0m /* 304.194 */                case api.NetworkErrorCode.TimedOut => true[0m
     [36m| [0m[34m|[0m /* 304.195 */                case _ => false[0m
     [36m| [0m[34m|[0m /* 304.196 */            }, true, isDelta: false)[0m
     [36m| [0m[34m|[0m /* 304.197 */        } finally {[0m
     [36m| [0m[34m|[0m /* 304.198 */            client.close()[0m
     [36m| [0m[34m|[0m /* 304.199 */            second.close()[0m
     [36m| [0m[34m|[0m /* 304.200 */            first.close()[0m
     [36m| [0m[34m|[0m /* 304.201 */        }[0m
     [36m| [0m[34m|[0m /* 304.202 */    }[0m
     [36m| [0m[34m|[0m /* 304.203 */    [0m
     [36m| [0m[34m|[0m /* 304.204 */    @Attribute[TestCase_5][0m
     [36m| [0m[34m|[0m /* 304.205 */    func silentDnsAttemptsLeaveBudgetForServerAndPassFailover(): Unit {[0m
     [36m| [0m[34m|[0m /* 304.206 */        for(retrySameServer in[false, true]) {[0m
     [36m| [0m[34m|[0m /* 304.207 */            let first = UdpSocket.bind(dnsClientTestLoopback(0))[0m
     [36m| [0m[34m|[0m /* 304.208 */            let responder = if(retrySameServer) {[0m
     [36m| [0m[34m|[0m /* 304.209 */                first[0m
     [36m| [0m[34m|[0m /* 304.210 */            }[0m
     [36m| [0m[34m|[0m /* 304.211 */            else {[0m
     [36m| [0m[34m|[0m /* 304.212 */                UdpSocket.bind(dnsClientTestLoopback(0))[0m
     [36m| [0m[34m|[0m /* 304.213 */            }[0m
     [36m| [0m[34m|[0m /* 304.214 */            [0m
     [36m| [0m[34m|[0m /* 304.215 */            let firstEndpoint = dnsClientTestEndpoint(first)[0m
     [36m| [0m[34m|[0m /* 304.216 */            let responderEndpoint = dnsClientTestEndpoint(responder)[0m
     [36m| [0m[34m|[0m /* 304.217 */            let serving = spawn { let peerContext = api.OperationContext(deadline: Some(api.Deadline.after(2 * Duration.second)))[0m
     [36m| [0m[34m|[0m /* 304.218 */                if(retrySameServer) {[0m
     [36m| [0m[34m|[0m /* 304.219 */                    let _ = first.receive(512, context: peerContext)[0m
     [36m| [0m[34m|[0m /* 304.220 */                }[0m
     [36m| [0m[34m|[0m /* 304.221 */                let query = responder.receive(512, context: peerContext)[0m
     [36m| [0m[34m|[0m /* 304.222 */                let _ = responder.sendTo(query.source.getOrThrow(), api.ByteSpan(dnsClientTestAResponse(query.payload,[192u8, 0u8, 2u8, 88u8])))[0m
     [36m| [0m[34m|[0m /* 304.223 */                true[0m
     [36m| [0m[34m|[0m /* 304.224 */            }[0m
     [36m| [0m[34m|[0m /* 304.225 */            let nameservers = if(retrySameServer) {[0m
     [36m| [0m[34m|[0m /* 304.226 */                [firstEndpoint][0m
     [36m| [0m[34m|[0m /* 304.227 */            }[0m
     [36m| [0m[34m|[0m /* 304.228 */            else {[0m
     [36m| [0m[34m|[0m /* 304.229 */                [firstEndpoint, responderEndpoint][0m
     [36m| [0m[34m|[0m /* 304.230 */            }[0m
     [36m| [0m[34m|[0m /* 304.231 */            [0m
     [36m| [0m[34m|[0m /* 304.232 */            let client = DnsClient(config: DnsResolverConfig(nameservers: nameservers, attempts: if(retrySameServer) {[0m
     [36m| [0m[34m|[0m /* 304.233 */                2[0m
     [36m| [0m[34m|[0m /* 304.234 */            }[0m
     [36m| [0m[34m|[0m /* 304.235 */            else {[0m
     [36m| [0m[34m|[0m /* 304.236 */                1[0m
     [36m| [0m[34m|[0m /* 304.237 */            }[0m
     [36m| [0m[34m|[0m /* 304.238 */            , queryTimeout: Duration.second))[0m
     [36m| [0m[34m|[0m /* 304.239 */            let context = api.OperationContext(deadline: Some(api.Deadline.after(500 * Duration.millisecond)))[0m
     [36m| [0m[34m|[0m /* 304.240 */            try {[0m
     [36m| [0m[34m|[0m /* 304.241 */                let response = client.query("failover.test", DnsRecordType.A, context: context)[0m
     [36m| [0m[34m|[0m /* 304.242 */                expectEqual("response.records[0].data()", "[192u8, 0u8, 2u8, 88u8]", response.records[0].data(),[192u8, 0u8, 2u8, 88u8], isDelta: false)[0m
     [36m| [0m[34m|[0m /* 304.243 */                expectEqual("! context.isDeadlineExceeded()", "true", ! context.isDeadlineExceeded(), true, isDelta: false)[0m
     [36m| [0m[34m|[0m /* 304.244 */                expectEqual("serving.get(Duration.second)", "true", serving.get(Duration.second), true, isDelta: false)[0m
     [36m| [0m[34m|[0m /* 304.245 */            } finally {[0m
     [36m| [0m[34m|[0m /* 304.246 */                client.close()[0m
     [36m| [0m[34m|[0m /* 304.247 */                responder.close()[0m
     [36m| [0m[34m|[0m /* 304.248 */                first.close()[0m
     [36m| [0m[34m|[0m /* 304.249 */            }[0m
     [36m| [0m[34m|[0m /* 304.250 */        }[0m
     [36m| [0m[34m|[0m /* 304.251 */    }[0m
     [36m| [0m[34m|[0m /* 304.252 */    [0m
     [36m| [0m[34m|[0m /* 304.253 */    @Attribute[TestCase_6][0m
     [36m| [0m[34m|[0m /* 304.254 */    func exhaustedResponseCodesRetainTheLastRespondingNameserver(): Unit {[0m
     [36m| [0m[34m|[0m /* 304.255 */        let first = UdpSocket.bind(dnsClientTestLoopback(0))[0m
     [36m| [0m[34m|[0m /* 304.256 */        let second = UdpSocket.bind(dnsClientTestLoopback(0))[0m
     [36m| [0m[34m|[0m /* 304.257 */        let firstEndpoint = dnsClientTestEndpoint(first)[0m
     [36m| [0m[34m|[0m /* 304.258 */        let secondEndpoint = dnsClientTestEndpoint(second)[0m
     [36m| [0m[34m|[0m /* 304.259 */        let serving = spawn { let context = api.OperationContext(deadline: Some(api.Deadline.after(Duration.second)))[0m
     [36m| [0m[34m|[0m /* 304.260 */            let firstQuery = first.receive(512, context: context)[0m
     [36m| [0m[34m|[0m /* 304.261 */            let _ = first.sendTo(firstQuery.source.getOrThrow(), api.ByteSpan(dnsClientTestHeader(firstQuery.payload, 0x8182u16).toArray()))[0m
     [36m| [0m[34m|[0m /* 304.262 */            let secondQuery = second.receive(512, context: context)[0m
     [36m| [0m[34m|[0m /* 304.263 */            let _ = second.sendTo(secondQuery.source.getOrThrow(), api.ByteSpan(dnsClientTestHeader(secondQuery.payload, 0x8185u16).toArray()))[0m
     [36m| [0m[34m|[0m /* 304.264 */            true[0m
     [36m| [0m[34m|[0m /* 304.265 */        }[0m
     [36m| [0m[34m|[0m /* 304.266 */        let client = DnsClient(config: DnsResolverConfig(nameservers:[firstEndpoint, secondEndpoint], attempts: 1))[0m
     [36m| [0m[34m|[0m /* 304.267 */        try {[0m
     [36m| [0m[34m|[0m /* 304.268 */            let error = try {[0m
     [36m| [0m[34m|[0m /* 304.269 */                try {[0m
     [36m| [0m[34m|[0m /* 304.270 */                    assertEqual("true", "true", true, true)[0m
     [36m| [0m[34m|[0m /* 304.271 */                    client.query("refused.test", DnsRecordType.A)[0m
     [36m| [0m[34m|[0m /* 304.272 */                    fail("@AssertThrows: Expected 'api.ResolveException' was not caught.")[0m
     [36m| [0m[34m|[0m /* 304.273 */                } catch(e: api.ResolveException) {[0m
     [36m| [0m[34m|[0m /* 304.274 */                    if(e is AssertException) {[0m
     [36m| [0m[34m|[0m /* 304.275 */                        throw e[0m
     [36m| [0m[34m|[0m /* 304.276 */                    }[0m
     [36m| [0m[34m|[0m /* 304.277 */                    if(e is AssertIntermediateException) {[0m
     [36m| [0m[34m|[0m /* 304.278 */                        throw e[0m
     [36m| [0m[34m|[0m /* 304.279 */                    }[0m
     [36m| [0m[34m|[0m /* 304.280 */                    if(e is UnittestTimeoutException) {[0m
     [36m| [0m[34m|[0m /* 304.281 */                        throw e[0m
     [36m| [0m[34m|[0m /* 304.282 */                    }[0m
     [36m| [0m[34m|[0m /* 304.283 */                    e[0m
     [36m| [0m[34m|[0m /* 304.284 */                }[0m
     [36m| [0m[34m|[0m /* 304.285 */            } catch(e: Exception) {[0m
     [36m| [0m[34m|[0m /* 304.286 */                if(e is AssertException || e is AssertIntermediateException || e is UnittestTimeoutException) {[0m
     [36m| [0m[34m|[0m /* 304.287 */                    throw e[0m
     [36m| [0m[34m|[0m /* 304.288 */                }[0m
     [36m| [0m[34m|[0m /* 304.289 */                assertCaughtUnexpectedE("@AssertThrows(api.ResolveException)", "api.ResolveException", e.toString())[0m
     [36m| [0m[34m|[0m /* 304.290 */            }[0m
     [36m| [0m[34m|[0m /* 304.291 */            [0m
     [36m| [0m[34m|[0m /* 304.292 */            expectEqual("dnsClientTestCodeIs(error.resolveCode, api.ResolveErrorCode.TemporaryFailure)", "true", dnsClientTestCodeIs(error.resolveCode, api.ResolveErrorCode.TemporaryFailure), true, isDelta: false)[0m
     [36m| [0m[34m|[0m /* 304.293 */            match(error.remoteEndpoint) {[0m
     [36m| [0m[34m|[0m /* 304.294 */                case Some(api.NetworkEndpoint.Internet(remote)) => expectEqual("remote", "secondEndpoint", remote, secondEndpoint, isDelta: false)[0m
     [36m| [0m[34m|[0m /* 304.295 */                case _ => fail("DNS RCODE failure lost its responding nameserver")[0m
     [36m| [0m[34m|[0m /* 304.296 */            }[0m
     [36m| [0m[34m|[0m /* 304.297 */            expectEqual("serving.get(Duration.second)", "true", serving.get(Duration.second), true, isDelta: false)[0m
     [36m| [0m[34m|[0m /* 304.298 */        } finally {[0m
     [36m| [0m[34m|[0m /* 304.299 */            client.close()[0m
     [36m| [0m[34m|[0m /* 304.300 */            second.close()[0m
     [36m| [0m[34m|[0m /* 304.301 */            first.close()[0m
     [36m| [0m[34m|[0m /* 304.302 */        }[0m
     [36m| [0m[34m|[0m /* 304.303 */    }[0m
     [36m| [0m[34m|[0m /* 304.304 */    [0m
     [36m| [0m[34m|[0m /* 304.305 */    @Attribute[TestCase_7][0m
     [36m| [0m[34m|[0m /* 304.306 */    func unsupportedResponseCodeRetainsRespondingNameserver(): Unit {[0m
     [36m| [0m[34m|[0m /* 304.307 */        let server = UdpSocket.bind(dnsClientTestLoopback(0))[0m
     [36m| [0m[34m|[0m /* 304.308 */        let endpoint = dnsClientTestEndpoint(server)[0m
     [36m| [0m[34m|[0m /* 304.309 */        let serving = spawn { let received = server.receive(512, context: api.OperationContext(deadline: Some(api.Deadline.after(Duration.second))))[0m
     [36m| [0m[34m|[0m /* 304.310 */            let _ = server.sendTo(received.source.getOrThrow(), api.ByteSpan(dnsClientTestHeader(received.payload, 0x8181u16).toArray()))[0m
     [36m| [0m[34m|[0m /* 304.311 */        }[0m
     [36m| [0m[34m|[0m /* 304.312 */        let client = DnsClient(config: dnsClientTestConfig(endpoint))[0m
     [36m| [0m[34m|[0m /* 304.313 */        try {[0m
     [36m| [0m[34m|[0m /* 304.314 */            let error = try {[0m
     [36m| [0m[34m|[0m /* 304.315 */                try {[0m
     [36m| [0m[34m|[0m /* 304.316 */                    assertEqual("true", "true", true, true)[0m
     [36m| [0m[34m|[0m /* 304.317 */                    client.lookup(api.HostName("formerr.test"), options: api.ResolveOptions(family: api.ResolveAddressFamily.Ipv4))[0m
     [36m| [0m[34m|[0m /* 304.318 */                    fail("@AssertThrows: Expected 'api.ResolveException' was not caught.")[0m
     [36m| [0m[34m|[0m /* 304.319 */                } catch(e: api.ResolveException) {[0m
     [36m| [0m[34m|[0m /* 304.320 */                    if(e is AssertException) {[0m
     [36m| [0m[34m|[0m /* 304.321 */                        throw e[0m
     [36m| [0m[34m|[0m /* 304.322 */                    }[0m
     [36m| [0m[34m|[0m /* 304.323 */                    if(e is AssertIntermediateException) {[0m
     [36m| [0m[34m|[0m /* 304.324 */                        throw e[0m
     [36m| [0m[34m|[0m /* 304.325 */                    }[0m
     [36m| [0m[34m|[0m /* 304.326 */                    if(e is UnittestTimeoutException) {[0m
     [36m| [0m[34m|[0m /* 304.327 */                        throw e[0m
     [36m| [0m[34m|[0m /* 304.328 */                    }[0m
     [36m| [0m[34m|[0m /* 304.329 */                    e[0m
     [36m| [0m[34m|[0m /* 304.330 */                }[0m
     [36m| [0m[34m|[0m /* 304.331 */            } catch(e: Exception) {[0m
     [36m| [0m[34m|[0m /* 304.332 */                if(e is AssertException || e is AssertIntermediateException || e is UnittestTimeoutException) {[0m
     [36m| [0m[34m|[0m /* 304.333 */                    throw e[0m
     [36m| [0m[34m|[0m /* 304.334 */                }[0m
     [36m| [0m[34m|[0m /* 304.335 */                assertCaughtUnexpectedE("@AssertThrows(api.ResolveException)", "api.ResolveException", e.toString())[0m
     [36m| [0m[34m|[0m /* 304.336 */            }[0m
     [36m| [0m[34m|[0m /* 304.337 */            [0m
     [36m| [0m[34m|[0m /* 304.338 */            expectEqual("dnsClientTestCodeIs(error.resolveCode, api.ResolveErrorCode.SystemFailure)", "true", dnsClientTestCodeIs(error.resolveCode, api.ResolveErrorCode.SystemFailure), true, isDelta: false)[0m
     [36m| [0m[34m|[0m /* 304.339 */            match(error.remoteEndpoint) {[0m
     [36m| [0m[34m|[0m /* 304.340 */                case Some(api.NetworkEndpoint.Internet(remote)) => expectEqual("remote", "endpoint", remote, endpoint, isDelta: false)[0m
     [36m| [0m[34m|[0m /* 304.341 */                case _ => fail("unsupported DNS response code lost its responding nameserver")[0m
     [36m| [0m[34m|[0m /* 304.342 */            }[0m
     [36m| [0m[34m|[0m /* 304.343 */            serving.get(Duration.second)[0m
     [36m| [0m[34m|[0m /* 304.344 */        } finally {[0m
     [36m| [0m[34m|[0m /* 304.345 */            client.close()[0m
     [36m| [0m[34m|[0m /* 304.346 */            server.close()[0m
     [36m| [0m[34m|[0m /* 304.347 */        }[0m
     [36m| [0m[34m|[0m /* 304.348 */    }[0m
     [36m| [0m[34m|[0m /* 304.349 */    [0m
     [36m| [0m[34m|[0m /* 304.350 */    @Attribute[TestCase_8][0m
     [36m| [0m[34m|[0m /* 304.351 */    func dnsTransportFailuresRetainSelectedNameserver(): Unit {[0m
     [36m| [0m[34m|[0m /* 304.352 */        for(tcpFallback in[false, true]) {[0m
     [36m| [0m[34m|[0m /* 304.353 */            let(server, tcp) = if(tcpFallback) {[0m
     [36m| [0m[34m|[0m /* 304.354 */                let(udp, listener) = dnsClientTestBindServers()[0m
     [36m| [0m[34m|[0m /* 304.355 */                (udp, Some(listener))[0m
     [36m| [0m[34m|[0m /* 304.356 */            }[0m
     [36m| [0m[34m|[0m /* 304.357 */            else {[0m
     [36m| [0m[34m|[0m /* 304.358 */                (UdpSocket.bind(dnsClientTestLoopback(0)), None < TcpListener >)[0m
     [36m| [0m[34m|[0m /* 304.359 */            }[0m
     [36m| [0m[34m|[0m /* 304.360 */            [0m
     [36m| [0m[34m|[0m /* 304.361 */            let endpoint = dnsClientTestEndpoint(server)[0m
     [36m| [0m[34m|[0m /* 304.362 */            let serving = spawn { let received = server.receive(512, context: api.OperationContext(deadline: Some(api.Deadline.after(Duration.second))))[0m
     [36m| [0m[34m|[0m /* 304.363 */                if(let Some(listener) <- tcp) {[0m
     [36m| [0m[34m|[0m /* 304.364 */                    let truncated = dnsClientTestHeader(received.payload, 0x8380u16).toArray()[0m
     [36m| [0m[34m|[0m /* 304.365 */                    let _ = server.sendTo(received.source.getOrThrow(), api.ByteSpan(truncated))[0m
     [36m| [0m[34m|[0m /* 304.366 */                    let stream = listener.accept(context: api.OperationContext(deadline: Some(api.Deadline.after(Duration.second))))[0m
     [36m| [0m[34m|[0m /* 304.367 */                    stream.close()[0m
     [36m| [0m[34m|[0m /* 304.368 */                }[0m
     [36m| [0m[34m|[0m /* 304.369 */                received.source.getOrThrow()[0m
     [36m| [0m[34m|[0m /* 304.370 */            }[0m
     [36m| [0m[34m|[0m /* 304.371 */            let client = DnsClient(config: DnsResolverConfig(nameservers:[endpoint], attempts: 1, queryTimeout: 250 * Duration.millisecond))[0m
     [36m| [0m[34m|[0m /* 304.372 */            try {[0m
     [36m| [0m[34m|[0m /* 304.373 */                let error = try {[0m
     [36m| [0m[34m|[0m /* 304.374 */                    try {[0m
     [36m| [0m[34m|[0m /* 304.375 */                        assertEqual("true", "true", true, true)[0m
     [36m| [0m[34m|[0m /* 304.376 */                        client.query("transport-error.test", DnsRecordType.A)[0m
     [36m| [0m[34m|[0m /* 304.377 */                        fail("@AssertThrows: Expected 'api.ResolveException' was not caught.")[0m
     [36m| [0m[34m|[0m /* 304.378 */                    } catch(e: api.ResolveException) {[0m
     [36m| [0m[34m|[0m /* 304.379 */                        if(e is AssertException) {[0m
     [36m| [0m[34m|[0m /* 304.380 */                            throw e[0m
     [36m| [0m[34m|[0m /* 304.381 */                        }[0m
     [36m| [0m[34m|[0m /* 304.382 */                        if(e is AssertIntermediateException) {[0m
     [36m| [0m[34m|[0m /* 304.383 */                            throw e[0m
     [36m| [0m[34m|[0m /* 304.384 */                        }[0m
     [36m| [0m[34m|[0m /* 304.385 */                        if(e is UnittestTimeoutException) {[0m
     [36m| [0m[34m|[0m /* 304.386 */                            throw e[0m
     [36m| [0m[34m|[0m /* 304.387 */                        }[0m
     [36m| [0m[34m|[0m /* 304.388 */                        e[0m
     [36m| [0m[34m|[0m /* 304.389 */                    }[0m
     [36m| [0m[34m|[0m /* 304.390 */                } catch(e: Exception) {[0m
     [36m| [0m[34m|[0m /* 304.391 */                    if(e is AssertException || e is AssertIntermediateException || e is UnittestTimeoutException) {[0m
     [36m| [0m[34m|[0m /* 304.392 */                        throw e[0m
     [36m| [0m[34m|[0m /* 304.393 */                    }[0m
     [36m| [0m[34m|[0m /* 304.394 */                    assertCaughtUnexpectedE("@AssertThrows(api.ResolveException)", "api.ResolveException", e.toString())[0m
     [36m| [0m[34m|[0m /* 304.395 */                }[0m
     [36m| [0m[34m|[0m /* 304.396 */                [0m
     [36m| [0m[34m|[0m /* 304.397 */                let caller = serving.get(Duration.second)[0m
     [36m| [0m[34m|[0m /* 304.398 */                match(error.remoteEndpoint) {[0m
     [36m| [0m[34m|[0m /* 304.399 */                    case Some(api.NetworkEndpoint.Internet(remote)) => expectEqual("remote", "endpoint", remote, endpoint, isDelta: false)[0m
     [36m| [0m[34m|[0m /* 304.400 */                    case _ => fail("DNS transport error lost the selected nameserver")[0m
     [36m| [0m[34m|[0m /* 304.401 */                }[0m
     [36m| [0m[34m|[0m /* 304.402 */                if(! tcpFallback) {[0m
     [36m| [0m[34m|[0m /* 304.403 */                    expectEqual("dnsClientTestCodeIs(error.resolveCode, api.ResolveErrorCode.Timeout)", "true", dnsClientTestCodeIs(error.resolveCode, api.ResolveErrorCode.Timeout), true, isDelta: false)[0m
     [36m| [0m[34m|[0m /* 304.404 */                    match((error.localEndpoint, caller)) {[0m
     [36m| [0m[34m|[0m /* 304.405 */                        case(Some(api.NetworkEndpoint.Internet(local)), api.NetworkEndpoint.Internet(peer)) => expectEqual("local.port", "peer.port", local.port, peer.port, isDelta: false)[0m
     [36m| [0m[34m|[0m /* 304.406 */                        case _ => fail("DNS receive error lost its local socket")[0m
     [36m| [0m[34m|[0m /* 304.407 */                    }[0m
     [36m| [0m[34m|[0m /* 304.408 */                }[0m
     [36m| [0m[34m|[0m /* 304.409 */                else {[0m
     [36m| [0m[34m|[0m /* 304.410 */                    expectEqual("dnsClientTestCodeIs(error.resolveCode, api.ResolveErrorCode.TemporaryFailure)", "true", dnsClientTestCodeIs(error.resolveCode, api.ResolveErrorCode.TemporaryFailure), true, isDelta: false)[0m
     [36m| [0m[34m|[0m /* 304.411 */                }[0m
     [36m| [0m[34m|[0m /* 304.412 */                expectEqual("error.cause.isSome()", "true", error.cause.isSome(), true, isDelta: false)[0m
     [36m| [0m[34m|[0m /* 304.413 */            } finally {[0m
     [36m| [0m[34m|[0m /* 304.414 */                client.close()[0m
     [36m| [0m[34m|[0m /* 304.415 */                if(let Some(listener) <- tcp) {[0m
     [36m| [0m[34m|[0m /* 304.416 */                    listener.close()[0m
     [36m| [0m[34m|[0m /* 304.417 */                }[0m
     [36m| [0m[34m|[0m /* 304.418 */                server.close()[0m
     [36m| [0m[34m|[0m /* 304.419 */            }[0m
     [36m| [0m[34m|[0m /* 304.420 */        }[0m
     [36m| [0m[34m|[0m /* 304.421 */    }[0m
     [36m| [0m[34m|[0m /* 304.422 */    [0m
     [36m| [0m[34m|[0m /* 304.423 */    @Attribute[TestCase_9][0m
     [36m| [0m[34m|[0m /* 304.424 */    func tcpResponseCannotRemainTruncated(): Unit {[0m
     [36m| [0m[34m|[0m /* 304.425 */        let(udp, tcp) = dnsClientTestBindServers()[0m
     [36m| [0m[34m|[0m /* 304.426 */        let endpoint = dnsClientTestEndpoint(udp)[0m
     [36m| [0m[34m|[0m /* 304.427 */        let udpServing = spawn { let received = udp.receive(512, context: api.OperationContext(deadline: Some(api.Deadline.after(Duration.second))))[0m
     [36m| [0m[34m|[0m /* 304.428 */            let truncated = dnsClientTestHeader(received.payload, 0x8380u16).toArray()[0m
     [36m| [0m[34m|[0m /* 304.429 */            let _ = udp.sendTo(received.source.getOrThrow(), api.ByteSpan(truncated))[0m
     [36m| [0m[34m|[0m /* 304.430 */            true[0m
     [36m| [0m[34m|[0m /* 304.431 */        }[0m
     [36m| [0m[34m|[0m /* 304.432 */        let tcpServing = spawn { let stream = tcp.accept(context: api.OperationContext(deadline: Some(api.Deadline.after(Duration.second))))[0m
     [36m| [0m[34m|[0m /* 304.433 */            try {[0m
     [36m| [0m[34m|[0m /* 304.434 */                let lengthBytes = Array < Byte >(2, repeat: 0u8)[0m
     [36m| [0m[34m|[0m /* 304.435 */                stream.readExact(api.MutableByteSpan(lengthBytes), context: api.OperationContext.background())[0m
     [36m| [0m[34m|[0m /* 304.436 */                let length =(Int64(lengthBytes[0]) << 8) | Int64(lengthBytes[1])[0m
     [36m| [0m[34m|[0m /* 304.437 */                let query = Array < Byte >(length, repeat: 0u8)[0m
     [36m| [0m[34m|[0m /* 304.438 */                stream.readExact(api.MutableByteSpan(query), context: api.OperationContext.background())[0m
     [36m| [0m[34m|[0m /* 304.439 */                let stillTruncated = dnsClientTestHeader(query, 0x8380u16).toArray()[0m
     [36m| [0m[34m|[0m /* 304.440 */                stream.writeAll(api.ByteSpan(dnsClientTestTcpFrame(stillTruncated)), context: api.OperationContext.background())[0m
     [36m| [0m[34m|[0m /* 304.441 */                true[0m
     [36m| [0m[34m|[0m /* 304.442 */            } finally {[0m
     [36m| [0m[34m|[0m /* 304.443 */                stream.close()[0m
     [36m| [0m[34m|[0m /* 304.444 */            }[0m
     [36m| [0m[34m|[0m /* 304.445 */        }[0m
     [36m| [0m[34m|[0m /* 304.446 */        let client = DnsClient(config: dnsClientTestConfig(endpoint))[0m
     [36m| [0m[34m|[0m /* 304.447 */        try {[0m
     [36m| [0m[34m|[0m /* 304.448 */            let error = try {[0m
     [36m| [0m[34m|[0m /* 304.449 */                try {[0m
     [36m| [0m[34m|[0m /* 304.450 */                    assertEqual("true", "true", true, true)[0m
     [36m| [0m[34m|[0m /* 304.451 */                    client.query("still-truncated.test", DnsRecordType.A)[0m
     [36m| [0m[34m|[0m /* 304.452 */                    fail("@AssertThrows: Expected 'api.ResolveException' was not caught.")[0m
     [36m| [0m[34m|[0m /* 304.453 */                } catch(e: api.ResolveException) {[0m
     [36m| [0m[34m|[0m /* 304.454 */                    if(e is AssertException) {[0m
     [36m| [0m[34m|[0m /* 304.455 */                        throw e[0m
     [36m| [0m[34m|[0m /* 304.456 */                    }[0m
     [36m| [0m[34m|[0m /* 304.457 */                    if(e is AssertIntermediateException) {[0m
     [36m| [0m[34m|[0m /* 304.458 */                        throw e[0m
     [36m| [0m[34m|[0m /* 304.459 */                    }[0m
     [36m| [0m[34m|[0m /* 304.460 */                    if(e is UnittestTimeoutException) {[0m
     [36m| [0m[34m|[0m /* 304.461 */                        throw e[0m
     [36m| [0m[34m|[0m /* 304.462 */                    }[0m
     [36m| [0m[34m|[0m /* 304.463 */                    e[0m
     [36m| [0m[34m|[0m /* 304.464 */                }[0m
     [36m| [0m[34m|[0m /* 304.465 */            } catch(e: Exception) {[0m
     [36m| [0m[34m|[0m /* 304.466 */                if(e is AssertException || e is AssertIntermediateException || e is UnittestTimeoutException) {[0m
     [36m| [0m[34m|[0m /* 304.467 */                    throw e[0m
     [36m| [0m[34m|[0m /* 304.468 */                }[0m
     [36m| [0m[34m|[0m /* 304.469 */                assertCaughtUnexpectedE("@AssertThrows(api.ResolveException)", "api.ResolveException", e.toString())[0m
     [36m| [0m[34m|[0m /* 304.470 */            }[0m
     [36m| [0m[34m|[0m /* 304.471 */            [0m
     [36m| [0m[34m|[0m /* 304.472 */            expectEqual("dnsClientTestCodeIs(error.resolveCode, api.ResolveErrorCode.SystemFailure)", "true", dnsClientTestCodeIs(error.resolveCode, api.ResolveErrorCode.SystemFailure), true, isDelta: false)[0m
     [36m| [0m[34m|[0m /* 304.473 */            match(error.remoteEndpoint) {[0m
     [36m| [0m[34m|[0m /* 304.474 */                case Some(api.NetworkEndpoint.Internet(remote)) => expectEqual("remote", "endpoint", remote, endpoint, isDelta: false)[0m
     [36m| [0m[34m|[0m /* 304.475 */                case _ => fail("truncated TCP DNS response lost its nameserver")[0m
     [36m| [0m[34m|[0m /* 304.476 */            }[0m
     [36m| [0m[34m|[0m /* 304.477 */            expectEqual("error.cause.isSome()", "true", error.cause.isSome(), true, isDelta: false)[0m
     [36m| [0m[34m|[0m /* 304.478 */            expectEqual("udpServing.get(Duration.second)", "true", udpServing.get(Duration.second), true, isDelta: false)[0m
     [36m| [0m[34m|[0m /* 304.479 */            expectEqual("tcpServing.get(Duration.second)", "true", tcpServing.get(Duration.second), true, isDelta: false)[0m
     [36m| [0m[34m|[0m /* 304.480 */        } finally {[0m
     [36m| [0m[34m|[0m /* 304.481 */            client.close()[0m
     [36m| [0m[34m|[0m /* 304.482 */            tcp.close()[0m
     [36m| [0m[34m|[0m /* 304.483 */            udp.close()[0m
     [36m| [0m[34m|[0m /* 304.484 */        }[0m
     [36m| [0m[34m|[0m /* 304.485 */    }[0m
     [36m| [0m[34m|[0m /* 304.486 */    [0m
     [36m| [0m[34m|[0m /* 304.487 */    @Attribute[TestCase_10][0m
     [36m| [0m[34m|[0m /* 304.488 */    func malformedMatchingResponseAndUnrelatedSectionsCannotPoisonCache(): Unit {[0m
     [36m| [0m[34m|[0m /* 304.489 */        let server = UdpSocket.bind(dnsClientTestLoopback(0))[0m
     [36m| [0m[34m|[0m /* 304.490 */        let endpoint = dnsClientTestEndpoint(server)[0m
     [36m| [0m[34m|[0m /* 304.491 */        let serving = spawn { let first = server.receive(512, context: api.OperationContext(deadline: Some(api.Deadline.after(Duration.second))))[0m
     [36m| [0m[34m|[0m /* 304.492 */            let malformed = dnsClientTestHeader(first.payload, 0x8180u16, answers: 1).toArray()[0m
     [36m| [0m[34m|[0m /* 304.493 */            let _ = server.sendTo(first.source.getOrThrow(), api.ByteSpan(malformed))[0m
     [36m| [0m[34m|[0m /* 304.494 */            let second = server.receive(512, context: api.OperationContext(deadline: Some(api.Deadline.after(Duration.second))))[0m
     [36m| [0m[34m|[0m /* 304.495 */            let _ = server.sendTo(second.source.getOrThrow(), api.ByteSpan(dnsClientTestPoisonedAdditional(second.payload)))[0m
     [36m| [0m[34m|[0m /* 304.496 */            let third = server.receive(512, context: api.OperationContext(deadline: Some(api.Deadline.after(Duration.second))))[0m
     [36m| [0m[34m|[0m /* 304.497 */            let _ = server.sendTo(third.source.getOrThrow(), api.ByteSpan(dnsClientTestAResponse(third.payload,[192u8, 0u8, 2u8, 33u8])))[0m
     [36m| [0m[34m|[0m /* 304.498 */            true[0m
     [36m| [0m[34m|[0m /* 304.499 */        }[0m
     [36m| [0m[34m|[0m /* 304.500 */        let client = DnsClient(config: dnsClientTestConfig(endpoint))[0m
     [36m| [0m[34m|[0m /* 304.501 */        let options = api.ResolveOptions(family: api.ResolveAddressFamily.Ipv4)[0m
     [36m| [0m[34m|[0m /* 304.502 */        try {[0m
     [36m| [0m[34m|[0m /* 304.503 */            let malformed = try {[0m
     [36m| [0m[34m|[0m /* 304.504 */                try {[0m
     [36m| [0m[34m|[0m /* 304.505 */                    assertEqual("true", "true", true, true)[0m
     [36m| [0m[34m|[0m /* 304.506 */                    client.lookup(api.HostName("poison.test"), options: options)[0m
     [36m| [0m[34m|[0m /* 304.507 */                    fail("@AssertThrows: Expected 'api.ResolveException' was not caught.")[0m
     [36m| [0m[34m|[0m /* 304.508 */                } catch(e: api.ResolveException) {[0m
     [36m| [0m[34m|[0m /* 304.509 */                    if(e is AssertException) {[0m
     [36m| [0m[34m|[0m /* 304.510 */                        throw e[0m
     [36m| [0m[34m|[0m /* 304.511 */                    }[0m
     [36m| [0m[34m|[0m /* 304.512 */                    if(e is AssertIntermediateException) {[0m
     [36m| [0m[34m|[0m /* 304.513 */                        throw e[0m
     [36m| [0m[34m|[0m /* 304.514 */                    }[0m
     [36m| [0m[34m|[0m /* 304.515 */                    if(e is UnittestTimeoutException) {[0m
     [36m| [0m[34m|[0m /* 304.516 */                        throw e[0m
     [36m| [0m[34m|[0m /* 304.517 */                    }[0m
     [36m| [0m[34m|[0m /* 304.518 */                    e[0m
     [36m| [0m[34m|[0m /* 304.519 */                }[0m
     [36m| [0m[34m|[0m /* 304.520 */            } catch(e: Exception) {[0m
     [36m| [0m[34m|[0m /* 304.521 */                if(e is AssertException || e is AssertIntermediateException || e is UnittestTimeoutException) {[0m
     [36m| [0m[34m|[0m /* 304.522 */                    throw e[0m
     [36m| [0m[34m|[0m /* 304.523 */                }[0m
     [36m| [0m[34m|[0m /* 304.524 */                assertCaughtUnexpectedE("@AssertThrows(api.ResolveException)", "api.ResolveException", e.toString())[0m
     [36m| [0m[34m|[0m /* 304.525 */            }[0m
     [36m| [0m[34m|[0m /* 304.526 */            [0m
     [36m| [0m[34m|[0m /* 304.527 */            expectEqual("dnsClientTestCodeIs(malformed.resolveCode, api.ResolveErrorCode.SystemFailure)", "true", dnsClientTestCodeIs(malformed.resolveCode, api.ResolveErrorCode.SystemFailure), true, isDelta: false)[0m
     [36m| [0m[34m|[0m /* 304.528 */            match(malformed.remoteEndpoint) {[0m
     [36m| [0m[34m|[0m /* 304.529 */                case Some(api.NetworkEndpoint.Internet(remote)) => expectEqual("remote", "endpoint", remote, endpoint, isDelta: false)[0m
     [36m| [0m[34m|[0m /* 304.530 */                case _ => fail("malformed UDP DNS response lost its nameserver")[0m
     [36m| [0m[34m|[0m /* 304.531 */            }[0m
     [36m| [0m[34m|[0m /* 304.532 */            expectEqual("malformed.cause.isSome()", "true", malformed.cause.isSome(), true, isDelta: false)[0m
     [36m| [0m[34m|[0m /* 304.533 */            let noData = dnsClientTestResolveCode({ =>[0m
     [36m| [0m[34m|[0m /* 304.534 */                let _ = client.lookup(api.HostName("poison.test"), options: options)[0m
     [36m| [0m[34m|[0m /* 304.535 */            })[0m
     [36m| [0m[34m|[0m /* 304.536 */            expectEqual("dnsClientTestCodeIs(noData, api.ResolveErrorCode.NoData)", "true", dnsClientTestCodeIs(noData, api.ResolveErrorCode.NoData), true, isDelta: false)[0m
     [36m| [0m[34m|[0m /* 304.537 */            let valid = client.lookup(api.HostName("poison.test"), options: options)[0m
     [36m| [0m[34m|[0m /* 304.538 */            expectEqual("valid.addresses[0].toOctets()", "[192u8, 0u8, 2u8, 33u8]", valid.addresses[0].toOctets(),[192u8, 0u8, 2u8, 33u8], isDelta: false)[0m
     [36m| [0m[34m|[0m /* 304.539 */            expectEqual("serving.get(Duration.second)", "true", serving.get(Duration.second), true, isDelta: false)[0m
     [36m| [0m[34m|[0m /* 304.540 */        } finally {[0m
     [36m| [0m[34m|[0m /* 304.541 */            client.close()[0m
     [36m| [0m[34m|[0m /* 304.542 */            server.close()[0m
     [36m| [0m[34m|[0m /* 304.543 */        }[0m
     [36m| [0m[34m|[0m /* 304.544 */    }[0m
     [36m| [0m[34m|[0m /* 304.545 */    [0m
     [36m| [0m[34m|[0m /* 304.546 */    @Attribute[TestCase_11][0m
     [36m| [0m[34m|[0m /* 304.547 */    func cnameTraversalUsesAnswerOwnersAndRejectsConflictingTargets(): Unit {[0m
     [36m| [0m[34m|[0m /* 304.548 */        let server = UdpSocket.bind(dnsClientTestLoopback(0))[0m
     [36m| [0m[34m|[0m /* 304.549 */        let endpoint = dnsClientTestEndpoint(server)[0m
     [36m| [0m[34m|[0m /* 304.550 */        let serving: Future < Int64 >= spawn { let first = server.receive(512, context: api.OperationContext(deadline: Some(api.Deadline.after(Duration.second))))[0m
     [36m| [0m[34m|[0m /* 304.551 */            let _ = server.sendTo(first.source.getOrThrow(), api.ByteSpan(dnsClientTestCnameAddressResponse(first.payload, "target.test",[192u8, 0u8, 2u8, 61u8])))[0m
     [36m| [0m[34m|[0m /* 304.552 */            let second = server.receive(512, context: api.OperationContext(deadline: Some(api.Deadline.after(Duration.second))))[0m
     [36m| [0m[34m|[0m /* 304.553 */            let _ = server.sendTo(second.source.getOrThrow(), api.ByteSpan(dnsClientTestConflictingCnames(second.payload)))[0m
     [36m| [0m[34m|[0m /* 304.554 */            2[0m
     [36m| [0m[34m|[0m /* 304.555 */        }[0m
     [36m| [0m[34m|[0m /* 304.556 */        let client = DnsClient(config: dnsClientTestConfig(endpoint))[0m
     [36m| [0m[34m|[0m /* 304.557 */        let options = api.ResolveOptions(family: api.ResolveAddressFamily.Ipv4)[0m
     [36m| [0m[34m|[0m /* 304.558 */        try {[0m
     [36m| [0m[34m|[0m /* 304.559 */            let result = client.lookup(api.HostName("alias.test"), options: options)[0m
     [36m| [0m[34m|[0m /* 304.560 */            expectEqual("result.canonicalHost.ascii", "\"target.test\"", result.canonicalHost.ascii, "target.test", isDelta: false)[0m
     [36m| [0m[34m|[0m /* 304.561 */            expectEqual("result.addresses[0].toOctets()", "[192u8, 0u8, 2u8, 61u8]", result.addresses[0].toOctets(),[192u8, 0u8, 2u8, 61u8], isDelta: false)[0m
     [36m| [0m[34m|[0m /* 304.562 */            let conflict = try {[0m
     [36m| [0m[34m|[0m /* 304.563 */                try {[0m
     [36m| [0m[34m|[0m /* 304.564 */                    assertEqual("true", "true", true, true)[0m
     [36m| [0m[34m|[0m /* 304.565 */                    client.lookup(api.HostName("conflict.test"), options: options)[0m
     [36m| [0m[34m|[0m /* 304.566 */                    fail("@AssertThrows: Expected 'api.ResolveException' was not caught.")[0m
     [36m| [0m[34m|[0m /* 304.567 */                } catch(e: api.ResolveException) {[0m
     [36m| [0m[34m|[0m /* 304.568 */                    if(e is AssertException) {[0m
     [36m| [0m[34m|[0m /* 304.569 */                        throw e[0m
     [36m| [0m[34m|[0m /* 304.570 */                    }[0m
     [36m| [0m[34m|[0m /* 304.571 */                    if(e is AssertIntermediateException) {[0m
     [36m| [0m[34m|[0m /* 304.572 */                        throw e[0m
     [36m| [0m[34m|[0m /* 304.573 */                    }[0m
     [36m| [0m[34m|[0m /* 304.574 */                    if(e is UnittestTimeoutException) {[0m
     [36m| [0m[34m|[0m /* 304.575 */                        throw e[0m
     [36m| [0m[34m|[0m /* 304.576 */                    }[0m
     [36m| [0m[34m|[0m /* 304.577 */                    e[0m
     [36m| [0m[34m|[0m /* 304.578 */                }[0m
     [36m| [0m[34m|[0m /* 304.579 */            } catch(e: Exception) {[0m
     [36m| [0m[34m|[0m /* 304.580 */                if(e is AssertException || e is AssertIntermediateException || e is UnittestTimeoutException) {[0m
     [36m| [0m[34m|[0m /* 304.581 */                    throw e[0m
     [36m| [0m[34m|[0m /* 304.582 */                }[0m
     [36m| [0m[34m|[0m /* 304.583 */                assertCaughtUnexpectedE("@AssertThrows(api.ResolveException)", "api.ResolveException", e.toString())[0m
     [36m| [0m[34m|[0m /* 304.584 */            }[0m
     [36m| [0m[34m|[0m /* 304.585 */            [0m
     [36m| [0m[34m|[0m /* 304.586 */            expectEqual("dnsClientTestCodeIs(conflict.resolveCode, api.ResolveErrorCode.SystemFailure)", "true", dnsClientTestCodeIs(conflict.resolveCode, api.ResolveErrorCode.SystemFailure), true, isDelta: false)[0m
     [36m| [0m[34m|[0m /* 304.587 */            match(conflict.remoteEndpoint) {[0m
     [36m| [0m[34m|[0m /* 304.588 */                case Some(api.NetworkEndpoint.Internet(remote)) => expectEqual("remote", "endpoint", remote, endpoint, isDelta: false)[0m
     [36m| [0m[34m|[0m /* 304.589 */                case _ => fail("conflicting CNAME response lost its responding nameserver")[0m
     [36m| [0m[34m|[0m /* 304.590 */            }[0m
     [36m| [0m[34m|[0m /* 304.591 */            expectEqual("serving.get(Duration.second)", "2", serving.get(Duration.second), 2, isDelta: false)[0m
     [36m| [0m[34m|[0m /* 304.592 */        } finally {[0m
     [36m| [0m[34m|[0m /* 304.593 */            client.close()[0m
     [36m| [0m[34m|[0m /* 304.594 */            server.close()[0m
     [36m| [0m[34m|[0m /* 304.595 */        }[0m
     [36m| [0m[34m|[0m /* 304.596 */    }[0m
     [36m| [0m[34m|[0m /* 304.597 */    [0m
     [36m| [0m[34m|[0m /* 304.598 */    @Attribute[TestCase_12][0m
     [36m| [0m[34m|[0m /* 304.599 */    func fullResultCapacityDoesNotQueryAnotherFamily(): Unit {[0m
     [36m| [0m[34m|[0m /* 304.600 */        let server = UdpSocket.bind(dnsClientTestLoopback(0))[0m
     [36m| [0m[34m|[0m /* 304.601 */        let endpoint = dnsClientTestEndpoint(server)[0m
     [36m| [0m[34m|[0m /* 304.602 */        let serving = spawn { let received = server.receive(512, context: api.OperationContext(deadline: Some(api.Deadline.after(Duration.second))))[0m
     [36m| [0m[34m|[0m /* 304.603 */            let _ = server.sendTo(received.source.getOrThrow(), api.ByteSpan(dnsClientTestAResponse(received.payload,[192u8, 0u8, 2u8, 71u8])))[0m
     [36m| [0m[34m|[0m /* 304.604 */        }[0m
     [36m| [0m[34m|[0m /* 304.605 */        let client = DnsClient(config: dnsClientTestConfig(endpoint))[0m
     [36m| [0m[34m|[0m /* 304.606 */        try {[0m
     [36m| [0m[34m|[0m /* 304.607 */            for(_ in 0 .. 2) {[0m
     [36m| [0m[34m|[0m /* 304.608 */                let result = client.lookup(api.HostName("capacity.test"), options: api.ResolveOptions(family: api.ResolveAddressFamily.Any, maxResults: 1))[0m
     [36m| [0m[34m|[0m /* 304.609 */                expectEqual("result.addresses.size", "1", result.addresses.size, 1, isDelta: false)[0m
     [36m| [0m[34m|[0m /* 304.610 */                expectEqual("result.addresses[0].toOctets()", "[192u8, 0u8, 2u8, 71u8]", result.addresses[0].toOctets(),[192u8, 0u8, 2u8, 71u8], isDelta: false)[0m
     [36m| [0m[34m|[0m /* 304.611 */            }[0m
     [36m| [0m[34m|[0m /* 304.612 */            serving.get(Duration.second)[0m
     [36m| [0m[34m|[0m /* 304.613 */            try {[0m
     [36m| [0m[34m|[0m /* 304.614 */                let _ = server.receive(512, context: api.OperationContext(deadline: Some(api.Deadline.after(50 * Duration.millisecond))))[0m
     [36m| [0m[34m|[0m /* 304.615 */                expectEqual("false", "true", false, true, isDelta: false)[0m
     [36m| [0m[34m|[0m /* 304.616 */            } catch(error: api.NetworkException) {[0m
     [36m| [0m[34m|[0m /* 304.617 */                match(error.code) {[0m
     [36m| [0m[34m|[0m /* 304.618 */                    case api.NetworkErrorCode.TimedOut =>()[0m
     [36m| [0m[34m|[0m /* 304.619 */                    case _ => fail("unexpected receive error")[0m
     [36m| [0m[34m|[0m /* 304.620 */                }[0m
     [36m| [0m[34m|[0m /* 304.621 */            }[0m
     [36m| [0m[34m|[0m /* 304.622 */        } finally {[0m
     [36m| [0m[34m|[0m /* 304.623 */            client.close()[0m
     [36m| [0m[34m|[0m /* 304.624 */            server.close()[0m
     [36m| [0m[34m|[0m /* 304.625 */        }[0m
     [36m| [0m[34m|[0m /* 304.626 */    }[0m
     [36m| [0m[34m|[0m /* 304.627 */    [0m
     [36m| [0m[34m|[0m /* 304.628 */    @Attribute[TestCase_13][0m
     [36m| [0m[34m|[0m /* 304.629 */    func rfc2308CacheRetainsNxdomainVersusNodataWithoutNewPackets(): Unit {[0m
     [36m| [0m[34m|[0m /* 304.630 */        let server = UdpSocket.bind(dnsClientTestLoopback(0))[0m
     [36m| [0m[34m|[0m /* 304.631 */        let endpoint = dnsClientTestEndpoint(server)[0m
     [36m| [0m[34m|[0m /* 304.632 */        let serving: Future < Int64 >= spawn { var served: Int64 = 0[0m
     [36m| [0m[34m|[0m /* 304.633 */            while(served < 3) {[0m
     [36m| [0m[34m|[0m /* 304.634 */                let received = server.receive(512, context: api.OperationContext(deadline: Some(api.Deadline.after(Duration.second))))[0m
     [36m| [0m[34m|[0m /* 304.635 */                let question = DnsMessageParser().parse(received.payload).questions[0][0m
     [36m| [0m[34m|[0m /* 304.636 */                var response = dnsClientTestNegative(received.payload, question.name != "empty.test")[0m
     [36m| [0m[34m|[0m /* 304.637 */                if(question.name == "alias.test") {[0m
     [36m| [0m[34m|[0m /* 304.638 */                    let output = dnsClientTestHeader(received.payload, 0x8183u16, answers: 1, authority: 1)[0m
     [36m| [0m[34m|[0m /* 304.639 */                    dnsClientTestAppendCname(output, "missing.test", 20u32)[0m
     [36m| [0m[34m|[0m /* 304.640 */                    output.add(0u8)[0m
     [36m| [0m[34m|[0m /* 304.641 */                    for(index in(received.payload.size + 2) .. response.size) {[0m
     [36m| [0m[34m|[0m /* 304.642 */                        output.add(response[index])[0m
     [36m| [0m[34m|[0m /* 304.643 */                    }[0m
     [36m| [0m[34m|[0m /* 304.644 */                    response = output.toArray()[0m
     [36m| [0m[34m|[0m /* 304.645 */                }[0m
     [36m| [0m[34m|[0m /* 304.646 */                let _ = server.sendTo(received.source.getOrThrow(), api.ByteSpan(response))[0m
     [36m| [0m[34m|[0m /* 304.647 */                served ++[0m
     [36m| [0m[34m|[0m /* 304.648 */            }[0m
     [36m| [0m[34m|[0m /* 304.649 */            served[0m
     [36m| [0m[34m|[0m /* 304.650 */        }[0m
     [36m| [0m[34m|[0m /* 304.651 */        let client = DnsClient(config: dnsClientTestConfig(endpoint))[0m
     [36m| [0m[34m|[0m /* 304.652 */        let options = api.ResolveOptions(family: api.ResolveAddressFamily.Ipv4)[0m
     [36m| [0m[34m|[0m /* 304.653 */        try {[0m
     [36m| [0m[34m|[0m /* 304.654 */            for(pass in 0 .. 2) {[0m
     [36m| [0m[34m|[0m /* 304.655 */                for(name in["missing.test", "empty.test", "alias.test"]) {[0m
     [36m| [0m[34m|[0m /* 304.656 */                    try {[0m
     [36m| [0m[34m|[0m /* 304.657 */                        let _ = client.lookup(api.HostName(name), options: options)[0m
     [36m| [0m[34m|[0m /* 304.658 */                        expectEqual("false", "true", false, true, isDelta: false)[0m
     [36m| [0m[34m|[0m /* 304.659 */                    } catch(error: api.ResolveException) {[0m
     [36m| [0m[34m|[0m /* 304.660 */                        let expected = if(name == "empty.test") {[0m
     [36m| [0m[34m|[0m /* 304.661 */                            api.ResolveErrorCode.NoData[0m
     [36m| [0m[34m|[0m /* 304.662 */                        }[0m
     [36m| [0m[34m|[0m /* 304.663 */                        else {[0m
     [36m| [0m[34m|[0m /* 304.664 */                            api.ResolveErrorCode.NameNotFound[0m
     [36m| [0m[34m|[0m /* 304.665 */                        }[0m
     [36m| [0m[34m|[0m /* 304.666 */                        [0m
     [36m| [0m[34m|[0m /* 304.667 */                        expectEqual("dnsClientTestCodeIs(error.resolveCode, expected)", "true", dnsClientTestCodeIs(error.resolveCode, expected), true, isDelta: false)[0m
     [36m| [0m[34m|[0m /* 304.668 */                        if(pass == 0) {[0m
     [36m| [0m[34m|[0m /* 304.669 */                            match(error.remoteEndpoint) {[0m
     [36m| [0m[34m|[0m /* 304.670 */                                case Some(api.NetworkEndpoint.Internet(remote)) => expectEqual("remote", "endpoint", remote, endpoint, isDelta: false)[0m
     [36m| [0m[34m|[0m /* 304.671 */                                case _ => fail("live negative answer lost its responding nameserver")[0m
     [36m| [0m[34m|[0m /* 304.672 */                            }[0m
     [36m| [0m[34m|[0m /* 304.673 */                        }[0m
     [36m| [0m[34m|[0m /* 304.674 */                        else {[0m
     [36m| [0m[34m|[0m /* 304.675 */                            expectEqual("error.remoteEndpoint.isNone()", "true", error.remoteEndpoint.isNone(), true, isDelta: false)[0m
     [36m| [0m[34m|[0m /* 304.676 */                        }[0m
     [36m| [0m[34m|[0m /* 304.677 */                    }[0m
     [36m| [0m[34m|[0m /* 304.678 */                }[0m
     [36m| [0m[34m|[0m /* 304.679 */            }[0m
     [36m| [0m[34m|[0m /* 304.680 */            expectEqual("serving.get(Duration.second)", "3", serving.get(Duration.second), 3, isDelta: false)[0m
     [36m| [0m[34m|[0m /* 304.681 */        } finally {[0m
     [36m| [0m[34m|[0m /* 304.682 */            client.close()[0m
     [36m| [0m[34m|[0m /* 304.683 */            server.close()[0m
     [36m| [0m[34m|[0m /* 304.684 */        }[0m
     [36m| [0m[34m|[0m /* 304.685 */    }[0m
     [36m| [0m[34m|[0m /* 304.686 */    [0m
     [36m| [0m[34m|[0m /* 304.687 */    @Attribute[TestCase_14][0m
     [36m| [0m[34m|[0m /* 304.688 */    func zeroTtlNeverCreatesAPositiveCacheEntry(): Unit {[0m
     [36m| [0m[34m|[0m /* 304.689 */        let server = UdpSocket.bind(dnsClientTestLoopback(0))[0m
     [36m| [0m[34m|[0m /* 304.690 */        let endpoint = dnsClientTestEndpoint(server)[0m
     [36m| [0m[34m|[0m /* 304.691 */        let serving: Future < Int64 >= spawn { var served: Int64 = 0[0m
     [36m| [0m[34m|[0m /* 304.692 */            while(served < 2) {[0m
     [36m| [0m[34m|[0m /* 304.693 */                let received = server.receive(512, context: api.OperationContext(deadline: Some(api.Deadline.after(Duration.second))))[0m
     [36m| [0m[34m|[0m /* 304.694 */                let response = dnsClientTestAResponse(received.payload,[192u8, 0u8, 2u8, UInt8(UInt64(served + 1))], ttl: 0u32)[0m
     [36m| [0m[34m|[0m /* 304.695 */                let _ = server.sendTo(received.source.getOrThrow(), api.ByteSpan(response))[0m
     [36m| [0m[34m|[0m /* 304.696 */                served ++[0m
     [36m| [0m[34m|[0m /* 304.697 */            }[0m
     [36m| [0m[34m|[0m /* 304.698 */            served[0m
     [36m| [0m[34m|[0m /* 304.699 */        }[0m
     [36m| [0m[34m|[0m /* 304.700 */        let client = DnsClient(config: dnsClientTestConfig(endpoint))[0m
     [36m| [0m[34m|[0m /* 304.701 */        let options = api.ResolveOptions(family: api.ResolveAddressFamily.Ipv4)[0m
     [36m| [0m[34m|[0m /* 304.702 */        try {[0m
     [36m| [0m[34m|[0m /* 304.703 */            let first = client.lookup(api.HostName("zero.test"), options: options)[0m
     [36m| [0m[34m|[0m /* 304.704 */            let second = client.lookup(api.HostName("zero.test"), options: options)[0m
     [36m| [0m[34m|[0m /* 304.705 */            expectEqual("first.addresses[0].toOctets()", "[192u8, 0u8, 2u8, 1u8]", first.addresses[0].toOctets(),[192u8, 0u8, 2u8, 1u8], isDelta: false)[0m
     [36m| [0m[34m|[0m /* 304.706 */            expectEqual("second.addresses[0].toOctets()", "[192u8, 0u8, 2u8, 2u8]", second.addresses[0].toOctets(),[192u8, 0u8, 2u8, 2u8], isDelta: false)[0m
     [36m| [0m[34m|[0m /* 304.707 */            expectEqual("serving.get(Duration.second)", "2", serving.get(Duration.second), 2, isDelta: false)[0m
     [36m| [0m[34m|[0m /* 304.708 */        } finally {[0m
     [36m| [0m[34m|[0m /* 304.709 */            client.close()[0m
     [36m| [0m[34m|[0m /* 304.710 */            server.close()[0m
     [36m| [0m[34m|[0m /* 304.711 */        }[0m
     [36m| [0m[34m|[0m /* 304.712 */    }[0m
     [36m| [0m[34m|[0m /* 304.713 */    [0m
     [36m| [0m[34m|[0m /* 304.714 */    @Attribute[TestCase_15][0m
     [36m| [0m[34m|[0m /* 304.715 */    func callerCancellationAndClientCloseWakeActiveNativeReceive(): Unit {[0m
     [36m| [0m[34m|[0m /* 304.716 */        let server = UdpSocket.bind(dnsClientTestLoopback(0))[0m
     [36m| [0m[34m|[0m /* 304.717 */        let endpoint = dnsClientTestEndpoint(server)[0m
     [36m| [0m[34m|[0m /* 304.718 */        let firstGate = DnsClientTestGate()[0m
     [36m| [0m[34m|[0m /* 304.719 */        let firstServer = spawn { let _ = server.receive(512, context: api.OperationContext(deadline: Some(api.Deadline.after(Duration.second))))[0m
     [36m| [0m[34m|[0m /* 304.720 */            firstGate.arriveAndWait()[0m
     [36m| [0m[34m|[0m /* 304.721 */        }[0m
     [36m| [0m[34m|[0m /* 304.722 */        let cancellation = api.CancellationSource()[0m
     [36m| [0m[34m|[0m /* 304.723 */        let firstClient = DnsClient(config: dnsClientTestConfig(endpoint))[0m
     [36m| [0m[34m|[0m /* 304.724 */        let cancelled = spawn { dnsClientTestResolveCode({ =>[0m
     [36m| [0m[34m|[0m /* 304.725 */            let _ = firstClient.query("cancel.test", DnsRecordType.A, context: api.OperationContext(cancellation: cancellation.token))[0m
     [36m| [0m[34m|[0m /* 304.726 */        })[0m
     [36m| [0m[34m|[0m /* 304.727 */    }[0m
     [36m| [0m[34m|[0m /* 304.728 */    firstGate.waitForArrival()[0m
     [36m| [0m[34m|[0m /* 304.729 */    cancellation.cancel()[0m
     [36m| [0m[34m|[0m /* 304.730 */    expectEqual("dnsClientTestCodeIs(cancelled.get(Duration.second), api.ResolveErrorCode.Cancelled)", "true", dnsClientTestCodeIs(cancelled.get(Duration.second), api.ResolveErrorCode.Cancelled), true, isDelta: false)[0m
     [36m| [0m[34m|[0m /* 304.731 */    firstGate.release()[0m
     [36m| [0m[34m|[0m /* 304.732 */    firstServer.get(Duration.second)[0m
     [36m| [0m[34m|[0m /* 304.733 */    firstClient.close()[0m
     [36m| [0m[34m|[0m /* 304.734 */    let secondGate = DnsClientTestGate()[0m
     [36m| [0m[34m|[0m /* 304.735 */    let secondServer = spawn { let _ = server.receive(512, context: api.OperationContext(deadline: Some(api.Deadline.after(Duration.second))))[0m
     [36m| [0m[34m|[0m /* 304.736 */        secondGate.arriveAndWait()[0m
     [36m| [0m[34m|[0m /* 304.737 */    }[0m
     [36m| [0m[34m|[0m /* 304.738 */    let secondClient = DnsClient(config: dnsClientTestConfig(endpoint))[0m
     [36m| [0m[34m|[0m /* 304.739 */    let closed = spawn { dnsClientTestResolveCode({ =>[0m
     [36m| [0m[34m|[0m /* 304.740 */        let _ = secondClient.query("close.test", DnsRecordType.A)[0m
     [36m| [0m[34m|[0m /* 304.741 */    })[0m
     [36m| [0m[34m|[0m /* 304.742 */}[0m
     [36m| [0m[34m|[0m /* 304.743 */secondGate.waitForArrival()[0m
     [36m| [0m[34m|[0m /* 304.744 */secondClient.close()[0m
     [36m| [0m[34m|[0m /* 304.745 */expectEqual("dnsClientTestCodeIs(closed.get(Duration.second), api.ResolveErrorCode.Cancelled)", "true", dnsClientTestCodeIs(closed.get(Duration.second), api.ResolveErrorCode.Cancelled), true, isDelta: false)[0m
     [36m| [0m[34m|[0m /* 304.746 */expectEqual("secondClient.isClosed()", "true", secondClient.isClosed(), true, isDelta: false)[0m
     [36m| [0m[34m|[0m /* 304.747 */let afterClose = dnsClientTestResolveCode({ =>[0m
     [36m| [0m[34m|[0m /* 304.748 */    let _ = secondClient.query("after-close.test", DnsRecordType.A)[0m
     [36m| [0m[34m|[0m /* 304.749 */})[0m
     [36m| [0m[34m|[0m /* 304.750 */expectEqual("dnsClientTestCodeIs(afterClose, api.ResolveErrorCode.SystemFailure)", "true", dnsClientTestCodeIs(afterClose, api.ResolveErrorCode.SystemFailure), true, isDelta: false)[0m
     [36m| [0m[34m|[0m /* 304.751 */secondGate.release()[0m
     [36m| [0m[34m|[0m /* 304.752 */secondServer.get(Duration.second)[0m
     [36m| [0m[34m|[0m /* 304.753 */server.close()[0m
     [36m| [0m[34m|[0m /* 304.754 */}[0m
     [36m| [0m[34m|[0m /* 304.755 */[0m
     [36m| [0m[34m|[0m /* 304.756 */@Attribute[TestCase_16][0m
     [36m| [0m[34m|[0m /* 304.757 */func anyFamilyRetainsAddressesWhenTheOtherFamilyFails(): Unit {[0m
     [36m| [0m[34m|[0m /* 304.758 */for((failingType, flags) in[(1, 0x8182u16),(28, 0x8181u16)]) {[0m
     [36m| [0m[34m|[0m /* 304.759 */    let server = UdpSocket.bind(dnsClientTestLoopback(0))[0m
     [36m| [0m[34m|[0m /* 304.760 */    let endpoint = dnsClientTestEndpoint(server)[0m
     [36m| [0m[34m|[0m /* 304.761 */    let serving = spawn { for(_ in 0 .. 2) {[0m
     [36m| [0m[34m|[0m /* 304.762 */        let received = server.receive(512, context: api.OperationContext(deadline: Some(api.Deadline.after(Duration.second))))[0m
     [36m| [0m[34m|[0m /* 304.763 */        let query = received.payload[0m
     [36m| [0m[34m|[0m /* 304.764 */        let kind = Int64(query[query.size - 3])[0m
     [36m| [0m[34m|[0m /* 304.765 */        let response = if(kind == failingType) {[0m
     [36m| [0m[34m|[0m /* 304.766 */            dnsClientTestHeader(query, flags).toArray()[0m
     [36m| [0m[34m|[0m /* 304.767 */        }[0m
     [36m| [0m[34m|[0m /* 304.768 */        else {[0m
     [36m| [0m[34m|[0m /* 304.769 */            let output = dnsClientTestHeader(query, 0x8180u16, answers: 1)[0m
     [36m| [0m[34m|[0m /* 304.770 */            dnsClientTestAppendU16(output, 0xC00C)[0m
     [36m| [0m[34m|[0m /* 304.771 */            dnsClientTestAppendU16(output, kind)[0m
     [36m| [0m[34m|[0m /* 304.772 */            dnsClientTestAppendU16(output, 1)[0m
     [36m| [0m[34m|[0m /* 304.773 */            dnsClientTestAppendU32(output, 30u32)[0m
     [36m| [0m[34m|[0m /* 304.774 */            let bytes = if(kind == 1) {[0m
     [36m| [0m[34m|[0m /* 304.775 */                [192u8, 0u8, 2u8, 44u8][0m
     [36m| [0m[34m|[0m /* 304.776 */            }[0m
     [36m| [0m[34m|[0m /* 304.777 */            else {[0m
     [36m| [0m[34m|[0m /* 304.778 */                Array < Byte >(16, repeat: 1u8)[0m
     [36m| [0m[34m|[0m /* 304.779 */            }[0m
     [36m| [0m[34m|[0m /* 304.780 */            [0m
     [36m| [0m[34m|[0m /* 304.781 */            dnsClientTestAppendU16(output, bytes.size)[0m
     [36m| [0m[34m|[0m /* 304.782 */            for(value in bytes) {[0m
     [36m| [0m[34m|[0m /* 304.783 */                output.add(value)[0m
     [36m| [0m[34m|[0m /* 304.784 */            }[0m
     [36m| [0m[34m|[0m /* 304.785 */            output.toArray()[0m
     [36m| [0m[34m|[0m /* 304.786 */        }[0m
     [36m| [0m[34m|[0m /* 304.787 */        [0m
     [36m| [0m[34m|[0m /* 304.788 */        let _ = server.sendTo(received.source.getOrThrow(), api.ByteSpan(response))[0m
     [36m| [0m[34m|[0m /* 304.789 */    }[0m
     [36m| [0m[34m|[0m /* 304.790 */    true[0m
     [36m| [0m[34m|[0m /* 304.791 */}[0m
     [36m| [0m[34m|[0m /* 304.792 */let client = DnsClient(config: dnsClientTestConfig(endpoint))[0m
     [36m| [0m[34m|[0m /* 304.793 */try {[0m
     [36m| [0m[34m|[0m /* 304.794 */    let result = client.lookup(api.HostName("family.test"))[0m
     [36m| [0m[34m|[0m /* 304.795 */    assertEqual("result.addresses.size", "1", result.addresses.size, 1, isDelta: false)[0m
     [36m| [0m[34m|[0m /* 304.796 */    expectEqual("result.addresses[0].toOctets()", "if(failingType == 1) {\n    Array < Byte >(16, repeat: 1u8)\n}\nelse {\n    [192u8, 0u8, 2u8, 44u8]\n}\n", result.addresses[0].toOctets(), if(failingType == 1) {[0m
     [36m| [0m[34m|[0m /* 304.797 */        Array < Byte >(16, repeat: 1u8)[0m
     [36m| [0m[34m|[0m /* 304.798 */    }[0m
     [36m| [0m[34m|[0m /* 304.799 */    else {[0m
     [36m| [0m[34m|[0m /* 304.800 */        [192u8, 0u8, 2u8, 44u8][0m
     [36m| [0m[34m|[0m /* 304.801 */    }[0m
     [36m| [0m[34m|[0m /* 304.802 */    , isDelta: false)[0m
     [36m| [0m[34m|[0m /* 304.803 */    expectEqual("serving.get(Duration.second)", "true", serving.get(Duration.second), true, isDelta: false)[0m
     [36m| [0m[34m|[0m /* 304.804 */} finally {[0m
     [36m| [0m[34m|[0m /* 304.805 */    client.close()[0m
     [36m| [0m[34m|[0m /* 304.806 */    server.close()[0m
     [36m| [0m[34m|[0m /* 304.807 */}[0m
     [36m| [0m[34m|[0m /* 304.808 */}[0m
     [36m| [0m[34m|[0m /* 304.809 */}[0m
     [36m| [0m[34m|[0m /* 304.810 */[0m
     [36m| [0m[34m|[0m /* 304.811 */@Attribute[TestCase_17][0m
     [36m| [0m[34m|[0m /* 304.812 */func crossFamilyConflictsRetainTheLivePeerAlongsideCachedResults(): Unit {[0m
     [36m| [0m[34m|[0m /* 304.813 */for(cachedFamily in[api.ResolveAddressFamily.Ipv4, api.ResolveAddressFamily.Ipv6]) {[0m
     [36m| [0m[34m|[0m /* 304.814 */let server = UdpSocket.bind(dnsClientTestLoopback(0))[0m
     [36m| [0m[34m|[0m /* 304.815 */let endpoint = dnsClientTestEndpoint(server)[0m
     [36m| [0m[34m|[0m /* 304.816 */let serving = spawn { for(_ in 0 .. 2) {[0m
     [36m| [0m[34m|[0m /* 304.817 */    let received = server.receive(512, context: api.OperationContext(deadline: Some(api.Deadline.after(Duration.second))))[0m
     [36m| [0m[34m|[0m /* 304.818 */    let query = received.payload[0m
     [36m| [0m[34m|[0m /* 304.819 */    let kind = Int64(query[query.size - 3])[0m
     [36m| [0m[34m|[0m /* 304.820 */    let target = if(kind == 1) {[0m
     [36m| [0m[34m|[0m /* 304.821 */        "v4.test"[0m
     [36m| [0m[34m|[0m /* 304.822 */    }[0m
     [36m| [0m[34m|[0m /* 304.823 */    else {[0m
     [36m| [0m[34m|[0m /* 304.824 */        "v6.test"[0m
     [36m| [0m[34m|[0m /* 304.825 */    }[0m
     [36m| [0m[34m|[0m /* 304.826 */    [0m
     [36m| [0m[34m|[0m /* 304.827 */    let output = dnsClientTestHeader(query, 0x8180u16, answers: 2)[0m
     [36m| [0m[34m|[0m /* 304.828 */    dnsClientTestAppendCname(output, target, 30u32)[0m
     [36m| [0m[34m|[0m /* 304.829 */    for(value in dnsClientTestName(target)) {[0m
     [36m| [0m[34m|[0m /* 304.830 */        output.add(value)[0m
     [36m| [0m[34m|[0m /* 304.831 */    }[0m
     [36m| [0m[34m|[0m /* 304.832 */    dnsClientTestAppendU16(output, kind)[0m
     [36m| [0m[34m|[0m /* 304.833 */    dnsClientTestAppendU16(output, 1)[0m
     [36m| [0m[34m|[0m /* 304.834 */    dnsClientTestAppendU32(output, 30u32)[0m
     [36m| [0m[34m|[0m /* 304.835 */    let bytes = if(kind == 1) {[0m
     [36m| [0m[34m|[0m /* 304.836 */        [192u8, 0u8, 2u8, 81u8][0m
     [36m| [0m[34m|[0m /* 304.837 */    }[0m
     [36m| [0m[34m|[0m /* 304.838 */    else {[0m
     [36m| [0m[34m|[0m /* 304.839 */        Array < Byte >(16, repeat: 1u8)[0m
     [36m| [0m[34m|[0m /* 304.840 */    }[0m
     [36m| [0m[34m|[0m /* 304.841 */    [0m
     [36m| [0m[34m|[0m /* 304.842 */    dnsClientTestAppendU16(output, bytes.size)[0m
     [36m| [0m[34m|[0m /* 304.843 */    for(value in bytes) {[0m
     [36m| [0m[34m|[0m /* 304.844 */        output.add(value)[0m
     [36m| [0m[34m|[0m /* 304.845 */    }[0m
     [36m| [0m[34m|[0m /* 304.846 */    let _ = server.sendTo(received.source.getOrThrow(), api.ByteSpan(output.toArray()))[0m
     [36m| [0m[34m|[0m /* 304.847 */}[0m
     [36m| [0m[34m|[0m /* 304.848 */}[0m
     [36m| [0m[34m|[0m /* 304.849 */let client = DnsClient(config: dnsClientTestConfig(endpoint))[0m
     [36m| [0m[34m|[0m /* 304.850 */try {[0m
     [36m| [0m[34m|[0m /* 304.851 */let _ = client.lookup(api.HostName("split.test"), options: api.ResolveOptions(family: cachedFamily))[0m
     [36m| [0m[34m|[0m /* 304.852 */for(pass in 0 .. 2) {[0m
     [36m| [0m[34m|[0m /* 304.853 */    let error = try {[0m
     [36m| [0m[34m|[0m /* 304.854 */        try {[0m
     [36m| [0m[34m|[0m /* 304.855 */            assertEqual("true", "true", true, true)[0m
     [36m| [0m[34m|[0m /* 304.856 */            client.lookup(api.HostName("split.test"))[0m
     [36m| [0m[34m|[0m /* 304.857 */            fail("@AssertThrows: Expected 'api.ResolveException' was not caught.")[0m
     [36m| [0m[34m|[0m /* 304.858 */        } catch(e: api.ResolveException) {[0m
     [36m| [0m[34m|[0m /* 304.859 */            if(e is AssertException) {[0m
     [36m| [0m[34m|[0m /* 304.860 */                throw e[0m
     [36m| [0m[34m|[0m /* 304.861 */            }[0m
     [36m| [0m[34m|[0m /* 304.862 */            if(e is AssertIntermediateException) {[0m
     [36m| [0m[34m|[0m /* 304.863 */                throw e[0m
     [36m| [0m[34m|[0m /* 304.864 */            }[0m
     [36m| [0m[34m|[0m /* 304.865 */            if(e is UnittestTimeoutException) {[0m
     [36m| [0m[34m|[0m /* 304.866 */                throw e[0m
     [36m| [0m[34m|[0m /* 304.867 */            }[0m
     [36m| [0m[34m|[0m /* 304.868 */            e[0m
     [36m| [0m[34m|[0m /* 304.869 */        }[0m
     [36m| [0m[34m|[0m /* 304.870 */    } catch(e: Exception) {[0m
     [36m| [0m[34m|[0m /* 304.871 */        if(e is AssertException || e is AssertIntermediateException || e is UnittestTimeoutException) {[0m
     [36m| [0m[34m|[0m /* 304.872 */            throw e[0m
     [36m| [0m[34m|[0m /* 304.873 */        }[0m
     [36m| [0m[34m|[0m /* 304.874 */        assertCaughtUnexpectedE("@AssertThrows(api.ResolveException)", "api.ResolveException", e.toString())[0m
     [36m| [0m[34m|[0m /* 304.875 */    }[0m
     [36m| [0m[34m|[0m /* 304.876 */    [0m
     [36m| [0m[34m|[0m /* 304.877 */    expectEqual("dnsClientTestCodeIs(error.resolveCode, api.ResolveErrorCode.SystemFailure)", "true", dnsClientTestCodeIs(error.resolveCode, api.ResolveErrorCode.SystemFailure), true, isDelta: false)[0m
     [36m| [0m[34m|[0m /* 304.878 */    if(pass == 0) {[0m
     [36m| [0m[34m|[0m /* 304.879 */        match(error.remoteEndpoint) {[0m
     [36m| [0m[34m|[0m /* 304.880 */            case Some(api.NetworkEndpoint.Internet(remote)) => expectEqual("remote", "endpoint", remote, endpoint, isDelta: false)[0m
     [36m| [0m[34m|[0m /* 304.881 */            case _ => fail("cross-family conflict lost its live responding nameserver")[0m
     [36m| [0m[34m|[0m /* 304.882 */        }[0m
     [36m| [0m[34m|[0m /* 304.883 */    }[0m
     [36m| [0m[34m|[0m /* 304.884 */    else {[0m
     [36m| [0m[34m|[0m /* 304.885 */        expectEqual("error.remoteEndpoint.isNone()", "true", error.remoteEndpoint.isNone(), true, isDelta: false)[0m
     [36m| [0m[34m|[0m /* 304.886 */    }[0m
     [36m| [0m[34m|[0m /* 304.887 */}[0m
     [36m| [0m[34m|[0m /* 304.888 */serving.get(Duration.second)[0m
     [36m| [0m[34m|[0m /* 304.889 */} finally {[0m
     [36m| [0m[34m|[0m /* 304.890 */client.close()[0m
     [36m| [0m[34m|[0m /* 304.891 */server.close()[0m
     [36m| [0m[34m|[0m /* 304.892 */}[0m
     [36m| [0m[34m|[0m /* 304.893 */}[0m
     [36m| [0m[34m|[0m /* 304.894 */}[0m
     [36m| [0m[34m|[0m /* 304.895 */[0m
     [36m| [0m[34m|[0m /* 304.896 */@Attribute[TestCase_18][0m
     [36m| [0m[34m|[0m /* 304.897 */func nxdomainInvalidatesVisitedTargetsAndOtherCachedAliases(): Unit {[0m
     [36m| [0m[34m|[0m /* 304.898 */for(inlineNegative in[true, false]) {[0m
     [36m| [0m[34m|[0m /* 304.899 */let server = UdpSocket.bind(dnsClientTestLoopback(0))[0m
     [36m| [0m[34m|[0m /* 304.900 */let endpoint = dnsClientTestEndpoint(server)[0m
     [36m| [0m[34m|[0m /* 304.901 */let serving = spawn { let count = if(inlineNegative) {[0m
     [36m| [0m[34m|[0m /* 304.902 */8[0m
     [36m| [0m[34m|[0m /* 304.903 */}[0m
     [36m| [0m[34m|[0m /* 304.904 */else {[0m
     [36m| [0m[34m|[0m /* 304.905 */9[0m
     [36m| [0m[34m|[0m /* 304.906 */}[0m
     [36m| [0m[34m|[0m /* 304.907 */[0m
     [36m| [0m[34m|[0m /* 304.908 */for(index in 0 .. count) {[0m
     [36m| [0m[34m|[0m /* 304.909 */let received = server.receive(512, context: api.OperationContext(deadline: Some(api.Deadline.after(Duration.second))))[0m
     [36m| [0m[34m|[0m /* 304.910 */let response = if(index == 2) {[0m
     [36m| [0m[34m|[0m /* 304.911 */    dnsClientTestCnameAddressResponse(received.payload, "target.test",[192u8, 0u8, 2u8, 3u8])[0m
     [36m| [0m[34m|[0m /* 304.912 */}[0m
     [36m| [0m[34m|[0m /* 304.913 */else if(index == 3 || index == 4) {[0m
     [36m| [0m[34m|[0m /* 304.914 */    let flags = if(inlineNegative && index == 4) {[0m
     [36m| [0m[34m|[0m /* 304.915 */        0x8183u16[0m
     [36m| [0m[34m|[0m /* 304.916 */    }[0m
     [36m| [0m[34m|[0m /* 304.917 */    else {[0m
     [36m| [0m[34m|[0m /* 304.918 */        0x8180u16[0m
     [36m| [0m[34m|[0m /* 304.919 */    }[0m
     [36m| [0m[34m|[0m /* 304.920 */    [0m
     [36m| [0m[34m|[0m /* 304.921 */    let output = dnsClientTestHeader(received.payload, flags, answers: 1)[0m
     [36m| [0m[34m|[0m /* 304.922 */    dnsClientTestAppendCname(output, if(index == 3) {[0m
     [36m| [0m[34m|[0m /* 304.923 */        "middle.test"[0m
     [36m| [0m[34m|[0m /* 304.924 */    }[0m
     [36m| [0m[34m|[0m /* 304.925 */    else {[0m
     [36m| [0m[34m|[0m /* 304.926 */        "target.test"[0m
     [36m| [0m[34m|[0m /* 304.927 */    }[0m
     [36m| [0m[34m|[0m /* 304.928 */    , 20u32)[0m
     [36m| [0m[34m|[0m /* 304.929 */    output.toArray()[0m
     [36m| [0m[34m|[0m /* 304.930 */}[0m
     [36m| [0m[34m|[0m /* 304.931 */else if(! inlineNegative && index == 5) {[0m
     [36m| [0m[34m|[0m /* 304.932 */    dnsClientTestHeader(received.payload, 0x8183u16).toArray()[0m
     [36m| [0m[34m|[0m /* 304.933 */}[0m
     [36m| [0m[34m|[0m /* 304.934 */else {[0m
     [36m| [0m[34m|[0m /* 304.935 */    let address = if(index < 2) {[0m
     [36m| [0m[34m|[0m /* 304.936 */        UInt8(UInt64(index + 1))[0m
     [36m| [0m[34m|[0m /* 304.937 */    }[0m
     [36m| [0m[34m|[0m /* 304.938 */    else {[0m
     [36m| [0m[34m|[0m /* 304.939 */        99u8[0m
     [36m| [0m[34m|[0m /* 304.940 */    }[0m
     [36m| [0m[34m|[0m /* 304.941 */    [0m
     [36m| [0m[34m|[0m /* 304.942 */    dnsClientTestAResponse(received.payload,[192u8, 0u8, 2u8, address])[0m
     [36m| [0m[34m|[0m /* 304.943 */}[0m
     [36m| [0m[34m|[0m /* 304.944 */[0m
     [36m| [0m[34m|[0m /* 304.945 */let _ = server.sendTo(received.source.getOrThrow(), api.ByteSpan(response))[0m
     [36m| [0m[34m|[0m /* 304.946 */}[0m
     [36m| [0m[34m|[0m /* 304.947 */}[0m
     [36m| [0m[34m|[0m /* 304.948 */let client = DnsClient(config: dnsClientTestConfig(endpoint))[0m
     [36m| [0m[34m|[0m /* 304.949 */let names =["target.test", "middle.test", "other.test"][0m
     [36m| [0m[34m|[0m /* 304.950 */try {[0m
     [36m| [0m[34m|[0m /* 304.951 */for(index in 0 .. names.size) {[0m
     [36m| [0m[34m|[0m /* 304.952 */let cached = client.lookup(api.HostName(names[index]), options: api.ResolveOptions(family: api.ResolveAddressFamily.Ipv4))[0m
     [36m| [0m[34m|[0m /* 304.953 */assertEqual("cached.addresses[0].toOctets()[3]", "UInt8(UInt64(index + 1))", cached.addresses[0].toOctets()[3], UInt8(UInt64(index + 1)), isDelta: false)[0m
     [36m| [0m[34m|[0m /* 304.954 */}[0m
     [36m| [0m[34m|[0m /* 304.955 */let denied = try {[0m
     [36m| [0m[34m|[0m /* 304.956 */try {[0m
     [36m| [0m[34m|[0m /* 304.957 */    assertEqual("true", "true", true, true)[0m
     [36m| [0m[34m|[0m /* 304.958 */    client.lookup(api.HostName("alias.test"), options: api.ResolveOptions(family: api.ResolveAddressFamily.Ipv6))[0m
     [36m| [0m[34m|[0m /* 304.959 */    fail("@AssertThrows: Expected 'api.ResolveException' was not caught.")[0m
     [36m| [0m[34m|[0m /* 304.960 */} catch(e: api.ResolveException) {[0m
     [36m| [0m[34m|[0m /* 304.961 */    if(e is AssertException) {[0m
     [36m| [0m[34m|[0m /* 304.962 */        throw e[0m
     [36m| [0m[34m|[0m /* 304.963 */    }[0m
     [36m| [0m[34m|[0m /* 304.964 */    if(e is AssertIntermediateException) {[0m
     [36m| [0m[34m|[0m /* 304.965 */        throw e[0m
     [36m| [0m[34m|[0m /* 304.966 */    }[0m
     [36m| [0m[34m|[0m /* 304.967 */    if(e is UnittestTimeoutException) {[0m
     [36m| [0m[34m|[0m /* 304.968 */        throw e[0m
     [36m| [0m[34m|[0m /* 304.969 */    }[0m
     [36m| [0m[34m|[0m /* 304.970 */    e[0m
     [36m| [0m[34m|[0m /* 304.971 */}[0m
     [36m| [0m[34m|[0m /* 304.972 */} catch(e: Exception) {[0m
     [36m| [0m[34m|[0m /* 304.973 */if(e is AssertException || e is AssertIntermediateException || e is UnittestTimeoutException) {[0m
     [36m| [0m[34m|[0m /* 304.974 */    throw e[0m
     [36m| [0m[34m|[0m /* 304.975 */}[0m
     [36m| [0m[34m|[0m /* 304.976 */assertCaughtUnexpectedE("@AssertThrows(api.ResolveException)", "api.ResolveException", e.toString())[0m
     [36m| [0m[34m|[0m /* 304.977 */}[0m
     [36m| [0m[34m|[0m /* 304.978 */[0m
     [36m| [0m[34m|[0m /* 304.979 */expectEqual("dnsClientTestCodeIs(denied.resolveCode, api.ResolveErrorCode.NameNotFound)", "true", dnsClientTestCodeIs(denied.resolveCode, api.ResolveErrorCode.NameNotFound), true, isDelta: false)[0m
     [36m| [0m[34m|[0m /* 304.980 */for(name in names) {[0m
     [36m| [0m[34m|[0m /* 304.981 */let refreshed = client.lookup(api.HostName(name), options: api.ResolveOptions(maxResults: 1))[0m
     [36m| [0m[34m|[0m /* 304.982 */assertEqual("refreshed.addresses[0].toOctets()", "[192u8, 0u8, 2u8, 99u8]", refreshed.addresses[0].toOctets(),[192u8, 0u8, 2u8, 99u8], isDelta: false)[0m
     [36m| [0m[34m|[0m /* 304.983 */}[0m
     [36m| [0m[34m|[0m /* 304.984 */serving.get(Duration.second)[0m
     [36m| [0m[34m|[0m /* 304.985 */} finally {[0m
     [36m| [0m[34m|[0m /* 304.986 */client.close()[0m
     [36m| [0m[34m|[0m /* 304.987 */server.close()[0m
     [36m| [0m[34m|[0m /* 304.988 */}[0m
     [36m| [0m[34m|[0m /* 304.989 */}[0m
     [36m| [0m[34m|[0m /* 304.990 */}[0m
     [36m| [0m[34m|[0m /* 304.991 */[0m
     [36m| [0m[34m|[0m /* 304.992 */@Attribute[TestCase_19][0m
     [36m| [0m[34m|[0m /* 304.993 */func everyNxdomainInvalidatesPreviouslyCachedAddresses(): Unit {[0m
     [36m| [0m[34m|[0m /* 304.994 */let server = UdpSocket.bind(dnsClientTestLoopback(0))[0m
     [36m| [0m[34m|[0m /* 304.995 */let endpoint = dnsClientTestEndpoint(server)[0m
     [36m| [0m[34m|[0m /* 304.996 */let serving = spawn { var address: UInt8 = 0u8[0m
     [36m| [0m[34m|[0m /* 304.997 */for(index in 0 .. 5) {[0m
     [36m| [0m[34m|[0m /* 304.998 */let received = server.receive(512, context: api.OperationContext(deadline: Some(api.Deadline.after(Duration.second))))[0m
     [36m| [0m[34m|[0m /* 304.999 */let response = if(index == 1) {[0m
     [36m| [0m[34m|[0m /* 304.1000 */dnsClientTestHeader(received.payload, 0x8183u16).toArray()[0m
     [36m| [0m[34m|[0m /* 304.1001 */}[0m
     [36m| [0m[34m|[0m /* 304.1002 */else if(index == 3) {[0m
     [36m| [0m[34m|[0m /* 304.1003 */dnsClientTestNegative(received.payload, true, soaTtl: 0u32, soaMinimum: 0u32)[0m
     [36m| [0m[34m|[0m /* 304.1004 */}[0m
     [36m| [0m[34m|[0m /* 304.1005 */else {[0m
     [36m| [0m[34m|[0m /* 304.1006 */address ++[0m
     [36m| [0m[34m|[0m /* 304.1007 */dnsClientTestAResponse(received.payload,[192u8, 0u8, 2u8, address])[0m
     [36m| [0m[34m|[0m /* 304.1008 */}[0m
     [36m| [0m[34m|[0m /* 304.1009 */[0m
     [36m| [0m[34m|[0m /* 304.1010 */let _ = server.sendTo(received.source.getOrThrow(), api.ByteSpan(response))[0m
     [36m| [0m[34m|[0m /* 304.1011 */}[0m
     [36m| [0m[34m|[0m /* 304.1012 */}[0m
     [36m| [0m[34m|[0m /* 304.1013 */let client = DnsClient(config: dnsClientTestConfig(endpoint))[0m
     [36m| [0m[34m|[0m /* 304.1014 */let oneAddress = api.ResolveOptions(maxResults: 1)[0m
     [36m| [0m[34m|[0m /* 304.1015 */try {[0m
     [36m| [0m[34m|[0m /* 304.1016 */let first = client.lookup(api.HostName("invalidate.test"), options: oneAddress)[0m
     [36m| [0m[34m|[0m /* 304.1017 */assertEqual("first.addresses[0].toOctets()", "[192u8, 0u8, 2u8, 1u8]", first.addresses[0].toOctets(),[192u8, 0u8, 2u8, 1u8], isDelta: false)[0m
     [36m| [0m[34m|[0m /* 304.1018 */for(expected in[2u8, 3u8]) {[0m
     [36m| [0m[34m|[0m /* 304.1019 */let denied = try {[0m
     [36m| [0m[34m|[0m /* 304.1020 */try {[0m
     [36m| [0m[34m|[0m /* 304.1021 */    assertEqual("true", "true", true, true)[0m
     [36m| [0m[34m|[0m /* 304.1022 */    client.lookup(api.HostName("invalidate.test"), options: api.ResolveOptions(family: api.ResolveAddressFamily.Ipv6))[0m
     [36m| [0m[34m|[0m /* 304.1023 */    fail("@AssertThrows: Expected 'api.ResolveException' was not caught.")[0m
     [36m| [0m[34m|[0m /* 304.1024 */} catch(e: api.ResolveException) {[0m
     [36m| [0m[34m|[0m /* 304.1025 */    if(e is AssertException) {[0m
     [36m| [0m[34m|[0m /* 304.1026 */        throw e[0m
     [36m| [0m[34m|[0m /* 304.1027 */    }[0m
     [36m| [0m[34m|[0m /* 304.1028 */    if(e is AssertIntermediateException) {[0m
     [36m| [0m[34m|[0m /* 304.1029 */        throw e[0m
     [36m| [0m[34m|[0m /* 304.1030 */    }[0m
     [36m| [0m[34m|[0m /* 304.1031 */    if(e is UnittestTimeoutException) {[0m
     [36m| [0m[34m|[0m /* 304.1032 */        throw e[0m
     [36m| [0m[34m|[0m /* 304.1033 */    }[0m
     [36m| [0m[34m|[0m /* 304.1034 */    e[0m
     [36m| [0m[34m|[0m /* 304.1035 */}[0m
     [36m| [0m[34m|[0m /* 304.1036 */} catch(e: Exception) {[0m
     [36m| [0m[34m|[0m /* 304.1037 */if(e is AssertException || e is AssertIntermediateException || e is UnittestTimeoutException) {[0m
     [36m| [0m[34m|[0m /* 304.1038 */    throw e[0m
     [36m| [0m[34m|[0m /* 304.1039 */}[0m
     [36m| [0m[34m|[0m /* 304.1040 */assertCaughtUnexpectedE("@AssertThrows(api.ResolveException)", "api.ResolveException", e.toString())[0m
     [36m| [0m[34m|[0m /* 304.1041 */}[0m
     [36m| [0m[34m|[0m /* 304.1042 */[0m
     [36m| [0m[34m|[0m /* 304.1043 */expectEqual("dnsClientTestCodeIs(denied.resolveCode, api.ResolveErrorCode.NameNotFound)", "true", dnsClientTestCodeIs(denied.resolveCode, api.ResolveErrorCode.NameNotFound), true, isDelta: false)[0m
     [36m| [0m[34m|[0m /* 304.1044 */let refreshed = client.lookup(api.HostName("invalidate.test"), options: oneAddress)[0m
     [36m| [0m[34m|[0m /* 304.1045 */assertEqual("refreshed.addresses[0].toOctets()", "[192u8, 0u8, 2u8, expected]", refreshed.addresses[0].toOctets(),[192u8, 0u8, 2u8, expected], isDelta: false)[0m
     [36m| [0m[34m|[0m /* 304.1046 */}[0m
     [36m| [0m[34m|[0m /* 304.1047 */serving.get(Duration.second)[0m
     [36m| [0m[34m|[0m /* 304.1048 */} finally {[0m
     [36m| [0m[34m|[0m /* 304.1049 */client.close()[0m
     [36m| [0m[34m|[0m /* 304.1050 */server.close()[0m
     [36m| [0m[34m|[0m /* 304.1051 */}[0m
     [36m| [0m[34m|[0m /* 304.1052 */}[0m
     [36m| [0m[34m|[0m /* 304.1053 */[0m
     [36m| [0m[34m|[0m /* 304.1054 */@Attribute[TestCase_20][0m
     [36m| [0m[34m|[0m /* 304.1055 */func noncacheableNxdomainStopsOtherFamilyQueries(): Unit {[0m
     [36m| [0m[34m|[0m /* 304.1056 */let server = UdpSocket.bind(dnsClientTestLoopback(0))[0m
     [36m| [0m[34m|[0m /* 304.1057 */let endpoint = dnsClientTestEndpoint(server)[0m
     [36m| [0m[34m|[0m /* 304.1058 */let served = AtomicInt64(0)[0m
     [36m| [0m[34m|[0m /* 304.1059 */let serving = spawn { for(index in 0 .. 2) {[0m
     [36m| [0m[34m|[0m /* 304.1060 */let received = server.receive(512, context: api.OperationContext(deadline: Some(api.Deadline.after(Duration.second))))[0m
     [36m| [0m[34m|[0m /* 304.1061 */let response = if(index == 0) {[0m
     [36m| [0m[34m|[0m /* 304.1062 */dnsClientTestHeader(received.payload, 0x8183u16).toArray()[0m
     [36m| [0m[34m|[0m /* 304.1063 */}[0m
     [36m| [0m[34m|[0m /* 304.1064 */else {[0m
     [36m| [0m[34m|[0m /* 304.1065 */let output = dnsClientTestHeader(received.payload, 0x8180u16, answers: 1)[0m
     [36m| [0m[34m|[0m /* 304.1066 */dnsClientTestAppendU16(output, 0xC00C)[0m
     [36m| [0m[34m|[0m /* 304.1067 */dnsClientTestAppendU16(output, 28)[0m
     [36m| [0m[34m|[0m /* 304.1068 */dnsClientTestAppendU16(output, 1)[0m
     [36m| [0m[34m|[0m /* 304.1069 */dnsClientTestAppendU32(output, 30u32)[0m
     [36m| [0m[34m|[0m /* 304.1070 */dnsClientTestAppendU16(output, 16)[0m
     [36m| [0m[34m|[0m /* 304.1071 */for(_ in 0 .. 16) {[0m
     [36m| [0m[34m|[0m /* 304.1072 */output.add(1u8)[0m
     [36m| [0m[34m|[0m /* 304.1073 */}[0m
     [36m| [0m[34m|[0m /* 304.1074 */output.toArray()[0m
     [36m| [0m[34m|[0m /* 304.1075 */}[0m
     [36m| [0m[34m|[0m /* 304.1076 */[0m
     [36m| [0m[34m|[0m /* 304.1077 */let _ = served.fetchAdd(1)[0m
     [36m| [0m[34m|[0m /* 304.1078 */let _ = server.sendTo(received.source.getOrThrow(), api.ByteSpan(response))[0m
     [36m| [0m[34m|[0m /* 304.1079 */}[0m
     [36m| [0m[34m|[0m /* 304.1080 */}[0m
     [36m| [0m[34m|[0m /* 304.1081 */let client = DnsClient(config: dnsClientTestConfig(endpoint))[0m
     [36m| [0m[34m|[0m /* 304.1082 */try {[0m
     [36m| [0m[34m|[0m /* 304.1083 */let error = try {[0m
     [36m| [0m[34m|[0m /* 304.1084 */try {[0m
     [36m| [0m[34m|[0m /* 304.1085 */assertEqual("true", "true", true, true)[0m
     [36m| [0m[34m|[0m /* 304.1086 */client.lookup(api.HostName("uncached-negative.test"))[0m
     [36m| [0m[34m|[0m /* 304.1087 */fail("@AssertThrows: Expected 'api.ResolveException' was not caught.")[0m
     [36m| [0m[34m|[0m /* 304.1088 */} catch(e: api.ResolveException) {[0m
     [36m| [0m[34m|[0m /* 304.1089 */if(e is AssertException) {[0m
     [36m| [0m[34m|[0m /* 304.1090 */throw e[0m
     [36m| [0m[34m|[0m /* 304.1091 */}[0m
     [36m| [0m[34m|[0m /* 304.1092 */if(e is AssertIntermediateException) {[0m
     [36m| [0m[34m|[0m /* 304.1093 */throw e[0m
     [36m| [0m[34m|[0m /* 304.1094 */}[0m
     [36m| [0m[34m|[0m /* 304.1095 */if(e is UnittestTimeoutException) {[0m
     [36m| [0m[34m|[0m /* 304.1096 */throw e[0m
     [36m| [0m[34m|[0m /* 304.1097 */}[0m
     [36m| [0m[34m|[0m /* 304.1098 */e[0m
     [36m| [0m[34m|[0m /* 304.1099 */}[0m
     [36m| [0m[34m|[0m /* 304.1100 */} catch(e: Exception) {[0m
     [36m| [0m[34m|[0m /* 304.1101 */if(e is AssertException || e is AssertIntermediateException || e is UnittestTimeoutException) {[0m
     [36m| [0m[34m|[0m /* 304.1102 */throw e[0m
     [36m| [0m[34m|[0m /* 304.1103 */}[0m
     [36m| [0m[34m|[0m /* 304.1104 */assertCaughtUnexpectedE("@AssertThrows(api.ResolveException)", "api.ResolveException", e.toString())[0m
     [36m| [0m[34m|[0m /* 304.1105 */}[0m
     [36m| [0m[34m|[0m /* 304.1106 */[0m
     [36m| [0m[34m|[0m /* 304.1107 */expectEqual("dnsClientTestCodeIs(error.resolveCode, api.ResolveErrorCode.NameNotFound)", "true", dnsClientTestCodeIs(error.resolveCode, api.ResolveErrorCode.NameNotFound), true, isDelta: false)[0m
     [36m| [0m[34m|[0m /* 304.1108 */expectEqual("served.load()", "1", served.load(), 1, isDelta: false)[0m
     [36m| [0m[34m|[0m /* 304.1109 */let later = client.lookup(api.HostName("uncached-negative.test"), options: api.ResolveOptions(family: api.ResolveAddressFamily.Ipv6))[0m
     [36m| [0m[34m|[0m /* 304.1110 */expectEqual("later.addresses[0].toOctets()", "Array < Byte >(16, repeat: 1u8)", later.addresses[0].toOctets(), Array < Byte >(16, repeat: 1u8), isDelta: false)[0m
     [36m| [0m[34m|[0m /* 304.1111 */serving.get(Duration.second)[0m
     [36m| [0m[34m|[0m /* 304.1112 */} finally {[0m
     [36m| [0m[34m|[0m /* 304.1113 */client.close()[0m
     [36m| [0m[34m|[0m /* 304.1114 */server.close()[0m
     [36m| [0m[34m|[0m /* 304.1115 */}[0m
     [36m| [0m[34m|[0m /* 304.1116 */}[0m
     [36m| [0m[34m|[0m /* 304.1117 */[0m
     [36m| [0m[34m|[0m /* 304.1118 */@Attribute[TestCase_21][0m
     [36m| [0m[34m|[0m /* 304.1119 */func nameWideNegativeOverridesEarlierFamilyFailure(): Unit {[0m
     [36m| [0m[34m|[0m /* 304.1120 */let server = UdpSocket.bind(dnsClientTestLoopback(0))[0m
     [36m| [0m[34m|[0m /* 304.1121 */let endpoint = dnsClientTestEndpoint(server)[0m
     [36m| [0m[34m|[0m /* 304.1122 */let serving = spawn { for(_ in 0 .. 2) {[0m
     [36m| [0m[34m|[0m /* 304.1123 */let received = server.receive(512, context: api.OperationContext(deadline: Some(api.Deadline.after(Duration.second))))[0m
     [36m| [0m[34m|[0m /* 304.1124 */let query = received.payload[0m
     [36m| [0m[34m|[0m /* 304.1125 */let response = if(query[query.size - 3] == 1u8) {[0m
     [36m| [0m[34m|[0m /* 304.1126 */dnsClientTestHeader(query, 0x8182u16).toArray()[0m
     [36m| [0m[34m|[0m /* 304.1127 */}[0m
     [36m| [0m[34m|[0m /* 304.1128 */else {[0m
     [36m| [0m[34m|[0m /* 304.1129 */dnsClientTestNegative(query, true)[0m
     [36m| [0m[34m|[0m /* 304.1130 */}[0m
     [36m| [0m[34m|[0m /* 304.1131 */[0m
     [36m| [0m[34m|[0m /* 304.1132 */let _ = server.sendTo(received.source.getOrThrow(), api.ByteSpan(response))[0m
     [36m| [0m[34m|[0m /* 304.1133 */}[0m
     [36m| [0m[34m|[0m /* 304.1134 */}[0m
     [36m| [0m[34m|[0m /* 304.1135 */let client = DnsClient(config: dnsClientTestConfig(endpoint))[0m
     [36m| [0m[34m|[0m /* 304.1136 */try {[0m
     [36m| [0m[34m|[0m /* 304.1137 */for(pass in 0 .. 2) {[0m
     [36m| [0m[34m|[0m /* 304.1138 */let error = try {[0m
     [36m| [0m[34m|[0m /* 304.1139 */try {[0m
     [36m| [0m[34m|[0m /* 304.1140 */assertEqual("true", "true", true, true)[0m
     [36m| [0m[34m|[0m /* 304.1141 */client.lookup(api.HostName("definitive.test"))[0m
     [36m| [0m[34m|[0m /* 304.1142 */fail("@AssertThrows: Expected 'api.ResolveException' was not caught.")[0m
     [36m| [0m[34m|[0m /* 304.1143 */} catch(e: api.ResolveException) {[0m
     [36m| [0m[34m|[0m /* 304.1144 */if(e is AssertException) {[0m
     [36m| [0m[34m|[0m /* 304.1145 */throw e[0m
     [36m| [0m[34m|[0m /* 304.1146 */}[0m
     [36m| [0m[34m|[0m /* 304.1147 */if(e is AssertIntermediateException) {[0m
     [36m| [0m[34m|[0m /* 304.1148 */throw e[0m
     [36m| [0m[34m|[0m /* 304.1149 */}[0m
     [36m| [0m[34m|[0m /* 304.1150 */if(e is UnittestTimeoutException) {[0m
     [36m| [0m[34m|[0m /* 304.1151 */throw e[0m
     [36m| [0m[34m|[0m /* 304.1152 */}[0m
     [36m| [0m[34m|[0m /* 304.1153 */e[0m
     [36m| [0m[34m|[0m /* 304.1154 */}[0m
     [36m| [0m[34m|[0m /* 304.1155 */} catch(e: Exception) {[0m
     [36m| [0m[34m|[0m /* 304.1156 */if(e is AssertException || e is AssertIntermediateException || e is UnittestTimeoutException) {[0m
     [36m| [0m[34m|[0m /* 304.1157 */throw e[0m
     [36m| [0m[34m|[0m /* 304.1158 */}[0m
     [36m| [0m[34m|[0m /* 304.1159 */assertCaughtUnexpectedE("@AssertThrows(api.ResolveException)", "api.ResolveException", e.toString())[0m
     [36m| [0m[34m|[0m /* 304.1160 */}[0m
     [36m| [0m[34m|[0m /* 304.1161 */[0m
     [36m| [0m[34m|[0m /* 304.1162 */expectEqual("dnsClientTestCodeIs(error.resolveCode, api.ResolveErrorCode.NameNotFound)", "true", dnsClientTestCodeIs(error.resolveCode, api.ResolveErrorCode.NameNotFound), true, isDelta: false)[0m
     [36m| [0m[34m|[0m /* 304.1163 */if(pass == 0) {[0m
     [36m| [0m[34m|[0m /* 304.1164 */match(error.remoteEndpoint) {[0m
     [36m| [0m[34m|[0m /* 304.1165 */case Some(api.NetworkEndpoint.Internet(remote)) => expectEqual("remote", "endpoint", remote, endpoint, isDelta: false)[0m
     [36m| [0m[34m|[0m /* 304.1166 */case _ => fail("definitive negative response lost its nameserver")[0m
     [36m| [0m[34m|[0m /* 304.1167 */}[0m
     [36m| [0m[34m|[0m /* 304.1168 */}[0m
     [36m| [0m[34m|[0m /* 304.1169 */else {[0m
     [36m| [0m[34m|[0m /* 304.1170 */expectEqual("error.remoteEndpoint.isNone()", "true", error.remoteEndpoint.isNone(), true, isDelta: false)[0m
     [36m| [0m[34m|[0m /* 304.1171 */}[0m
     [36m| [0m[34m|[0m /* 304.1172 */}[0m
     [36m| [0m[34m|[0m /* 304.1173 */serving.get(Duration.second)[0m
     [36m| [0m[34m|[0m /* 304.1174 */} finally {[0m
     [36m| [0m[34m|[0m /* 304.1175 */client.close()[0m
     [36m| [0m[34m|[0m /* 304.1176 */server.close()[0m
     [36m| [0m[34m|[0m /* 304.1177 */}[0m
     [36m| [0m[34m|[0m /* 304.1178 */}[0m
     [36m| [0m[34m|[0m /* 304.1179 */[0m
     [36m| [0m[34m|[0m /* 304.1180 */@Attribute[TestCase_22][0m
     [36m| [0m[34m|[0m /* 304.1181 */func boundedAdmissionRejectsExcessAndCloseWakesQueuedCallers(): Unit {[0m
     [36m| [0m[34m|[0m /* 304.1182 */let server = UdpSocket.bind(dnsClientTestLoopback(0))[0m
     [36m| [0m[34m|[0m /* 304.1183 */let endpoint = dnsClientTestEndpoint(server)[0m
     [36m| [0m[34m|[0m /* 304.1184 */let activeGate = DnsClientTestGate()[0m
     [36m| [0m[34m|[0m /* 304.1185 */let serverTask = spawn { let _ = server.receive(512, context: api.OperationContext(deadline: Some(api.Deadline.after(Duration.second))))[0m
     [36m| [0m[34m|[0m /* 304.1186 */activeGate.arriveAndWait()[0m
     [36m| [0m[34m|[0m /* 304.1187 */}[0m
     [36m| [0m[34m|[0m /* 304.1188 */let client = DnsClient(config: dnsClientTestConfig(endpoint), workerCount: 1, queueCapacity: 1)[0m
     [36m| [0m[34m|[0m /* 304.1189 */let activeQuery = spawn { dnsClientTestResolveCode({ =>[0m
     [36m| [0m[34m|[0m /* 304.1190 */let _ = client.query("active.test", DnsRecordType.A)[0m
     [36m| [0m[34m|[0m /* 304.1191 */})[0m
     [36m| [0m[34m|[0m /* 304.1192 */}[0m
     [36m| [0m[34m|[0m /* 304.1193 */activeGate.waitForArrival()[0m
     [36m| [0m[34m|[0m /* 304.1194 */let simultaneous = SyncCounter(4)[0m
     [36m| [0m[34m|[0m /* 304.1195 */let completed = DnsClientTestCompletion()[0m
     [36m| [0m[34m|[0m /* 304.1196 */let contenders = ArrayList < Future < api.ResolveErrorCode >>()[0m
     [36m| [0m[34m|[0m /* 304.1197 */for(index in 0 .. 4) {[0m
     [36m| [0m[34m|[0m /* 304.1198 */contenders.add(spawn { simultaneous.dec()[0m
     [36m| [0m[34m|[0m /* 304.1199 */simultaneous.waitUntilZero()[0m
     [36m| [0m[34m|[0m /* 304.1200 */let code = dnsClientTestResolveCode({ =>[0m
     [36m| [0m[34m|[0m /* 304.1201 */let _ = client.query("queued-${index}.test", DnsRecordType.A, context: api.OperationContext(deadline: Some(api.Deadline.after(Duration.second))))[0m
     [36m| [0m[34m|[0m /* 304.1202 */})[0m
     [36m| [0m[34m|[0m /* 304.1203 */completed.finish()[0m
     [36m| [0m[34m|[0m /* 304.1204 */code[0m
     [36m| [0m[34m|[0m /* 304.1205 */})[0m
     [36m| [0m[34m|[0m /* 304.1206 */}[0m
     [36m| [0m[34m|[0m /* 304.1207 */simultaneous.waitUntilZero()[0m
     [36m| [0m[34m|[0m /* 304.1208 */completed.waitFor(3)[0m
     [36m| [0m[34m|[0m /* 304.1209 */let closing = spawn { client.close()[0m
     [36m| [0m[34m|[0m /* 304.1210 */true[0m
     [36m| [0m[34m|[0m /* 304.1211 */}[0m
     [36m| [0m[34m|[0m /* 304.1212 */expectEqual("closing.get(Duration.second)", "true", closing.get(Duration.second), true, isDelta: false)[0m
     [36m| [0m[34m|[0m /* 304.1213 */expectEqual("dnsClientTestCodeIs(activeQuery.get(Duration.second), api.ResolveErrorCode.Cancelled)", "true", dnsClientTestCodeIs(activeQuery.get(Duration.second), api.ResolveErrorCode.Cancelled), true, isDelta: false)[0m
     [36m| [0m[34m|[0m /* 304.1214 */var temporaryFailures: Int64 = 0[0m
     [36m| [0m[34m|[0m /* 304.1215 */var cancellations: Int64 = 0[0m
     [36m| [0m[34m|[0m /* 304.1216 */for(contender in contenders) {[0m
     [36m| [0m[34m|[0m /* 304.1217 */let code = contender.get(Duration.second)[0m
     [36m| [0m[34m|[0m /* 304.1218 */match(code) {[0m
     [36m| [0m[34m|[0m /* 304.1219 */case api.ResolveErrorCode.TemporaryFailure => temporaryFailures ++[0m
     [36m| [0m[34m|[0m /* 304.1220 */case api.ResolveErrorCode.Cancelled => cancellations ++[0m
     [36m| [0m[34m|[0m /* 304.1221 */case api.ResolveErrorCode.SystemFailure =>()[0m
     [36m| [0m[34m|[0m /* 304.1222 */case _ => fail("bounded contender returned an unexpected resolver error")[0m
     [36m| [0m[34m|[0m /* 304.1223 */}[0m
     [36m| [0m[34m|[0m /* 304.1224 */}[0m
     [36m| [0m[34m|[0m /* 304.1225 */activeGate.release()[0m
     [36m| [0m[34m|[0m /* 304.1226 */serverTask.get(Duration.second)[0m
     [36m| [0m[34m|[0m /* 304.1227 */server.close()[0m
     [36m| [0m[34m|[0m /* 304.1228 */expectEqual("temporaryFailures", "3", temporaryFailures, 3, isDelta: false)[0m
     [36m| [0m[34m|[0m /* 304.1229 */expectEqual("cancellations", "1", cancellations, 1, isDelta: false)[0m
     [36m| [0m[34m|[0m /* 304.1230 */}[0m
     [36m| [0m[34m|[0m /* 304.1231 */[0m
     [36m| [0m[34m|[0m /* 304.1232 */init() {[0m
     [36m| [0m[34m|[0m /* 304.1233 */}[0m
     [36m| [0m[34m|[0m /* 304.1234 */private func classConfiguration(): Configuration {[0m
     [36m| [0m[34m|[0m /* 304.1235 */let configuration = Configuration()[0m
     [36m| [0m[34m|[0m /* 304.1236 */[0m
     [36m| [0m[34m|[0m /* 304.1237 */return configuration[0m
     [36m| [0m[34m|[0m /* 304.1238 */}[0m
     [36m| [0m[34m|[0m /* 304.1239 */public override func asTestSuite(): TestSuite {[0m
     [36m| [0m[34m|[0m /* 304.1240 */[0m
     [36m| [0m[34m|[0m /* 304.1241 */let suiteConfiguration = classConfiguration()[0m
     [36m| [0m[34m|[0m /* 304.1242 */let suiteBuilder = TestSuite.builder("DnsClientWireTest").configure(suiteConfiguration)[0m
     [36m| [0m[34m|[0m /* 304.1243 */[0m
     [36m| [0m[34m|[0m /* 304.1244 */{ => let caseConfig = Configuration()[0m
     [36m| [0m[34m|[0m /* 304.1245 */[0m
     [36m| [0m[34m|[0m /* 304.1246 */let publicQueryAndLookupUseRealUdpAndRetainAbsoluteCacheExpiryTestFunc = { => publicQueryAndLookupUseRealUdpAndRetainAbsoluteCacheExpiry();() }[0m
     [36m| [0m[34m|[0m /* 304.1247 */suiteBuilder.add([0m
     [36m| [0m[34m|[0m /* 304.1248 */UnitTestCase.create([0m
     [36m| [0m[34m|[0m /* 304.1249 */"publicQueryAndLookupUseRealUdpAndRetainAbsoluteCacheExpiry",[0m
     [36m| [0m[34m|[0m /* 304.1250 */configuration: caseConfig,[0m
     [36m| [0m[34m|[0m /* 304.1251 */body: publicQueryAndLookupUseRealUdpAndRetainAbsoluteCacheExpiryTestFunc[0m
     [36m| [0m[34m|[0m /* 304.1252 */)[0m
     [36m| [0m[34m|[0m /* 304.1253 */)[0m
     [36m| [0m[34m|[0m /* 304.1254 */[0m
     [36m| [0m[34m|[0m /* 304.1255 */}()[0m
     [36m| [0m[34m|[0m /* 304.1256 */[0m
     [36m| [0m[34m|[0m /* 304.1257 */[0m
     [36m| [0m[34m|[0m /* 304.1258 */{ => let caseConfig = Configuration()[0m
     [36m| [0m[34m|[0m /* 304.1259 */[0m
     [36m| [0m[34m|[0m /* 304.1260 */let publicQueryEncodesEveryModeledRecordTypeTestFunc = { => publicQueryEncodesEveryModeledRecordType();() }[0m
     [36m| [0m[34m|[0m /* 304.1261 */suiteBuilder.add([0m
     [36m| [0m[34m|[0m /* 304.1262 */UnitTestCase.create([0m
     [36m| [0m[34m|[0m /* 304.1263 */"publicQueryEncodesEveryModeledRecordType",[0m
     [36m| [0m[34m|[0m /* 304.1264 */configuration: caseConfig,[0m
     [36m| [0m[34m|[0m /* 304.1265 */body: publicQueryEncodesEveryModeledRecordTypeTestFunc[0m
     [36m| [0m[34m|[0m /* 304.1266 */)[0m
     [36m| [0m[34m|[0m /* 304.1267 */)[0m
     [36m| [0m[34m|[0m /* 304.1268 */[0m
     [36m| [0m[34m|[0m /* 304.1269 */}()[0m
     [36m| [0m[34m|[0m /* 304.1270 */[0m
     [36m| [0m[34m|[0m /* 304.1271 */[0m
     [36m| [0m[34m|[0m /* 304.1272 */{ => let caseConfig = Configuration()[0m
     [36m| [0m[34m|[0m /* 304.1273 */[0m
     [36m| [0m[34m|[0m /* 304.1274 */let wrongSourceIdAndQuestionAreIgnoredBeforeValidUdpResponseTestFunc = { => wrongSourceIdAndQuestionAreIgnoredBeforeValidUdpResponse();() }[0m
     [36m| [0m[34m|[0m /* 304.1275 */suiteBuilder.add([0m
     [36m| [0m[34m|[0m /* 304.1276 */UnitTestCase.create([0m
     [36m| [0m[34m|[0m /* 304.1277 */"wrongSourceIdAndQuestionAreIgnoredBeforeValidUdpResponse",[0m
     [36m| [0m[34m|[0m /* 304.1278 */configuration: caseConfig,[0m
     [36m| [0m[34m|[0m /* 304.1279 */body: wrongSourceIdAndQuestionAreIgnoredBeforeValidUdpResponseTestFunc[0m
     [36m| [0m[34m|[0m /* 304.1280 */)[0m
     [36m| [0m[34m|[0m /* 304.1281 */)[0m
     [36m| [0m[34m|[0m /* 304.1282 */[0m
     [36m| [0m[34m|[0m /* 304.1283 */}()[0m
     [36m| [0m[34m|[0m /* 304.1284 */[0m
     [36m| [0m[34m|[0m /* 304.1285 */[0m
     [36m| [0m[34m|[0m /* 304.1286 */{ => let caseConfig = Configuration()[0m
     [36m| [0m[34m|[0m /* 304.1287 */[0m
     [36m| [0m[34m|[0m /* 304.1288 */let validatedTruncationFallsBackToExactTcpFrameTestFunc = { => validatedTruncationFallsBackToExactTcpFrame();() }[0m
     [36m| [0m[34m|[0m /* 304.1289 */suiteBuilder.add([0m
     [36m| [0m[34m|[0m /* 304.1290 */UnitTestCase.create([0m
     [36m| [0m[34m|[0m /* 304.1291 */"validatedTruncationFallsBackToExactTcpFrame",[0m
     [36m| [0m[34m|[0m /* 304.1292 */configuration: caseConfig,[0m
     [36m| [0m[34m|[0m /* 304.1293 */body: validatedTruncationFallsBackToExactTcpFrameTestFunc[0m
     [36m| [0m[34m|[0m /* 304.1294 */)[0m
     [36m| [0m[34m|[0m /* 304.1295 */)[0m
     [36m| [0m[34m|[0m /* 304.1296 */[0m
     [36m| [0m[34m|[0m /* 304.1297 */}()[0m
     [36m| [0m[34m|[0m /* 304.1298 */[0m
     [36m| [0m[34m|[0m /* 304.1299 */[0m
     [36m| [0m[34m|[0m /* 304.1300 */{ => let caseConfig = Configuration()[0m
     [36m| [0m[34m|[0m /* 304.1301 */[0m
     [36m| [0m[34m|[0m /* 304.1302 */let activeCancellationRetainsNameserverWithoutRetryTestFunc = { => activeCancellationRetainsNameserverWithoutRetry();() }[0m
     [36m| [0m[34m|[0m /* 304.1303 */suiteBuilder.add([0m
     [36m| [0m[34m|[0m /* 304.1304 */UnitTestCase.create([0m
     [36m| [0m[34m|[0m /* 304.1305 */"activeCancellationRetainsNameserverWithoutRetry",[0m
     [36m| [0m[34m|[0m /* 304.1306 */configuration: caseConfig,[0m
     [36m| [0m[34m|[0m /* 304.1307 */body: activeCancellationRetainsNameserverWithoutRetryTestFunc[0m
     [36m| [0m[34m|[0m /* 304.1308 */)[0m
     [36m| [0m[34m|[0m /* 304.1309 */)[0m
     [36m| [0m[34m|[0m /* 304.1310 */[0m
     [36m| [0m[34m|[0m /* 304.1311 */}()[0m
     [36m| [0m[34m|[0m /* 304.1312 */[0m
     [36m| [0m[34m|[0m /* 304.1313 */[0m
     [36m| [0m[34m|[0m /* 304.1314 */{ => let caseConfig = Configuration()[0m
     [36m| [0m[34m|[0m /* 304.1315 */[0m
     [36m| [0m[34m|[0m /* 304.1316 */let silentDnsAttemptsLeaveBudgetForServerAndPassFailoverTestFunc = { => silentDnsAttemptsLeaveBudgetForServerAndPassFailover();() }[0m
     [36m| [0m[34m|[0m /* 304.1317 */suiteBuilder.add([0m
     [36m| [0m[34m|[0m /* 304.1318 */UnitTestCase.create([0m
     [36m| [0m[34m|[0m /* 304.1319 */"silentDnsAttemptsLeaveBudgetForServerAndPassFailover",[0m
     [36m| [0m[34m|[0m /* 304.1320 */configuration: caseConfig,[0m
     [36m| [0m[34m|[0m /* 304.1321 */body: silentDnsAttemptsLeaveBudgetForServerAndPassFailoverTestFunc[0m
     [36m| [0m[34m|[0m /* 304.1322 */)[0m
     [36m| [0m[34m|[0m /* 304.1323 */)[0m
     [36m| [0m[34m|[0m /* 304.1324 */[0m
     [36m| [0m[34m|[0m /* 304.1325 */}()[0m
     [36m| [0m[34m|[0m /* 304.1326 */[0m
     [36m| [0m[34m|[0m /* 304.1327 */[0m
     [36m| [0m[34m|[0m /* 304.1328 */{ => let caseConfig = Configuration()[0m
     [36m| [0m[34m|[0m /* 304.1329 */[0m
     [36m| [0m[34m|[0m /* 304.1330 */let exhaustedResponseCodesRetainTheLastRespondingNameserverTestFunc = { => exhaustedResponseCodesRetainTheLastRespondingNameserver();() }[0m
     [36m| [0m[34m|[0m /* 304.1331 */suiteBuilder.add([0m
     [36m| [0m[34m|[0m /* 304.1332 */UnitTestCase.create([0m
     [36m| [0m[34m|[0m /* 304.1333 */"exhaustedResponseCodesRetainTheLastRespondingNameserver",[0m
     [36m| [0m[34m|[0m /* 304.1334 */configuration: caseConfig,[0m
     [36m| [0m[34m|[0m /* 304.1335 */body: exhaustedResponseCodesRetainTheLastRespondingNameserverTestFunc[0m
     [36m| [0m[34m|[0m /* 304.1336 */)[0m
     [36m| [0m[34m|[0m /* 304.1337 */)[0m
     [36m| [0m[34m|[0m /* 304.1338 */[0m
     [36m| [0m[34m|[0m /* 304.1339 */}()[0m
     [36m| [0m[34m|[0m /* 304.1340 */[0m
     [36m| [0m[34m|[0m /* 304.1341 */[0m
     [36m| [0m[34m|[0m /* 304.1342 */{ => let caseConfig = Configuration()[0m
     [36m| [0m[34m|[0m /* 304.1343 */[0m
     [36m| [0m[34m|[0m /* 304.1344 */let unsupportedResponseCodeRetainsRespondingNameserverTestFunc = { => unsupportedResponseCodeRetainsRespondingNameserver();() }[0m
     [36m| [0m[34m|[0m /* 304.1345 */suiteBuilder.add([0m
     [36m| [0m[34m|[0m /* 304.1346 */UnitTestCase.create([0m
     [36m| [0m[34m|[0m /* 304.1347 */"unsupportedResponseCodeRetainsRespondingNameserver",[0m
     [36m| [0m[34m|[0m /* 304.1348 */configuration: caseConfig,[0m
     [36m| [0m[34m|[0m /* 304.1349 */body: unsupportedResponseCodeRetainsRespondingNameserverTestFunc[0m
     [36m| [0m[34m|[0m /* 304.1350 */)[0m
     [36m| [0m[34m|[0m /* 304.1351 */)[0m
     [36m| [0m[34m|[0m /* 304.1352 */[0m
     [36m| [0m[34m|[0m /* 304.1353 */}()[0m
     [36m| [0m[34m|[0m /* 304.1354 */[0m
     [36m| [0m[34m|[0m /* 304.1355 */[0m
     [36m| [0m[34m|[0m /* 304.1356 */{ => let caseConfig = Configuration()[0m
     [36m| [0m[34m|[0m /* 304.1357 */[0m
     [36m| [0m[34m|[0m /* 304.1358 */let dnsTransportFailuresRetainSelectedNameserverTestFunc = { => dnsTransportFailuresRetainSelectedNameserver();() }[0m
     [36m| [0m[34m|[0m /* 304.1359 */suiteBuilder.add([0m
     [36m| [0m[34m|[0m /* 304.1360 */UnitTestCase.create([0m
     [36m| [0m[34m|[0m /* 304.1361 */"dnsTransportFailuresRetainSelectedNameserver",[0m
     [36m| [0m[34m|[0m /* 304.1362 */configuration: caseConfig,[0m
     [36m| [0m[34m|[0m /* 304.1363 */body: dnsTransportFailuresRetainSelectedNameserverTestFunc[0m
     [36m| [0m[34m|[0m /* 304.1364 */)[0m
     [36m| [0m[34m|[0m /* 304.1365 */)[0m
     [36m| [0m[34m|[0m /* 304.1366 */[0m
     [36m| [0m[34m|[0m /* 304.1367 */}()[0m
     [36m| [0m[34m|[0m /* 304.1368 */[0m
     [36m| [0m[34m|[0m /* 304.1369 */[0m
     [36m| [0m[34m|[0m /* 304.1370 */{ => let caseConfig = Configuration()[0m
     [36m| [0m[34m|[0m /* 304.1371 */[0m
     [36m| [0m[34m|[0m /* 304.1372 */let tcpResponseCannotRemainTruncatedTestFunc = { => tcpResponseCannotRemainTruncated();() }[0m
     [36m| [0m[34m|[0m /* 304.1373 */suiteBuilder.add([0m
     [36m| [0m[34m|[0m /* 304.1374 */UnitTestCase.create([0m
     [36m| [0m[34m|[0m /* 304.1375 */"tcpResponseCannotRemainTruncated",[0m
     [36m| [0m[34m|[0m /* 304.1376 */configuration: caseConfig,[0m
     [36m| [0m[34m|[0m /* 304.1377 */body: tcpResponseCannotRemainTruncatedTestFunc[0m
     [36m| [0m[34m|[0m /* 304.1378 */)[0m
     [36m| [0m[34m|[0m /* 304.1379 */)[0m
     [36m| [0m[34m|[0m /* 304.1380 */[0m
     [36m| [0m[34m|[0m /* 304.1381 */}()[0m
     [36m| [0m[34m|[0m /* 304.1382 */[0m
     [36m| [0m[34m|[0m /* 304.1383 */[0m
     [36m| [0m[34m|[0m /* 304.1384 */{ => let caseConfig = Configuration()[0m
     [36m| [0m[34m|[0m /* 304.1385 */[0m
     [36m| [0m[34m|[0m /* 304.1386 */let malformedMatchingResponseAndUnrelatedSectionsCannotPoisonCacheTestFunc = { => malformedMatchingResponseAndUnrelatedSectionsCannotPoisonCache();() }[0m
     [36m| [0m[34m|[0m /* 304.1387 */suiteBuilder.add([0m
     [36m| [0m[34m|[0m /* 304.1388 */UnitTestCase.create([0m
     [36m| [0m[34m|[0m /* 304.1389 */"malformedMatchingResponseAndUnrelatedSectionsCannotPoisonCache",[0m
     [36m| [0m[34m|[0m /* 304.1390 */configuration: caseConfig,[0m
     [36m| [0m[34m|[0m /* 304.1391 */body: malformedMatchingResponseAndUnrelatedSectionsCannotPoisonCacheTestFunc[0m
     [36m| [0m[34m|[0m /* 304.1392 */)[0m
     [36m| [0m[34m|[0m /* 304.1393 */)[0m
     [36m| [0m[34m|[0m /* 304.1394 */[0m
     [36m| [0m[34m|[0m /* 304.1395 */}()[0m
     [36m| [0m[34m|[0m /* 304.1396 */[0m
     [36m| [0m[34m|[0m /* 304.1397 */[0m
     [36m| [0m[34m|[0m /* 304.1398 */{ => let caseConfig = Configuration()[0m
     [36m| [0m[34m|[0m /* 304.1399 */[0m
     [36m| [0m[34m|[0m /* 304.1400 */let cnameTraversalUsesAnswerOwnersAndRejectsConflictingTargetsTestFunc = { => cnameTraversalUsesAnswerOwnersAndRejectsConflictingTargets();() }[0m
     [36m| [0m[34m|[0m /* 304.1401 */suiteBuilder.add([0m
     [36m| [0m[34m|[0m /* 304.1402 */UnitTestCase.create([0m
     [36m| [0m[34m|[0m /* 304.1403 */"cnameTraversalUsesAnswerOwnersAndRejectsConflictingTargets",[0m
     [36m| [0m[34m|[0m /* 304.1404 */configuration: caseConfig,[0m
     [36m| [0m[34m|[0m /* 304.1405 */body: cnameTraversalUsesAnswerOwnersAndRejectsConflictingTargetsTestFunc[0m
     [36m| [0m[34m|[0m /* 304.1406 */)[0m
     [36m| [0m[34m|[0m /* 304.1407 */)[0m
     [36m| [0m[34m|[0m /* 304.1408 */[0m
     [36m| [0m[34m|[0m /* 304.1409 */}()[0m
     [36m| [0m[34m|[0m /* 304.1410 */[0m
     [36m| [0m[34m|[0m /* 304.1411 */[0m
     [36m| [0m[34m|[0m /* 304.1412 */{ => let caseConfig = Configuration()[0m
     [36m| [0m[34m|[0m /* 304.1413 */[0m
     [36m| [0m[34m|[0m /* 304.1414 */let fullResultCapacityDoesNotQueryAnotherFamilyTestFunc = { => fullResultCapacityDoesNotQueryAnotherFamily();() }[0m
     [36m| [0m[34m|[0m /* 304.1415 */suiteBuilder.add([0m
     [36m| [0m[34m|[0m /* 304.1416 */UnitTestCase.create([0m
     [36m| [0m[34m|[0m /* 304.1417 */"fullResultCapacityDoesNotQueryAnotherFamily",[0m
     [36m| [0m[34m|[0m /* 304.1418 */configuration: caseConfig,[0m
     [36m| [0m[34m|[0m /* 304.1419 */body: fullResultCapacityDoesNotQueryAnotherFamilyTestFunc[0m
     [36m| [0m[34m|[0m /* 304.1420 */)[0m
     [36m| [0m[34m|[0m /* 304.1421 */)[0m
     [36m| [0m[34m|[0m /* 304.1422 */[0m
     [36m| [0m[34m|[0m /* 304.1423 */}()[0m
     [36m| [0m[34m|[0m /* 304.1424 */[0m
     [36m| [0m[34m|[0m /* 304.1425 */[0m
     [36m| [0m[34m|[0m /* 304.1426 */{ => let caseConfig = Configuration()[0m
     [36m| [0m[34m|[0m /* 304.1427 */[0m
     [36m| [0m[34m|[0m /* 304.1428 */let rfc2308CacheRetainsNxdomainVersusNodataWithoutNewPacketsTestFunc = { => rfc2308CacheRetainsNxdomainVersusNodataWithoutNewPackets();() }[0m
     [36m| [0m[34m|[0m /* 304.1429 */suiteBuilder.add([0m
     [36m| [0m[34m|[0m /* 304.1430 */UnitTestCase.create([0m
     [36m| [0m[34m|[0m /* 304.1431 */"rfc2308CacheRetainsNxdomainVersusNodataWithoutNewPackets",[0m
     [36m| [0m[34m|[0m /* 304.1432 */configuration: caseConfig,[0m
     [36m| [0m[34m|[0m /* 304.1433 */body: rfc2308CacheRetainsNxdomainVersusNodataWithoutNewPacketsTestFunc[0m
     [36m| [0m[34m|[0m /* 304.1434 */)[0m
     [36m| [0m[34m|[0m /* 304.1435 */)[0m
     [36m| [0m[34m|[0m /* 304.1436 */[0m
     [36m| [0m[34m|[0m /* 304.1437 */}()[0m
     [36m| [0m[34m|[0m /* 304.1438 */[0m
     [36m| [0m[34m|[0m /* 304.1439 */[0m
     [36m| [0m[34m|[0m /* 304.1440 */{ => let caseConfig = Configuration()[0m
     [36m| [0m[34m|[0m /* 304.1441 */[0m
     [36m| [0m[34m|[0m /* 304.1442 */let zeroTtlNeverCreatesAPositiveCacheEntryTestFunc = { => zeroTtlNeverCreatesAPositiveCacheEntry();() }[0m
     [36m| [0m[34m|[0m /* 304.1443 */suiteBuilder.add([0m
     [36m| [0m[34m|[0m /* 304.1444 */UnitTestCase.create([0m
     [36m| [0m[34m|[0m /* 304.1445 */"zeroTtlNeverCreatesAPositiveCacheEntry",[0m
     [36m| [0m[34m|[0m /* 304.1446 */configuration: caseConfig,[0m
     [36m| [0m[34m|[0m /* 304.1447 */body: zeroTtlNeverCreatesAPositiveCacheEntryTestFunc[0m
     [36m| [0m[34m|[0m /* 304.1448 */)[0m
     [36m| [0m[34m|[0m /* 304.1449 */)[0m
     [36m| [0m[34m|[0m /* 304.1450 */[0m
     [36m| [0m[34m|[0m /* 304.1451 */}()[0m
     [36m| [0m[34m|[0m /* 304.1452 */[0m
     [36m| [0m[34m|[0m /* 304.1453 */[0m
     [36m| [0m[34m|[0m /* 304.1454 */{ => let caseConfig = Configuration()[0m
     [36m| [0m[34m|[0m /* 304.1455 */[0m
     [36m| [0m[34m|[0m /* 304.1456 */let callerCancellationAndClientCloseWakeActiveNativeReceiveTestFunc = { => callerCancellationAndClientCloseWakeActiveNativeReceive();() }[0m
     [36m| [0m[34m|[0m /* 304.1457 */suiteBuilder.add([0m
     [36m| [0m[34m|[0m /* 304.1458 */UnitTestCase.create([0m
     [36m| [0m[34m|[0m /* 304.1459 */"callerCancellationAndClientCloseWakeActiveNativeReceive",[0m
     [36m| [0m[34m|[0m /* 304.1460 */configuration: caseConfig,[0m
     [36m| [0m[34m|[0m /* 304.1461 */body: callerCancellationAndClientCloseWakeActiveNativeReceiveTestFunc[0m
     [36m| [0m[34m|[0m /* 304.1462 */)[0m
     [36m| [0m[34m|[0m /* 304.1463 */)[0m
     [36m| [0m[34m|[0m /* 304.1464 */[0m
     [36m| [0m[34m|[0m /* 304.1465 */}()[0m
     [36m| [0m[34m|[0m /* 304.1466 */[0m
     [36m| [0m[34m|[0m /* 304.1467 */[0m
     [36m| [0m[34m|[0m /* 304.1468 */{ => let caseConfig = Configuration()[0m
     [36m| [0m[34m|[0m /* 304.1469 */[0m
     [36m| [0m[34m|[0m /* 304.1470 */let anyFamilyRetainsAddressesWhenTheOtherFamilyFailsTestFunc = { => anyFamilyRetainsAddressesWhenTheOtherFamilyFails();() }[0m
     [36m| [0m[34m|[0m /* 304.1471 */suiteBuilder.add([0m
     [36m| [0m[34m|[0m /* 304.1472 */UnitTestCase.create([0m
     [36m| [0m[34m|[0m /* 304.1473 */"anyFamilyRetainsAddressesWhenTheOtherFamilyFails",[0m
     [36m| [0m[34m|[0m /* 304.1474 */configuration: caseConfig,[0m
     [36m| [0m[34m|[0m /* 304.1475 */body: anyFamilyRetainsAddressesWhenTheOtherFamilyFailsTestFunc[0m
     [36m| [0m[34m|[0m /* 304.1476 */)[0m
     [36m| [0m[34m|[0m /* 304.1477 */)[0m
     [36m| [0m[34m|[0m /* 304.1478 */[0m
     [36m| [0m[34m|[0m /* 304.1479 */}()[0m
     [36m| [0m[34m|[0m /* 304.1480 */[0m
     [36m| [0m[34m|[0m /* 304.1481 */[0m
     [36m| [0m[34m|[0m /* 304.1482 */{ => let caseConfig = Configuration()[0m
     [36m| [0m[34m|[0m /* 304.1483 */[0m
     [36m| [0m[34m|[0m /* 304.1484 */let crossFamilyConflictsRetainTheLivePeerAlongsideCachedResultsTestFunc = { => crossFamilyConflictsRetainTheLivePeerAlongsideCachedResults();() }[0m
     [36m| [0m[34m|[0m /* 304.1485 */suiteBuilder.add([0m
     [36m| [0m[34m|[0m /* 304.1486 */UnitTestCase.create([0m
     [36m| [0m[34m|[0m /* 304.1487 */"crossFamilyConflictsRetainTheLivePeerAlongsideCachedResults",[0m
     [36m| [0m[34m|[0m /* 304.1488 */configuration: caseConfig,[0m
     [36m| [0m[34m|[0m /* 304.1489 */body: crossFamilyConflictsRetainTheLivePeerAlongsideCachedResultsTestFunc[0m
     [36m| [0m[34m|[0m /* 304.1490 */)[0m
     [36m| [0m[34m|[0m /* 304.1491 */)[0m
     [36m| [0m[34m|[0m /* 304.1492 */[0m
     [36m| [0m[34m|[0m /* 304.1493 */}()[0m
     [36m| [0m[34m|[0m /* 304.1494 */[0m
     [36m| [0m[34m|[0m /* 304.1495 */[0m
     [36m| [0m[34m|[0m /* 304.1496 */{ => let caseConfig = Configuration()[0m
     [36m| [0m[34m|[0m /* 304.1497 */[0m
     [36m| [0m[34m|[0m /* 304.1498 */let nxdomainInvalidatesVisitedTargetsAndOtherCachedAliasesTestFunc = { => nxdomainInvalidatesVisitedTargetsAndOtherCachedAliases();() }[0m
     [36m| [0m[34m|[0m /* 304.1499 */suiteBuilder.add([0m
     [36m| [0m[34m|[0m /* 304.1500 */UnitTestCase.create([0m
     [36m| [0m[34m|[0m /* 304.1501 */"nxdomainInvalidatesVisitedTargetsAndOtherCachedAliases",[0m
     [36m| [0m[34m|[0m /* 304.1502 */configuration: caseConfig,[0m
     [36m| [0m[34m|[0m /* 304.1503 */body: nxdomainInvalidatesVisitedTargetsAndOtherCachedAliasesTestFunc[0m
     [36m| [0m[34m|[0m /* 304.1504 */)[0m
     [36m| [0m[34m|[0m /* 304.1505 */)[0m
     [36m| [0m[34m|[0m /* 304.1506 */[0m
     [36m| [0m[34m|[0m /* 304.1507 */}()[0m
     [36m| [0m[34m|[0m /* 304.1508 */[0m
     [36m| [0m[34m|[0m /* 304.1509 */[0m
     [36m| [0m[34m|[0m /* 304.1510 */{ => let caseConfig = Configuration()[0m
     [36m| [0m[34m|[0m /* 304.1511 */[0m
     [36m| [0m[34m|[0m /* 304.1512 */let everyNxdomainInvalidatesPreviouslyCachedAddressesTestFunc = { => everyNxdomainInvalidatesPreviouslyCachedAddresses();() }[0m
     [36m| [0m[34m|[0m /* 304.1513 */suiteBuilder.add([0m
     [36m| [0m[34m|[0m /* 304.1514 */UnitTestCase.create([0m
     [36m| [0m[34m|[0m /* 304.1515 */"everyNxdomainInvalidatesPreviouslyCachedAddresses",[0m
     [36m| [0m[34m|[0m /* 304.1516 */configuration: caseConfig,[0m
     [36m| [0m[34m|[0m /* 304.1517 */body: everyNxdomainInvalidatesPreviouslyCachedAddressesTestFunc[0m
     [36m| [0m[34m|[0m /* 304.1518 */)[0m
     [36m| [0m[34m|[0m /* 304.1519 */)[0m
     [36m| [0m[34m|[0m /* 304.1520 */[0m
     [36m| [0m[34m|[0m /* 304.1521 */}()[0m
     [36m| [0m[34m|[0m /* 304.1522 */[0m
     [36m| [0m[34m|[0m /* 304.1523 */[0m
     [36m| [0m[34m|[0m /* 304.1524 */{ => let caseConfig = Configuration()[0m
     [36m| [0m[34m|[0m /* 304.1525 */[0m
     [36m| [0m[34m|[0m /* 304.1526 */let noncacheableNxdomainStopsOtherFamilyQueriesTestFunc = { => noncacheableNxdomainStopsOtherFamilyQueries();() }[0m
     [36m| [0m[34m|[0m /* 304.1527 */suiteBuilder.add([0m
     [36m| [0m[34m|[0m /* 304.1528 */UnitTestCase.create([0m
     [36m| [0m[34m|[0m /* 304.1529 */"noncacheableNxdomainStopsOtherFamilyQueries",[0m
     [36m| [0m[34m|[0m /* 304.1530 */configuration: caseConfig,[0m
     [36m| [0m[34m|[0m /* 304.1531 */body: noncacheableNxdomainStopsOtherFamilyQueriesTestFunc[0m
     [36m| [0m[34m|[0m /* 304.1532 */)[0m
     [36m| [0m[34m|[0m /* 304.1533 */)[0m
     [36m| [0m[34m|[0m /* 304.1534 */[0m
     [36m| [0m[34m|[0m /* 304.1535 */}()[0m
     [36m| [0m[34m|[0m /* 304.1536 */[0m
     [36m| [0m[34m|[0m /* 304.1537 */[0m
     [36m| [0m[34m|[0m /* 304.1538 */{ => let caseConfig = Configuration()[0m
     [36m| [0m[34m|[0m /* 304.1539 */[0m
     [36m| [0m[34m|[0m /* 304.1540 */let nameWideNegativeOverridesEarlierFamilyFailureTestFunc = { => nameWideNegativeOverridesEarlierFamilyFailure();() }[0m
     [36m| [0m[34m|[0m /* 304.1541 */suiteBuilder.add([0m
     [36m| [0m[34m|[0m /* 304.1542 */UnitTestCase.create([0m
     [36m| [0m[34m|[0m /* 304.1543 */"nameWideNegativeOverridesEarlierFamilyFailure",[0m
     [36m| [0m[34m|[0m /* 304.1544 */configuration: caseConfig,[0m
     [36m| [0m[34m|[0m /* 304.1545 */body: nameWideNegativeOverridesEarlierFamilyFailureTestFunc[0m
     [36m| [0m[34m|[0m /* 304.1546 */)[0m
     [36m| [0m[34m|[0m /* 304.1547 */)[0m
     [36m| [0m[34m|[0m /* 304.1548 */[0m
     [36m| [0m[34m|[0m /* 304.1549 */}()[0m
     [36m| [0m[34m|[0m /* 304.1550 */[0m
     [36m| [0m[34m|[0m /* 304.1551 */[0m
     [36m| [0m[34m|[0m /* 304.1552 */{ => let caseConfig = Configuration()[0m
     [36m| [0m[34m|[0m /* 304.1553 */[0m
     [36m| [0m[34m|[0m /* 304.1554 */let boundedAdmissionRejectsExcessAndCloseWakesQueuedCallersTestFunc = { => boundedAdmissionRejectsExcessAndCloseWakesQueuedCallers();() }[0m
     [36m| [0m[34m|[0m /* 304.1555 */suiteBuilder.add([0m
     [36m| [0m[34m|[0m /* 304.1556 */UnitTestCase.create([0m
     [36m| [0m[34m|[0m /* 304.1557 */"boundedAdmissionRejectsExcessAndCloseWakesQueuedCallers",[0m
     [36m| [0m[34m|[0m /* 304.1558 */configuration: caseConfig,[0m
     [36m| [0m[34m|[0m /* 304.1559 */body: boundedAdmissionRejectsExcessAndCloseWakesQueuedCallersTestFunc[0m
     [36m| [0m[34m|[0m /* 304.1560 */)[0m
     [36m| [0m[34m|[0m /* 304.1561 */)[0m
     [36m| [0m[34m|[0m /* 304.1562 */[0m
     [36m| [0m[34m|[0m /* 304.1563 */}()[0m
     [36m| [0m[34m|[0m /* 304.1564 */[0m
     [36m| [0m[34m|[0m /* 304.1565 */return suiteBuilder.build()[0m
     [36m| [0m[34m|[0m /* 304.1566 */}[0m
     [36m| [0m[34m|[0m /* 304.1567 */private func inheritedFromClassAnnotatedByTestTemplate < T >(): TestSuite where T <: TestClass {[0m
     [36m| [0m[34m|[0m /* 304.1568 */throw Exception("Unreachable code")[0m
     [36m| [0m[34m|[0m /* 304.1569 */}[0m
     [36m| [0m[34m|[0m /* 304.1570 */}[0m
     [36m| [0m[34m|[0m /* 304.1571 */[0m
     [36m| [0m[34m|[0m /* 304.1572 */[0m
     [36m| [0m[34m|[0m /* 304.1573 */interface TestPackageExtension_DnsClientWireTest {[0m
     [36m| [0m[34m|[0m /* 304.1574 */func registerDnsClientWireTest(): Unit[0m
     [36m| [0m[34m|[0m /* 304.1575 */}[0m
     [36m| [0m[34m|[0m /* 304.1576 */extend TestPackage <: TestPackageExtension_DnsClientWireTest {[0m
     [36m| [0m[34m|[0m /* 304.1577 */@Attribute[TEST_REGISTER][0m
     [36m| [0m[34m|[0m /* 304.1578 */public func registerDnsClientWireTest() {[0m
     [36m| [0m[34m|[0m /* 304.1579 */registerSuite({ => DnsClientWireTest().asTestSuite() })[0m
     [36m| [0m[34m|[0m /* 304.1580 */}[0m
     [36m| [0m[34m|[0m /* 304.1581 */}[0m
     [36m| [0m[34m|[0m /* 304.1582 */[0m
     [36m| [0m[34m|[0m[34m_[0m[34m_____________^[0m
     [36m| [0m
[34mnote[0m: the warning occurs after the macro is expanded
    [36m==>[0m /home/elliot/playground/Wirestack-pr-worktrees/M8-004-publication/src/net/dns_client_test.cj:304:1:
     [36m| [0m
[36m304[0m  [36m| [0m  @Test[0m
     [36m| [0m [34m_[0m[34m^[0m
[36m305[0m  [36m| [0m[34m|[0m class DnsClientWireTest {[0m
     [36m| [0m[34m|[0m ...[0m
[36m1342[0m [36m| [0m[34m|[0m }[0m
     [36m| [0m[34m|[0m[34m_[0m[34m^[0m
     [36m| [0m

[33mwarning[0m: unreachable block in 'if' expression
    [36m| [0m
    [36m| [0m  /* 304.148 */                    if(e is AssertIntermediateException) {[0m
    [36m| [0m [33m_[0m[33m______________________________________________________________________^[0m
    [36m| [0m[33m|[0m /* 304.149 */                        throw e[0m
    [36m| [0m[33m|[0m /* 304.150 */                    }[0m
    [36m| [0m[33m|[0m[33m_[0m[33m_________________________________^ unreachable block in 'if' expression[0m
    [36m| [0m
    [36m#[0m [0mnote[0m: this warning can be suppressed by setting the compiler option `-Woff unused`
[34mnote[0m: the warning occurs after the macro is expanded
    [36m==>[0m /home/elliot/playground/Wirestack-pr-worktrees/M8-004-publication/src/net/dns_client_test.cj:304:1:
     [36m| [0m
[36m304[0m  [36m| [0m  @Test[0m
     [36m| [0m [34m_[0m[34m^[0m
[36m305[0m  [36m| [0m[34m|[0m class DnsClientWireTest {[0m
     [36m| [0m[34m|[0m ...[0m
[36m1342[0m [36m| [0m[34m|[0m }[0m
     [36m| [0m[34m|[0m[34m_[0m[34m^[0m
     [36m| [0m

[33mwarning[0m: unreachable block in 'if' expression
    [36m| [0m
    [36m| [0m  /* 8.446 */                if(e is AssertException) {[0m
    [36m| [0m [33m_[0m[33m____________________________________________________^[0m
    [36m| [0m[33m|[0m /* 8.447 */                    throw e[0m
    [36m| [0m[33m|[0m /* 8.448 */                }[0m
    [36m| [0m[33m|[0m[33m_[0m[33m___________________________^ unreachable block in 'if' expression[0m
    [36m| [0m
    [36m#[0m [0mnote[0m: this warning can be suppressed by setting the compiler option `-Woff unused`
[34mnote[0m: the warning occurs after the macro is expanded
   [36m==>[0m /home/elliot/playground/Wirestack-pr-worktrees/M8-004-publication/src/net/dns_wire_test.cj:8:1:
    [36m| [0m
[36m8[0m   [36m| [0m  @Test[0m
    [36m| [0m [34m_[0m[34m^[0m
[36m9[0m   [36m| [0m[34m|[0m class DnsWireParserTest {[0m
    [36m| [0m[34m|[0m ...[0m
[36m305[0m [36m| [0m[34m|[0m }[0m
    [36m| [0m[34m|[0m[34m_[0m[34m^[0m
    [36m| [0m

[33mwarning[0m: unreachable block in 'if' expression
    [36m| [0m
    [36m| [0m  /* 304.151 */                    if(e is UnittestTimeoutException) {[0m
    [36m| [0m [33m_[0m[33m___________________________________________________________________^[0m
    [36m| [0m[33m|[0m /* 304.152 */                        throw e[0m
    [36m| [0m[33m|[0m /* 304.153 */                    }[0m
    [36m| [0m[33m|[0m[33m_[0m[33m_________________________________^ unreachable block in 'if' expression[0m
    [36m| [0m
    [36m#[0m [0mnote[0m: this warning can be suppressed by setting the compiler option `-Woff unused`
[34mnote[0m: the warning occurs after the macro is expanded
    [36m==>[0m /home/elliot/playground/Wirestack-pr-worktrees/M8-004-publication/src/net/dns_client_test.cj:304:1:
     [36m| [0m
[36m304[0m  [36m| [0m  @Test[0m
     [36m| [0m [34m_[0m[34m^[0m
[36m305[0m  [36m| [0m[34m|[0m class DnsClientWireTest {[0m
     [36m| [0m[34m|[0m ...[0m
[36m1342[0m [36m| [0m[34m|[0m }[0m
     [36m| [0m[34m|[0m[34m_[0m[34m^[0m
     [36m| [0m

[33mwarning[0m: unreachable block in 'if' expression
    [36m| [0m
    [36m| [0m  /* 8.449 */                if(e is AssertIntermediateException) {[0m
    [36m| [0m [33m_[0m[33m________________________________________________________________^[0m
    [36m| [0m[33m|[0m /* 8.450 */                    throw e[0m
    [36m| [0m[33m|[0m /* 8.451 */                }[0m
    [36m| [0m[33m|[0m[33m_[0m[33m___________________________^ unreachable block in 'if' expression[0m
    [36m| [0m
    [36m#[0m [0mnote[0m: this warning can be suppressed by setting the compiler option `-Woff unused`
[34mnote[0m: the warning occurs after the macro is expanded
   [36m==>[0m /home/elliot/playground/Wirestack-pr-worktrees/M8-004-publication/src/net/dns_wire_test.cj:8:1:
    [36m| [0m
[36m8[0m   [36m| [0m  @Test[0m
    [36m| [0m [34m_[0m[34m^[0m
[36m9[0m   [36m| [0m[34m|[0m class DnsWireParserTest {[0m
    [36m| [0m[34m|[0m ...[0m
[36m305[0m [36m| [0m[34m|[0m }[0m
    [36m| [0m[34m|[0m[34m_[0m[34m^[0m
    [36m| [0m

[33mwarning[0m: unreachable block in 'if' expression
    [36m| [0m
    [36m| [0m  /* 8.452 */                if(e is UnittestTimeoutException) {[0m
    [36m| [0m [33m_[0m[33m_____________________________________________________________^[0m
    [36m| [0m[33m|[0m /* 8.453 */                    throw e[0m
    [36m| [0m[33m|[0m /* 8.454 */                }[0m
    [36m| [0m[33m|[0m[33m_[0m[33m___________________________^ unreachable block in 'if' expression[0m
    [36m| [0m
    [36m#[0m [0mnote[0m: this warning can be suppressed by setting the compiler option `-Woff unused`
[34mnote[0m: the warning occurs after the macro is expanded
   [36m==>[0m /home/elliot/playground/Wirestack-pr-worktrees/M8-004-publication/src/net/dns_wire_test.cj:8:1:
    [36m| [0m
[36m8[0m   [36m| [0m  @Test[0m
    [36m| [0m [34m_[0m[34m^[0m
[36m9[0m   [36m| [0m[34m|[0m class DnsWireParserTest {[0m
    [36m| [0m[34m|[0m ...[0m
[36m305[0m [36m| [0m[34m|[0m }[0m
    [36m| [0m[34m|[0m[34m_[0m[34m^[0m
    [36m| [0m

[33mwarning[0m: unreachable block in 'if' expression
    [36m| [0m
    [36m| [0m  /* 8.472 */                if(e is AssertException) {[0m
    [36m| [0m [33m_[0m[33m____________________________________________________^[0m
    [36m| [0m[33m|[0m /* 8.473 */                    throw e[0m
    [36m| [0m[33m|[0m /* 8.474 */                }[0m
    [36m| [0m[33m|[0m[33m_[0m[33m___________________________^ unreachable block in 'if' expression[0m
    [36m| [0m
    [36m#[0m [0mnote[0m: this warning can be suppressed by setting the compiler option `-Woff unused`
[34mnote[0m: the warning occurs after the macro is expanded
   [36m==>[0m /home/elliot/playground/Wirestack-pr-worktrees/M8-004-publication/src/net/dns_wire_test.cj:8:1:
    [36m| [0m
[36m8[0m   [36m| [0m  @Test[0m
    [36m| [0m [34m_[0m[34m^[0m
[36m9[0m   [36m| [0m[34m|[0m class DnsWireParserTest {[0m
    [36m| [0m[34m|[0m ...[0m
[36m305[0m [36m| [0m[34m|[0m }[0m
    [36m| [0m[34m|[0m[34m_[0m[34m^[0m
    [36m| [0m

[33mwarning[0m: unreachable block in 'if' expression
    [36m| [0m
    [36m| [0m  /* 8.475 */                if(e is AssertIntermediateException) {[0m
    [36m| [0m [33m_[0m[33m________________________________________________________________^[0m
    [36m| [0m[33m|[0m /* 8.476 */                    throw e[0m
    [36m| [0m[33m|[0m /* 8.477 */                }[0m
    [36m| [0m[33m|[0m[33m_[0m[33m___________________________^ unreachable block in 'if' expression[0m
    [36m| [0m
    [36m#[0m [0mnote[0m: this warning can be suppressed by setting the compiler option `-Woff unused`
[34mnote[0m: the warning occurs after the macro is expanded
   [36m==>[0m /home/elliot/playground/Wirestack-pr-worktrees/M8-004-publication/src/net/dns_wire_test.cj:8:1:
    [36m| [0m
[36m8[0m   [36m| [0m  @Test[0m
    [36m| [0m [34m_[0m[34m^[0m
[36m9[0m   [36m| [0m[34m|[0m class DnsWireParserTest {[0m
    [36m| [0m[34m|[0m ...[0m
[36m305[0m [36m| [0m[34m|[0m }[0m
    [36m| [0m[34m|[0m[34m_[0m[34m^[0m
    [36m| [0m

[33mwarning[0m: unreachable block in 'if' expression
    [36m| [0m
    [36m| [0m  /* 8.478 */                if(e is UnittestTimeoutException) {[0m
    [36m| [0m [33m_[0m[33m_____________________________________________________________^[0m
    [36m| [0m[33m|[0m /* 8.479 */                    throw e[0m
    [36m| [0m[33m|[0m /* 8.480 */                }[0m
    [36m| [0m[33m|[0m[33m_[0m[33m___________________________^ unreachable block in 'if' expression[0m
    [36m| [0m
    [36m#[0m [0mnote[0m: this warning can be suppressed by setting the compiler option `-Woff unused`
[34mnote[0m: the warning occurs after the macro is expanded
   [36m==>[0m /home/elliot/playground/Wirestack-pr-worktrees/M8-004-publication/src/net/dns_wire_test.cj:8:1:
    [36m| [0m
[36m8[0m   [36m| [0m  @Test[0m
    [36m| [0m [34m_[0m[34m^[0m
[36m9[0m   [36m| [0m[34m|[0m class DnsWireParserTest {[0m
    [36m| [0m[34m|[0m ...[0m
[36m305[0m [36m| [0m[34m|[0m }[0m
    [36m| [0m[34m|[0m[34m_[0m[34m^[0m
    [36m| [0m

[33mwarning[0m: unreachable block in 'if' expression
    [36m| [0m
    [36m| [0m  /* 8.503 */                if(e is AssertException) {[0m
    [36m| [0m [33m_[0m[33m____________________________________________________^[0m
    [36m| [0m[33m|[0m /* 8.504 */                    throw e[0m
    [36m| [0m[33m|[0m /* 8.505 */                }[0m
    [36m| [0m[33m|[0m[33m_[0m[33m___________________________^ unreachable block in 'if' expression[0m
    [36m| [0m
    [36m#[0m [0mnote[0m: this warning can be suppressed by setting the compiler option `-Woff unused`
[34mnote[0m: the warning occurs after the macro is expanded
   [36m==>[0m /home/elliot/playground/Wirestack-pr-worktrees/M8-004-publication/src/net/dns_wire_test.cj:8:1:
    [36m| [0m
[36m8[0m   [36m| [0m  @Test[0m
    [36m| [0m [34m_[0m[34m^[0m
[36m9[0m   [36m| [0m[34m|[0m class DnsWireParserTest {[0m
    [36m| [0m[34m|[0m ...[0m
[36m305[0m [36m| [0m[34m|[0m }[0m
    [36m| [0m[34m|[0m[34m_[0m[34m^[0m
    [36m| [0m

[33mwarning[0m: unreachable block in 'if' expression
    [36m| [0m
    [36m| [0m  /* 8.506 */                if(e is AssertIntermediateException) {[0m
    [36m| [0m [33m_[0m[33m________________________________________________________________^[0m
    [36m| [0m[33m|[0m /* 8.507 */                    throw e[0m
    [36m| [0m[33m|[0m /* 8.508 */                }[0m
    [36m| [0m[33m|[0m[33m_[0m[33m___________________________^ unreachable block in 'if' expression[0m
    [36m| [0m
    [36m#[0m [0mnote[0m: this warning can be suppressed by setting the compiler option `-Woff unused`
[34mnote[0m: the warning occurs after the macro is expanded
   [36m==>[0m /home/elliot/playground/Wirestack-pr-worktrees/M8-004-publication/src/net/dns_wire_test.cj:8:1:
    [36m| [0m
[36m8[0m   [36m| [0m  @Test[0m
    [36m| [0m [34m_[0m[34m^[0m
[36m9[0m   [36m| [0m[34m|[0m class DnsWireParserTest {[0m
    [36m| [0m[34m|[0m ...[0m
[36m305[0m [36m| [0m[34m|[0m }[0m
    [36m| [0m[34m|[0m[34m_[0m[34m^[0m
    [36m| [0m

[33mwarning[0m: unreachable block in 'if' expression
    [36m| [0m
    [36m| [0m  /* 8.509 */                if(e is UnittestTimeoutException) {[0m
    [36m| [0m [33m_[0m[33m_____________________________________________________________^[0m
    [36m| [0m[33m|[0m /* 8.510 */                    throw e[0m
    [36m| [0m[33m|[0m /* 8.511 */                }[0m
    [36m| [0m[33m|[0m[33m_[0m[33m___________________________^ unreachable block in 'if' expression[0m
    [36m| [0m
    [36m#[0m [0mnote[0m: this warning can be suppressed by setting the compiler option `-Woff unused`
[34mnote[0m: the warning occurs after the macro is expanded
   [36m==>[0m /home/elliot/playground/Wirestack-pr-worktrees/M8-004-publication/src/net/dns_wire_test.cj:8:1:
    [36m| [0m
[36m8[0m   [36m| [0m  @Test[0m
    [36m| [0m [34m_[0m[34m^[0m
[36m9[0m   [36m| [0m[34m|[0m class DnsWireParserTest {[0m
    [36m| [0m[34m|[0m ...[0m
[36m305[0m [36m| [0m[34m|[0m }[0m
    [36m| [0m[34m|[0m[34m_[0m[34m^[0m
    [36m| [0m

[33mwarning[0m: unreachable block in 'if' expression
    [36m| [0m
    [36m| [0m  /* 8.533 */                    if(e is AssertException) {[0m
    [36m| [0m [33m_[0m[33m________________________________________________________^[0m
    [36m| [0m[33m|[0m /* 8.534 */                        throw e[0m
    [36m| [0m[33m|[0m /* 8.535 */                    }[0m
    [36m| [0m[33m|[0m[33m_[0m[33m_______________________________^ unreachable block in 'if' expression[0m
    [36m| [0m
    [36m#[0m [0mnote[0m: this warning can be suppressed by setting the compiler option `-Woff unused`
[34mnote[0m: the warning occurs after the macro is expanded
   [36m==>[0m /home/elliot/playground/Wirestack-pr-worktrees/M8-004-publication/src/net/dns_wire_test.cj:8:1:
    [36m| [0m
[36m8[0m   [36m| [0m  @Test[0m
    [36m| [0m [34m_[0m[34m^[0m
[36m9[0m   [36m| [0m[34m|[0m class DnsWireParserTest {[0m
    [36m| [0m[34m|[0m ...[0m
[36m305[0m [36m| [0m[34m|[0m }[0m
    [36m| [0m[34m|[0m[34m_[0m[34m^[0m
    [36m| [0m

[33mwarning[0m: unreachable block in 'if' expression
    [36m| [0m
    [36m| [0m  /* 8.536 */                    if(e is AssertIntermediateException) {[0m
    [36m| [0m [33m_[0m[33m____________________________________________________________________^[0m
    [36m| [0m[33m|[0m /* 8.537 */                        throw e[0m
    [36m| [0m[33m|[0m /* 8.538 */                    }[0m
    [36m| [0m[33m|[0m[33m_[0m[33m_______________________________^ unreachable block in 'if' expression[0m
    [36m| [0m
    [36m#[0m [0mnote[0m: this warning can be suppressed by setting the compiler option `-Woff unused`
[34mnote[0m: the warning occurs after the macro is expanded
   [36m==>[0m /home/elliot/playground/Wirestack-pr-worktrees/M8-004-publication/src/net/dns_wire_test.cj:8:1:
    [36m| [0m
[36m8[0m   [36m| [0m  @Test[0m
    [36m| [0m [34m_[0m[34m^[0m
[36m9[0m   [36m| [0m[34m|[0m class DnsWireParserTest {[0m
    [36m| [0m[34m|[0m ...[0m
[36m305[0m [36m| [0m[34m|[0m }[0m
    [36m| [0m[34m|[0m[34m_[0m[34m^[0m
    [36m| [0m

[33mwarning[0m: unreachable block in 'if' expression
    [36m| [0m
    [36m| [0m  /* 8.539 */                    if(e is UnittestTimeoutException) {[0m
    [36m| [0m [33m_[0m[33m_________________________________________________________________^[0m
    [36m| [0m[33m|[0m /* 8.540 */                        throw e[0m
    [36m| [0m[33m|[0m /* 8.541 */                    }[0m
    [36m| [0m[33m|[0m[33m_[0m[33m_______________________________^ unreachable block in 'if' expression[0m
    [36m| [0m
    [36m#[0m [0mnote[0m: this warning can be suppressed by setting the compiler option `-Woff unused`
[34mnote[0m: the warning occurs after the macro is expanded
   [36m==>[0m /home/elliot/playground/Wirestack-pr-worktrees/M8-004-publication/src/net/dns_wire_test.cj:8:1:
    [36m| [0m
[36m8[0m   [36m| [0m  @Test[0m
    [36m| [0m [34m_[0m[34m^[0m
[36m9[0m   [36m| [0m[34m|[0m class DnsWireParserTest {[0m
    [36m| [0m[34m|[0m ...[0m
[36m305[0m [36m| [0m[34m|[0m }[0m
    [36m| [0m[34m|[0m[34m_[0m[34m^[0m
    [36m| [0m

[33mwarning[0m: unreachable block in 'if' expression
    [36m| [0m
    [36m| [0m  /* 8.564 */                if(e is AssertException) {[0m
    [36m| [0m [33m_[0m[33m____________________________________________________^[0m
    [36m| [0m[33m|[0m /* 8.565 */                    throw e[0m
    [36m| [0m[33m|[0m /* 8.566 */                }[0m
    [36m| [0m[33m|[0m[33m_[0m[33m___________________________^ unreachable block in 'if' expression[0m
    [36m| [0m
    [36m#[0m [0mnote[0m: this warning can be suppressed by setting the compiler option `-Woff unused`
[34mnote[0m: the warning occurs after the macro is expanded
   [36m==>[0m /home/elliot/playground/Wirestack-pr-worktrees/M8-004-publication/src/net/dns_wire_test.cj:8:1:
    [36m| [0m
[36m8[0m   [36m| [0m  @Test[0m
    [36m| [0m [34m_[0m[34m^[0m
[36m9[0m   [36m| [0m[34m|[0m class DnsWireParserTest {[0m
    [36m| [0m[34m|[0m ...[0m
[36m305[0m [36m| [0m[34m|[0m }[0m
    [36m| [0m[34m|[0m[34m_[0m[34m^[0m
    [36m| [0m

[33mwarning[0m: unreachable block in 'if' expression
    [36m| [0m
    [36m| [0m  /* 8.567 */                if(e is AssertIntermediateException) {[0m
    [36m| [0m [33m_[0m[33m________________________________________________________________^[0m
    [36m| [0m[33m|[0m /* 8.568 */                    throw e[0m
    [36m| [0m[33m|[0m /* 8.569 */                }[0m
    [36m| [0m[33m|[0m[33m_[0m[33m___________________________^ unreachable block in 'if' expression[0m
    [36m| [0m
    [36m#[0m [0mnote[0m: this warning can be suppressed by setting the compiler option `-Woff unused`
[34mnote[0m: the warning occurs after the macro is expanded
   [36m==>[0m /home/elliot/playground/Wirestack-pr-worktrees/M8-004-publication/src/net/dns_wire_test.cj:8:1:
    [36m| [0m
[36m8[0m   [36m| [0m  @Test[0m
    [36m| [0m [34m_[0m[34m^[0m
[36m9[0m   [36m| [0m[34m|[0m class DnsWireParserTest {[0m
    [36m| [0m[34m|[0m ...[0m
[36m305[0m [36m| [0m[34m|[0m }[0m
    [36m| [0m[34m|[0m[34m_[0m[34m^[0m
    [36m| [0m

[33mwarning[0m: unreachable block in 'if' expression
    [36m| [0m
    [36m| [0m  /* 304.274 */                    if(e is AssertException) {[0m
    [36m| [0m [33m_[0m[33m__________________________________________________________^[0m
    [36m| [0m[33m|[0m /* 304.275 */                        throw e[0m
    [36m| [0m[33m|[0m /* 304.276 */                    }[0m
    [36m| [0m[33m|[0m[33m_[0m[33m_________________________________^ unreachable block in 'if' expression[0m
    [36m| [0m
    [36m#[0m [0mnote[0m: this warning can be suppressed by setting the compiler option `-Woff unused`
[34mnote[0m: the warning occurs after the macro is expanded
    [36m==>[0m /home/elliot/playground/Wirestack-pr-worktrees/M8-004-publication/src/net/dns_client_test.cj:304:1:
     [36m| [0m
[36m304[0m  [36m| [0m  @Test[0m
     [36m| [0m [34m_[0m[34m^[0m
[36m305[0m  [36m| [0m[34m|[0m class DnsClientWireTest {[0m
     [36m| [0m[34m|[0m ...[0m
[36m1342[0m [36m| [0m[34m|[0m }[0m
     [36m| [0m[34m|[0m[34m_[0m[34m^[0m
     [36m| [0m

[33mwarning[0m: unreachable block in 'if' expression
    [36m| [0m
    [36m| [0m  /* 8.570 */                if(e is UnittestTimeoutException) {[0m
    [36m| [0m [33m_[0m[33m_____________________________________________________________^[0m
    [36m| [0m[33m|[0m /* 8.571 */                    throw e[0m
    [36m| [0m[33m|[0m /* 8.572 */                }[0m
    [36m| [0m[33m|[0m[33m_[0m[33m___________________________^ unreachable block in 'if' expression[0m
    [36m| [0m
    [36m#[0m [0mnote[0m: this warning can be suppressed by setting the compiler option `-Woff unused`
[34mnote[0m: the warning occurs after the macro is expanded
   [36m==>[0m /home/elliot/playground/Wirestack-pr-worktrees/M8-004-publication/src/net/dns_wire_test.cj:8:1:
    [36m| [0m
[36m8[0m   [36m| [0m  @Test[0m
    [36m| [0m [34m_[0m[34m^[0m
[36m9[0m   [36m| [0m[34m|[0m class DnsWireParserTest {[0m
    [36m| [0m[34m|[0m ...[0m
[36m305[0m [36m| [0m[34m|[0m }[0m
    [36m| [0m[34m|[0m[34m_[0m[34m^[0m
    [36m| [0m

[33mwarning[0m: unreachable block in 'if' expression
    [36m| [0m
    [36m| [0m  /* 304.277 */                    if(e is AssertIntermediateException) {[0m
    [36m| [0m [33m_[0m[33m______________________________________________________________________^[0m
    [36m| [0m[33m|[0m /* 304.278 */                        throw e[0m
    [36m| [0m[33m|[0m /* 304.279 */                    }[0m
    [36m| [0m[33m|[0m[33m_[0m[33m_________________________________^ unreachable block in 'if' expression[0m
    [36m| [0m
    [36m#[0m [0mnote[0m: this warning can be suppressed by setting the compiler option `-Woff unused`
[34mnote[0m: the warning occurs after the macro is expanded
    [36m==>[0m /home/elliot/playground/Wirestack-pr-worktrees/M8-004-publication/src/net/dns_client_test.cj:304:1:
     [36m| [0m
[36m304[0m  [36m| [0m  @Test[0m
     [36m| [0m [34m_[0m[34m^[0m
[36m305[0m  [36m| [0m[34m|[0m class DnsClientWireTest {[0m
     [36m| [0m[34m|[0m ...[0m
[36m1342[0m [36m| [0m[34m|[0m }[0m
     [36m| [0m[34m|[0m[34m_[0m[34m^[0m
     [36m| [0m

[33mwarning[0m: unreachable block in 'if' expression
    [36m| [0m
    [36m| [0m  /* 304.280 */                    if(e is UnittestTimeoutException) {[0m
    [36m| [0m [33m_[0m[33m___________________________________________________________________^[0m
    [36m| [0m[33m|[0m /* 304.281 */                        throw e[0m
    [36m| [0m[33m|[0m /* 304.282 */                    }[0m
    [36m| [0m[33m|[0m[33m_[0m[33m_________________________________^ unreachable block in 'if' expression[0m
    [36m| [0m
    [36m#[0m [0mnote[0m: this warning can be suppressed by setting the compiler option `-Woff unused`
[34mnote[0m: the warning occurs after the macro is expanded
    [36m==>[0m /home/elliot/playground/Wirestack-pr-worktrees/M8-004-publication/src/net/dns_client_test.cj:304:1:
     [36m| [0m
[36m304[0m  [36m| [0m  @Test[0m
     [36m| [0m [34m_[0m[34m^[0m
[36m305[0m  [36m| [0m[34m|[0m class DnsClientWireTest {[0m
     [36m| [0m[34m|[0m ...[0m
[36m1342[0m [36m| [0m[34m|[0m }[0m
     [36m| [0m[34m|[0m[34m_[0m[34m^[0m
     [36m| [0m

[33mwarning[0m: unreachable block in 'if' expression
    [36m| [0m
    [36m| [0m  /* 8.591 */                if(e is AssertException) {[0m
    [36m| [0m [33m_[0m[33m____________________________________________________^[0m
    [36m| [0m[33m|[0m /* 8.592 */                    throw e[0m
    [36m| [0m[33m|[0m /* 8.593 */                }[0m
    [36m| [0m[33m|[0m[33m_[0m[33m___________________________^ unreachable block in 'if' expression[0m
    [36m| [0m
    [36m#[0m [0mnote[0m: this warning can be suppressed by setting the compiler option `-Woff unused`
[34mnote[0m: the warning occurs after the macro is expanded
   [36m==>[0m /home/elliot/playground/Wirestack-pr-worktrees/M8-004-publication/src/net/dns_wire_test.cj:8:1:
    [36m| [0m
[36m8[0m   [36m| [0m  @Test[0m
    [36m| [0m [34m_[0m[34m^[0m
[36m9[0m   [36m| [0m[34m|[0m class DnsWireParserTest {[0m
    [36m| [0m[34m|[0m ...[0m
[36m305[0m [36m| [0m[34m|[0m }[0m
    [36m| [0m[34m|[0m[34m_[0m[34m^[0m
    [36m| [0m

[33mwarning[0m: unreachable block in 'if' expression
    [36m| [0m
    [36m| [0m  /* 8.594 */                if(e is AssertIntermediateException) {[0m
    [36m| [0m [33m_[0m[33m________________________________________________________________^[0m
    [36m| [0m[33m|[0m /* 8.595 */                    throw e[0m
    [36m| [0m[33m|[0m /* 8.596 */                }[0m
    [36m| [0m[33m|[0m[33m_[0m[33m___________________________^ unreachable block in 'if' expression[0m
    [36m| [0m
    [36m#[0m [0mnote[0m: this warning can be suppressed by setting the compiler option `-Woff unused`
[34mnote[0m: the warning occurs after the macro is expanded
   [36m==>[0m /home/elliot/playground/Wirestack-pr-worktrees/M8-004-publication/src/net/dns_wire_test.cj:8:1:
    [36m| [0m
[36m8[0m   [36m| [0m  @Test[0m
    [36m| [0m [34m_[0m[34m^[0m
[36m9[0m   [36m| [0m[34m|[0m class DnsWireParserTest {[0m
    [36m| [0m[34m|[0m ...[0m
[36m305[0m [36m| [0m[34m|[0m }[0m
    [36m| [0m[34m|[0m[34m_[0m[34m^[0m
    [36m| [0m

[33mwarning[0m: unreachable block in 'if' expression
    [36m| [0m
    [36m| [0m  /* 8.597 */                if(e is UnittestTimeoutException) {[0m
    [36m| [0m [33m_[0m[33m_____________________________________________________________^[0m
    [36m| [0m[33m|[0m /* 8.598 */                    throw e[0m
    [36m| [0m[33m|[0m /* 8.599 */                }[0m
    [36m| [0m[33m|[0m[33m_[0m[33m___________________________^ unreachable block in 'if' expression[0m
    [36m| [0m
    [36m#[0m [0mnote[0m: this warning can be suppressed by setting the compiler option `-Woff unused`
[34mnote[0m: the warning occurs after the macro is expanded
   [36m==>[0m /home/elliot/playground/Wirestack-pr-worktrees/M8-004-publication/src/net/dns_wire_test.cj:8:1:
    [36m| [0m
[36m8[0m   [36m| [0m  @Test[0m
    [36m| [0m [34m_[0m[34m^[0m
[36m9[0m   [36m| [0m[34m|[0m class DnsWireParserTest {[0m
    [36m| [0m[34m|[0m ...[0m
[36m305[0m [36m| [0m[34m|[0m }[0m
    [36m| [0m[34m|[0m[34m_[0m[34m^[0m
    [36m| [0m

[33mwarning[0m: unreachable block in 'if' expression
    [36m| [0m
    [36m| [0m  /* 304.320 */                    if(e is AssertException) {[0m
    [36m| [0m [33m_[0m[33m__________________________________________________________^[0m
    [36m| [0m[33m|[0m /* 304.321 */                        throw e[0m
    [36m| [0m[33m|[0m /* 304.322 */                    }[0m
    [36m| [0m[33m|[0m[33m_[0m[33m_________________________________^ unreachable block in 'if' expression[0m
    [36m| [0m
    [36m#[0m [0mnote[0m: this warning can be suppressed by setting the compiler option `-Woff unused`
[34mnote[0m: the warning occurs after the macro is expanded
    [36m==>[0m /home/elliot/playground/Wirestack-pr-worktrees/M8-004-publication/src/net/dns_client_test.cj:304:1:
     [36m| [0m
[36m304[0m  [36m| [0m  @Test[0m
     [36m| [0m [34m_[0m[34m^[0m
[36m305[0m  [36m| [0m[34m|[0m class DnsClientWireTest {[0m
     [36m| [0m[34m|[0m ...[0m
[36m1342[0m [36m| [0m[34m|[0m }[0m
     [36m| [0m[34m|[0m[34m_[0m[34m^[0m
     [36m| [0m

[33mwarning[0m: unreachable block in 'if' expression
    [36m| [0m
    [36m| [0m  /* 304.323 */                    if(e is AssertIntermediateException) {[0m
    [36m| [0m [33m_[0m[33m______________________________________________________________________^[0m
    [36m| [0m[33m|[0m /* 304.324 */                        throw e[0m
    [36m| [0m[33m|[0m /* 304.325 */                    }[0m
    [36m| [0m[33m|[0m[33m_[0m[33m_________________________________^ unreachable block in 'if' expression[0m
    [36m| [0m
    [36m#[0m [0mnote[0m: this warning can be suppressed by setting the compiler option `-Woff unused`
[34mnote[0m: the warning occurs after the macro is expanded
    [36m==>[0m /home/elliot/playground/Wirestack-pr-worktrees/M8-004-publication/src/net/dns_client_test.cj:304:1:
     [36m| [0m
[36m304[0m  [36m| [0m  @Test[0m
     [36m| [0m [34m_[0m[34m^[0m
[36m305[0m  [36m| [0m[34m|[0m class DnsClientWireTest {[0m
     [36m| [0m[34m|[0m ...[0m
[36m1342[0m [36m| [0m[34m|[0m }[0m
     [36m| [0m[34m|[0m[34m_[0m[34m^[0m
     [36m| [0m

[33mwarning[0m: unreachable block in 'if' expression
    [36m| [0m
    [36m| [0m  /* 8.621 */                if(e is AssertException) {[0m
    [36m| [0m [33m_[0m[33m____________________________________________________^[0m
    [36m| [0m[33m|[0m /* 8.622 */                    throw e[0m
    [36m| [0m[33m|[0m /* 8.623 */                }[0m
    [36m| [0m[33m|[0m[33m_[0m[33m___________________________^ unreachable block in 'if' expression[0m
    [36m| [0m
    [36m#[0m [0mnote[0m: this warning can be suppressed by setting the compiler option `-Woff unused`
[34mnote[0m: the warning occurs after the macro is expanded
   [36m==>[0m /home/elliot/playground/Wirestack-pr-worktrees/M8-004-publication/src/net/dns_wire_test.cj:8:1:
    [36m| [0m
[36m8[0m   [36m| [0m  @Test[0m
    [36m| [0m [34m_[0m[34m^[0m
[36m9[0m   [36m| [0m[34m|[0m class DnsWireParserTest {[0m
    [36m| [0m[34m|[0m ...[0m
[36m305[0m [36m| [0m[34m|[0m }[0m
    [36m| [0m[34m|[0m[34m_[0m[34m^[0m
    [36m| [0m

[33mwarning[0m: unreachable block in 'if' expression
    [36m| [0m
    [36m| [0m  /* 304.326 */                    if(e is UnittestTimeoutException) {[0m
    [36m| [0m [33m_[0m[33m___________________________________________________________________^[0m
    [36m| [0m[33m|[0m /* 304.327 */                        throw e[0m
    [36m| [0m[33m|[0m /* 304.328 */                    }[0m
    [36m| [0m[33m|[0m[33m_[0m[33m_________________________________^ unreachable block in 'if' expression[0m
    [36m| [0m
    [36m#[0m [0mnote[0m: this warning can be suppressed by setting the compiler option `-Woff unused`
[34mnote[0m: the warning occurs after the macro is expanded
    [36m==>[0m /home/elliot/playground/Wirestack-pr-worktrees/M8-004-publication/src/net/dns_client_test.cj:304:1:
     [36m| [0m
[36m304[0m  [36m| [0m  @Test[0m
     [36m| [0m [34m_[0m[34m^[0m
[36m305[0m  [36m| [0m[34m|[0m class DnsClientWireTest {[0m
     [36m| [0m[34m|[0m ...[0m
[36m1342[0m [36m| [0m[34m|[0m }[0m
     [36m| [0m[34m|[0m[34m_[0m[34m^[0m
     [36m| [0m

[33mwarning[0m: unreachable block in 'if' expression
    [36m| [0m
    [36m| [0m  /* 8.624 */                if(e is AssertIntermediateException) {[0m
    [36m| [0m [33m_[0m[33m________________________________________________________________^[0m
    [36m| [0m[33m|[0m /* 8.625 */                    throw e[0m
    [36m| [0m[33m|[0m /* 8.626 */                }[0m
    [36m| [0m[33m|[0m[33m_[0m[33m___________________________^ unreachable block in 'if' expression[0m
    [36m| [0m
    [36m#[0m [0mnote[0m: this warning can be suppressed by setting the compiler option `-Woff unused`
[34mnote[0m: the warning occurs after the macro is expanded
   [36m==>[0m /home/elliot/playground/Wirestack-pr-worktrees/M8-004-publication/src/net/dns_wire_test.cj:8:1:
    [36m| [0m
[36m8[0m   [36m| [0m  @Test[0m
    [36m| [0m [34m_[0m[34m^[0m
[36m9[0m   [36m| [0m[34m|[0m class DnsWireParserTest {[0m
    [36m| [0m[34m|[0m ...[0m
[36m305[0m [36m| [0m[34m|[0m }[0m
    [36m| [0m[34m|[0m[34m_[0m[34m^[0m
    [36m| [0m

[33mwarning[0m: unreachable block in 'if' expression
    [36m| [0m
    [36m| [0m  /* 8.627 */                if(e is UnittestTimeoutException) {[0m
    [36m| [0m [33m_[0m[33m_____________________________________________________________^[0m
    [36m| [0m[33m|[0m /* 8.628 */                    throw e[0m
    [36m| [0m[33m|[0m /* 8.629 */                }[0m
    [36m| [0m[33m|[0m[33m_[0m[33m___________________________^ unreachable block in 'if' expression[0m
    [36m| [0m
    [36m#[0m [0mnote[0m: this warning can be suppressed by setting the compiler option `-Woff unused`
[34mnote[0m: the warning occurs after the macro is expanded
   [36m==>[0m /home/elliot/playground/Wirestack-pr-worktrees/M8-004-publication/src/net/dns_wire_test.cj:8:1:
    [36m| [0m
[36m8[0m   [36m| [0m  @Test[0m
    [36m| [0m [34m_[0m[34m^[0m
[36m9[0m   [36m| [0m[34m|[0m class DnsWireParserTest {[0m
    [36m| [0m[34m|[0m ...[0m
[36m305[0m [36m| [0m[34m|[0m }[0m
    [36m| [0m[34m|[0m[34m_[0m[34m^[0m
    [36m| [0m

[33mwarning[0m: unreachable pattern
   [36m==>[0m /home/elliot/playground/Wirestack-pr-worktrees/M8-004-publication/src/net/dns_resolver_test.cj:678:22:
    [36m| [0m
[36m678[0m [36m| [0m                case None => ()[0m
    [36m| [0m                     [33m^ [0m
    [36m| [0m
    [36m#[0m [0mnote[0m: this warning can be suppressed by setting the compiler option `-Woff unused`
[34mnote[0m: the warning occurs after the macro is expanded
   [36m==>[0m /home/elliot/playground/Wirestack-pr-worktrees/M8-004-publication/src/net/dns_resolver_test.cj:156:1:
    [36m| [0m
[36m156[0m [36m| [0m  @Test[0m
    [36m| [0m [34m_[0m[34m^[0m
[36m157[0m [36m| [0m[34m|[0m class DnsResolverPolicyTest {[0m
    [36m| [0m[34m|[0m ...[0m
[36m723[0m [36m| [0m[34m|[0m }[0m
    [36m| [0m[34m|[0m[34m_[0m[34m^[0m
    [36m| [0m
[34mnote[0m: which is expanded as follows
    [36m| [0m
    [36m| [0m/* 156.493 */            case None =>()[0m
    [36m| [0m                              [34m^^^^ [0m
    [36m| [0m

[33mwarning[0m: unreachable block in 'if' expression
    [36m| [0m
    [36m| [0m  /* 304.379 */                        if(e is AssertException) {[0m
    [36m| [0m [33m_[0m[33m______________________________________________________________^[0m
    [36m| [0m[33m|[0m /* 304.380 */                            throw e[0m
    [36m| [0m[33m|[0m /* 304.381 */                        }[0m
    [36m| [0m[33m|[0m[33m_[0m[33m_____________________________________^ unreachable block in 'if' expression[0m
    [36m| [0m
    [36m#[0m [0mnote[0m: this warning can be suppressed by setting the compiler option `-Woff unused`
[34mnote[0m: the warning occurs after the macro is expanded
    [36m==>[0m /home/elliot/playground/Wirestack-pr-worktrees/M8-004-publication/src/net/dns_client_test.cj:304:1:
     [36m| [0m
[36m304[0m  [36m| [0m  @Test[0m
     [36m| [0m [34m_[0m[34m^[0m
[36m305[0m  [36m| [0m[34m|[0m class DnsClientWireTest {[0m
     [36m| [0m[34m|[0m ...[0m
[36m1342[0m [36m| [0m[34m|[0m }[0m
     [36m| [0m[34m|[0m[34m_[0m[34m^[0m
     [36m| [0m

[33mwarning[0m: unreachable block in 'if' expression
    [36m| [0m
    [36m| [0m  /* 304.382 */                        if(e is AssertIntermediateException) {[0m
    [36m| [0m [33m_[0m[33m__________________________________________________________________________^[0m
    [36m| [0m[33m|[0m /* 304.383 */                            throw e[0m
    [36m| [0m[33m|[0m /* 304.384 */                        }[0m
    [36m| [0m[33m|[0m[33m_[0m[33m_____________________________________^ unreachable block in 'if' expression[0m
    [36m| [0m
    [36m#[0m [0mnote[0m: this warning can be suppressed by setting the compiler option `-Woff unused`
[34mnote[0m: the warning occurs after the macro is expanded
    [36m==>[0m /home/elliot/playground/Wirestack-pr-worktrees/M8-004-publication/src/net/dns_client_test.cj:304:1:
     [36m| [0m
[36m304[0m  [36m| [0m  @Test[0m
     [36m| [0m [34m_[0m[34m^[0m
[36m305[0m  [36m| [0m[34m|[0m class DnsClientWireTest {[0m
     [36m| [0m[34m|[0m ...[0m
[36m1342[0m [36m| [0m[34m|[0m }[0m
     [36m| [0m[34m|[0m[34m_[0m[34m^[0m
     [36m| [0m

[33mwarning[0m: unreachable block in 'if' expression
    [36m| [0m
    [36m| [0m  /* 304.385 */                        if(e is UnittestTimeoutException) {[0m
    [36m| [0m [33m_[0m[33m_______________________________________________________________________^[0m
    [36m| [0m[33m|[0m /* 304.386 */                            throw e[0m
    [36m| [0m[33m|[0m /* 304.387 */                        }[0m
    [36m| [0m[33m|[0m[33m_[0m[33m_____________________________________^ unreachable block in 'if' expression[0m
    [36m| [0m
    [36m#[0m [0mnote[0m: this warning can be suppressed by setting the compiler option `-Woff unused`
[34mnote[0m: the warning occurs after the macro is expanded
    [36m==>[0m /home/elliot/playground/Wirestack-pr-worktrees/M8-004-publication/src/net/dns_client_test.cj:304:1:
     [36m| [0m
[36m304[0m  [36m| [0m  @Test[0m
     [36m| [0m [34m_[0m[34m^[0m
[36m305[0m  [36m| [0m[34m|[0m class DnsClientWireTest {[0m
     [36m| [0m[34m|[0m ...[0m
[36m1342[0m [36m| [0m[34m|[0m }[0m
     [36m| [0m[34m|[0m[34m_[0m[34m^[0m
     [36m| [0m

[33mwarning[0m: unreachable block in 'if' expression
    [36m| [0m
    [36m| [0m  /* 8.702 */                if(e is AssertException) {[0m
    [36m| [0m [33m_[0m[33m____________________________________________________^[0m
    [36m| [0m[33m|[0m /* 8.703 */                    throw e[0m
    [36m| [0m[33m|[0m /* 8.704 */                }[0m
    [36m| [0m[33m|[0m[33m_[0m[33m___________________________^ unreachable block in 'if' expression[0m
    [36m| [0m
    [36m#[0m [0mnote[0m: this warning can be suppressed by setting the compiler option `-Woff unused`
[34mnote[0m: the warning occurs after the macro is expanded
   [36m==>[0m /home/elliot/playground/Wirestack-pr-worktrees/M8-004-publication/src/net/dns_wire_test.cj:8:1:
    [36m| [0m
[36m8[0m   [36m| [0m  @Test[0m
    [36m| [0m [34m_[0m[34m^[0m
[36m9[0m   [36m| [0m[34m|[0m class DnsWireParserTest {[0m
    [36m| [0m[34m|[0m ...[0m
[36m305[0m [36m| [0m[34m|[0m }[0m
    [36m| [0m[34m|[0m[34m_[0m[34m^[0m
    [36m| [0m

[33mwarning[0m: unreachable block in 'if' expression
    [36m| [0m
    [36m| [0m  /* 8.705 */                if(e is AssertIntermediateException) {[0m
    [36m| [0m [33m_[0m[33m________________________________________________________________^[0m
    [36m| [0m[33m|[0m /* 8.706 */                    throw e[0m
    [36m| [0m[33m|[0m /* 8.707 */                }[0m
    [36m| [0m[33m|[0m[33m_[0m[33m___________________________^ unreachable block in 'if' expression[0m
    [36m| [0m
    [36m#[0m [0mnote[0m: this warning can be suppressed by setting the compiler option `-Woff unused`
[34mnote[0m: the warning occurs after the macro is expanded
   [36m==>[0m /home/elliot/playground/Wirestack-pr-worktrees/M8-004-publication/src/net/dns_wire_test.cj:8:1:
    [36m| [0m
[36m8[0m   [36m| [0m  @Test[0m
    [36m| [0m [34m_[0m[34m^[0m
[36m9[0m   [36m| [0m[34m|[0m class DnsWireParserTest {[0m
    [36m| [0m[34m|[0m ...[0m
[36m305[0m [36m| [0m[34m|[0m }[0m
    [36m| [0m[34m|[0m[34m_[0m[34m^[0m
    [36m| [0m

[33mwarning[0m: unreachable block in 'if' expression
    [36m| [0m
    [36m| [0m  /* 8.708 */                if(e is UnittestTimeoutException) {[0m
    [36m| [0m [33m_[0m[33m_____________________________________________________________^[0m
    [36m| [0m[33m|[0m /* 8.709 */                    throw e[0m
    [36m| [0m[33m|[0m /* 8.710 */                }[0m
    [36m| [0m[33m|[0m[33m_[0m[33m___________________________^ unreachable block in 'if' expression[0m
    [36m| [0m
    [36m#[0m [0mnote[0m: this warning can be suppressed by setting the compiler option `-Woff unused`
[34mnote[0m: the warning occurs after the macro is expanded
   [36m==>[0m /home/elliot/playground/Wirestack-pr-worktrees/M8-004-publication/src/net/dns_wire_test.cj:8:1:
    [36m| [0m
[36m8[0m   [36m| [0m  @Test[0m
    [36m| [0m [34m_[0m[34m^[0m
[36m9[0m   [36m| [0m[34m|[0m class DnsWireParserTest {[0m
    [36m| [0m[34m|[0m ...[0m
[36m305[0m [36m| [0m[34m|[0m }[0m
    [36m| [0m[34m|[0m[34m_[0m[34m^[0m
    [36m| [0m

[33mwarning[0m: unreachable block in 'if' expression
    [36m| [0m
    [36m| [0m  /* 304.454 */                    if(e is AssertException) {[0m
    [36m| [0m [33m_[0m[33m__________________________________________________________^[0m
    [36m| [0m[33m|[0m /* 304.455 */                        throw e[0m
    [36m| [0m[33m|[0m /* 304.456 */                    }[0m
    [36m| [0m[33m|[0m[33m_[0m[33m_________________________________^ unreachable block in 'if' expression[0m
    [36m| [0m
    [36m#[0m [0mnote[0m: this warning can be suppressed by setting the compiler option `-Woff unused`
[34mnote[0m: the warning occurs after the macro is expanded
    [36m==>[0m /home/elliot/playground/Wirestack-pr-worktrees/M8-004-publication/src/net/dns_client_test.cj:304:1:
     [36m| [0m
[36m304[0m  [36m| [0m  @Test[0m
     [36m| [0m [34m_[0m[34m^[0m
[36m305[0m  [36m| [0m[34m|[0m class DnsClientWireTest {[0m
     [36m| [0m[34m|[0m ...[0m
[36m1342[0m [36m| [0m[34m|[0m }[0m
     [36m| [0m[34m|[0m[34m_[0m[34m^[0m
     [36m| [0m

[33mwarning[0m: unreachable block in 'if' expression
    [36m| [0m
    [36m| [0m  /* 304.457 */                    if(e is AssertIntermediateException) {[0m
    [36m| [0m [33m_[0m[33m______________________________________________________________________^[0m
    [36m| [0m[33m|[0m /* 304.458 */                        throw e[0m
    [36m| [0m[33m|[0m /* 304.459 */                    }[0m
    [36m| [0m[33m|[0m[33m_[0m[33m_________________________________^ unreachable block in 'if' expression[0m
    [36m| [0m
    [36m#[0m [0mnote[0m: this warning can be suppressed by setting the compiler option `-Woff unused`
[34mnote[0m: the warning occurs after the macro is expanded
    [36m==>[0m /home/elliot/playground/Wirestack-pr-worktrees/M8-004-publication/src/net/dns_client_test.cj:304:1:
     [36m| [0m
[36m304[0m  [36m| [0m  @Test[0m
     [36m| [0m [34m_[0m[34m^[0m
[36m305[0m  [36m| [0m[34m|[0m class DnsClientWireTest {[0m
     [36m| [0m[34m|[0m ...[0m
[36m1342[0m [36m| [0m[34m|[0m }[0m
     [36m| [0m[34m|[0m[34m_[0m[34m^[0m
     [36m| [0m

[33mwarning[0m: unreachable block in 'if' expression
    [36m| [0m
    [36m| [0m  /* 304.460 */                    if(e is UnittestTimeoutException) {[0m
    [36m| [0m [33m_[0m[33m___________________________________________________________________^[0m
    [36m| [0m[33m|[0m /* 304.461 */                        throw e[0m
    [36m| [0m[33m|[0m /* 304.462 */                    }[0m
    [36m| [0m[33m|[0m[33m_[0m[33m_________________________________^ unreachable block in 'if' expression[0m
    [36m| [0m
    [36m#[0m [0mnote[0m: this warning can be suppressed by setting the compiler option `-Woff unused`
[34mnote[0m: the warning occurs after the macro is expanded
    [36m==>[0m /home/elliot/playground/Wirestack-pr-worktrees/M8-004-publication/src/net/dns_client_test.cj:304:1:
     [36m| [0m
[36m304[0m  [36m| [0m  @Test[0m
     [36m| [0m [34m_[0m[34m^[0m
[36m305[0m  [36m| [0m[34m|[0m class DnsClientWireTest {[0m
     [36m| [0m[34m|[0m ...[0m
[36m1342[0m [36m| [0m[34m|[0m }[0m
     [36m| [0m[34m|[0m[34m_[0m[34m^[0m
     [36m| [0m

[33mwarning[0m: unreachable block in 'if' expression
    [36m| [0m
    [36m| [0m  /* 304.509 */                    if(e is AssertException) {[0m
    [36m| [0m [33m_[0m[33m__________________________________________________________^[0m
    [36m| [0m[33m|[0m /* 304.510 */                        throw e[0m
    [36m| [0m[33m|[0m /* 304.511 */                    }[0m
    [36m| [0m[33m|[0m[33m_[0m[33m_________________________________^ unreachable block in 'if' expression[0m
    [36m| [0m
    [36m#[0m [0mnote[0m: this warning can be suppressed by setting the compiler option `-Woff unused`
[34mnote[0m: the warning occurs after the macro is expanded
    [36m==>[0m /home/elliot/playground/Wirestack-pr-worktrees/M8-004-publication/src/net/dns_client_test.cj:304:1:
     [36m| [0m
[36m304[0m  [36m| [0m  @Test[0m
     [36m| [0m [34m_[0m[34m^[0m
[36m305[0m  [36m| [0m[34m|[0m class DnsClientWireTest {[0m
     [36m| [0m[34m|[0m ...[0m
[36m1342[0m [36m| [0m[34m|[0m }[0m
     [36m| [0m[34m|[0m[34m_[0m[34m^[0m
     [36m| [0m

[33mwarning[0m: unreachable block in 'if' expression
    [36m| [0m
    [36m| [0m  /* 304.512 */                    if(e is AssertIntermediateException) {[0m
    [36m| [0m [33m_[0m[33m______________________________________________________________________^[0m
    [36m| [0m[33m|[0m /* 304.513 */                        throw e[0m
    [36m| [0m[33m|[0m /* 304.514 */                    }[0m
    [36m| [0m[33m|[0m[33m_[0m[33m_________________________________^ unreachable block in 'if' expression[0m
    [36m| [0m
    [36m#[0m [0mnote[0m: this warning can be suppressed by setting the compiler option `-Woff unused`
[34mnote[0m: the warning occurs after the macro is expanded
    [36m==>[0m /home/elliot/playground/Wirestack-pr-worktrees/M8-004-publication/src/net/dns_client_test.cj:304:1:
     [36m| [0m
[36m304[0m  [36m| [0m  @Test[0m
     [36m| [0m [34m_[0m[34m^[0m
[36m305[0m  [36m| [0m[34m|[0m class DnsClientWireTest {[0m
     [36m| [0m[34m|[0m ...[0m
[36m1342[0m [36m| [0m[34m|[0m }[0m
     [36m| [0m[34m|[0m[34m_[0m[34m^[0m
     [36m| [0m

[33mwarning[0m: unreachable block in 'if' expression
    [36m| [0m
    [36m| [0m  /* 304.515 */                    if(e is UnittestTimeoutException) {[0m
    [36m| [0m [33m_[0m[33m___________________________________________________________________^[0m
    [36m| [0m[33m|[0m /* 304.516 */                        throw e[0m
    [36m| [0m[33m|[0m /* 304.517 */                    }[0m
    [36m| [0m[33m|[0m[33m_[0m[33m_________________________________^ unreachable block in 'if' expression[0m
    [36m| [0m
    [36m#[0m [0mnote[0m: this warning can be suppressed by setting the compiler option `-Woff unused`
[34mnote[0m: the warning occurs after the macro is expanded
    [36m==>[0m /home/elliot/playground/Wirestack-pr-worktrees/M8-004-publication/src/net/dns_client_test.cj:304:1:
     [36m| [0m
[36m304[0m  [36m| [0m  @Test[0m
     [36m| [0m [34m_[0m[34m^[0m
[36m305[0m  [36m| [0m[34m|[0m class DnsClientWireTest {[0m
     [36m| [0m[34m|[0m ...[0m
[36m1342[0m [36m| [0m[34m|[0m }[0m
     [36m| [0m[34m|[0m[34m_[0m[34m^[0m
     [36m| [0m

[33mwarning[0m: unreachable block in 'if' expression
    [36m| [0m
    [36m| [0m  /* 304.568 */                    if(e is AssertException) {[0m
    [36m| [0m [33m_[0m[33m__________________________________________________________^[0m
    [36m| [0m[33m|[0m /* 304.569 */                        throw e[0m
    [36m| [0m[33m|[0m /* 304.570 */                    }[0m
    [36m| [0m[33m|[0m[33m_[0m[33m_________________________________^ unreachable block in 'if' expression[0m
    [36m| [0m
    [36m#[0m [0mnote[0m: this warning can be suppressed by setting the compiler option `-Woff unused`
[34mnote[0m: the warning occurs after the macro is expanded
    [36m==>[0m /home/elliot/playground/Wirestack-pr-worktrees/M8-004-publication/src/net/dns_client_test.cj:304:1:
     [36m| [0m
[36m304[0m  [36m| [0m  @Test[0m
     [36m| [0m [34m_[0m[34m^[0m
[36m305[0m  [36m| [0m[34m|[0m class DnsClientWireTest {[0m
     [36m| [0m[34m|[0m ...[0m
[36m1342[0m [36m| [0m[34m|[0m }[0m
     [36m| [0m[34m|[0m[34m_[0m[34m^[0m
     [36m| [0m

[33mwarning[0m: unreachable block in 'if' expression
    [36m| [0m
    [36m| [0m  /* 304.571 */                    if(e is AssertIntermediateException) {[0m
    [36m| [0m [33m_[0m[33m______________________________________________________________________^[0m
    [36m| [0m[33m|[0m /* 304.572 */                        throw e[0m
    [36m| [0m[33m|[0m /* 304.573 */                    }[0m
    [36m| [0m[33m|[0m[33m_[0m[33m_________________________________^ unreachable block in 'if' expression[0m
    [36m| [0m
    [36m#[0m [0mnote[0m: this warning can be suppressed by setting the compiler option `-Woff unused`
[34mnote[0m: the warning occurs after the macro is expanded
    [36m==>[0m /home/elliot/playground/Wirestack-pr-worktrees/M8-004-publication/src/net/dns_client_test.cj:304:1:
     [36m| [0m
[36m304[0m  [36m| [0m  @Test[0m
     [36m| [0m [34m_[0m[34m^[0m
[36m305[0m  [36m| [0m[34m|[0m class DnsClientWireTest {[0m
     [36m| [0m[34m|[0m ...[0m
[36m1342[0m [36m| [0m[34m|[0m }[0m
     [36m| [0m[34m|[0m[34m_[0m[34m^[0m
     [36m| [0m

[33mwarning[0m: unreachable block in 'if' expression
    [36m| [0m
    [36m| [0m  /* 304.574 */                    if(e is UnittestTimeoutException) {[0m
    [36m| [0m [33m_[0m[33m___________________________________________________________________^[0m
    [36m| [0m[33m|[0m /* 304.575 */                        throw e[0m
    [36m| [0m[33m|[0m /* 304.576 */                    }[0m
    [36m| [0m[33m|[0m[33m_[0m[33m_________________________________^ unreachable block in 'if' expression[0m
    [36m| [0m
    [36m#[0m [0mnote[0m: this warning can be suppressed by setting the compiler option `-Woff unused`
[34mnote[0m: the warning occurs after the macro is expanded
    [36m==>[0m /home/elliot/playground/Wirestack-pr-worktrees/M8-004-publication/src/net/dns_client_test.cj:304:1:
     [36m| [0m
[36m304[0m  [36m| [0m  @Test[0m
     [36m| [0m [34m_[0m[34m^[0m
[36m305[0m  [36m| [0m[34m|[0m class DnsClientWireTest {[0m
     [36m| [0m[34m|[0m ...[0m
[36m1342[0m [36m| [0m[34m|[0m }[0m
     [36m| [0m[34m|[0m[34m_[0m[34m^[0m
     [36m| [0m

[33mwarning[0m: unreachable block in 'if' expression
     [36m| [0m
     [36m| [0m  /* 304.859 */            if(e is AssertException) {[0m
     [36m| [0m [33m_[0m[33m__________________________________________________^[0m
     [36m| [0m[33m|[0m /* 304.860 */                throw e[0m
     [36m| [0m[33m|[0m /* 304.861 */            }[0m
     [36m| [0m[33m|[0m[33m_[0m[33m_________________________^ unreachable block in 'if' expression[0m
     [36m| [0m
     [36m#[0m [0mnote[0m: this warning can be suppressed by setting the compiler option `-Woff unused`
[34mnote[0m: the warning occurs after the macro is expanded
    [36m==>[0m /home/elliot/playground/Wirestack-pr-worktrees/M8-004-publication/src/net/dns_client_test.cj:304:1:
     [36m| [0m
[36m304[0m  [36m| [0m  @Test[0m
     [36m| [0m [34m_[0m[34m^[0m
[36m305[0m  [36m| [0m[34m|[0m class DnsClientWireTest {[0m
     [36m| [0m[34m|[0m ...[0m
[36m1342[0m [36m| [0m[34m|[0m }[0m
     [36m| [0m[34m|[0m[34m_[0m[34m^[0m
     [36m| [0m

[33mwarning[0m: unreachable block in 'if' expression
     [36m| [0m
     [36m| [0m  /* 304.862 */            if(e is AssertIntermediateException) {[0m
     [36m| [0m [33m_[0m[33m______________________________________________________________^[0m
     [36m| [0m[33m|[0m /* 304.863 */                throw e[0m
     [36m| [0m[33m|[0m /* 304.864 */            }[0m
     [36m| [0m[33m|[0m[33m_[0m[33m_________________________^ unreachable block in 'if' expression[0m
     [36m| [0m
     [36m#[0m [0mnote[0m: this warning can be suppressed by setting the compiler option `-Woff unused`
[34mnote[0m: the warning occurs after the macro is expanded
    [36m==>[0m /home/elliot/playground/Wirestack-pr-worktrees/M8-004-publication/src/net/dns_client_test.cj:304:1:
     [36m| [0m
[36m304[0m  [36m| [0m  @Test[0m
     [36m| [0m [34m_[0m[34m^[0m
[36m305[0m  [36m| [0m[34m|[0m class DnsClientWireTest {[0m
     [36m| [0m[34m|[0m ...[0m
[36m1342[0m [36m| [0m[34m|[0m }[0m
     [36m| [0m[34m|[0m[34m_[0m[34m^[0m
     [36m| [0m

[33mwarning[0m: unreachable block in 'if' expression
     [36m| [0m
     [36m| [0m  /* 304.865 */            if(e is UnittestTimeoutException) {[0m
     [36m| [0m [33m_[0m[33m___________________________________________________________^[0m
     [36m| [0m[33m|[0m /* 304.866 */                throw e[0m
     [36m| [0m[33m|[0m /* 304.867 */            }[0m
     [36m| [0m[33m|[0m[33m_[0m[33m_________________________^ unreachable block in 'if' expression[0m
     [36m| [0m
     [36m#[0m [0mnote[0m: this warning can be suppressed by setting the compiler option `-Woff unused`
[34mnote[0m: the warning occurs after the macro is expanded
    [36m==>[0m /home/elliot/playground/Wirestack-pr-worktrees/M8-004-publication/src/net/dns_client_test.cj:304:1:
     [36m| [0m
[36m304[0m  [36m| [0m  @Test[0m
     [36m| [0m [34m_[0m[34m^[0m
[36m305[0m  [36m| [0m[34m|[0m class DnsClientWireTest {[0m
     [36m| [0m[34m|[0m ...[0m
[36m1342[0m [36m| [0m[34m|[0m }[0m
     [36m| [0m[34m|[0m[34m_[0m[34m^[0m
     [36m| [0m

[33mwarning[0m: unreachable block in 'if' expression
     [36m| [0m
     [36m| [0m  /* 304.961 */    if(e is AssertException) {[0m
     [36m| [0m [33m_[0m[33m__________________________________________^[0m
     [36m| [0m[33m|[0m /* 304.962 */        throw e[0m
     [36m| [0m[33m|[0m /* 304.963 */    }[0m
     [36m| [0m[33m|[0m[33m_[0m[33m_________________^ unreachable block in 'if' expression[0m
     [36m| [0m
     [36m#[0m [0mnote[0m: this warning can be suppressed by setting the compiler option `-Woff unused`
[34mnote[0m: the warning occurs after the macro is expanded
    [36m==>[0m /home/elliot/playground/Wirestack-pr-worktrees/M8-004-publication/src/net/dns_client_test.cj:304:1:
     [36m| [0m
[36m304[0m  [36m| [0m  @Test[0m
     [36m| [0m [34m_[0m[34m^[0m
[36m305[0m  [36m| [0m[34m|[0m class DnsClientWireTest {[0m
     [36m| [0m[34m|[0m ...[0m
[36m1342[0m [36m| [0m[34m|[0m }[0m
     [36m| [0m[34m|[0m[34m_[0m[34m^[0m
     [36m| [0m

[33mwarning[0m: unreachable block in 'if' expression
     [36m| [0m
     [36m| [0m  /* 304.964 */    if(e is AssertIntermediateException) {[0m
     [36m| [0m [33m_[0m[33m______________________________________________________^[0m
     [36m| [0m[33m|[0m /* 304.965 */        throw e[0m
     [36m| [0m[33m|[0m /* 304.966 */    }[0m
     [36m| [0m[33m|[0m[33m_[0m[33m_________________^ unreachable block in 'if' expression[0m
     [36m| [0m
     [36m#[0m [0mnote[0m: this warning can be suppressed by setting the compiler option `-Woff unused`
[34mnote[0m: the warning occurs after the macro is expanded
    [36m==>[0m /home/elliot/playground/Wirestack-pr-worktrees/M8-004-publication/src/net/dns_client_test.cj:304:1:
     [36m| [0m
[36m304[0m  [36m| [0m  @Test[0m
     [36m| [0m [34m_[0m[34m^[0m
[36m305[0m  [36m| [0m[34m|[0m class DnsClientWireTest {[0m
     [36m| [0m[34m|[0m ...[0m
[36m1342[0m [36m| [0m[34m|[0m }[0m
     [36m| [0m[34m|[0m[34m_[0m[34m^[0m
     [36m| [0m

[33mwarning[0m: unreachable block in 'if' expression
     [36m| [0m
     [36m| [0m  /* 304.967 */    if(e is UnittestTimeoutException) {[0m
     [36m| [0m [33m_[0m[33m___________________________________________________^[0m
     [36m| [0m[33m|[0m /* 304.968 */        throw e[0m
     [36m| [0m[33m|[0m /* 304.969 */    }[0m
     [36m| [0m[33m|[0m[33m_[0m[33m_________________^ unreachable block in 'if' expression[0m
     [36m| [0m
     [36m#[0m [0mnote[0m: this warning can be suppressed by setting the compiler option `-Woff unused`
[34mnote[0m: the warning occurs after the macro is expanded
    [36m==>[0m /home/elliot/playground/Wirestack-pr-worktrees/M8-004-publication/src/net/dns_client_test.cj:304:1:
     [36m| [0m
[36m304[0m  [36m| [0m  @Test[0m
     [36m| [0m [34m_[0m[34m^[0m
[36m305[0m  [36m| [0m[34m|[0m class DnsClientWireTest {[0m
     [36m| [0m[34m|[0m ...[0m
[36m1342[0m [36m| [0m[34m|[0m }[0m
     [36m| [0m[34m|[0m[34m_[0m[34m^[0m
     [36m| [0m

[33mwarning[0m: unreachable block in 'if' expression
     [36m| [0m
     [36m| [0m  /* 304.1025 */    if(e is AssertException) {[0m
     [36m| [0m [33m_[0m[33m___________________________________________^[0m
     [36m| [0m[33m|[0m /* 304.1026 */        throw e[0m
     [36m| [0m[33m|[0m /* 304.1027 */    }[0m
     [36m| [0m[33m|[0m[33m_[0m[33m__________________^ unreachable block in 'if' expression[0m
     [36m| [0m
     [36m#[0m [0mnote[0m: this warning can be suppressed by setting the compiler option `-Woff unused`
[34mnote[0m: the warning occurs after the macro is expanded
    [36m==>[0m /home/elliot/playground/Wirestack-pr-worktrees/M8-004-publication/src/net/dns_client_test.cj:304:1:
     [36m| [0m
[36m304[0m  [36m| [0m  @Test[0m
     [36m| [0m [34m_[0m[34m^[0m
[36m305[0m  [36m| [0m[34m|[0m class DnsClientWireTest {[0m
     [36m| [0m[34m|[0m ...[0m
[36m1342[0m [36m| [0m[34m|[0m }[0m
     [36m| [0m[34m|[0m[34m_[0m[34m^[0m
     [36m| [0m

[33mwarning[0m: unreachable block in 'if' expression
     [36m| [0m
     [36m| [0m  /* 304.1028 */    if(e is AssertIntermediateException) {[0m
     [36m| [0m [33m_[0m[33m_______________________________________________________^[0m
     [36m| [0m[33m|[0m /* 304.1029 */        throw e[0m
     [36m| [0m[33m|[0m /* 304.1030 */    }[0m
     [36m| [0m[33m|[0m[33m_[0m[33m__________________^ unreachable block in 'if' expression[0m
     [36m| [0m
     [36m#[0m [0mnote[0m: this warning can be suppressed by setting the compiler option `-Woff unused`
[34mnote[0m: the warning occurs after the macro is expanded
    [36m==>[0m /home/elliot/playground/Wirestack-pr-worktrees/M8-004-publication/src/net/dns_client_test.cj:304:1:
     [36m| [0m
[36m304[0m  [36m| [0m  @Test[0m
     [36m| [0m [34m_[0m[34m^[0m
[36m305[0m  [36m| [0m[34m|[0m class DnsClientWireTest {[0m
     [36m| [0m[34m|[0m ...[0m
[36m1342[0m [36m| [0m[34m|[0m }[0m
     [36m| [0m[34m|[0m[34m_[0m[34m^[0m
     [36m| [0m

[33mwarning[0m: unreachable block in 'if' expression
     [36m| [0m
     [36m| [0m  /* 304.1031 */    if(e is UnittestTimeoutException) {[0m
     [36m| [0m [33m_[0m[33m____________________________________________________^[0m
     [36m| [0m[33m|[0m /* 304.1032 */        throw e[0m
     [36m| [0m[33m|[0m /* 304.1033 */    }[0m
     [36m| [0m[33m|[0m[33m_[0m[33m__________________^ unreachable block in 'if' expression[0m
     [36m| [0m
     [36m#[0m [0mnote[0m: this warning can be suppressed by setting the compiler option `-Woff unused`
[34mnote[0m: the warning occurs after the macro is expanded
    [36m==>[0m /home/elliot/playground/Wirestack-pr-worktrees/M8-004-publication/src/net/dns_client_test.cj:304:1:
     [36m| [0m
[36m304[0m  [36m| [0m  @Test[0m
     [36m| [0m [34m_[0m[34m^[0m
[36m305[0m  [36m| [0m[34m|[0m class DnsClientWireTest {[0m
     [36m| [0m[34m|[0m ...[0m
[36m1342[0m [36m| [0m[34m|[0m }[0m
     [36m| [0m[34m|[0m[34m_[0m[34m^[0m
     [36m| [0m

[33mwarning[0m: unreachable block in 'if' expression
     [36m| [0m
     [36m| [0m  /* 304.1089 */if(e is AssertException) {[0m
     [36m| [0m [33m_[0m[33m_______________________________________^[0m
     [36m| [0m[33m|[0m /* 304.1090 */throw e[0m
     [36m| [0m[33m|[0m /* 304.1091 */}[0m
     [36m| [0m[33m|[0m[33m_[0m[33m______________^ unreachable block in 'if' expression[0m
     [36m| [0m
     [36m#[0m [0mnote[0m: this warning can be suppressed by setting the compiler option `-Woff unused`
[34mnote[0m: the warning occurs after the macro is expanded
    [36m==>[0m /home/elliot/playground/Wirestack-pr-worktrees/M8-004-publication/src/net/dns_client_test.cj:304:1:
     [36m| [0m
[36m304[0m  [36m| [0m  @Test[0m
     [36m| [0m [34m_[0m[34m^[0m
[36m305[0m  [36m| [0m[34m|[0m class DnsClientWireTest {[0m
     [36m| [0m[34m|[0m ...[0m
[36m1342[0m [36m| [0m[34m|[0m }[0m
     [36m| [0m[34m|[0m[34m_[0m[34m^[0m
     [36m| [0m

[33mwarning[0m: unreachable block in 'if' expression
     [36m| [0m
     [36m| [0m  /* 304.1092 */if(e is AssertIntermediateException) {[0m
     [36m| [0m [33m_[0m[33m___________________________________________________^[0m
     [36m| [0m[33m|[0m /* 304.1093 */throw e[0m
     [36m| [0m[33m|[0m /* 304.1094 */}[0m
     [36m| [0m[33m|[0m[33m_[0m[33m______________^ unreachable block in 'if' expression[0m
     [36m| [0m
     [36m#[0m [0mnote[0m: this warning can be suppressed by setting the compiler option `-Woff unused`
[34mnote[0m: the warning occurs after the macro is expanded
    [36m==>[0m /home/elliot/playground/Wirestack-pr-worktrees/M8-004-publication/src/net/dns_client_test.cj:304:1:
     [36m| [0m
[36m304[0m  [36m| [0m  @Test[0m
     [36m| [0m [34m_[0m[34m^[0m
[36m305[0m  [36m| [0m[34m|[0m class DnsClientWireTest {[0m
     [36m| [0m[34m|[0m ...[0m
[36m1342[0m [36m| [0m[34m|[0m }[0m
     [36m| [0m[34m|[0m[34m_[0m[34m^[0m
     [36m| [0m

[33mwarning[0m: unreachable block in 'if' expression
     [36m| [0m
     [36m| [0m  /* 304.1095 */if(e is UnittestTimeoutException) {[0m
     [36m| [0m [33m_[0m[33m________________________________________________^[0m
     [36m| [0m[33m|[0m /* 304.1096 */throw e[0m
     [36m| [0m[33m|[0m /* 304.1097 */}[0m
     [36m| [0m[33m|[0m[33m_[0m[33m______________^ unreachable block in 'if' expression[0m
     [36m| [0m
     [36m#[0m [0mnote[0m: this warning can be suppressed by setting the compiler option `-Woff unused`
[34mnote[0m: the warning occurs after the macro is expanded
    [36m==>[0m /home/elliot/playground/Wirestack-pr-worktrees/M8-004-publication/src/net/dns_client_test.cj:304:1:
     [36m| [0m
[36m304[0m  [36m| [0m  @Test[0m
     [36m| [0m [34m_[0m[34m^[0m
[36m305[0m  [36m| [0m[34m|[0m class DnsClientWireTest {[0m
     [36m| [0m[34m|[0m ...[0m
[36m1342[0m [36m| [0m[34m|[0m }[0m
     [36m| [0m[34m|[0m[34m_[0m[34m^[0m
     [36m| [0m

[33mwarning[0m: unreachable block in 'if' expression
     [36m| [0m
     [36m| [0m  /* 304.1144 */if(e is AssertException) {[0m
     [36m| [0m [33m_[0m[33m_______________________________________^[0m
     [36m| [0m[33m|[0m /* 304.1145 */throw e[0m
     [36m| [0m[33m|[0m /* 304.1146 */}[0m
     [36m| [0m[33m|[0m[33m_[0m[33m______________^ unreachable block in 'if' expression[0m
     [36m| [0m
     [36m#[0m [0mnote[0m: this warning can be suppressed by setting the compiler option `-Woff unused`
[34mnote[0m: the warning occurs after the macro is expanded
    [36m==>[0m /home/elliot/playground/Wirestack-pr-worktrees/M8-004-publication/src/net/dns_client_test.cj:304:1:
     [36m| [0m
[36m304[0m  [36m| [0m  @Test[0m
     [36m| [0m [34m_[0m[34m^[0m
[36m305[0m  [36m| [0m[34m|[0m class DnsClientWireTest {[0m
     [36m| [0m[34m|[0m ...[0m
[36m1342[0m [36m| [0m[34m|[0m }[0m
     [36m| [0m[34m|[0m[34m_[0m[34m^[0m
     [36m| [0m

[33mwarning[0m: unreachable block in 'if' expression
     [36m| [0m
     [36m| [0m  /* 304.1147 */if(e is AssertIntermediateException) {[0m
     [36m| [0m [33m_[0m[33m___________________________________________________^[0m
     [36m| [0m[33m|[0m /* 304.1148 */throw e[0m
     [36m| [0m[33m|[0m /* 304.1149 */}[0m
     [36m| [0m[33m|[0m[33m_[0m[33m______________^ unreachable block in 'if' expression[0m
     [36m| [0m
     [36m#[0m [0mnote[0m: this warning can be suppressed by setting the compiler option `-Woff unused`
[34mnote[0m: the warning occurs after the macro is expanded
    [36m==>[0m /home/elliot/playground/Wirestack-pr-worktrees/M8-004-publication/src/net/dns_client_test.cj:304:1:
     [36m| [0m
[36m304[0m  [36m| [0m  @Test[0m
     [36m| [0m [34m_[0m[34m^[0m
[36m305[0m  [36m| [0m[34m|[0m class DnsClientWireTest {[0m
     [36m| [0m[34m|[0m ...[0m
[36m1342[0m [36m| [0m[34m|[0m }[0m
     [36m| [0m[34m|[0m[34m_[0m[34m^[0m
     [36m| [0m

[33mwarning[0m: unreachable block in 'if' expression
     [36m| [0m
     [36m| [0m  /* 304.1150 */if(e is UnittestTimeoutException) {[0m
     [36m| [0m [33m_[0m[33m________________________________________________^[0m
     [36m| [0m[33m|[0m /* 304.1151 */throw e[0m
     [36m| [0m[33m|[0m /* 304.1152 */}[0m
     [36m| [0m[33m|[0m[33m_[0m[33m______________^ unreachable block in 'if' expression[0m
     [36m| [0m
     [36m#[0m [0mnote[0m: this warning can be suppressed by setting the compiler option `-Woff unused`
[34mnote[0m: the warning occurs after the macro is expanded
    [36m==>[0m /home/elliot/playground/Wirestack-pr-worktrees/M8-004-publication/src/net/dns_client_test.cj:304:1:
     [36m| [0m
[36m304[0m  [36m| [0m  @Test[0m
     [36m| [0m [34m_[0m[34m^[0m
[36m305[0m  [36m| [0m[34m|[0m class DnsClientWireTest {[0m
     [36m| [0m[34m|[0m ...[0m
[36m1342[0m [36m| [0m[34m|[0m }[0m
     [36m| [0m[34m|[0m[34m_[0m[34m^[0m
     [36m| [0m

100 warnings generated, 100 warnings printed.
Error: cjpm test failed
