[33mwarning[0m: unused expression
  [36m==>[0m /home/elliot/playground/Wirestack-pr-worktrees/M8-004-publication/src/net/dns_wire_test.cj:99:13:
   [36m| [0m
[36m99[0m [36m| [0m            DnsMessageSummary(1u16, 0, false, questionCount: 65536, questions: questions)[0m
   [36m| [0m            [33m^ unused expression[0m
   [36m| [0m
   [36m#[0m [0mnote[0m: this warning can be suppressed by setting the compiler option `-Woff unused`
[34mnote[0m: the warning occurs after the macro is expanded
   [36m==>[0m /home/elliot/playground/Wirestack-pr-worktrees/M8-004-publication/src/net/dns_wire_test.cj:8:1:
    [36m| [0m
[36m8[0m   [36m| [0m  @Test[0m
    [36m| [0m [34m_[0m[34m^[0m
[36m9[0m   [36m| [0m[34m|[0m class DnsWireParserTest {[0m
    [36m| [0m[34m|[0m ...[0m
[36m305[0m [36m| [0m[34m|[0m }[0m
    [36m| [0m[34m|[0m[34m_[0m[34m^[0m
    [36m| [0m
[34mnote[0m: the code after the macro is expanded as follows
    [36m| [0m
    [36m| [0m  /* 8.1 */@Attribute[TEST_GENERATED] class DnsWireParserTest <: TestClass {[0m
    [36m| [0m [34m_[0m[34m^[0m
    [36m| [0m[34m|[0m /* 8.2 */    @Attribute[TestCase_27][0m
    [36m| [0m[34m|[0m /* 8.3 */    func decodesCompressedTargetsBinaryTxtSoaAndUnknownData(): Unit {[0m
    [36m| [0m[34m|[0m /* 8.4 */        let message = dnsTestHeader(0x1234u16, 0x8180u16, 1, 7, 0, 0)[0m
    [36m| [0m[34m|[0m /* 8.5 */        dnsTestAppendQuestion(message, "Example.COM", 1)[0m
    [36m| [0m[34m|[0m /* 8.6 */        dnsTestAppendRecord(message,[0xC0u8, 0x0Cu8], 5,[0xC0u8, 0x0Cu8])[0m
    [36m| [0m[34m|[0m /* 8.7 */        dnsTestAppendRecord(message,[0xC0u8, 0x0Cu8], 12,[0xC0u8, 0x0Cu8])[0m
    [36m| [0m[34m|[0m /* 8.8 */        dnsTestAppendRecord(message,[0xC0u8, 0x0Cu8], 15,[0u8, 10u8, 0xC0u8, 0x0Cu8])[0m
    [36m| [0m[34m|[0m /* 8.9 */        let srv = ArrayList < Byte >()[0m
    [36m| [0m[34m|[0m /* 8.10 */        for(value in[0u8, 1u8, 0u8, 2u8, 1u8, 187u8]) {[0m
    [36m| [0m[34m|[0m /* 8.11 */            srv.add(value)[0m
    [36m| [0m[34m|[0m /* 8.12 */        }[0m
    [36m| [0m[34m|[0m /* 8.13 */        dnsTestAppendName(srv, "Target.Example")[0m
    [36m| [0m[34m|[0m /* 8.14 */        dnsTestAppendRecord(message,[0xC0u8, 0x0Cu8], 33, srv.toArray())[0m
    [36m| [0m[34m|[0m /* 8.15 */        dnsTestAppendRecord(message,[0xC0u8, 0x0Cu8], 16,[3u8, 0u8, 255u8, 65u8, 0u8])[0m
    [36m| [0m[34m|[0m /* 8.16 */        let soa = ArrayList < Byte >()[0m
    [36m| [0m[34m|[0m /* 8.17 */        soa.add(0xC0u8)[0m
    [36m| [0m[34m|[0m /* 8.18 */        soa.add(0x0Cu8)[0m
    [36m| [0m[34m|[0m /* 8.19 */        soa.add(0xC0u8)[0m
    [36m| [0m[34m|[0m /* 8.20 */        soa.add(0x0Cu8)[0m
    [36m| [0m[34m|[0m /* 8.21 */        for(value in[1u32, 2u32, 3u32, 4u32, 30u32]) {[0m
    [36m| [0m[34m|[0m /* 8.22 */            dnsTestAppendU32(soa, value)[0m
    [36m| [0m[34m|[0m /* 8.23 */        }[0m
    [36m| [0m[34m|[0m /* 8.24 */        dnsTestAppendRecord(message,[0xC0u8, 0x0Cu8], 6, soa.toArray())[0m
    [36m| [0m[34m|[0m /* 8.25 */        dnsTestAppendRecord(message,[0xC0u8, 0x0Cu8], 65280,[0xDEu8, 0xADu8])[0m
    [36m| [0m[34m|[0m /* 8.26 */        let summary = DnsMessageParser().parse(message.toArray())[0m
    [36m| [0m[34m|[0m /* 8.27 */        expectEqual("summary.transactionId", "0x1234u16", summary.transactionId, 0x1234u16, isDelta: false)[0m
    [36m| [0m[34m|[0m /* 8.28 */        expectEqual("summary.isResponse", "true", summary.isResponse, true, isDelta: false)[0m
    [36m| [0m[34m|[0m /* 8.29 */        expectEqual("summary.opcode", "0", summary.opcode, 0, isDelta: false)[0m
    [36m| [0m[34m|[0m /* 8.30 */        expectEqual("summary.questions[0].name", "\"example.com\"", summary.questions[0].name, "example.com", isDelta: false)[0m
    [36m| [0m[34m|[0m /* 8.31 */        expectEqual("summary.records.size", "7", summary.records.size, 7, isDelta: false)[0m
    [36m| [0m[34m|[0m /* 8.32 */        expectEqual("dnsTestTarget(summary.records[0])", "\"example.com\"", dnsTestTarget(summary.records[0]), "example.com", isDelta: false)[0m
    [36m| [0m[34m|[0m /* 8.33 */        expectEqual("dnsTestTarget(summary.records[1])", "\"example.com\"", dnsTestTarget(summary.records[1]), "example.com", isDelta: false)[0m
    [36m| [0m[34m|[0m /* 8.34 */        expectEqual("dnsTestTarget(summary.records[2])", "\"example.com\"", dnsTestTarget(summary.records[2]), "example.com", isDelta: false)[0m
    [36m| [0m[34m|[0m /* 8.35 */        expectEqual("dnsTestTarget(summary.records[3])", "\"target.example\"", dnsTestTarget(summary.records[3]), "target.example", isDelta: false)[0m
    [36m| [0m[34m|[0m /* 8.36 */        expectEqual("summary.records[4].data()", "[3u8, 0u8, 255u8, 65u8, 0u8]", summary.records[4].data(),[3u8, 0u8, 255u8, 65u8, 0u8], isDelta: false)[0m
    [36m| [0m[34m|[0m /* 8.37 */        match(summary.records[5].soaMinimum) {[0m
    [36m| [0m[34m|[0m /* 8.38 */            case Some(value) => expectEqual("value", "30u32", value, 30u32, isDelta: false)[0m
    [36m| [0m[34m|[0m /* 8.39 */            case None => fail("SOA minimum was not decoded")[0m
    [36m| [0m[34m|[0m /* 8.40 */        }[0m
    [36m| [0m[34m|[0m /* 8.41 */        match(summary.records[6].recordType) {[0m
    [36m| [0m[34m|[0m /* 8.42 */            case DnsRecordType.Unknown(value) => expectEqual("value", "65280", value, 65280, isDelta: false)[0m
    [36m| [0m[34m|[0m /* 8.43 */            case _ => fail("unknown record type was not preserved")[0m
    [36m| [0m[34m|[0m /* 8.44 */        }[0m
    [36m| [0m[34m|[0m /* 8.45 */        expectEqual("summary.records[6].data()", "[0xDEu8, 0xADu8]", summary.records[6].data(),[0xDEu8, 0xADu8], isDelta: false)[0m
    [36m| [0m[34m|[0m /* 8.46 */    }[0m
    [36m| [0m[34m|[0m /* 8.47 */    [0m
    [36m| [0m[34m|[0m /* 8.48 */    @Attribute[TestCase_28][0m
    [36m| [0m[34m|[0m /* 8.49 */    func recordOrderMakesAnswerAuthorityAndAdditionalBoundariesExplicit(): Unit {[0m
    [36m| [0m[34m|[0m /* 8.50 */        let message = dnsTestHeader(7u16, 0x8180u16, 1, 1, 1, 1)[0m
    [36m| [0m[34m|[0m /* 8.51 */        dnsTestAppendQuestion(message, "ordered.example", 1)[0m
    [36m| [0m[34m|[0m /* 8.52 */        dnsTestAppendRecord(message,[0xC0u8, 0x0Cu8], 1,[1u8, 1u8, 1u8, 1u8])[0m
    [36m| [0m[34m|[0m /* 8.53 */        dnsTestAppendRecord(message,[0xC0u8, 0x0Cu8], 1,[2u8, 2u8, 2u8, 2u8])[0m
    [36m| [0m[34m|[0m /* 8.54 */        dnsTestAppendRecord(message,[0xC0u8, 0x0Cu8], 1,[3u8, 3u8, 3u8, 3u8])[0m
    [36m| [0m[34m|[0m /* 8.55 */        let summary = DnsMessageParser().parse(message.toArray())[0m
    [36m| [0m[34m|[0m /* 8.56 */        expectEqual("summary.answerCount", "1", summary.answerCount, 1, isDelta: false)[0m
    [36m| [0m[34m|[0m /* 8.57 */        expectEqual("summary.authorityCount", "1", summary.authorityCount, 1, isDelta: false)[0m
    [36m| [0m[34m|[0m /* 8.58 */        expectEqual("summary.additionalCount", "1", summary.additionalCount, 1, isDelta: false)[0m
    [36m| [0m[34m|[0m /* 8.59 */        expectEqual("summary.records[0].data()", "[1u8, 1u8, 1u8, 1u8]", summary.records[0].data(),[1u8, 1u8, 1u8, 1u8], isDelta: false)[0m
    [36m| [0m[34m|[0m /* 8.60 */        expectEqual("summary.records[summary.answerCount].data()", "[2u8, 2u8, 2u8, 2u8]", summary.records[summary.answerCount].data(),[2u8, 2u8, 2u8, 2u8], isDelta: false)[0m
    [36m| [0m[34m|[0m /* 8.61 */        expectEqual("summary.records[summary.answerCount + summary.authorityCount].data()", "[3u8, 3u8, 3u8, 3u8]", summary.records[summary.answerCount + summary.authorityCount].data(),[3u8, 3u8, 3u8, 3u8], isDelta: false)[0m
    [36m| [0m[34m|[0m /* 8.62 */    }[0m
    [36m| [0m[34m|[0m /* 8.63 */    [0m
    [36m| [0m[34m|[0m /* 8.64 */    @Attribute[TestCase_29][0m
    [36m| [0m[34m|[0m /* 8.65 */    func summariesAndRecordsOwnParserAndConstructorInputs(): Unit {[0m
    [36m| [0m[34m|[0m /* 8.66 */        let message = dnsTestHeader(9u16, 0x8180u16, 1, 1, 0, 0)[0m
    [36m| [0m[34m|[0m /* 8.67 */        dnsTestAppendQuestion(message, "owned.example", 1)[0m
    [36m| [0m[34m|[0m /* 8.68 */        dnsTestAppendRecord(message,[0xC0u8, 0x0Cu8], 1,[10u8, 20u8, 30u8, 40u8])[0m
    [36m| [0m[34m|[0m /* 8.69 */        let wire = message.toArray()[0m
    [36m| [0m[34m|[0m /* 8.70 */        let summary = DnsMessageParser().parse(wire)[0m
    [36m| [0m[34m|[0m /* 8.71 */        wire[wire.size - 1] = 99u8[0m
    [36m| [0m[34m|[0m /* 8.72 */        let returnedData = summary.records[0].data()[0m
    [36m| [0m[34m|[0m /* 8.73 */        returnedData[0] = 99u8[0m
    [36m| [0m[34m|[0m /* 8.74 */        let supplied =[summary.records[0]][0m
    [36m| [0m[34m|[0m /* 8.75 */        let constructed = DnsMessageSummary(9u16, 1, false, records: supplied)[0m
    [36m| [0m[34m|[0m /* 8.76 */        supplied[0] = DnsRecord("changed.example", DnsRecordType.A, 1u16, 0u32,[9u8, 9u8, 9u8, 9u8])[0m
    [36m| [0m[34m|[0m /* 8.77 */        expectEqual("summary.records[0].name", "\"owned.example\"", summary.records[0].name, "owned.example", isDelta: false)[0m
    [36m| [0m[34m|[0m /* 8.78 */        expectEqual("summary.records[0].data()", "[10u8, 20u8, 30u8, 40u8]", summary.records[0].data(),[10u8, 20u8, 30u8, 40u8], isDelta: false)[0m
    [36m| [0m[34m|[0m /* 8.79 */        expectEqual("constructed.records[0].name", "\"owned.example\"", constructed.records[0].name, "owned.example", isDelta: false)[0m
    [36m| [0m[34m|[0m /* 8.80 */    }[0m
    [36m| [0m[34m|[0m /* 8.81 */    [0m
    [36m| [0m[34m|[0m /* 8.82 */    @Attribute[TestCase_30][0m
    [36m| [0m[34m|[0m /* 8.83 */    func publicSummaryRejectsCountsBeyondWireAndCombinedRecordBounds(): Unit {[0m
    [36m| [0m[34m|[0m /* 8.84 */        let wire = dnsTestHeader(1u16, 0x8180u16, 1, 1, 0, 0)[0m
    [36m| [0m[34m|[0m /* 8.85 */        dnsTestAppendQuestion(wire, "limit.test", 1)[0m
    [36m| [0m[34m|[0m /* 8.86 */        dnsTestAppendRecord(wire,[0xC0u8, 0x0Cu8], 1,[127u8, 0u8, 0u8, 1u8])[0m
    [36m| [0m[34m|[0m /* 8.87 */        let parsed = DnsMessageParser().parse(wire.toArray())[0m
    [36m| [0m[34m|[0m /* 8.88 */        let questions = Array < DnsQuestion >(65536, repeat: parsed.questions[0])[0m
    [36m| [0m[34m|[0m /* 8.89 */        let records = Array < DnsRecord >(65536, repeat: parsed.records[0])[0m
    [36m| [0m[34m|[0m /* 8.90 */        try {[0m
    [36m| [0m[34m|[0m /* 8.91 */            try {[0m
    [36m| [0m[34m|[0m /* 8.92 */                assertEqual("true", "true", true, true)[0m
    [36m| [0m[34m|[0m /* 8.93 */                DnsMessageSummary(1u16, 0, false, questionCount: 65536, questions: questions)[0m
    [36m| [0m[34m|[0m /* 8.94 */                fail("@AssertThrows: Expected 'IllegalArgumentException' was not caught.")[0m
    [36m| [0m[34m|[0m /* 8.95 */            } catch(e: IllegalArgumentException) {[0m
    [36m| [0m[34m|[0m /* 8.96 */                if(e is AssertException) {[0m
    [36m| [0m[34m|[0m /* 8.97 */                    throw e[0m
    [36m| [0m[34m|[0m /* 8.98 */                }[0m
    [36m| [0m[34m|[0m /* 8.99 */                if(e is AssertIntermediateException) {[0m
    [36m| [0m[34m|[0m /* 8.100 */                    throw e[0m
    [36m| [0m[34m|[0m /* 8.101 */                }[0m
    [36m| [0m[34m|[0m /* 8.102 */                if(e is UnittestTimeoutException) {[0m
    [36m| [0m[34m|[0m /* 8.103 */                    throw e[0m
    [36m| [0m[34m|[0m /* 8.104 */                }[0m
    [36m| [0m[34m|[0m /* 8.105 */                e[0m
    [36m| [0m[34m|[0m /* 8.106 */            }[0m
    [36m| [0m[34m|[0m /* 8.107 */        } catch(e: Exception) {[0m
    [36m| [0m[34m|[0m /* 8.108 */            if(e is AssertException || e is AssertIntermediateException || e is UnittestTimeoutException) {[0m
    [36m| [0m[34m|[0m /* 8.109 */                throw e[0m
    [36m| [0m[34m|[0m /* 8.110 */            }[0m
    [36m| [0m[34m|[0m /* 8.111 */            assertCaughtUnexpectedE("@AssertThrows(IllegalArgumentException)", "IllegalArgumentException", e.toString())[0m
    [36m| [0m[34m|[0m /* 8.112 */        }[0m
    [36m| [0m[34m|[0m /* 8.113 */        try {[0m
    [36m| [0m[34m|[0m /* 8.114 */            try {[0m
    [36m| [0m[34m|[0m /* 8.115 */                assertEqual("true", "true", true, true)[0m
    [36m| [0m[34m|[0m /* 8.116 */                DnsMessageSummary(1u16, 65536, false, records: records)[0m
    [36m| [0m[34m|[0m /* 8.117 */                fail("@AssertThrows: Expected 'IllegalArgumentException' was not caught.")[0m
    [36m| [0m[34m|[0m /* 8.118 */            } catch(e: IllegalArgumentException) {[0m
    [36m| [0m[34m|[0m /* 8.119 */                if(e is AssertException) {[0m
    [36m| [0m[34m|[0m /* 8.120 */                    throw e[0m
    [36m| [0m[34m|[0m /* 8.121 */                }[0m
    [36m| [0m[34m|[0m /* 8.122 */                if(e is AssertIntermediateException) {[0m
    [36m| [0m[34m|[0m /* 8.123 */                    throw e[0m
    [36m| [0m[34m|[0m /* 8.124 */                }[0m
    [36m| [0m[34m|[0m /* 8.125 */                if(e is UnittestTimeoutException) {[0m
    [36m| [0m[34m|[0m /* 8.126 */                    throw e[0m
    [36m| [0m[34m|[0m /* 8.127 */                }[0m
    [36m| [0m[34m|[0m /* 8.128 */                e[0m
    [36m| [0m[34m|[0m /* 8.129 */            }[0m
    [36m| [0m[34m|[0m /* 8.130 */        } catch(e: Exception) {[0m
    [36m| [0m[34m|[0m /* 8.131 */            if(e is AssertException || e is AssertIntermediateException || e is UnittestTimeoutException) {[0m
    [36m| [0m[34m|[0m /* 8.132 */                throw e[0m
    [36m| [0m[34m|[0m /* 8.133 */            }[0m
    [36m| [0m[34m|[0m /* 8.134 */            assertCaughtUnexpectedE("@AssertThrows(IllegalArgumentException)", "IllegalArgumentException", e.toString())[0m
    [36m| [0m[34m|[0m /* 8.135 */        }[0m
    [36m| [0m[34m|[0m /* 8.136 */        try {[0m
    [36m| [0m[34m|[0m /* 8.137 */            try {[0m
    [36m| [0m[34m|[0m /* 8.138 */                assertEqual("true", "true", true, true)[0m
    [36m| [0m[34m|[0m /* 8.139 */                DnsMessageSummary(1u16, 32768, false, authorityCount: 32768, records: records)[0m
    [36m| [0m[34m|[0m /* 8.140 */                fail("@AssertThrows: Expected 'IllegalArgumentException' was not caught.")[0m
    [36m| [0m[34m|[0m /* 8.141 */            } catch(e: IllegalArgumentException) {[0m
    [36m| [0m[34m|[0m /* 8.142 */                if(e is AssertException) {[0m
    [36m| [0m[34m|[0m /* 8.143 */                    throw e[0m
    [36m| [0m[34m|[0m /* 8.144 */                }[0m
    [36m| [0m[34m|[0m /* 8.145 */                if(e is AssertIntermediateException) {[0m
    [36m| [0m[34m|[0m /* 8.146 */                    throw e[0m
    [36m| [0m[34m|[0m /* 8.147 */                }[0m
    [36m| [0m[34m|[0m /* 8.148 */                if(e is UnittestTimeoutException) {[0m
    [36m| [0m[34m|[0m /* 8.149 */                    throw e[0m
    [36m| [0m[34m|[0m /* 8.150 */                }[0m
    [36m| [0m[34m|[0m /* 8.151 */                e[0m
    [36m| [0m[34m|[0m /* 8.152 */            }[0m
    [36m| [0m[34m|[0m /* 8.153 */        } catch(e: Exception) {[0m
    [36m| [0m[34m|[0m /* 8.154 */            if(e is AssertException || e is AssertIntermediateException || e is UnittestTimeoutException) {[0m
    [36m| [0m[34m|[0m /* 8.155 */                throw e[0m
    [36m| [0m[34m|[0m /* 8.156 */            }[0m
    [36m| [0m[34m|[0m /* 8.157 */            assertCaughtUnexpectedE("@AssertThrows(IllegalArgumentException)", "IllegalArgumentException", e.toString())[0m
    [36m| [0m[34m|[0m /* 8.158 */        }[0m
    [36m| [0m[34m|[0m /* 8.159 */        let bounded = DnsMessageSummary(1u16, 32768, false, authorityCount: 32767, records: Array < DnsRecord >(65535, repeat: parsed.records[0]))[0m
    [36m| [0m[34m|[0m /* 8.160 */        expectEqual("bounded.records[65534].data()", "[127u8, 0u8, 0u8, 1u8]", bounded.records[65534].data(),[127u8, 0u8, 0u8, 1u8], isDelta: false)[0m
    [36m| [0m[34m|[0m /* 8.161 */    }[0m
    [36m| [0m[34m|[0m /* 8.162 */    [0m
    [36m| [0m[34m|[0m /* 8.163 */    @Attribute[TestCase_31][0m
    [36m| [0m[34m|[0m /* 8.164 */    func parserPreservesQuestionIdentityAndRejectsIncompleteRecords(): Unit {[0m
    [36m| [0m[34m|[0m /* 8.165 */        let wire = dnsTestHeader(0xBEEFu16, 0x0100u16, 1, 0, 0, 0)[0m
    [36m| [0m[34m|[0m /* 8.166 */        dnsTestAppendQuestion(wire, "_HTTPS._TCP.Example.COM", 33)[0m
    [36m| [0m[34m|[0m /* 8.167 */        let query = wire.toArray()[0m
    [36m| [0m[34m|[0m /* 8.168 */        let parsedQuery = DnsMessageParser().parse(query)[0m
    [36m| [0m[34m|[0m /* 8.169 */        expectEqual("! parsedQuery.isResponse", "true", ! parsedQuery.isResponse, true, isDelta: false)[0m
    [36m| [0m[34m|[0m /* 8.170 */        expectEqual("parsedQuery.opcode", "0", parsedQuery.opcode, 0, isDelta: false)[0m
    [36m| [0m[34m|[0m /* 8.171 */        expectEqual("parsedQuery.questionCount", "1", parsedQuery.questionCount, 1, isDelta: false)[0m
    [36m| [0m[34m|[0m /* 8.172 */        expectEqual("parsedQuery.questions[0].name", "\"_https._tcp.example.com\"", parsedQuery.questions[0].name, "_https._tcp.example.com", isDelta: false)[0m
    [36m| [0m[34m|[0m /* 8.173 */        expectEqual("match(parsedQuery.questions[0].recordType) {\n    case DnsRecordType.SRV => true\n    case _ => false\n}", "true", match(parsedQuery.questions[0].recordType) {[0m
    [36m| [0m[34m|[0m /* 8.174 */            case DnsRecordType.SRV => true[0m
    [36m| [0m[34m|[0m /* 8.175 */            case _ => false[0m
    [36m| [0m[34m|[0m /* 8.176 */        }, true, isDelta: false)[0m
    [36m| [0m[34m|[0m /* 8.177 */        expectEqual("parsedQuery.questions[0].recordClass", "1u16", parsedQuery.questions[0].recordClass, 1u16, isDelta: false)[0m
    [36m| [0m[34m|[0m /* 8.178 */        let opcodeMessage = dnsTestHeader(1u16, 0x9000u16, 0, 0, 0, 0)[0m
    [36m| [0m[34m|[0m /* 8.179 */        let opcodeSummary = DnsMessageParser().parse(opcodeMessage.toArray())[0m
    [36m| [0m[34m|[0m /* 8.180 */        expectEqual("opcodeSummary.isResponse", "true", opcodeSummary.isResponse, true, isDelta: false)[0m
    [36m| [0m[34m|[0m /* 8.181 */        expectEqual("opcodeSummary.opcode", "2", opcodeSummary.opcode, 2, isDelta: false)[0m
    [36m| [0m[34m|[0m /* 8.182 */        let truncated = query.clone()[0m
    [36m| [0m[34m|[0m /* 8.183 */        truncated[2] = 0x83u8[0m
    [36m| [0m[34m|[0m /* 8.184 */        truncated[3] = 0x00u8[0m
    [36m| [0m[34m|[0m /* 8.185 */        truncated[6] = 0u8[0m
    [36m| [0m[34m|[0m /* 8.186 */        truncated[7] = 1u8[0m
    [36m| [0m[34m|[0m /* 8.187 */        try {[0m
    [36m| [0m[34m|[0m /* 8.188 */            try {[0m
    [36m| [0m[34m|[0m /* 8.189 */                assertEqual("true", "true", true, true)[0m
    [36m| [0m[34m|[0m /* 8.190 */                DnsMessageParser().parse(truncated)[0m
    [36m| [0m[34m|[0m /* 8.191 */                fail("@AssertThrows: Expected 'api.ResolveException' was not caught.")[0m
    [36m| [0m[34m|[0m /* 8.192 */            } catch(e: api.ResolveException) {[0m
    [36m| [0m[34m|[0m /* 8.193 */                if(e is AssertException) {[0m
    [36m| [0m[34m|[0m /* 8.194 */                    throw e[0m
    [36m| [0m[34m|[0m /* 8.195 */                }[0m
    [36m| [0m[34m|[0m /* 8.196 */                if(e is AssertIntermediateException) {[0m
    [36m| [0m[34m|[0m /* 8.197 */                    throw e[0m
    [36m| [0m[34m|[0m /* 8.198 */                }[0m
    [36m| [0m[34m|[0m /* 8.199 */                if(e is UnittestTimeoutException) {[0m
    [36m| [0m[34m|[0m /* 8.200 */                    throw e[0m
    [36m| [0m[34m|[0m /* 8.201 */                }[0m
    [36m| [0m[34m|[0m /* 8.202 */                e[0m
    [36m| [0m[34m|[0m /* 8.203 */            }[0m
    [36m| [0m[34m|[0m /* 8.204 */        } catch(e: Exception) {[0m
    [36m| [0m[34m|[0m /* 8.205 */            if(e is AssertException || e is AssertIntermediateException || e is UnittestTimeoutException) {[0m
    [36m| [0m[34m|[0m /* 8.206 */                throw e[0m
    [36m| [0m[34m|[0m /* 8.207 */            }[0m
    [36m| [0m[34m|[0m /* 8.208 */            assertCaughtUnexpectedE("@AssertThrows(api.ResolveException)", "api.ResolveException", e.toString())[0m
    [36m| [0m[34m|[0m /* 8.209 */        }[0m
    [36m| [0m[34m|[0m /* 8.210 */    }[0m
    [36m| [0m[34m|[0m /* 8.211 */    [0m
    [36m| [0m[34m|[0m /* 8.212 */    @Attribute[TestCase_32][0m
    [36m| [0m[34m|[0m /* 8.213 */    func asciiNameProfileRejectsAmbiguousLabels(): Unit {[0m
    [36m| [0m[34m|[0m /* 8.214 */        for(invalid in["a..b", "-bad.example", "bad-.example", "bad label", "a/b", "é.example"]) {[0m
    [36m| [0m[34m|[0m /* 8.215 */            let wire = dnsTestHeader(1u16, 0x8180u16, 1, 0, 0, 0)[0m
    [36m| [0m[34m|[0m /* 8.216 */            dnsTestAppendQuestion(wire, invalid, 1)[0m
    [36m| [0m[34m|[0m /* 8.217 */            try {[0m
    [36m| [0m[34m|[0m /* 8.218 */                try {[0m
    [36m| [0m[34m|[0m /* 8.219 */                    assertEqual("true", "true", true, true)[0m
    [36m| [0m[34m|[0m /* 8.220 */                    DnsMessageParser().parse(wire.toArray())[0m
    [36m| [0m[34m|[0m /* 8.221 */                    fail("@AssertThrows: Expected 'api.ResolveException' was not caught.")[0m
    [36m| [0m[34m|[0m /* 8.222 */                } catch(e: api.ResolveException) {[0m
    [36m| [0m[34m|[0m /* 8.223 */                    if(e is AssertException) {[0m
    [36m| [0m[34m|[0m /* 8.224 */                        throw e[0m
    [36m| [0m[34m|[0m /* 8.225 */                    }[0m
    [36m| [0m[34m|[0m /* 8.226 */                    if(e is AssertIntermediateException) {[0m
    [36m| [0m[34m|[0m /* 8.227 */                        throw e[0m
    [36m| [0m[34m|[0m /* 8.228 */                    }[0m
    [36m| [0m[34m|[0m /* 8.229 */                    if(e is UnittestTimeoutException) {[0m
    [36m| [0m[34m|[0m /* 8.230 */                        throw e[0m
    [36m| [0m[34m|[0m /* 8.231 */                    }[0m
    [36m| [0m[34m|[0m /* 8.232 */                    e[0m
    [36m| [0m[34m|[0m /* 8.233 */                }[0m
    [36m| [0m[34m|[0m /* 8.234 */            } catch(e: Exception) {[0m
    [36m| [0m[34m|[0m /* 8.235 */                if(e is AssertException || e is AssertIntermediateException || e is UnittestTimeoutException) {[0m
    [36m| [0m[34m|[0m /* 8.236 */                    throw e[0m
    [36m| [0m[34m|[0m /* 8.237 */                }[0m
    [36m| [0m[34m|[0m /* 8.238 */                assertCaughtUnexpectedE("@AssertThrows(api.ResolveException)", "api.ResolveException", e.toString())[0m
    [36m| [0m[34m|[0m /* 8.239 */            }[0m
    [36m| [0m[34m|[0m /* 8.240 */        }[0m
    [36m| [0m[34m|[0m /* 8.241 */        let message = dnsTestHeader(3u16, 0x8180u16, 1, 0, 0, 0)[0m
    [36m| [0m[34m|[0m /* 8.242 */        message.add(3u8)[0m
    [36m| [0m[34m|[0m /* 8.243 */        message.add(b'a')[0m
    [36m| [0m[34m|[0m /* 8.244 */        message.add(b'.')[0m
    [36m| [0m[34m|[0m /* 8.245 */        message.add(b'b')[0m
    [36m| [0m[34m|[0m /* 8.246 */        message.add(0u8)[0m
    [36m| [0m[34m|[0m /* 8.247 */        dnsTestAppendU16(message, 1)[0m
    [36m| [0m[34m|[0m /* 8.248 */        dnsTestAppendU16(message, 1)[0m
    [36m| [0m[34m|[0m /* 8.249 */        try {[0m
    [36m| [0m[34m|[0m /* 8.250 */            try {[0m
    [36m| [0m[34m|[0m /* 8.251 */                assertEqual("true", "true", true, true)[0m
    [36m| [0m[34m|[0m /* 8.252 */                DnsMessageParser().parse(message.toArray())[0m
    [36m| [0m[34m|[0m /* 8.253 */                fail("@AssertThrows: Expected 'api.ResolveException' was not caught.")[0m
    [36m| [0m[34m|[0m /* 8.254 */            } catch(e: api.ResolveException) {[0m
    [36m| [0m[34m|[0m /* 8.255 */                if(e is AssertException) {[0m
    [36m| [0m[34m|[0m /* 8.256 */                    throw e[0m
    [36m| [0m[34m|[0m /* 8.257 */                }[0m
    [36m| [0m[34m|[0m /* 8.258 */                if(e is AssertIntermediateException) {[0m
    [36m| [0m[34m|[0m /* 8.259 */                    throw e[0m
    [36m| [0m[34m|[0m /* 8.260 */                }[0m
    [36m| [0m[34m|[0m /* 8.261 */                if(e is UnittestTimeoutException) {[0m
    [36m| [0m[34m|[0m /* 8.262 */                    throw e[0m
    [36m| [0m[34m|[0m /* 8.263 */                }[0m
    [36m| [0m[34m|[0m /* 8.264 */                e[0m
    [36m| [0m[34m|[0m /* 8.265 */            }[0m
    [36m| [0m[34m|[0m /* 8.266 */        } catch(e: Exception) {[0m
    [36m| [0m[34m|[0m /* 8.267 */            if(e is AssertException || e is AssertIntermediateException || e is UnittestTimeoutException) {[0m
    [36m| [0m[34m|[0m /* 8.268 */                throw e[0m
    [36m| [0m[34m|[0m /* 8.269 */            }[0m
    [36m| [0m[34m|[0m /* 8.270 */            assertCaughtUnexpectedE("@AssertThrows(api.ResolveException)", "api.ResolveException", e.toString())[0m
    [36m| [0m[34m|[0m /* 8.271 */        }[0m
    [36m| [0m[34m|[0m /* 8.272 */    }[0m
    [36m| [0m[34m|[0m /* 8.273 */    [0m
    [36m| [0m[34m|[0m /* 8.274 */    @Attribute[TestCase_33][0m
    [36m| [0m[34m|[0m /* 8.275 */    func compressionLoopsForwardPointersAndOutOfRangePointersAreRejected(): Unit {[0m
    [36m| [0m[34m|[0m /* 8.276 */        for(name in[[0xC0u8, 0x0Cu8],[0xC0u8, 0x0Eu8],[0xFFu8, 0xFFu8]]) {[0m
    [36m| [0m[34m|[0m /* 8.277 */            let message = dnsTestHeader(1u16, 0x8180u16, 1, 0, 0, 0)[0m
    [36m| [0m[34m|[0m /* 8.278 */            for(value in name) {[0m
    [36m| [0m[34m|[0m /* 8.279 */                message.add(value)[0m
    [36m| [0m[34m|[0m /* 8.280 */            }[0m
    [36m| [0m[34m|[0m /* 8.281 */            try {[0m
    [36m| [0m[34m|[0m /* 8.282 */                try {[0m
    [36m| [0m[34m|[0m /* 8.283 */                    assertEqual("true", "true", true, true)[0m
    [36m| [0m[34m|[0m /* 8.284 */                    DnsMessageParser().parse(message.toArray())[0m
    [36m| [0m[34m|[0m /* 8.285 */                    fail("@AssertThrows: Expected 'api.ResolveException' was not caught.")[0m
    [36m| [0m[34m|[0m /* 8.286 */                } catch(e: api.ResolveException) {[0m
    [36m| [0m[34m|[0m /* 8.287 */                    if(e is AssertException) {[0m
    [36m| [0m[34m|[0m /* 8.288 */                        throw e[0m
    [36m| [0m[34m|[0m /* 8.289 */                    }[0m
    [36m| [0m[34m|[0m /* 8.290 */                    if(e is AssertIntermediateException) {[0m
    [36m| [0m[34m|[0m /* 8.291 */                        throw e[0m
    [36m| [0m[34m|[0m /* 8.292 */                    }[0m
    [36m| [0m[34m|[0m /* 8.293 */                    if(e is UnittestTimeoutException) {[0m
    [36m| [0m[34m|[0m /* 8.294 */                        throw e[0m
    [36m| [0m[34m|[0m /* 8.295 */                    }[0m
    [36m| [0m[34m|[0m /* 8.296 */                    e[0m
    [36m| [0m[34m|[0m /* 8.297 */                }[0m
    [36m| [0m[34m|[0m /* 8.298 */            } catch(e: Exception) {[0m
    [36m| [0m[34m|[0m /* 8.299 */                if(e is AssertException || e is AssertIntermediateException || e is UnittestTimeoutException) {[0m
    [36m| [0m[34m|[0m /* 8.300 */                    throw e[0m
    [36m| [0m[34m|[0m /* 8.301 */                }[0m
    [36m| [0m[34m|[0m /* 8.302 */                assertCaughtUnexpectedE("@AssertThrows(api.ResolveException)", "api.ResolveException", e.toString())[0m
    [36m| [0m[34m|[0m /* 8.303 */            }[0m
    [36m| [0m[34m|[0m /* 8.304 */        }[0m
    [36m| [0m[34m|[0m /* 8.305 */    }[0m
    [36m| [0m[34m|[0m /* 8.306 */    [0m
    [36m| [0m[34m|[0m /* 8.307 */    @Attribute[TestCase_34][0m
    [36m| [0m[34m|[0m /* 8.308 */    func expandedNameAndSectionCountsRespectConfiguredBounds(): Unit {[0m
    [36m| [0m[34m|[0m /* 8.309 */        let question = dnsTestHeader(1u16, 0x8180u16, 1, 0, 0, 0)[0m
    [36m| [0m[34m|[0m /* 8.310 */        dnsTestAppendQuestion(question, "abcd", 1)[0m
    [36m| [0m[34m|[0m /* 8.311 */        try {[0m
    [36m| [0m[34m|[0m /* 8.312 */            try {[0m
    [36m| [0m[34m|[0m /* 8.313 */                assertEqual("true", "true", true, true)[0m
    [36m| [0m[34m|[0m /* 8.314 */                DnsMessageParser(limits: DnsParserLimits(maximumNameBytes: 3)).parse(question.toArray())[0m
    [36m| [0m[34m|[0m /* 8.315 */                fail("@AssertThrows: Expected 'api.ResolveException' was not caught.")[0m
    [36m| [0m[34m|[0m /* 8.316 */            } catch(e: api.ResolveException) {[0m
    [36m| [0m[34m|[0m /* 8.317 */                if(e is AssertException) {[0m
    [36m| [0m[34m|[0m /* 8.318 */                    throw e[0m
    [36m| [0m[34m|[0m /* 8.319 */                }[0m
    [36m| [0m[34m|[0m /* 8.320 */                if(e is AssertIntermediateException) {[0m
    [36m| [0m[34m|[0m /* 8.321 */                    throw e[0m
    [36m| [0m[34m|[0m /* 8.322 */                }[0m
    [36m| [0m[34m|[0m /* 8.323 */                if(e is UnittestTimeoutException) {[0m
    [36m| [0m[34m|[0m /* 8.324 */                    throw e[0m
    [36m| [0m[34m|[0m /* 8.325 */                }[0m
    [36m| [0m[34m|[0m /* 8.326 */                e[0m
    [36m| [0m[34m|[0m /* 8.327 */            }[0m
    [36m| [0m[34m|[0m /* 8.328 */        } catch(e: Exception) {[0m
    [36m| [0m[34m|[0m /* 8.329 */            if(e is AssertException || e is AssertIntermediateException || e is UnittestTimeoutException) {[0m
    [36m| [0m[34m|[0m /* 8.330 */                throw e[0m
    [36m| [0m[34m|[0m /* 8.331 */            }[0m
    [36m| [0m[34m|[0m /* 8.332 */            assertCaughtUnexpectedE("@AssertThrows(api.ResolveException)", "api.ResolveException", e.toString())[0m
    [36m| [0m[34m|[0m /* 8.333 */        }[0m
    [36m| [0m[34m|[0m /* 8.334 */        let tooManyQuestions = dnsTestHeader(1u16, 0x8180u16, 2, 0, 0, 0)[0m
    [36m| [0m[34m|[0m /* 8.335 */        try {[0m
    [36m| [0m[34m|[0m /* 8.336 */            try {[0m
    [36m| [0m[34m|[0m /* 8.337 */                assertEqual("true", "true", true, true)[0m
    [36m| [0m[34m|[0m /* 8.338 */                DnsMessageParser(limits: DnsParserLimits(maximumQuestions: 1)).parse(tooManyQuestions.toArray())[0m
    [36m| [0m[34m|[0m /* 8.339 */                fail("@AssertThrows: Expected 'api.ResolveException' was not caught.")[0m
    [36m| [0m[34m|[0m /* 8.340 */            } catch(e: api.ResolveException) {[0m
    [36m| [0m[34m|[0m /* 8.341 */                if(e is AssertException) {[0m
    [36m| [0m[34m|[0m /* 8.342 */                    throw e[0m
    [36m| [0m[34m|[0m /* 8.343 */                }[0m
    [36m| [0m[34m|[0m /* 8.344 */                if(e is AssertIntermediateException) {[0m
    [36m| [0m[34m|[0m /* 8.345 */                    throw e[0m
    [36m| [0m[34m|[0m /* 8.346 */                }[0m
    [36m| [0m[34m|[0m /* 8.347 */                if(e is UnittestTimeoutException) {[0m
    [36m| [0m[34m|[0m /* 8.348 */                    throw e[0m
    [36m| [0m[34m|[0m /* 8.349 */                }[0m
    [36m| [0m[34m|[0m /* 8.350 */                e[0m
    [36m| [0m[34m|[0m /* 8.351 */            }[0m
    [36m| [0m[34m|[0m /* 8.352 */        } catch(e: Exception) {[0m
    [36m| [0m[34m|[0m /* 8.353 */            if(e is AssertException || e is AssertIntermediateException || e is UnittestTimeoutException) {[0m
    [36m| [0m[34m|[0m /* 8.354 */                throw e[0m
    [36m| [0m[34m|[0m /* 8.355 */            }[0m
    [36m| [0m[34m|[0m /* 8.356 */            assertCaughtUnexpectedE("@AssertThrows(api.ResolveException)", "api.ResolveException", e.toString())[0m
    [36m| [0m[34m|[0m /* 8.357 */        }[0m
    [36m| [0m[34m|[0m /* 8.358 */        let tooManyRecords = dnsTestHeader(1u16, 0x8180u16, 0, 2, 0, 0)[0m
    [36m| [0m[34m|[0m /* 8.359 */        try {[0m
    [36m| [0m[34m|[0m /* 8.360 */            try {[0m
    [36m| [0m[34m|[0m /* 8.361 */                assertEqual("true", "true", true, true)[0m
    [36m| [0m[34m|[0m /* 8.362 */                DnsMessageParser(limits: DnsParserLimits(maximumRecords: 1)).parse(tooManyRecords.toArray())[0m
    [36m| [0m[34m|[0m /* 8.363 */                fail("@AssertThrows: Expected 'api.ResolveException' was not caught.")[0m
    [36m| [0m[34m|[0m /* 8.364 */            } catch(e: api.ResolveException) {[0m
    [36m| [0m[34m|[0m /* 8.365 */                if(e is AssertException) {[0m
    [36m| [0m[34m|[0m /* 8.366 */                    throw e[0m
    [36m| [0m[34m|[0m /* 8.367 */                }[0m
    [36m| [0m[34m|[0m /* 8.368 */                if(e is AssertIntermediateException) {[0m
    [36m| [0m[34m|[0m /* 8.369 */                    throw e[0m
    [36m| [0m[34m|[0m /* 8.370 */                }[0m
    [36m| [0m[34m|[0m /* 8.371 */                if(e is UnittestTimeoutException) {[0m
    [36m| [0m[34m|[0m /* 8.372 */                    throw e[0m
    [36m| [0m[34m|[0m /* 8.373 */                }[0m
    [36m| [0m[34m|[0m /* 8.374 */                e[0m
    [36m| [0m[34m|[0m /* 8.375 */            }[0m
    [36m| [0m[34m|[0m /* 8.376 */        } catch(e: Exception) {[0m
    [36m| [0m[34m|[0m /* 8.377 */            if(e is AssertException || e is AssertIntermediateException || e is UnittestTimeoutException) {[0m
    [36m| [0m[34m|[0m /* 8.378 */                throw e[0m
    [36m| [0m[34m|[0m /* 8.379 */            }[0m
    [36m| [0m[34m|[0m /* 8.380 */            assertCaughtUnexpectedE("@AssertThrows(api.ResolveException)", "api.ResolveException", e.toString())[0m
    [36m| [0m[34m|[0m /* 8.381 */        }[0m
    [36m| [0m[34m|[0m /* 8.382 */        let chained = dnsTestHeader(1u16, 0x8180u16, 1, 2, 0, 0)[0m
    [36m| [0m[34m|[0m /* 8.383 */        dnsTestAppendQuestion(chained, "chain.example", 1)[0m
    [36m| [0m[34m|[0m /* 8.384 */        let firstOwner = chained.size[0m
    [36m| [0m[34m|[0m /* 8.385 */        dnsTestAppendRecord(chained,[0xC0u8, 0x0Cu8], 65000, Array < Byte >())[0m
    [36m| [0m[34m|[0m /* 8.386 */        dnsTestAppendRecord(chained, dnsTestPointer(firstOwner), 65000, Array < Byte >())[0m
    [36m| [0m[34m|[0m /* 8.387 */        try {[0m
    [36m| [0m[34m|[0m /* 8.388 */            try {[0m
    [36m| [0m[34m|[0m /* 8.389 */                assertEqual("true", "true", true, true)[0m
    [36m| [0m[34m|[0m /* 8.390 */                DnsMessageParser(limits: DnsParserLimits(maximumIndirections: 1)).parse(chained.toArray())[0m
    [36m| [0m[34m|[0m /* 8.391 */                fail("@AssertThrows: Expected 'api.ResolveException' was not caught.")[0m
    [36m| [0m[34m|[0m /* 8.392 */            } catch(e: api.ResolveException) {[0m
    [36m| [0m[34m|[0m /* 8.393 */                if(e is AssertException) {[0m
    [36m| [0m[34m|[0m /* 8.394 */                    throw e[0m
    [36m| [0m[34m|[0m /* 8.395 */                }[0m
    [36m| [0m[34m|[0m /* 8.396 */                if(e is AssertIntermediateException) {[0m
    [36m| [0m[34m|[0m /* 8.397 */                    throw e[0m
    [36m| [0m[34m|[0m /* 8.398 */                }[0m
    [36m| [0m[34m|[0m /* 8.399 */                if(e is UnittestTimeoutException) {[0m
    [36m| [0m[34m|[0m /* 8.400 */                    throw e[0m
    [36m| [0m[34m|[0m /* 8.401 */                }[0m
    [36m| [0m[34m|[0m /* 8.402 */                e[0m
    [36m| [0m[34m|[0m /* 8.403 */            }[0m
    [36m| [0m[34m|[0m /* 8.404 */        } catch(e: Exception) {[0m
    [36m| [0m[34m|[0m /* 8.405 */            if(e is AssertException || e is AssertIntermediateException || e is UnittestTimeoutException) {[0m
    [36m| [0m[34m|[0m /* 8.406 */                throw e[0m
    [36m| [0m[34m|[0m /* 8.407 */            }[0m
    [36m| [0m[34m|[0m /* 8.408 */            assertCaughtUnexpectedE("@AssertThrows(api.ResolveException)", "api.ResolveException", e.toString())[0m
    [36m| [0m[34m|[0m /* 8.409 */        }[0m
    [36m| [0m[34m|[0m /* 8.410 */    }[0m
    [36m| [0m[34m|[0m /* 8.411 */    [0m
    [36m| [0m[34m|[0m /* 8.412 */    @Attribute[TestCase_35][0m
    [36m| [0m[34m|[0m /* 8.413 */    func completeParserRejectsTrailingAndTruncatedSectionBytes(): Unit {[0m
    [36m| [0m[34m|[0m /* 8.414 */        let trailing = dnsTestHeader(1u16, 0x8180u16, 0, 0, 0, 0)[0m
    [36m| [0m[34m|[0m /* 8.415 */        trailing.add(0u8)[0m
    [36m| [0m[34m|[0m /* 8.416 */        try {[0m
    [36m| [0m[34m|[0m /* 8.417 */            try {[0m
    [36m| [0m[34m|[0m /* 8.418 */                assertEqual("true", "true", true, true)[0m
    [36m| [0m[34m|[0m /* 8.419 */                DnsMessageParser().parse(trailing.toArray())[0m
    [36m| [0m[34m|[0m /* 8.420 */                fail("@AssertThrows: Expected 'api.ResolveException' was not caught.")[0m
    [36m| [0m[34m|[0m /* 8.421 */            } catch(e: api.ResolveException) {[0m
    [36m| [0m[34m|[0m /* 8.422 */                if(e is AssertException) {[0m
    [36m| [0m[34m|[0m /* 8.423 */                    throw e[0m
    [36m| [0m[34m|[0m /* 8.424 */                }[0m
    [36m| [0m[34m|[0m /* 8.425 */                if(e is AssertIntermediateException) {[0m
    [36m| [0m[34m|[0m /* 8.426 */                    throw e[0m
    [36m| [0m[34m|[0m /* 8.427 */                }[0m
    [36m| [0m[34m|[0m /* 8.428 */                if(e is UnittestTimeoutException) {[0m
    [36m| [0m[34m|[0m /* 8.429 */                    throw e[0m
    [36m| [0m[34m|[0m /* 8.430 */                }[0m
    [36m| [0m[34m|[0m /* 8.431 */                e[0m
    [36m| [0m[34m|[0m /* 8.432 */            }[0m
    [36m| [0m[34m|[0m /* 8.433 */        } catch(e: Exception) {[0m
    [36m| [0m[34m|[0m /* 8.434 */            if(e is AssertException || e is AssertIntermediateException || e is UnittestTimeoutException) {[0m
    [36m| [0m[34m|[0m /* 8.435 */                throw e[0m
    [36m| [0m[34m|[0m /* 8.436 */            }[0m
    [36m| [0m[34m|[0m /* 8.437 */            assertCaughtUnexpectedE("@AssertThrows(api.ResolveException)", "api.ResolveException", e.toString())[0m
    [36m| [0m[34m|[0m /* 8.438 */        }[0m
    [36m| [0m[34m|[0m /* 8.439 */        let reservedHeader = dnsTestHeader(1u16, 0x8040u16, 0, 0, 0, 0)[0m
    [36m| [0m[34m|[0m /* 8.440 */        try {[0m
    [36m| [0m[34m|[0m /* 8.441 */            try {[0m
    [36m| [0m[34m|[0m /* 8.442 */                assertEqual("true", "true", true, true)[0m
    [36m| [0m[34m|[0m /* 8.443 */                DnsMessageParser().parse(reservedHeader.toArray())[0m
    [36m| [0m[34m|[0m /* 8.444 */                fail("@AssertThrows: Expected 'api.ResolveException' was not caught.")[0m
    [36m| [0m[34m|[0m /* 8.445 */            } catch(e: api.ResolveException) {[0m
    [36m| [0m[34m|[0m /* 8.446 */                if(e is AssertException) {[0m
    [36m| [0m[34m|[0m /* 8.447 */                    throw e[0m
    [36m| [0m[34m|[0m /* 8.448 */                }[0m
    [36m| [0m[34m|[0m /* 8.449 */                if(e is AssertIntermediateException) {[0m
    [36m| [0m[34m|[0m /* 8.450 */                    throw e[0m
    [36m| [0m[34m|[0m /* 8.451 */                }[0m
    [36m| [0m[34m|[0m /* 8.452 */                if(e is UnittestTimeoutException) {[0m
    [36m| [0m[34m|[0m /* 8.453 */                    throw e[0m
    [36m| [0m[34m|[0m /* 8.454 */                }[0m
    [36m| [0m[34m|[0m /* 8.455 */                e[0m
    [36m| [0m[34m|[0m /* 8.456 */            }[0m
    [36m| [0m[34m|[0m /* 8.457 */        } catch(e: Exception) {[0m
    [36m| [0m[34m|[0m /* 8.458 */            if(e is AssertException || e is AssertIntermediateException || e is UnittestTimeoutException) {[0m
    [36m| [0m[34m|[0m /* 8.459 */                throw e[0m
    [36m| [0m[34m|[0m /* 8.460 */            }[0m
    [36m| [0m[34m|[0m /* 8.461 */            assertCaughtUnexpectedE("@AssertThrows(api.ResolveException)", "api.ResolveException", e.toString())[0m
    [36m| [0m[34m|[0m /* 8.462 */        }[0m
    [36m| [0m[34m|[0m /* 8.463 */        let shortQuestion = dnsTestHeader(1u16, 0x8180u16, 1, 0, 0, 0)[0m
    [36m| [0m[34m|[0m /* 8.464 */        shortQuestion.add(0u8)[0m
    [36m| [0m[34m|[0m /* 8.465 */        shortQuestion.add(0u8)[0m
    [36m| [0m[34m|[0m /* 8.466 */        try {[0m
    [36m| [0m[34m|[0m /* 8.467 */            try {[0m
    [36m| [0m[34m|[0m /* 8.468 */                assertEqual("true", "true", true, true)[0m
    [36m| [0m[34m|[0m /* 8.469 */                DnsMessageParser().parse(shortQuestion.toArray())[0m
    [36m| [0m[34m|[0m /* 8.470 */                fail("@AssertThrows: Expected 'api.ResolveException' was not caught.")[0m
    [36m| [0m[34m|[0m /* 8.471 */            } catch(e: api.ResolveException) {[0m
    [36m| [0m[34m|[0m /* 8.472 */                if(e is AssertException) {[0m
    [36m| [0m[34m|[0m /* 8.473 */                    throw e[0m
    [36m| [0m[34m|[0m /* 8.474 */                }[0m
    [36m| [0m[34m|[0m /* 8.475 */                if(e is AssertIntermediateException) {[0m
    [36m| [0m[34m|[0m /* 8.476 */                    throw e[0m
    [36m| [0m[34m|[0m /* 8.477 */                }[0m
    [36m| [0m[34m|[0m /* 8.478 */                if(e is UnittestTimeoutException) {[0m
    [36m| [0m[34m|[0m /* 8.479 */                    throw e[0m
    [36m| [0m[34m|[0m /* 8.480 */                }[0m
    [36m| [0m[34m|[0m /* 8.481 */                e[0m
    [36m| [0m[34m|[0m /* 8.482 */            }[0m
    [36m| [0m[34m|[0m /* 8.483 */        } catch(e: Exception) {[0m
    [36m| [0m[34m|[0m /* 8.484 */            if(e is AssertException || e is AssertIntermediateException || e is UnittestTimeoutException) {[0m
    [36m| [0m[34m|[0m /* 8.485 */                throw e[0m
    [36m| [0m[34m|[0m /* 8.486 */            }[0m
    [36m| [0m[34m|[0m /* 8.487 */            assertCaughtUnexpectedE("@AssertThrows(api.ResolveException)", "api.ResolveException", e.toString())[0m
    [36m| [0m[34m|[0m /* 8.488 */        }[0m
    [36m| [0m[34m|[0m /* 8.489 */        let shortRecord = dnsTestHeader(1u16, 0x8180u16, 0, 1, 0, 0)[0m
    [36m| [0m[34m|[0m /* 8.490 */        shortRecord.add(0u8)[0m
    [36m| [0m[34m|[0m /* 8.491 */        dnsTestAppendU16(shortRecord, 1)[0m
    [36m| [0m[34m|[0m /* 8.492 */        dnsTestAppendU16(shortRecord, 1)[0m
    [36m| [0m[34m|[0m /* 8.493 */        dnsTestAppendU32(shortRecord, 1u32)[0m
    [36m| [0m[34m|[0m /* 8.494 */        dnsTestAppendU16(shortRecord, 4)[0m
    [36m| [0m[34m|[0m /* 8.495 */        shortRecord.add(1u8)[0m
    [36m| [0m[34m|[0m /* 8.496 */        shortRecord.add(2u8)[0m
    [36m| [0m[34m|[0m /* 8.497 */        try {[0m
    [36m| [0m[34m|[0m /* 8.498 */            try {[0m
    [36m| [0m[34m|[0m /* 8.499 */                assertEqual("true", "true", true, true)[0m
    [36m| [0m[34m|[0m /* 8.500 */                DnsMessageParser().parse(shortRecord.toArray())[0m
    [36m| [0m[34m|[0m /* 8.501 */                fail("@AssertThrows: Expected 'api.ResolveException' was not caught.")[0m
    [36m| [0m[34m|[0m /* 8.502 */            } catch(e: api.ResolveException) {[0m
    [36m| [0m[34m|[0m /* 8.503 */                if(e is AssertException) {[0m
    [36m| [0m[34m|[0m /* 8.504 */                    throw e[0m
    [36m| [0m[34m|[0m /* 8.505 */                }[0m
    [36m| [0m[34m|[0m /* 8.506 */                if(e is AssertIntermediateException) {[0m
    [36m| [0m[34m|[0m /* 8.507 */                    throw e[0m
    [36m| [0m[34m|[0m /* 8.508 */                }[0m
    [36m| [0m[34m|[0m /* 8.509 */                if(e is UnittestTimeoutException) {[0m
    [36m| [0m[34m|[0m /* 8.510 */                    throw e[0m
    [36m| [0m[34m|[0m /* 8.511 */                }[0m
    [36m| [0m[34m|[0m /* 8.512 */                e[0m
    [36m| [0m[34m|[0m /* 8.513 */            }[0m
    [36m| [0m[34m|[0m /* 8.514 */        } catch(e: Exception) {[0m
    [36m| [0m[34m|[0m /* 8.515 */            if(e is AssertException || e is AssertIntermediateException || e is UnittestTimeoutException) {[0m
    [36m| [0m[34m|[0m /* 8.516 */                throw e[0m
    [36m| [0m[34m|[0m /* 8.517 */            }[0m
    [36m| [0m[34m|[0m /* 8.518 */            assertCaughtUnexpectedE("@AssertThrows(api.ResolveException)", "api.ResolveException", e.toString())[0m
    [36m| [0m[34m|[0m /* 8.519 */        }[0m
    [36m| [0m[34m|[0m /* 8.520 */    }[0m
    [36m| [0m[34m|[0m /* 8.521 */    [0m
    [36m| [0m[34m|[0m /* 8.522 */    @Attribute[TestCase_36][0m
    [36m| [0m[34m|[0m /* 8.523 */    func typedRdataLengthsAndTxtSegmentsAreExact(): Unit {[0m
    [36m| [0m[34m|[0m /* 8.524 */        for((typeCode, data) in[(1,[1u8, 2u8, 3u8]),(28, Array < Byte >(15, repeat: 0u8)),(16,[4u8, 1u8, 2u8]),(16, Array < Byte >())]) {[0m
    [36m| [0m[34m|[0m /* 8.525 */            let message = dnsTestHeader(1u16, 0x8180u16, 0, 1, 0, 0)[0m
    [36m| [0m[34m|[0m /* 8.526 */            dnsTestAppendRecord(message,[0u8], typeCode, data)[0m
    [36m| [0m[34m|[0m /* 8.527 */            try {[0m
    [36m| [0m[34m|[0m /* 8.528 */                try {[0m
    [36m| [0m[34m|[0m /* 8.529 */                    assertEqual("true", "true", true, true)[0m
    [36m| [0m[34m|[0m /* 8.530 */                    DnsMessageParser().parse(message.toArray())[0m
    [36m| [0m[34m|[0m /* 8.531 */                    fail("@AssertThrows: Expected 'api.ResolveException' was not caught.")[0m
    [36m| [0m[34m|[0m /* 8.532 */                } catch(e: api.ResolveException) {[0m
    [36m| [0m[34m|[0m /* 8.533 */                    if(e is AssertException) {[0m
    [36m| [0m[34m|[0m /* 8.534 */                        throw e[0m
    [36m| [0m[34m|[0m /* 8.535 */                    }[0m
    [36m| [0m[34m|[0m /* 8.536 */                    if(e is AssertIntermediateException) {[0m
    [36m| [0m[34m|[0m /* 8.537 */                        throw e[0m
    [36m| [0m[34m|[0m /* 8.538 */                    }[0m
    [36m| [0m[34m|[0m /* 8.539 */                    if(e is UnittestTimeoutException) {[0m
    [36m| [0m[34m|[0m /* 8.540 */                        throw e[0m
    [36m| [0m[34m|[0m /* 8.541 */                    }[0m
    [36m| [0m[34m|[0m /* 8.542 */                    e[0m
    [36m| [0m[34m|[0m /* 8.543 */                }[0m
    [36m| [0m[34m|[0m /* 8.544 */            } catch(e: Exception) {[0m
    [36m| [0m[34m|[0m /* 8.545 */                if(e is AssertException || e is AssertIntermediateException || e is UnittestTimeoutException) {[0m
    [36m| [0m[34m|[0m /* 8.546 */                    throw e[0m
    [36m| [0m[34m|[0m /* 8.547 */                }[0m
    [36m| [0m[34m|[0m /* 8.548 */                assertCaughtUnexpectedE("@AssertThrows(api.ResolveException)", "api.ResolveException", e.toString())[0m
    [36m| [0m[34m|[0m /* 8.549 */            }[0m
    [36m| [0m[34m|[0m /* 8.550 */        }[0m
    [36m| [0m[34m|[0m /* 8.551 */    }[0m
    [36m| [0m[34m|[0m /* 8.552 */    [0m
    [36m| [0m[34m|[0m /* 8.553 */    @Attribute[TestCase_37][0m
    [36m| [0m[34m|[0m /* 8.554 */    func compressedRdataNamesCannotConsumeNeighboringRecordBytes(): Unit {[0m
    [36m| [0m[34m|[0m /* 8.555 */        let extra = dnsTestHeader(1u16, 0x8180u16, 1, 1, 0, 0)[0m
    [36m| [0m[34m|[0m /* 8.556 */        dnsTestAppendQuestion(extra, "escape.example", 1)[0m
    [36m| [0m[34m|[0m /* 8.557 */        dnsTestAppendRecord(extra,[0xC0u8, 0x0Cu8], 5,[0xC0u8, 0x0Cu8, 0u8])[0m
    [36m| [0m[34m|[0m /* 8.558 */        try {[0m
    [36m| [0m[34m|[0m /* 8.559 */            try {[0m
    [36m| [0m[34m|[0m /* 8.560 */                assertEqual("true", "true", true, true)[0m
    [36m| [0m[34m|[0m /* 8.561 */                DnsMessageParser().parse(extra.toArray())[0m
    [36m| [0m[34m|[0m /* 8.562 */                fail("@AssertThrows: Expected 'api.ResolveException' was not caught.")[0m
    [36m| [0m[34m|[0m /* 8.563 */            } catch(e: api.ResolveException) {[0m
    [36m| [0m[34m|[0m /* 8.564 */                if(e is AssertException) {[0m
    [36m| [0m[34m|[0m /* 8.565 */                    throw e[0m
    [36m| [0m[34m|[0m /* 8.566 */                }[0m
    [36m| [0m[34m|[0m /* 8.567 */                if(e is AssertIntermediateException) {[0m
    [36m| [0m[34m|[0m /* 8.568 */                    throw e[0m
    [36m| [0m[34m|[0m /* 8.569 */                }[0m
    [36m| [0m[34m|[0m /* 8.570 */                if(e is UnittestTimeoutException) {[0m
    [36m| [0m[34m|[0m /* 8.571 */                    throw e[0m
    [36m| [0m[34m|[0m /* 8.572 */                }[0m
    [36m| [0m[34m|[0m /* 8.573 */                e[0m
    [36m| [0m[34m|[0m /* 8.574 */            }[0m
    [36m| [0m[34m|[0m /* 8.575 */        } catch(e: Exception) {[0m
    [36m| [0m[34m|[0m /* 8.576 */            if(e is AssertException || e is AssertIntermediateException || e is UnittestTimeoutException) {[0m
    [36m| [0m[34m|[0m /* 8.577 */                throw e[0m
    [36m| [0m[34m|[0m /* 8.578 */            }[0m
    [36m| [0m[34m|[0m /* 8.579 */            assertCaughtUnexpectedE("@AssertThrows(api.ResolveException)", "api.ResolveException", e.toString())[0m
    [36m| [0m[34m|[0m /* 8.580 */        }[0m
    [36m| [0m[34m|[0m /* 8.581 */        let escape = dnsTestHeader(1u16, 0x8180u16, 1, 2, 0, 0)[0m
    [36m| [0m[34m|[0m /* 8.582 */        dnsTestAppendQuestion(escape, "escape.example", 1)[0m
    [36m| [0m[34m|[0m /* 8.583 */        dnsTestAppendRecord(escape,[0xC0u8, 0x0Cu8], 5,[1u8, b'a'])[0m
    [36m| [0m[34m|[0m /* 8.584 */        dnsTestAppendRecord(escape,[0u8], 1,[1u8, 2u8, 3u8, 4u8])[0m
    [36m| [0m[34m|[0m /* 8.585 */        try {[0m
    [36m| [0m[34m|[0m /* 8.586 */            try {[0m
    [36m| [0m[34m|[0m /* 8.587 */                assertEqual("true", "true", true, true)[0m
    [36m| [0m[34m|[0m /* 8.588 */                DnsMessageParser().parse(escape.toArray())[0m
    [36m| [0m[34m|[0m /* 8.589 */                fail("@AssertThrows: Expected 'api.ResolveException' was not caught.")[0m
    [36m| [0m[34m|[0m /* 8.590 */            } catch(e: api.ResolveException) {[0m
    [36m| [0m[34m|[0m /* 8.591 */                if(e is AssertException) {[0m
    [36m| [0m[34m|[0m /* 8.592 */                    throw e[0m
    [36m| [0m[34m|[0m /* 8.593 */                }[0m
    [36m| [0m[34m|[0m /* 8.594 */                if(e is AssertIntermediateException) {[0m
    [36m| [0m[34m|[0m /* 8.595 */                    throw e[0m
    [36m| [0m[34m|[0m /* 8.596 */                }[0m
    [36m| [0m[34m|[0m /* 8.597 */                if(e is UnittestTimeoutException) {[0m
    [36m| [0m[34m|[0m /* 8.598 */                    throw e[0m
    [36m| [0m[34m|[0m /* 8.599 */                }[0m
    [36m| [0m[34m|[0m /* 8.600 */                e[0m
    [36m| [0m[34m|[0m /* 8.601 */            }[0m
    [36m| [0m[34m|[0m /* 8.602 */        } catch(e: Exception) {[0m
    [36m| [0m[34m|[0m /* 8.603 */            if(e is AssertException || e is AssertIntermediateException || e is UnittestTimeoutException) {[0m
    [36m| [0m[34m|[0m /* 8.604 */                throw e[0m
    [36m| [0m[34m|[0m /* 8.605 */            }[0m
    [36m| [0m[34m|[0m /* 8.606 */            assertCaughtUnexpectedE("@AssertThrows(api.ResolveException)", "api.ResolveException", e.toString())[0m
    [36m| [0m[34m|[0m /* 8.607 */        }[0m
    [36m| [0m[34m|[0m /* 8.608 */    }[0m
    [36m| [0m[34m|[0m /* 8.609 */    [0m
    [36m| [0m[34m|[0m /* 8.610 */    @Attribute[TestCase_38][0m
    [36m| [0m[34m|[0m /* 8.611 */    func srvTargetCompressionIsRejectedEvenWhenPointerIsInBounds(): Unit {[0m
    [36m| [0m[34m|[0m /* 8.612 */        let message = dnsTestHeader(1u16, 0x8180u16, 1, 1, 0, 0)[0m
    [36m| [0m[34m|[0m /* 8.613 */        dnsTestAppendQuestion(message, "_svc._tcp.example", 33)[0m
    [36m| [0m[34m|[0m /* 8.614 */        dnsTestAppendRecord(message,[0xC0u8, 0x0Cu8], 33,[0u8, 1u8, 0u8, 2u8, 0u8, 80u8, 0xC0u8, 0x0Cu8])[0m
    [36m| [0m[34m|[0m /* 8.615 */        try {[0m
    [36m| [0m[34m|[0m /* 8.616 */            try {[0m
    [36m| [0m[34m|[0m /* 8.617 */                assertEqual("true", "true", true, true)[0m
    [36m| [0m[34m|[0m /* 8.618 */                DnsMessageParser().parse(message.toArray())[0m
    [36m| [0m[34m|[0m /* 8.619 */                fail("@AssertThrows: Expected 'api.ResolveException' was not caught.")[0m
    [36m| [0m[34m|[0m /* 8.620 */            } catch(e: api.ResolveException) {[0m
    [36m| [0m[34m|[0m /* 8.621 */                if(e is AssertException) {[0m
    [36m| [0m[34m|[0m /* 8.622 */                    throw e[0m
    [36m| [0m[34m|[0m /* 8.623 */                }[0m
    [36m| [0m[34m|[0m /* 8.624 */                if(e is AssertIntermediateException) {[0m
    [36m| [0m[34m|[0m /* 8.625 */                    throw e[0m
    [36m| [0m[34m|[0m /* 8.626 */                }[0m
    [36m| [0m[34m|[0m /* 8.627 */                if(e is UnittestTimeoutException) {[0m
    [36m| [0m[34m|[0m /* 8.628 */                    throw e[0m
    [36m| [0m[34m|[0m /* 8.629 */                }[0m
    [36m| [0m[34m|[0m /* 8.630 */                e[0m
    [36m| [0m[34m|[0m /* 8.631 */            }[0m
    [36m| [0m[34m|[0m /* 8.632 */        } catch(e: Exception) {[0m
    [36m| [0m[34m|[0m /* 8.633 */            if(e is AssertException || e is AssertIntermediateException || e is UnittestTimeoutException) {[0m
    [36m| [0m[34m|[0m /* 8.634 */                throw e[0m
    [36m| [0m[34m|[0m /* 8.635 */            }[0m
    [36m| [0m[34m|[0m /* 8.636 */            assertCaughtUnexpectedE("@AssertThrows(api.ResolveException)", "api.ResolveException", e.toString())[0m
    [36m| [0m[34m|[0m /* 8.637 */        }[0m
    [36m| [0m[34m|[0m /* 8.638 */    }[0m
    [36m| [0m[34m|[0m /* 8.639 */    [0m
    [36m| [0m[34m|[0m /* 8.640 */    @Attribute[TestCase_39][0m
    [36m| [0m[34m|[0m /* 8.641 */    func summaryConstructorRejectsSectionMetadataThatCouldBlurBoundaries(): Unit {[0m
    [36m| [0m[34m|[0m /* 8.642 */        try {[0m
    [36m| [0m[34m|[0m /* 8.643 */            try {[0m
    [36m| [0m[34m|[0m /* 8.644 */                assertEqual("true", "true", true, true)[0m
    [36m| [0m[34m|[0m /* 8.645 */                DnsMessageSummary(1u16, 1, false, questionCount: 0, records: Array < DnsRecord >())[0m
    [36m| [0m[34m|[0m /* 8.646 */                fail("@AssertThrows: Expected 'IllegalArgumentException' was not caught.")[0m
    [36m| [0m[34m|[0m /* 8.647 */            } catch(e: IllegalArgumentException) {[0m
    [36m| [0m[34m|[0m /* 8.648 */                if(e is AssertException) {[0m
    [36m| [0m[34m|[0m /* 8.649 */                    throw e[0m
    [36m| [0m[34m|[0m /* 8.650 */                }[0m
    [36m| [0m[34m|[0m /* 8.651 */                if(e is AssertIntermediateException) {[0m
    [36m| [0m[34m|[0m /* 8.652 */                    throw e[0m
    [36m| [0m[34m|[0m /* 8.653 */                }[0m
    [36m| [0m[34m|[0m /* 8.654 */                if(e is UnittestTimeoutException) {[0m
    [36m| [0m[34m|[0m /* 8.655 */                    throw e[0m
    [36m| [0m[34m|[0m /* 8.656 */                }[0m
    [36m| [0m[34m|[0m /* 8.657 */                e[0m
    [36m| [0m[34m|[0m /* 8.658 */            }[0m
    [36m| [0m[34m|[0m /* 8.659 */        } catch(e: Exception) {[0m
    [36m| [0m[34m|[0m /* 8.660 */            if(e is AssertException || e is AssertIntermediateException || e is UnittestTimeoutException) {[0m
    [36m| [0m[34m|[0m /* 8.661 */                throw e[0m
    [36m| [0m[34m|[0m /* 8.662 */            }[0m
    [36m| [0m[34m|[0m /* 8.663 */            assertCaughtUnexpectedE("@AssertThrows(IllegalArgumentException)", "IllegalArgumentException", e.toString())[0m
    [36m| [0m[34m|[0m /* 8.664 */        }[0m
    [36m| [0m[34m|[0m /* 8.665 */    }[0m
    [36m| [0m[34m|[0m /* 8.666 */    [0m
    [36m| [0m[34m|[0m /* 8.667 */    @Attribute[TestCase_40][0m
    [36m| [0m[34m|[0m /* 8.668 */    func additionalOwnerMayReferenceAuthorityNameserverTarget(): Unit {[0m
    [36m| [0m[34m|[0m /* 8.669 */        let message = dnsTestHeader(0x1234u16, 0x8180u16, 1, 1, 1, 1)[0m
    [36m| [0m[34m|[0m /* 8.670 */        dnsTestAppendQuestion(message, "example.test", 1)[0m
    [36m| [0m[34m|[0m /* 8.671 */        dnsTestAppendRecord(message,[0xC0u8, 0x0Cu8], 1,[192u8, 0u8, 2u8, 1u8])[0m
    [36m| [0m[34m|[0m /* 8.672 */        let nameserverOffset = message.size + 12[0m
    [36m| [0m[34m|[0m /* 8.673 */        dnsTestAppendRecord(message,[0xC0u8, 0x0Cu8], 2,[2u8, b'n', b's', 0xC0u8, 0x0Cu8])[0m
    [36m| [0m[34m|[0m /* 8.674 */        dnsTestAppendRecord(message, dnsTestPointer(nameserverOffset), 1,[192u8, 0u8, 2u8, 53u8])[0m
    [36m| [0m[34m|[0m /* 8.675 */        let summary = DnsMessageParser().parse(message.toArray())[0m
    [36m| [0m[34m|[0m /* 8.676 */        expectEqual("summary.records[0].data()", "[192u8, 0u8, 2u8, 1u8]", summary.records[0].data(),[192u8, 0u8, 2u8, 1u8], isDelta: false)[0m
    [36m| [0m[34m|[0m /* 8.677 */        expectEqual("summary.records[2].name", "\"ns.example.test\"", summary.records[2].name, "ns.example.test", isDelta: false)[0m
    [36m| [0m[34m|[0m /* 8.678 */        expectEqual("summary.records[2].data()", "[192u8, 0u8, 2u8, 53u8]", summary.records[2].data(),[192u8, 0u8, 2u8, 53u8], isDelta: false)[0m
    [36m| [0m[34m|[0m /* 8.679 */    }[0m
    [36m| [0m[34m|[0m /* 8.680 */    [0m
    [36m| [0m[34m|[0m /* 8.681 */    @Attribute[TestCase_41][0m
    [36m| [0m[34m|[0m /* 8.682 */    func additionalOwnerMayReferenceSecondLegacyMailboxName(): Unit {[0m
    [36m| [0m[34m|[0m /* 8.683 */        let message = dnsTestHeader(1u16, 0x8180u16, 1, 0, 1, 1)[0m
    [36m| [0m[34m|[0m /* 8.684 */        dnsTestAppendQuestion(message, "example.test", 1)[0m
    [36m| [0m[34m|[0m /* 8.685 */        let mailboxOffset = message.size + 14[0m
    [36m| [0m[34m|[0m /* 8.686 */        let data =[0xC0u8, 0x0Cu8, 3u8, b'e', b'r', b'r', 0xC0u8, 0x0Cu8][0m
    [36m| [0m[34m|[0m /* 8.687 */        dnsTestAppendRecord(message,[0xC0u8, 0x0Cu8], 14, data)[0m
    [36m| [0m[34m|[0m /* 8.688 */        dnsTestAppendRecord(message, dnsTestPointer(mailboxOffset), 1,[192u8, 0u8, 2u8, 9u8])[0m
    [36m| [0m[34m|[0m /* 8.689 */        let summary = DnsMessageParser().parse(message.toArray())[0m
    [36m| [0m[34m|[0m /* 8.690 */        expectEqual("summary.records[0].data()", "data", summary.records[0].data(), data, isDelta: false)[0m
    [36m| [0m[34m|[0m /* 8.691 */        expectEqual("summary.records[1].name", "\"err.example.test\"", summary.records[1].name, "err.example.test", isDelta: false)[0m
    [36m| [0m[34m|[0m /* 8.692 */        expectEqual("summary.records[1].data()", "[192u8, 0u8, 2u8, 9u8]", summary.records[1].data(),[192u8, 0u8, 2u8, 9u8], isDelta: false)[0m
    [36m| [0m[34m|[0m /* 8.693 */        let missingMailbox = dnsTestHeader(1u16, 0x8180u16, 1, 1, 0, 0)[0m
    [36m| [0m[34m|[0m /* 8.694 */        dnsTestAppendQuestion(missingMailbox, "example.test", 14)[0m
    [36m| [0m[34m|[0m /* 8.695 */        dnsTestAppendRecord(missingMailbox,[0xC0u8, 0x0Cu8], 14,[0xC0u8, 0x0Cu8])[0m
    [36m| [0m[34m|[0m /* 8.696 */        try {[0m
    [36m| [0m[34m|[0m /* 8.697 */            try {[0m
    [36m| [0m[34m|[0m /* 8.698 */                assertEqual("true", "true", true, true)[0m
    [36m| [0m[34m|[0m /* 8.699 */                DnsMessageParser().parse(missingMailbox.toArray())[0m
    [36m| [0m[34m|[0m /* 8.700 */                fail("@AssertThrows: Expected 'api.ResolveException' was not caught.")[0m
    [36m| [0m[34m|[0m /* 8.701 */            } catch(e: api.ResolveException) {[0m
    [36m| [0m[34m|[0m /* 8.702 */                if(e is AssertException) {[0m
    [36m| [0m[34m|[0m /* 8.703 */                    throw e[0m
    [36m| [0m[34m|[0m /* 8.704 */                }[0m
    [36m| [0m[34m|[0m /* 8.705 */                if(e is AssertIntermediateException) {[0m
    [36m| [0m[34m|[0m /* 8.706 */                    throw e[0m
    [36m| [0m[34m|[0m /* 8.707 */                }[0m
    [36m| [0m[34m|[0m /* 8.708 */                if(e is UnittestTimeoutException) {[0m
    [36m| [0m[34m|[0m /* 8.709 */                    throw e[0m
    [36m| [0m[34m|[0m /* 8.710 */                }[0m
    [36m| [0m[34m|[0m /* 8.711 */                e[0m
    [36m| [0m[34m|[0m /* 8.712 */            }[0m
    [36m| [0m[34m|[0m /* 8.713 */        } catch(e: Exception) {[0m
    [36m| [0m[34m|[0m /* 8.714 */            if(e is AssertException || e is AssertIntermediateException || e is UnittestTimeoutException) {[0m
    [36m| [0m[34m|[0m /* 8.715 */                throw e[0m
    [36m| [0m[34m|[0m /* 8.716 */            }[0m
    [36m| [0m[34m|[0m /* 8.717 */            assertCaughtUnexpectedE("@AssertThrows(api.ResolveException)", "api.ResolveException", e.toString())[0m
    [36m| [0m[34m|[0m /* 8.718 */        }[0m
    [36m| [0m[34m|[0m /* 8.719 */    }[0m
    [36m| [0m[34m|[0m /* 8.720 */    [0m
    [36m| [0m[34m|[0m /* 8.721 */    init() {[0m
    [36m| [0m[34m|[0m /* 8.722 */    }[0m
    [36m| [0m[34m|[0m /* 8.723 */    private func classConfiguration(): Configuration {[0m
    [36m| [0m[34m|[0m /* 8.724 */        let configuration = Configuration()[0m
    [36m| [0m[34m|[0m /* 8.725 */        [0m
    [36m| [0m[34m|[0m /* 8.726 */        return configuration[0m
    [36m| [0m[34m|[0m /* 8.727 */    }[0m
    [36m| [0m[34m|[0m /* 8.728 */    public override func asTestSuite(): TestSuite {[0m
    [36m| [0m[34m|[0m /* 8.729 */        [0m
    [36m| [0m[34m|[0m /* 8.730 */        let suiteConfiguration = classConfiguration()[0m
    [36m| [0m[34m|[0m /* 8.731 */        let suiteBuilder = TestSuite.builder("DnsWireParserTest").configure(suiteConfiguration)[0m
    [36m| [0m[34m|[0m /* 8.732 */        [0m
    [36m| [0m[34m|[0m /* 8.733 */        { => let caseConfig = Configuration()[0m
    [36m| [0m[34m|[0m /* 8.734 */            [0m
    [36m| [0m[34m|[0m /* 8.735 */            let decodesCompressedTargetsBinaryTxtSoaAndUnknownDataTestFunc = { => decodesCompressedTargetsBinaryTxtSoaAndUnknownData();() }[0m
    [36m| [0m[34m|[0m /* 8.736 */            suiteBuilder.add([0m
    [36m| [0m[34m|[0m /* 8.737 */            UnitTestCase.create([0m
    [36m| [0m[34m|[0m /* 8.738 */            "decodesCompressedTargetsBinaryTxtSoaAndUnknownData",[0m
    [36m| [0m[34m|[0m /* 8.739 */            configuration: caseConfig,[0m
    [36m| [0m[34m|[0m /* 8.740 */            body: decodesCompressedTargetsBinaryTxtSoaAndUnknownDataTestFunc[0m
    [36m| [0m[34m|[0m /* 8.741 */            )[0m
    [36m| [0m[34m|[0m /* 8.742 */            )[0m
    [36m| [0m[34m|[0m /* 8.743 */            [0m
    [36m| [0m[34m|[0m /* 8.744 */        }()[0m
    [36m| [0m[34m|[0m /* 8.745 */        [0m
    [36m| [0m[34m|[0m /* 8.746 */        [0m
    [36m| [0m[34m|[0m /* 8.747 */        { => let caseConfig = Configuration()[0m
    [36m| [0m[34m|[0m /* 8.748 */            [0m
    [36m| [0m[34m|[0m /* 8.749 */            let recordOrderMakesAnswerAuthorityAndAdditionalBoundariesExplicitTestFunc = { => recordOrderMakesAnswerAuthorityAndAdditionalBoundariesExplicit();() }[0m
    [36m| [0m[34m|[0m /* 8.750 */            suiteBuilder.add([0m
    [36m| [0m[34m|[0m /* 8.751 */            UnitTestCase.create([0m
    [36m| [0m[34m|[0m /* 8.752 */            "recordOrderMakesAnswerAuthorityAndAdditionalBoundariesExplicit",[0m
    [36m| [0m[34m|[0m /* 8.753 */            configuration: caseConfig,[0m
    [36m| [0m[34m|[0m /* 8.754 */            body: recordOrderMakesAnswerAuthorityAndAdditionalBoundariesExplicitTestFunc[0m
    [36m| [0m[34m|[0m /* 8.755 */            )[0m
    [36m| [0m[34m|[0m /* 8.756 */            )[0m
    [36m| [0m[34m|[0m /* 8.757 */            [0m
    [36m| [0m[34m|[0m /* 8.758 */        }()[0m
    [36m| [0m[34m|[0m /* 8.759 */        [0m
    [36m| [0m[34m|[0m /* 8.760 */        [0m
    [36m| [0m[34m|[0m /* 8.761 */        { => let caseConfig = Configuration()[0m
    [36m| [0m[34m|[0m /* 8.762 */            [0m
    [36m| [0m[34m|[0m /* 8.763 */            let summariesAndRecordsOwnParserAndConstructorInputsTestFunc = { => summariesAndRecordsOwnParserAndConstructorInputs();() }[0m
    [36m| [0m[34m|[0m /* 8.764 */            suiteBuilder.add([0m
    [36m| [0m[34m|[0m /* 8.765 */            UnitTestCase.create([0m
    [36m| [0m[34m|[0m /* 8.766 */            "summariesAndRecordsOwnParserAndConstructorInputs",[0m
    [36m| [0m[34m|[0m /* 8.767 */            configuration: caseConfig,[0m
    [36m| [0m[34m|[0m /* 8.768 */            body: summariesAndRecordsOwnParserAndConstructorInputsTestFunc[0m
    [36m| [0m[34m|[0m /* 8.769 */            )[0m
    [36m| [0m[34m|[0m /* 8.770 */            )[0m
    [36m| [0m[34m|[0m /* 8.771 */            [0m
    [36m| [0m[34m|[0m /* 8.772 */        }()[0m
    [36m| [0m[34m|[0m /* 8.773 */        [0m
    [36m| [0m[34m|[0m /* 8.774 */        [0m
    [36m| [0m[34m|[0m /* 8.775 */        { => let caseConfig = Configuration()[0m
    [36m| [0m[34m|[0m /* 8.776 */            [0m
    [36m| [0m[34m|[0m /* 8.777 */            let publicSummaryRejectsCountsBeyondWireAndCombinedRecordBoundsTestFunc = { => publicSummaryRejectsCountsBeyondWireAndCombinedRecordBounds();() }[0m
    [36m| [0m[34m|[0m /* 8.778 */            suiteBuilder.add([0m
    [36m| [0m[34m|[0m /* 8.779 */            UnitTestCase.create([0m
    [36m| [0m[34m|[0m /* 8.780 */            "publicSummaryRejectsCountsBeyondWireAndCombinedRecordBounds",[0m
    [36m| [0m[34m|[0m /* 8.781 */            configuration: caseConfig,[0m
    [36m| [0m[34m|[0m /* 8.782 */            body: publicSummaryRejectsCountsBeyondWireAndCombinedRecordBoundsTestFunc[0m
    [36m| [0m[34m|[0m /* 8.783 */            )[0m
    [36m| [0m[34m|[0m /* 8.784 */            )[0m
    [36m| [0m[34m|[0m /* 8.785 */            [0m
    [36m| [0m[34m|[0m /* 8.786 */        }()[0m
    [36m| [0m[34m|[0m /* 8.787 */        [0m
    [36m| [0m[34m|[0m /* 8.788 */        [0m
    [36m| [0m[34m|[0m /* 8.789 */        { => let caseConfig = Configuration()[0m
    [36m| [0m[34m|[0m /* 8.790 */            [0m
    [36m| [0m[34m|[0m /* 8.791 */            let parserPreservesQuestionIdentityAndRejectsIncompleteRecordsTestFunc = { => parserPreservesQuestionIdentityAndRejectsIncompleteRecords();() }[0m
    [36m| [0m[34m|[0m /* 8.792 */            suiteBuilder.add([0m
    [36m| [0m[34m|[0m /* 8.793 */            UnitTestCase.create([0m
    [36m| [0m[34m|[0m /* 8.794 */            "parserPreservesQuestionIdentityAndRejectsIncompleteRecords",[0m
    [36m| [0m[34m|[0m /* 8.795 */            configuration: caseConfig,[0m
    [36m| [0m[34m|[0m /* 8.796 */            body: parserPreservesQuestionIdentityAndRejectsIncompleteRecordsTestFunc[0m
    [36m| [0m[34m|[0m /* 8.797 */            )[0m
    [36m| [0m[34m|[0m /* 8.798 */            )[0m
    [36m| [0m[34m|[0m /* 8.799 */            [0m
    [36m| [0m[34m|[0m /* 8.800 */        }()[0m
    [36m| [0m[34m|[0m /* 8.801 */        [0m
    [36m| [0m[34m|[0m /* 8.802 */        [0m
    [36m| [0m[34m|[0m /* 8.803 */        { => let caseConfig = Configuration()[0m
    [36m| [0m[34m|[0m /* 8.804 */            [0m
    [36m| [0m[34m|[0m /* 8.805 */            let asciiNameProfileRejectsAmbiguousLabelsTestFunc = { => asciiNameProfileRejectsAmbiguousLabels();() }[0m
    [36m| [0m[34m|[0m /* 8.806 */            suiteBuilder.add([0m
    [36m| [0m[34m|[0m /* 8.807 */            UnitTestCase.create([0m
    [36m| [0m[34m|[0m /* 8.808 */            "asciiNameProfileRejectsAmbiguousLabels",[0m
    [36m| [0m[34m|[0m /* 8.809 */            configuration: caseConfig,[0m
    [36m| [0m[34m|[0m /* 8.810 */            body: asciiNameProfileRejectsAmbiguousLabelsTestFunc[0m
    [36m| [0m[34m|[0m /* 8.811 */            )[0m
    [36m| [0m[34m|[0m /* 8.812 */            )[0m
    [36m| [0m[34m|[0m /* 8.813 */            [0m
    [36m| [0m[34m|[0m /* 8.814 */        }()[0m
    [36m| [0m[34m|[0m /* 8.815 */        [0m
    [36m| [0m[34m|[0m /* 8.816 */        [0m
    [36m| [0m[34m|[0m /* 8.817 */        { => let caseConfig = Configuration()[0m
    [36m| [0m[34m|[0m /* 8.818 */            [0m
    [36m| [0m[34m|[0m /* 8.819 */            let compressionLoopsForwardPointersAndOutOfRangePointersAreRejectedTestFunc = { => compressionLoopsForwardPointersAndOutOfRangePointersAreRejected();() }[0m
    [36m| [0m[34m|[0m /* 8.820 */            suiteBuilder.add([0m
    [36m| [0m[34m|[0m /* 8.821 */            UnitTestCase.create([0m
    [36m| [0m[34m|[0m /* 8.822 */            "compressionLoopsForwardPointersAndOutOfRangePointersAreRejected",[0m
    [36m| [0m[34m|[0m /* 8.823 */            configuration: caseConfig,[0m
    [36m| [0m[34m|[0m /* 8.824 */            body: compressionLoopsForwardPointersAndOutOfRangePointersAreRejectedTestFunc[0m
    [36m| [0m[34m|[0m /* 8.825 */            )[0m
    [36m| [0m[34m|[0m /* 8.826 */            )[0m
    [36m| [0m[34m|[0m /* 8.827 */            [0m
    [36m| [0m[34m|[0m /* 8.828 */        }()[0m
    [36m| [0m[34m|[0m /* 8.829 */        [0m
    [36m| [0m[34m|[0m /* 8.830 */        [0m
    [36m| [0m[34m|[0m /* 8.831 */        { => let caseConfig = Configuration()[0m
    [36m| [0m[34m|[0m /* 8.832 */            [0m
    [36m| [0m[34m|[0m /* 8.833 */            let expandedNameAndSectionCountsRespectConfiguredBoundsTestFunc = { => expandedNameAndSectionCountsRespectConfiguredBounds();() }[0m
    [36m| [0m[34m|[0m /* 8.834 */            suiteBuilder.add([0m
    [36m| [0m[34m|[0m /* 8.835 */            UnitTestCase.create([0m
    [36m| [0m[34m|[0m /* 8.836 */            "expandedNameAndSectionCountsRespectConfiguredBounds",[0m
    [36m| [0m[34m|[0m /* 8.837 */            configuration: caseConfig,[0m
    [36m| [0m[34m|[0m /* 8.838 */            body: expandedNameAndSectionCountsRespectConfiguredBoundsTestFunc[0m
    [36m| [0m[34m|[0m /* 8.839 */            )[0m
    [36m| [0m[34m|[0m /* 8.840 */            )[0m
    [36m| [0m[34m|[0m /* 8.841 */            [0m
    [36m| [0m[34m|[0m /* 8.842 */        }()[0m
    [36m| [0m[34m|[0m /* 8.843 */        [0m
    [36m| [0m[34m|[0m /* 8.844 */        [0m
    [36m| [0m[34m|[0m /* 8.845 */        { => let caseConfig = Configuration()[0m
    [36m| [0m[34m|[0m /* 8.846 */            [0m
    [36m| [0m[34m|[0m /* 8.847 */            let completeParserRejectsTrailingAndTruncatedSectionBytesTestFunc = { => completeParserRejectsTrailingAndTruncatedSectionBytes();() }[0m
    [36m| [0m[34m|[0m /* 8.848 */            suiteBuilder.add([0m
    [36m| [0m[34m|[0m /* 8.849 */            UnitTestCase.create([0m
    [36m| [0m[34m|[0m /* 8.850 */            "completeParserRejectsTrailingAndTruncatedSectionBytes",[0m
    [36m| [0m[34m|[0m /* 8.851 */            configuration: caseConfig,[0m
    [36m| [0m[34m|[0m /* 8.852 */            body: completeParserRejectsTrailingAndTruncatedSectionBytesTestFunc[0m
    [36m| [0m[34m|[0m /* 8.853 */            )[0m
    [36m| [0m[34m|[0m /* 8.854 */            )[0m
    [36m| [0m[34m|[0m /* 8.855 */            [0m
    [36m| [0m[34m|[0m /* 8.856 */        }()[0m
    [36m| [0m[34m|[0m /* 8.857 */        [0m
    [36m| [0m[34m|[0m /* 8.858 */        [0m
    [36m| [0m[34m|[0m /* 8.859 */        { => let caseConfig = Configuration()[0m
    [36m| [0m[34m|[0m /* 8.860 */            [0m
    [36m| [0m[34m|[0m /* 8.861 */            let typedRdataLengthsAndTxtSegmentsAreExactTestFunc = { => typedRdataLengthsAndTxtSegmentsAreExact();() }[0m
    [36m| [0m[34m|[0m /* 8.862 */            suiteBuilder.add([0m
    [36m| [0m[34m|[0m /* 8.863 */            UnitTestCase.create([0m
    [36m| [0m[34m|[0m /* 8.864 */            "typedRdataLengthsAndTxtSegmentsAreExact",[0m
    [36m| [0m[34m|[0m /* 8.865 */            configuration: caseConfig,[0m
    [36m| [0m[34m|[0m /* 8.866 */            body: typedRdataLengthsAndTxtSegmentsAreExactTestFunc[0m
    [36m| [0m[34m|[0m /* 8.867 */            )[0m
    [36m| [0m[34m|[0m /* 8.868 */            )[0m
    [36m| [0m[34m|[0m /* 8.869 */            [0m
    [36m| [0m[34m|[0m /* 8.870 */        }()[0m
    [36m| [0m[34m|[0m /* 8.871 */        [0m
    [36m| [0m[34m|[0m /* 8.872 */        [0m
    [36m| [0m[34m|[0m /* 8.873 */        { => let caseConfig = Configuration()[0m
    [36m| [0m[34m|[0m /* 8.874 */            [0m
    [36m| [0m[34m|[0m /* 8.875 */            let compressedRdataNamesCannotConsumeNeighboringRecordBytesTestFunc = { => compressedRdataNamesCannotConsumeNeighboringRecordBytes();() }[0m
    [36m| [0m[34m|[0m /* 8.876 */            suiteBuilder.add([0m
    [36m| [0m[34m|[0m /* 8.877 */            UnitTestCase.create([0m
    [36m| [0m[34m|[0m /* 8.878 */            "compressedRdataNamesCannotConsumeNeighboringRecordBytes",[0m
    [36m| [0m[34m|[0m /* 8.879 */            configuration: caseConfig,[0m
    [36m| [0m[34m|[0m /* 8.880 */            body: compressedRdataNamesCannotConsumeNeighboringRecordBytesTestFunc[0m
    [36m| [0m[34m|[0m /* 8.881 */            )[0m
    [36m| [0m[34m|[0m /* 8.882 */            )[0m
    [36m| [0m[34m|[0m /* 8.883 */            [0m
    [36m| [0m[34m|[0m /* 8.884 */        }()[0m
    [36m| [0m[34m|[0m /* 8.885 */        [0m
    [36m| [0m[34m|[0m /* 8.886 */        [0m
    [36m| [0m[34m|[0m /* 8.887 */        { => let caseConfig = Configuration()[0m
    [36m| [0m[34m|[0m /* 8.888 */            [0m
    [36m| [0m[34m|[0m /* 8.889 */            let srvTargetCompressionIsRejectedEvenWhenPointerIsInBoundsTestFunc = { => srvTargetCompressionIsRejectedEvenWhenPointerIsInBounds();() }[0m
    [36m| [0m[34m|[0m /* 8.890 */            suiteBuilder.add([0m
    [36m| [0m[34m|[0m /* 8.891 */            UnitTestCase.create([0m
    [36m| [0m[34m|[0m /* 8.892 */            "srvTargetCompressionIsRejectedEvenWhenPointerIsInBounds",[0m
    [36m| [0m[34m|[0m /* 8.893 */            configuration: caseConfig,[0m
    [36m| [0m[34m|[0m /* 8.894 */            body: srvTargetCompressionIsRejectedEvenWhenPointerIsInBoundsTestFunc[0m
    [36m| [0m[34m|[0m /* 8.895 */            )[0m
    [36m| [0m[34m|[0m /* 8.896 */            )[0m
    [36m| [0m[34m|[0m /* 8.897 */            [0m
    [36m| [0m[34m|[0m /* 8.898 */        }()[0m
    [36m| [0m[34m|[0m /* 8.899 */        [0m
    [36m| [0m[34m|[0m /* 8.900 */        [0m
    [36m| [0m[34m|[0m /* 8.901 */        { => let caseConfig = Configuration()[0m
    [36m| [0m[34m|[0m /* 8.902 */            [0m
    [36m| [0m[34m|[0m /* 8.903 */            let summaryConstructorRejectsSectionMetadataThatCouldBlurBoundariesTestFunc = { => summaryConstructorRejectsSectionMetadataThatCouldBlurBoundaries();() }[0m
    [36m| [0m[34m|[0m /* 8.904 */            suiteBuilder.add([0m
    [36m| [0m[34m|[0m /* 8.905 */            UnitTestCase.create([0m
    [36m| [0m[34m|[0m /* 8.906 */            "summaryConstructorRejectsSectionMetadataThatCouldBlurBoundaries",[0m
    [36m| [0m[34m|[0m /* 8.907 */            configuration: caseConfig,[0m
    [36m| [0m[34m|[0m /* 8.908 */            body: summaryConstructorRejectsSectionMetadataThatCouldBlurBoundariesTestFunc[0m
    [36m| [0m[34m|[0m /* 8.909 */            )[0m
    [36m| [0m[34m|[0m /* 8.910 */            )[0m
    [36m| [0m[34m|[0m /* 8.911 */            [0m
    [36m| [0m[34m|[0m /* 8.912 */        }()[0m
    [36m| [0m[34m|[0m /* 8.913 */        [0m
    [36m| [0m[34m|[0m /* 8.914 */        [0m
    [36m| [0m[34m|[0m /* 8.915 */        { => let caseConfig = Configuration()[0m
    [36m| [0m[34m|[0m /* 8.916 */            [0m
    [36m| [0m[34m|[0m /* 8.917 */            let additionalOwnerMayReferenceAuthorityNameserverTargetTestFunc = { => additionalOwnerMayReferenceAuthorityNameserverTarget();() }[0m
    [36m| [0m[34m|[0m /* 8.918 */            suiteBuilder.add([0m
    [36m| [0m[34m|[0m /* 8.919 */            UnitTestCase.create([0m
    [36m| [0m[34m|[0m /* 8.920 */            "additionalOwnerMayReferenceAuthorityNameserverTarget",[0m
    [36m| [0m[34m|[0m /* 8.921 */            configuration: caseConfig,[0m
    [36m| [0m[34m|[0m /* 8.922 */            body: additionalOwnerMayReferenceAuthorityNameserverTargetTestFunc[0m
    [36m| [0m[34m|[0m /* 8.923 */            )[0m
    [36m| [0m[34m|[0m /* 8.924 */            )[0m
    [36m| [0m[34m|[0m /* 8.925 */            [0m
    [36m| [0m[34m|[0m /* 8.926 */        }()[0m
    [36m| [0m[34m|[0m /* 8.927 */        [0m
    [36m| [0m[34m|[0m /* 8.928 */        [0m
    [36m| [0m[34m|[0m /* 8.929 */        { => let caseConfig = Configuration()[0m
    [36m| [0m[34m|[0m /* 8.930 */            [0m
    [36m| [0m[34m|[0m /* 8.931 */            let additionalOwnerMayReferenceSecondLegacyMailboxNameTestFunc = { => additionalOwnerMayReferenceSecondLegacyMailboxName();() }[0m
    [36m| [0m[34m|[0m /* 8.932 */            suiteBuilder.add([0m
    [36m| [0m[34m|[0m /* 8.933 */            UnitTestCase.create([0m
    [36m| [0m[34m|[0m /* 8.934 */            "additionalOwnerMayReferenceSecondLegacyMailboxName",[0m
    [36m| [0m[34m|[0m /* 8.935 */            configuration: caseConfig,[0m
    [36m| [0m[34m|[0m /* 8.936 */            body: additionalOwnerMayReferenceSecondLegacyMailboxNameTestFunc[0m
    [36m| [0m[34m|[0m /* 8.937 */            )[0m
    [36m| [0m[34m|[0m /* 8.938 */            )[0m
    [36m| [0m[34m|[0m /* 8.939 */            [0m
    [36m| [0m[34m|[0m /* 8.940 */        }()[0m
    [36m| [0m[34m|[0m /* 8.941 */        [0m
    [36m| [0m[34m|[0m /* 8.942 */        return suiteBuilder.build()[0m
    [36m| [0m[34m|[0m /* 8.943 */    }[0m
    [36m| [0m[34m|[0m /* 8.944 */    private func inheritedFromClassAnnotatedByTestTemplate < T >(): TestSuite where T <: TestClass {[0m
    [36m| [0m[34m|[0m /* 8.945 */        throw Exception("Unreachable code")[0m
    [36m| [0m[34m|[0m /* 8.946 */    }[0m
    [36m| [0m[34m|[0m /* 8.947 */}[0m
    [36m| [0m[34m|[0m /* 8.948 */[0m
    [36m| [0m[34m|[0m /* 8.949 */[0m
    [36m| [0m[34m|[0m /* 8.950 */interface TestPackageExtension_DnsWireParserTest {[0m
    [36m| [0m[34m|[0m /* 8.951 */    func registerDnsWireParserTest(): Unit[0m
    [36m| [0m[34m|[0m /* 8.952 */}[0m
    [36m| [0m[34m|[0m /* 8.953 */extend TestPackage <: TestPackageExtension_DnsWireParserTest {[0m
    [36m| [0m[34m|[0m /* 8.954 */    @Attribute[TEST_REGISTER][0m
    [36m| [0m[34m|[0m /* 8.955 */    public func registerDnsWireParserTest() {[0m
    [36m| [0m[34m|[0m /* 8.956 */        registerSuite({ => DnsWireParserTest().asTestSuite() })[0m
    [36m| [0m[34m|[0m /* 8.957 */    }[0m
    [36m| [0m[34m|[0m /* 8.958 */}[0m
    [36m| [0m[34m|[0m /* 8.959 */[0m
    [36m| [0m[34m|[0m[34m_[0m[34m__________^[0m
    [36m| [0m
[34mnote[0m: which is expanded as follows
    [36m| [0m
    [36m| [0m/* 8.93 */                DnsMessageSummary(1u16, 0, false, questionCount: 65536, questions: questions)[0m
    [36m| [0m                          [34m^^^^^^^^^^^^^^^^^^^^^^^^^^^^^^^^^^^^^^^^^^^^^^^^^^^^^^^^^^^^^^^^^^^^^^^^^^^^^ [0m
    [36m| [0m

[33mwarning[0m: unused expression
   [36m==>[0m /home/elliot/playground/Wirestack-pr-worktrees/M8-004-publication/src/net/dns_wire_test.cj:102:13:
    [36m| [0m
[36m102[0m [36m| [0m            DnsMessageSummary(1u16, 65536, false, records: records)[0m
    [36m| [0m            [33m^ unused expression[0m
    [36m| [0m
    [36m#[0m [0mnote[0m: this warning can be suppressed by setting the compiler option `-Woff unused`
[34mnote[0m: the warning occurs after the macro is expanded
   [36m==>[0m /home/elliot/playground/Wirestack-pr-worktrees/M8-004-publication/src/net/dns_wire_test.cj:8:1:
    [36m| [0m
[36m8[0m   [36m| [0m  @Test[0m
    [36m| [0m [34m_[0m[34m^[0m
[36m9[0m   [36m| [0m[34m|[0m class DnsWireParserTest {[0m
    [36m| [0m[34m|[0m ...[0m
[36m305[0m [36m| [0m[34m|[0m }[0m
    [36m| [0m[34m|[0m[34m_[0m[34m^[0m
    [36m| [0m
[34mnote[0m: which is expanded as follows
    [36m| [0m
    [36m| [0m/* 8.116 */                DnsMessageSummary(1u16, 65536, false, records: records)[0m
    [36m| [0m                           [34m^^^^^^^^^^^^^^^^^^^^^^^^^^^^^^^^^^^^^^^^^^^^^^^^^^^^^^^ [0m
    [36m| [0m

[33mwarning[0m: unused expression
   [36m==>[0m /home/elliot/playground/Wirestack-pr-worktrees/M8-004-publication/src/net/dns_wire_test.cj:105:13:
    [36m| [0m
[36m105[0m [36m| [0m            DnsMessageSummary(1u16, 32768, false, authorityCount: 32768, records: records)[0m
    [36m| [0m            [33m^ unused expression[0m
    [36m| [0m
    [36m#[0m [0mnote[0m: this warning can be suppressed by setting the compiler option `-Woff unused`
[34mnote[0m: the warning occurs after the macro is expanded
   [36m==>[0m /home/elliot/playground/Wirestack-pr-worktrees/M8-004-publication/src/net/dns_wire_test.cj:8:1:
    [36m| [0m
[36m8[0m   [36m| [0m  @Test[0m
    [36m| [0m [34m_[0m[34m^[0m
[36m9[0m   [36m| [0m[34m|[0m class DnsWireParserTest {[0m
    [36m| [0m[34m|[0m ...[0m
[36m305[0m [36m| [0m[34m|[0m }[0m
    [36m| [0m[34m|[0m[34m_[0m[34m^[0m
    [36m| [0m
[34mnote[0m: which is expanded as follows
    [36m| [0m
    [36m| [0m/* 8.139 */                DnsMessageSummary(1u16, 32768, false, authorityCount: 32768, records: records)[0m
    [36m| [0m                           [34m^^^^^^^^^^^^^^^^^^^^^^^^^^^^^^^^^^^^^^^^^^^^^^^^^^^^^^^^^^^^^^^^^^^^^^^^^^^^^^ [0m
    [36m| [0m

[33mwarning[0m: unreachable block in 'if' expression
    [36m| [0m
    [36m| [0m  /* 8.193 */                if(e is AssertException) {[0m
    [36m| [0m [33m_[0m[33m____________________________________________________^[0m
    [36m| [0m[33m|[0m /* 8.194 */                    throw e[0m
    [36m| [0m[33m|[0m /* 8.195 */                }[0m
    [36m| [0m[33m|[0m[33m_[0m[33m___________________________^ unreachable block in 'if' expression[0m
    [36m| [0m
    [36m#[0m [0mnote[0m: this warning can be suppressed by setting the compiler option `-Woff unused`
[34mnote[0m: the warning occurs after the macro is expanded
   [36m==>[0m /home/elliot/playground/Wirestack-pr-worktrees/M8-004-publication/src/net/dns_wire_test.cj:8:1:
    [36m| [0m
[36m8[0m   [36m| [0m  @Test[0m
    [36m| [0m [34m_[0m[34m^[0m
[36m9[0m   [36m| [0m[34m|[0m class DnsWireParserTest {[0m
    [36m| [0m[34m|[0m ...[0m
[36m305[0m [36m| [0m[34m|[0m }[0m
    [36m| [0m[34m|[0m[34m_[0m[34m^[0m
    [36m| [0m

[33mwarning[0m: unused expression
   [36m==>[0m /home/elliot/playground/Wirestack-pr-worktrees/M8-004-publication/src/net/dns_resolver_test.cj:202:53:
    [36m| [0m
[36m202[0m [36m| [0m            @AssertThrows[IllegalArgumentException](DnsResolverConfig(nameservers: [endpoint]))[0m
    [36m| [0m                                                    [33m^ unused expression[0m
    [36m| [0m
    [36m#[0m [0mnote[0m: this warning can be suppressed by setting the compiler option `-Woff unused`
[34mnote[0m: the warning occurs after the macro is expanded
   [36m==>[0m /home/elliot/playground/Wirestack-pr-worktrees/M8-004-publication/src/net/dns_resolver_test.cj:156:1:
    [36m| [0m
[36m156[0m [36m| [0m  @Test[0m
    [36m| [0m [34m_[0m[34m^[0m
[36m157[0m [36m| [0m[34m|[0m class DnsResolverPolicyTest {[0m
    [36m| [0m[34m|[0m ...[0m
[36m627[0m [36m| [0m[34m|[0m }[0m
    [36m| [0m[34m|[0m[34m_[0m[34m^[0m
    [36m| [0m
[34mnote[0m: the code after the macro is expanded as follows
    [36m| [0m
    [36m| [0m  /* 156.1 */@Attribute[TEST_GENERATED] class DnsResolverPolicyTest <: TestClass {[0m
    [36m| [0m [34m_[0m[34m^[0m
    [36m| [0m[34m|[0m /* 156.2 */    @Attribute[TestCase_14][0m
    [36m| [0m[34m|[0m /* 156.3 */    func fromSystemParsesTabsCommentsLastSearchAndClampedNdots(): Unit {[0m
    [36m| [0m[34m|[0m /* 156.4 */        let path = dnsResolverTestTempPath()[0m
    [36m| [0m[34m|[0m /* 156.5 */        try {[0m
    [36m| [0m[34m|[0m /* 156.6 */            File.writeTo(path,("# trusted resolver fixture\n" + "nameserver\t192.0.2.53 # primary\n" + "nameserver 010.0.0.1 ; leading zero is not a literal\n" + "nameserver 300.1.1.1\n" + "nameserver 2001:db8::53 ; secondary\n" + "nameserver 2001:db8:::53\n" + "search old.test duplicate.test\n" + "domain\tfinal.test ignored.test # the last directive wins\n" + "options rotate ndots:99 ndots:-1\n").toArray())[0m
    [36m| [0m[34m|[0m /* 156.7 */            let config = DnsResolverConfig.fromSystem(path: path)[0m
    [36m| [0m[34m|[0m /* 156.8 */            let servers = config.nameservers[0m
    [36m| [0m[34m|[0m /* 156.9 */            assertEqual("servers.size", "2", servers.size, 2, isDelta: false)[0m
    [36m| [0m[34m|[0m /* 156.10 */            expectEqual("servers[0].address.toOctets()", "[192u8, 0u8, 2u8, 53u8]", servers[0].address.toOctets(),[192u8, 0u8, 2u8, 53u8], isDelta: false)[0m
    [36m| [0m[34m|[0m /* 156.11 */            expectEqual("servers[0].port", "53u16", servers[0].port, 53u16, isDelta: false)[0m
    [36m| [0m[34m|[0m /* 156.12 */            expectEqual("dnsResolverTestFamilyIs(servers[1].address.family, api.IpAddressFamily.Ipv6)", "true", dnsResolverTestFamilyIs(servers[1].address.family, api.IpAddressFamily.Ipv6), true, isDelta: false)[0m
    [36m| [0m[34m|[0m /* 156.13 */            expectEqual("servers[1].port", "53u16", servers[1].port, 53u16, isDelta: false)[0m
    [36m| [0m[34m|[0m /* 156.14 */            expectEqual("config.searchDomains", "[api.HostName(\"final.test\")]", config.searchDomains,[api.HostName("final.test")], isDelta: false)[0m
    [36m| [0m[34m|[0m /* 156.15 */            expectEqual("config.ndots", "15", config.ndots, 15, isDelta: false)[0m
    [36m| [0m[34m|[0m /* 156.16 */        } finally {[0m
    [36m| [0m[34m|[0m /* 156.17 */            let _ = removeIfExists(path)[0m
    [36m| [0m[34m|[0m /* 156.18 */        }[0m
    [36m| [0m[34m|[0m /* 156.19 */    }[0m
    [36m| [0m[34m|[0m /* 156.20 */    [0m
    [36m| [0m[34m|[0m /* 156.21 */    @Attribute[TestCase_15][0m
    [36m| [0m[34m|[0m /* 156.22 */    func directConfigRejectsUnsupportedNameserverZonesBeforeQueries(): Unit {[0m
    [36m| [0m[34m|[0m /* 156.23 */        let octets = Array < Byte >(16, repeat: 0u8)[0m
    [36m| [0m[34m|[0m /* 156.24 */        octets[0] = 0xFEu8[0m
    [36m| [0m[34m|[0m /* 156.25 */        octets[1] = 0x80u8[0m
    [36m| [0m[34m|[0m /* 156.26 */        octets[15] = 1u8[0m
    [36m| [0m[34m|[0m /* 156.27 */        for(zone in["eth0", "4294967296"]) {[0m
    [36m| [0m[34m|[0m /* 156.28 */            let endpoint = api.SocketEndpoint(api.IpAddress(api.IpAddressFamily.Ipv6, octets, zone: Some(zone)), 53u16)[0m
    [36m| [0m[34m|[0m /* 156.29 */            try {[0m
    [36m| [0m[34m|[0m /* 156.30 */                try {[0m
    [36m| [0m[34m|[0m /* 156.31 */                    assertEqual("true", "true", true, true)[0m
    [36m| [0m[34m|[0m /* 156.32 */                    DnsResolverConfig(nameservers:[endpoint])[0m
    [36m| [0m[34m|[0m /* 156.33 */                    fail("@AssertThrows: Expected 'IllegalArgumentException' was not caught.")[0m
    [36m| [0m[34m|[0m /* 156.34 */                } catch(e: IllegalArgumentException) {[0m
    [36m| [0m[34m|[0m /* 156.35 */                    if(e is AssertException) {[0m
    [36m| [0m[34m|[0m /* 156.36 */                        throw e[0m
    [36m| [0m[34m|[0m /* 156.37 */                    }[0m
    [36m| [0m[34m|[0m /* 156.38 */                    if(e is AssertIntermediateException) {[0m
    [36m| [0m[34m|[0m /* 156.39 */                        throw e[0m
    [36m| [0m[34m|[0m /* 156.40 */                    }[0m
    [36m| [0m[34m|[0m /* 156.41 */                    if(e is UnittestTimeoutException) {[0m
    [36m| [0m[34m|[0m /* 156.42 */                        throw e[0m
    [36m| [0m[34m|[0m /* 156.43 */                    }[0m
    [36m| [0m[34m|[0m /* 156.44 */                    e[0m
    [36m| [0m[34m|[0m /* 156.45 */                }[0m
    [36m| [0m[34m|[0m /* 156.46 */            } catch(e: Exception) {[0m
    [36m| [0m[34m|[0m /* 156.47 */                if(e is AssertException || e is AssertIntermediateException || e is UnittestTimeoutException) {[0m
    [36m| [0m[34m|[0m /* 156.48 */                    throw e[0m
    [36m| [0m[34m|[0m /* 156.49 */                }[0m
    [36m| [0m[34m|[0m /* 156.50 */                assertCaughtUnexpectedE("@AssertThrows(IllegalArgumentException)", "IllegalArgumentException", e.toString())[0m
    [36m| [0m[34m|[0m /* 156.51 */            }[0m
    [36m| [0m[34m|[0m /* 156.52 */        }[0m
    [36m| [0m[34m|[0m /* 156.53 */    }[0m
    [36m| [0m[34m|[0m /* 156.54 */    [0m
    [36m| [0m[34m|[0m /* 156.55 */    @Attribute[TestCase_16][0m
    [36m| [0m[34m|[0m /* 156.56 */    func systemNameserversRetainOnlySupportedNumericZones(): Unit {[0m
    [36m| [0m[34m|[0m /* 156.57 */        let path = dnsResolverTestTempPath()[0m
    [36m| [0m[34m|[0m /* 156.58 */        try {[0m
    [36m| [0m[34m|[0m /* 156.59 */            File.writeTo(path,("nameserver fe80::1%eth0\n" + "nameserver fe80::2%4294967296\n" + "nameserver fe80::3%7\n" + "nameserver 192.0.2.53\n").toArray())[0m
    [36m| [0m[34m|[0m /* 156.60 */            let servers = DnsResolverConfig.fromSystem(path: path).nameservers[0m
    [36m| [0m[34m|[0m /* 156.61 */            assertEqual("servers.size", "2", servers.size, 2, isDelta: false)[0m
    [36m| [0m[34m|[0m /* 156.62 */            expectEqual("servers[0].address.zone", "Some(\"7\")", servers[0].address.zone, Some("7"), isDelta: false)[0m
    [36m| [0m[34m|[0m /* 156.63 */            expectEqual("servers[1].address.toOctets()", "[192u8, 0u8, 2u8, 53u8]", servers[1].address.toOctets(),[192u8, 0u8, 2u8, 53u8], isDelta: false)[0m
    [36m| [0m[34m|[0m /* 156.64 */            File.writeTo(path, "nameserver fe80::1%eth0\n".toArray())[0m
    [36m| [0m[34m|[0m /* 156.65 */            expectEqual("DnsResolverConfig.fromSystem(path: path).nameservers.isEmpty()", "true", DnsResolverConfig.fromSystem(path: path).nameservers.isEmpty(), true, isDelta: false)[0m
    [36m| [0m[34m|[0m /* 156.66 */        } finally {[0m
    [36m| [0m[34m|[0m /* 156.67 */            let _ = removeIfExists(path)[0m
    [36m| [0m[34m|[0m /* 156.68 */        }[0m
    [36m| [0m[34m|[0m /* 156.69 */    }[0m
    [36m| [0m[34m|[0m /* 156.70 */    [0m
    [36m| [0m[34m|[0m /* 156.71 */    @Attribute[TestCase_17][0m
    [36m| [0m[34m|[0m /* 156.72 */    func configOwnsInputArraysAndReturnsDefensiveCopies(): Unit {[0m
    [36m| [0m[34m|[0m /* 156.73 */        let first = dnsResolverTestLoopback(5301u16)[0m
    [36m| [0m[34m|[0m /* 156.74 */        let second = dnsResolverTestLoopback(5302u16)[0m
    [36m| [0m[34m|[0m /* 156.75 */        let nameservers =[first, second][0m
    [36m| [0m[34m|[0m /* 156.76 */        let searches =[api.HostName("first.test"), api.HostName("second.test")][0m
    [36m| [0m[34m|[0m /* 156.77 */        let config = DnsResolverConfig(nameservers: nameservers, searchDomains: searches, hostsPath: "")[0m
    [36m| [0m[34m|[0m /* 156.78 */        nameservers[0] = dnsResolverTestLoopback(5399u16)[0m
    [36m| [0m[34m|[0m /* 156.79 */        searches[0] = api.HostName("mutated.test")[0m
    [36m| [0m[34m|[0m /* 156.80 */        expectEqual("config.nameservers[0]", "first", config.nameservers[0], first, isDelta: false)[0m
    [36m| [0m[34m|[0m /* 156.81 */        expectEqual("config.searchDomains[0]", "api.HostName(\"first.test\")", config.searchDomains[0], api.HostName("first.test"), isDelta: false)[0m
    [36m| [0m[34m|[0m /* 156.82 */        let returnedServers = config.nameservers[0m
    [36m| [0m[34m|[0m /* 156.83 */        let returnedSearches = config.searchDomains[0m
    [36m| [0m[34m|[0m /* 156.84 */        returnedServers[0] = dnsResolverTestLoopback(5398u16)[0m
    [36m| [0m[34m|[0m /* 156.85 */        returnedSearches[0] = api.HostName("returned.test")[0m
    [36m| [0m[34m|[0m /* 156.86 */        expectEqual("config.nameservers[0]", "first", config.nameservers[0], first, isDelta: false)[0m
    [36m| [0m[34m|[0m /* 156.87 */        expectEqual("config.nameservers[1]", "second", config.nameservers[1], second, isDelta: false)[0m
    [36m| [0m[34m|[0m /* 156.88 */        expectEqual("config.searchDomains[0]", "api.HostName(\"first.test\")", config.searchDomains[0], api.HostName("first.test"), isDelta: false)[0m
    [36m| [0m[34m|[0m /* 156.89 */        expectEqual("config.searchDomains[1]", "api.HostName(\"second.test\")", config.searchDomains[1], api.HostName("second.test"), isDelta: false)[0m
    [36m| [0m[34m|[0m /* 156.90 */    }[0m
    [36m| [0m[34m|[0m /* 156.91 */    [0m
    [36m| [0m[34m|[0m /* 156.92 */    @Attribute[TestCase_18][0m
    [36m| [0m[34m|[0m /* 156.93 */    func systemFilesFailClosedWhenMissingOversizedOrNonregular(): Unit {[0m
    [36m| [0m[34m|[0m /* 156.94 */        let missing = dnsResolverTestTempPath()[0m
    [36m| [0m[34m|[0m /* 156.95 */        let oversized = dnsResolverTestTempPath()[0m
    [36m| [0m[34m|[0m /* 156.96 */        let directory = dnsResolverTestTempPath()[0m
    [36m| [0m[34m|[0m /* 156.97 */        try {[0m
    [36m| [0m[34m|[0m /* 156.98 */            let _ = removeIfExists(missing)[0m
    [36m| [0m[34m|[0m /* 156.99 */            File.writeTo(oversized, Array < Byte >(1024 * 1024 + 1, repeat: 0u8))[0m
    [36m| [0m[34m|[0m /* 156.100 */            let _ = removeIfExists(directory)[0m
    [36m| [0m[34m|[0m /* 156.101 */            Directory.create(directory)[0m
    [36m| [0m[34m|[0m /* 156.102 */            expectEqual("dnsResolverTestDefaults(DnsResolverConfig.fromSystem(path: missing))", "true", dnsResolverTestDefaults(DnsResolverConfig.fromSystem(path: missing)), true, isDelta: false)[0m
    [36m| [0m[34m|[0m /* 156.103 */            expectEqual("dnsResolverTestDefaults(DnsResolverConfig.fromSystem(path: oversized))", "true", dnsResolverTestDefaults(DnsResolverConfig.fromSystem(path: oversized)), true, isDelta: false)[0m
    [36m| [0m[34m|[0m /* 156.104 */            expectEqual("dnsResolverTestDefaults(DnsResolverConfig.fromSystem(path: directory))", "true", dnsResolverTestDefaults(DnsResolverConfig.fromSystem(path: directory)), true, isDelta: false)[0m
    [36m| [0m[34m|[0m /* 156.105 */        } finally {[0m
    [36m| [0m[34m|[0m /* 156.106 */            let _ = removeIfExists(missing)[0m
    [36m| [0m[34m|[0m /* 156.107 */            let _ = removeIfExists(oversized)[0m
    [36m| [0m[34m|[0m /* 156.108 */            let _ = removeIfExists(directory, recursive: true)[0m
    [36m| [0m[34m|[0m /* 156.109 */        }[0m
    [36m| [0m[34m|[0m /* 156.110 */    }[0m
    [36m| [0m[34m|[0m /* 156.111 */    [0m
    [36m| [0m[34m|[0m /* 156.112 */    @Attribute[TestCase_19][0m
    [36m| [0m[34m|[0m /* 156.113 */    func hostsSnapshotRetainsOnlyUsableIpv6Zones(): Unit {[0m
    [36m| [0m[34m|[0m /* 156.114 */        let path = dnsResolverTestTempPath()[0m
    [36m| [0m[34m|[0m /* 156.115 */        try {[0m
    [36m| [0m[34m|[0m /* 156.116 */            File.writeTo(path,("fe80::1%eth0 scoped.test\n" + "fe80::2%4294967296 scoped.test\n" + "fe80::3%1 scoped.test\n" + "::1 scoped.test\n").toArray())[0m
    [36m| [0m[34m|[0m /* 156.117 */            let resolver = Resolver(config: DnsResolverConfig(hostsPath: path))[0m
    [36m| [0m[34m|[0m /* 156.118 */            try {[0m
    [36m| [0m[34m|[0m /* 156.119 */                let result = resolver.resolve(api.HostName("scoped.test"), options: api.ResolveOptions(family: api.ResolveAddressFamily.Ipv6))[0m
    [36m| [0m[34m|[0m /* 156.120 */                expectEqual("result.addresses.size", "2", result.addresses.size, 2, isDelta: false)[0m
    [36m| [0m[34m|[0m /* 156.121 */                expectEqual("result.addresses[0].zone", "Some(\"1\")", result.addresses[0].zone, Some("1"), isDelta: false)[0m
    [36m| [0m[34m|[0m /* 156.122 */                expectEqual("result.addresses[0].toOctets()[15]", "3u8", result.addresses[0].toOctets()[15], 3u8, isDelta: false)[0m
    [36m| [0m[34m|[0m /* 156.123 */                expectEqual("result.addresses[result.addresses.size - 1].zone.isNone()", "true", result.addresses[result.addresses.size - 1].zone.isNone(), true, isDelta: false)[0m
    [36m| [0m[34m|[0m /* 156.124 */                expectEqual("dnsResolverTestHostsSource(result.source)", "true", dnsResolverTestHostsSource(result.source), true, isDelta: false)[0m
    [36m| [0m[34m|[0m /* 156.125 */            } finally {[0m
    [36m| [0m[34m|[0m /* 156.126 */                resolver.close()[0m
    [36m| [0m[34m|[0m /* 156.127 */            }[0m
    [36m| [0m[34m|[0m /* 156.128 */        } finally {[0m
    [36m| [0m[34m|[0m /* 156.129 */            let _ = removeIfExists(path)[0m
    [36m| [0m[34m|[0m /* 156.130 */        }[0m
    [36m| [0m[34m|[0m /* 156.131 */    }[0m
    [36m| [0m[34m|[0m /* 156.132 */    [0m
    [36m| [0m[34m|[0m /* 156.133 */    @Attribute[TestCase_20][0m
    [36m| [0m[34m|[0m /* 156.134 */    func hostsAliasesFilterFamiliesAndRemainSnapshotted(): Unit {[0m
    [36m| [0m[34m|[0m /* 156.135 */        let path = dnsResolverTestTempPath()[0m
    [36m| [0m[34m|[0m /* 156.136 */        try {[0m
    [36m| [0m[34m|[0m /* 156.137 */            File.writeTo(path,("127.0.0.2 primary-v4 alias-v4 mixed # v4 aliases\n" + "::1 primary-v6 alias-v6 mixed ; v6 aliases\n" + "010.0.0.7 rejected-alias\n").toArray())[0m
    [36m| [0m[34m|[0m /* 156.138 */            let config = DnsResolverConfig(hostsPath: path)[0m
    [36m| [0m[34m|[0m /* 156.139 */            let resolver = Resolver(config: config)[0m
    [36m| [0m[34m|[0m /* 156.140 */            try {[0m
    [36m| [0m[34m|[0m /* 156.141 */                File.writeTo(path, "127.0.0.9 alias-v4 mixed\n".toArray())[0m
    [36m| [0m[34m|[0m /* 156.142 */                let ipv4 = resolver.resolve(api.HostName("alias-v4"), options: api.ResolveOptions(family: api.ResolveAddressFamily.Ipv4))[0m
    [36m| [0m[34m|[0m /* 156.143 */                expectEqual("ipv4.addresses", "[dnsResolverTestIpv4(2u8)]", ipv4.addresses,[dnsResolverTestIpv4(2u8)], isDelta: false)[0m
    [36m| [0m[34m|[0m /* 156.144 */                expectEqual("ipv4.canonicalHost", "api.HostName(\"alias-v4\")", ipv4.canonicalHost, api.HostName("alias-v4"), isDelta: false)[0m
    [36m| [0m[34m|[0m /* 156.145 */                expectEqual("dnsResolverTestHostsSource(ipv4.source)", "true", dnsResolverTestHostsSource(ipv4.source), true, isDelta: false)[0m
    [36m| [0m[34m|[0m /* 156.146 */                expectEqual("ipv4.expiration.isNone()", "true", ipv4.expiration.isNone(), true, isDelta: false)[0m
    [36m| [0m[34m|[0m /* 156.147 */                let ipv6 = resolver.resolve(api.HostName("alias-v6"), options: api.ResolveOptions(family: api.ResolveAddressFamily.Ipv6))[0m
    [36m| [0m[34m|[0m /* 156.148 */                assertEqual("ipv6.addresses.size", "1", ipv6.addresses.size, 1, isDelta: false)[0m
    [36m| [0m[34m|[0m /* 156.149 */                expectEqual("dnsResolverTestFamilyIs(ipv6.addresses[0].family, api.IpAddressFamily.Ipv6)", "true", dnsResolverTestFamilyIs(ipv6.addresses[0].family, api.IpAddressFamily.Ipv6), true, isDelta: false)[0m
    [36m| [0m[34m|[0m /* 156.150 */                let mixedV4 = resolver.resolve(api.HostName("mixed"), options: api.ResolveOptions(family: api.ResolveAddressFamily.Ipv4))[0m
    [36m| [0m[34m|[0m /* 156.151 */                let mixedV6 = resolver.resolve(api.HostName("mixed"), options: api.ResolveOptions(family: api.ResolveAddressFamily.Ipv6))[0m
    [36m| [0m[34m|[0m /* 156.152 */                expectEqual("mixedV4.addresses", "[dnsResolverTestIpv4(2u8)]", mixedV4.addresses,[dnsResolverTestIpv4(2u8)], isDelta: false)[0m
    [36m| [0m[34m|[0m /* 156.153 */                assertEqual("mixedV6.addresses.size", "1", mixedV6.addresses.size, 1, isDelta: false)[0m
    [36m| [0m[34m|[0m /* 156.154 */                expectEqual("dnsResolverTestFamilyIs(mixedV6.addresses[0].family, api.IpAddressFamily.Ipv6)", "true", dnsResolverTestFamilyIs(mixedV6.addresses[0].family, api.IpAddressFamily.Ipv6), true, isDelta: false)[0m
    [36m| [0m[34m|[0m /* 156.155 */                let reloaded = Resolver(config: config)[0m
    [36m| [0m[34m|[0m /* 156.156 */                try {[0m
    [36m| [0m[34m|[0m /* 156.157 */                    expectEqual("reloaded.resolve(api.HostName(\"alias-v4\")).addresses", "[dnsResolverTestIpv4(9u8)]", reloaded.resolve(api.HostName("alias-v4")).addresses,[dnsResolverTestIpv4(9u8)], isDelta: false)[0m
    [36m| [0m[34m|[0m /* 156.158 */                } finally {[0m
    [36m| [0m[34m|[0m /* 156.159 */                    reloaded.close()[0m
    [36m| [0m[34m|[0m /* 156.160 */                }[0m
    [36m| [0m[34m|[0m /* 156.161 */            } finally {[0m
    [36m| [0m[34m|[0m /* 156.162 */                resolver.close()[0m
    [36m| [0m[34m|[0m /* 156.163 */            }[0m
    [36m| [0m[34m|[0m /* 156.164 */        } finally {[0m
    [36m| [0m[34m|[0m /* 156.165 */            let _ = removeIfExists(path)[0m
    [36m| [0m[34m|[0m /* 156.166 */        }[0m
    [36m| [0m[34m|[0m /* 156.167 */    }[0m
    [36m| [0m[34m|[0m /* 156.168 */    [0m
    [36m| [0m[34m|[0m /* 156.169 */    @Attribute[TestCase_21][0m
    [36m| [0m[34m|[0m /* 156.170 */    func trailingRootSkipsSearchWhileNdotsSelectsSearchOrAbsoluteFirst(): Unit {[0m
    [36m| [0m[34m|[0m /* 156.171 */        let server = UdpSocket.bind(dnsResolverTestLoopback(0u16))[0m
    [36m| [0m[34m|[0m /* 156.172 */        let endpoint = dnsResolverTestEndpoint(server)[0m
    [36m| [0m[34m|[0m /* 156.173 */        let searchFirst = Resolver(config: DnsResolverConfig(nameservers:[endpoint], searchDomains:[api.HostName("search.test")], ndots: 2, hostsPath: "", attempts: 1))[0m
    [36m| [0m[34m|[0m /* 156.174 */        let absoluteFirst = Resolver(config: DnsResolverConfig(nameservers:[endpoint], searchDomains:[api.HostName("search.test")], ndots: 1, hostsPath: "", attempts: 1))[0m
    [36m| [0m[34m|[0m /* 156.175 */        let serving: Future < Array < String >>= spawn { let names = ArrayList < String >()[0m
    [36m| [0m[34m|[0m /* 156.176 */            for(_ in 0 .. 3) {[0m
    [36m| [0m[34m|[0m /* 156.177 */                let received = server.receive(512, context: api.OperationContext(deadline: Some(api.Deadline.after(2 * Duration.second))))[0m
    [36m| [0m[34m|[0m /* 156.178 */                names.add(DnsMessageParser().parse(received.payload).questions[0].name)[0m
    [36m| [0m[34m|[0m /* 156.179 */                let header = received.payload.clone()[0m
    [36m| [0m[34m|[0m /* 156.180 */                header[2] = 0x81u8[0m
    [36m| [0m[34m|[0m /* 156.181 */                header[3] = 0x80u8[0m
    [36m| [0m[34m|[0m /* 156.182 */                header[7] = 1u8[0m
    [36m| [0m[34m|[0m /* 156.183 */                let response = ArrayList < Byte >()[0m
    [36m| [0m[34m|[0m /* 156.184 */                for(byte in header) {[0m
    [36m| [0m[34m|[0m /* 156.185 */                    response.add(byte)[0m
    [36m| [0m[34m|[0m /* 156.186 */                }[0m
    [36m| [0m[34m|[0m /* 156.187 */                for(byte in[0xC0u8, 0x0Cu8, 0u8, 1u8, 0u8, 1u8, 0u8, 0u8, 0u8, 0u8, 0u8, 4u8, 127u8, 0u8, 0u8, 42u8]) {[0m
    [36m| [0m[34m|[0m /* 156.188 */                    response.add(byte)[0m
    [36m| [0m[34m|[0m /* 156.189 */                }[0m
    [36m| [0m[34m|[0m /* 156.190 */                let _ = server.sendTo(received.source.getOrThrow(), api.ByteSpan(response.toArray()), context: api.OperationContext(deadline: Some(api.Deadline.after(Duration.second))))[0m
    [36m| [0m[34m|[0m /* 156.191 */            }[0m
    [36m| [0m[34m|[0m /* 156.192 */            names.toArray()[0m
    [36m| [0m[34m|[0m /* 156.193 */        }[0m
    [36m| [0m[34m|[0m /* 156.194 */        let options = api.ResolveOptions(family: api.ResolveAddressFamily.Ipv4)[0m
    [36m| [0m[34m|[0m /* 156.195 */        try {[0m
    [36m| [0m[34m|[0m /* 156.196 */            let expanded = searchFirst.resolve("service", options: options)[0m
    [36m| [0m[34m|[0m /* 156.197 */            expectEqual("expanded.canonicalHost", "api.HostName(\"service.search.test\")", expanded.canonicalHost, api.HostName("service.search.test"), isDelta: false)[0m
    [36m| [0m[34m|[0m /* 156.198 */            let rooted = searchFirst.resolve("service.", options: options)[0m
    [36m| [0m[34m|[0m /* 156.199 */            expectEqual("rooted.canonicalHost", "api.HostName(\"service\")", rooted.canonicalHost, api.HostName("service"), isDelta: false)[0m
    [36m| [0m[34m|[0m /* 156.200 */            let absolute = absoluteFirst.resolve("db.prod", options: options)[0m
    [36m| [0m[34m|[0m /* 156.201 */            expectEqual("absolute.canonicalHost", "api.HostName(\"db.prod\")", absolute.canonicalHost, api.HostName("db.prod"), isDelta: false)[0m
    [36m| [0m[34m|[0m /* 156.202 */            expectEqual("expanded.addresses", "[dnsResolverTestIpv4(42u8)]", expanded.addresses,[dnsResolverTestIpv4(42u8)], isDelta: false)[0m
    [36m| [0m[34m|[0m /* 156.203 */            expectEqual("serving.get(Duration.second)", "[\"service.search.test\", \"service\", \"db.prod\"]", serving.get(Duration.second),["service.search.test", "service", "db.prod"], isDelta: false)[0m
    [36m| [0m[34m|[0m /* 156.204 */        } finally {[0m
    [36m| [0m[34m|[0m /* 156.205 */            searchFirst.close()[0m
    [36m| [0m[34m|[0m /* 156.206 */            absoluteFirst.close()[0m
    [36m| [0m[34m|[0m /* 156.207 */            server.close()[0m
    [36m| [0m[34m|[0m /* 156.208 */            try {[0m
    [36m| [0m[34m|[0m /* 156.209 */                let _ = serving.get(Duration.second)[0m
    [36m| [0m[34m|[0m /* 156.210 */            } catch(_: Exception) {[0m
    [36m| [0m[34m|[0m /* 156.211 */            }[0m
    [36m| [0m[34m|[0m /* 156.212 */        }[0m
    [36m| [0m[34m|[0m /* 156.213 */    }[0m
    [36m| [0m[34m|[0m /* 156.214 */    [0m
    [36m| [0m[34m|[0m /* 156.215 */    @Attribute[TestCase_22][0m
    [36m| [0m[34m|[0m /* 156.216 */    func exactHostsEntryWinsBeforeSearchSuffixDns(): Unit {[0m
    [36m| [0m[34m|[0m /* 156.217 */        let path = dnsResolverTestTempPath()[0m
    [36m| [0m[34m|[0m /* 156.218 */        let dnsServer = UdpSocket.bind(dnsResolverTestLoopback(0u16))[0m
    [36m| [0m[34m|[0m /* 156.219 */        File.writeTo(path, "127.0.0.21 precedence.test\n".toArray())[0m
    [36m| [0m[34m|[0m /* 156.220 */        let resolver = Resolver(config: DnsResolverConfig(nameservers:[dnsResolverTestEndpoint(dnsServer)], searchDomains:[api.HostName("search.test")], ndots: 2, hostsPath: path, queryTimeout: Duration.second, attempts: 1))[0m
    [36m| [0m[34m|[0m /* 156.221 */        let serving: Future < Int64 >= spawn { try {[0m
    [36m| [0m[34m|[0m /* 156.222 */            let received = dnsServer.receive(512, context: api.OperationContext(deadline: Some(api.Deadline.after(200 * Duration.millisecond))))[0m
    [36m| [0m[34m|[0m /* 156.223 */            let _ = dnsServer.sendTo(received.source.getOrThrow(), api.ByteSpan(dnsResolverTestNxdomain(received.payload)), context: api.OperationContext(deadline: Some(api.Deadline.after(Duration.second))))[0m
    [36m| [0m[34m|[0m /* 156.224 */            1[0m
    [36m| [0m[34m|[0m /* 156.225 */        } catch(error: api.NetworkException) {[0m
    [36m| [0m[34m|[0m /* 156.226 */            if(dnsResolverTestReceiveTimedOut(error)) {[0m
    [36m| [0m[34m|[0m /* 156.227 */                0[0m
    [36m| [0m[34m|[0m /* 156.228 */            }[0m
    [36m| [0m[34m|[0m /* 156.229 */            else {[0m
    [36m| [0m[34m|[0m /* 156.230 */                throw error[0m
    [36m| [0m[34m|[0m /* 156.231 */            }[0m
    [36m| [0m[34m|[0m /* 156.232 */        }[0m
    [36m| [0m[34m|[0m /* 156.233 */    }[0m
    [36m| [0m[34m|[0m /* 156.234 */    try {[0m
    [36m| [0m[34m|[0m /* 156.235 */        let result = resolver.resolve("precedence.test", options: api.ResolveOptions(family: api.ResolveAddressFamily.Ipv4))[0m
    [36m| [0m[34m|[0m /* 156.236 */        expectEqual("result.addresses", "[dnsResolverTestIpv4(21u8)]", result.addresses,[dnsResolverTestIpv4(21u8)], isDelta: false)[0m
    [36m| [0m[34m|[0m /* 156.237 */        expectEqual("result.canonicalHost", "api.HostName(\"precedence.test\")", result.canonicalHost, api.HostName("precedence.test"), isDelta: false)[0m
    [36m| [0m[34m|[0m /* 156.238 */        expectEqual("dnsResolverTestHostsSource(result.source)", "true", dnsResolverTestHostsSource(result.source), true, isDelta: false)[0m
    [36m| [0m[34m|[0m /* 156.239 */        expectEqual("serving.get(Duration.second)", "0", serving.get(Duration.second), 0, isDelta: false)[0m
    [36m| [0m[34m|[0m /* 156.240 */    } finally {[0m
    [36m| [0m[34m|[0m /* 156.241 */        resolver.close()[0m
    [36m| [0m[34m|[0m /* 156.242 */        dnsServer.close()[0m
    [36m| [0m[34m|[0m /* 156.243 */        try {[0m
    [36m| [0m[34m|[0m /* 156.244 */            let _ = serving.get(Duration.second)[0m
    [36m| [0m[34m|[0m /* 156.245 */        } catch(_: Exception) {[0m
    [36m| [0m[34m|[0m /* 156.246 */        }[0m
    [36m| [0m[34m|[0m /* 156.247 */        let _ = removeIfExists(path)[0m
    [36m| [0m[34m|[0m /* 156.248 */    }[0m
    [36m| [0m[34m|[0m /* 156.249 */}[0m
    [36m| [0m[34m|[0m /* 156.250 */[0m
    [36m| [0m[34m|[0m /* 156.251 */@Attribute[TestCase_23][0m
    [36m| [0m[34m|[0m /* 156.252 */func cancelledExpiredAndClosedCallsRetainPublicResolveClassifications(): Unit {[0m
    [36m| [0m[34m|[0m /* 156.253 */    let path = dnsResolverTestTempPath()[0m
    [36m| [0m[34m|[0m /* 156.254 */    try {[0m
    [36m| [0m[34m|[0m /* 156.255 */        File.writeTo(path, "127.0.0.20 lifecycle.test\n".toArray())[0m
    [36m| [0m[34m|[0m /* 156.256 */        let resolver = Resolver(config: DnsResolverConfig(hostsPath: path))[0m
    [36m| [0m[34m|[0m /* 156.257 */        try {[0m
    [36m| [0m[34m|[0m /* 156.258 */            let cancellation = api.CancellationSource()[0m
    [36m| [0m[34m|[0m /* 156.259 */            cancellation.cancel()[0m
    [36m| [0m[34m|[0m /* 156.260 */            let cancelled = dnsResolverTestResolveError({ =>[0m
    [36m| [0m[34m|[0m /* 156.261 */                let _ = resolver.resolve(api.HostName("lifecycle.test"), context: api.OperationContext(cancellation: cancellation.token))[0m
    [36m| [0m[34m|[0m /* 156.262 */            })[0m
    [36m| [0m[34m|[0m /* 156.263 */            expectEqual("dnsResolverTestResolveErrorIs(cancelled, api.ResolveErrorCode.Cancelled)", "true", dnsResolverTestResolveErrorIs(cancelled, api.ResolveErrorCode.Cancelled), true, isDelta: false)[0m
    [36m| [0m[34m|[0m /* 156.264 */            let expired = dnsResolverTestResolveError({ =>[0m
    [36m| [0m[34m|[0m /* 156.265 */                let _ = resolver.resolve(api.HostName("lifecycle.test"), context: api.OperationContext(deadline: Some(api.Deadline.after(Duration.Zero))))[0m
    [36m| [0m[34m|[0m /* 156.266 */            })[0m
    [36m| [0m[34m|[0m /* 156.267 */            expectEqual("dnsResolverTestResolveErrorIs(expired, api.ResolveErrorCode.Timeout)", "true", dnsResolverTestResolveErrorIs(expired, api.ResolveErrorCode.Timeout), true, isDelta: false)[0m
    [36m| [0m[34m|[0m /* 156.268 */            resolver.close()[0m
    [36m| [0m[34m|[0m /* 156.269 */            expectEqual("resolver.isClosed()", "true", resolver.isClosed(), true, isDelta: false)[0m
    [36m| [0m[34m|[0m /* 156.270 */            let closed = dnsResolverTestResolveError({ =>[0m
    [36m| [0m[34m|[0m /* 156.271 */                let _ = resolver.resolve(api.HostName("lifecycle.test"))[0m
    [36m| [0m[34m|[0m /* 156.272 */            })[0m
    [36m| [0m[34m|[0m /* 156.273 */            expectEqual("dnsResolverTestResolveErrorIs(closed, api.ResolveErrorCode.Cancelled)", "true", dnsResolverTestResolveErrorIs(closed, api.ResolveErrorCode.Cancelled), true, isDelta: false)[0m
    [36m| [0m[34m|[0m /* 156.274 */        } finally {[0m
    [36m| [0m[34m|[0m /* 156.275 */            resolver.close()[0m
    [36m| [0m[34m|[0m /* 156.276 */        }[0m
    [36m| [0m[34m|[0m /* 156.277 */    } finally {[0m
    [36m| [0m[34m|[0m /* 156.278 */        let _ = removeIfExists(path)[0m
    [36m| [0m[34m|[0m /* 156.279 */    }[0m
    [36m| [0m[34m|[0m /* 156.280 */}[0m
    [36m| [0m[34m|[0m /* 156.281 */[0m
    [36m| [0m[34m|[0m /* 156.282 */@Attribute[TestCase_24][0m
    [36m| [0m[34m|[0m /* 156.283 */func connectUsesHostsMappingForANativeListenerExchange(): Unit {[0m
    [36m| [0m[34m|[0m /* 156.284 */    let path = dnsResolverTestTempPath()[0m
    [36m| [0m[34m|[0m /* 156.285 */    let listener = TcpListener.bind(dnsResolverTestLoopback(0u16), backlog: 2)[0m
    [36m| [0m[34m|[0m /* 156.286 */    File.writeTo(path, "127.0.0.1 native-connect.test\n".toArray())[0m
    [36m| [0m[34m|[0m /* 156.287 */    let resolver = Resolver(config: DnsResolverConfig(hostsPath: path, queryTimeout: 500 * Duration.millisecond))[0m
    [36m| [0m[34m|[0m /* 156.288 */    let clock = DnsResolverTestClock(MonoTime.now())[0m
    [36m| [0m[34m|[0m /* 156.289 */    let sink = DnsResolverDeadlineSink(clock)[0m
    [36m| [0m[34m|[0m /* 156.290 */    let request =[0x10u8, 0x20u8, 0x30u8][0m
    [36m| [0m[34m|[0m /* 156.291 */    let response =[0xA0u8, 0xB0u8][0m
    [36m| [0m[34m|[0m /* 156.292 */    let serving: Future < Bool >= spawn { let peer = listener.accept(context: api.OperationContext(deadline: Some(api.Deadline.after(2 * Duration.second))))[0m
    [36m| [0m[34m|[0m /* 156.293 */        try {[0m
    [36m| [0m[34m|[0m /* 156.294 */            let received = Array < Byte >(request.size, repeat: 0u8)[0m
    [36m| [0m[34m|[0m /* 156.295 */            peer.readExact(api.MutableByteSpan(received), context: api.OperationContext(deadline: Some(api.Deadline.after(Duration.second))))[0m
    [36m| [0m[34m|[0m /* 156.296 */            peer.writeAll(api.ByteSpan(response), context: api.OperationContext(deadline: Some(api.Deadline.after(Duration.second))))[0m
    [36m| [0m[34m|[0m /* 156.297 */            received == request[0m
    [36m| [0m[34m|[0m /* 156.298 */        } finally {[0m
    [36m| [0m[34m|[0m /* 156.299 */            peer.close()[0m
    [36m| [0m[34m|[0m /* 156.300 */        }[0m
    [36m| [0m[34m|[0m /* 156.301 */    }[0m
    [36m| [0m[34m|[0m /* 156.302 */    var connected:?api.DuplexTransport = None < api.DuplexTransport >[0m
    [36m| [0m[34m|[0m /* 156.303 */    try {[0m
    [36m| [0m[34m|[0m /* 156.304 */        let transport = resolver.connect(api.HostName("native-connect.test"), listener.localEndpoint.port, attemptDelay: Duration.Zero, context: api.OperationContext(deadline: Some(api.Deadline.after(2 * Duration.second, clock: clock)), eventSink: Some(sink)))[0m
    [36m| [0m[34m|[0m /* 156.305 */        connected = Some(transport)[0m
    [36m| [0m[34m|[0m /* 156.306 */        match(transport.info.remoteEndpoint) {[0m
    [36m| [0m[34m|[0m /* 156.307 */            case Some(endpoint) => expectEqual("endpoint", "listener.localEndpoint", endpoint, listener.localEndpoint, isDelta: false)[0m
    [36m| [0m[34m|[0m /* 156.308 */            case _ => fail("connected transport did not expose its Internet peer")[0m
    [36m| [0m[34m|[0m /* 156.309 */        }[0m
    [36m| [0m[34m|[0m /* 156.310 */        api.writeAll(transport, api.ByteSpan(request), context: api.OperationContext(deadline: Some(api.Deadline.after(Duration.second))))[0m
    [36m| [0m[34m|[0m /* 156.311 */        let received = Array < Byte >(response.size, repeat: 0u8)[0m
    [36m| [0m[34m|[0m /* 156.312 */        api.readExact(transport, api.MutableByteSpan(received), context: api.OperationContext(deadline: Some(api.Deadline.after(Duration.second))))[0m
    [36m| [0m[34m|[0m /* 156.313 */        expectEqual("received", "response", received, response, isDelta: false)[0m
    [36m| [0m[34m|[0m /* 156.314 */        expectEqual("serving.get(Duration.second)", "true", serving.get(Duration.second), true, isDelta: false)[0m
    [36m| [0m[34m|[0m /* 156.315 */    } finally {[0m
    [36m| [0m[34m|[0m /* 156.316 */        match(connected) {[0m
    [36m| [0m[34m|[0m /* 156.317 */            case Some(transport) => transport.close(api.OperationContext.background())[0m
    [36m| [0m[34m|[0m /* 156.318 */            case None =>()[0m
    [36m| [0m[34m|[0m /* 156.319 */        }[0m
    [36m| [0m[34m|[0m /* 156.320 */        listener.close()[0m
    [36m| [0m[34m|[0m /* 156.321 */        try {[0m
    [36m| [0m[34m|[0m /* 156.322 */            let _ = serving.get(Duration.second)[0m
    [36m| [0m[34m|[0m /* 156.323 */        } catch(_: Exception) {[0m
    [36m| [0m[34m|[0m /* 156.324 */        }[0m
    [36m| [0m[34m|[0m /* 156.325 */        resolver.close()[0m
    [36m| [0m[34m|[0m /* 156.326 */        let _ = removeIfExists(path)[0m
    [36m| [0m[34m|[0m /* 156.327 */    }[0m
    [36m| [0m[34m|[0m /* 156.328 */}[0m
    [36m| [0m[34m|[0m /* 156.329 */[0m
    [36m| [0m[34m|[0m /* 156.330 */@Attribute[TestCase_25][0m
    [36m| [0m[34m|[0m /* 156.331 */func resolverConnectCarriesOneAbsoluteDeadlineIntoNativeTcpAdmission(): Unit {[0m
    [36m| [0m[34m|[0m /* 156.332 */    let path = dnsResolverTestTempPath()[0m
    [36m| [0m[34m|[0m /* 156.333 */    let listener = TcpListener.bind(dnsResolverTestLoopback(0u16), backlog: 1)[0m
    [36m| [0m[34m|[0m /* 156.334 */    File.writeTo(path, "127.0.0.1 deadline-connect.test\n".toArray())[0m
    [36m| [0m[34m|[0m /* 156.335 */    let resolver = Resolver(config: DnsResolverConfig(hostsPath: path, queryTimeout: 5 * Duration.second))[0m
    [36m| [0m[34m|[0m /* 156.336 */    let clock = DnsResolverTestClock(MonoTime.now())[0m
    [36m| [0m[34m|[0m /* 156.337 */    let sink = DnsResolverDeadlineSink(clock)[0m
    [36m| [0m[34m|[0m /* 156.338 */    try {[0m
    [36m| [0m[34m|[0m /* 156.339 */        let error = try {[0m
    [36m| [0m[34m|[0m /* 156.340 */            let transport = resolver.connect(api.HostName("deadline-connect.test"), listener.localEndpoint.port, attemptDelay: Duration.Zero, context: api.OperationContext(deadline: Some(api.Deadline.after(Duration.second, clock: clock)), eventSink: Some(sink)))[0m
    [36m| [0m[34m|[0m /* 156.341 */            transport.close(api.OperationContext.background())[0m
    [36m| [0m[34m|[0m /* 156.342 */            fail("expired total deadline unexpectedly published a connected transport")[0m
    [36m| [0m[34m|[0m /* 156.343 */        } catch(value: api.NetworkException) {[0m
    [36m| [0m[34m|[0m /* 156.344 */            value[0m
    [36m| [0m[34m|[0m /* 156.345 */        }[0m
    [36m| [0m[34m|[0m /* 156.346 */        [0m
    [36m| [0m[34m|[0m /* 156.347 */        expectEqual("dnsResolverTestConnectTimeout(error)", "true", dnsResolverTestConnectTimeout(error), true, isDelta: false)[0m
    [36m| [0m[34m|[0m /* 156.348 */        expectEqual("sink.dnsCompletions", "1", sink.dnsCompletions, 1, isDelta: false)[0m
    [36m| [0m[34m|[0m /* 156.349 */        expectEqual("sink.connectStarts", "1", sink.connectStarts, 1, isDelta: false)[0m
    [36m| [0m[34m|[0m /* 156.350 */    } finally {[0m
    [36m| [0m[34m|[0m /* 156.351 */        resolver.close()[0m
    [36m| [0m[34m|[0m /* 156.352 */        listener.close()[0m
    [36m| [0m[34m|[0m /* 156.353 */        let _ = removeIfExists(path)[0m
    [36m| [0m[34m|[0m /* 156.354 */    }[0m
    [36m| [0m[34m|[0m /* 156.355 */}[0m
    [36m| [0m[34m|[0m /* 156.356 */[0m
    [36m| [0m[34m|[0m /* 156.357 */init() {[0m
    [36m| [0m[34m|[0m /* 156.358 */}[0m
    [36m| [0m[34m|[0m /* 156.359 */private func classConfiguration(): Configuration {[0m
    [36m| [0m[34m|[0m /* 156.360 */    let configuration = Configuration()[0m
    [36m| [0m[34m|[0m /* 156.361 */    [0m
    [36m| [0m[34m|[0m /* 156.362 */    return configuration[0m
    [36m| [0m[34m|[0m /* 156.363 */}[0m
    [36m| [0m[34m|[0m /* 156.364 */public override func asTestSuite(): TestSuite {[0m
    [36m| [0m[34m|[0m /* 156.365 */    [0m
    [36m| [0m[34m|[0m /* 156.366 */    let suiteConfiguration = classConfiguration()[0m
    [36m| [0m[34m|[0m /* 156.367 */    let suiteBuilder = TestSuite.builder("DnsResolverPolicyTest").configure(suiteConfiguration)[0m
    [36m| [0m[34m|[0m /* 156.368 */    [0m
    [36m| [0m[34m|[0m /* 156.369 */    { => let caseConfig = Configuration()[0m
    [36m| [0m[34m|[0m /* 156.370 */        [0m
    [36m| [0m[34m|[0m /* 156.371 */        let fromSystemParsesTabsCommentsLastSearchAndClampedNdotsTestFunc = { => fromSystemParsesTabsCommentsLastSearchAndClampedNdots();() }[0m
    [36m| [0m[34m|[0m /* 156.372 */        suiteBuilder.add([0m
    [36m| [0m[34m|[0m /* 156.373 */        UnitTestCase.create([0m
    [36m| [0m[34m|[0m /* 156.374 */        "fromSystemParsesTabsCommentsLastSearchAndClampedNdots",[0m
    [36m| [0m[34m|[0m /* 156.375 */        configuration: caseConfig,[0m
    [36m| [0m[34m|[0m /* 156.376 */        body: fromSystemParsesTabsCommentsLastSearchAndClampedNdotsTestFunc[0m
    [36m| [0m[34m|[0m /* 156.377 */        )[0m
    [36m| [0m[34m|[0m /* 156.378 */        )[0m
    [36m| [0m[34m|[0m /* 156.379 */        [0m
    [36m| [0m[34m|[0m /* 156.380 */    }()[0m
    [36m| [0m[34m|[0m /* 156.381 */    [0m
    [36m| [0m[34m|[0m /* 156.382 */    [0m
    [36m| [0m[34m|[0m /* 156.383 */    { => let caseConfig = Configuration()[0m
    [36m| [0m[34m|[0m /* 156.384 */        [0m
    [36m| [0m[34m|[0m /* 156.385 */        let directConfigRejectsUnsupportedNameserverZonesBeforeQueriesTestFunc = { => directConfigRejectsUnsupportedNameserverZonesBeforeQueries();() }[0m
    [36m| [0m[34m|[0m /* 156.386 */        suiteBuilder.add([0m
    [36m| [0m[34m|[0m /* 156.387 */        UnitTestCase.create([0m
    [36m| [0m[34m|[0m /* 156.388 */        "directConfigRejectsUnsupportedNameserverZonesBeforeQueries",[0m
    [36m| [0m[34m|[0m /* 156.389 */        configuration: caseConfig,[0m
    [36m| [0m[34m|[0m /* 156.390 */        body: directConfigRejectsUnsupportedNameserverZonesBeforeQueriesTestFunc[0m
    [36m| [0m[34m|[0m /* 156.391 */        )[0m
    [36m| [0m[34m|[0m /* 156.392 */        )[0m
    [36m| [0m[34m|[0m /* 156.393 */        [0m
    [36m| [0m[34m|[0m /* 156.394 */    }()[0m
    [36m| [0m[34m|[0m /* 156.395 */    [0m
    [36m| [0m[34m|[0m /* 156.396 */    [0m
    [36m| [0m[34m|[0m /* 156.397 */    { => let caseConfig = Configuration()[0m
    [36m| [0m[34m|[0m /* 156.398 */        [0m
    [36m| [0m[34m|[0m /* 156.399 */        let systemNameserversRetainOnlySupportedNumericZonesTestFunc = { => systemNameserversRetainOnlySupportedNumericZones();() }[0m
    [36m| [0m[34m|[0m /* 156.400 */        suiteBuilder.add([0m
    [36m| [0m[34m|[0m /* 156.401 */        UnitTestCase.create([0m
    [36m| [0m[34m|[0m /* 156.402 */        "systemNameserversRetainOnlySupportedNumericZones",[0m
    [36m| [0m[34m|[0m /* 156.403 */        configuration: caseConfig,[0m
    [36m| [0m[34m|[0m /* 156.404 */        body: systemNameserversRetainOnlySupportedNumericZonesTestFunc[0m
    [36m| [0m[34m|[0m /* 156.405 */        )[0m
    [36m| [0m[34m|[0m /* 156.406 */        )[0m
    [36m| [0m[34m|[0m /* 156.407 */        [0m
    [36m| [0m[34m|[0m /* 156.408 */    }()[0m
    [36m| [0m[34m|[0m /* 156.409 */    [0m
    [36m| [0m[34m|[0m /* 156.410 */    [0m
    [36m| [0m[34m|[0m /* 156.411 */    { => let caseConfig = Configuration()[0m
    [36m| [0m[34m|[0m /* 156.412 */        [0m
    [36m| [0m[34m|[0m /* 156.413 */        let configOwnsInputArraysAndReturnsDefensiveCopiesTestFunc = { => configOwnsInputArraysAndReturnsDefensiveCopies();() }[0m
    [36m| [0m[34m|[0m /* 156.414 */        suiteBuilder.add([0m
    [36m| [0m[34m|[0m /* 156.415 */        UnitTestCase.create([0m
    [36m| [0m[34m|[0m /* 156.416 */        "configOwnsInputArraysAndReturnsDefensiveCopies",[0m
    [36m| [0m[34m|[0m /* 156.417 */        configuration: caseConfig,[0m
    [36m| [0m[34m|[0m /* 156.418 */        body: configOwnsInputArraysAndReturnsDefensiveCopiesTestFunc[0m
    [36m| [0m[34m|[0m /* 156.419 */        )[0m
    [36m| [0m[34m|[0m /* 156.420 */        )[0m
    [36m| [0m[34m|[0m /* 156.421 */        [0m
    [36m| [0m[34m|[0m /* 156.422 */    }()[0m
    [36m| [0m[34m|[0m /* 156.423 */    [0m
    [36m| [0m[34m|[0m /* 156.424 */    [0m
    [36m| [0m[34m|[0m /* 156.425 */    { => let caseConfig = Configuration()[0m
    [36m| [0m[34m|[0m /* 156.426 */        [0m
    [36m| [0m[34m|[0m /* 156.427 */        let systemFilesFailClosedWhenMissingOversizedOrNonregularTestFunc = { => systemFilesFailClosedWhenMissingOversizedOrNonregular();() }[0m
    [36m| [0m[34m|[0m /* 156.428 */        suiteBuilder.add([0m
    [36m| [0m[34m|[0m /* 156.429 */        UnitTestCase.create([0m
    [36m| [0m[34m|[0m /* 156.430 */        "systemFilesFailClosedWhenMissingOversizedOrNonregular",[0m
    [36m| [0m[34m|[0m /* 156.431 */        configuration: caseConfig,[0m
    [36m| [0m[34m|[0m /* 156.432 */        body: systemFilesFailClosedWhenMissingOversizedOrNonregularTestFunc[0m
    [36m| [0m[34m|[0m /* 156.433 */        )[0m
    [36m| [0m[34m|[0m /* 156.434 */        )[0m
    [36m| [0m[34m|[0m /* 156.435 */        [0m
    [36m| [0m[34m|[0m /* 156.436 */    }()[0m
    [36m| [0m[34m|[0m /* 156.437 */    [0m
    [36m| [0m[34m|[0m /* 156.438 */    [0m
    [36m| [0m[34m|[0m /* 156.439 */    { => let caseConfig = Configuration()[0m
    [36m| [0m[34m|[0m /* 156.440 */        [0m
    [36m| [0m[34m|[0m /* 156.441 */        let hostsSnapshotRetainsOnlyUsableIpv6ZonesTestFunc = { => hostsSnapshotRetainsOnlyUsableIpv6Zones();() }[0m
    [36m| [0m[34m|[0m /* 156.442 */        suiteBuilder.add([0m
    [36m| [0m[34m|[0m /* 156.443 */        UnitTestCase.create([0m
    [36m| [0m[34m|[0m /* 156.444 */        "hostsSnapshotRetainsOnlyUsableIpv6Zones",[0m
    [36m| [0m[34m|[0m /* 156.445 */        configuration: caseConfig,[0m
    [36m| [0m[34m|[0m /* 156.446 */        body: hostsSnapshotRetainsOnlyUsableIpv6ZonesTestFunc[0m
    [36m| [0m[34m|[0m /* 156.447 */        )[0m
    [36m| [0m[34m|[0m /* 156.448 */        )[0m
    [36m| [0m[34m|[0m /* 156.449 */        [0m
    [36m| [0m[34m|[0m /* 156.450 */    }()[0m
    [36m| [0m[34m|[0m /* 156.451 */    [0m
    [36m| [0m[34m|[0m /* 156.452 */    [0m
    [36m| [0m[34m|[0m /* 156.453 */    { => let caseConfig = Configuration()[0m
    [36m| [0m[34m|[0m /* 156.454 */        [0m
    [36m| [0m[34m|[0m /* 156.455 */        let hostsAliasesFilterFamiliesAndRemainSnapshottedTestFunc = { => hostsAliasesFilterFamiliesAndRemainSnapshotted();() }[0m
    [36m| [0m[34m|[0m /* 156.456 */        suiteBuilder.add([0m
    [36m| [0m[34m|[0m /* 156.457 */        UnitTestCase.create([0m
    [36m| [0m[34m|[0m /* 156.458 */        "hostsAliasesFilterFamiliesAndRemainSnapshotted",[0m
    [36m| [0m[34m|[0m /* 156.459 */        configuration: caseConfig,[0m
    [36m| [0m[34m|[0m /* 156.460 */        body: hostsAliasesFilterFamiliesAndRemainSnapshottedTestFunc[0m
    [36m| [0m[34m|[0m /* 156.461 */        )[0m
    [36m| [0m[34m|[0m /* 156.462 */        )[0m
    [36m| [0m[34m|[0m /* 156.463 */        [0m
    [36m| [0m[34m|[0m /* 156.464 */    }()[0m
    [36m| [0m[34m|[0m /* 156.465 */    [0m
    [36m| [0m[34m|[0m /* 156.466 */    [0m
    [36m| [0m[34m|[0m /* 156.467 */    { => let caseConfig = Configuration()[0m
    [36m| [0m[34m|[0m /* 156.468 */        [0m
    [36m| [0m[34m|[0m /* 156.469 */        let trailingRootSkipsSearchWhileNdotsSelectsSearchOrAbsoluteFirstTestFunc = { => trailingRootSkipsSearchWhileNdotsSelectsSearchOrAbsoluteFirst();() }[0m
    [36m| [0m[34m|[0m /* 156.470 */        suiteBuilder.add([0m
    [36m| [0m[34m|[0m /* 156.471 */        UnitTestCase.create([0m
    [36m| [0m[34m|[0m /* 156.472 */        "trailingRootSkipsSearchWhileNdotsSelectsSearchOrAbsoluteFirst",[0m
    [36m| [0m[34m|[0m /* 156.473 */        configuration: caseConfig,[0m
    [36m| [0m[34m|[0m /* 156.474 */        body: trailingRootSkipsSearchWhileNdotsSelectsSearchOrAbsoluteFirstTestFunc[0m
    [36m| [0m[34m|[0m /* 156.475 */        )[0m
    [36m| [0m[34m|[0m /* 156.476 */        )[0m
    [36m| [0m[34m|[0m /* 156.477 */        [0m
    [36m| [0m[34m|[0m /* 156.478 */    }()[0m
    [36m| [0m[34m|[0m /* 156.479 */    [0m
    [36m| [0m[34m|[0m /* 156.480 */    [0m
    [36m| [0m[34m|[0m /* 156.481 */    { => let caseConfig = Configuration()[0m
    [36m| [0m[34m|[0m /* 156.482 */        [0m
    [36m| [0m[34m|[0m /* 156.483 */        let exactHostsEntryWinsBeforeSearchSuffixDnsTestFunc = { => exactHostsEntryWinsBeforeSearchSuffixDns();() }[0m
    [36m| [0m[34m|[0m /* 156.484 */        suiteBuilder.add([0m
    [36m| [0m[34m|[0m /* 156.485 */        UnitTestCase.create([0m
    [36m| [0m[34m|[0m /* 156.486 */        "exactHostsEntryWinsBeforeSearchSuffixDns",[0m
    [36m| [0m[34m|[0m /* 156.487 */        configuration: caseConfig,[0m
    [36m| [0m[34m|[0m /* 156.488 */        body: exactHostsEntryWinsBeforeSearchSuffixDnsTestFunc[0m
    [36m| [0m[34m|[0m /* 156.489 */        )[0m
    [36m| [0m[34m|[0m /* 156.490 */        )[0m
    [36m| [0m[34m|[0m /* 156.491 */        [0m
    [36m| [0m[34m|[0m /* 156.492 */    }()[0m
    [36m| [0m[34m|[0m /* 156.493 */    [0m
    [36m| [0m[34m|[0m /* 156.494 */    [0m
    [36m| [0m[34m|[0m /* 156.495 */    { => let caseConfig = Configuration()[0m
    [36m| [0m[34m|[0m /* 156.496 */        [0m
    [36m| [0m[34m|[0m /* 156.497 */        let cancelledExpiredAndClosedCallsRetainPublicResolveClassificationsTestFunc = { => cancelledExpiredAndClosedCallsRetainPublicResolveClassifications();() }[0m
    [36m| [0m[34m|[0m /* 156.498 */        suiteBuilder.add([0m
    [36m| [0m[34m|[0m /* 156.499 */        UnitTestCase.create([0m
    [36m| [0m[34m|[0m /* 156.500 */        "cancelledExpiredAndClosedCallsRetainPublicResolveClassifications",[0m
    [36m| [0m[34m|[0m /* 156.501 */        configuration: caseConfig,[0m
    [36m| [0m[34m|[0m /* 156.502 */        body: cancelledExpiredAndClosedCallsRetainPublicResolveClassificationsTestFunc[0m
    [36m| [0m[34m|[0m /* 156.503 */        )[0m
    [36m| [0m[34m|[0m /* 156.504 */        )[0m
    [36m| [0m[34m|[0m /* 156.505 */        [0m
    [36m| [0m[34m|[0m /* 156.506 */    }()[0m
    [36m| [0m[34m|[0m /* 156.507 */    [0m
    [36m| [0m[34m|[0m /* 156.508 */    [0m
    [36m| [0m[34m|[0m /* 156.509 */    { => let caseConfig = Configuration()[0m
    [36m| [0m[34m|[0m /* 156.510 */        [0m
    [36m| [0m[34m|[0m /* 156.511 */        let connectUsesHostsMappingForANativeListenerExchangeTestFunc = { => connectUsesHostsMappingForANativeListenerExchange();() }[0m
    [36m| [0m[34m|[0m /* 156.512 */        suiteBuilder.add([0m
    [36m| [0m[34m|[0m /* 156.513 */        UnitTestCase.create([0m
    [36m| [0m[34m|[0m /* 156.514 */        "connectUsesHostsMappingForANativeListenerExchange",[0m
    [36m| [0m[34m|[0m /* 156.515 */        configuration: caseConfig,[0m
    [36m| [0m[34m|[0m /* 156.516 */        body: connectUsesHostsMappingForANativeListenerExchangeTestFunc[0m
    [36m| [0m[34m|[0m /* 156.517 */        )[0m
    [36m| [0m[34m|[0m /* 156.518 */        )[0m
    [36m| [0m[34m|[0m /* 156.519 */        [0m
    [36m| [0m[34m|[0m /* 156.520 */    }()[0m
    [36m| [0m[34m|[0m /* 156.521 */    [0m
    [36m| [0m[34m|[0m /* 156.522 */    [0m
    [36m| [0m[34m|[0m /* 156.523 */    { => let caseConfig = Configuration()[0m
    [36m| [0m[34m|[0m /* 156.524 */        [0m
    [36m| [0m[34m|[0m /* 156.525 */        let resolverConnectCarriesOneAbsoluteDeadlineIntoNativeTcpAdmissionTestFunc = { => resolverConnectCarriesOneAbsoluteDeadlineIntoNativeTcpAdmission();() }[0m
    [36m| [0m[34m|[0m /* 156.526 */        suiteBuilder.add([0m
    [36m| [0m[34m|[0m /* 156.527 */        UnitTestCase.create([0m
    [36m| [0m[34m|[0m /* 156.528 */        "resolverConnectCarriesOneAbsoluteDeadlineIntoNativeTcpAdmission",[0m
    [36m| [0m[34m|[0m /* 156.529 */        configuration: caseConfig,[0m
    [36m| [0m[34m|[0m /* 156.530 */        body: resolverConnectCarriesOneAbsoluteDeadlineIntoNativeTcpAdmissionTestFunc[0m
    [36m| [0m[34m|[0m /* 156.531 */        )[0m
    [36m| [0m[34m|[0m /* 156.532 */        )[0m
    [36m| [0m[34m|[0m /* 156.533 */        [0m
    [36m| [0m[34m|[0m /* 156.534 */    }()[0m
    [36m| [0m[34m|[0m /* 156.535 */    [0m
    [36m| [0m[34m|[0m /* 156.536 */    return suiteBuilder.build()[0m
    [36m| [0m[34m|[0m /* 156.537 */}[0m
    [36m| [0m[34m|[0m /* 156.538 */private func inheritedFromClassAnnotatedByTestTemplate < T >(): TestSuite where T <: TestClass {[0m
    [36m| [0m[34m|[0m /* 156.539 */    throw Exception("Unreachable code")[0m
    [36m| [0m[34m|[0m /* 156.540 */}[0m
    [36m| [0m[34m|[0m /* 156.541 */}[0m
    [36m| [0m[34m|[0m /* 156.542 */[0m
    [36m| [0m[34m|[0m /* 156.543 */[0m
    [36m| [0m[34m|[0m /* 156.544 */interface TestPackageExtension_DnsResolverPolicyTest {[0m
    [36m| [0m[34m|[0m /* 156.545 */func registerDnsResolverPolicyTest(): Unit[0m
    [36m| [0m[34m|[0m /* 156.546 */}[0m
    [36m| [0m[34m|[0m /* 156.547 */extend TestPackage <: TestPackageExtension_DnsResolverPolicyTest {[0m
    [36m| [0m[34m|[0m /* 156.548 */@Attribute[TEST_REGISTER][0m
    [36m| [0m[34m|[0m /* 156.549 */public func registerDnsResolverPolicyTest() {[0m
    [36m| [0m[34m|[0m /* 156.550 */    registerSuite({ => DnsResolverPolicyTest().asTestSuite() })[0m
    [36m| [0m[34m|[0m /* 156.551 */}[0m
    [36m| [0m[34m|[0m /* 156.552 */}[0m
    [36m| [0m[34m|[0m /* 156.553 */[0m
    [36m| [0m[34m|[0m[34m_[0m[34m____________^[0m
    [36m| [0m
[34mnote[0m: which is expanded as follows
    [36m| [0m
    [36m| [0m/* 156.32 */                    DnsResolverConfig(nameservers:[endpoint])[0m
    [36m| [0m                                [34m^^^^^^^^^^^^^^^^^^^^^^^^^^^^^^^^^^^^^^^^^ [0m
    [36m| [0m

[33mwarning[0m: unreachable block in 'if' expression
    [36m| [0m
    [36m| [0m  /* 8.196 */                if(e is AssertIntermediateException) {[0m
    [36m| [0m [33m_[0m[33m________________________________________________________________^[0m
    [36m| [0m[33m|[0m /* 8.197 */                    throw e[0m
    [36m| [0m[33m|[0m /* 8.198 */                }[0m
    [36m| [0m[33m|[0m[33m_[0m[33m___________________________^ unreachable block in 'if' expression[0m
    [36m| [0m
    [36m#[0m [0mnote[0m: this warning can be suppressed by setting the compiler option `-Woff unused`
[34mnote[0m: the warning occurs after the macro is expanded
   [36m==>[0m /home/elliot/playground/Wirestack-pr-worktrees/M8-004-publication/src/net/dns_wire_test.cj:8:1:
    [36m| [0m
[36m8[0m   [36m| [0m  @Test[0m
    [36m| [0m [34m_[0m[34m^[0m
[36m9[0m   [36m| [0m[34m|[0m class DnsWireParserTest {[0m
    [36m| [0m[34m|[0m ...[0m
[36m305[0m [36m| [0m[34m|[0m }[0m
    [36m| [0m[34m|[0m[34m_[0m[34m^[0m
    [36m| [0m

[33mwarning[0m: unreachable block in 'if' expression
    [36m| [0m
    [36m| [0m  /* 8.199 */                if(e is UnittestTimeoutException) {[0m
    [36m| [0m [33m_[0m[33m_____________________________________________________________^[0m
    [36m| [0m[33m|[0m /* 8.200 */                    throw e[0m
    [36m| [0m[33m|[0m /* 8.201 */                }[0m
    [36m| [0m[33m|[0m[33m_[0m[33m___________________________^ unreachable block in 'if' expression[0m
    [36m| [0m
    [36m#[0m [0mnote[0m: this warning can be suppressed by setting the compiler option `-Woff unused`
[34mnote[0m: the warning occurs after the macro is expanded
   [36m==>[0m /home/elliot/playground/Wirestack-pr-worktrees/M8-004-publication/src/net/dns_wire_test.cj:8:1:
    [36m| [0m
[36m8[0m   [36m| [0m  @Test[0m
    [36m| [0m [34m_[0m[34m^[0m
[36m9[0m   [36m| [0m[34m|[0m class DnsWireParserTest {[0m
    [36m| [0m[34m|[0m ...[0m
[36m305[0m [36m| [0m[34m|[0m }[0m
    [36m| [0m[34m|[0m[34m_[0m[34m^[0m
    [36m| [0m

[33mwarning[0m: unreachable block in 'if' expression
    [36m| [0m
    [36m| [0m  /* 8.223 */                    if(e is AssertException) {[0m
    [36m| [0m [33m_[0m[33m________________________________________________________^[0m
    [36m| [0m[33m|[0m /* 8.224 */                        throw e[0m
    [36m| [0m[33m|[0m /* 8.225 */                    }[0m
    [36m| [0m[33m|[0m[33m_[0m[33m_______________________________^ unreachable block in 'if' expression[0m
    [36m| [0m
    [36m#[0m [0mnote[0m: this warning can be suppressed by setting the compiler option `-Woff unused`
[34mnote[0m: the warning occurs after the macro is expanded
   [36m==>[0m /home/elliot/playground/Wirestack-pr-worktrees/M8-004-publication/src/net/dns_wire_test.cj:8:1:
    [36m| [0m
[36m8[0m   [36m| [0m  @Test[0m
    [36m| [0m [34m_[0m[34m^[0m
[36m9[0m   [36m| [0m[34m|[0m class DnsWireParserTest {[0m
    [36m| [0m[34m|[0m ...[0m
[36m305[0m [36m| [0m[34m|[0m }[0m
    [36m| [0m[34m|[0m[34m_[0m[34m^[0m
    [36m| [0m

[33mwarning[0m: unreachable block in 'if' expression
    [36m| [0m
    [36m| [0m  /* 8.226 */                    if(e is AssertIntermediateException) {[0m
    [36m| [0m [33m_[0m[33m____________________________________________________________________^[0m
    [36m| [0m[33m|[0m /* 8.227 */                        throw e[0m
    [36m| [0m[33m|[0m /* 8.228 */                    }[0m
    [36m| [0m[33m|[0m[33m_[0m[33m_______________________________^ unreachable block in 'if' expression[0m
    [36m| [0m
    [36m#[0m [0mnote[0m: this warning can be suppressed by setting the compiler option `-Woff unused`
[34mnote[0m: the warning occurs after the macro is expanded
   [36m==>[0m /home/elliot/playground/Wirestack-pr-worktrees/M8-004-publication/src/net/dns_wire_test.cj:8:1:
    [36m| [0m
[36m8[0m   [36m| [0m  @Test[0m
    [36m| [0m [34m_[0m[34m^[0m
[36m9[0m   [36m| [0m[34m|[0m class DnsWireParserTest {[0m
    [36m| [0m[34m|[0m ...[0m
[36m305[0m [36m| [0m[34m|[0m }[0m
    [36m| [0m[34m|[0m[34m_[0m[34m^[0m
    [36m| [0m

[33mwarning[0m: unreachable block in 'if' expression
    [36m| [0m
    [36m| [0m  /* 8.229 */                    if(e is UnittestTimeoutException) {[0m
    [36m| [0m [33m_[0m[33m_________________________________________________________________^[0m
    [36m| [0m[33m|[0m /* 8.230 */                        throw e[0m
    [36m| [0m[33m|[0m /* 8.231 */                    }[0m
    [36m| [0m[33m|[0m[33m_[0m[33m_______________________________^ unreachable block in 'if' expression[0m
    [36m| [0m
    [36m#[0m [0mnote[0m: this warning can be suppressed by setting the compiler option `-Woff unused`
[34mnote[0m: the warning occurs after the macro is expanded
   [36m==>[0m /home/elliot/playground/Wirestack-pr-worktrees/M8-004-publication/src/net/dns_wire_test.cj:8:1:
    [36m| [0m
[36m8[0m   [36m| [0m  @Test[0m
    [36m| [0m [34m_[0m[34m^[0m
[36m9[0m   [36m| [0m[34m|[0m class DnsWireParserTest {[0m
    [36m| [0m[34m|[0m ...[0m
[36m305[0m [36m| [0m[34m|[0m }[0m
    [36m| [0m[34m|[0m[34m_[0m[34m^[0m
    [36m| [0m

[33mwarning[0m: unreachable block in 'if' expression
    [36m| [0m
    [36m| [0m  /* 8.255 */                if(e is AssertException) {[0m
    [36m| [0m [33m_[0m[33m____________________________________________________^[0m
    [36m| [0m[33m|[0m /* 8.256 */                    throw e[0m
    [36m| [0m[33m|[0m /* 8.257 */                }[0m
    [36m| [0m[33m|[0m[33m_[0m[33m___________________________^ unreachable block in 'if' expression[0m
    [36m| [0m
    [36m#[0m [0mnote[0m: this warning can be suppressed by setting the compiler option `-Woff unused`
[34mnote[0m: the warning occurs after the macro is expanded
   [36m==>[0m /home/elliot/playground/Wirestack-pr-worktrees/M8-004-publication/src/net/dns_wire_test.cj:8:1:
    [36m| [0m
[36m8[0m   [36m| [0m  @Test[0m
    [36m| [0m [34m_[0m[34m^[0m
[36m9[0m   [36m| [0m[34m|[0m class DnsWireParserTest {[0m
    [36m| [0m[34m|[0m ...[0m
[36m305[0m [36m| [0m[34m|[0m }[0m
    [36m| [0m[34m|[0m[34m_[0m[34m^[0m
    [36m| [0m

[33mwarning[0m: unused expression
   [36m==>[0m /home/elliot/playground/Wirestack-pr-worktrees/M8-004-publication/src/net/dns_wire_test.cj:264:49:
    [36m| [0m
[36m264[0m [36m| [0m        @AssertThrows[IllegalArgumentException](DnsMessageSummary([0m
    [36m| [0m                                                [33m^ unused expression[0m
    [36m| [0m
    [36m#[0m [0mnote[0m: this warning can be suppressed by setting the compiler option `-Woff unused`
[34mnote[0m: the warning occurs after the macro is expanded
   [36m==>[0m /home/elliot/playground/Wirestack-pr-worktrees/M8-004-publication/src/net/dns_wire_test.cj:8:1:
    [36m| [0m
[36m8[0m   [36m| [0m  @Test[0m
    [36m| [0m [34m_[0m[34m^[0m
[36m9[0m   [36m| [0m[34m|[0m class DnsWireParserTest {[0m
    [36m| [0m[34m|[0m ...[0m
[36m305[0m [36m| [0m[34m|[0m }[0m
    [36m| [0m[34m|[0m[34m_[0m[34m^[0m
    [36m| [0m
[34mnote[0m: which is expanded as follows
    [36m| [0m
    [36m| [0m/* 8.645 */                DnsMessageSummary(1u16, 1, false, questionCount: 0, records: Array < DnsRecord >())[0m
    [36m| [0m                           [34m^^^^^^^^^^^^^^^^^^^^^^^^^^^^^^^^^^^^^^^^^^^^^^^^^^^^^^^^^^^^^^^^^^^^^^^^^^^^^^^^^^^ [0m
    [36m| [0m

[33mwarning[0m: unreachable block in 'if' expression
    [36m| [0m
    [36m| [0m  /* 8.258 */                if(e is AssertIntermediateException) {[0m
    [36m| [0m [33m_[0m[33m________________________________________________________________^[0m
    [36m| [0m[33m|[0m /* 8.259 */                    throw e[0m
    [36m| [0m[33m|[0m /* 8.260 */                }[0m
    [36m| [0m[33m|[0m[33m_[0m[33m___________________________^ unreachable block in 'if' expression[0m
    [36m| [0m
    [36m#[0m [0mnote[0m: this warning can be suppressed by setting the compiler option `-Woff unused`
[34mnote[0m: the warning occurs after the macro is expanded
   [36m==>[0m /home/elliot/playground/Wirestack-pr-worktrees/M8-004-publication/src/net/dns_wire_test.cj:8:1:
    [36m| [0m
[36m8[0m   [36m| [0m  @Test[0m
    [36m| [0m [34m_[0m[34m^[0m
[36m9[0m   [36m| [0m[34m|[0m class DnsWireParserTest {[0m
    [36m| [0m[34m|[0m ...[0m
[36m305[0m [36m| [0m[34m|[0m }[0m
    [36m| [0m[34m|[0m[34m_[0m[34m^[0m
    [36m| [0m

[33mwarning[0m: unreachable block in 'if' expression
    [36m| [0m
    [36m| [0m  /* 8.261 */                if(e is UnittestTimeoutException) {[0m
    [36m| [0m [33m_[0m[33m_____________________________________________________________^[0m
    [36m| [0m[33m|[0m /* 8.262 */                    throw e[0m
    [36m| [0m[33m|[0m /* 8.263 */                }[0m
    [36m| [0m[33m|[0m[33m_[0m[33m___________________________^ unreachable block in 'if' expression[0m
    [36m| [0m
    [36m#[0m [0mnote[0m: this warning can be suppressed by setting the compiler option `-Woff unused`
[34mnote[0m: the warning occurs after the macro is expanded
   [36m==>[0m /home/elliot/playground/Wirestack-pr-worktrees/M8-004-publication/src/net/dns_wire_test.cj:8:1:
    [36m| [0m
[36m8[0m   [36m| [0m  @Test[0m
    [36m| [0m [34m_[0m[34m^[0m
[36m9[0m   [36m| [0m[34m|[0m class DnsWireParserTest {[0m
    [36m| [0m[34m|[0m ...[0m
[36m305[0m [36m| [0m[34m|[0m }[0m
    [36m| [0m[34m|[0m[34m_[0m[34m^[0m
    [36m| [0m

[33mwarning[0m: unreachable block in 'if' expression
    [36m| [0m
    [36m| [0m  /* 8.287 */                    if(e is AssertException) {[0m
    [36m| [0m [33m_[0m[33m________________________________________________________^[0m
    [36m| [0m[33m|[0m /* 8.288 */                        throw e[0m
    [36m| [0m[33m|[0m /* 8.289 */                    }[0m
    [36m| [0m[33m|[0m[33m_[0m[33m_______________________________^ unreachable block in 'if' expression[0m
    [36m| [0m
    [36m#[0m [0mnote[0m: this warning can be suppressed by setting the compiler option `-Woff unused`
[34mnote[0m: the warning occurs after the macro is expanded
   [36m==>[0m /home/elliot/playground/Wirestack-pr-worktrees/M8-004-publication/src/net/dns_wire_test.cj:8:1:
    [36m| [0m
[36m8[0m   [36m| [0m  @Test[0m
    [36m| [0m [34m_[0m[34m^[0m
[36m9[0m   [36m| [0m[34m|[0m class DnsWireParserTest {[0m
    [36m| [0m[34m|[0m ...[0m
[36m305[0m [36m| [0m[34m|[0m }[0m
    [36m| [0m[34m|[0m[34m_[0m[34m^[0m
    [36m| [0m

[33mwarning[0m: unreachable block in 'if' expression
    [36m| [0m
    [36m| [0m  /* 8.290 */                    if(e is AssertIntermediateException) {[0m
    [36m| [0m [33m_[0m[33m____________________________________________________________________^[0m
    [36m| [0m[33m|[0m /* 8.291 */                        throw e[0m
    [36m| [0m[33m|[0m /* 8.292 */                    }[0m
    [36m| [0m[33m|[0m[33m_[0m[33m_______________________________^ unreachable block in 'if' expression[0m
    [36m| [0m
    [36m#[0m [0mnote[0m: this warning can be suppressed by setting the compiler option `-Woff unused`
[34mnote[0m: the warning occurs after the macro is expanded
   [36m==>[0m /home/elliot/playground/Wirestack-pr-worktrees/M8-004-publication/src/net/dns_wire_test.cj:8:1:
    [36m| [0m
[36m8[0m   [36m| [0m  @Test[0m
    [36m| [0m [34m_[0m[34m^[0m
[36m9[0m   [36m| [0m[34m|[0m class DnsWireParserTest {[0m
    [36m| [0m[34m|[0m ...[0m
[36m305[0m [36m| [0m[34m|[0m }[0m
    [36m| [0m[34m|[0m[34m_[0m[34m^[0m
    [36m| [0m

[33mwarning[0m: unreachable block in 'if' expression
    [36m| [0m
    [36m| [0m  /* 8.293 */                    if(e is UnittestTimeoutException) {[0m
    [36m| [0m [33m_[0m[33m_________________________________________________________________^[0m
    [36m| [0m[33m|[0m /* 8.294 */                        throw e[0m
    [36m| [0m[33m|[0m /* 8.295 */                    }[0m
    [36m| [0m[33m|[0m[33m_[0m[33m_______________________________^ unreachable block in 'if' expression[0m
    [36m| [0m
    [36m#[0m [0mnote[0m: this warning can be suppressed by setting the compiler option `-Woff unused`
[34mnote[0m: the warning occurs after the macro is expanded
   [36m==>[0m /home/elliot/playground/Wirestack-pr-worktrees/M8-004-publication/src/net/dns_wire_test.cj:8:1:
    [36m| [0m
[36m8[0m   [36m| [0m  @Test[0m
    [36m| [0m [34m_[0m[34m^[0m
[36m9[0m   [36m| [0m[34m|[0m class DnsWireParserTest {[0m
    [36m| [0m[34m|[0m ...[0m
[36m305[0m [36m| [0m[34m|[0m }[0m
    [36m| [0m[34m|[0m[34m_[0m[34m^[0m
    [36m| [0m

[33mwarning[0m: unreachable block in 'if' expression
    [36m| [0m
    [36m| [0m  /* 8.317 */                if(e is AssertException) {[0m
    [36m| [0m [33m_[0m[33m____________________________________________________^[0m
    [36m| [0m[33m|[0m /* 8.318 */                    throw e[0m
    [36m| [0m[33m|[0m /* 8.319 */                }[0m
    [36m| [0m[33m|[0m[33m_[0m[33m___________________________^ unreachable block in 'if' expression[0m
    [36m| [0m
    [36m#[0m [0mnote[0m: this warning can be suppressed by setting the compiler option `-Woff unused`
[34mnote[0m: the warning occurs after the macro is expanded
   [36m==>[0m /home/elliot/playground/Wirestack-pr-worktrees/M8-004-publication/src/net/dns_wire_test.cj:8:1:
    [36m| [0m
[36m8[0m   [36m| [0m  @Test[0m
    [36m| [0m [34m_[0m[34m^[0m
[36m9[0m   [36m| [0m[34m|[0m class DnsWireParserTest {[0m
    [36m| [0m[34m|[0m ...[0m
[36m305[0m [36m| [0m[34m|[0m }[0m
    [36m| [0m[34m|[0m[34m_[0m[34m^[0m
    [36m| [0m

[33mwarning[0m: unreachable block in 'if' expression
    [36m| [0m
    [36m| [0m  /* 8.320 */                if(e is AssertIntermediateException) {[0m
    [36m| [0m [33m_[0m[33m________________________________________________________________^[0m
    [36m| [0m[33m|[0m /* 8.321 */                    throw e[0m
    [36m| [0m[33m|[0m /* 8.322 */                }[0m
    [36m| [0m[33m|[0m[33m_[0m[33m___________________________^ unreachable block in 'if' expression[0m
    [36m| [0m
    [36m#[0m [0mnote[0m: this warning can be suppressed by setting the compiler option `-Woff unused`
[34mnote[0m: the warning occurs after the macro is expanded
   [36m==>[0m /home/elliot/playground/Wirestack-pr-worktrees/M8-004-publication/src/net/dns_wire_test.cj:8:1:
    [36m| [0m
[36m8[0m   [36m| [0m  @Test[0m
    [36m| [0m [34m_[0m[34m^[0m
[36m9[0m   [36m| [0m[34m|[0m class DnsWireParserTest {[0m
    [36m| [0m[34m|[0m ...[0m
[36m305[0m [36m| [0m[34m|[0m }[0m
    [36m| [0m[34m|[0m[34m_[0m[34m^[0m
    [36m| [0m

[33mwarning[0m: unreachable block in 'if' expression
    [36m| [0m
    [36m| [0m  /* 8.323 */                if(e is UnittestTimeoutException) {[0m
    [36m| [0m [33m_[0m[33m_____________________________________________________________^[0m
    [36m| [0m[33m|[0m /* 8.324 */                    throw e[0m
    [36m| [0m[33m|[0m /* 8.325 */                }[0m
    [36m| [0m[33m|[0m[33m_[0m[33m___________________________^ unreachable block in 'if' expression[0m
    [36m| [0m
    [36m#[0m [0mnote[0m: this warning can be suppressed by setting the compiler option `-Woff unused`
[34mnote[0m: the warning occurs after the macro is expanded
   [36m==>[0m /home/elliot/playground/Wirestack-pr-worktrees/M8-004-publication/src/net/dns_wire_test.cj:8:1:
    [36m| [0m
[36m8[0m   [36m| [0m  @Test[0m
    [36m| [0m [34m_[0m[34m^[0m
[36m9[0m   [36m| [0m[34m|[0m class DnsWireParserTest {[0m
    [36m| [0m[34m|[0m ...[0m
[36m305[0m [36m| [0m[34m|[0m }[0m
    [36m| [0m[34m|[0m[34m_[0m[34m^[0m
    [36m| [0m

[33mwarning[0m: unreachable block in 'if' expression
    [36m| [0m
    [36m| [0m  /* 8.341 */                if(e is AssertException) {[0m
    [36m| [0m [33m_[0m[33m____________________________________________________^[0m
    [36m| [0m[33m|[0m /* 8.342 */                    throw e[0m
    [36m| [0m[33m|[0m /* 8.343 */                }[0m
    [36m| [0m[33m|[0m[33m_[0m[33m___________________________^ unreachable block in 'if' expression[0m
    [36m| [0m
    [36m#[0m [0mnote[0m: this warning can be suppressed by setting the compiler option `-Woff unused`
[34mnote[0m: the warning occurs after the macro is expanded
   [36m==>[0m /home/elliot/playground/Wirestack-pr-worktrees/M8-004-publication/src/net/dns_wire_test.cj:8:1:
    [36m| [0m
[36m8[0m   [36m| [0m  @Test[0m
    [36m| [0m [34m_[0m[34m^[0m
[36m9[0m   [36m| [0m[34m|[0m class DnsWireParserTest {[0m
    [36m| [0m[34m|[0m ...[0m
[36m305[0m [36m| [0m[34m|[0m }[0m
    [36m| [0m[34m|[0m[34m_[0m[34m^[0m
    [36m| [0m

[33mwarning[0m: unreachable block in 'if' expression
    [36m| [0m
    [36m| [0m  /* 8.344 */                if(e is AssertIntermediateException) {[0m
    [36m| [0m [33m_[0m[33m________________________________________________________________^[0m
    [36m| [0m[33m|[0m /* 8.345 */                    throw e[0m
    [36m| [0m[33m|[0m /* 8.346 */                }[0m
    [36m| [0m[33m|[0m[33m_[0m[33m___________________________^ unreachable block in 'if' expression[0m
    [36m| [0m
    [36m#[0m [0mnote[0m: this warning can be suppressed by setting the compiler option `-Woff unused`
[34mnote[0m: the warning occurs after the macro is expanded
   [36m==>[0m /home/elliot/playground/Wirestack-pr-worktrees/M8-004-publication/src/net/dns_wire_test.cj:8:1:
    [36m| [0m
[36m8[0m   [36m| [0m  @Test[0m
    [36m| [0m [34m_[0m[34m^[0m
[36m9[0m   [36m| [0m[34m|[0m class DnsWireParserTest {[0m
    [36m| [0m[34m|[0m ...[0m
[36m305[0m [36m| [0m[34m|[0m }[0m
    [36m| [0m[34m|[0m[34m_[0m[34m^[0m
    [36m| [0m

[33mwarning[0m: unreachable block in 'if' expression
    [36m| [0m
    [36m| [0m  /* 8.347 */                if(e is UnittestTimeoutException) {[0m
    [36m| [0m [33m_[0m[33m_____________________________________________________________^[0m
    [36m| [0m[33m|[0m /* 8.348 */                    throw e[0m
    [36m| [0m[33m|[0m /* 8.349 */                }[0m
    [36m| [0m[33m|[0m[33m_[0m[33m___________________________^ unreachable block in 'if' expression[0m
    [36m| [0m
    [36m#[0m [0mnote[0m: this warning can be suppressed by setting the compiler option `-Woff unused`
[34mnote[0m: the warning occurs after the macro is expanded
   [36m==>[0m /home/elliot/playground/Wirestack-pr-worktrees/M8-004-publication/src/net/dns_wire_test.cj:8:1:
    [36m| [0m
[36m8[0m   [36m| [0m  @Test[0m
    [36m| [0m [34m_[0m[34m^[0m
[36m9[0m   [36m| [0m[34m|[0m class DnsWireParserTest {[0m
    [36m| [0m[34m|[0m ...[0m
[36m305[0m [36m| [0m[34m|[0m }[0m
    [36m| [0m[34m|[0m[34m_[0m[34m^[0m
    [36m| [0m

[33mwarning[0m: unreachable block in 'if' expression
    [36m| [0m
    [36m| [0m  /* 8.365 */                if(e is AssertException) {[0m
    [36m| [0m [33m_[0m[33m____________________________________________________^[0m
    [36m| [0m[33m|[0m /* 8.366 */                    throw e[0m
    [36m| [0m[33m|[0m /* 8.367 */                }[0m
    [36m| [0m[33m|[0m[33m_[0m[33m___________________________^ unreachable block in 'if' expression[0m
    [36m| [0m
    [36m#[0m [0mnote[0m: this warning can be suppressed by setting the compiler option `-Woff unused`
[34mnote[0m: the warning occurs after the macro is expanded
   [36m==>[0m /home/elliot/playground/Wirestack-pr-worktrees/M8-004-publication/src/net/dns_wire_test.cj:8:1:
    [36m| [0m
[36m8[0m   [36m| [0m  @Test[0m
    [36m| [0m [34m_[0m[34m^[0m
[36m9[0m   [36m| [0m[34m|[0m class DnsWireParserTest {[0m
    [36m| [0m[34m|[0m ...[0m
[36m305[0m [36m| [0m[34m|[0m }[0m
    [36m| [0m[34m|[0m[34m_[0m[34m^[0m
    [36m| [0m

[33mwarning[0m: unreachable block in 'if' expression
    [36m| [0m
    [36m| [0m  /* 8.368 */                if(e is AssertIntermediateException) {[0m
    [36m| [0m [33m_[0m[33m________________________________________________________________^[0m
    [36m| [0m[33m|[0m /* 8.369 */                    throw e[0m
    [36m| [0m[33m|[0m /* 8.370 */                }[0m
    [36m| [0m[33m|[0m[33m_[0m[33m___________________________^ unreachable block in 'if' expression[0m
    [36m| [0m
    [36m#[0m [0mnote[0m: this warning can be suppressed by setting the compiler option `-Woff unused`
[34mnote[0m: the warning occurs after the macro is expanded
   [36m==>[0m /home/elliot/playground/Wirestack-pr-worktrees/M8-004-publication/src/net/dns_wire_test.cj:8:1:
    [36m| [0m
[36m8[0m   [36m| [0m  @Test[0m
    [36m| [0m [34m_[0m[34m^[0m
[36m9[0m   [36m| [0m[34m|[0m class DnsWireParserTest {[0m
    [36m| [0m[34m|[0m ...[0m
[36m305[0m [36m| [0m[34m|[0m }[0m
    [36m| [0m[34m|[0m[34m_[0m[34m^[0m
    [36m| [0m

[33mwarning[0m: unreachable block in 'if' expression
    [36m| [0m
    [36m| [0m  /* 8.371 */                if(e is UnittestTimeoutException) {[0m
    [36m| [0m [33m_[0m[33m_____________________________________________________________^[0m
    [36m| [0m[33m|[0m /* 8.372 */                    throw e[0m
    [36m| [0m[33m|[0m /* 8.373 */                }[0m
    [36m| [0m[33m|[0m[33m_[0m[33m___________________________^ unreachable block in 'if' expression[0m
    [36m| [0m
    [36m#[0m [0mnote[0m: this warning can be suppressed by setting the compiler option `-Woff unused`
[34mnote[0m: the warning occurs after the macro is expanded
   [36m==>[0m /home/elliot/playground/Wirestack-pr-worktrees/M8-004-publication/src/net/dns_wire_test.cj:8:1:
    [36m| [0m
[36m8[0m   [36m| [0m  @Test[0m
    [36m| [0m [34m_[0m[34m^[0m
[36m9[0m   [36m| [0m[34m|[0m class DnsWireParserTest {[0m
    [36m| [0m[34m|[0m ...[0m
[36m305[0m [36m| [0m[34m|[0m }[0m
    [36m| [0m[34m|[0m[34m_[0m[34m^[0m
    [36m| [0m

[33mwarning[0m: unreachable block in 'if' expression
    [36m| [0m
    [36m| [0m  /* 8.393 */                if(e is AssertException) {[0m
    [36m| [0m [33m_[0m[33m____________________________________________________^[0m
    [36m| [0m[33m|[0m /* 8.394 */                    throw e[0m
    [36m| [0m[33m|[0m /* 8.395 */                }[0m
    [36m| [0m[33m|[0m[33m_[0m[33m___________________________^ unreachable block in 'if' expression[0m
    [36m| [0m
    [36m#[0m [0mnote[0m: this warning can be suppressed by setting the compiler option `-Woff unused`
[34mnote[0m: the warning occurs after the macro is expanded
   [36m==>[0m /home/elliot/playground/Wirestack-pr-worktrees/M8-004-publication/src/net/dns_wire_test.cj:8:1:
    [36m| [0m
[36m8[0m   [36m| [0m  @Test[0m
    [36m| [0m [34m_[0m[34m^[0m
[36m9[0m   [36m| [0m[34m|[0m class DnsWireParserTest {[0m
    [36m| [0m[34m|[0m ...[0m
[36m305[0m [36m| [0m[34m|[0m }[0m
    [36m| [0m[34m|[0m[34m_[0m[34m^[0m
    [36m| [0m

[33mwarning[0m: unreachable block in 'if' expression
    [36m| [0m
    [36m| [0m  /* 8.396 */                if(e is AssertIntermediateException) {[0m
    [36m| [0m [33m_[0m[33m________________________________________________________________^[0m
    [36m| [0m[33m|[0m /* 8.397 */                    throw e[0m
    [36m| [0m[33m|[0m /* 8.398 */                }[0m
    [36m| [0m[33m|[0m[33m_[0m[33m___________________________^ unreachable block in 'if' expression[0m
    [36m| [0m
    [36m#[0m [0mnote[0m: this warning can be suppressed by setting the compiler option `-Woff unused`
[34mnote[0m: the warning occurs after the macro is expanded
   [36m==>[0m /home/elliot/playground/Wirestack-pr-worktrees/M8-004-publication/src/net/dns_wire_test.cj:8:1:
    [36m| [0m
[36m8[0m   [36m| [0m  @Test[0m
    [36m| [0m [34m_[0m[34m^[0m
[36m9[0m   [36m| [0m[34m|[0m class DnsWireParserTest {[0m
    [36m| [0m[34m|[0m ...[0m
[36m305[0m [36m| [0m[34m|[0m }[0m
    [36m| [0m[34m|[0m[34m_[0m[34m^[0m
    [36m| [0m

[33mwarning[0m: unreachable block in 'if' expression
    [36m| [0m
    [36m| [0m  /* 8.399 */                if(e is UnittestTimeoutException) {[0m
    [36m| [0m [33m_[0m[33m_____________________________________________________________^[0m
    [36m| [0m[33m|[0m /* 8.400 */                    throw e[0m
    [36m| [0m[33m|[0m /* 8.401 */                }[0m
    [36m| [0m[33m|[0m[33m_[0m[33m___________________________^ unreachable block in 'if' expression[0m
    [36m| [0m
    [36m#[0m [0mnote[0m: this warning can be suppressed by setting the compiler option `-Woff unused`
[34mnote[0m: the warning occurs after the macro is expanded
   [36m==>[0m /home/elliot/playground/Wirestack-pr-worktrees/M8-004-publication/src/net/dns_wire_test.cj:8:1:
    [36m| [0m
[36m8[0m   [36m| [0m  @Test[0m
    [36m| [0m [34m_[0m[34m^[0m
[36m9[0m   [36m| [0m[34m|[0m class DnsWireParserTest {[0m
    [36m| [0m[34m|[0m ...[0m
[36m305[0m [36m| [0m[34m|[0m }[0m
    [36m| [0m[34m|[0m[34m_[0m[34m^[0m
    [36m| [0m

[33mwarning[0m: unreachable block in 'if' expression
    [36m| [0m
    [36m| [0m  /* 8.422 */                if(e is AssertException) {[0m
    [36m| [0m [33m_[0m[33m____________________________________________________^[0m
    [36m| [0m[33m|[0m /* 8.423 */                    throw e[0m
    [36m| [0m[33m|[0m /* 8.424 */                }[0m
    [36m| [0m[33m|[0m[33m_[0m[33m___________________________^ unreachable block in 'if' expression[0m
    [36m| [0m
    [36m#[0m [0mnote[0m: this warning can be suppressed by setting the compiler option `-Woff unused`
[34mnote[0m: the warning occurs after the macro is expanded
   [36m==>[0m /home/elliot/playground/Wirestack-pr-worktrees/M8-004-publication/src/net/dns_wire_test.cj:8:1:
    [36m| [0m
[36m8[0m   [36m| [0m  @Test[0m
    [36m| [0m [34m_[0m[34m^[0m
[36m9[0m   [36m| [0m[34m|[0m class DnsWireParserTest {[0m
    [36m| [0m[34m|[0m ...[0m
[36m305[0m [36m| [0m[34m|[0m }[0m
    [36m| [0m[34m|[0m[34m_[0m[34m^[0m
    [36m| [0m

[33mwarning[0m: unreachable block in 'if' expression
    [36m| [0m
    [36m| [0m  /* 284.148 */                        if(e is AssertException) {[0m
    [36m| [0m [33m_[0m[33m______________________________________________________________^[0m
    [36m| [0m[33m|[0m /* 284.149 */                            throw e[0m
    [36m| [0m[33m|[0m /* 284.150 */                        }[0m
    [36m| [0m[33m|[0m[33m_[0m[33m_____________________________________^ unreachable block in 'if' expression[0m
    [36m| [0m
    [36m#[0m [0mnote[0m: this warning can be suppressed by setting the compiler option `-Woff unused`
[34mnote[0m: the code after the macro is expanded as follows
    [36m| [0m
    [36m| [0m  /* 284.1 */@Attribute[TEST_GENERATED] class DnsClientWireTest <: TestClass {[0m
    [36m| [0m [34m_[0m[34m^[0m
    [36m| [0m[34m|[0m /* 284.2 */    @Attribute[TestCase_0][0m
    [36m| [0m[34m|[0m /* 284.3 */    func publicQueryAndLookupUseRealUdpAndRetainAbsoluteCacheExpiry(): Unit {[0m
    [36m| [0m[34m|[0m /* 284.4 */        let server = UdpSocket.bind(dnsClientTestLoopback(0))[0m
    [36m| [0m[34m|[0m /* 284.5 */        let endpoint = dnsClientTestEndpoint(server)[0m
    [36m| [0m[34m|[0m /* 284.6 */        let serving: Future < Int64 >= spawn { var served: Int64 = 0[0m
    [36m| [0m[34m|[0m /* 284.7 */            while(served < 2) {[0m
    [36m| [0m[34m|[0m /* 284.8 */                let received = server.receive(512, context: api.OperationContext(deadline: Some(api.Deadline.after(Duration.second))))[0m
    [36m| [0m[34m|[0m /* 284.9 */                let _ = server.sendTo(received.source.getOrThrow(), api.ByteSpan(dnsClientTestAResponse(received.payload,[192u8, 0u8, 2u8, 44u8], ttl: 10u32)))[0m
    [36m| [0m[34m|[0m /* 284.10 */                served ++[0m
    [36m| [0m[34m|[0m /* 284.11 */            }[0m
    [36m| [0m[34m|[0m /* 284.12 */            served[0m
    [36m| [0m[34m|[0m /* 284.13 */        }[0m
    [36m| [0m[34m|[0m /* 284.14 */        let client = DnsClient(config: dnsClientTestConfig(endpoint))[0m
    [36m| [0m[34m|[0m /* 284.15 */        try {[0m
    [36m| [0m[34m|[0m /* 284.16 */            let summary = client.query("Example.Test.", DnsRecordType.A)[0m
    [36m| [0m[34m|[0m /* 284.17 */            expectEqual("summary.answerCount", "1", summary.answerCount, 1, isDelta: false)[0m
    [36m| [0m[34m|[0m /* 284.18 */            expectEqual("summary.records[0].data()", "[192u8, 0u8, 2u8, 44u8]", summary.records[0].data(),[192u8, 0u8, 2u8, 44u8], isDelta: false)[0m
    [36m| [0m[34m|[0m /* 284.19 */            let first = client.lookup(api.HostName("example.test"), options: api.ResolveOptions(family: api.ResolveAddressFamily.Ipv4))[0m
    [36m| [0m[34m|[0m /* 284.20 */            let retainedExpiry = first.expiration[0m
    [36m| [0m[34m|[0m /* 284.21 */            let second = client.lookup(api.HostName("example.test"), options: api.ResolveOptions(family: api.ResolveAddressFamily.Ipv4))[0m
    [36m| [0m[34m|[0m /* 284.22 */            expectEqual("first.addresses", "second.addresses", first.addresses, second.addresses, isDelta: false)[0m
    [36m| [0m[34m|[0m /* 284.23 */            expectEqual("second.expiration", "retainedExpiry", second.expiration, retainedExpiry, isDelta: false)[0m
    [36m| [0m[34m|[0m /* 284.24 */            expectEqual("second.addresses[0].toOctets()", "[192u8, 0u8, 2u8, 44u8]", second.addresses[0].toOctets(),[192u8, 0u8, 2u8, 44u8], isDelta: false)[0m
    [36m| [0m[34m|[0m /* 284.25 */            expectEqual("serving.get(Duration.second)", "2", serving.get(Duration.second), 2, isDelta: false)[0m
    [36m| [0m[34m|[0m /* 284.26 */        } finally {[0m
    [36m| [0m[34m|[0m /* 284.27 */            client.close()[0m
    [36m| [0m[34m|[0m /* 284.28 */            server.close()[0m
    [36m| [0m[34m|[0m /* 284.29 */        }[0m
    [36m| [0m[34m|[0m /* 284.30 */    }[0m
    [36m| [0m[34m|[0m /* 284.31 */    [0m
    [36m| [0m[34m|[0m /* 284.32 */    @Attribute[TestCase_1][0m
    [36m| [0m[34m|[0m /* 284.33 */    func publicQueryEncodesEveryModeledRecordType(): Unit {[0m
    [36m| [0m[34m|[0m /* 284.34 */        let server = UdpSocket.bind(dnsClientTestLoopback(0))[0m
    [36m| [0m[34m|[0m /* 284.35 */        let endpoint = dnsClientTestEndpoint(server)[0m
    [36m| [0m[34m|[0m /* 284.36 */        let types =[DnsRecordType.A, DnsRecordType.AAAA, DnsRecordType.CNAME, DnsRecordType.SRV, DnsRecordType.TXT, DnsRecordType.MX, DnsRecordType.PTR, DnsRecordType.SOA, DnsRecordType.Unknown(65280)][0m
    [36m| [0m[34m|[0m /* 284.37 */        let serving: Future < Int64 >= spawn { var served: Int64 = 0[0m
    [36m| [0m[34m|[0m /* 284.38 */            while(served < types.size) {[0m
    [36m| [0m[34m|[0m /* 284.39 */                let received = server.receive(512, context: api.OperationContext(deadline: Some(api.Deadline.after(Duration.second))))[0m
    [36m| [0m[34m|[0m /* 284.40 */                let response = dnsClientTestHeader(received.payload, 0x8180u16).toArray()[0m
    [36m| [0m[34m|[0m /* 284.41 */                let _ = server.sendTo(received.source.getOrThrow(), api.ByteSpan(response))[0m
    [36m| [0m[34m|[0m /* 284.42 */                served ++[0m
    [36m| [0m[34m|[0m /* 284.43 */            }[0m
    [36m| [0m[34m|[0m /* 284.44 */            served[0m
    [36m| [0m[34m|[0m /* 284.45 */        }[0m
    [36m| [0m[34m|[0m /* 284.46 */        let client = DnsClient(config: dnsClientTestConfig(endpoint))[0m
    [36m| [0m[34m|[0m /* 284.47 */        try {[0m
    [36m| [0m[34m|[0m /* 284.48 */            for(recordType in types) {[0m
    [36m| [0m[34m|[0m /* 284.49 */                let summary = client.query("_service._tcp.example.test", recordType)[0m
    [36m| [0m[34m|[0m /* 284.50 */                expectEqual("summary.answerCount", "0", summary.answerCount, 0, isDelta: false)[0m
    [36m| [0m[34m|[0m /* 284.51 */                expectEqual("dnsClientTestTypeCode(summary.questions[0].recordType)", "dnsClientTestTypeCode(recordType)", dnsClientTestTypeCode(summary.questions[0].recordType), dnsClientTestTypeCode(recordType), isDelta: false)[0m
    [36m| [0m[34m|[0m /* 284.52 */            }[0m
    [36m| [0m[34m|[0m /* 284.53 */            expectEqual("serving.get(Duration.second)", "types.size", serving.get(Duration.second), types.size, isDelta: false)[0m
    [36m| [0m[34m|[0m /* 284.54 */        } finally {[0m
    [36m| [0m[34m|[0m /* 284.55 */            client.close()[0m
    [36m| [0m[34m|[0m /* 284.56 */            server.close()[0m
    [36m| [0m[34m|[0m /* 284.57 */        }[0m
    [36m| [0m[34m|[0m /* 284.58 */    }[0m
    [36m| [0m[34m|[0m /* 284.59 */    [0m
    [36m| [0m[34m|[0m /* 284.60 */    @Attribute[TestCase_2][0m
    [36m| [0m[34m|[0m /* 284.61 */    func wrongSourceIdAndQuestionAreIgnoredBeforeValidUdpResponse(): Unit {[0m
    [36m| [0m[34m|[0m /* 284.62 */        let server = UdpSocket.bind(dnsClientTestLoopback(0))[0m
    [36m| [0m[34m|[0m /* 284.63 */        let rogue = UdpSocket.bind(dnsClientTestLoopback(0))[0m
    [36m| [0m[34m|[0m /* 284.64 */        let endpoint = dnsClientTestEndpoint(server)[0m
    [36m| [0m[34m|[0m /* 284.65 */        let serving = spawn { let received = server.receive(512, context: api.OperationContext(deadline: Some(api.Deadline.after(Duration.second))))[0m
    [36m| [0m[34m|[0m /* 284.66 */            let destination = received.source.getOrThrow()[0m
    [36m| [0m[34m|[0m /* 284.67 */            let poison = dnsClientTestAResponse(received.payload,[203u8, 0u8, 113u8, 7u8])[0m
    [36m| [0m[34m|[0m /* 284.68 */            let _ = rogue.sendTo(destination, api.ByteSpan(poison))[0m
    [36m| [0m[34m|[0m /* 284.69 */            let wrongId = poison.clone()[0m
    [36m| [0m[34m|[0m /* 284.70 */            wrongId[1] = wrongId[1] ^ 1u8[0m
    [36m| [0m[34m|[0m /* 284.71 */            let _ = server.sendTo(destination, api.ByteSpan(wrongId))[0m
    [36m| [0m[34m|[0m /* 284.72 */            let wrongQuestion = poison.clone()[0m
    [36m| [0m[34m|[0m /* 284.73 */            wrongQuestion[received.payload.size - 3] = 28u8[0m
    [36m| [0m[34m|[0m /* 284.74 */            let _ = server.sendTo(destination, api.ByteSpan(wrongQuestion))[0m
    [36m| [0m[34m|[0m /* 284.75 */            let valid = dnsClientTestAResponse(received.payload,[198u8, 51u8, 100u8, 17u8])[0m
    [36m| [0m[34m|[0m /* 284.76 */            let _ = server.sendTo(destination, api.ByteSpan(valid))[0m
    [36m| [0m[34m|[0m /* 284.77 */            true[0m
    [36m| [0m[34m|[0m /* 284.78 */        }[0m
    [36m| [0m[34m|[0m /* 284.79 */        let client = DnsClient(config: dnsClientTestConfig(endpoint))[0m
    [36m| [0m[34m|[0m /* 284.80 */        try {[0m
    [36m| [0m[34m|[0m /* 284.81 */            let summary = client.query("identity.test", DnsRecordType.A)[0m
    [36m| [0m[34m|[0m /* 284.82 */            expectEqual("summary.records[0].data()", "[198u8, 51u8, 100u8, 17u8]", summary.records[0].data(),[198u8, 51u8, 100u8, 17u8], isDelta: false)[0m
    [36m| [0m[34m|[0m /* 284.83 */            expectEqual("serving.get(Duration.second)", "true", serving.get(Duration.second), true, isDelta: false)[0m
    [36m| [0m[34m|[0m /* 284.84 */        } finally {[0m
    [36m| [0m[34m|[0m /* 284.85 */            client.close()[0m
    [36m| [0m[34m|[0m /* 284.86 */            rogue.close()[0m
    [36m| [0m[34m|[0m /* 284.87 */            server.close()[0m
    [36m| [0m[34m|[0m /* 284.88 */        }[0m
    [36m| [0m[34m|[0m /* 284.89 */    }[0m
    [36m| [0m[34m|[0m /* 284.90 */    [0m
    [36m| [0m[34m|[0m /* 284.91 */    @Attribute[TestCase_3][0m
    [36m| [0m[34m|[0m /* 284.92 */    func validatedTruncationFallsBackToExactTcpFrame(): Unit {[0m
    [36m| [0m[34m|[0m /* 284.93 */        let udp = UdpSocket.bind(dnsClientTestLoopback(0))[0m
    [36m| [0m[34m|[0m /* 284.94 */        let endpoint = dnsClientTestEndpoint(udp)[0m
    [36m| [0m[34m|[0m /* 284.95 */        let tcp = TcpListener.bind(endpoint)[0m
    [36m| [0m[34m|[0m /* 284.96 */        let udpServing = spawn { let received = udp.receive(512, context: api.OperationContext(deadline: Some(api.Deadline.after(Duration.second))))[0m
    [36m| [0m[34m|[0m /* 284.97 */            let truncated = dnsClientTestHeader(received.payload, 0x8380u16, answers: 1).toArray()[0m
    [36m| [0m[34m|[0m /* 284.98 */            let _ = udp.sendTo(received.source.getOrThrow(), api.ByteSpan(truncated))[0m
    [36m| [0m[34m|[0m /* 284.99 */            true[0m
    [36m| [0m[34m|[0m /* 284.100 */        }[0m
    [36m| [0m[34m|[0m /* 284.101 */        let tcpServing = spawn { let stream = tcp.accept(context: api.OperationContext(deadline: Some(api.Deadline.after(Duration.second))))[0m
    [36m| [0m[34m|[0m /* 284.102 */            try {[0m
    [36m| [0m[34m|[0m /* 284.103 */                let lengthBytes = Array < Byte >(2, repeat: 0u8)[0m
    [36m| [0m[34m|[0m /* 284.104 */                stream.readExact(api.MutableByteSpan(lengthBytes), context: api.OperationContext.background())[0m
    [36m| [0m[34m|[0m /* 284.105 */                let length =(Int64(lengthBytes[0]) << 8) | Int64(lengthBytes[1])[0m
    [36m| [0m[34m|[0m /* 284.106 */                let query = Array < Byte >(length, repeat: 0u8)[0m
    [36m| [0m[34m|[0m /* 284.107 */                stream.readExact(api.MutableByteSpan(query), context: api.OperationContext.background())[0m
    [36m| [0m[34m|[0m /* 284.108 */                let response = dnsClientTestAResponse(query,[192u8, 0u8, 2u8, 91u8])[0m
    [36m| [0m[34m|[0m /* 284.109 */                stream.writeAll(api.ByteSpan(dnsClientTestTcpFrame(response)), context: api.OperationContext.background())[0m
    [36m| [0m[34m|[0m /* 284.110 */                true[0m
    [36m| [0m[34m|[0m /* 284.111 */            } finally {[0m
    [36m| [0m[34m|[0m /* 284.112 */                stream.close()[0m
    [36m| [0m[34m|[0m /* 284.113 */            }[0m
    [36m| [0m[34m|[0m /* 284.114 */        }[0m
    [36m| [0m[34m|[0m /* 284.115 */        let client = DnsClient(config: dnsClientTestConfig(endpoint))[0m
    [36m| [0m[34m|[0m /* 284.116 */        try {[0m
    [36m| [0m[34m|[0m /* 284.117 */            let summary = client.query("tcp.test", DnsRecordType.A)[0m
    [36m| [0m[34m|[0m /* 284.118 */            expectEqual("summary.records[0].data()", "[192u8, 0u8, 2u8, 91u8]", summary.records[0].data(),[192u8, 0u8, 2u8, 91u8], isDelta: false)[0m
    [36m| [0m[34m|[0m /* 284.119 */            expectEqual("udpServing.get(Duration.second)", "true", udpServing.get(Duration.second), true, isDelta: false)[0m
    [36m| [0m[34m|[0m /* 284.120 */            expectEqual("tcpServing.get(Duration.second)", "true", tcpServing.get(Duration.second), true, isDelta: false)[0m
    [36m| [0m[34m|[0m /* 284.121 */        } finally {[0m
    [36m| [0m[34m|[0m /* 284.122 */            client.close()[0m
    [36m| [0m[34m|[0m /* 284.123 */            tcp.close()[0m
    [36m| [0m[34m|[0m /* 284.124 */            udp.close()[0m
    [36m| [0m[34m|[0m /* 284.125 */        }[0m
    [36m| [0m[34m|[0m /* 284.126 */    }[0m
    [36m| [0m[34m|[0m /* 284.127 */    [0m
    [36m| [0m[34m|[0m /* 284.128 */    @Attribute[TestCase_4][0m
    [36m| [0m[34m|[0m /* 284.129 */    func dnsTransportFailuresRetainSelectedNameserver(): Unit {[0m
    [36m| [0m[34m|[0m /* 284.130 */        for(tcpFallback in[false, true]) {[0m
    [36m| [0m[34m|[0m /* 284.131 */            let server = UdpSocket.bind(dnsClientTestLoopback(0))[0m
    [36m| [0m[34m|[0m /* 284.132 */            let endpoint = dnsClientTestEndpoint(server)[0m
    [36m| [0m[34m|[0m /* 284.133 */            let serving = spawn { let received = server.receive(512, context: api.OperationContext(deadline: Some(api.Deadline.after(Duration.second))))[0m
    [36m| [0m[34m|[0m /* 284.134 */                if(tcpFallback) {[0m
    [36m| [0m[34m|[0m /* 284.135 */                    let truncated = dnsClientTestHeader(received.payload, 0x8380u16).toArray()[0m
    [36m| [0m[34m|[0m /* 284.136 */                    let _ = server.sendTo(received.source.getOrThrow(), api.ByteSpan(truncated))[0m
    [36m| [0m[34m|[0m /* 284.137 */                }[0m
    [36m| [0m[34m|[0m /* 284.138 */                received.source.getOrThrow()[0m
    [36m| [0m[34m|[0m /* 284.139 */            }[0m
    [36m| [0m[34m|[0m /* 284.140 */            let client = DnsClient(config: DnsResolverConfig(nameservers:[endpoint], attempts: 1, queryTimeout: 250 * Duration.millisecond))[0m
    [36m| [0m[34m|[0m /* 284.141 */            try {[0m
    [36m| [0m[34m|[0m /* 284.142 */                let error = try {[0m
    [36m| [0m[34m|[0m /* 284.143 */                    try {[0m
    [36m| [0m[34m|[0m /* 284.144 */                        assertEqual("true", "true", true, true)[0m
    [36m| [0m[34m|[0m /* 284.145 */                        client.query("transport-error.test", DnsRecordType.A)[0m
    [36m| [0m[34m|[0m /* 284.146 */                        fail("@AssertThrows: Expected 'api.ResolveException' was not caught.")[0m
    [36m| [0m[34m|[0m /* 284.147 */                    } catch(e: api.ResolveException) {[0m
    [36m| [0m[34m|[0m /* 284.148 */                        if(e is AssertException) {[0m
    [36m| [0m[34m|[0m /* 284.149 */                            throw e[0m
    [36m| [0m[34m|[0m /* 284.150 */                        }[0m
    [36m| [0m[34m|[0m /* 284.151 */                        if(e is AssertIntermediateException) {[0m
    [36m| [0m[34m|[0m /* 284.152 */                            throw e[0m
    [36m| [0m[34m|[0m /* 284.153 */                        }[0m
    [36m| [0m[34m|[0m /* 284.154 */                        if(e is UnittestTimeoutException) {[0m
    [36m| [0m[34m|[0m /* 284.155 */                            throw e[0m
    [36m| [0m[34m|[0m /* 284.156 */                        }[0m
    [36m| [0m[34m|[0m /* 284.157 */                        e[0m
    [36m| [0m[34m|[0m /* 284.158 */                    }[0m
    [36m| [0m[34m|[0m /* 284.159 */                } catch(e: Exception) {[0m
    [36m| [0m[34m|[0m /* 284.160 */                    if(e is AssertException || e is AssertIntermediateException || e is UnittestTimeoutException) {[0m
    [36m| [0m[34m|[0m /* 284.161 */                        throw e[0m
    [36m| [0m[34m|[0m /* 284.162 */                    }[0m
    [36m| [0m[34m|[0m /* 284.163 */                    assertCaughtUnexpectedE("@AssertThrows(api.ResolveException)", "api.ResolveException", e.toString())[0m
    [36m| [0m[34m|[0m /* 284.164 */                }[0m
    [36m| [0m[34m|[0m /* 284.165 */                [0m
    [36m| [0m[34m|[0m /* 284.166 */                let caller = serving.get(Duration.second)[0m
    [36m| [0m[34m|[0m /* 284.167 */                match(error.remoteEndpoint) {[0m
    [36m| [0m[34m|[0m /* 284.168 */                    case Some(api.NetworkEndpoint.Internet(remote)) => expectEqual("remote", "endpoint", remote, endpoint, isDelta: false)[0m
    [36m| [0m[34m|[0m /* 284.169 */                    case _ => fail("DNS transport error lost the selected nameserver")[0m
    [36m| [0m[34m|[0m /* 284.170 */                }[0m
    [36m| [0m[34m|[0m /* 284.171 */                if(! tcpFallback) {[0m
    [36m| [0m[34m|[0m /* 284.172 */                    expectEqual("dnsClientTestCodeIs(error.resolveCode, api.ResolveErrorCode.Timeout)", "true", dnsClientTestCodeIs(error.resolveCode, api.ResolveErrorCode.Timeout), true, isDelta: false)[0m
    [36m| [0m[34m|[0m /* 284.173 */                    match((error.localEndpoint, caller)) {[0m
    [36m| [0m[34m|[0m /* 284.174 */                        case(Some(api.NetworkEndpoint.Internet(local)), api.NetworkEndpoint.Internet(peer)) => expectEqual("local.port", "peer.port", local.port, peer.port, isDelta: false)[0m
    [36m| [0m[34m|[0m /* 284.175 */                        case _ => fail("DNS receive error lost its local socket")[0m
    [36m| [0m[34m|[0m /* 284.176 */                    }[0m
    [36m| [0m[34m|[0m /* 284.177 */                }[0m
    [36m| [0m[34m|[0m /* 284.178 */                else {[0m
    [36m| [0m[34m|[0m /* 284.179 */                    expectEqual("dnsClientTestCodeIs(error.resolveCode, api.ResolveErrorCode.TemporaryFailure)", "true", dnsClientTestCodeIs(error.resolveCode, api.ResolveErrorCode.TemporaryFailure), true, isDelta: false)[0m
    [36m| [0m[34m|[0m /* 284.180 */                }[0m
    [36m| [0m[34m|[0m /* 284.181 */                expectEqual("error.cause.isSome()", "true", error.cause.isSome(), true, isDelta: false)[0m
    [36m| [0m[34m|[0m /* 284.182 */            } finally {[0m
    [36m| [0m[34m|[0m /* 284.183 */                client.close()[0m
    [36m| [0m[34m|[0m /* 284.184 */                server.close()[0m
    [36m| [0m[34m|[0m /* 284.185 */            }[0m
    [36m| [0m[34m|[0m /* 284.186 */        }[0m
    [36m| [0m[34m|[0m /* 284.187 */    }[0m
    [36m| [0m[34m|[0m /* 284.188 */    [0m
    [36m| [0m[34m|[0m /* 284.189 */    @Attribute[TestCase_5][0m
    [36m| [0m[34m|[0m /* 284.190 */    func tcpResponseCannotRemainTruncated(): Unit {[0m
    [36m| [0m[34m|[0m /* 284.191 */        let udp = UdpSocket.bind(dnsClientTestLoopback(0))[0m
    [36m| [0m[34m|[0m /* 284.192 */        let endpoint = dnsClientTestEndpoint(udp)[0m
    [36m| [0m[34m|[0m /* 284.193 */        let tcp = TcpListener.bind(endpoint)[0m
    [36m| [0m[34m|[0m /* 284.194 */        let udpServing = spawn { let received = udp.receive(512, context: api.OperationContext(deadline: Some(api.Deadline.after(Duration.second))))[0m
    [36m| [0m[34m|[0m /* 284.195 */            let truncated = dnsClientTestHeader(received.payload, 0x8380u16).toArray()[0m
    [36m| [0m[34m|[0m /* 284.196 */            let _ = udp.sendTo(received.source.getOrThrow(), api.ByteSpan(truncated))[0m
    [36m| [0m[34m|[0m /* 284.197 */            true[0m
    [36m| [0m[34m|[0m /* 284.198 */        }[0m
    [36m| [0m[34m|[0m /* 284.199 */        let tcpServing = spawn { let stream = tcp.accept(context: api.OperationContext(deadline: Some(api.Deadline.after(Duration.second))))[0m
    [36m| [0m[34m|[0m /* 284.200 */            try {[0m
    [36m| [0m[34m|[0m /* 284.201 */                let lengthBytes = Array < Byte >(2, repeat: 0u8)[0m
    [36m| [0m[34m|[0m /* 284.202 */                stream.readExact(api.MutableByteSpan(lengthBytes), context: api.OperationContext.background())[0m
    [36m| [0m[34m|[0m /* 284.203 */                let length =(Int64(lengthBytes[0]) << 8) | Int64(lengthBytes[1])[0m
    [36m| [0m[34m|[0m /* 284.204 */                let query = Array < Byte >(length, repeat: 0u8)[0m
    [36m| [0m[34m|[0m /* 284.205 */                stream.readExact(api.MutableByteSpan(query), context: api.OperationContext.background())[0m
    [36m| [0m[34m|[0m /* 284.206 */                let stillTruncated = dnsClientTestHeader(query, 0x8380u16).toArray()[0m
    [36m| [0m[34m|[0m /* 284.207 */                stream.writeAll(api.ByteSpan(dnsClientTestTcpFrame(stillTruncated)), context: api.OperationContext.background())[0m
    [36m| [0m[34m|[0m /* 284.208 */                true[0m
    [36m| [0m[34m|[0m /* 284.209 */            } finally {[0m
    [36m| [0m[34m|[0m /* 284.210 */                stream.close()[0m
    [36m| [0m[34m|[0m /* 284.211 */            }[0m
    [36m| [0m[34m|[0m /* 284.212 */        }[0m
    [36m| [0m[34m|[0m /* 284.213 */        let client = DnsClient(config: dnsClientTestConfig(endpoint))[0m
    [36m| [0m[34m|[0m /* 284.214 */        try {[0m
    [36m| [0m[34m|[0m /* 284.215 */            let code = dnsClientTestResolveCode({ =>[0m
    [36m| [0m[34m|[0m /* 284.216 */                let _ = client.query("still-truncated.test", DnsRecordType.A)[0m
    [36m| [0m[34m|[0m /* 284.217 */            })[0m
    [36m| [0m[34m|[0m /* 284.218 */            expectEqual("dnsClientTestCodeIs(code, api.ResolveErrorCode.SystemFailure)", "true", dnsClientTestCodeIs(code, api.ResolveErrorCode.SystemFailure), true, isDelta: false)[0m
    [36m| [0m[34m|[0m /* 284.219 */            expectEqual("udpServing.get(Duration.second)", "true", udpServing.get(Duration.second), true, isDelta: false)[0m
    [36m| [0m[34m|[0m /* 284.220 */            expectEqual("tcpServing.get(Duration.second)", "true", tcpServing.get(Duration.second), true, isDelta: false)[0m
    [36m| [0m[34m|[0m /* 284.221 */        } finally {[0m
    [36m| [0m[34m|[0m /* 284.222 */            client.close()[0m
    [36m| [0m[34m|[0m /* 284.223 */            tcp.close()[0m
    [36m| [0m[34m|[0m /* 284.224 */            udp.close()[0m
    [36m| [0m[34m|[0m /* 284.225 */        }[0m
    [36m| [0m[34m|[0m /* 284.226 */    }[0m
    [36m| [0m[34m|[0m /* 284.227 */    [0m
    [36m| [0m[34m|[0m /* 284.228 */    @Attribute[TestCase_6][0m
    [36m| [0m[34m|[0m /* 284.229 */    func malformedMatchingResponseAndUnrelatedSectionsCannotPoisonCache(): Unit {[0m
    [36m| [0m[34m|[0m /* 284.230 */        let server = UdpSocket.bind(dnsClientTestLoopback(0))[0m
    [36m| [0m[34m|[0m /* 284.231 */        let endpoint = dnsClientTestEndpoint(server)[0m
    [36m| [0m[34m|[0m /* 284.232 */        let serving = spawn { let first = server.receive(512, context: api.OperationContext(deadline: Some(api.Deadline.after(Duration.second))))[0m
    [36m| [0m[34m|[0m /* 284.233 */            let malformed = dnsClientTestHeader(first.payload, 0x8180u16, answers: 1).toArray()[0m
    [36m| [0m[34m|[0m /* 284.234 */            let _ = server.sendTo(first.source.getOrThrow(), api.ByteSpan(malformed))[0m
    [36m| [0m[34m|[0m /* 284.235 */            let second = server.receive(512, context: api.OperationContext(deadline: Some(api.Deadline.after(Duration.second))))[0m
    [36m| [0m[34m|[0m /* 284.236 */            let _ = server.sendTo(second.source.getOrThrow(), api.ByteSpan(dnsClientTestPoisonedAdditional(second.payload)))[0m
    [36m| [0m[34m|[0m /* 284.237 */            let third = server.receive(512, context: api.OperationContext(deadline: Some(api.Deadline.after(Duration.second))))[0m
    [36m| [0m[34m|[0m /* 284.238 */            let _ = server.sendTo(third.source.getOrThrow(), api.ByteSpan(dnsClientTestAResponse(third.payload,[192u8, 0u8, 2u8, 33u8])))[0m
    [36m| [0m[34m|[0m /* 284.239 */            true[0m
    [36m| [0m[34m|[0m /* 284.240 */        }[0m
    [36m| [0m[34m|[0m /* 284.241 */        let client = DnsClient(config: dnsClientTestConfig(endpoint))[0m
    [36m| [0m[34m|[0m /* 284.242 */        let options = api.ResolveOptions(family: api.ResolveAddressFamily.Ipv4)[0m
    [36m| [0m[34m|[0m /* 284.243 */        try {[0m
    [36m| [0m[34m|[0m /* 284.244 */            let malformed = dnsClientTestResolveCode({ =>[0m
    [36m| [0m[34m|[0m /* 284.245 */                let _ = client.lookup(api.HostName("poison.test"), options: options)[0m
    [36m| [0m[34m|[0m /* 284.246 */            })[0m
    [36m| [0m[34m|[0m /* 284.247 */            expectEqual("dnsClientTestCodeIs(malformed, api.ResolveErrorCode.SystemFailure)", "true", dnsClientTestCodeIs(malformed, api.ResolveErrorCode.SystemFailure), true, isDelta: false)[0m
    [36m| [0m[34m|[0m /* 284.248 */            let noData = dnsClientTestResolveCode({ =>[0m
    [36m| [0m[34m|[0m /* 284.249 */                let _ = client.lookup(api.HostName("poison.test"), options: options)[0m
    [36m| [0m[34m|[0m /* 284.250 */            })[0m
    [36m| [0m[34m|[0m /* 284.251 */            expectEqual("dnsClientTestCodeIs(noData, api.ResolveErrorCode.NoData)", "true", dnsClientTestCodeIs(noData, api.ResolveErrorCode.NoData), true, isDelta: false)[0m
    [36m| [0m[34m|[0m /* 284.252 */            let valid = client.lookup(api.HostName("poison.test"), options: options)[0m
    [36m| [0m[34m|[0m /* 284.253 */            expectEqual("valid.addresses[0].toOctets()", "[192u8, 0u8, 2u8, 33u8]", valid.addresses[0].toOctets(),[192u8, 0u8, 2u8, 33u8], isDelta: false)[0m
    [36m| [0m[34m|[0m /* 284.254 */            expectEqual("serving.get(Duration.second)", "true", serving.get(Duration.second), true, isDelta: false)[0m
    [36m| [0m[34m|[0m /* 284.255 */        } finally {[0m
    [36m| [0m[34m|[0m /* 284.256 */            client.close()[0m
    [36m| [0m[34m|[0m /* 284.257 */            server.close()[0m
    [36m| [0m[34m|[0m /* 284.258 */        }[0m
    [36m| [0m[34m|[0m /* 284.259 */    }[0m
    [36m| [0m[34m|[0m /* 284.260 */    [0m
    [36m| [0m[34m|[0m /* 284.261 */    @Attribute[TestCase_7][0m
    [36m| [0m[34m|[0m /* 284.262 */    func cnameTraversalUsesAnswerOwnersAndRejectsConflictingTargets(): Unit {[0m
    [36m| [0m[34m|[0m /* 284.263 */        let server = UdpSocket.bind(dnsClientTestLoopback(0))[0m
    [36m| [0m[34m|[0m /* 284.264 */        let endpoint = dnsClientTestEndpoint(server)[0m
    [36m| [0m[34m|[0m /* 284.265 */        let serving: Future < Int64 >= spawn { let first = server.receive(512, context: api.OperationContext(deadline: Some(api.Deadline.after(Duration.second))))[0m
    [36m| [0m[34m|[0m /* 284.266 */            let _ = server.sendTo(first.source.getOrThrow(), api.ByteSpan(dnsClientTestCnameAddressResponse(first.payload, "target.test",[192u8, 0u8, 2u8, 61u8])))[0m
    [36m| [0m[34m|[0m /* 284.267 */            let second = server.receive(512, context: api.OperationContext(deadline: Some(api.Deadline.after(Duration.second))))[0m
    [36m| [0m[34m|[0m /* 284.268 */            let _ = server.sendTo(second.source.getOrThrow(), api.ByteSpan(dnsClientTestConflictingCnames(second.payload)))[0m
    [36m| [0m[34m|[0m /* 284.269 */            2[0m
    [36m| [0m[34m|[0m /* 284.270 */        }[0m
    [36m| [0m[34m|[0m /* 284.271 */        let client = DnsClient(config: dnsClientTestConfig(endpoint))[0m
    [36m| [0m[34m|[0m /* 284.272 */        let options = api.ResolveOptions(family: api.ResolveAddressFamily.Ipv4)[0m
    [36m| [0m[34m|[0m /* 284.273 */        try {[0m
    [36m| [0m[34m|[0m /* 284.274 */            let result = client.lookup(api.HostName("alias.test"), options: options)[0m
    [36m| [0m[34m|[0m /* 284.275 */            expectEqual("result.canonicalHost.ascii", "\"target.test\"", result.canonicalHost.ascii, "target.test", isDelta: false)[0m
    [36m| [0m[34m|[0m /* 284.276 */            expectEqual("result.addresses[0].toOctets()", "[192u8, 0u8, 2u8, 61u8]", result.addresses[0].toOctets(),[192u8, 0u8, 2u8, 61u8], isDelta: false)[0m
    [36m| [0m[34m|[0m /* 284.277 */            let conflict = dnsClientTestResolveCode({ =>[0m
    [36m| [0m[34m|[0m /* 284.278 */                let _ = client.lookup(api.HostName("conflict.test"), options: options)[0m
    [36m| [0m[34m|[0m /* 284.279 */            })[0m
    [36m| [0m[34m|[0m /* 284.280 */            expectEqual("dnsClientTestCodeIs(conflict, api.ResolveErrorCode.SystemFailure)", "true", dnsClientTestCodeIs(conflict, api.ResolveErrorCode.SystemFailure), true, isDelta: false)[0m
    [36m| [0m[34m|[0m /* 284.281 */            expectEqual("serving.get(Duration.second)", "2", serving.get(Duration.second), 2, isDelta: false)[0m
    [36m| [0m[34m|[0m /* 284.282 */        } finally {[0m
    [36m| [0m[34m|[0m /* 284.283 */            client.close()[0m
    [36m| [0m[34m|[0m /* 284.284 */            server.close()[0m
    [36m| [0m[34m|[0m /* 284.285 */        }[0m
    [36m| [0m[34m|[0m /* 284.286 */    }[0m
    [36m| [0m[34m|[0m /* 284.287 */    [0m
    [36m| [0m[34m|[0m /* 284.288 */    @Attribute[TestCase_8][0m
    [36m| [0m[34m|[0m /* 284.289 */    func rfc2308CacheRetainsNxdomainVersusNodataWithoutNewPackets(): Unit {[0m
    [36m| [0m[34m|[0m /* 284.290 */        let server = UdpSocket.bind(dnsClientTestLoopback(0))[0m
    [36m| [0m[34m|[0m /* 284.291 */        let endpoint = dnsClientTestEndpoint(server)[0m
    [36m| [0m[34m|[0m /* 284.292 */        let serving: Future < Int64 >= spawn { var served: Int64 = 0[0m
    [36m| [0m[34m|[0m /* 284.293 */            while(served < 2) {[0m
    [36m| [0m[34m|[0m /* 284.294 */                let received = server.receive(512, context: api.OperationContext(deadline: Some(api.Deadline.after(Duration.second))))[0m
    [36m| [0m[34m|[0m /* 284.295 */                let question = DnsMessageParser().parse(received.payload).questions[0][0m
    [36m| [0m[34m|[0m /* 284.296 */                let response = dnsClientTestNegative(received.payload, question.name == "missing.test")[0m
    [36m| [0m[34m|[0m /* 284.297 */                let _ = server.sendTo(received.source.getOrThrow(), api.ByteSpan(response))[0m
    [36m| [0m[34m|[0m /* 284.298 */                served ++[0m
    [36m| [0m[34m|[0m /* 284.299 */            }[0m
    [36m| [0m[34m|[0m /* 284.300 */            served[0m
    [36m| [0m[34m|[0m /* 284.301 */        }[0m
    [36m| [0m[34m|[0m /* 284.302 */        let client = DnsClient(config: dnsClientTestConfig(endpoint))[0m
    [36m| [0m[34m|[0m /* 284.303 */        let options = api.ResolveOptions(family: api.ResolveAddressFamily.Ipv4)[0m
    [36m| [0m[34m|[0m /* 284.304 */        try {[0m
    [36m| [0m[34m|[0m /* 284.305 */            for(_ in 0 .. 2) {[0m
    [36m| [0m[34m|[0m /* 284.306 */                let missing = dnsClientTestResolveCode({ =>[0m
    [36m| [0m[34m|[0m /* 284.307 */                    let _ = client.lookup(api.HostName("missing.test"), options: options)[0m
    [36m| [0m[34m|[0m /* 284.308 */                })[0m
    [36m| [0m[34m|[0m /* 284.309 */                expectEqual("dnsClientTestCodeIs(missing, api.ResolveErrorCode.NameNotFound)", "true", dnsClientTestCodeIs(missing, api.ResolveErrorCode.NameNotFound), true, isDelta: false)[0m
    [36m| [0m[34m|[0m /* 284.310 */                let empty = dnsClientTestResolveCode({ =>[0m
    [36m| [0m[34m|[0m /* 284.311 */                    let _ = client.lookup(api.HostName("empty.test"), options: options)[0m
    [36m| [0m[34m|[0m /* 284.312 */                })[0m
    [36m| [0m[34m|[0m /* 284.313 */                expectEqual("dnsClientTestCodeIs(empty, api.ResolveErrorCode.NoData)", "true", dnsClientTestCodeIs(empty, api.ResolveErrorCode.NoData), true, isDelta: false)[0m
    [36m| [0m[34m|[0m /* 284.314 */            }[0m
    [36m| [0m[34m|[0m /* 284.315 */            expectEqual("serving.get(Duration.second)", "2", serving.get(Duration.second), 2, isDelta: false)[0m
    [36m| [0m[34m|[0m /* 284.316 */        } finally {[0m
    [36m| [0m[34m|[0m /* 284.317 */            client.close()[0m
    [36m| [0m[34m|[0m /* 284.318 */            server.close()[0m
    [36m| [0m[34m|[0m /* 284.319 */        }[0m
    [36m| [0m[34m|[0m /* 284.320 */    }[0m
    [36m| [0m[34m|[0m /* 284.321 */    [0m
    [36m| [0m[34m|[0m /* 284.322 */    @Attribute[TestCase_9][0m
    [36m| [0m[34m|[0m /* 284.323 */    func zeroTtlNeverCreatesAPositiveCacheEntry(): Unit {[0m
    [36m| [0m[34m|[0m /* 284.324 */        let server = UdpSocket.bind(dnsClientTestLoopback(0))[0m
    [36m| [0m[34m|[0m /* 284.325 */        let endpoint = dnsClientTestEndpoint(server)[0m
    [36m| [0m[34m|[0m /* 284.326 */        let serving: Future < Int64 >= spawn { var served: Int64 = 0[0m
    [36m| [0m[34m|[0m /* 284.327 */            while(served < 2) {[0m
    [36m| [0m[34m|[0m /* 284.328 */                let received = server.receive(512, context: api.OperationContext(deadline: Some(api.Deadline.after(Duration.second))))[0m
    [36m| [0m[34m|[0m /* 284.329 */                let response = dnsClientTestAResponse(received.payload,[192u8, 0u8, 2u8, UInt8(UInt64(served + 1))], ttl: 0u32)[0m
    [36m| [0m[34m|[0m /* 284.330 */                let _ = server.sendTo(received.source.getOrThrow(), api.ByteSpan(response))[0m
    [36m| [0m[34m|[0m /* 284.331 */                served ++[0m
    [36m| [0m[34m|[0m /* 284.332 */            }[0m
    [36m| [0m[34m|[0m /* 284.333 */            served[0m
    [36m| [0m[34m|[0m /* 284.334 */        }[0m
    [36m| [0m[34m|[0m /* 284.335 */        let client = DnsClient(config: dnsClientTestConfig(endpoint))[0m
    [36m| [0m[34m|[0m /* 284.336 */        let options = api.ResolveOptions(family: api.ResolveAddressFamily.Ipv4)[0m
    [36m| [0m[34m|[0m /* 284.337 */        try {[0m
    [36m| [0m[34m|[0m /* 284.338 */            let first = client.lookup(api.HostName("zero.test"), options: options)[0m
    [36m| [0m[34m|[0m /* 284.339 */            let second = client.lookup(api.HostName("zero.test"), options: options)[0m
    [36m| [0m[34m|[0m /* 284.340 */            expectEqual("first.addresses[0].toOctets()", "[192u8, 0u8, 2u8, 1u8]", first.addresses[0].toOctets(),[192u8, 0u8, 2u8, 1u8], isDelta: false)[0m
    [36m| [0m[34m|[0m /* 284.341 */            expectEqual("second.addresses[0].toOctets()", "[192u8, 0u8, 2u8, 2u8]", second.addresses[0].toOctets(),[192u8, 0u8, 2u8, 2u8], isDelta: false)[0m
    [36m| [0m[34m|[0m /* 284.342 */            expectEqual("serving.get(Duration.second)", "2", serving.get(Duration.second), 2, isDelta: false)[0m
    [36m| [0m[34m|[0m /* 284.343 */        } finally {[0m
    [36m| [0m[34m|[0m /* 284.344 */            client.close()[0m
    [36m| [0m[34m|[0m /* 284.345 */            server.close()[0m
    [36m| [0m[34m|[0m /* 284.346 */        }[0m
    [36m| [0m[34m|[0m /* 284.347 */    }[0m
    [36m| [0m[34m|[0m /* 284.348 */    [0m
    [36m| [0m[34m|[0m /* 284.349 */    @Attribute[TestCase_10][0m
    [36m| [0m[34m|[0m /* 284.350 */    func callerCancellationAndClientCloseWakeActiveNativeReceive(): Unit {[0m
    [36m| [0m[34m|[0m /* 284.351 */        let server = UdpSocket.bind(dnsClientTestLoopback(0))[0m
    [36m| [0m[34m|[0m /* 284.352 */        let endpoint = dnsClientTestEndpoint(server)[0m
    [36m| [0m[34m|[0m /* 284.353 */        let firstGate = DnsClientTestGate()[0m
    [36m| [0m[34m|[0m /* 284.354 */        let firstServer = spawn { let _ = server.receive(512, context: api.OperationContext(deadline: Some(api.Deadline.after(Duration.second))))[0m
    [36m| [0m[34m|[0m /* 284.355 */            firstGate.arriveAndWait()[0m
    [36m| [0m[34m|[0m /* 284.356 */        }[0m
    [36m| [0m[34m|[0m /* 284.357 */        let cancellation = api.CancellationSource()[0m
    [36m| [0m[34m|[0m /* 284.358 */        let firstClient = DnsClient(config: dnsClientTestConfig(endpoint))[0m
    [36m| [0m[34m|[0m /* 284.359 */        let cancelled = spawn { dnsClientTestResolveCode({ =>[0m
    [36m| [0m[34m|[0m /* 284.360 */            let _ = firstClient.query("cancel.test", DnsRecordType.A, context: api.OperationContext(cancellation: cancellation.token))[0m
    [36m| [0m[34m|[0m /* 284.361 */        })[0m
    [36m| [0m[34m|[0m /* 284.362 */    }[0m
    [36m| [0m[34m|[0m /* 284.363 */    firstGate.waitForArrival()[0m
    [36m| [0m[34m|[0m /* 284.364 */    cancellation.cancel()[0m
    [36m| [0m[34m|[0m /* 284.365 */    expectEqual("dnsClientTestCodeIs(cancelled.get(Duration.second), api.ResolveErrorCode.Cancelled)", "true", dnsClientTestCodeIs(cancelled.get(Duration.second), api.ResolveErrorCode.Cancelled), true, isDelta: false)[0m
    [36m| [0m[34m|[0m /* 284.366 */    firstGate.release()[0m
    [36m| [0m[34m|[0m /* 284.367 */    firstServer.get(Duration.second)[0m
    [36m| [0m[34m|[0m /* 284.368 */    firstClient.close()[0m
    [36m| [0m[34m|[0m /* 284.369 */    let secondGate = DnsClientTestGate()[0m
    [36m| [0m[34m|[0m /* 284.370 */    let secondServer = spawn { let _ = server.receive(512, context: api.OperationContext(deadline: Some(api.Deadline.after(Duration.second))))[0m
    [36m| [0m[34m|[0m /* 284.371 */        secondGate.arriveAndWait()[0m
    [36m| [0m[34m|[0m /* 284.372 */    }[0m
    [36m| [0m[34m|[0m /* 284.373 */    let secondClient = DnsClient(config: dnsClientTestConfig(endpoint))[0m
    [36m| [0m[34m|[0m /* 284.374 */    let closed = spawn { dnsClientTestResolveCode({ =>[0m
    [36m| [0m[34m|[0m /* 284.375 */        let _ = secondClient.query("close.test", DnsRecordType.A)[0m
    [36m| [0m[34m|[0m /* 284.376 */    })[0m
    [36m| [0m[34m|[0m /* 284.377 */}[0m
    [36m| [0m[34m|[0m /* 284.378 */secondGate.waitForArrival()[0m
    [36m| [0m[34m|[0m /* 284.379 */secondClient.close()[0m
    [36m| [0m[34m|[0m /* 284.380 */expectEqual("dnsClientTestCodeIs(closed.get(Duration.second), api.ResolveErrorCode.Cancelled)", "true", dnsClientTestCodeIs(closed.get(Duration.second), api.ResolveErrorCode.Cancelled), true, isDelta: false)[0m
    [36m| [0m[34m|[0m /* 284.381 */expectEqual("secondClient.isClosed()", "true", secondClient.isClosed(), true, isDelta: false)[0m
    [36m| [0m[34m|[0m /* 284.382 */let afterClose = dnsClientTestResolveCode({ =>[0m
    [36m| [0m[34m|[0m /* 284.383 */    let _ = secondClient.query("after-close.test", DnsRecordType.A)[0m
    [36m| [0m[34m|[0m /* 284.384 */})[0m
    [36m| [0m[34m|[0m /* 284.385 */expectEqual("dnsClientTestCodeIs(afterClose, api.ResolveErrorCode.SystemFailure)", "true", dnsClientTestCodeIs(afterClose, api.ResolveErrorCode.SystemFailure), true, isDelta: false)[0m
    [36m| [0m[34m|[0m /* 284.386 */secondGate.release()[0m
    [36m| [0m[34m|[0m /* 284.387 */secondServer.get(Duration.second)[0m
    [36m| [0m[34m|[0m /* 284.388 */server.close()[0m
    [36m| [0m[34m|[0m /* 284.389 */}[0m
    [36m| [0m[34m|[0m /* 284.390 */[0m
    [36m| [0m[34m|[0m /* 284.391 */@Attribute[TestCase_11][0m
    [36m| [0m[34m|[0m /* 284.392 */func anyFamilyRetainsAddressesWhenTheOtherFamilyFails(): Unit {[0m
    [36m| [0m[34m|[0m /* 284.393 */for((failingType, flags) in[(1, 0x8182u16),(28, 0x8181u16)]) {[0m
    [36m| [0m[34m|[0m /* 284.394 */    let server = UdpSocket.bind(dnsClientTestLoopback(0))[0m
    [36m| [0m[34m|[0m /* 284.395 */    let endpoint = dnsClientTestEndpoint(server)[0m
    [36m| [0m[34m|[0m /* 284.396 */    let serving = spawn { for(_ in 0 .. 2) {[0m
    [36m| [0m[34m|[0m /* 284.397 */        let received = server.receive(512, context: api.OperationContext(deadline: Some(api.Deadline.after(Duration.second))))[0m
    [36m| [0m[34m|[0m /* 284.398 */        let query = received.payload[0m
    [36m| [0m[34m|[0m /* 284.399 */        let kind = Int64(query[query.size - 3])[0m
    [36m| [0m[34m|[0m /* 284.400 */        let response = if(kind == failingType) {[0m
    [36m| [0m[34m|[0m /* 284.401 */            dnsClientTestHeader(query, flags).toArray()[0m
    [36m| [0m[34m|[0m /* 284.402 */        }[0m
    [36m| [0m[34m|[0m /* 284.403 */        else {[0m
    [36m| [0m[34m|[0m /* 284.404 */            let output = dnsClientTestHeader(query, 0x8180u16, answers: 1)[0m
    [36m| [0m[34m|[0m /* 284.405 */            dnsClientTestAppendU16(output, 0xC00C)[0m
    [36m| [0m[34m|[0m /* 284.406 */            dnsClientTestAppendU16(output, kind)[0m
    [36m| [0m[34m|[0m /* 284.407 */            dnsClientTestAppendU16(output, 1)[0m
    [36m| [0m[34m|[0m /* 284.408 */            dnsClientTestAppendU32(output, 30u32)[0m
    [36m| [0m[34m|[0m /* 284.409 */            let bytes = if(kind == 1) {[0m
    [36m| [0m[34m|[0m /* 284.410 */                [192u8, 0u8, 2u8, 44u8][0m
    [36m| [0m[34m|[0m /* 284.411 */            }[0m
    [36m| [0m[34m|[0m /* 284.412 */            else {[0m
    [36m| [0m[34m|[0m /* 284.413 */                Array < Byte >(16, repeat: 1u8)[0m
    [36m| [0m[34m|[0m /* 284.414 */            }[0m
    [36m| [0m[34m|[0m /* 284.415 */            [0m
    [36m| [0m[34m|[0m /* 284.416 */            dnsClientTestAppendU16(output, bytes.size)[0m
    [36m| [0m[34m|[0m /* 284.417 */            for(value in bytes) {[0m
    [36m| [0m[34m|[0m /* 284.418 */                output.add(value)[0m
    [36m| [0m[34m|[0m /* 284.419 */            }[0m
    [36m| [0m[34m|[0m /* 284.420 */            output.toArray()[0m
    [36m| [0m[34m|[0m /* 284.421 */        }[0m
    [36m| [0m[34m|[0m /* 284.422 */        [0m
    [36m| [0m[34m|[0m /* 284.423 */        let _ = server.sendTo(received.source.getOrThrow(), api.ByteSpan(response))[0m
    [36m| [0m[34m|[0m /* 284.424 */    }[0m
    [36m| [0m[34m|[0m /* 284.425 */    true[0m
    [36m| [0m[34m|[0m /* 284.426 */}[0m
    [36m| [0m[34m|[0m /* 284.427 */let client = DnsClient(config: dnsClientTestConfig(endpoint))[0m
    [36m| [0m[34m|[0m /* 284.428 */try {[0m
    [36m| [0m[34m|[0m /* 284.429 */    let result = client.lookup(api.HostName("family.test"))[0m
    [36m| [0m[34m|[0m /* 284.430 */    assertEqual("result.addresses.size", "1", result.addresses.size, 1, isDelta: false)[0m
    [36m| [0m[34m|[0m /* 284.431 */    expectEqual("result.addresses[0].toOctets()", "if(failingType == 1) {\n    Array < Byte >(16, repeat: 1u8)\n}\nelse {\n    [192u8, 0u8, 2u8, 44u8]\n}\n", result.addresses[0].toOctets(), if(failingType == 1) {[0m
    [36m| [0m[34m|[0m /* 284.432 */        Array < Byte >(16, repeat: 1u8)[0m
    [36m| [0m[34m|[0m /* 284.433 */    }[0m
    [36m| [0m[34m|[0m /* 284.434 */    else {[0m
    [36m| [0m[34m|[0m /* 284.435 */        [192u8, 0u8, 2u8, 44u8][0m
    [36m| [0m[34m|[0m /* 284.436 */    }[0m
    [36m| [0m[34m|[0m /* 284.437 */    , isDelta: false)[0m
    [36m| [0m[34m|[0m /* 284.438 */    expectEqual("serving.get(Duration.second)", "true", serving.get(Duration.second), true, isDelta: false)[0m
    [36m| [0m[34m|[0m /* 284.439 */} finally {[0m
    [36m| [0m[34m|[0m /* 284.440 */    client.close()[0m
    [36m| [0m[34m|[0m /* 284.441 */    server.close()[0m
    [36m| [0m[34m|[0m /* 284.442 */}[0m
    [36m| [0m[34m|[0m /* 284.443 */}[0m
    [36m| [0m[34m|[0m /* 284.444 */}[0m
    [36m| [0m[34m|[0m /* 284.445 */[0m
    [36m| [0m[34m|[0m /* 284.446 */@Attribute[TestCase_12][0m
    [36m| [0m[34m|[0m /* 284.447 */func boundedAdmissionRejectsExcessAndCloseWakesQueuedCallers(): Unit {[0m
    [36m| [0m[34m|[0m /* 284.448 */let server = UdpSocket.bind(dnsClientTestLoopback(0))[0m
    [36m| [0m[34m|[0m /* 284.449 */let endpoint = dnsClientTestEndpoint(server)[0m
    [36m| [0m[34m|[0m /* 284.450 */let activeGate = DnsClientTestGate()[0m
    [36m| [0m[34m|[0m /* 284.451 */let serverTask = spawn { let _ = server.receive(512, context: api.OperationContext(deadline: Some(api.Deadline.after(Duration.second))))[0m
    [36m| [0m[34m|[0m /* 284.452 */activeGate.arriveAndWait()[0m
    [36m| [0m[34m|[0m /* 284.453 */}[0m
    [36m| [0m[34m|[0m /* 284.454 */let client = DnsClient(config: dnsClientTestConfig(endpoint), workerCount: 1, queueCapacity: 1)[0m
    [36m| [0m[34m|[0m /* 284.455 */let activeQuery = spawn { dnsClientTestResolveCode({ =>[0m
    [36m| [0m[34m|[0m /* 284.456 */let _ = client.query("active.test", DnsRecordType.A)[0m
    [36m| [0m[34m|[0m /* 284.457 */})[0m
    [36m| [0m[34m|[0m /* 284.458 */}[0m
    [36m| [0m[34m|[0m /* 284.459 */activeGate.waitForArrival()[0m
    [36m| [0m[34m|[0m /* 284.460 */let simultaneous = SyncCounter(4)[0m
    [36m| [0m[34m|[0m /* 284.461 */let completed = DnsClientTestCompletion()[0m
    [36m| [0m[34m|[0m /* 284.462 */let contenders = ArrayList < Future < api.ResolveErrorCode >>()[0m
    [36m| [0m[34m|[0m /* 284.463 */for(index in 0 .. 4) {[0m
    [36m| [0m[34m|[0m /* 284.464 */contenders.add(spawn { simultaneous.dec()[0m
    [36m| [0m[34m|[0m /* 284.465 */simultaneous.waitUntilZero()[0m
    [36m| [0m[34m|[0m /* 284.466 */let code = dnsClientTestResolveCode({ =>[0m
    [36m| [0m[34m|[0m /* 284.467 */    let _ = client.query("queued-${index}.test", DnsRecordType.A, context: api.OperationContext(deadline: Some(api.Deadline.after(Duration.second))))[0m
    [36m| [0m[34m|[0m /* 284.468 */})[0m
    [36m| [0m[34m|[0m /* 284.469 */completed.finish()[0m
    [36m| [0m[34m|[0m /* 284.470 */code[0m
    [36m| [0m[34m|[0m /* 284.471 */})[0m
    [36m| [0m[34m|[0m /* 284.472 */}[0m
    [36m| [0m[34m|[0m /* 284.473 */simultaneous.waitUntilZero()[0m
    [36m| [0m[34m|[0m /* 284.474 */completed.waitFor(3)[0m
    [36m| [0m[34m|[0m /* 284.475 */let closing = spawn { client.close()[0m
    [36m| [0m[34m|[0m /* 284.476 */true[0m
    [36m| [0m[34m|[0m /* 284.477 */}[0m
    [36m| [0m[34m|[0m /* 284.478 */expectEqual("closing.get(Duration.second)", "true", closing.get(Duration.second), true, isDelta: false)[0m
    [36m| [0m[34m|[0m /* 284.479 */expectEqual("dnsClientTestCodeIs(activeQuery.get(Duration.second), api.ResolveErrorCode.Cancelled)", "true", dnsClientTestCodeIs(activeQuery.get(Duration.second), api.ResolveErrorCode.Cancelled), true, isDelta: false)[0m
    [36m| [0m[34m|[0m /* 284.480 */var temporaryFailures: Int64 = 0[0m
    [36m| [0m[34m|[0m /* 284.481 */var cancellations: Int64 = 0[0m
    [36m| [0m[34m|[0m /* 284.482 */for(contender in contenders) {[0m
    [36m| [0m[34m|[0m /* 284.483 */let code = contender.get(Duration.second)[0m
    [36m| [0m[34m|[0m /* 284.484 */match(code) {[0m
    [36m| [0m[34m|[0m /* 284.485 */case api.ResolveErrorCode.TemporaryFailure => temporaryFailures ++[0m
    [36m| [0m[34m|[0m /* 284.486 */case api.ResolveErrorCode.Cancelled => cancellations ++[0m
    [36m| [0m[34m|[0m /* 284.487 */case api.ResolveErrorCode.SystemFailure =>()[0m
    [36m| [0m[34m|[0m /* 284.488 */case _ => fail("bounded contender returned an unexpected resolver error")[0m
    [36m| [0m[34m|[0m /* 284.489 */}[0m
    [36m| [0m[34m|[0m /* 284.490 */}[0m
    [36m| [0m[34m|[0m /* 284.491 */activeGate.release()[0m
    [36m| [0m[34m|[0m /* 284.492 */serverTask.get(Duration.second)[0m
    [36m| [0m[34m|[0m /* 284.493 */server.close()[0m
    [36m| [0m[34m|[0m /* 284.494 */expectEqual("temporaryFailures", "3", temporaryFailures, 3, isDelta: false)[0m
    [36m| [0m[34m|[0m /* 284.495 */expectEqual("cancellations", "1", cancellations, 1, isDelta: false)[0m
    [36m| [0m[34m|[0m /* 284.496 */}[0m
    [36m| [0m[34m|[0m /* 284.497 */[0m
    [36m| [0m[34m|[0m /* 284.498 */init() {[0m
    [36m| [0m[34m|[0m /* 284.499 */}[0m
    [36m| [0m[34m|[0m /* 284.500 */private func classConfiguration(): Configuration {[0m
    [36m| [0m[34m|[0m /* 284.501 */let configuration = Configuration()[0m
    [36m| [0m[34m|[0m /* 284.502 */[0m
    [36m| [0m[34m|[0m /* 284.503 */return configuration[0m
    [36m| [0m[34m|[0m /* 284.504 */}[0m
    [36m| [0m[34m|[0m /* 284.505 */public override func asTestSuite(): TestSuite {[0m
    [36m| [0m[34m|[0m /* 284.506 */[0m
    [36m| [0m[34m|[0m /* 284.507 */let suiteConfiguration = classConfiguration()[0m
    [36m| [0m[34m|[0m /* 284.508 */let suiteBuilder = TestSuite.builder("DnsClientWireTest").configure(suiteConfiguration)[0m
    [36m| [0m[34m|[0m /* 284.509 */[0m
    [36m| [0m[34m|[0m /* 284.510 */{ => let caseConfig = Configuration()[0m
    [36m| [0m[34m|[0m /* 284.511 */[0m
    [36m| [0m[34m|[0m /* 284.512 */let publicQueryAndLookupUseRealUdpAndRetainAbsoluteCacheExpiryTestFunc = { => publicQueryAndLookupUseRealUdpAndRetainAbsoluteCacheExpiry();() }[0m
    [36m| [0m[34m|[0m /* 284.513 */suiteBuilder.add([0m
    [36m| [0m[34m|[0m /* 284.514 */UnitTestCase.create([0m
    [36m| [0m[34m|[0m /* 284.515 */"publicQueryAndLookupUseRealUdpAndRetainAbsoluteCacheExpiry",[0m
    [36m| [0m[34m|[0m /* 284.516 */configuration: caseConfig,[0m
    [36m| [0m[34m|[0m /* 284.517 */body: publicQueryAndLookupUseRealUdpAndRetainAbsoluteCacheExpiryTestFunc[0m
    [36m| [0m[34m|[0m /* 284.518 */)[0m
    [36m| [0m[34m|[0m /* 284.519 */)[0m
    [36m| [0m[34m|[0m /* 284.520 */[0m
    [36m| [0m[34m|[0m /* 284.521 */}()[0m
    [36m| [0m[34m|[0m /* 284.522 */[0m
    [36m| [0m[34m|[0m /* 284.523 */[0m
    [36m| [0m[34m|[0m /* 284.524 */{ => let caseConfig = Configuration()[0m
    [36m| [0m[34m|[0m /* 284.525 */[0m
    [36m| [0m[34m|[0m /* 284.526 */let publicQueryEncodesEveryModeledRecordTypeTestFunc = { => publicQueryEncodesEveryModeledRecordType();() }[0m
    [36m| [0m[34m|[0m /* 284.527 */suiteBuilder.add([0m
    [36m| [0m[34m|[0m /* 284.528 */UnitTestCase.create([0m
    [36m| [0m[34m|[0m /* 284.529 */"publicQueryEncodesEveryModeledRecordType",[0m
    [36m| [0m[34m|[0m /* 284.530 */configuration: caseConfig,[0m
    [36m| [0m[34m|[0m /* 284.531 */body: publicQueryEncodesEveryModeledRecordTypeTestFunc[0m
    [36m| [0m[34m|[0m /* 284.532 */)[0m
    [36m| [0m[34m|[0m /* 284.533 */)[0m
    [36m| [0m[34m|[0m /* 284.534 */[0m
    [36m| [0m[34m|[0m /* 284.535 */}()[0m
    [36m| [0m[34m|[0m /* 284.536 */[0m
    [36m| [0m[34m|[0m /* 284.537 */[0m
    [36m| [0m[34m|[0m /* 284.538 */{ => let caseConfig = Configuration()[0m
    [36m| [0m[34m|[0m /* 284.539 */[0m
    [36m| [0m[34m|[0m /* 284.540 */let wrongSourceIdAndQuestionAreIgnoredBeforeValidUdpResponseTestFunc = { => wrongSourceIdAndQuestionAreIgnoredBeforeValidUdpResponse();() }[0m
    [36m| [0m[34m|[0m /* 284.541 */suiteBuilder.add([0m
    [36m| [0m[34m|[0m /* 284.542 */UnitTestCase.create([0m
    [36m| [0m[34m|[0m /* 284.543 */"wrongSourceIdAndQuestionAreIgnoredBeforeValidUdpResponse",[0m
    [36m| [0m[34m|[0m /* 284.544 */configuration: caseConfig,[0m
    [36m| [0m[34m|[0m /* 284.545 */body: wrongSourceIdAndQuestionAreIgnoredBeforeValidUdpResponseTestFunc[0m
    [36m| [0m[34m|[0m /* 284.546 */)[0m
    [36m| [0m[34m|[0m /* 284.547 */)[0m
    [36m| [0m[34m|[0m /* 284.548 */[0m
    [36m| [0m[34m|[0m /* 284.549 */}()[0m
    [36m| [0m[34m|[0m /* 284.550 */[0m
    [36m| [0m[34m|[0m /* 284.551 */[0m
    [36m| [0m[34m|[0m /* 284.552 */{ => let caseConfig = Configuration()[0m
    [36m| [0m[34m|[0m /* 284.553 */[0m
    [36m| [0m[34m|[0m /* 284.554 */let validatedTruncationFallsBackToExactTcpFrameTestFunc = { => validatedTruncationFallsBackToExactTcpFrame();() }[0m
    [36m| [0m[34m|[0m /* 284.555 */suiteBuilder.add([0m
    [36m| [0m[34m|[0m /* 284.556 */UnitTestCase.create([0m
    [36m| [0m[34m|[0m /* 284.557 */"validatedTruncationFallsBackToExactTcpFrame",[0m
    [36m| [0m[34m|[0m /* 284.558 */configuration: caseConfig,[0m
    [36m| [0m[34m|[0m /* 284.559 */body: validatedTruncationFallsBackToExactTcpFrameTestFunc[0m
    [36m| [0m[34m|[0m /* 284.560 */)[0m
    [36m| [0m[34m|[0m /* 284.561 */)[0m
    [36m| [0m[34m|[0m /* 284.562 */[0m
    [36m| [0m[34m|[0m /* 284.563 */}()[0m
    [36m| [0m[34m|[0m /* 284.564 */[0m
    [36m| [0m[34m|[0m /* 284.565 */[0m
    [36m| [0m[34m|[0m /* 284.566 */{ => let caseConfig = Configuration()[0m
    [36m| [0m[34m|[0m /* 284.567 */[0m
    [36m| [0m[34m|[0m /* 284.568 */let dnsTransportFailuresRetainSelectedNameserverTestFunc = { => dnsTransportFailuresRetainSelectedNameserver();() }[0m
    [36m| [0m[34m|[0m /* 284.569 */suiteBuilder.add([0m
    [36m| [0m[34m|[0m /* 284.570 */UnitTestCase.create([0m
    [36m| [0m[34m|[0m /* 284.571 */"dnsTransportFailuresRetainSelectedNameserver",[0m
    [36m| [0m[34m|[0m /* 284.572 */configuration: caseConfig,[0m
    [36m| [0m[34m|[0m /* 284.573 */body: dnsTransportFailuresRetainSelectedNameserverTestFunc[0m
    [36m| [0m[34m|[0m /* 284.574 */)[0m
    [36m| [0m[34m|[0m /* 284.575 */)[0m
    [36m| [0m[34m|[0m /* 284.576 */[0m
    [36m| [0m[34m|[0m /* 284.577 */}()[0m
    [36m| [0m[34m|[0m /* 284.578 */[0m
    [36m| [0m[34m|[0m /* 284.579 */[0m
    [36m| [0m[34m|[0m /* 284.580 */{ => let caseConfig = Configuration()[0m
    [36m| [0m[34m|[0m /* 284.581 */[0m
    [36m| [0m[34m|[0m /* 284.582 */let tcpResponseCannotRemainTruncatedTestFunc = { => tcpResponseCannotRemainTruncated();() }[0m
    [36m| [0m[34m|[0m /* 284.583 */suiteBuilder.add([0m
    [36m| [0m[34m|[0m /* 284.584 */UnitTestCase.create([0m
    [36m| [0m[34m|[0m /* 284.585 */"tcpResponseCannotRemainTruncated",[0m
    [36m| [0m[34m|[0m /* 284.586 */configuration: caseConfig,[0m
    [36m| [0m[34m|[0m /* 284.587 */body: tcpResponseCannotRemainTruncatedTestFunc[0m
    [36m| [0m[34m|[0m /* 284.588 */)[0m
    [36m| [0m[34m|[0m /* 284.589 */)[0m
    [36m| [0m[34m|[0m /* 284.590 */[0m
    [36m| [0m[34m|[0m /* 284.591 */}()[0m
    [36m| [0m[34m|[0m /* 284.592 */[0m
    [36m| [0m[34m|[0m /* 284.593 */[0m
    [36m| [0m[34m|[0m /* 284.594 */{ => let caseConfig = Configuration()[0m
    [36m| [0m[34m|[0m /* 284.595 */[0m
    [36m| [0m[34m|[0m /* 284.596 */let malformedMatchingResponseAndUnrelatedSectionsCannotPoisonCacheTestFunc = { => malformedMatchingResponseAndUnrelatedSectionsCannotPoisonCache();() }[0m
    [36m| [0m[34m|[0m /* 284.597 */suiteBuilder.add([0m
    [36m| [0m[34m|[0m /* 284.598 */UnitTestCase.create([0m
    [36m| [0m[34m|[0m /* 284.599 */"malformedMatchingResponseAndUnrelatedSectionsCannotPoisonCache",[0m
    [36m| [0m[34m|[0m /* 284.600 */configuration: caseConfig,[0m
    [36m| [0m[34m|[0m /* 284.601 */body: malformedMatchingResponseAndUnrelatedSectionsCannotPoisonCacheTestFunc[0m
    [36m| [0m[34m|[0m /* 284.602 */)[0m
    [36m| [0m[34m|[0m /* 284.603 */)[0m
    [36m| [0m[34m|[0m /* 284.604 */[0m
    [36m| [0m[34m|[0m /* 284.605 */}()[0m
    [36m| [0m[34m|[0m /* 284.606 */[0m
    [36m| [0m[34m|[0m /* 284.607 */[0m
    [36m| [0m[34m|[0m /* 284.608 */{ => let caseConfig = Configuration()[0m
    [36m| [0m[34m|[0m /* 284.609 */[0m
    [36m| [0m[34m|[0m /* 284.610 */let cnameTraversalUsesAnswerOwnersAndRejectsConflictingTargetsTestFunc = { => cnameTraversalUsesAnswerOwnersAndRejectsConflictingTargets();() }[0m
    [36m| [0m[34m|[0m /* 284.611 */suiteBuilder.add([0m
    [36m| [0m[34m|[0m /* 284.612 */UnitTestCase.create([0m
    [36m| [0m[34m|[0m /* 284.613 */"cnameTraversalUsesAnswerOwnersAndRejectsConflictingTargets",[0m
    [36m| [0m[34m|[0m /* 284.614 */configuration: caseConfig,[0m
    [36m| [0m[34m|[0m /* 284.615 */body: cnameTraversalUsesAnswerOwnersAndRejectsConflictingTargetsTestFunc[0m
    [36m| [0m[34m|[0m /* 284.616 */)[0m
    [36m| [0m[34m|[0m /* 284.617 */)[0m
    [36m| [0m[34m|[0m /* 284.618 */[0m
    [36m| [0m[34m|[0m /* 284.619 */}()[0m
    [36m| [0m[34m|[0m /* 284.620 */[0m
    [36m| [0m[34m|[0m /* 284.621 */[0m
    [36m| [0m[34m|[0m /* 284.622 */{ => let caseConfig = Configuration()[0m
    [36m| [0m[34m|[0m /* 284.623 */[0m
    [36m| [0m[34m|[0m /* 284.624 */let rfc2308CacheRetainsNxdomainVersusNodataWithoutNewPacketsTestFunc = { => rfc2308CacheRetainsNxdomainVersusNodataWithoutNewPackets();() }[0m
    [36m| [0m[34m|[0m /* 284.625 */suiteBuilder.add([0m
    [36m| [0m[34m|[0m /* 284.626 */UnitTestCase.create([0m
    [36m| [0m[34m|[0m /* 284.627 */"rfc2308CacheRetainsNxdomainVersusNodataWithoutNewPackets",[0m
    [36m| [0m[34m|[0m /* 284.628 */configuration: caseConfig,[0m
    [36m| [0m[34m|[0m /* 284.629 */body: rfc2308CacheRetainsNxdomainVersusNodataWithoutNewPacketsTestFunc[0m
    [36m| [0m[34m|[0m /* 284.630 */)[0m
    [36m| [0m[34m|[0m /* 284.631 */)[0m
    [36m| [0m[34m|[0m /* 284.632 */[0m
    [36m| [0m[34m|[0m /* 284.633 */}()[0m
    [36m| [0m[34m|[0m /* 284.634 */[0m
    [36m| [0m[34m|[0m /* 284.635 */[0m
    [36m| [0m[34m|[0m /* 284.636 */{ => let caseConfig = Configuration()[0m
    [36m| [0m[34m|[0m /* 284.637 */[0m
    [36m| [0m[34m|[0m /* 284.638 */let zeroTtlNeverCreatesAPositiveCacheEntryTestFunc = { => zeroTtlNeverCreatesAPositiveCacheEntry();() }[0m
    [36m| [0m[34m|[0m /* 284.639 */suiteBuilder.add([0m
    [36m| [0m[34m|[0m /* 284.640 */UnitTestCase.create([0m
    [36m| [0m[34m|[0m /* 284.641 */"zeroTtlNeverCreatesAPositiveCacheEntry",[0m
    [36m| [0m[34m|[0m /* 284.642 */configuration: caseConfig,[0m
    [36m| [0m[34m|[0m /* 284.643 */body: zeroTtlNeverCreatesAPositiveCacheEntryTestFunc[0m
    [36m| [0m[34m|[0m /* 284.644 */)[0m
    [36m| [0m[34m|[0m /* 284.645 */)[0m
    [36m| [0m[34m|[0m /* 284.646 */[0m
    [36m| [0m[34m|[0m /* 284.647 */}()[0m
    [36m| [0m[34m|[0m /* 284.648 */[0m
    [36m| [0m[34m|[0m /* 284.649 */[0m
    [36m| [0m[34m|[0m /* 284.650 */{ => let caseConfig = Configuration()[0m
    [36m| [0m[34m|[0m /* 284.651 */[0m
    [36m| [0m[34m|[0m /* 284.652 */let callerCancellationAndClientCloseWakeActiveNativeReceiveTestFunc = { => callerCancellationAndClientCloseWakeActiveNativeReceive();() }[0m
    [36m| [0m[34m|[0m /* 284.653 */suiteBuilder.add([0m
    [36m| [0m[34m|[0m /* 284.654 */UnitTestCase.create([0m
    [36m| [0m[34m|[0m /* 284.655 */"callerCancellationAndClientCloseWakeActiveNativeReceive",[0m
    [36m| [0m[34m|[0m /* 284.656 */configuration: caseConfig,[0m
    [36m| [0m[34m|[0m /* 284.657 */body: callerCancellationAndClientCloseWakeActiveNativeReceiveTestFunc[0m
    [36m| [0m[34m|[0m /* 284.658 */)[0m
    [36m| [0m[34m|[0m /* 284.659 */)[0m
    [36m| [0m[34m|[0m /* 284.660 */[0m
    [36m| [0m[34m|[0m /* 284.661 */}()[0m
    [36m| [0m[34m|[0m /* 284.662 */[0m
    [36m| [0m[34m|[0m /* 284.663 */[0m
    [36m| [0m[34m|[0m /* 284.664 */{ => let caseConfig = Configuration()[0m
    [36m| [0m[34m|[0m /* 284.665 */[0m
    [36m| [0m[34m|[0m /* 284.666 */let anyFamilyRetainsAddressesWhenTheOtherFamilyFailsTestFunc = { => anyFamilyRetainsAddressesWhenTheOtherFamilyFails();() }[0m
    [36m| [0m[34m|[0m /* 284.667 */suiteBuilder.add([0m
    [36m| [0m[34m|[0m /* 284.668 */UnitTestCase.create([0m
    [36m| [0m[34m|[0m /* 284.669 */"anyFamilyRetainsAddressesWhenTheOtherFamilyFails",[0m
    [36m| [0m[34m|[0m /* 284.670 */configuration: caseConfig,[0m
    [36m| [0m[34m|[0m /* 284.671 */body: anyFamilyRetainsAddressesWhenTheOtherFamilyFailsTestFunc[0m
    [36m| [0m[34m|[0m /* 284.672 */)[0m
    [36m| [0m[34m|[0m /* 284.673 */)[0m
    [36m| [0m[34m|[0m /* 284.674 */[0m
    [36m| [0m[34m|[0m /* 284.675 */}()[0m
    [36m| [0m[34m|[0m /* 284.676 */[0m
    [36m| [0m[34m|[0m /* 284.677 */[0m
    [36m| [0m[34m|[0m /* 284.678 */{ => let caseConfig = Configuration()[0m
    [36m| [0m[34m|[0m /* 284.679 */[0m
    [36m| [0m[34m|[0m /* 284.680 */let boundedAdmissionRejectsExcessAndCloseWakesQueuedCallersTestFunc = { => boundedAdmissionRejectsExcessAndCloseWakesQueuedCallers();() }[0m
    [36m| [0m[34m|[0m /* 284.681 */suiteBuilder.add([0m
    [36m| [0m[34m|[0m /* 284.682 */UnitTestCase.create([0m
    [36m| [0m[34m|[0m /* 284.683 */"boundedAdmissionRejectsExcessAndCloseWakesQueuedCallers",[0m
    [36m| [0m[34m|[0m /* 284.684 */configuration: caseConfig,[0m
    [36m| [0m[34m|[0m /* 284.685 */body: boundedAdmissionRejectsExcessAndCloseWakesQueuedCallersTestFunc[0m
    [36m| [0m[34m|[0m /* 284.686 */)[0m
    [36m| [0m[34m|[0m /* 284.687 */)[0m
    [36m| [0m[34m|[0m /* 284.688 */[0m
    [36m| [0m[34m|[0m /* 284.689 */}()[0m
    [36m| [0m[34m|[0m /* 284.690 */[0m
    [36m| [0m[34m|[0m /* 284.691 */return suiteBuilder.build()[0m
    [36m| [0m[34m|[0m /* 284.692 */}[0m
    [36m| [0m[34m|[0m /* 284.693 */private func inheritedFromClassAnnotatedByTestTemplate < T >(): TestSuite where T <: TestClass {[0m
    [36m| [0m[34m|[0m /* 284.694 */throw Exception("Unreachable code")[0m
    [36m| [0m[34m|[0m /* 284.695 */}[0m
    [36m| [0m[34m|[0m /* 284.696 */}[0m
    [36m| [0m[34m|[0m /* 284.697 */[0m
    [36m| [0m[34m|[0m /* 284.698 */[0m
    [36m| [0m[34m|[0m /* 284.699 */interface TestPackageExtension_DnsClientWireTest {[0m
    [36m| [0m[34m|[0m /* 284.700 */func registerDnsClientWireTest(): Unit[0m
    [36m| [0m[34m|[0m /* 284.701 */}[0m
    [36m| [0m[34m|[0m /* 284.702 */extend TestPackage <: TestPackageExtension_DnsClientWireTest {[0m
    [36m| [0m[34m|[0m /* 284.703 */@Attribute[TEST_REGISTER][0m
    [36m| [0m[34m|[0m /* 284.704 */public func registerDnsClientWireTest() {[0m
    [36m| [0m[34m|[0m /* 284.705 */registerSuite({ => DnsClientWireTest().asTestSuite() })[0m
    [36m| [0m[34m|[0m /* 284.706 */}[0m
    [36m| [0m[34m|[0m /* 284.707 */}[0m
    [36m| [0m[34m|[0m /* 284.708 */[0m
    [36m| [0m[34m|[0m[34m_[0m[34m____________^[0m
    [36m| [0m
[34mnote[0m: the warning occurs after the macro is expanded
   [36m==>[0m /home/elliot/playground/Wirestack-pr-worktrees/M8-004-publication/src/net/dns_client_test.cj:284:1:
    [36m| [0m
[36m284[0m [36m| [0m  @Test[0m
    [36m| [0m [34m_[0m[34m^[0m
[36m285[0m [36m| [0m[34m|[0m class DnsClientWireTest {[0m
    [36m| [0m[34m|[0m ...[0m
[36m904[0m [36m| [0m[34m|[0m }[0m
    [36m| [0m[34m|[0m[34m_[0m[34m^[0m
    [36m| [0m

[33mwarning[0m: unreachable block in 'if' expression
    [36m| [0m
    [36m| [0m  /* 8.425 */                if(e is AssertIntermediateException) {[0m
    [36m| [0m [33m_[0m[33m________________________________________________________________^[0m
    [36m| [0m[33m|[0m /* 8.426 */                    throw e[0m
    [36m| [0m[33m|[0m /* 8.427 */                }[0m
    [36m| [0m[33m|[0m[33m_[0m[33m___________________________^ unreachable block in 'if' expression[0m
    [36m| [0m
    [36m#[0m [0mnote[0m: this warning can be suppressed by setting the compiler option `-Woff unused`
[34mnote[0m: the warning occurs after the macro is expanded
   [36m==>[0m /home/elliot/playground/Wirestack-pr-worktrees/M8-004-publication/src/net/dns_wire_test.cj:8:1:
    [36m| [0m
[36m8[0m   [36m| [0m  @Test[0m
    [36m| [0m [34m_[0m[34m^[0m
[36m9[0m   [36m| [0m[34m|[0m class DnsWireParserTest {[0m
    [36m| [0m[34m|[0m ...[0m
[36m305[0m [36m| [0m[34m|[0m }[0m
    [36m| [0m[34m|[0m[34m_[0m[34m^[0m
    [36m| [0m

[33mwarning[0m: unreachable block in 'if' expression
    [36m| [0m
    [36m| [0m  /* 284.151 */                        if(e is AssertIntermediateException) {[0m
    [36m| [0m [33m_[0m[33m__________________________________________________________________________^[0m
    [36m| [0m[33m|[0m /* 284.152 */                            throw e[0m
    [36m| [0m[33m|[0m /* 284.153 */                        }[0m
    [36m| [0m[33m|[0m[33m_[0m[33m_____________________________________^ unreachable block in 'if' expression[0m
    [36m| [0m
    [36m#[0m [0mnote[0m: this warning can be suppressed by setting the compiler option `-Woff unused`
[34mnote[0m: the warning occurs after the macro is expanded
   [36m==>[0m /home/elliot/playground/Wirestack-pr-worktrees/M8-004-publication/src/net/dns_client_test.cj:284:1:
    [36m| [0m
[36m284[0m [36m| [0m  @Test[0m
    [36m| [0m [34m_[0m[34m^[0m
[36m285[0m [36m| [0m[34m|[0m class DnsClientWireTest {[0m
    [36m| [0m[34m|[0m ...[0m
[36m904[0m [36m| [0m[34m|[0m }[0m
    [36m| [0m[34m|[0m[34m_[0m[34m^[0m
    [36m| [0m

[33mwarning[0m: unreachable block in 'if' expression
    [36m| [0m
    [36m| [0m  /* 8.428 */                if(e is UnittestTimeoutException) {[0m
    [36m| [0m [33m_[0m[33m_____________________________________________________________^[0m
    [36m| [0m[33m|[0m /* 8.429 */                    throw e[0m
    [36m| [0m[33m|[0m /* 8.430 */                }[0m
    [36m| [0m[33m|[0m[33m_[0m[33m___________________________^ unreachable block in 'if' expression[0m
    [36m| [0m
    [36m#[0m [0mnote[0m: this warning can be suppressed by setting the compiler option `-Woff unused`
[34mnote[0m: the warning occurs after the macro is expanded
   [36m==>[0m /home/elliot/playground/Wirestack-pr-worktrees/M8-004-publication/src/net/dns_wire_test.cj:8:1:
    [36m| [0m
[36m8[0m   [36m| [0m  @Test[0m
    [36m| [0m [34m_[0m[34m^[0m
[36m9[0m   [36m| [0m[34m|[0m class DnsWireParserTest {[0m
    [36m| [0m[34m|[0m ...[0m
[36m305[0m [36m| [0m[34m|[0m }[0m
    [36m| [0m[34m|[0m[34m_[0m[34m^[0m
    [36m| [0m

[33mwarning[0m: unreachable block in 'if' expression
    [36m| [0m
    [36m| [0m  /* 284.154 */                        if(e is UnittestTimeoutException) {[0m
    [36m| [0m [33m_[0m[33m_______________________________________________________________________^[0m
    [36m| [0m[33m|[0m /* 284.155 */                            throw e[0m
    [36m| [0m[33m|[0m /* 284.156 */                        }[0m
    [36m| [0m[33m|[0m[33m_[0m[33m_____________________________________^ unreachable block in 'if' expression[0m
    [36m| [0m
    [36m#[0m [0mnote[0m: this warning can be suppressed by setting the compiler option `-Woff unused`
[34mnote[0m: the warning occurs after the macro is expanded
   [36m==>[0m /home/elliot/playground/Wirestack-pr-worktrees/M8-004-publication/src/net/dns_client_test.cj:284:1:
    [36m| [0m
[36m284[0m [36m| [0m  @Test[0m
    [36m| [0m [34m_[0m[34m^[0m
[36m285[0m [36m| [0m[34m|[0m class DnsClientWireTest {[0m
    [36m| [0m[34m|[0m ...[0m
[36m904[0m [36m| [0m[34m|[0m }[0m
    [36m| [0m[34m|[0m[34m_[0m[34m^[0m
    [36m| [0m

[33mwarning[0m: unreachable block in 'if' expression
    [36m| [0m
    [36m| [0m  /* 8.446 */                if(e is AssertException) {[0m
    [36m| [0m [33m_[0m[33m____________________________________________________^[0m
    [36m| [0m[33m|[0m /* 8.447 */                    throw e[0m
    [36m| [0m[33m|[0m /* 8.448 */                }[0m
    [36m| [0m[33m|[0m[33m_[0m[33m___________________________^ unreachable block in 'if' expression[0m
    [36m| [0m
    [36m#[0m [0mnote[0m: this warning can be suppressed by setting the compiler option `-Woff unused`
[34mnote[0m: the warning occurs after the macro is expanded
   [36m==>[0m /home/elliot/playground/Wirestack-pr-worktrees/M8-004-publication/src/net/dns_wire_test.cj:8:1:
    [36m| [0m
[36m8[0m   [36m| [0m  @Test[0m
    [36m| [0m [34m_[0m[34m^[0m
[36m9[0m   [36m| [0m[34m|[0m class DnsWireParserTest {[0m
    [36m| [0m[34m|[0m ...[0m
[36m305[0m [36m| [0m[34m|[0m }[0m
    [36m| [0m[34m|[0m[34m_[0m[34m^[0m
    [36m| [0m

[33mwarning[0m: unreachable block in 'if' expression
    [36m| [0m
    [36m| [0m  /* 8.449 */                if(e is AssertIntermediateException) {[0m
    [36m| [0m [33m_[0m[33m________________________________________________________________^[0m
    [36m| [0m[33m|[0m /* 8.450 */                    throw e[0m
    [36m| [0m[33m|[0m /* 8.451 */                }[0m
    [36m| [0m[33m|[0m[33m_[0m[33m___________________________^ unreachable block in 'if' expression[0m
    [36m| [0m
    [36m#[0m [0mnote[0m: this warning can be suppressed by setting the compiler option `-Woff unused`
[34mnote[0m: the warning occurs after the macro is expanded
   [36m==>[0m /home/elliot/playground/Wirestack-pr-worktrees/M8-004-publication/src/net/dns_wire_test.cj:8:1:
    [36m| [0m
[36m8[0m   [36m| [0m  @Test[0m
    [36m| [0m [34m_[0m[34m^[0m
[36m9[0m   [36m| [0m[34m|[0m class DnsWireParserTest {[0m
    [36m| [0m[34m|[0m ...[0m
[36m305[0m [36m| [0m[34m|[0m }[0m
    [36m| [0m[34m|[0m[34m_[0m[34m^[0m
    [36m| [0m

[33mwarning[0m: unreachable block in 'if' expression
    [36m| [0m
    [36m| [0m  /* 8.452 */                if(e is UnittestTimeoutException) {[0m
    [36m| [0m [33m_[0m[33m_____________________________________________________________^[0m
    [36m| [0m[33m|[0m /* 8.453 */                    throw e[0m
    [36m| [0m[33m|[0m /* 8.454 */                }[0m
    [36m| [0m[33m|[0m[33m_[0m[33m___________________________^ unreachable block in 'if' expression[0m
    [36m| [0m
    [36m#[0m [0mnote[0m: this warning can be suppressed by setting the compiler option `-Woff unused`
[34mnote[0m: the warning occurs after the macro is expanded
   [36m==>[0m /home/elliot/playground/Wirestack-pr-worktrees/M8-004-publication/src/net/dns_wire_test.cj:8:1:
    [36m| [0m
[36m8[0m   [36m| [0m  @Test[0m
    [36m| [0m [34m_[0m[34m^[0m
[36m9[0m   [36m| [0m[34m|[0m class DnsWireParserTest {[0m
    [36m| [0m[34m|[0m ...[0m
[36m305[0m [36m| [0m[34m|[0m }[0m
    [36m| [0m[34m|[0m[34m_[0m[34m^[0m
    [36m| [0m

[33mwarning[0m: unreachable block in 'if' expression
    [36m| [0m
    [36m| [0m  /* 8.472 */                if(e is AssertException) {[0m
    [36m| [0m [33m_[0m[33m____________________________________________________^[0m
    [36m| [0m[33m|[0m /* 8.473 */                    throw e[0m
    [36m| [0m[33m|[0m /* 8.474 */                }[0m
    [36m| [0m[33m|[0m[33m_[0m[33m___________________________^ unreachable block in 'if' expression[0m
    [36m| [0m
    [36m#[0m [0mnote[0m: this warning can be suppressed by setting the compiler option `-Woff unused`
[34mnote[0m: the warning occurs after the macro is expanded
   [36m==>[0m /home/elliot/playground/Wirestack-pr-worktrees/M8-004-publication/src/net/dns_wire_test.cj:8:1:
    [36m| [0m
[36m8[0m   [36m| [0m  @Test[0m
    [36m| [0m [34m_[0m[34m^[0m
[36m9[0m   [36m| [0m[34m|[0m class DnsWireParserTest {[0m
    [36m| [0m[34m|[0m ...[0m
[36m305[0m [36m| [0m[34m|[0m }[0m
    [36m| [0m[34m|[0m[34m_[0m[34m^[0m
    [36m| [0m

[33mwarning[0m: unreachable block in 'if' expression
    [36m| [0m
    [36m| [0m  /* 8.475 */                if(e is AssertIntermediateException) {[0m
    [36m| [0m [33m_[0m[33m________________________________________________________________^[0m
    [36m| [0m[33m|[0m /* 8.476 */                    throw e[0m
    [36m| [0m[33m|[0m /* 8.477 */                }[0m
    [36m| [0m[33m|[0m[33m_[0m[33m___________________________^ unreachable block in 'if' expression[0m
    [36m| [0m
    [36m#[0m [0mnote[0m: this warning can be suppressed by setting the compiler option `-Woff unused`
[34mnote[0m: the warning occurs after the macro is expanded
   [36m==>[0m /home/elliot/playground/Wirestack-pr-worktrees/M8-004-publication/src/net/dns_wire_test.cj:8:1:
    [36m| [0m
[36m8[0m   [36m| [0m  @Test[0m
    [36m| [0m [34m_[0m[34m^[0m
[36m9[0m   [36m| [0m[34m|[0m class DnsWireParserTest {[0m
    [36m| [0m[34m|[0m ...[0m
[36m305[0m [36m| [0m[34m|[0m }[0m
    [36m| [0m[34m|[0m[34m_[0m[34m^[0m
    [36m| [0m

[33mwarning[0m: unreachable block in 'if' expression
    [36m| [0m
    [36m| [0m  /* 8.478 */                if(e is UnittestTimeoutException) {[0m
    [36m| [0m [33m_[0m[33m_____________________________________________________________^[0m
    [36m| [0m[33m|[0m /* 8.479 */                    throw e[0m
    [36m| [0m[33m|[0m /* 8.480 */                }[0m
    [36m| [0m[33m|[0m[33m_[0m[33m___________________________^ unreachable block in 'if' expression[0m
    [36m| [0m
    [36m#[0m [0mnote[0m: this warning can be suppressed by setting the compiler option `-Woff unused`
[34mnote[0m: the warning occurs after the macro is expanded
   [36m==>[0m /home/elliot/playground/Wirestack-pr-worktrees/M8-004-publication/src/net/dns_wire_test.cj:8:1:
    [36m| [0m
[36m8[0m   [36m| [0m  @Test[0m
    [36m| [0m [34m_[0m[34m^[0m
[36m9[0m   [36m| [0m[34m|[0m class DnsWireParserTest {[0m
    [36m| [0m[34m|[0m ...[0m
[36m305[0m [36m| [0m[34m|[0m }[0m
    [36m| [0m[34m|[0m[34m_[0m[34m^[0m
    [36m| [0m

[33mwarning[0m: unreachable block in 'if' expression
    [36m| [0m
    [36m| [0m  /* 8.503 */                if(e is AssertException) {[0m
    [36m| [0m [33m_[0m[33m____________________________________________________^[0m
    [36m| [0m[33m|[0m /* 8.504 */                    throw e[0m
    [36m| [0m[33m|[0m /* 8.505 */                }[0m
    [36m| [0m[33m|[0m[33m_[0m[33m___________________________^ unreachable block in 'if' expression[0m
    [36m| [0m
    [36m#[0m [0mnote[0m: this warning can be suppressed by setting the compiler option `-Woff unused`
[34mnote[0m: the warning occurs after the macro is expanded
   [36m==>[0m /home/elliot/playground/Wirestack-pr-worktrees/M8-004-publication/src/net/dns_wire_test.cj:8:1:
    [36m| [0m
[36m8[0m   [36m| [0m  @Test[0m
    [36m| [0m [34m_[0m[34m^[0m
[36m9[0m   [36m| [0m[34m|[0m class DnsWireParserTest {[0m
    [36m| [0m[34m|[0m ...[0m
[36m305[0m [36m| [0m[34m|[0m }[0m
    [36m| [0m[34m|[0m[34m_[0m[34m^[0m
    [36m| [0m

[33mwarning[0m: unreachable block in 'if' expression
    [36m| [0m
    [36m| [0m  /* 8.506 */                if(e is AssertIntermediateException) {[0m
    [36m| [0m [33m_[0m[33m________________________________________________________________^[0m
    [36m| [0m[33m|[0m /* 8.507 */                    throw e[0m
    [36m| [0m[33m|[0m /* 8.508 */                }[0m
    [36m| [0m[33m|[0m[33m_[0m[33m___________________________^ unreachable block in 'if' expression[0m
    [36m| [0m
    [36m#[0m [0mnote[0m: this warning can be suppressed by setting the compiler option `-Woff unused`
[34mnote[0m: the warning occurs after the macro is expanded
   [36m==>[0m /home/elliot/playground/Wirestack-pr-worktrees/M8-004-publication/src/net/dns_wire_test.cj:8:1:
    [36m| [0m
[36m8[0m   [36m| [0m  @Test[0m
    [36m| [0m [34m_[0m[34m^[0m
[36m9[0m   [36m| [0m[34m|[0m class DnsWireParserTest {[0m
    [36m| [0m[34m|[0m ...[0m
[36m305[0m [36m| [0m[34m|[0m }[0m
    [36m| [0m[34m|[0m[34m_[0m[34m^[0m
    [36m| [0m

[33mwarning[0m: unreachable block in 'if' expression
    [36m| [0m
    [36m| [0m  /* 8.509 */                if(e is UnittestTimeoutException) {[0m
    [36m| [0m [33m_[0m[33m_____________________________________________________________^[0m
    [36m| [0m[33m|[0m /* 8.510 */                    throw e[0m
    [36m| [0m[33m|[0m /* 8.511 */                }[0m
    [36m| [0m[33m|[0m[33m_[0m[33m___________________________^ unreachable block in 'if' expression[0m
    [36m| [0m
    [36m#[0m [0mnote[0m: this warning can be suppressed by setting the compiler option `-Woff unused`
[34mnote[0m: the warning occurs after the macro is expanded
   [36m==>[0m /home/elliot/playground/Wirestack-pr-worktrees/M8-004-publication/src/net/dns_wire_test.cj:8:1:
    [36m| [0m
[36m8[0m   [36m| [0m  @Test[0m
    [36m| [0m [34m_[0m[34m^[0m
[36m9[0m   [36m| [0m[34m|[0m class DnsWireParserTest {[0m
    [36m| [0m[34m|[0m ...[0m
[36m305[0m [36m| [0m[34m|[0m }[0m
    [36m| [0m[34m|[0m[34m_[0m[34m^[0m
    [36m| [0m

[33mwarning[0m: unreachable block in 'if' expression
    [36m| [0m
    [36m| [0m  /* 8.533 */                    if(e is AssertException) {[0m
    [36m| [0m [33m_[0m[33m________________________________________________________^[0m
    [36m| [0m[33m|[0m /* 8.534 */                        throw e[0m
    [36m| [0m[33m|[0m /* 8.535 */                    }[0m
    [36m| [0m[33m|[0m[33m_[0m[33m_______________________________^ unreachable block in 'if' expression[0m
    [36m| [0m
    [36m#[0m [0mnote[0m: this warning can be suppressed by setting the compiler option `-Woff unused`
[34mnote[0m: the warning occurs after the macro is expanded
   [36m==>[0m /home/elliot/playground/Wirestack-pr-worktrees/M8-004-publication/src/net/dns_wire_test.cj:8:1:
    [36m| [0m
[36m8[0m   [36m| [0m  @Test[0m
    [36m| [0m [34m_[0m[34m^[0m
[36m9[0m   [36m| [0m[34m|[0m class DnsWireParserTest {[0m
    [36m| [0m[34m|[0m ...[0m
[36m305[0m [36m| [0m[34m|[0m }[0m
    [36m| [0m[34m|[0m[34m_[0m[34m^[0m
    [36m| [0m

[33mwarning[0m: unreachable block in 'if' expression
    [36m| [0m
    [36m| [0m  /* 8.536 */                    if(e is AssertIntermediateException) {[0m
    [36m| [0m [33m_[0m[33m____________________________________________________________________^[0m
    [36m| [0m[33m|[0m /* 8.537 */                        throw e[0m
    [36m| [0m[33m|[0m /* 8.538 */                    }[0m
    [36m| [0m[33m|[0m[33m_[0m[33m_______________________________^ unreachable block in 'if' expression[0m
    [36m| [0m
    [36m#[0m [0mnote[0m: this warning can be suppressed by setting the compiler option `-Woff unused`
[34mnote[0m: the warning occurs after the macro is expanded
   [36m==>[0m /home/elliot/playground/Wirestack-pr-worktrees/M8-004-publication/src/net/dns_wire_test.cj:8:1:
    [36m| [0m
[36m8[0m   [36m| [0m  @Test[0m
    [36m| [0m [34m_[0m[34m^[0m
[36m9[0m   [36m| [0m[34m|[0m class DnsWireParserTest {[0m
    [36m| [0m[34m|[0m ...[0m
[36m305[0m [36m| [0m[34m|[0m }[0m
    [36m| [0m[34m|[0m[34m_[0m[34m^[0m
    [36m| [0m

[33mwarning[0m: unreachable block in 'if' expression
    [36m| [0m
    [36m| [0m  /* 8.539 */                    if(e is UnittestTimeoutException) {[0m
    [36m| [0m [33m_[0m[33m_________________________________________________________________^[0m
    [36m| [0m[33m|[0m /* 8.540 */                        throw e[0m
    [36m| [0m[33m|[0m /* 8.541 */                    }[0m
    [36m| [0m[33m|[0m[33m_[0m[33m_______________________________^ unreachable block in 'if' expression[0m
    [36m| [0m
    [36m#[0m [0mnote[0m: this warning can be suppressed by setting the compiler option `-Woff unused`
[34mnote[0m: the warning occurs after the macro is expanded
   [36m==>[0m /home/elliot/playground/Wirestack-pr-worktrees/M8-004-publication/src/net/dns_wire_test.cj:8:1:
    [36m| [0m
[36m8[0m   [36m| [0m  @Test[0m
    [36m| [0m [34m_[0m[34m^[0m
[36m9[0m   [36m| [0m[34m|[0m class DnsWireParserTest {[0m
    [36m| [0m[34m|[0m ...[0m
[36m305[0m [36m| [0m[34m|[0m }[0m
    [36m| [0m[34m|[0m[34m_[0m[34m^[0m
    [36m| [0m

[33mwarning[0m: unreachable block in 'if' expression
    [36m| [0m
    [36m| [0m  /* 8.564 */                if(e is AssertException) {[0m
    [36m| [0m [33m_[0m[33m____________________________________________________^[0m
    [36m| [0m[33m|[0m /* 8.565 */                    throw e[0m
    [36m| [0m[33m|[0m /* 8.566 */                }[0m
    [36m| [0m[33m|[0m[33m_[0m[33m___________________________^ unreachable block in 'if' expression[0m
    [36m| [0m
    [36m#[0m [0mnote[0m: this warning can be suppressed by setting the compiler option `-Woff unused`
[34mnote[0m: the warning occurs after the macro is expanded
   [36m==>[0m /home/elliot/playground/Wirestack-pr-worktrees/M8-004-publication/src/net/dns_wire_test.cj:8:1:
    [36m| [0m
[36m8[0m   [36m| [0m  @Test[0m
    [36m| [0m [34m_[0m[34m^[0m
[36m9[0m   [36m| [0m[34m|[0m class DnsWireParserTest {[0m
    [36m| [0m[34m|[0m ...[0m
[36m305[0m [36m| [0m[34m|[0m }[0m
    [36m| [0m[34m|[0m[34m_[0m[34m^[0m
    [36m| [0m

[33mwarning[0m: unreachable block in 'if' expression
    [36m| [0m
    [36m| [0m  /* 8.567 */                if(e is AssertIntermediateException) {[0m
    [36m| [0m [33m_[0m[33m________________________________________________________________^[0m
    [36m| [0m[33m|[0m /* 8.568 */                    throw e[0m
    [36m| [0m[33m|[0m /* 8.569 */                }[0m
    [36m| [0m[33m|[0m[33m_[0m[33m___________________________^ unreachable block in 'if' expression[0m
    [36m| [0m
    [36m#[0m [0mnote[0m: this warning can be suppressed by setting the compiler option `-Woff unused`
[34mnote[0m: the warning occurs after the macro is expanded
   [36m==>[0m /home/elliot/playground/Wirestack-pr-worktrees/M8-004-publication/src/net/dns_wire_test.cj:8:1:
    [36m| [0m
[36m8[0m   [36m| [0m  @Test[0m
    [36m| [0m [34m_[0m[34m^[0m
[36m9[0m   [36m| [0m[34m|[0m class DnsWireParserTest {[0m
    [36m| [0m[34m|[0m ...[0m
[36m305[0m [36m| [0m[34m|[0m }[0m
    [36m| [0m[34m|[0m[34m_[0m[34m^[0m
    [36m| [0m

[33mwarning[0m: unreachable block in 'if' expression
    [36m| [0m
    [36m| [0m  /* 8.570 */                if(e is UnittestTimeoutException) {[0m
    [36m| [0m [33m_[0m[33m_____________________________________________________________^[0m
    [36m| [0m[33m|[0m /* 8.571 */                    throw e[0m
    [36m| [0m[33m|[0m /* 8.572 */                }[0m
    [36m| [0m[33m|[0m[33m_[0m[33m___________________________^ unreachable block in 'if' expression[0m
    [36m| [0m
    [36m#[0m [0mnote[0m: this warning can be suppressed by setting the compiler option `-Woff unused`
[34mnote[0m: the warning occurs after the macro is expanded
   [36m==>[0m /home/elliot/playground/Wirestack-pr-worktrees/M8-004-publication/src/net/dns_wire_test.cj:8:1:
    [36m| [0m
[36m8[0m   [36m| [0m  @Test[0m
    [36m| [0m [34m_[0m[34m^[0m
[36m9[0m   [36m| [0m[34m|[0m class DnsWireParserTest {[0m
    [36m| [0m[34m|[0m ...[0m
[36m305[0m [36m| [0m[34m|[0m }[0m
    [36m| [0m[34m|[0m[34m_[0m[34m^[0m
    [36m| [0m

[33mwarning[0m: unreachable pattern
   [36m==>[0m /home/elliot/playground/Wirestack-pr-worktrees/M8-004-publication/src/net/dns_resolver_test.cj:582:22:
    [36m| [0m
[36m582[0m [36m| [0m                case None => ()[0m
    [36m| [0m                     [33m^ [0m
    [36m| [0m
    [36m#[0m [0mnote[0m: this warning can be suppressed by setting the compiler option `-Woff unused`
[34mnote[0m: the warning occurs after the macro is expanded
   [36m==>[0m /home/elliot/playground/Wirestack-pr-worktrees/M8-004-publication/src/net/dns_resolver_test.cj:156:1:
    [36m| [0m
[36m156[0m [36m| [0m  @Test[0m
    [36m| [0m [34m_[0m[34m^[0m
[36m157[0m [36m| [0m[34m|[0m class DnsResolverPolicyTest {[0m
    [36m| [0m[34m|[0m ...[0m
[36m627[0m [36m| [0m[34m|[0m }[0m
    [36m| [0m[34m|[0m[34m_[0m[34m^[0m
    [36m| [0m
[34mnote[0m: which is expanded as follows
    [36m| [0m
    [36m| [0m/* 156.318 */            case None =>()[0m
    [36m| [0m                              [34m^^^^ [0m
    [36m| [0m

[33mwarning[0m: unreachable block in 'if' expression
    [36m| [0m
    [36m| [0m  /* 8.591 */                if(e is AssertException) {[0m
    [36m| [0m [33m_[0m[33m____________________________________________________^[0m
    [36m| [0m[33m|[0m /* 8.592 */                    throw e[0m
    [36m| [0m[33m|[0m /* 8.593 */                }[0m
    [36m| [0m[33m|[0m[33m_[0m[33m___________________________^ unreachable block in 'if' expression[0m
    [36m| [0m
    [36m#[0m [0mnote[0m: this warning can be suppressed by setting the compiler option `-Woff unused`
[34mnote[0m: the warning occurs after the macro is expanded
   [36m==>[0m /home/elliot/playground/Wirestack-pr-worktrees/M8-004-publication/src/net/dns_wire_test.cj:8:1:
    [36m| [0m
[36m8[0m   [36m| [0m  @Test[0m
    [36m| [0m [34m_[0m[34m^[0m
[36m9[0m   [36m| [0m[34m|[0m class DnsWireParserTest {[0m
    [36m| [0m[34m|[0m ...[0m
[36m305[0m [36m| [0m[34m|[0m }[0m
    [36m| [0m[34m|[0m[34m_[0m[34m^[0m
    [36m| [0m

[33mwarning[0m: unreachable block in 'if' expression
    [36m| [0m
    [36m| [0m  /* 8.594 */                if(e is AssertIntermediateException) {[0m
    [36m| [0m [33m_[0m[33m________________________________________________________________^[0m
    [36m| [0m[33m|[0m /* 8.595 */                    throw e[0m
    [36m| [0m[33m|[0m /* 8.596 */                }[0m
    [36m| [0m[33m|[0m[33m_[0m[33m___________________________^ unreachable block in 'if' expression[0m
    [36m| [0m
    [36m#[0m [0mnote[0m: this warning can be suppressed by setting the compiler option `-Woff unused`
[34mnote[0m: the warning occurs after the macro is expanded
   [36m==>[0m /home/elliot/playground/Wirestack-pr-worktrees/M8-004-publication/src/net/dns_wire_test.cj:8:1:
    [36m| [0m
[36m8[0m   [36m| [0m  @Test[0m
    [36m| [0m [34m_[0m[34m^[0m
[36m9[0m   [36m| [0m[34m|[0m class DnsWireParserTest {[0m
    [36m| [0m[34m|[0m ...[0m
[36m305[0m [36m| [0m[34m|[0m }[0m
    [36m| [0m[34m|[0m[34m_[0m[34m^[0m
    [36m| [0m

[33mwarning[0m: unreachable block in 'if' expression
    [36m| [0m
    [36m| [0m  /* 8.597 */                if(e is UnittestTimeoutException) {[0m
    [36m| [0m [33m_[0m[33m_____________________________________________________________^[0m
    [36m| [0m[33m|[0m /* 8.598 */                    throw e[0m
    [36m| [0m[33m|[0m /* 8.599 */                }[0m
    [36m| [0m[33m|[0m[33m_[0m[33m___________________________^ unreachable block in 'if' expression[0m
    [36m| [0m
    [36m#[0m [0mnote[0m: this warning can be suppressed by setting the compiler option `-Woff unused`
[34mnote[0m: the warning occurs after the macro is expanded
   [36m==>[0m /home/elliot/playground/Wirestack-pr-worktrees/M8-004-publication/src/net/dns_wire_test.cj:8:1:
    [36m| [0m
[36m8[0m   [36m| [0m  @Test[0m
    [36m| [0m [34m_[0m[34m^[0m
[36m9[0m   [36m| [0m[34m|[0m class DnsWireParserTest {[0m
    [36m| [0m[34m|[0m ...[0m
[36m305[0m [36m| [0m[34m|[0m }[0m
    [36m| [0m[34m|[0m[34m_[0m[34m^[0m
    [36m| [0m

[33mwarning[0m: unreachable block in 'if' expression
    [36m| [0m
    [36m| [0m  /* 8.621 */                if(e is AssertException) {[0m
    [36m| [0m [33m_[0m[33m____________________________________________________^[0m
    [36m| [0m[33m|[0m /* 8.622 */                    throw e[0m
    [36m| [0m[33m|[0m /* 8.623 */                }[0m
    [36m| [0m[33m|[0m[33m_[0m[33m___________________________^ unreachable block in 'if' expression[0m
    [36m| [0m
    [36m#[0m [0mnote[0m: this warning can be suppressed by setting the compiler option `-Woff unused`
[34mnote[0m: the warning occurs after the macro is expanded
   [36m==>[0m /home/elliot/playground/Wirestack-pr-worktrees/M8-004-publication/src/net/dns_wire_test.cj:8:1:
    [36m| [0m
[36m8[0m   [36m| [0m  @Test[0m
    [36m| [0m [34m_[0m[34m^[0m
[36m9[0m   [36m| [0m[34m|[0m class DnsWireParserTest {[0m
    [36m| [0m[34m|[0m ...[0m
[36m305[0m [36m| [0m[34m|[0m }[0m
    [36m| [0m[34m|[0m[34m_[0m[34m^[0m
    [36m| [0m

[33mwarning[0m: unreachable block in 'if' expression
    [36m| [0m
    [36m| [0m  /* 8.624 */                if(e is AssertIntermediateException) {[0m
    [36m| [0m [33m_[0m[33m________________________________________________________________^[0m
    [36m| [0m[33m|[0m /* 8.625 */                    throw e[0m
    [36m| [0m[33m|[0m /* 8.626 */                }[0m
    [36m| [0m[33m|[0m[33m_[0m[33m___________________________^ unreachable block in 'if' expression[0m
    [36m| [0m
    [36m#[0m [0mnote[0m: this warning can be suppressed by setting the compiler option `-Woff unused`
[34mnote[0m: the warning occurs after the macro is expanded
   [36m==>[0m /home/elliot/playground/Wirestack-pr-worktrees/M8-004-publication/src/net/dns_wire_test.cj:8:1:
    [36m| [0m
[36m8[0m   [36m| [0m  @Test[0m
    [36m| [0m [34m_[0m[34m^[0m
[36m9[0m   [36m| [0m[34m|[0m class DnsWireParserTest {[0m
    [36m| [0m[34m|[0m ...[0m
[36m305[0m [36m| [0m[34m|[0m }[0m
    [36m| [0m[34m|[0m[34m_[0m[34m^[0m
    [36m| [0m

[33mwarning[0m: unreachable block in 'if' expression
    [36m| [0m
    [36m| [0m  /* 8.627 */                if(e is UnittestTimeoutException) {[0m
    [36m| [0m [33m_[0m[33m_____________________________________________________________^[0m
    [36m| [0m[33m|[0m /* 8.628 */                    throw e[0m
    [36m| [0m[33m|[0m /* 8.629 */                }[0m
    [36m| [0m[33m|[0m[33m_[0m[33m___________________________^ unreachable block in 'if' expression[0m
    [36m| [0m
    [36m#[0m [0mnote[0m: this warning can be suppressed by setting the compiler option `-Woff unused`
[34mnote[0m: the warning occurs after the macro is expanded
   [36m==>[0m /home/elliot/playground/Wirestack-pr-worktrees/M8-004-publication/src/net/dns_wire_test.cj:8:1:
    [36m| [0m
[36m8[0m   [36m| [0m  @Test[0m
    [36m| [0m [34m_[0m[34m^[0m
[36m9[0m   [36m| [0m[34m|[0m class DnsWireParserTest {[0m
    [36m| [0m[34m|[0m ...[0m
[36m305[0m [36m| [0m[34m|[0m }[0m
    [36m| [0m[34m|[0m[34m_[0m[34m^[0m
    [36m| [0m

[33mwarning[0m: unreachable block in 'if' expression
    [36m| [0m
    [36m| [0m  /* 8.702 */                if(e is AssertException) {[0m
    [36m| [0m [33m_[0m[33m____________________________________________________^[0m
    [36m| [0m[33m|[0m /* 8.703 */                    throw e[0m
    [36m| [0m[33m|[0m /* 8.704 */                }[0m
    [36m| [0m[33m|[0m[33m_[0m[33m___________________________^ unreachable block in 'if' expression[0m
    [36m| [0m
    [36m#[0m [0mnote[0m: this warning can be suppressed by setting the compiler option `-Woff unused`
[34mnote[0m: the warning occurs after the macro is expanded
   [36m==>[0m /home/elliot/playground/Wirestack-pr-worktrees/M8-004-publication/src/net/dns_wire_test.cj:8:1:
    [36m| [0m
[36m8[0m   [36m| [0m  @Test[0m
    [36m| [0m [34m_[0m[34m^[0m
[36m9[0m   [36m| [0m[34m|[0m class DnsWireParserTest {[0m
    [36m| [0m[34m|[0m ...[0m
[36m305[0m [36m| [0m[34m|[0m }[0m
    [36m| [0m[34m|[0m[34m_[0m[34m^[0m
    [36m| [0m

[33mwarning[0m: unreachable block in 'if' expression
    [36m| [0m
    [36m| [0m  /* 8.705 */                if(e is AssertIntermediateException) {[0m
    [36m| [0m [33m_[0m[33m________________________________________________________________^[0m
    [36m| [0m[33m|[0m /* 8.706 */                    throw e[0m
    [36m| [0m[33m|[0m /* 8.707 */                }[0m
    [36m| [0m[33m|[0m[33m_[0m[33m___________________________^ unreachable block in 'if' expression[0m
    [36m| [0m
    [36m#[0m [0mnote[0m: this warning can be suppressed by setting the compiler option `-Woff unused`
[34mnote[0m: the warning occurs after the macro is expanded
   [36m==>[0m /home/elliot/playground/Wirestack-pr-worktrees/M8-004-publication/src/net/dns_wire_test.cj:8:1:
    [36m| [0m
[36m8[0m   [36m| [0m  @Test[0m
    [36m| [0m [34m_[0m[34m^[0m
[36m9[0m   [36m| [0m[34m|[0m class DnsWireParserTest {[0m
    [36m| [0m[34m|[0m ...[0m
[36m305[0m [36m| [0m[34m|[0m }[0m
    [36m| [0m[34m|[0m[34m_[0m[34m^[0m
    [36m| [0m

[33mwarning[0m: unreachable block in 'if' expression
    [36m| [0m
    [36m| [0m  /* 8.708 */                if(e is UnittestTimeoutException) {[0m
    [36m| [0m [33m_[0m[33m_____________________________________________________________^[0m
    [36m| [0m[33m|[0m /* 8.709 */                    throw e[0m
    [36m| [0m[33m|[0m /* 8.710 */                }[0m
    [36m| [0m[33m|[0m[33m_[0m[33m___________________________^ unreachable block in 'if' expression[0m
    [36m| [0m
    [36m#[0m [0mnote[0m: this warning can be suppressed by setting the compiler option `-Woff unused`
[34mnote[0m: the warning occurs after the macro is expanded
   [36m==>[0m /home/elliot/playground/Wirestack-pr-worktrees/M8-004-publication/src/net/dns_wire_test.cj:8:1:
    [36m| [0m
[36m8[0m   [36m| [0m  @Test[0m
    [36m| [0m [34m_[0m[34m^[0m
[36m9[0m   [36m| [0m[34m|[0m class DnsWireParserTest {[0m
    [36m| [0m[34m|[0m ...[0m
[36m305[0m [36m| [0m[34m|[0m }[0m
    [36m| [0m[34m|[0m[34m_[0m[34m^[0m
    [36m| [0m

60 warnings generated, 60 warnings printed.
Error: cjpm test failed
