[33mwarning[0m: unreachable pattern
    [36m==>[0m <repo-root>/build/m8-008/red-20260909T172645Z/green-repo/src/http/facade_test.cj:1065:76:
     [36m| [0m
[36m1065[0m [36m| [0m                match (response) { case Some(value) => value.close(); case None => () }[0m
     [36m| [0m                                                                           [33m^ [0m
     [36m| [0m
     [36m#[0m [0mnote[0m: this warning can be suppressed by setting the compiler option `-Woff unused`
[34mnote[0m: the code after the macro is expanded as follows
     [36m| [0m
     [36m| [0m  /* 17.1 */@Attribute[TEST_GENERATED] class HttpFacadeTest <: TestClass {[0m
     [36m| [0m [34m_[0m[34m^[0m
     [36m| [0m[34m|[0m /* 17.2 */    @Attribute[TestCase_18][0m
     [36m| [0m[34m|[0m /* 17.3 */    func cancellationWrapperPreservesProtocolCompletionPolicy(): Unit {[0m
     [36m| [0m[34m|[0m /* 17.4 */        let operation = HttpRequestCancellationOperation(OperationContext.background(), None < HttpRequestCancellationHandle >, None < HttpConnectionCancellationHandle >, None < HttpStreamCancellationHandle >)[0m
     [36m| [0m[34m|[0m /* 17.5 */        let delegate = ResponseBody(RequestBody.string("abc").open(), completeAtDeclaredLength: false)[0m
     [36m| [0m[34m|[0m /* 17.6 */        let response = operation.wrap(HttpResponse(200, "OK", delegate))[0m
     [36m| [0m[34m|[0m /* 17.7 */        let destination = Array < Byte >(3, repeat: 0u8)[0m
     [36m| [0m[34m|[0m /* 17.8 */        expectEqual("response.body.read(destination)", "3", response.body.read(destination), 3, isDelta: false)[0m
     [36m| [0m[34m|[0m /* 17.9 */        expectEqual("! response.body.isFullyConsumed()", "true", ! response.body.isFullyConsumed(), true, isDelta: false)[0m
     [36m| [0m[34m|[0m /* 17.10 */        expectEqual("response.body.read(destination)", "0", response.body.read(destination), 0, isDelta: false)[0m
     [36m| [0m[34m|[0m /* 17.11 */        expectEqual("response.body.isFullyConsumed()", "true", response.body.isFullyConsumed(), true, isDelta: false)[0m
     [36m| [0m[34m|[0m /* 17.12 */        response.close()[0m
     [36m| [0m[34m|[0m /* 17.13 */    }[0m
     [36m| [0m[34m|[0m /* 17.14 */    [0m
     [36m| [0m[34m|[0m /* 17.15 */    @Attribute[TestCase_19][0m
     [36m| [0m[34m|[0m /* 17.16 */    func connectionCancellationDoesNotDuplicateIntoHttp2StreamContext(): Unit {[0m
     [36m| [0m[34m|[0m /* 17.17 */        let connection = HttpConnectionCancellationHandle()[0m
     [36m| [0m[34m|[0m /* 17.18 */        let operation = HttpRequestCancellationOperation(OperationContext.background(), None < HttpRequestCancellationHandle >, Some(connection), None < HttpStreamCancellationHandle >)[0m
     [36m| [0m[34m|[0m /* 17.19 */        expectEqual("! operation.context.isCancellationRequested()", "true", ! operation.context.isCancellationRequested(), true, isDelta: false)[0m
     [36m| [0m[34m|[0m /* 17.20 */        expectEqual("! operation.streamContext.isCancellationRequested()", "true", ! operation.streamContext.isCancellationRequested(), true, isDelta: false)[0m
     [36m| [0m[34m|[0m /* 17.21 */        expectEqual("connection.cancel()", "true", connection.cancel(), true, isDelta: false)[0m
     [36m| [0m[34m|[0m /* 17.22 */        expectEqual("operation.context.isCancellationRequested()", "true", operation.context.isCancellationRequested(), true, isDelta: false)[0m
     [36m| [0m[34m|[0m /* 17.23 */        expectEqual("! operation.streamContext.isCancellationRequested()", "true", ! operation.streamContext.isCancellationRequested(), true, isDelta: false)[0m
     [36m| [0m[34m|[0m /* 17.24 */        operation.fail()[0m
     [36m| [0m[34m|[0m /* 17.25 */    }[0m
     [36m| [0m[34m|[0m /* 17.26 */    [0m
     [36m| [0m[34m|[0m /* 17.27 */    @Attribute[TestCase_20][0m
     [36m| [0m[34m|[0m /* 17.28 */    func typedCancellationHandlesAreScopedIdempotentAndStopBeforeNetworkIo(): Unit {[0m
     [36m| [0m[34m|[0m /* 17.29 */        let requestCancellation = HttpRequestCancellationHandle()[0m
     [36m| [0m[34m|[0m /* 17.30 */        let connectionCancellation = HttpConnectionCancellationHandle()[0m
     [36m| [0m[34m|[0m /* 17.31 */        let streamCancellation = HttpStreamCancellationHandle()[0m
     [36m| [0m[34m|[0m /* 17.32 */        expectEqual("requestCancellation.scope", "HttpCancellationScope.Request", requestCancellation.scope, HttpCancellationScope.Request, isDelta: false)[0m
     [36m| [0m[34m|[0m /* 17.33 */        expectEqual("connectionCancellation.scope", "HttpCancellationScope.Connection", connectionCancellation.scope, HttpCancellationScope.Connection, isDelta: false)[0m
     [36m| [0m[34m|[0m /* 17.34 */        expectEqual("streamCancellation.scope", "HttpCancellationScope.Stream", streamCancellation.scope, HttpCancellationScope.Stream, isDelta: false)[0m
     [36m| [0m[34m|[0m /* 17.35 */        expectEqual("requestCancellation.cancel()", "true", requestCancellation.cancel(), true, isDelta: false)[0m
     [36m| [0m[34m|[0m /* 17.36 */        expectEqual("! requestCancellation.cancel()", "true", ! requestCancellation.cancel(), true, isDelta: false)[0m
     [36m| [0m[34m|[0m /* 17.37 */        expectEqual("requestCancellation.isCancellationRequested", "true", requestCancellation.isCancellationRequested, true, isDelta: false)[0m
     [36m| [0m[34m|[0m /* 17.38 */        let raceHandle = HttpStreamCancellationHandle()[0m
     [36m| [0m[34m|[0m /* 17.39 */        let raceWinners = AtomicInt64(0)[0m
     [36m| [0m[34m|[0m /* 17.40 */        let racers = ArrayList < Future < Unit >>()[0m
     [36m| [0m[34m|[0m /* 17.41 */        for(_ in 0 .. 64) {[0m
     [36m| [0m[34m|[0m /* 17.42 */            racers.add(spawn { if(raceHandle.cancel()) {[0m
     [36m| [0m[34m|[0m /* 17.43 */                let _ = raceWinners.fetchAdd(1)[0m
     [36m| [0m[34m|[0m /* 17.44 */            }[0m
     [36m| [0m[34m|[0m /* 17.45 */        })[0m
     [36m| [0m[34m|[0m /* 17.46 */    }[0m
     [36m| [0m[34m|[0m /* 17.47 */    for(racer in racers) {[0m
     [36m| [0m[34m|[0m /* 17.48 */        racer.get(3 * Duration.second)[0m
     [36m| [0m[34m|[0m /* 17.49 */    }[0m
     [36m| [0m[34m|[0m /* 17.50 */    expectEqual("raceWinners.load()", "1", raceWinners.load(), 1, isDelta: false)[0m
     [36m| [0m[34m|[0m /* 17.51 */    expectEqual("! raceHandle.cancel()", "true", ! raceHandle.cancel(), true, isDelta: false)[0m
     [36m| [0m[34m|[0m /* 17.52 */    let handler = PublicCancellationHandler()[0m
     [36m| [0m[34m|[0m /* 17.53 */    let server = HttpServer.builder().listen(publicLoopback(0)).handler(handler).build()[0m
     [36m| [0m[34m|[0m /* 17.54 */    let serving: Future < Unit >= spawn { server.serve()[0m
     [36m| [0m[34m|[0m /* 17.55 */    }[0m
     [36m| [0m[34m|[0m /* 17.56 */    let host = HostName("cancel.test")[0m
     [36m| [0m[34m|[0m /* 17.57 */    let client = HttpClient.builder().resolver(StaticResolver(ResolveResult([server.localEndpoint.address], host, ResolverSource.Static))).requestTimeout(3 * Duration.second).build()[0m
     [36m| [0m[34m|[0m /* 17.58 */    var cancelled = false[0m
     [36m| [0m[34m|[0m /* 17.59 */    try {[0m
     [36m| [0m[34m|[0m /* 17.60 */        let warmup = client.get("http://cancel.test:${server.localEndpoint.port}/small")[0m
     [36m| [0m[34m|[0m /* 17.61 */        expectEqual("readPublicBody(warmup.body)", "\"ok\"", readPublicBody(warmup.body), "ok", isDelta: false)[0m
     [36m| [0m[34m|[0m /* 17.62 */        warmup.close()[0m
     [36m| [0m[34m|[0m /* 17.63 */        let _ = client.getControlled("http://cancel.test:${server.localEndpoint.port}/small", HttpCancellationHandles(request: Some(requestCancellation)))[0m
     [36m| [0m[34m|[0m /* 17.64 */    } catch(error: NetworkException) {[0m
     [36m| [0m[34m|[0m /* 17.65 */        match(error.category) {[0m
     [36m| [0m[34m|[0m /* 17.66 */            case NetworkErrorCategory.Cancelled => cancelled = true[0m
     [36m| [0m[34m|[0m /* 17.67 */            case _ =>()[0m
     [36m| [0m[34m|[0m /* 17.68 */        }[0m
     [36m| [0m[34m|[0m /* 17.69 */    }[0m
     [36m| [0m[34m|[0m /* 17.70 */    finally {[0m
     [36m| [0m[34m|[0m /* 17.71 */        client.close()[0m
     [36m| [0m[34m|[0m /* 17.72 */        let _ = server.shutdown(context: OperationContext(deadline: Some(Deadline.after(3 * Duration.second))))[0m
     [36m| [0m[34m|[0m /* 17.73 */        serving.get(3 * Duration.second)[0m
     [36m| [0m[34m|[0m /* 17.74 */    }[0m
     [36m| [0m[34m|[0m /* 17.75 */    expectEqual("cancelled", "true", cancelled, true, isDelta: false)[0m
     [36m| [0m[34m|[0m /* 17.76 */    expectEqual("handler.calls.load()", "1", handler.calls.load(), 1, isDelta: false)[0m
     [36m| [0m[34m|[0m /* 17.77 */    expectEqual("connectionCancellation.cancel()", "true", connectionCancellation.cancel(), true, isDelta: false)[0m
     [36m| [0m[34m|[0m /* 17.78 */    expectEqual("! connectionCancellation.cancel()", "true", ! connectionCancellation.cancel(), true, isDelta: false)[0m
     [36m| [0m[34m|[0m /* 17.79 */    expectEqual("streamCancellation.cancel()", "true", streamCancellation.cancel(), true, isDelta: false)[0m
     [36m| [0m[34m|[0m /* 17.80 */    expectEqual("! streamCancellation.cancel()", "true", ! streamCancellation.cancel(), true, isDelta: false)[0m
     [36m| [0m[34m|[0m /* 17.81 */}[0m
     [36m| [0m[34m|[0m /* 17.82 */[0m
     [36m| [0m[34m|[0m /* 17.83 */@Attribute[TestCase_21][0m
     [36m| [0m[34m|[0m /* 17.84 */func publicHttp1ConnectionHandleCancelsBodyAndLeavesClientReusable(): Unit {[0m
     [36m| [0m[34m|[0m /* 17.85 */    let handler = PublicCancellationHandler()[0m
     [36m| [0m[34m|[0m /* 17.86 */    let server = HttpServer.builder().listen(publicLoopback(0)).handler(handler).build()[0m
     [36m| [0m[34m|[0m /* 17.87 */    let serving: Future < Unit >= spawn { server.serve()[0m
     [36m| [0m[34m|[0m /* 17.88 */    }[0m
     [36m| [0m[34m|[0m /* 17.89 */    let host = HostName("cancel.test")[0m
     [36m| [0m[34m|[0m /* 17.90 */    let client = HttpClient.builder().resolver(StaticResolver(ResolveResult([server.localEndpoint.address], host, ResolverSource.Static))).requestTimeout(5 * Duration.second).build()[0m
     [36m| [0m[34m|[0m /* 17.91 */    try {[0m
     [36m| [0m[34m|[0m /* 17.92 */        let connectionCancellation = HttpConnectionCancellationHandle()[0m
     [36m| [0m[34m|[0m /* 17.93 */        let response = client.getControlled("http://cancel.test:${server.localEndpoint.port}/large", HttpCancellationHandles(connection: Some(connectionCancellation)))[0m
     [36m| [0m[34m|[0m /* 17.94 */        expectEqual("response.version", "HttpVersion.Http11", response.version, HttpVersion.Http11, isDelta: false)[0m
     [36m| [0m[34m|[0m /* 17.95 */        expectEqual("response.body.read(Array < Byte >(4096, repeat: 0u8))", "4096", response.body.read(Array < Byte >(4096, repeat: 0u8)), 4096, isDelta: false)[0m
     [36m| [0m[34m|[0m /* 17.96 */        expectEqual("connectionCancellation.cancel()", "true", connectionCancellation.cancel(), true, isDelta: false)[0m
     [36m| [0m[34m|[0m /* 17.97 */        expectEqual("! connectionCancellation.cancel()", "true", ! connectionCancellation.cancel(), true, isDelta: false)[0m
     [36m| [0m[34m|[0m /* 17.98 */        expectEqual("publicBodyReadWasCancelled(response.body)", "true", publicBodyReadWasCancelled(response.body), true, isDelta: false)[0m
     [36m| [0m[34m|[0m /* 17.99 */        response.close()[0m
     [36m| [0m[34m|[0m /* 17.100 */        let next = client.get("http://cancel.test:${server.localEndpoint.port}/small")[0m
     [36m| [0m[34m|[0m /* 17.101 */        expectEqual("readPublicBody(next.body)", "\"ok\"", readPublicBody(next.body), "ok", isDelta: false)[0m
     [36m| [0m[34m|[0m /* 17.102 */        next.close()[0m
     [36m| [0m[34m|[0m /* 17.103 */        expectEqual("handler.http1HandleChecks.load() >= 2", "true", handler.http1HandleChecks.load() >= 2, true, isDelta: false)[0m
     [36m| [0m[34m|[0m /* 17.104 */        client.close()[0m
     [36m| [0m[34m|[0m /* 17.105 */        let result = server.shutdown(context: OperationContext(deadline: Some(Deadline.after(5 * Duration.second))))[0m
     [36m| [0m[34m|[0m /* 17.106 */        expectEqual("result.activeAtReturn", "0", result.activeAtReturn, 0, isDelta: false)[0m
     [36m| [0m[34m|[0m /* 17.107 */        serving.get(5 * Duration.second)[0m
     [36m| [0m[34m|[0m /* 17.108 */    } finally {[0m
     [36m| [0m[34m|[0m /* 17.109 */        client.close()[0m
     [36m| [0m[34m|[0m /* 17.110 */        if(! server.isClosed()) {[0m
     [36m| [0m[34m|[0m /* 17.111 */            let _ = server.shutdown(context: OperationContext(deadline: Some(Deadline.after(5 * Duration.second))))[0m
     [36m| [0m[34m|[0m /* 17.112 */            serving.get(5 * Duration.second)[0m
     [36m| [0m[34m|[0m /* 17.113 */        }[0m
     [36m| [0m[34m|[0m /* 17.114 */    }[0m
     [36m| [0m[34m|[0m /* 17.115 */}[0m
     [36m| [0m[34m|[0m /* 17.116 */[0m
     [36m| [0m[34m|[0m /* 17.117 */@Attribute[TestCase_22][0m
     [36m| [0m[34m|[0m /* 17.118 */func publicHttp2StreamAndConnectionHandlesRespectTheirScopes(): Unit {[0m
     [36m| [0m[34m|[0m /* 17.119 */    let certificate = publicTlsTestCertificateDer()[0m
     [36m| [0m[34m|[0m /* 17.120 */    let serverTls = HttpServerTlsConfig([certificate], publicTlsTestPrivateKeyDer())[0m
     [36m| [0m[34m|[0m /* 17.121 */    let handler = PublicCancellationHandler()[0m
     [36m| [0m[34m|[0m /* 17.122 */    let server = HttpServer.builder().listen(publicLoopback(0)).handler(handler).tls(serverTls).http2StreamLimit(8u32).build()[0m
     [36m| [0m[34m|[0m /* 17.123 */    let serving: Future < Unit >= spawn { server.serve()[0m
     [36m| [0m[34m|[0m /* 17.124 */    }[0m
     [36m| [0m[34m|[0m /* 17.125 */    let host = HostName("example.com")[0m
     [36m| [0m[34m|[0m /* 17.126 */    let clientTls = HttpClientTlsConfig([certificate])[0m
     [36m| [0m[34m|[0m /* 17.127 */    let client = HttpClient.builder().resolver(StaticResolver(ResolveResult([server.localEndpoint.address], host, ResolverSource.Static))).tls(clientTls).requestTimeout(5 * Duration.second).build()[0m
     [36m| [0m[34m|[0m /* 17.128 */    try {[0m
     [36m| [0m[34m|[0m /* 17.129 */        let streamCancellation = HttpStreamCancellationHandle()[0m
     [36m| [0m[34m|[0m /* 17.130 */        let first = client.getControlled("https://example.com:${server.localEndpoint.port}/large", HttpCancellationHandles(stream: Some(streamCancellation)))[0m
     [36m| [0m[34m|[0m /* 17.131 */        expectEqual("first.version", "HttpVersion.Http2", first.version, HttpVersion.Http2, isDelta: false)[0m
     [36m| [0m[34m|[0m /* 17.132 */        expectEqual("first.body.read(Array < Byte >(4096, repeat: 0u8))", "4096", first.body.read(Array < Byte >(4096, repeat: 0u8)), 4096, isDelta: false)[0m
     [36m| [0m[34m|[0m /* 17.133 */        let sibling = client.get("https://example.com:${server.localEndpoint.port}/small")[0m
     [36m| [0m[34m|[0m /* 17.134 */        expectEqual("streamCancellation.cancel()", "true", streamCancellation.cancel(), true, isDelta: false)[0m
     [36m| [0m[34m|[0m /* 17.135 */        expectEqual("! streamCancellation.cancel()", "true", ! streamCancellation.cancel(), true, isDelta: false)[0m
     [36m| [0m[34m|[0m /* 17.136 */        expectEqual("publicBodyReadWasCancelled(first.body)", "true", publicBodyReadWasCancelled(first.body), true, isDelta: false)[0m
     [36m| [0m[34m|[0m /* 17.137 */        first.close()[0m
     [36m| [0m[34m|[0m /* 17.138 */        expectEqual("readPublicBody(sibling.body)", "\"ok\"", readPublicBody(sibling.body), "ok", isDelta: false)[0m
     [36m| [0m[34m|[0m /* 17.139 */        sibling.close()[0m
     [36m| [0m[34m|[0m /* 17.140 */        let stillUsable = client.get("https://example.com:${server.localEndpoint.port}/small")[0m
     [36m| [0m[34m|[0m /* 17.141 */        expectEqual("readPublicBody(stillUsable.body)", "\"ok\"", readPublicBody(stillUsable.body), "ok", isDelta: false)[0m
     [36m| [0m[34m|[0m /* 17.142 */        stillUsable.close()[0m
     [36m| [0m[34m|[0m /* 17.143 */        let requestCancellation = HttpRequestCancellationHandle()[0m
     [36m| [0m[34m|[0m /* 17.144 */        let wholeRequest = client.getControlled("https://example.com:${server.localEndpoint.port}/large", HttpCancellationHandles(request: Some(requestCancellation)))[0m
     [36m| [0m[34m|[0m /* 17.145 */        expectEqual("wholeRequest.body.read(Array < Byte >(4096, repeat: 0u8))", "4096", wholeRequest.body.read(Array < Byte >(4096, repeat: 0u8)), 4096, isDelta: false)[0m
     [36m| [0m[34m|[0m /* 17.146 */        expectEqual("requestCancellation.cancel()", "true", requestCancellation.cancel(), true, isDelta: false)[0m
     [36m| [0m[34m|[0m /* 17.147 */        expectEqual("! requestCancellation.cancel()", "true", ! requestCancellation.cancel(), true, isDelta: false)[0m
     [36m| [0m[34m|[0m /* 17.148 */        expectEqual("publicBodyReadWasCancelled(wholeRequest.body)", "true", publicBodyReadWasCancelled(wholeRequest.body), true, isDelta: false)[0m
     [36m| [0m[34m|[0m /* 17.149 */        wholeRequest.close()[0m
     [36m| [0m[34m|[0m /* 17.150 */        let afterRequestCancel = client.get("https://example.com:${server.localEndpoint.port}/small")[0m
     [36m| [0m[34m|[0m /* 17.151 */        expectEqual("readPublicBody(afterRequestCancel.body)", "\"ok\"", readPublicBody(afterRequestCancel.body), "ok", isDelta: false)[0m
     [36m| [0m[34m|[0m /* 17.152 */        afterRequestCancel.close()[0m
     [36m| [0m[34m|[0m /* 17.153 */        let connectionCancellation = HttpConnectionCancellationHandle()[0m
     [36m| [0m[34m|[0m /* 17.154 */        let onConnection = client.getControlled("https://example.com:${server.localEndpoint.port}/large", HttpCancellationHandles(connection: Some(connectionCancellation)))[0m
     [36m| [0m[34m|[0m /* 17.155 */        let otherStream = client.get("https://example.com:${server.localEndpoint.port}/large")[0m
     [36m| [0m[34m|[0m /* 17.156 */        expectEqual("connectionCancellation.cancel()", "true", connectionCancellation.cancel(), true, isDelta: false)[0m
     [36m| [0m[34m|[0m /* 17.157 */        expectEqual("! connectionCancellation.cancel()", "true", ! connectionCancellation.cancel(), true, isDelta: false)[0m
     [36m| [0m[34m|[0m /* 17.158 */        expectEqual("publicBodyReadWasCancelled(onConnection.body)", "true", publicBodyReadWasCancelled(onConnection.body), true, isDelta: false)[0m
     [36m| [0m[34m|[0m /* 17.159 */        expectEqual("publicBodyReadWasCancelled(otherStream.body)", "true", publicBodyReadWasCancelled(otherStream.body), true, isDelta: false)[0m
     [36m| [0m[34m|[0m /* 17.160 */        onConnection.close()[0m
     [36m| [0m[34m|[0m /* 17.161 */        otherStream.close()[0m
     [36m| [0m[34m|[0m /* 17.162 */        expectEqual("handler.http2HandleChecks.load() >= 7", "true", handler.http2HandleChecks.load() >= 7, true, isDelta: false)[0m
     [36m| [0m[34m|[0m /* 17.163 */        let result = server.shutdown(context: OperationContext(deadline: Some(Deadline.after(5 * Duration.second))))[0m
     [36m| [0m[34m|[0m /* 17.164 */        expectEqual("result.activeAtReturn", "0", result.activeAtReturn, 0, isDelta: false)[0m
     [36m| [0m[34m|[0m /* 17.165 */        serving.get(5 * Duration.second)[0m
     [36m| [0m[34m|[0m /* 17.166 */    } finally {[0m
     [36m| [0m[34m|[0m /* 17.167 */        client.close()[0m
     [36m| [0m[34m|[0m /* 17.168 */        clientTls.close()[0m
     [36m| [0m[34m|[0m /* 17.169 */        if(! server.isClosed()) {[0m
     [36m| [0m[34m|[0m /* 17.170 */            let _ = server.shutdown(context: OperationContext(deadline: Some(Deadline.after(5 * Duration.second))))[0m
     [36m| [0m[34m|[0m /* 17.171 */            serving.get(5 * Duration.second)[0m
     [36m| [0m[34m|[0m /* 17.172 */        }[0m
     [36m| [0m[34m|[0m /* 17.173 */        serverTls.close()[0m
     [36m| [0m[34m|[0m /* 17.174 */    }[0m
     [36m| [0m[34m|[0m /* 17.175 */}[0m
     [36m| [0m[34m|[0m /* 17.176 */[0m
     [36m| [0m[34m|[0m /* 17.177 */@Attribute[TestCase_23][0m
     [36m| [0m[34m|[0m /* 17.178 */func publicHttp2SlowStreamCannotStarveOneTenOrHundredSiblings(): Unit {[0m
     [36m| [0m[34m|[0m /* 17.179 */    let certificate = publicTlsTestCertificateDer()[0m
     [36m| [0m[34m|[0m /* 17.180 */    let serverTls = HttpServerTlsConfig([certificate], publicTlsTestPrivateKeyDer())[0m
     [36m| [0m[34m|[0m /* 17.181 */    let handler = PublicSiblingFairnessHandler()[0m
     [36m| [0m[34m|[0m /* 17.182 */    let server = HttpServer.builder().listen(publicLoopback(0)).handler(handler).tls(serverTls).http2StreamLimit(8u32).build()[0m
     [36m| [0m[34m|[0m /* 17.183 */    let serving: Future < Unit >= spawn { server.serve()[0m
     [36m| [0m[34m|[0m /* 17.184 */    }[0m
     [36m| [0m[34m|[0m /* 17.185 */    let host = HostName("example.com")[0m
     [36m| [0m[34m|[0m /* 17.186 */    let clientTls = HttpClientTlsConfig([certificate])[0m
     [36m| [0m[34m|[0m /* 17.187 */    let client = HttpClient.builder().resolver(StaticResolver(ResolveResult([server.localEndpoint.address], host, ResolverSource.Static))).tls(clientTls).requestTimeout(5 * Duration.second).build()[0m
     [36m| [0m[34m|[0m /* 17.188 */    var first:?HttpResponse = None < HttpResponse >[0m
     [36m| [0m[34m|[0m /* 17.189 */    try {[0m
     [36m| [0m[34m|[0m /* 17.190 */        let slow = client.get("https://example.com:${server.localEndpoint.port}/large-stall")[0m
     [36m| [0m[34m|[0m /* 17.191 */        first = Some(slow)[0m
     [36m| [0m[34m|[0m /* 17.192 */        expectEqual("slow.version", "HttpVersion.Http2", slow.version, HttpVersion.Http2, isDelta: false)[0m
     [36m| [0m[34m|[0m /* 17.193 */        handler.waitUntilConnectionWindowExhausted()[0m
     [36m| [0m[34m|[0m /* 17.194 */        expectEqual("slow.body.read(Array < Byte >(4096, repeat: 0u8))", "4096", slow.body.read(Array < Byte >(4096, repeat: 0u8)), 4096, isDelta: false)[0m
     [36m| [0m[34m|[0m /* 17.195 */        let siblingsStarted = MonoTime.now()[0m
     [36m| [0m[34m|[0m /* 17.196 */        var latency1Ns: Int64 = 0[0m
     [36m| [0m[34m|[0m /* 17.197 */        var latency10Ns: Int64 = 0[0m
     [36m| [0m[34m|[0m /* 17.198 */        var latency100Ns: Int64 = 0[0m
     [36m| [0m[34m|[0m /* 17.199 */        var completed: Int64 = 0[0m
     [36m| [0m[34m|[0m /* 17.200 */        for(_ in 0 .. 100) {[0m
     [36m| [0m[34m|[0m /* 17.201 */            let sibling = client.get("https://example.com:${server.localEndpoint.port}/small")[0m
     [36m| [0m[34m|[0m /* 17.202 */            try {[0m
     [36m| [0m[34m|[0m /* 17.203 */                expectEqual("sibling.version", "HttpVersion.Http2", sibling.version, HttpVersion.Http2, isDelta: false)[0m
     [36m| [0m[34m|[0m /* 17.204 */                expectEqual("readPublicBody(sibling.body)", "\"ok\"", readPublicBody(sibling.body), "ok", isDelta: false)[0m
     [36m| [0m[34m|[0m /* 17.205 */                completed ++[0m
     [36m| [0m[34m|[0m /* 17.206 */                if(completed == 1) {[0m
     [36m| [0m[34m|[0m /* 17.207 */                    latency1Ns =(MonoTime.now() - siblingsStarted).toNanoseconds()[0m
     [36m| [0m[34m|[0m /* 17.208 */                }[0m
     [36m| [0m[34m|[0m /* 17.209 */                else if(completed == 10) {[0m
     [36m| [0m[34m|[0m /* 17.210 */                    latency10Ns =(MonoTime.now() - siblingsStarted).toNanoseconds()[0m
     [36m| [0m[34m|[0m /* 17.211 */                }[0m
     [36m| [0m[34m|[0m /* 17.212 */                else if(completed == 100) {[0m
     [36m| [0m[34m|[0m /* 17.213 */                    latency100Ns =(MonoTime.now() - siblingsStarted).toNanoseconds()[0m
     [36m| [0m[34m|[0m /* 17.214 */                }[0m
     [36m| [0m[34m|[0m /* 17.215 */            } finally {[0m
     [36m| [0m[34m|[0m /* 17.216 */                sibling.close()[0m
     [36m| [0m[34m|[0m /* 17.217 */            }[0m
     [36m| [0m[34m|[0m /* 17.218 */        }[0m
     [36m| [0m[34m|[0m /* 17.219 */        expectEqual("completed", "100", completed, 100, isDelta: false)[0m
     [36m| [0m[34m|[0m /* 17.220 */        expectEqual("handler.siblingCalls.load()", "100", handler.siblingCalls.load(), 100, isDelta: false)[0m
     [36m| [0m[34m|[0m /* 17.221 */        println("M6_024_RESULT protocol=h2 exhaustedBytes=65535 consumedBytes=4096 " + "siblings=${completed} latency1Ns=${latency1Ns} latency10Ns=${latency10Ns} " + "latency100Ns=${latency100Ns} siblingTimeouts=0 connectionAborts=0")[0m
     [36m| [0m[34m|[0m /* 17.222 */    } finally {[0m
     [36m| [0m[34m|[0m /* 17.223 */        handler.releaseLargeBody()[0m
     [36m| [0m[34m|[0m /* 17.224 */        if(let Some(slow) <- first) {[0m
     [36m| [0m[34m|[0m /* 17.225 */            slow.close()[0m
     [36m| [0m[34m|[0m /* 17.226 */        }[0m
     [36m| [0m[34m|[0m /* 17.227 */        client.close()[0m
     [36m| [0m[34m|[0m /* 17.228 */        clientTls.close()[0m
     [36m| [0m[34m|[0m /* 17.229 */        let _ = server.shutdown(context: OperationContext(deadline: Some(Deadline.after(5 * Duration.second))))[0m
     [36m| [0m[34m|[0m /* 17.230 */        serving.get(5 * Duration.second)[0m
     [36m| [0m[34m|[0m /* 17.231 */        serverTls.close()[0m
     [36m| [0m[34m|[0m /* 17.232 */    }[0m
     [36m| [0m[34m|[0m /* 17.233 */}[0m
     [36m| [0m[34m|[0m /* 17.234 */[0m
     [36m| [0m[34m|[0m /* 17.235 */@Attribute[TestCase_24][0m
     [36m| [0m[34m|[0m /* 17.236 */func tlsHttp2StreamLimitIsAppliedAcrossConcurrentPublicRequests(): Unit {[0m
     [36m| [0m[34m|[0m /* 17.237 */    let certificate = publicTlsTestCertificateDer()[0m
     [36m| [0m[34m|[0m /* 17.238 */    let serverTls = HttpServerTlsConfig([certificate], publicTlsTestPrivateKeyDer())[0m
     [36m| [0m[34m|[0m /* 17.239 */    let handler = PublicHttp2LimitHandler()[0m
     [36m| [0m[34m|[0m /* 17.240 */    let server = HttpServer.builder().listen(publicLoopback(0)).handler(handler).tls(serverTls).http2StreamLimit(1u32).build()[0m
     [36m| [0m[34m|[0m /* 17.241 */    let serving: Future < Unit >= spawn { server.serve()[0m
     [36m| [0m[34m|[0m /* 17.242 */    }[0m
     [36m| [0m[34m|[0m /* 17.243 */    let host = HostName("example.com")[0m
     [36m| [0m[34m|[0m /* 17.244 */    let clientTls = HttpClientTlsConfig([certificate])[0m
     [36m| [0m[34m|[0m /* 17.245 */    let client = HttpClient.builder().resolver(StaticResolver(ResolveResult([server.localEndpoint.address], host, ResolverSource.Static))).tls(clientTls).requestTimeout(5 * Duration.second).build()[0m
     [36m| [0m[34m|[0m /* 17.246 */    try {[0m
     [36m| [0m[34m|[0m /* 17.247 */        let first = spawn { client.get("https://example.com:${server.localEndpoint.port}/limit/first")[0m
     [36m| [0m[34m|[0m /* 17.248 */        }[0m
     [36m| [0m[34m|[0m /* 17.249 */        handler.waitForFirst()[0m
     [36m| [0m[34m|[0m /* 17.250 */        let second = spawn { client.get("https://example.com:${server.localEndpoint.port}/limit/second")[0m
     [36m| [0m[34m|[0m /* 17.251 */        }[0m
     [36m| [0m[34m|[0m /* 17.252 */        let secondResponse = second.get(5 * Duration.second)[0m
     [36m| [0m[34m|[0m /* 17.253 */        let firstResponse = first.get(5 * Duration.second)[0m
     [36m| [0m[34m|[0m /* 17.254 */        expectEqual("secondResponse.status", "204", secondResponse.status, 204, isDelta: false)[0m
     [36m| [0m[34m|[0m /* 17.255 */        expectEqual("firstResponse.status", "204", firstResponse.status, 204, isDelta: false)[0m
     [36m| [0m[34m|[0m /* 17.256 */        secondResponse.close()[0m
     [36m| [0m[34m|[0m /* 17.257 */        firstResponse.close()[0m
     [36m| [0m[34m|[0m /* 17.258 */        expectEqual("handler.maximumActive.load()", "2", handler.maximumActive.load(), 2, isDelta: false)[0m
     [36m| [0m[34m|[0m /* 17.259 */        let result = server.shutdown(context: OperationContext(deadline: Some(Deadline.after(5 * Duration.second))))[0m
     [36m| [0m[34m|[0m /* 17.260 */        expectEqual("result.gracefullyCompleted", "2", result.gracefullyCompleted, 2, isDelta: false)[0m
     [36m| [0m[34m|[0m /* 17.261 */        expectEqual("result.aborted", "0", result.aborted, 0, isDelta: false)[0m
     [36m| [0m[34m|[0m /* 17.262 */        expectEqual("result.activeAtReturn", "0", result.activeAtReturn, 0, isDelta: false)[0m
     [36m| [0m[34m|[0m /* 17.263 */        serving.get(5 * Duration.second)[0m
     [36m| [0m[34m|[0m /* 17.264 */    } finally {[0m
     [36m| [0m[34m|[0m /* 17.265 */        client.close()[0m
     [36m| [0m[34m|[0m /* 17.266 */        clientTls.close()[0m
     [36m| [0m[34m|[0m /* 17.267 */        if(! server.isClosed()) {[0m
     [36m| [0m[34m|[0m /* 17.268 */            let _ = server.shutdown(context: OperationContext(deadline: Some(Deadline.after(5 * Duration.second))))[0m
     [36m| [0m[34m|[0m /* 17.269 */            serving.get(5 * Duration.second)[0m
     [36m| [0m[34m|[0m /* 17.270 */        }[0m
     [36m| [0m[34m|[0m /* 17.271 */        serverTls.close()[0m
     [36m| [0m[34m|[0m /* 17.272 */    }[0m
     [36m| [0m[34m|[0m /* 17.273 */}[0m
     [36m| [0m[34m|[0m /* 17.274 */[0m
     [36m| [0m[34m|[0m /* 17.275 */@Attribute[TestCase_25][0m
     [36m| [0m[34m|[0m /* 17.276 */func tlsFacadeNegotiatesHttp2AndMapsBodyTrailersAndResponse(): Unit {[0m
     [36m| [0m[34m|[0m /* 17.277 */    let certificate = publicTlsTestCertificateDer()[0m
     [36m| [0m[34m|[0m /* 17.278 */    let serverTls = HttpServerTlsConfig([certificate], publicTlsTestPrivateKeyDer())[0m
     [36m| [0m[34m|[0m /* 17.279 */    let handler = PublicHttp2EchoHandler()[0m
     [36m| [0m[34m|[0m /* 17.280 */    let server = HttpServer.builder().listen(publicLoopback(0)).handler(handler).tls(serverTls).http2StreamLimit(4u32).build()[0m
     [36m| [0m[34m|[0m /* 17.281 */    let serving: Future < Unit >= spawn { server.serve()[0m
     [36m| [0m[34m|[0m /* 17.282 */    }[0m
     [36m| [0m[34m|[0m /* 17.283 */    let host = HostName("example.com")[0m
     [36m| [0m[34m|[0m /* 17.284 */    let clientTls = HttpClientTlsConfig([certificate])[0m
     [36m| [0m[34m|[0m /* 17.285 */    let client = HttpClient.builder().resolver(StaticResolver(ResolveResult([server.localEndpoint.address], host, ResolverSource.Static))).tls(clientTls).requestTimeout(3 * Duration.second).build()[0m
     [36m| [0m[34m|[0m /* 17.286 */    try {[0m
     [36m| [0m[34m|[0m /* 17.287 */        let response = client.send(HttpRequest.post("https://example.com:${server.localEndpoint.port}/h2", RequestBody.string("request-body")), trailer: HttpTrailer(headers: HttpHeaders.builder().add("X-Request-Trailer", "done").build()))[0m
     [36m| [0m[34m|[0m /* 17.288 */        expectEqual("response.status", "201", response.status, 201, isDelta: false)[0m
     [36m| [0m[34m|[0m /* 17.289 */        expectEqual("readPublicBody(response.body)", "\"response-body\"", readPublicBody(response.body), "response-body", isDelta: false)[0m
     [36m| [0m[34m|[0m /* 17.290 */        expectEqual("response.body.trailer.getOrThrow().headers.getFirst(\"x-response-trailer\")", "Some(\"done\")", response.body.trailer.getOrThrow().headers.getFirst("x-response-trailer"), Some("done"), isDelta: false)[0m
     [36m| [0m[34m|[0m /* 17.291 */        expectEqual("handler.http2Calls.load()", "1", handler.http2Calls.load(), 1, isDelta: false)[0m
     [36m| [0m[34m|[0m /* 17.292 */        response.close()[0m
     [36m| [0m[34m|[0m /* 17.293 */        let h1Context = OperationContext(deadline: Some(Deadline.after(3 * Duration.second)))[0m
     [36m| [0m[34m|[0m /* 17.294 */        let h1Handshaker = http1test.DefaultHttp1TlsHandshaker.createWithDer([certificate])[0m
     [36m| [0m[34m|[0m /* 17.295 */        let h1Transport = stdnettest.StdNetTransportFactory().connect(server.localEndpoint, h1Context)[0m
     [36m| [0m[34m|[0m /* 17.296 */        let h1Connection = http1test.Http1ClientConnection(h1Handshaker.handshake(HostName("example.com"), h1Transport, h1Context))[0m
     [36m| [0m[34m|[0m /* 17.297 */        try {[0m
     [36m| [0m[34m|[0m /* 17.298 */            let h1Response = h1Connection.execute(HttpRequest.get("https://example.com:${server.localEndpoint.port}/h1"), context: h1Context).response[0m
     [36m| [0m[34m|[0m /* 17.299 */            expectEqual("h1Response.status", "200", h1Response.status, 200, isDelta: false)[0m
     [36m| [0m[34m|[0m /* 17.300 */            h1Response.close()[0m
     [36m| [0m[34m|[0m /* 17.301 */            expectEqual("handler.http1Calls.load()", "1", handler.http1Calls.load(), 1, isDelta: false)[0m
     [36m| [0m[34m|[0m /* 17.302 */        } finally {[0m
     [36m| [0m[34m|[0m /* 17.303 */            h1Connection.close()[0m
     [36m| [0m[34m|[0m /* 17.304 */            h1Handshaker.close()[0m
     [36m| [0m[34m|[0m /* 17.305 */        }[0m
     [36m| [0m[34m|[0m /* 17.306 */        var structuredReset = false[0m
     [36m| [0m[34m|[0m /* 17.307 */        try {[0m
     [36m| [0m[34m|[0m /* 17.308 */            let _ = client.get("https://example.com:${server.localEndpoint.port}/fail")[0m
     [36m| [0m[34m|[0m /* 17.309 */        } catch(error: HttpException) {[0m
     [36m| [0m[34m|[0m /* 17.310 */            match(error.code) {[0m
     [36m| [0m[34m|[0m /* 17.311 */                case HttpErrorCode.StreamReset => structuredReset = true[0m
     [36m| [0m[34m|[0m /* 17.312 */                case _ =>()[0m
     [36m| [0m[34m|[0m /* 17.313 */            }[0m
     [36m| [0m[34m|[0m /* 17.314 */        }[0m
     [36m| [0m[34m|[0m /* 17.315 */        expectEqual("structuredReset", "true", structuredReset, true, isDelta: false)[0m
     [36m| [0m[34m|[0m /* 17.316 */        let result = server.shutdown(context: OperationContext(deadline: Some(Deadline.after(3 * Duration.second))))[0m
     [36m| [0m[34m|[0m /* 17.317 */        expectEqual("result.gracefullyCompleted", "1", result.gracefullyCompleted, 1, isDelta: false)[0m
     [36m| [0m[34m|[0m /* 17.318 */        expectEqual("result.aborted", "0", result.aborted, 0, isDelta: false)[0m
     [36m| [0m[34m|[0m /* 17.319 */        expectEqual("result.activeAtReturn", "0", result.activeAtReturn, 0, isDelta: false)[0m
     [36m| [0m[34m|[0m /* 17.320 */        serving.get(3 * Duration.second)[0m
     [36m| [0m[34m|[0m /* 17.321 */    } finally {[0m
     [36m| [0m[34m|[0m /* 17.322 */        client.close()[0m
     [36m| [0m[34m|[0m /* 17.323 */        clientTls.close()[0m
     [36m| [0m[34m|[0m /* 17.324 */        if(! server.isClosed()) {[0m
     [36m| [0m[34m|[0m /* 17.325 */            let _ = server.shutdown(context: OperationContext(deadline: Some(Deadline.after(3 * Duration.second))))[0m
     [36m| [0m[34m|[0m /* 17.326 */            serving.get(3 * Duration.second)[0m
     [36m| [0m[34m|[0m /* 17.327 */        }[0m
     [36m| [0m[34m|[0m /* 17.328 */        serverTls.close()[0m
     [36m| [0m[34m|[0m /* 17.329 */    }[0m
     [36m| [0m[34m|[0m /* 17.330 */}[0m
     [36m| [0m[34m|[0m /* 17.331 */[0m
     [36m| [0m[34m|[0m /* 17.332 */@Attribute[TestCase_26][0m
     [36m| [0m[34m|[0m /* 17.333 */func explicitResolverConnectsPublicClientAndServer(): Unit {[0m
     [36m| [0m[34m|[0m /* 17.334 */    let server = HttpServer.builder().listen(publicLoopback(0)).handler(PublicEmptyHandler()).connectionLimit(4).build()[0m
     [36m| [0m[34m|[0m /* 17.335 */    let serving: Future < Unit >= spawn { server.serve()[0m
     [36m| [0m[34m|[0m /* 17.336 */    }[0m
     [36m| [0m[34m|[0m /* 17.337 */    let host = HostName("loopback.test")[0m
     [36m| [0m[34m|[0m /* 17.338 */    let client = HttpClient.builder().resolver(StaticResolver(ResolveResult([server.localEndpoint.address], host, ResolverSource.Static))).requestTimeout(Duration.second).build()[0m
     [36m| [0m[34m|[0m /* 17.339 */    try {[0m
     [36m| [0m[34m|[0m /* 17.340 */        let response = client.get("http://loopback.test:${server.localEndpoint.port}/ready")[0m
     [36m| [0m[34m|[0m /* 17.341 */        expectEqual("response.status", "200", response.status, 200, isDelta: false)[0m
     [36m| [0m[34m|[0m /* 17.342 */        expectEqual("response.headers.getFirst(\"content-length\")", "Some(\"0\")", response.headers.getFirst("content-length"), Some("0"), isDelta: false)[0m
     [36m| [0m[34m|[0m /* 17.343 */        expectEqual("response.body.read(Array < Byte >(1, repeat: 0))", "0", response.body.read(Array < Byte >(1, repeat: 0)), 0, isDelta: false)[0m
     [36m| [0m[34m|[0m /* 17.344 */        response.close()[0m
     [36m| [0m[34m|[0m /* 17.345 */    } finally {[0m
     [36m| [0m[34m|[0m /* 17.346 */        client.close()[0m
     [36m| [0m[34m|[0m /* 17.347 */        let _ = server.shutdown(context: OperationContext(deadline: Some(Deadline.after(Duration.second))))[0m
     [36m| [0m[34m|[0m /* 17.348 */        serving.get(Duration.second)[0m
     [36m| [0m[34m|[0m /* 17.349 */    }[0m
     [36m| [0m[34m|[0m /* 17.350 */}[0m
     [36m| [0m[34m|[0m /* 17.351 */[0m
     [36m| [0m[34m|[0m /* 17.352 */@Attribute[TestCase_27][0m
     [36m| [0m[34m|[0m /* 17.353 */func defaultSystemResolverConnectsPublicClientAndServer(): Unit {[0m
     [36m| [0m[34m|[0m /* 17.354 */    let server = HttpServer.builder().listen(publicLoopback(0)).handler(PublicEmptyHandler()).connectionLimit(4).build()[0m
     [36m| [0m[34m|[0m /* 17.355 */    let serving: Future < Unit >= spawn { server.serve()[0m
     [36m| [0m[34m|[0m /* 17.356 */    }[0m
     [36m| [0m[34m|[0m /* 17.357 */    let client = HttpClient.default()[0m
     [36m| [0m[34m|[0m /* 17.358 */    try {[0m
     [36m| [0m[34m|[0m /* 17.359 */        let response = client.get("http://localhost:${server.localEndpoint.port}/ready", context: OperationContext(deadline: Some(Deadline.after(Duration.second))))[0m
     [36m| [0m[34m|[0m /* 17.360 */        expectEqual("response.status", "200", response.status, 200, isDelta: false)[0m
     [36m| [0m[34m|[0m /* 17.361 */        expectEqual("response.body.read(Array < Byte >(1, repeat: 0))", "0", response.body.read(Array < Byte >(1, repeat: 0)), 0, isDelta: false)[0m
     [36m| [0m[34m|[0m /* 17.362 */        response.close()[0m
     [36m| [0m[34m|[0m /* 17.363 */    } finally {[0m
     [36m| [0m[34m|[0m /* 17.364 */        client.close()[0m
     [36m| [0m[34m|[0m /* 17.365 */        let _ = server.shutdown(context: OperationContext(deadline: Some(Deadline.after(Duration.second))))[0m
     [36m| [0m[34m|[0m /* 17.366 */        serving.get(Duration.second)[0m
     [36m| [0m[34m|[0m /* 17.367 */    }[0m
     [36m| [0m[34m|[0m /* 17.368 */}[0m
     [36m| [0m[34m|[0m /* 17.369 */[0m
     [36m| [0m[34m|[0m /* 17.370 */@Attribute[TestCase_28][0m
     [36m| [0m[34m|[0m /* 17.371 */func clientFollowsOriginRelativeRedirectEndToEnd(): Unit {[0m
     [36m| [0m[34m|[0m /* 17.372 */    let handler = PublicRedirectHandler()[0m
     [36m| [0m[34m|[0m /* 17.373 */    let server = HttpServer.builder().listen(publicLoopback(0)).handler(handler).build()[0m
     [36m| [0m[34m|[0m /* 17.374 */    let serving: Future < Unit >= spawn { server.serve()[0m
     [36m| [0m[34m|[0m /* 17.375 */    }[0m
     [36m| [0m[34m|[0m /* 17.376 */    let host = HostName("redirect.test")[0m
     [36m| [0m[34m|[0m /* 17.377 */    let client = HttpClient.builder().resolver(StaticResolver(ResolveResult([server.localEndpoint.address], host, ResolverSource.Static))).requestTimeout(Duration.second).build()[0m
     [36m| [0m[34m|[0m /* 17.378 */    try {[0m
     [36m| [0m[34m|[0m /* 17.379 */        let response = client.get("http://redirect.test:${server.localEndpoint.port}/start")[0m
     [36m| [0m[34m|[0m /* 17.380 */        expectEqual("response.status", "200", response.status, 200, isDelta: false)[0m
     [36m| [0m[34m|[0m /* 17.381 */        expectEqual("handler.calls.load()", "2", handler.calls.load(), 2, isDelta: false)[0m
     [36m| [0m[34m|[0m /* 17.382 */        response.close()[0m
     [36m| [0m[34m|[0m /* 17.383 */    } finally {[0m
     [36m| [0m[34m|[0m /* 17.384 */        client.close()[0m
     [36m| [0m[34m|[0m /* 17.385 */        let _ = server.shutdown(context: OperationContext(deadline: Some(Deadline.after(Duration.second))))[0m
     [36m| [0m[34m|[0m /* 17.386 */        serving.get(Duration.second)[0m
     [36m| [0m[34m|[0m /* 17.387 */    }[0m
     [36m| [0m[34m|[0m /* 17.388 */}[0m
     [36m| [0m[34m|[0m /* 17.389 */[0m
     [36m| [0m[34m|[0m /* 17.390 */@Attribute[TestCase_29][0m
     [36m| [0m[34m|[0m /* 17.391 */func clientRetriesOneTemporaryDnsFailureWithinTheSameDeadline(): Unit {[0m
     [36m| [0m[34m|[0m /* 17.392 */    let server = HttpServer.builder().listen(publicLoopback(0)).handler(PublicEmptyHandler()).build()[0m
     [36m| [0m[34m|[0m /* 17.393 */    let serving: Future < Unit >= spawn { server.serve()[0m
     [36m| [0m[34m|[0m /* 17.394 */    }[0m
     [36m| [0m[34m|[0m /* 17.395 */    let host = HostName("retry.test")[0m
     [36m| [0m[34m|[0m /* 17.396 */    let resolver = FlakyPublicResolver(ResolveResult([server.localEndpoint.address], host, ResolverSource.Static))[0m
     [36m| [0m[34m|[0m /* 17.397 */    let client = HttpClient.builder().resolver(resolver).requestTimeout(Duration.second).retryPolicy(HttpRetryPolicy(maximumAttempts: 2)).build()[0m
     [36m| [0m[34m|[0m /* 17.398 */    try {[0m
     [36m| [0m[34m|[0m /* 17.399 */        let response = client.get("http://retry.test:${server.localEndpoint.port}/ready")[0m
     [36m| [0m[34m|[0m /* 17.400 */        expectEqual("response.status", "200", response.status, 200, isDelta: false)[0m
     [36m| [0m[34m|[0m /* 17.401 */        expectEqual("resolver.calls.load()", "2", resolver.calls.load(), 2, isDelta: false)[0m
     [36m| [0m[34m|[0m /* 17.402 */        response.close()[0m
     [36m| [0m[34m|[0m /* 17.403 */    } finally {[0m
     [36m| [0m[34m|[0m /* 17.404 */        client.close()[0m
     [36m| [0m[34m|[0m /* 17.405 */        let _ = server.shutdown(context: OperationContext(deadline: Some(Deadline.after(Duration.second))))[0m
     [36m| [0m[34m|[0m /* 17.406 */        serving.get(Duration.second)[0m
     [36m| [0m[34m|[0m /* 17.407 */    }[0m
     [36m| [0m[34m|[0m /* 17.408 */}[0m
     [36m| [0m[34m|[0m /* 17.409 */[0m
     [36m| [0m[34m|[0m /* 17.410 */@Attribute[TestCase_30][0m
     [36m| [0m[34m|[0m /* 17.411 */func forwardProxyUsesAbsoluteFormIndependentDnsAndHookCredentials(): Unit {[0m
     [36m| [0m[34m|[0m /* 17.412 */    let handler = PublicForwardProxyHandler()[0m
     [36m| [0m[34m|[0m /* 17.413 */    let server = HttpServer.builder().listen(publicLoopback(0)).handler(handler).build()[0m
     [36m| [0m[34m|[0m /* 17.414 */    let serving: Future < Unit >= spawn { server.serve()[0m
     [36m| [0m[34m|[0m /* 17.415 */    }[0m
     [36m| [0m[34m|[0m /* 17.416 */    let proxyHost = HostName("proxy.test")[0m
     [36m| [0m[34m|[0m /* 17.417 */    let proxyResolver = CountingPublicResolver(ResolveResult([server.localEndpoint.address], proxyHost, ResolverSource.Static))[0m
     [36m| [0m[34m|[0m /* 17.418 */    let originResolver = RejectingPublicResolver()[0m
     [36m| [0m[34m|[0m /* 17.419 */    let authorization = PublicProxyAuthorization()[0m
     [36m| [0m[34m|[0m /* 17.420 */    let proxy = HttpProxyConfig(HttpProxyEndpoint.hostname("proxy.test", server.localEndpoint.port), proxyResolver, authorizationProvider: Some(authorization))[0m
     [36m| [0m[34m|[0m /* 17.421 */    let client = HttpClient.builder().resolver(originResolver).proxy(proxy).requestTimeout(Duration.second).build()[0m
     [36m| [0m[34m|[0m /* 17.422 */    try {[0m
     [36m| [0m[34m|[0m /* 17.423 */        let request = HttpRequest(HttpMethod("GET"), HttpUrl.parse("http://origin.test:8081/path?q=1"), headers: HttpHeaders.builder().add("Proxy-Authorization", "Caller value must be replaced").build())[0m
     [36m| [0m[34m|[0m /* 17.424 */        let response = client.send(request)[0m
     [36m| [0m[34m|[0m /* 17.425 */        expectEqual("response.status", "200", response.status, 200, isDelta: false)[0m
     [36m| [0m[34m|[0m /* 17.426 */        response.close()[0m
     [36m| [0m[34m|[0m /* 17.427 */        expectEqual("handler.valid.load()", "1", handler.valid.load(), 1, isDelta: false)[0m
     [36m| [0m[34m|[0m /* 17.428 */        expectEqual("proxyResolver.calls.load()", "1", proxyResolver.calls.load(), 1, isDelta: false)[0m
     [36m| [0m[34m|[0m /* 17.429 */        expectEqual("originResolver.calls.load()", "0", originResolver.calls.load(), 0, isDelta: false)[0m
     [36m| [0m[34m|[0m /* 17.430 */        expectEqual("authorization.calls.load()", "1", authorization.calls.load(), 1, isDelta: false)[0m
     [36m| [0m[34m|[0m /* 17.431 */    } finally {[0m
     [36m| [0m[34m|[0m /* 17.432 */        client.close()[0m
     [36m| [0m[34m|[0m /* 17.433 */        let _ = server.shutdown(context: OperationContext(deadline: Some(Deadline.after(Duration.second))))[0m
     [36m| [0m[34m|[0m /* 17.434 */        serving.get(Duration.second)[0m
     [36m| [0m[34m|[0m /* 17.435 */    }[0m
     [36m| [0m[34m|[0m /* 17.436 */}[0m
     [36m| [0m[34m|[0m /* 17.437 */[0m
     [36m| [0m[34m|[0m /* 17.438 */@Attribute[TestCase_31][0m
     [36m| [0m[34m|[0m /* 17.439 */func serverBuilderRequiresEndpointAndHandler(): Unit {[0m
     [36m| [0m[34m|[0m /* 17.440 */    var missingEndpoint = false[0m
     [36m| [0m[34m|[0m /* 17.441 */    try {[0m
     [36m| [0m[34m|[0m /* 17.442 */        let _ = HttpServer.builder().handler(PublicEmptyHandler()).build()[0m
     [36m| [0m[34m|[0m /* 17.443 */    } catch(_: IllegalStateException) {[0m
     [36m| [0m[34m|[0m /* 17.444 */        missingEndpoint = true[0m
     [36m| [0m[34m|[0m /* 17.445 */    }[0m
     [36m| [0m[34m|[0m /* 17.446 */    expectEqual("missingEndpoint", "true", missingEndpoint, true, isDelta: false)[0m
     [36m| [0m[34m|[0m /* 17.447 */    var missingHandler = false[0m
     [36m| [0m[34m|[0m /* 17.448 */    try {[0m
     [36m| [0m[34m|[0m /* 17.449 */        let _ = HttpServer.builder().listen(publicLoopback(0)).build()[0m
     [36m| [0m[34m|[0m /* 17.450 */    } catch(_: IllegalStateException) {[0m
     [36m| [0m[34m|[0m /* 17.451 */        missingHandler = true[0m
     [36m| [0m[34m|[0m /* 17.452 */    }[0m
     [36m| [0m[34m|[0m /* 17.453 */    expectEqual("missingHandler", "true", missingHandler, true, isDelta: false)[0m
     [36m| [0m[34m|[0m /* 17.454 */}[0m
     [36m| [0m[34m|[0m /* 17.455 */[0m
     [36m| [0m[34m|[0m /* 17.456 */@Attribute[TestCase_32][0m
     [36m| [0m[34m|[0m /* 17.457 */func tlsServerConfigFailsClosedBeforeBinding(): Unit {[0m
     [36m| [0m[34m|[0m /* 17.458 */    let invalid = HttpServerTlsConfig([],[1u8, 2u8, 3u8])[0m
     [36m| [0m[34m|[0m /* 17.459 */    var invalidRejected = false[0m
     [36m| [0m[34m|[0m /* 17.460 */    try {[0m
     [36m| [0m[34m|[0m /* 17.461 */        let _ = HttpServer.builder().listen(publicLoopback(0)).handler(PublicEmptyHandler()).tls(invalid).build()[0m
     [36m| [0m[34m|[0m /* 17.462 */    } catch(_: Exception) {[0m
     [36m| [0m[34m|[0m /* 17.463 */        invalidRejected = true[0m
     [36m| [0m[34m|[0m /* 17.464 */    }[0m
     [36m| [0m[34m|[0m /* 17.465 */    finally {[0m
     [36m| [0m[34m|[0m /* 17.466 */        invalid.close()[0m
     [36m| [0m[34m|[0m /* 17.467 */    }[0m
     [36m| [0m[34m|[0m /* 17.468 */    expectEqual("invalidRejected", "true", invalidRejected, true, isDelta: false)[0m
     [36m| [0m[34m|[0m /* 17.469 */    let closed = HttpServerTlsConfig([],[])[0m
     [36m| [0m[34m|[0m /* 17.470 */    closed.close()[0m
     [36m| [0m[34m|[0m /* 17.471 */    var closedRejected = false[0m
     [36m| [0m[34m|[0m /* 17.472 */    try {[0m
     [36m| [0m[34m|[0m /* 17.473 */        let _ = HttpServer.builder().listen(publicLoopback(0)).handler(PublicEmptyHandler()).tls(closed).build()[0m
     [36m| [0m[34m|[0m /* 17.474 */    } catch(_: IllegalStateException) {[0m
     [36m| [0m[34m|[0m /* 17.475 */        closedRejected = true[0m
     [36m| [0m[34m|[0m /* 17.476 */    }[0m
     [36m| [0m[34m|[0m /* 17.477 */    expectEqual("closedRejected", "true", closedRejected, true, isDelta: false)[0m
     [36m| [0m[34m|[0m /* 17.478 */    let clientTls = HttpClientTlsConfig([])[0m
     [36m| [0m[34m|[0m /* 17.479 */    clientTls.close()[0m
     [36m| [0m[34m|[0m /* 17.480 */    var clientClosedRejected = false[0m
     [36m| [0m[34m|[0m /* 17.481 */    try {[0m
     [36m| [0m[34m|[0m /* 17.482 */        let _ = HttpClient.builder().tls(clientTls).build()[0m
     [36m| [0m[34m|[0m /* 17.483 */    } catch(_: IllegalStateException) {[0m
     [36m| [0m[34m|[0m /* 17.484 */        clientClosedRejected = true[0m
     [36m| [0m[34m|[0m /* 17.485 */    }[0m
     [36m| [0m[34m|[0m /* 17.486 */    expectEqual("clientClosedRejected", "true", clientClosedRejected, true, isDelta: false)[0m
     [36m| [0m[34m|[0m /* 17.487 */}[0m
     [36m| [0m[34m|[0m /* 17.488 */[0m
     [36m| [0m[34m|[0m /* 17.489 */@Attribute[TestCase_33][0m
     [36m| [0m[34m|[0m /* 17.490 */func noFollowReturnsEveryRedirectUntouchedAndLeavesBodyOwnershipWithCaller(): Unit {[0m
     [36m| [0m[34m|[0m /* 17.491 */    let handler = PublicNoFollowHandler()[0m
     [36m| [0m[34m|[0m /* 17.492 */    let server = HttpServer.builder().listen(publicLoopback(0)).handler(handler).build()[0m
     [36m| [0m[34m|[0m /* 17.493 */    let serving: Future < Unit >= spawn { server.serve()[0m
     [36m| [0m[34m|[0m /* 17.494 */    }[0m
     [36m| [0m[34m|[0m /* 17.495 */    let host = HostName("no-follow.test")[0m
     [36m| [0m[34m|[0m /* 17.496 */    let client = HttpClient.builder().resolver(StaticResolver(ResolveResult([server.localEndpoint.address], host, ResolverSource.Static))).redirectPolicy(HttpRedirectPolicy.noFollow()).requestTimeout(3 * Duration.second).build()[0m
     [36m| [0m[34m|[0m /* 17.497 */    try {[0m
     [36m| [0m[34m|[0m /* 17.498 */        for(status in[301, 302, 303, 307, 308]) {[0m
     [36m| [0m[34m|[0m /* 17.499 */            let response = client.get("http://no-follow.test:${server.localEndpoint.port}/start/${status}")[0m
     [36m| [0m[34m|[0m /* 17.500 */            try {[0m
     [36m| [0m[34m|[0m /* 17.501 */                expectEqual("response.status", "status", response.status, status, isDelta: false)[0m
     [36m| [0m[34m|[0m /* 17.502 */                expectEqual("response.headers.getFirst(\"location\")", "Some(\"/target\")", response.headers.getFirst("location"), Some("/target"), isDelta: false)[0m
     [36m| [0m[34m|[0m /* 17.503 */                let prefix = Array < Byte >(6, repeat: 0u8)[0m
     [36m| [0m[34m|[0m /* 17.504 */                let suffix = Array < Byte >(7, repeat: 0u8)[0m
     [36m| [0m[34m|[0m /* 17.505 */                expectEqual("response.body.read(prefix)", "6", response.body.read(prefix), 6, isDelta: false)[0m
     [36m| [0m[34m|[0m /* 17.506 */                expectEqual("String.fromUtf8(prefix)", "\"prefix\"", String.fromUtf8(prefix), "prefix", isDelta: false)[0m
     [36m| [0m[34m|[0m /* 17.507 */                expectEqual("response.body.read(suffix)", "7", response.body.read(suffix), 7, isDelta: false)[0m
     [36m| [0m[34m|[0m /* 17.508 */                expectEqual("String.fromUtf8(suffix)", "\"-suffix\"", String.fromUtf8(suffix), "-suffix", isDelta: false)[0m
     [36m| [0m[34m|[0m /* 17.509 */                expectEqual("response.body.read(Array < Byte >(1, repeat: 0u8))", "0", response.body.read(Array < Byte >(1, repeat: 0u8)), 0, isDelta: false)[0m
     [36m| [0m[34m|[0m /* 17.510 */            } finally {[0m
     [36m| [0m[34m|[0m /* 17.511 */                response.close()[0m
     [36m| [0m[34m|[0m /* 17.512 */            }[0m
     [36m| [0m[34m|[0m /* 17.513 */        }[0m
     [36m| [0m[34m|[0m /* 17.514 */        expectEqual("handler.sourceCalls.load()", "5", handler.sourceCalls.load(), 5, isDelta: false)[0m
     [36m| [0m[34m|[0m /* 17.515 */        expectEqual("handler.targetCalls.load()", "0", handler.targetCalls.load(), 0, isDelta: false)[0m
     [36m| [0m[34m|[0m /* 17.516 */        let partiallyRead = client.get("http://no-follow.test:${server.localEndpoint.port}/start/302")[0m
     [36m| [0m[34m|[0m /* 17.517 */        expectEqual("partiallyRead.body.read(Array < Byte >(3, repeat: 0u8))", "3", partiallyRead.body.read(Array < Byte >(3, repeat: 0u8)), 3, isDelta: false)[0m
     [36m| [0m[34m|[0m /* 17.518 */        partiallyRead.close()[0m
     [36m| [0m[34m|[0m /* 17.519 */        expectEqual("partiallyRead.body.isClosed()", "true", partiallyRead.body.isClosed(), true, isDelta: false)[0m
     [36m| [0m[34m|[0m /* 17.520 */        let fullyDrained = client.get("http://no-follow.test:${server.localEndpoint.port}/start/307")[0m
     [36m| [0m[34m|[0m /* 17.521 */        expectEqual("fullyDrained.body.drain(32, bufferSize: 3)", "true", fullyDrained.body.drain(32, bufferSize: 3), true, isDelta: false)[0m
     [36m| [0m[34m|[0m /* 17.522 */        expectEqual("fullyDrained.body.isClosed()", "true", fullyDrained.body.isClosed(), true, isDelta: false)[0m
     [36m| [0m[34m|[0m /* 17.523 */        let boundedAbandon = client.get("http://no-follow.test:${server.localEndpoint.port}/start/308")[0m
     [36m| [0m[34m|[0m /* 17.524 */        expectEqual("! boundedAbandon.body.drain(3, bufferSize: 2)", "true", ! boundedAbandon.body.drain(3, bufferSize: 2), true, isDelta: false)[0m
     [36m| [0m[34m|[0m /* 17.525 */        expectEqual("boundedAbandon.body.isClosed()", "true", boundedAbandon.body.isClosed(), true, isDelta: false)[0m
     [36m| [0m[34m|[0m /* 17.526 */        expectEqual("handler.sourceCalls.load()", "8", handler.sourceCalls.load(), 8, isDelta: false)[0m
     [36m| [0m[34m|[0m /* 17.527 */        expectEqual("handler.targetCalls.load()", "0", handler.targetCalls.load(), 0, isDelta: false)[0m
     [36m| [0m[34m|[0m /* 17.528 */    } finally {[0m
     [36m| [0m[34m|[0m /* 17.529 */        client.close()[0m
     [36m| [0m[34m|[0m /* 17.530 */        let _ = server.shutdown(context: OperationContext(deadline: Some(Deadline.after(3 * Duration.second))))[0m
     [36m| [0m[34m|[0m /* 17.531 */        serving.get(3 * Duration.second)[0m
     [36m| [0m[34m|[0m /* 17.532 */    }[0m
     [36m| [0m[34m|[0m /* 17.533 */}[0m
     [36m| [0m[34m|[0m /* 17.534 */[0m
     [36m| [0m[34m|[0m /* 17.535 */@Attribute[TestCase_34][0m
     [36m| [0m[34m|[0m /* 17.536 */func controlledCancellationInterruptsDnsAndInjectedTcpBeforeTransportCreation(): Unit {[0m
     [36m| [0m[34m|[0m /* 17.537 */    let dnsResolver = PublicBlockingResolver()[0m
     [36m| [0m[34m|[0m /* 17.538 */    let dnsFactory = PublicNeverTransportFactory()[0m
     [36m| [0m[34m|[0m /* 17.539 */    let dnsClient = publicInjectedClient(dnsResolver, dnsFactory, requestTimeout: Some(3 * Duration.second))[0m
     [36m| [0m[34m|[0m /* 17.540 */    let dnsHandle = HttpRequestCancellationHandle()[0m
     [36m| [0m[34m|[0m /* 17.541 */    let dnsPending: Future < NetworkException >= spawn { publicControlledGetNetworkFailure(dnsClient, "http://blocked-dns.test/", dnsHandle)[0m
     [36m| [0m[34m|[0m /* 17.542 */    }[0m
     [36m| [0m[34m|[0m /* 17.543 */    try {[0m
     [36m| [0m[34m|[0m /* 17.544 */        dnsResolver.waitUntilEntered()[0m
     [36m| [0m[34m|[0m /* 17.545 */        expectEqual("dnsHandle.cancel()", "true", dnsHandle.cancel(), true, isDelta: false)[0m
     [36m| [0m[34m|[0m /* 17.546 */        expectEqual("! dnsHandle.cancel()", "true", ! dnsHandle.cancel(), true, isDelta: false)[0m
     [36m| [0m[34m|[0m /* 17.547 */        expectEqual("publicNetworkFailureSignature(dnsPending.get(Duration.second))", "\"Cancelled/Dns/Cancelled\"", publicNetworkFailureSignature(dnsPending.get(Duration.second)), "Cancelled/Dns/Cancelled", isDelta: false)[0m
     [36m| [0m[34m|[0m /* 17.548 */        expectEqual("dnsFactory.connects.load()", "0", dnsFactory.connects.load(), 0, isDelta: false)[0m
     [36m| [0m[34m|[0m /* 17.549 */    } finally {[0m
     [36m| [0m[34m|[0m /* 17.550 */        dnsHandle.cancel()[0m
     [36m| [0m[34m|[0m /* 17.551 */        dnsResolver.release()[0m
     [36m| [0m[34m|[0m /* 17.552 */        dnsClient.close()[0m
     [36m| [0m[34m|[0m /* 17.553 */    }[0m
     [36m| [0m[34m|[0m /* 17.554 */    let host = HostName("blocked-connect.test")[0m
     [36m| [0m[34m|[0m /* 17.555 */    let tcpFactory = PublicBlockingTransportFactory()[0m
     [36m| [0m[34m|[0m /* 17.556 */    let tcpClient = publicInjectedClient(StaticResolver(ResolveResult([IpAddress(IpAddressFamily.Ipv4,[127u8, 0u8, 0u8, 1u8])], host, ResolverSource.Static)), tcpFactory, requestTimeout: Some(3 * Duration.second))[0m
     [36m| [0m[34m|[0m /* 17.557 */    let tcpHandle = HttpRequestCancellationHandle()[0m
     [36m| [0m[34m|[0m /* 17.558 */    let tcpPending: Future < NetworkException >= spawn { publicControlledGetNetworkFailure(tcpClient, "http://blocked-connect.test:8080/", tcpHandle)[0m
     [36m| [0m[34m|[0m /* 17.559 */    }[0m
     [36m| [0m[34m|[0m /* 17.560 */    try {[0m
     [36m| [0m[34m|[0m /* 17.561 */        tcpFactory.waitUntilEntered()[0m
     [36m| [0m[34m|[0m /* 17.562 */        expectEqual("tcpHandle.cancel()", "true", tcpHandle.cancel(), true, isDelta: false)[0m
     [36m| [0m[34m|[0m /* 17.563 */        expectEqual("! tcpHandle.cancel()", "true", ! tcpHandle.cancel(), true, isDelta: false)[0m
     [36m| [0m[34m|[0m /* 17.564 */        expectEqual("publicNetworkFailureSignature(tcpPending.get(Duration.second))", "\"Connect/TcpConnect/Cancelled\"", publicNetworkFailureSignature(tcpPending.get(Duration.second)), "Connect/TcpConnect/Cancelled", isDelta: false)[0m
     [36m| [0m[34m|[0m /* 17.565 */        expectEqual("tcpFactory.connects.load()", "1", tcpFactory.connects.load(), 1, isDelta: false)[0m
     [36m| [0m[34m|[0m /* 17.566 */        expectEqual("tcpFactory.transportsCreated.load()", "0", tcpFactory.transportsCreated.load(), 0, isDelta: false)[0m
     [36m| [0m[34m|[0m /* 17.567 */    } finally {[0m
     [36m| [0m[34m|[0m /* 17.568 */        tcpHandle.cancel()[0m
     [36m| [0m[34m|[0m /* 17.569 */        tcpFactory.release()[0m
     [36m| [0m[34m|[0m /* 17.570 */        tcpClient.close()[0m
     [36m| [0m[34m|[0m /* 17.571 */    }[0m
     [36m| [0m[34m|[0m /* 17.572 */}[0m
     [36m| [0m[34m|[0m /* 17.573 */[0m
     [36m| [0m[34m|[0m /* 17.574 */@Attribute[TestCase_35][0m
     [36m| [0m[34m|[0m /* 17.575 */func controlledCancellationInterruptsRealTlsAndHeaderReads(): Unit {[0m
     [36m| [0m[34m|[0m /* 17.576 */    let headerPeer = PublicSilentPeer()[0m
     [36m| [0m[34m|[0m /* 17.577 */    let headerServing: Future < Unit >= spawn { headerPeer.serveOne()[0m
     [36m| [0m[34m|[0m /* 17.578 */    }[0m
     [36m| [0m[34m|[0m /* 17.579 */    let headerFactory = PublicRecordingStdNetFactory()[0m
     [36m| [0m[34m|[0m /* 17.580 */    let headerHost = HostName("headers-stall.test")[0m
     [36m| [0m[34m|[0m /* 17.581 */    let headerClient = publicInjectedClient(StaticResolver(ResolveResult([headerPeer.localEndpoint.address], headerHost, ResolverSource.Static)), headerFactory, requestTimeout: Some(5 * Duration.second))[0m
     [36m| [0m[34m|[0m /* 17.582 */    let headerHandle = HttpRequestCancellationHandle()[0m
     [36m| [0m[34m|[0m /* 17.583 */    let headerPending: Future < NetworkException >= spawn { publicControlledGetNetworkFailure(headerClient, "http://headers-stall.test:${headerPeer.localEndpoint.port}/", headerHandle)[0m
     [36m| [0m[34m|[0m /* 17.584 */    }[0m
     [36m| [0m[34m|[0m /* 17.585 */    try {[0m
     [36m| [0m[34m|[0m /* 17.586 */        headerPeer.waitUntilBytesObserved()[0m
     [36m| [0m[34m|[0m /* 17.587 */        expectEqual("headerFactory.waitForTransport().waitUntilReadActive(Duration.second)", "true", headerFactory.waitForTransport().waitUntilReadActive(Duration.second), true, isDelta: false)[0m
     [36m| [0m[34m|[0m /* 17.588 */        expectEqual("headerHandle.cancel()", "true", headerHandle.cancel(), true, isDelta: false)[0m
     [36m| [0m[34m|[0m /* 17.589 */        expectEqual("publicNetworkFailureSignature(headerPending.get(Duration.second))", "\"Read/TcpRead/Cancelled\"", publicNetworkFailureSignature(headerPending.get(Duration.second)), "Read/TcpRead/Cancelled", isDelta: false)[0m
     [36m| [0m[34m|[0m /* 17.590 */    } finally {[0m
     [36m| [0m[34m|[0m /* 17.591 */        headerHandle.cancel()[0m
     [36m| [0m[34m|[0m /* 17.592 */        headerClient.close()[0m
     [36m| [0m[34m|[0m /* 17.593 */        headerPeer.close()[0m
     [36m| [0m[34m|[0m /* 17.594 */        headerServing.get(Duration.second)[0m
     [36m| [0m[34m|[0m /* 17.595 */    }[0m
     [36m| [0m[34m|[0m /* 17.596 */    let tlsPeer = PublicSilentPeer()[0m
     [36m| [0m[34m|[0m /* 17.597 */    let tlsServing: Future < Unit >= spawn { tlsPeer.serveOne()[0m
     [36m| [0m[34m|[0m /* 17.598 */    }[0m
     [36m| [0m[34m|[0m /* 17.599 */    let tlsFactory = PublicRecordingStdNetFactory()[0m
     [36m| [0m[34m|[0m /* 17.600 */    let tlsHost = HostName("example.com")[0m
     [36m| [0m[34m|[0m /* 17.601 */    let tlsConfig = HttpClientTlsConfig([publicTlsTestCertificateDer()])[0m
     [36m| [0m[34m|[0m /* 17.602 */    let tlsClient = publicInjectedClient(StaticResolver(ResolveResult([tlsPeer.localEndpoint.address], tlsHost, ResolverSource.Static)), tlsFactory, requestTimeout: Some(5 * Duration.second), directTlsHandshaker: Some(tlsConfig.createAlpnHandshaker()))[0m
     [36m| [0m[34m|[0m /* 17.603 */    let tlsHandle = HttpRequestCancellationHandle()[0m
     [36m| [0m[34m|[0m /* 17.604 */    let tlsPending: Future < NetworkException >= spawn { publicControlledGetNetworkFailure(tlsClient, "https://example.com:${tlsPeer.localEndpoint.port}/", tlsHandle)[0m
     [36m| [0m[34m|[0m /* 17.605 */    }[0m
     [36m| [0m[34m|[0m /* 17.606 */    try {[0m
     [36m| [0m[34m|[0m /* 17.607 */        tlsPeer.waitUntilBytesObserved()[0m
     [36m| [0m[34m|[0m /* 17.608 */        expectEqual("tlsFactory.waitForTransport().waitUntilReadActive(Duration.second)", "true", tlsFactory.waitForTransport().waitUntilReadActive(Duration.second), true, isDelta: false)[0m
     [36m| [0m[34m|[0m /* 17.609 */        expectEqual("tlsHandle.cancel()", "true", tlsHandle.cancel(), true, isDelta: false)[0m
     [36m| [0m[34m|[0m /* 17.610 */        expectEqual("publicNetworkFailureSignature(tlsPending.get(Duration.second))", "\"Read/TcpRead/Cancelled\"", publicNetworkFailureSignature(tlsPending.get(Duration.second)), "Read/TcpRead/Cancelled", isDelta: false)[0m
     [36m| [0m[34m|[0m /* 17.611 */    } finally {[0m
     [36m| [0m[34m|[0m /* 17.612 */        tlsHandle.cancel()[0m
     [36m| [0m[34m|[0m /* 17.613 */        tlsClient.close()[0m
     [36m| [0m[34m|[0m /* 17.614 */        tlsConfig.close()[0m
     [36m| [0m[34m|[0m /* 17.615 */        tlsPeer.close()[0m
     [36m| [0m[34m|[0m /* 17.616 */        tlsServing.get(Duration.second)[0m
     [36m| [0m[34m|[0m /* 17.617 */    }[0m
     [36m| [0m[34m|[0m /* 17.618 */}[0m
     [36m| [0m[34m|[0m /* 17.619 */[0m
     [36m| [0m[34m|[0m /* 17.620 */@Attribute[TestCase_36][0m
     [36m| [0m[34m|[0m /* 17.621 */func noFollowStalledBodyIsCancelledOnlyByCallerAndNeverVisitsTarget(): Unit {[0m
     [36m| [0m[34m|[0m /* 17.622 */    let handler = PublicStalledRedirectHandler()[0m
     [36m| [0m[34m|[0m /* 17.623 */    let server = HttpServer.builder().listen(publicLoopback(0)).handler(handler).build()[0m
     [36m| [0m[34m|[0m /* 17.624 */    let serving: Future < Unit >= spawn { server.serve()[0m
     [36m| [0m[34m|[0m /* 17.625 */    }[0m
     [36m| [0m[34m|[0m /* 17.626 */    let factory = PublicRecordingStdNetFactory()[0m
     [36m| [0m[34m|[0m /* 17.627 */    let host = HostName("body-stall.test")[0m
     [36m| [0m[34m|[0m /* 17.628 */    let client = publicInjectedClient(StaticResolver(ResolveResult([server.localEndpoint.address], host, ResolverSource.Static)), factory, requestTimeout: Some(5 * Duration.second), redirectPolicy: HttpRedirectPolicy.noFollow())[0m
     [36m| [0m[34m|[0m /* 17.629 */    let handle = HttpRequestCancellationHandle()[0m
     [36m| [0m[34m|[0m /* 17.630 */    try {[0m
     [36m| [0m[34m|[0m /* 17.631 */        let received = client.getControlled("http://body-stall.test:${server.localEndpoint.port}/start", HttpCancellationHandles(request: Some(handle)))[0m
     [36m| [0m[34m|[0m /* 17.632 */        try {[0m
     [36m| [0m[34m|[0m /* 17.633 */            expectEqual("received.status", "302", received.status, 302, isDelta: false)[0m
     [36m| [0m[34m|[0m /* 17.634 */            let prefix = Array < Byte >(6, repeat: 0u8)[0m
     [36m| [0m[34m|[0m /* 17.635 */            expectEqual("received.body.read(prefix)", "6", received.body.read(prefix), 6, isDelta: false)[0m
     [36m| [0m[34m|[0m /* 17.636 */            expectEqual("String.fromUtf8(prefix)", "\"prefix\"", String.fromUtf8(prefix), "prefix", isDelta: false)[0m
     [36m| [0m[34m|[0m /* 17.637 */            let blocked: Future < NetworkException >= spawn { publicBodyReadNetworkFailure(received.body)[0m
     [36m| [0m[34m|[0m /* 17.638 */            }[0m
     [36m| [0m[34m|[0m /* 17.639 */            expectEqual("factory.waitForTransport().waitUntilReadActive(Duration.second)", "true", factory.waitForTransport().waitUntilReadActive(Duration.second), true, isDelta: false)[0m
     [36m| [0m[34m|[0m /* 17.640 */            expectEqual("handle.cancel()", "true", handle.cancel(), true, isDelta: false)[0m
     [36m| [0m[34m|[0m /* 17.641 */            expectEqual("! handle.cancel()", "true", ! handle.cancel(), true, isDelta: false)[0m
     [36m| [0m[34m|[0m /* 17.642 */            expectEqual("publicNetworkFailureSignature(blocked.get(Duration.second))", "\"Read/TcpRead/Cancelled\"", publicNetworkFailureSignature(blocked.get(Duration.second)), "Read/TcpRead/Cancelled", isDelta: false)[0m
     [36m| [0m[34m|[0m /* 17.643 */            expectEqual("handler.sourceCalls.load()", "1", handler.sourceCalls.load(), 1, isDelta: false)[0m
     [36m| [0m[34m|[0m /* 17.644 */            expectEqual("handler.targetCalls.load()", "0", handler.targetCalls.load(), 0, isDelta: false)[0m
     [36m| [0m[34m|[0m /* 17.645 */        } finally {[0m
     [36m| [0m[34m|[0m /* 17.646 */            received.close()[0m
     [36m| [0m[34m|[0m /* 17.647 */            received.close()[0m
     [36m| [0m[34m|[0m /* 17.648 */        }[0m
     [36m| [0m[34m|[0m /* 17.649 */    } finally {[0m
     [36m| [0m[34m|[0m /* 17.650 */        handle.cancel()[0m
     [36m| [0m[34m|[0m /* 17.651 */        handler.release()[0m
     [36m| [0m[34m|[0m /* 17.652 */        client.close()[0m
     [36m| [0m[34m|[0m /* 17.653 */        let _ = server.shutdown(context: OperationContext(deadline: Some(Deadline.after(3 * Duration.second))))[0m
     [36m| [0m[34m|[0m /* 17.654 */        serving.get(3 * Duration.second)[0m
     [36m| [0m[34m|[0m /* 17.655 */    }[0m
     [36m| [0m[34m|[0m /* 17.656 */}[0m
     [36m| [0m[34m|[0m /* 17.657 */[0m
     [36m| [0m[34m|[0m /* 17.658 */@Attribute[TestCase_37][0m
     [36m| [0m[34m|[0m /* 17.659 */func oneAbsoluteDeadlineCoversRetriesRedirectsAndEveryBodyRead(): Unit {[0m
     [36m| [0m[34m|[0m /* 17.660 */    let handler = PublicDeadlineHandler()[0m
     [36m| [0m[34m|[0m /* 17.661 */    let server = HttpServer.builder().listen(publicLoopback(0)).handler(handler).build()[0m
     [36m| [0m[34m|[0m /* 17.662 */    handler.setPort(server.localEndpoint.port)[0m
     [36m| [0m[34m|[0m /* 17.663 */    let serving: Future < Unit >= spawn { server.serve()[0m
     [36m| [0m[34m|[0m /* 17.664 */    }[0m
     [36m| [0m[34m|[0m /* 17.665 */    let clock = PublicAdvancingClock()[0m
     [36m| [0m[34m|[0m /* 17.666 */    let resolver = PublicAdvancingResolver(server.localEndpoint.address, clock)[0m
     [36m| [0m[34m|[0m /* 17.667 */    let client = HttpClient.builder().resolver(resolver).retryPolicy(HttpRetryPolicy(maximumAttempts: 2)).requestTimeout(10 * Duration.second).build()[0m
     [36m| [0m[34m|[0m /* 17.668 */    try {[0m
     [36m| [0m[34m|[0m /* 17.669 */        var deadlineFailure:?NetworkException = None < NetworkException >[0m
     [36m| [0m[34m|[0m /* 17.670 */        try {[0m
     [36m| [0m[34m|[0m /* 17.671 */            let parent = OperationContext(deadline: Some(Deadline.after(3 * Duration.second, clock: clock)))[0m
     [36m| [0m[34m|[0m /* 17.672 */            try {[0m
     [36m| [0m[34m|[0m /* 17.673 */                let _ = client.get("http://deadline-source.test:${server.localEndpoint.port}/start", context: parent)[0m
     [36m| [0m[34m|[0m /* 17.674 */            } catch(error: NetworkException) {[0m
     [36m| [0m[34m|[0m /* 17.675 */                deadlineFailure = Some(error)[0m
     [36m| [0m[34m|[0m /* 17.676 */            }[0m
     [36m| [0m[34m|[0m /* 17.677 */            expectEqual("publicNetworkFailureSignature(deadlineFailure.getOrThrow())", "\"Connect/TcpConnect/TimedOut\"", publicNetworkFailureSignature(deadlineFailure.getOrThrow()), "Connect/TcpConnect/TimedOut", isDelta: false)[0m
     [36m| [0m[34m|[0m /* 17.678 */            expectEqual("resolver.calls.load()", "3", resolver.calls.load(), 3, isDelta: false)[0m
     [36m| [0m[34m|[0m /* 17.679 */            expectEqual("handler.sourceCalls.load()", "1", handler.sourceCalls.load(), 1, isDelta: false)[0m
     [36m| [0m[34m|[0m /* 17.680 */            expectEqual("handler.targetCalls.load()", "0", handler.targetCalls.load(), 0, isDelta: false)[0m
     [36m| [0m[34m|[0m /* 17.681 */        } finally {[0m
     [36m| [0m[34m|[0m /* 17.682 */            client.close()[0m
     [36m| [0m[34m|[0m /* 17.683 */        }[0m
     [36m| [0m[34m|[0m /* 17.684 */        for(builderSeconds in[2, 10]) {[0m
     [36m| [0m[34m|[0m /* 17.685 */            let bodyClock = PublicAdvancingClock()[0m
     [36m| [0m[34m|[0m /* 17.686 */            let bodyClient = HttpClient.builder().resolver(StaticResolver(ResolveResult([server.localEndpoint.address], HostName("deadline-body.test"), ResolverSource.Static))).requestTimeout(builderSeconds * Duration.second).build()[0m
     [36m| [0m[34m|[0m /* 17.687 */            var response:?HttpResponse = None < HttpResponse >[0m
     [36m| [0m[34m|[0m /* 17.688 */            try {[0m
     [36m| [0m[34m|[0m /* 17.689 */                let parentSeconds: Int64 = if(builderSeconds == 2) {[0m
     [36m| [0m[34m|[0m /* 17.690 */                    10[0m
     [36m| [0m[34m|[0m /* 17.691 */                }[0m
     [36m| [0m[34m|[0m /* 17.692 */                else {[0m
     [36m| [0m[34m|[0m /* 17.693 */                    2[0m
     [36m| [0m[34m|[0m /* 17.694 */                }[0m
     [36m| [0m[34m|[0m /* 17.695 */                [0m
     [36m| [0m[34m|[0m /* 17.696 */                let received = bodyClient.get("http://deadline-body.test:${server.localEndpoint.port}/body", context: OperationContext(deadline: Some(Deadline.after(parentSeconds * Duration.second, clock: bodyClock))))[0m
     [36m| [0m[34m|[0m /* 17.697 */                response = Some(received)[0m
     [36m| [0m[34m|[0m /* 17.698 */                expectEqual("received.body.read(Array < Byte >(6, repeat: 0u8))", "6", received.body.read(Array < Byte >(6, repeat: 0u8)), 6, isDelta: false)[0m
     [36m| [0m[34m|[0m /* 17.699 */                bodyClock.advance(2 * Duration.second)[0m
     [36m| [0m[34m|[0m /* 17.700 */                var bodyDeadlineFailure:?NetworkException = None < NetworkException >[0m
     [36m| [0m[34m|[0m /* 17.701 */                try {[0m
     [36m| [0m[34m|[0m /* 17.702 */                    let _ = received.body.read(Array < Byte >(7, repeat: 0u8))[0m
     [36m| [0m[34m|[0m /* 17.703 */                } catch(error: NetworkException) {[0m
     [36m| [0m[34m|[0m /* 17.704 */                    bodyDeadlineFailure = Some(error)[0m
     [36m| [0m[34m|[0m /* 17.705 */                }[0m
     [36m| [0m[34m|[0m /* 17.706 */                expectEqual("publicNetworkFailureSignature(bodyDeadlineFailure.getOrThrow())", "\"DeadlineExceeded/HttpBody/TimedOut\"", publicNetworkFailureSignature(bodyDeadlineFailure.getOrThrow()), "DeadlineExceeded/HttpBody/TimedOut", isDelta: false)[0m
     [36m| [0m[34m|[0m /* 17.707 */            } finally {[0m
     [36m| [0m[34m|[0m /* 17.708 */                match(response) {[0m
     [36m| [0m[34m|[0m /* 17.709 */                    case Some(value) => value.close()[0m
     [36m| [0m[34m|[0m /* 17.710 */                    case None =>()[0m
     [36m| [0m[34m|[0m /* 17.711 */                }[0m
     [36m| [0m[34m|[0m /* 17.712 */                bodyClient.close()[0m
     [36m| [0m[34m|[0m /* 17.713 */            }[0m
     [36m| [0m[34m|[0m /* 17.714 */        }[0m
     [36m| [0m[34m|[0m /* 17.715 */        let noNetworkResolver = RejectingPublicResolver()[0m
     [36m| [0m[34m|[0m /* 17.716 */        var zeroRejected = false[0m
     [36m| [0m[34m|[0m /* 17.717 */        try {[0m
     [36m| [0m[34m|[0m /* 17.718 */            let _ = HttpClient.builder().resolver(noNetworkResolver).requestTimeout(Duration.Zero)[0m
     [36m| [0m[34m|[0m /* 17.719 */        } catch(_: IllegalArgumentException) {[0m
     [36m| [0m[34m|[0m /* 17.720 */            zeroRejected = true[0m
     [36m| [0m[34m|[0m /* 17.721 */        }[0m
     [36m| [0m[34m|[0m /* 17.722 */        var negativeRejected = false[0m
     [36m| [0m[34m|[0m /* 17.723 */        try {[0m
     [36m| [0m[34m|[0m /* 17.724 */            let _ = HttpClient.builder().resolver(noNetworkResolver).requestTimeout(Duration.Zero - Duration.nanosecond)[0m
     [36m| [0m[34m|[0m /* 17.725 */        } catch(_: IllegalArgumentException) {[0m
     [36m| [0m[34m|[0m /* 17.726 */            negativeRejected = true[0m
     [36m| [0m[34m|[0m /* 17.727 */        }[0m
     [36m| [0m[34m|[0m /* 17.728 */        expectEqual("zeroRejected", "true", zeroRejected, true, isDelta: false)[0m
     [36m| [0m[34m|[0m /* 17.729 */        expectEqual("negativeRejected", "true", negativeRejected, true, isDelta: false)[0m
     [36m| [0m[34m|[0m /* 17.730 */        expectEqual("noNetworkResolver.calls.load()", "0", noNetworkResolver.calls.load(), 0, isDelta: false)[0m
     [36m| [0m[34m|[0m /* 17.731 */    } finally {[0m
     [36m| [0m[34m|[0m /* 17.732 */        let _ = server.shutdown(context: OperationContext(deadline: Some(Deadline.after(3 * Duration.second))))[0m
     [36m| [0m[34m|[0m /* 17.733 */        serving.get(3 * Duration.second)[0m
     [36m| [0m[34m|[0m /* 17.734 */    }[0m
     [36m| [0m[34m|[0m /* 17.735 */}[0m
     [36m| [0m[34m|[0m /* 17.736 */[0m
     [36m| [0m[34m|[0m /* 17.737 */@Attribute[TestCase_38][0m
     [36m| [0m[34m|[0m /* 17.738 */func tlsDefaultsIdentityAndMutualAuthenticationFailClosedWithoutLeakingSentinels(): Unit {[0m
     [36m| [0m[34m|[0m /* 17.739 */    let certificate = publicTlsTestCertificateDer()[0m
     [36m| [0m[34m|[0m /* 17.740 */    let privateKey = publicTlsTestPrivateKeyDer()[0m
     [36m| [0m[34m|[0m /* 17.741 */    let ordinaryServerTls = HttpServerTlsConfig([certificate], privateKey)[0m
     [36m| [0m[34m|[0m /* 17.742 */    let ordinaryHandler = PublicCountingHandler()[0m
     [36m| [0m[34m|[0m /* 17.743 */    let ordinaryServer = HttpServer.builder().listen(publicLoopback(0)).handler(ordinaryHandler).tls(ordinaryServerTls).build()[0m
     [36m| [0m[34m|[0m /* 17.744 */    let ordinaryServing: Future < Unit >= spawn { ordinaryServer.serve()[0m
     [36m| [0m[34m|[0m /* 17.745 */    }[0m
     [36m| [0m[34m|[0m /* 17.746 */    let resolver = StaticResolver(ResolveResult([ordinaryServer.localEndpoint.address], HostName("example.com"), ResolverSource.Static))[0m
     [36m| [0m[34m|[0m /* 17.747 */    let authSentinel = "WIRESTACK_SECRET_AUTH_9f18"[0m
     [36m| [0m[34m|[0m /* 17.748 */    let bodySentinel = "WIRESTACK_SECRET_BODY_62cc"[0m
     [36m| [0m[34m|[0m /* 17.749 */    try {[0m
     [36m| [0m[34m|[0m /* 17.750 */        let request = HttpRequest(HttpMethod("POST"), HttpUrl.parse("https://example.com:${ordinaryServer.localEndpoint.port}/secure"), headers: HttpHeaders.builder().add("Authorization", authSentinel).build(), body: RequestBody.string(bodySentinel))[0m
     [36m| [0m[34m|[0m /* 17.751 */        let defaultClient = HttpClient.builder().resolver(resolver).requestTimeout(3 * Duration.second).build()[0m
     [36m| [0m[34m|[0m /* 17.752 */        var untrusted = false[0m
     [36m| [0m[34m|[0m /* 17.753 */        try {[0m
     [36m| [0m[34m|[0m /* 17.754 */            let _ = defaultClient.send(request)[0m
     [36m| [0m[34m|[0m /* 17.755 */        } catch(error: tlstest.TlsEngineException) {[0m
     [36m| [0m[34m|[0m /* 17.756 */            untrusted = match(error.tlsCode) {[0m
     [36m| [0m[34m|[0m /* 17.757 */                case tlstest.TlsEngineErrorCode.CertificateUntrusted => publicTlsFailureIsSafe(error, authSentinel) && publicTlsFailureIsSafe(error, bodySentinel)[0m
     [36m| [0m[34m|[0m /* 17.758 */                case _ => false[0m
     [36m| [0m[34m|[0m /* 17.759 */            }[0m
     [36m| [0m[34m|[0m /* 17.760 */        }[0m
     [36m| [0m[34m|[0m /* 17.761 */        finally {[0m
     [36m| [0m[34m|[0m /* 17.762 */            defaultClient.close()[0m
     [36m| [0m[34m|[0m /* 17.763 */        }[0m
     [36m| [0m[34m|[0m /* 17.764 */        expectEqual("untrusted", "true", untrusted, true, isDelta: false)[0m
     [36m| [0m[34m|[0m /* 17.765 */        expectEqual("ordinaryHandler.calls.load()", "0", ordinaryHandler.calls.load(), 0, isDelta: false)[0m
     [36m| [0m[34m|[0m /* 17.766 */        let wrongTls = HttpClientTlsConfig([certificate])[0m
     [36m| [0m[34m|[0m /* 17.767 */        let wrongClient = HttpClient.builder().resolver(StaticResolver(ResolveResult([ordinaryServer.localEndpoint.address], HostName("wrong.example"), ResolverSource.Static))).tls(wrongTls).requestTimeout(3 * Duration.second).build()[0m
     [36m| [0m[34m|[0m /* 17.768 */        var identityMismatch = false[0m
     [36m| [0m[34m|[0m /* 17.769 */        try {[0m
     [36m| [0m[34m|[0m /* 17.770 */            let wrongRequest = HttpRequest(HttpMethod("POST"), HttpUrl.parse("https://wrong.example:${ordinaryServer.localEndpoint.port}/secure"), headers: HttpHeaders.builder().add("Authorization", authSentinel).build(), body: RequestBody.string(bodySentinel))[0m
     [36m| [0m[34m|[0m /* 17.771 */            let _ = wrongClient.send(wrongRequest)[0m
     [36m| [0m[34m|[0m /* 17.772 */        } catch(error: tlstest.TlsEngineException) {[0m
     [36m| [0m[34m|[0m /* 17.773 */            identityMismatch = match(error.tlsCode) {[0m
     [36m| [0m[34m|[0m /* 17.774 */                case tlstest.TlsEngineErrorCode.IdentityMismatch => publicTlsFailureIsSafe(error, authSentinel) && publicTlsFailureIsSafe(error, bodySentinel)[0m
     [36m| [0m[34m|[0m /* 17.775 */                case _ => false[0m
     [36m| [0m[34m|[0m /* 17.776 */            }[0m
     [36m| [0m[34m|[0m /* 17.777 */        }[0m
     [36m| [0m[34m|[0m /* 17.778 */        finally {[0m
     [36m| [0m[34m|[0m /* 17.779 */            wrongClient.close()[0m
     [36m| [0m[34m|[0m /* 17.780 */            wrongTls.close()[0m
     [36m| [0m[34m|[0m /* 17.781 */        }[0m
     [36m| [0m[34m|[0m /* 17.782 */        expectEqual("identityMismatch", "true", identityMismatch, true, isDelta: false)[0m
     [36m| [0m[34m|[0m /* 17.783 */        expectEqual("ordinaryHandler.calls.load()", "0", ordinaryHandler.calls.load(), 0, isDelta: false)[0m
     [36m| [0m[34m|[0m /* 17.784 */    } finally {[0m
     [36m| [0m[34m|[0m /* 17.785 */        let _ = ordinaryServer.shutdown(context: OperationContext(deadline: Some(Deadline.after(3 * Duration.second))))[0m
     [36m| [0m[34m|[0m /* 17.786 */        ordinaryServing.get(3 * Duration.second)[0m
     [36m| [0m[34m|[0m /* 17.787 */        ordinaryServerTls.close()[0m
     [36m| [0m[34m|[0m /* 17.788 */    }[0m
     [36m| [0m[34m|[0m /* 17.789 */    let requiredServerTls = HttpServerTlsConfig([certificate], privateKey, clientAuthentication: HttpServerClientAuthentication.Required, clientTrustRootsDer:[certificate])[0m
     [36m| [0m[34m|[0m /* 17.790 */    let requiredHandler = PublicCountingHandler()[0m
     [36m| [0m[34m|[0m /* 17.791 */    let requiredServer = HttpServer.builder().listen(publicLoopback(0)).handler(requiredHandler).tls(requiredServerTls).build()[0m
     [36m| [0m[34m|[0m /* 17.792 */    let requiredServing: Future < Unit >= spawn { requiredServer.serve()[0m
     [36m| [0m[34m|[0m /* 17.793 */    }[0m
     [36m| [0m[34m|[0m /* 17.794 */    try {[0m
     [36m| [0m[34m|[0m /* 17.795 */        let requiredResolver = StaticResolver(ResolveResult([requiredServer.localEndpoint.address], HostName("example.com"), ResolverSource.Static))[0m
     [36m| [0m[34m|[0m /* 17.796 */        let mutualTls = HttpClientTlsConfig([certificate], clientCertificateChainDer:[certificate], clientPrivateKeyPkcs8Der: privateKey)[0m
     [36m| [0m[34m|[0m /* 17.797 */        let mutualClient = HttpClient.builder().resolver(requiredResolver).tls(mutualTls).requestTimeout(3 * Duration.second).build()[0m
     [36m| [0m[34m|[0m /* 17.798 */        try {[0m
     [36m| [0m[34m|[0m /* 17.799 */            let response = mutualClient.get("https://example.com:${requiredServer.localEndpoint.port}/secure")[0m
     [36m| [0m[34m|[0m /* 17.800 */            expectEqual("response.status", "204", response.status, 204, isDelta: false)[0m
     [36m| [0m[34m|[0m /* 17.801 */            response.close()[0m
     [36m| [0m[34m|[0m /* 17.802 */            expectEqual("requiredHandler.calls.load()", "1", requiredHandler.calls.load(), 1, isDelta: false)[0m
     [36m| [0m[34m|[0m /* 17.803 */        } finally {[0m
     [36m| [0m[34m|[0m /* 17.804 */            mutualClient.close()[0m
     [36m| [0m[34m|[0m /* 17.805 */            mutualTls.close()[0m
     [36m| [0m[34m|[0m /* 17.806 */        }[0m
     [36m| [0m[34m|[0m /* 17.807 */        let noIdentityTls = HttpClientTlsConfig([certificate])[0m
     [36m| [0m[34m|[0m /* 17.808 */        let noIdentityClient = HttpClient.builder().resolver(requiredResolver).tls(noIdentityTls).requestTimeout(3 * Duration.second).build()[0m
     [36m| [0m[34m|[0m /* 17.809 */        var missingIdentityRejected = false[0m
     [36m| [0m[34m|[0m /* 17.810 */        try {[0m
     [36m| [0m[34m|[0m /* 17.811 */            let noIdentityRequest = HttpRequest(HttpMethod("POST"), HttpUrl.parse("https://example.com:${requiredServer.localEndpoint.port}/secure"), headers: HttpHeaders.builder().add("Authorization", authSentinel).build(), body: RequestBody.string(bodySentinel))[0m
     [36m| [0m[34m|[0m /* 17.812 */            let _ = noIdentityClient.send(noIdentityRequest)[0m
     [36m| [0m[34m|[0m /* 17.813 */        } catch(error: tlstest.TlsEngineException) {[0m
     [36m| [0m[34m|[0m /* 17.814 */            missingIdentityRejected = ! publicTlsIsTimeout(error) && publicTlsFailureIsSafe(error, authSentinel) && publicTlsFailureIsSafe(error, bodySentinel)[0m
     [36m| [0m[34m|[0m /* 17.815 */        }[0m
     [36m| [0m[34m|[0m /* 17.816 */        catch(error: NetworkException) {[0m
     [36m| [0m[34m|[0m /* 17.817 */            let publicFailure = describePublicHttpFailure(error)[0m
     [36m| [0m[34m|[0m /* 17.818 */            missingIdentityRejected = ! publicIsDeadlineError(error) && ! publicFailure.contains(authSentinel) && ! publicFailure.contains(bodySentinel)[0m
     [36m| [0m[34m|[0m /* 17.819 */        }[0m
     [36m| [0m[34m|[0m /* 17.820 */        finally {[0m
     [36m| [0m[34m|[0m /* 17.821 */            noIdentityClient.close()[0m
     [36m| [0m[34m|[0m /* 17.822 */            noIdentityTls.close()[0m
     [36m| [0m[34m|[0m /* 17.823 */        }[0m
     [36m| [0m[34m|[0m /* 17.824 */        expectEqual("missingIdentityRejected", "true", missingIdentityRejected, true, isDelta: false)[0m
     [36m| [0m[34m|[0m /* 17.825 */        expectEqual("requiredHandler.calls.load()", "1", requiredHandler.calls.load(), 1, isDelta: false)[0m
     [36m| [0m[34m|[0m /* 17.826 */    } finally {[0m
     [36m| [0m[34m|[0m /* 17.827 */        let _ = requiredServer.shutdown(context: OperationContext(deadline: Some(Deadline.after(3 * Duration.second))))[0m
     [36m| [0m[34m|[0m /* 17.828 */        requiredServing.get(3 * Duration.second)[0m
     [36m| [0m[34m|[0m /* 17.829 */        requiredServerTls.close()[0m
     [36m| [0m[34m|[0m /* 17.830 */    }[0m
     [36m| [0m[34m|[0m /* 17.831 */}[0m
     [36m| [0m[34m|[0m /* 17.832 */[0m
     [36m| [0m[34m|[0m /* 17.833 */@Attribute[TestCase_39][0m
     [36m| [0m[34m|[0m /* 17.834 */func retryAttemptsArePerRedirectHopAndNoFollowNeverConsumesTargetBudget(): Unit {[0m
     [36m| [0m[34m|[0m /* 17.835 */    let targetHandler = PublicCountingHandler()[0m
     [36m| [0m[34m|[0m /* 17.836 */    let targetServer = HttpServer.builder().listen(publicLoopback(0)).handler(targetHandler).build()[0m
     [36m| [0m[34m|[0m /* 17.837 */    let targetServing: Future < Unit >= spawn { targetServer.serve()[0m
     [36m| [0m[34m|[0m /* 17.838 */    }[0m
     [36m| [0m[34m|[0m /* 17.839 */    let sourceHandler = PublicCrossOriginRedirectHandler("http://retry-target.test:${targetServer.localEndpoint.port}/secure")[0m
     [36m| [0m[34m|[0m /* 17.840 */    let sourceServer = HttpServer.builder().listen(publicLoopback(0)).handler(sourceHandler).build()[0m
     [36m| [0m[34m|[0m /* 17.841 */    let sourceServing: Future < Unit >= spawn { sourceServer.serve()[0m
     [36m| [0m[34m|[0m /* 17.842 */    }[0m
     [36m| [0m[34m|[0m /* 17.843 */    try {[0m
     [36m| [0m[34m|[0m /* 17.844 */        let resolver = PublicSameAddressResolver(sourceServer.localEndpoint.address)[0m
     [36m| [0m[34m|[0m /* 17.845 */        let follow = HttpClient.builder().resolver(resolver).retryPolicy(HttpRetryPolicy(maximumAttempts: 1)).requestTimeout(3 * Duration.second).build()[0m
     [36m| [0m[34m|[0m /* 17.846 */        try {[0m
     [36m| [0m[34m|[0m /* 17.847 */            let response = follow.get("http://retry-source.test:${sourceServer.localEndpoint.port}/start")[0m
     [36m| [0m[34m|[0m /* 17.848 */            expectEqual("response.status", "204", response.status, 204, isDelta: false)[0m
     [36m| [0m[34m|[0m /* 17.849 */            response.close()[0m
     [36m| [0m[34m|[0m /* 17.850 */            expectEqual("sourceHandler.calls.load()", "1", sourceHandler.calls.load(), 1, isDelta: false)[0m
     [36m| [0m[34m|[0m /* 17.851 */            expectEqual("targetHandler.calls.load()", "1", targetHandler.calls.load(), 1, isDelta: false)[0m
     [36m| [0m[34m|[0m /* 17.852 */        } finally {[0m
     [36m| [0m[34m|[0m /* 17.853 */            follow.close()[0m
     [36m| [0m[34m|[0m /* 17.854 */        }[0m
     [36m| [0m[34m|[0m /* 17.855 */        let noFollow = HttpClient.builder().resolver(resolver).redirectPolicy(HttpRedirectPolicy.noFollow()).retryPolicy(HttpRetryPolicy(maximumAttempts: 1)).requestTimeout(3 * Duration.second).build()[0m
     [36m| [0m[34m|[0m /* 17.856 */        try {[0m
     [36m| [0m[34m|[0m /* 17.857 */            let response = noFollow.get("http://retry-source.test:${sourceServer.localEndpoint.port}/start")[0m
     [36m| [0m[34m|[0m /* 17.858 */            expectEqual("response.status", "302", response.status, 302, isDelta: false)[0m
     [36m| [0m[34m|[0m /* 17.859 */            response.close()[0m
     [36m| [0m[34m|[0m /* 17.860 */            expectEqual("sourceHandler.calls.load()", "2", sourceHandler.calls.load(), 2, isDelta: false)[0m
     [36m| [0m[34m|[0m /* 17.861 */            expectEqual("targetHandler.calls.load()", "1", targetHandler.calls.load(), 1, isDelta: false)[0m
     [36m| [0m[34m|[0m /* 17.862 */        } finally {[0m
     [36m| [0m[34m|[0m /* 17.863 */            noFollow.close()[0m
     [36m| [0m[34m|[0m /* 17.864 */        }[0m
     [36m| [0m[34m|[0m /* 17.865 */        let flaky = FlakyPublicResolver(ResolveResult([sourceServer.localEndpoint.address], HostName("retry-one.test"), ResolverSource.Static))[0m
     [36m| [0m[34m|[0m /* 17.866 */        let singleAttempt = HttpClient.builder().resolver(flaky).retryPolicy(HttpRetryPolicy(maximumAttempts: 1)).requestTimeout(3 * Duration.second).build()[0m
     [36m| [0m[34m|[0m /* 17.867 */        var temporaryStopped = false[0m
     [36m| [0m[34m|[0m /* 17.868 */        try {[0m
     [36m| [0m[34m|[0m /* 17.869 */            let _ = singleAttempt.get("http://retry-one.test:${sourceServer.localEndpoint.port}/start")[0m
     [36m| [0m[34m|[0m /* 17.870 */        } catch(error: ResolveException) {[0m
     [36m| [0m[34m|[0m /* 17.871 */            temporaryStopped = match(error.resolveCode) {[0m
     [36m| [0m[34m|[0m /* 17.872 */                case ResolveErrorCode.TemporaryFailure => true[0m
     [36m| [0m[34m|[0m /* 17.873 */                case _ => false[0m
     [36m| [0m[34m|[0m /* 17.874 */            }[0m
     [36m| [0m[34m|[0m /* 17.875 */        }[0m
     [36m| [0m[34m|[0m /* 17.876 */        finally {[0m
     [36m| [0m[34m|[0m /* 17.877 */            singleAttempt.close()[0m
     [36m| [0m[34m|[0m /* 17.878 */        }[0m
     [36m| [0m[34m|[0m /* 17.879 */        expectEqual("temporaryStopped", "true", temporaryStopped, true, isDelta: false)[0m
     [36m| [0m[34m|[0m /* 17.880 */        expectEqual("flaky.calls.load()", "1", flaky.calls.load(), 1, isDelta: false)[0m
     [36m| [0m[34m|[0m /* 17.881 */        let refusedFactory = PublicRecordingStdNetFactory()[0m
     [36m| [0m[34m|[0m /* 17.882 */        let closedListener = stdnettest.StdNetTransportListener.bind(publicLoopback(0))[0m
     [36m| [0m[34m|[0m /* 17.883 */        let refusedEndpoint = closedListener.localEndpoint[0m
     [36m| [0m[34m|[0m /* 17.884 */        closedListener.close()[0m
     [36m| [0m[34m|[0m /* 17.885 */        let refusedClient = publicInjectedClient(StaticResolver(ResolveResult([refusedEndpoint.address], HostName("single-connect.test"), ResolverSource.Static)), refusedFactory, requestTimeout: Some(Duration.second), retryPolicy: HttpRetryPolicy(maximumAttempts: 2))[0m
     [36m| [0m[34m|[0m /* 17.886 */        let refusedEvents = PublicConnectAttemptSink()[0m
     [36m| [0m[34m|[0m /* 17.887 */        var refused = false[0m
     [36m| [0m[34m|[0m /* 17.888 */        try {[0m
     [36m| [0m[34m|[0m /* 17.889 */            let _ = refusedClient.get("http://single-connect.test:${refusedEndpoint.port}/", context: OperationContext(eventSink: Some < NetworkEventSink >(refusedEvents)))[0m
     [36m| [0m[34m|[0m /* 17.890 */        } catch(_: NetworkException) {[0m
     [36m| [0m[34m|[0m /* 17.891 */            refused = true[0m
     [36m| [0m[34m|[0m /* 17.892 */        }[0m
     [36m| [0m[34m|[0m /* 17.893 */        finally {[0m
     [36m| [0m[34m|[0m /* 17.894 */            refusedClient.close()[0m
     [36m| [0m[34m|[0m /* 17.895 */        }[0m
     [36m| [0m[34m|[0m /* 17.896 */        expectEqual("refused", "true", refused, true, isDelta: false)[0m
     [36m| [0m[34m|[0m /* 17.897 */        expectEqual("refusedFactory.connects.load()", "1", refusedFactory.connects.load(), 1, isDelta: false)[0m
     [36m| [0m[34m|[0m /* 17.898 */        expectEqual("refusedEvents.started.load()", "1", refusedEvents.started.load(), 1, isDelta: false)[0m
     [36m| [0m[34m|[0m /* 17.899 */    } finally {[0m
     [36m| [0m[34m|[0m /* 17.900 */        let _ = sourceServer.shutdown(context: OperationContext(deadline: Some(Deadline.after(3 * Duration.second))))[0m
     [36m| [0m[34m|[0m /* 17.901 */        sourceServing.get(3 * Duration.second)[0m
     [36m| [0m[34m|[0m /* 17.902 */        let _ = targetServer.shutdown(context: OperationContext(deadline: Some(Deadline.after(3 * Duration.second))))[0m
     [36m| [0m[34m|[0m /* 17.903 */        targetServing.get(3 * Duration.second)[0m
     [36m| [0m[34m|[0m /* 17.904 */    }[0m
     [36m| [0m[34m|[0m /* 17.905 */}[0m
     [36m| [0m[34m|[0m /* 17.906 */[0m
     [36m| [0m[34m|[0m /* 17.907 */@Attribute[TestCase_40][0m
     [36m| [0m[34m|[0m /* 17.908 */func afterHookFailureClosesReturnedBodiesForHttp1AndHttp2WithoutLeakingSentinel(): Unit {[0m
     [36m| [0m[34m|[0m /* 17.909 */    let sentinel = "WIRESTACK_AFTER_SECRET_12a7"[0m
     [36m| [0m[34m|[0m /* 17.910 */    let h1Handler = PublicTrackedResponseHandler()[0m
     [36m| [0m[34m|[0m /* 17.911 */    let h1Server = HttpServer.builder().listen(publicLoopback(0)).handler(h1Handler).serviceHook(PublicThrowingAfterHook(sentinel)).build()[0m
     [36m| [0m[34m|[0m /* 17.912 */    let h1Serving: Future < Unit >= spawn { h1Server.serve()[0m
     [36m| [0m[34m|[0m /* 17.913 */    }[0m
     [36m| [0m[34m|[0m /* 17.914 */    let h1Client = HttpClient.builder().resolver(StaticResolver(ResolveResult([h1Server.localEndpoint.address], HostName("hook-h1.test"), ResolverSource.Static))).requestTimeout(3 * Duration.second).build()[0m
     [36m| [0m[34m|[0m /* 17.915 */    try {[0m
     [36m| [0m[34m|[0m /* 17.916 */        let response = h1Client.get("http://hook-h1.test:${h1Server.localEndpoint.port}/hook")[0m
     [36m| [0m[34m|[0m /* 17.917 */        expectEqual("response.status", "500", response.status, 500, isDelta: false)[0m
     [36m| [0m[34m|[0m /* 17.918 */        expectEqual("! response.reason.contains(sentinel)", "true", ! response.reason.contains(sentinel), true, isDelta: false)[0m
     [36m| [0m[34m|[0m /* 17.919 */        response.close()[0m
     [36m| [0m[34m|[0m /* 17.920 */        expectEqual("h1Handler.closed.load()", "1", h1Handler.closed.load(), 1, isDelta: false)[0m
     [36m| [0m[34m|[0m /* 17.921 */    } finally {[0m
     [36m| [0m[34m|[0m /* 17.922 */        h1Client.close()[0m
     [36m| [0m[34m|[0m /* 17.923 */        let _ = h1Server.shutdown(context: OperationContext(deadline: Some(Deadline.after(3 * Duration.second))))[0m
     [36m| [0m[34m|[0m /* 17.924 */        h1Serving.get(3 * Duration.second)[0m
     [36m| [0m[34m|[0m /* 17.925 */    }[0m
     [36m| [0m[34m|[0m /* 17.926 */    let certificate = publicTlsTestCertificateDer()[0m
     [36m| [0m[34m|[0m /* 17.927 */    let serverTls = HttpServerTlsConfig([certificate], publicTlsTestPrivateKeyDer())[0m
     [36m| [0m[34m|[0m /* 17.928 */    let clientTls = HttpClientTlsConfig([certificate])[0m
     [36m| [0m[34m|[0m /* 17.929 */    let h2Handler = PublicTrackedResponseHandler()[0m
     [36m| [0m[34m|[0m /* 17.930 */    let h2Server = HttpServer.builder().listen(publicLoopback(0)).handler(h2Handler).serviceHook(PublicThrowingAfterHook(sentinel)).tls(serverTls).build()[0m
     [36m| [0m[34m|[0m /* 17.931 */    let h2Serving: Future < Unit >= spawn { h2Server.serve()[0m
     [36m| [0m[34m|[0m /* 17.932 */    }[0m
     [36m| [0m[34m|[0m /* 17.933 */    let h2Client = HttpClient.builder().resolver(StaticResolver(ResolveResult([h2Server.localEndpoint.address], HostName("example.com"), ResolverSource.Static))).tls(clientTls).requestTimeout(3 * Duration.second).build()[0m
     [36m| [0m[34m|[0m /* 17.934 */    var resetWithoutSentinel = false[0m
     [36m| [0m[34m|[0m /* 17.935 */    try {[0m
     [36m| [0m[34m|[0m /* 17.936 */        let _ = h2Client.get("https://example.com:${h2Server.localEndpoint.port}/hook")[0m
     [36m| [0m[34m|[0m /* 17.937 */    } catch(error: HttpException) {[0m
     [36m| [0m[34m|[0m /* 17.938 */        resetWithoutSentinel = match(error.code) {[0m
     [36m| [0m[34m|[0m /* 17.939 */            case HttpErrorCode.StreamReset => ! describePublicHttpFailure(error).contains(sentinel)[0m
     [36m| [0m[34m|[0m /* 17.940 */            case _ => false[0m
     [36m| [0m[34m|[0m /* 17.941 */        }[0m
     [36m| [0m[34m|[0m /* 17.942 */    }[0m
     [36m| [0m[34m|[0m /* 17.943 */    finally {[0m
     [36m| [0m[34m|[0m /* 17.944 */        h2Client.close()[0m
     [36m| [0m[34m|[0m /* 17.945 */        clientTls.close()[0m
     [36m| [0m[34m|[0m /* 17.946 */        let _ = h2Server.shutdown(context: OperationContext(deadline: Some(Deadline.after(3 * Duration.second))))[0m
     [36m| [0m[34m|[0m /* 17.947 */        h2Serving.get(3 * Duration.second)[0m
     [36m| [0m[34m|[0m /* 17.948 */        serverTls.close()[0m
     [36m| [0m[34m|[0m /* 17.949 */    }[0m
     [36m| [0m[34m|[0m /* 17.950 */    expectEqual("resetWithoutSentinel", "true", resetWithoutSentinel, true, isDelta: false)[0m
     [36m| [0m[34m|[0m /* 17.951 */    expectEqual("h2Handler.closed.load()", "1", h2Handler.closed.load(), 1, isDelta: false)[0m
     [36m| [0m[34m|[0m /* 17.952 */}[0m
     [36m| [0m[34m|[0m /* 17.953 */[0m
     [36m| [0m[34m|[0m /* 17.954 */@Attribute[TestCase_41][0m
     [36m| [0m[34m|[0m /* 17.955 */func publicServerShutdownConvergesAfterGracefulForcedCancelledAndRepeatedRequests(): Unit {[0m
     [36m| [0m[34m|[0m /* 17.956 */    let graceful = HttpServer.builder().listen(publicLoopback(0)).handler(PublicCountingHandler()).build()[0m
     [36m| [0m[34m|[0m /* 17.957 */    let gracefulServing: Future < Unit >= spawn { graceful.serve()[0m
     [36m| [0m[34m|[0m /* 17.958 */    }[0m
     [36m| [0m[34m|[0m /* 17.959 */    let gracefulClient = HttpClient.builder().resolver(StaticResolver(ResolveResult([graceful.localEndpoint.address], HostName("graceful.test"), ResolverSource.Static))).requestTimeout(3 * Duration.second).build()[0m
     [36m| [0m[34m|[0m /* 17.960 */    let response = gracefulClient.get("http://graceful.test:${graceful.localEndpoint.port}/secure")[0m
     [36m| [0m[34m|[0m /* 17.961 */    response.close()[0m
     [36m| [0m[34m|[0m /* 17.962 */    gracefulClient.close()[0m
     [36m| [0m[34m|[0m /* 17.963 */    let gracefulResult = graceful.shutdown(context: OperationContext(deadline: Some(Deadline.after(3 * Duration.second))))[0m
     [36m| [0m[34m|[0m /* 17.964 */    expectEqual("gracefulResult.activeAtReturn", "0", gracefulResult.activeAtReturn, 0, isDelta: false)[0m
     [36m| [0m[34m|[0m /* 17.965 */    gracefulServing.get(3 * Duration.second)[0m
     [36m| [0m[34m|[0m /* 17.966 */    graceful.close()[0m
     [36m| [0m[34m|[0m /* 17.967 */    graceful.close()[0m
     [36m| [0m[34m|[0m /* 17.968 */    let repeated = graceful.shutdown(context: OperationContext(deadline: Some(Deadline.after(Duration.second))))[0m
     [36m| [0m[34m|[0m /* 17.969 */    expectEqual("repeated.activeAtReturn", "0", repeated.activeAtReturn, 0, isDelta: false)[0m
     [36m| [0m[34m|[0m /* 17.970 */    publicRunForcedShutdown(false)[0m
     [36m| [0m[34m|[0m /* 17.971 */    publicRunForcedShutdown(true)[0m
     [36m| [0m[34m|[0m /* 17.972 */    let cancelledHandler = PublicBlockingLifecycleHandler()[0m
     [36m| [0m[34m|[0m /* 17.973 */    let cancelledServer = HttpServer.builder().listen(publicLoopback(0)).handler(cancelledHandler).build()[0m
     [36m| [0m[34m|[0m /* 17.974 */    let cancelledServing: Future < Unit >= spawn { cancelledServer.serve()[0m
     [36m| [0m[34m|[0m /* 17.975 */    }[0m
     [36m| [0m[34m|[0m /* 17.976 */    let cancelledClient = HttpClient.builder().resolver(StaticResolver(ResolveResult([cancelledServer.localEndpoint.address], HostName("cancel-shutdown.test"), ResolverSource.Static))).requestTimeout(3 * Duration.second).build()[0m
     [36m| [0m[34m|[0m /* 17.977 */    let cancelledRequest: Future < Unit >= spawn { try {[0m
     [36m| [0m[34m|[0m /* 17.978 */        let value = cancelledClient.get("http://cancel-shutdown.test:${cancelledServer.localEndpoint.port}/block")[0m
     [36m| [0m[34m|[0m /* 17.979 */        value.close()[0m
     [36m| [0m[34m|[0m /* 17.980 */    } catch(_: Exception) {[0m
     [36m| [0m[34m|[0m /* 17.981 */    }[0m
     [36m| [0m[34m|[0m /* 17.982 */}[0m
     [36m| [0m[34m|[0m /* 17.983 */cancelledHandler.waitUntilEntered()[0m
     [36m| [0m[34m|[0m /* 17.984 */let shutdownCancellation = CancellationSource()[0m
     [36m| [0m[34m|[0m /* 17.985 */shutdownCancellation.cancel()[0m
     [36m| [0m[34m|[0m /* 17.986 */let cancelledResult = cancelledServer.shutdown(context: OperationContext(cancellation: shutdownCancellation.token))[0m
     [36m| [0m[34m|[0m /* 17.987 */cancelledHandler.release()[0m
     [36m| [0m[34m|[0m /* 17.988 */cancelledRequest.get(Duration.second)[0m
     [36m| [0m[34m|[0m /* 17.989 */let cancelledDrained = cancelledServer.shutdown(context: OperationContext(deadline: Some(Deadline.after(3 * Duration.second))))[0m
     [36m| [0m[34m|[0m /* 17.990 */expectEqual("cancelledResult.activeAtReturn >= cancelledDrained.activeAtReturn", "true", cancelledResult.activeAtReturn >= cancelledDrained.activeAtReturn, true, isDelta: false)[0m
     [36m| [0m[34m|[0m /* 17.991 */expectEqual("cancelledDrained.activeAtReturn", "0", cancelledDrained.activeAtReturn, 0, isDelta: false)[0m
     [36m| [0m[34m|[0m /* 17.992 */cancelledServing.get(3 * Duration.second)[0m
     [36m| [0m[34m|[0m /* 17.993 */cancelledClient.close()[0m
     [36m| [0m[34m|[0m /* 17.994 */}[0m
     [36m| [0m[34m|[0m /* 17.995 */[0m
     [36m| [0m[34m|[0m /* 17.996 */@Attribute[TestCase_42][0m
     [36m| [0m[34m|[0m /* 17.997 */func shutdownClosesLateAcceptedTransportAndSuccessfulConnectTunnel(): Unit {[0m
     [36m| [0m[34m|[0m /* 17.998 */let late = PublicLateAcceptFixture()[0m
     [36m| [0m[34m|[0m /* 17.999 */let lateServing: Future < Unit >= spawn { late.server.serve()[0m
     [36m| [0m[34m|[0m /* 17.1000 */}[0m
     [36m| [0m[34m|[0m /* 17.1001 */try {[0m
     [36m| [0m[34m|[0m /* 17.1002 */    late.listener.waitUntilAccepting()[0m
     [36m| [0m[34m|[0m /* 17.1003 */    let lateShutdown: Future < HttpServerShutdownResult >= spawn { late.server.shutdown(context: OperationContext(deadline: Some(Deadline.after(3 * Duration.second))))[0m
     [36m| [0m[34m|[0m /* 17.1004 */    }[0m
     [36m| [0m[34m|[0m /* 17.1005 */    late.listener.waitUntilClosed()[0m
     [36m| [0m[34m|[0m /* 17.1006 */    late.listener.releaseAccept()[0m
     [36m| [0m[34m|[0m /* 17.1007 */    expectEqual("lateShutdown.get(3 * Duration.second).activeAtReturn", "0", lateShutdown.get(3 * Duration.second).activeAtReturn, 0, isDelta: false)[0m
     [36m| [0m[34m|[0m /* 17.1008 */    lateServing.get(3 * Duration.second)[0m
     [36m| [0m[34m|[0m /* 17.1009 */    expectEqual("late.handler.calls.load()", "0", late.handler.calls.load(), 0, isDelta: false)[0m
     [36m| [0m[34m|[0m /* 17.1010 */    expectEqual("late.listener.acceptedCloseCalls.load()", "1", late.listener.acceptedCloseCalls.load(), 1, isDelta: false)[0m
     [36m| [0m[34m|[0m /* 17.1011 */} finally {[0m
     [36m| [0m[34m|[0m /* 17.1012 */    late.listener.releaseAccept()[0m
     [36m| [0m[34m|[0m /* 17.1013 */    late.close()[0m
     [36m| [0m[34m|[0m /* 17.1014 */    lateServing.get(3 * Duration.second)[0m
     [36m| [0m[34m|[0m /* 17.1015 */}[0m
     [36m| [0m[34m|[0m /* 17.1016 */let connectHandler = PublicConnectHandler()[0m
     [36m| [0m[34m|[0m /* 17.1017 */let connectServer = HttpServer.builder().listen(publicLoopback(0)).handler(connectHandler).build()[0m
     [36m| [0m[34m|[0m /* 17.1018 */let connectServing: Future < Unit >= spawn { connectServer.serve()[0m
     [36m| [0m[34m|[0m /* 17.1019 */}[0m
     [36m| [0m[34m|[0m /* 17.1020 */let raw = stdnettest.StdNetTransport.connect(connectServer.localEndpoint, context: OperationContext(deadline: Some(Deadline.after(3 * Duration.second))))[0m
     [36m| [0m[34m|[0m /* 17.1021 */var tunnel:?http1test.Http1Tunnel = None < http1test.Http1Tunnel >[0m
     [36m| [0m[34m|[0m /* 17.1022 */try {[0m
     [36m| [0m[34m|[0m /* 17.1023 */    let exchanged = http1test.performHttp1Connect(raw, HttpUrl.parse("http://origin.test:443/"), headers: HttpHeaders(), context: OperationContext(deadline: Some(Deadline.after(3 * Duration.second))))[0m
     [36m| [0m[34m|[0m /* 17.1024 */    let connected = match(exchanged) {[0m
     [36m| [0m[34m|[0m /* 17.1025 */        case http1test.Http1ConnectExchangeResult.Tunnel(value) => value[0m
     [36m| [0m[34m|[0m /* 17.1026 */        case _ => throw Exception("expected successful public CONNECT tunnel")[0m
     [36m| [0m[34m|[0m /* 17.1027 */    }[0m
     [36m| [0m[34m|[0m /* 17.1028 */    tunnel = Some(connected)[0m
     [36m| [0m[34m|[0m /* 17.1029 */    let result = connected.transport.readSome(transporttest.MutableByteSpan(Array < Byte >(1, repeat: 0u8)), context: OperationContext(deadline: Some(Deadline.after(Duration.second))))[0m
     [36m| [0m[34m|[0m /* 17.1030 */    expectEqual("publicReadReachedEof(result)", "true", publicReadReachedEof(result), true, isDelta: false)[0m
     [36m| [0m[34m|[0m /* 17.1031 */    expectEqual("connectHandler.calls.load()", "1", connectHandler.calls.load(), 1, isDelta: false)[0m
     [36m| [0m[34m|[0m /* 17.1032 */} finally {[0m
     [36m| [0m[34m|[0m /* 17.1033 */    match(tunnel) {[0m
     [36m| [0m[34m|[0m /* 17.1034 */        case Some(value) => value.transport.close()[0m
     [36m| [0m[34m|[0m /* 17.1035 */        case None => raw.close()[0m
     [36m| [0m[34m|[0m /* 17.1036 */    }[0m
     [36m| [0m[34m|[0m /* 17.1037 */    let _ = connectServer.shutdown(context: OperationContext(deadline: Some(Deadline.after(3 * Duration.second))))[0m
     [36m| [0m[34m|[0m /* 17.1038 */    connectServing.get(3 * Duration.second)[0m
     [36m| [0m[34m|[0m /* 17.1039 */}[0m
     [36m| [0m[34m|[0m /* 17.1040 */}[0m
     [36m| [0m[34m|[0m /* 17.1041 */[0m
     [36m| [0m[34m|[0m /* 17.1042 */@Attribute[TestCase_43][0m
     [36m| [0m[34m|[0m /* 17.1043 */func noFollowStalledBodyUsesTheOriginalDeadlineWithoutRetry(): Unit {[0m
     [36m| [0m[34m|[0m /* 17.1044 */let handler = PublicStalledRedirectHandler()[0m
     [36m| [0m[34m|[0m /* 17.1045 */let server = HttpServer.builder().listen(publicLoopback(0)).handler(handler).build()[0m
     [36m| [0m[34m|[0m /* 17.1046 */let serving: Future < Unit >= spawn { server.serve()[0m
     [36m| [0m[34m|[0m /* 17.1047 */}[0m
     [36m| [0m[34m|[0m /* 17.1048 */let factory = PublicRecordingStdNetFactory()[0m
     [36m| [0m[34m|[0m /* 17.1049 */let client = publicInjectedClient(StaticResolver(ResolveResult([server.localEndpoint.address], HostName("body-deadline.test"), ResolverSource.Static)), factory, requestTimeout: Some(5 * Duration.second), redirectPolicy: HttpRedirectPolicy.noFollow(), retryPolicy: HttpRetryPolicy(maximumAttempts: 2))[0m
     [36m| [0m[34m|[0m /* 17.1050 */var response:?HttpResponse = None < HttpResponse >[0m
     [36m| [0m[34m|[0m /* 17.1051 */try {[0m
     [36m| [0m[34m|[0m /* 17.1052 */    let received = client.get("http://body-deadline.test:${server.localEndpoint.port}/start", context: OperationContext(deadline: Some(Deadline.after(100 * Duration.millisecond))))[0m
     [36m| [0m[34m|[0m /* 17.1053 */    response = Some(received)[0m
     [36m| [0m[34m|[0m /* 17.1054 */    expectEqual("received.body.read(Array < Byte >(6, repeat: 0u8))", "6", received.body.read(Array < Byte >(6, repeat: 0u8)), 6, isDelta: false)[0m
     [36m| [0m[34m|[0m /* 17.1055 */    let blocked: Future < NetworkException >= spawn { publicBodyReadNetworkFailure(received.body)[0m
     [36m| [0m[34m|[0m /* 17.1056 */    }[0m
     [36m| [0m[34m|[0m /* 17.1057 */    expectEqual("factory.waitForTransport().waitUntilReadActive(Duration.second)", "true", factory.waitForTransport().waitUntilReadActive(Duration.second), true, isDelta: false)[0m
     [36m| [0m[34m|[0m /* 17.1058 */    expectEqual("publicNetworkFailureSignature(blocked.get(Duration.second))", "\"Read/TcpRead/TimedOut\"", publicNetworkFailureSignature(blocked.get(Duration.second)), "Read/TcpRead/TimedOut", isDelta: false)[0m
     [36m| [0m[34m|[0m /* 17.1059 */    expectEqual("handler.sourceCalls.load()", "1", handler.sourceCalls.load(), 1, isDelta: false)[0m
     [36m| [0m[34m|[0m /* 17.1060 */    expectEqual("handler.targetCalls.load()", "0", handler.targetCalls.load(), 0, isDelta: false)[0m
     [36m| [0m[34m|[0m /* 17.1061 */} finally {[0m
     [36m| [0m[34m|[0m /* 17.1062 */    match(response) {[0m
     [36m| [0m[34m|[0m /* 17.1063 */        case Some(value) => value.close()[0m
     [36m| [0m[34m|[0m /* 17.1064 */        case None =>()[0m
     [36m| [0m[34m|[0m /* 17.1065 */    }[0m
     [36m| [0m[34m|[0m /* 17.1066 */    handler.release()[0m
     [36m| [0m[34m|[0m /* 17.1067 */    client.close()[0m
     [36m| [0m[34m|[0m /* 17.1068 */    let _ = server.shutdown(context: OperationContext(deadline: Some(Deadline.after(3 * Duration.second))))[0m
     [36m| [0m[34m|[0m /* 17.1069 */    serving.get(3 * Duration.second)[0m
     [36m| [0m[34m|[0m /* 17.1070 */}[0m
     [36m| [0m[34m|[0m /* 17.1071 */}[0m
     [36m| [0m[34m|[0m /* 17.1072 */[0m
     [36m| [0m[34m|[0m /* 17.1073 */@Attribute[TestCase_44][0m
     [36m| [0m[34m|[0m /* 17.1074 */func cancellingACompletedHandleIsOneShotAndDoesNotDisturbConnectionReuse(): Unit {[0m
     [36m| [0m[34m|[0m /* 17.1075 */let handler = PublicCountingHandler()[0m
     [36m| [0m[34m|[0m /* 17.1076 */let server = HttpServer.builder().listen(publicLoopback(0)).handler(handler).build()[0m
     [36m| [0m[34m|[0m /* 17.1077 */let serving: Future < Unit >= spawn { server.serve()[0m
     [36m| [0m[34m|[0m /* 17.1078 */}[0m
     [36m| [0m[34m|[0m /* 17.1079 */let client = HttpClient.builder().resolver(StaticResolver(ResolveResult([server.localEndpoint.address], HostName("completed-cancel.test"), ResolverSource.Static))).requestTimeout(3 * Duration.second).build()[0m
     [36m| [0m[34m|[0m /* 17.1080 */try {[0m
     [36m| [0m[34m|[0m /* 17.1081 */    let handle = HttpRequestCancellationHandle()[0m
     [36m| [0m[34m|[0m /* 17.1082 */    let completed = client.getControlled("http://completed-cancel.test:${server.localEndpoint.port}/secure", HttpCancellationHandles(request: Some(handle)))[0m
     [36m| [0m[34m|[0m /* 17.1083 */    expectEqual("completed.status", "204", completed.status, 204, isDelta: false)[0m
     [36m| [0m[34m|[0m /* 17.1084 */    completed.close()[0m
     [36m| [0m[34m|[0m /* 17.1085 */    expectEqual("handle.cancel()", "true", handle.cancel(), true, isDelta: false)[0m
     [36m| [0m[34m|[0m /* 17.1086 */    expectEqual("! handle.cancel()", "true", ! handle.cancel(), true, isDelta: false)[0m
     [36m| [0m[34m|[0m /* 17.1087 */    let next = client.get("http://completed-cancel.test:${server.localEndpoint.port}/secure")[0m
     [36m| [0m[34m|[0m /* 17.1088 */    expectEqual("next.status", "204", next.status, 204, isDelta: false)[0m
     [36m| [0m[34m|[0m /* 17.1089 */    next.close()[0m
     [36m| [0m[34m|[0m /* 17.1090 */    expectEqual("handler.calls.load()", "2", handler.calls.load(), 2, isDelta: false)[0m
     [36m| [0m[34m|[0m /* 17.1091 */} finally {[0m
     [36m| [0m[34m|[0m /* 17.1092 */    client.close()[0m
     [36m| [0m[34m|[0m /* 17.1093 */    let _ = server.shutdown(context: OperationContext(deadline: Some(Deadline.after(3 * Duration.second))))[0m
     [36m| [0m[34m|[0m /* 17.1094 */    serving.get(3 * Duration.second)[0m
     [36m| [0m[34m|[0m /* 17.1095 */}[0m
     [36m| [0m[34m|[0m /* 17.1096 */}[0m
     [36m| [0m[34m|[0m /* 17.1097 */[0m
     [36m| [0m[34m|[0m /* 17.1098 */init() {[0m
     [36m| [0m[34m|[0m /* 17.1099 */}[0m
     [36m| [0m[34m|[0m /* 17.1100 */private func classConfiguration(): Configuration {[0m
     [36m| [0m[34m|[0m /* 17.1101 */let configuration = Configuration()[0m
     [36m| [0m[34m|[0m /* 17.1102 */[0m
     [36m| [0m[34m|[0m /* 17.1103 */return configuration[0m
     [36m| [0m[34m|[0m /* 17.1104 */}[0m
     [36m| [0m[34m|[0m /* 17.1105 */public override func asTestSuite(): TestSuite {[0m
     [36m| [0m[34m|[0m /* 17.1106 */[0m
     [36m| [0m[34m|[0m /* 17.1107 */let suiteConfiguration = classConfiguration()[0m
     [36m| [0m[34m|[0m /* 17.1108 */let suiteBuilder = TestSuite.builder("HttpFacadeTest").configure(suiteConfiguration)[0m
     [36m| [0m[34m|[0m /* 17.1109 */[0m
     [36m| [0m[34m|[0m /* 17.1110 */{ => let caseConfig = Configuration()[0m
     [36m| [0m[34m|[0m /* 17.1111 */    [0m
     [36m| [0m[34m|[0m /* 17.1112 */    let cancellationWrapperPreservesProtocolCompletionPolicyTestFunc = { => cancellationWrapperPreservesProtocolCompletionPolicy();() }[0m
     [36m| [0m[34m|[0m /* 17.1113 */    suiteBuilder.add([0m
     [36m| [0m[34m|[0m /* 17.1114 */    UnitTestCase.create([0m
     [36m| [0m[34m|[0m /* 17.1115 */    "cancellationWrapperPreservesProtocolCompletionPolicy",[0m
     [36m| [0m[34m|[0m /* 17.1116 */    configuration: caseConfig,[0m
     [36m| [0m[34m|[0m /* 17.1117 */    body: cancellationWrapperPreservesProtocolCompletionPolicyTestFunc[0m
     [36m| [0m[34m|[0m /* 17.1118 */    )[0m
     [36m| [0m[34m|[0m /* 17.1119 */    )[0m
     [36m| [0m[34m|[0m /* 17.1120 */    [0m
     [36m| [0m[34m|[0m /* 17.1121 */}()[0m
     [36m| [0m[34m|[0m /* 17.1122 */[0m
     [36m| [0m[34m|[0m /* 17.1123 */[0m
     [36m| [0m[34m|[0m /* 17.1124 */{ => let caseConfig = Configuration()[0m
     [36m| [0m[34m|[0m /* 17.1125 */    [0m
     [36m| [0m[34m|[0m /* 17.1126 */    let connectionCancellationDoesNotDuplicateIntoHttp2StreamContextTestFunc = { => connectionCancellationDoesNotDuplicateIntoHttp2StreamContext();() }[0m
     [36m| [0m[34m|[0m /* 17.1127 */    suiteBuilder.add([0m
     [36m| [0m[34m|[0m /* 17.1128 */    UnitTestCase.create([0m
     [36m| [0m[34m|[0m /* 17.1129 */    "connectionCancellationDoesNotDuplicateIntoHttp2StreamContext",[0m
     [36m| [0m[34m|[0m /* 17.1130 */    configuration: caseConfig,[0m
     [36m| [0m[34m|[0m /* 17.1131 */    body: connectionCancellationDoesNotDuplicateIntoHttp2StreamContextTestFunc[0m
     [36m| [0m[34m|[0m /* 17.1132 */    )[0m
     [36m| [0m[34m|[0m /* 17.1133 */    )[0m
     [36m| [0m[34m|[0m /* 17.1134 */    [0m
     [36m| [0m[34m|[0m /* 17.1135 */}()[0m
     [36m| [0m[34m|[0m /* 17.1136 */[0m
     [36m| [0m[34m|[0m /* 17.1137 */[0m
     [36m| [0m[34m|[0m /* 17.1138 */{ => let caseConfig = Configuration()[0m
     [36m| [0m[34m|[0m /* 17.1139 */    [0m
     [36m| [0m[34m|[0m /* 17.1140 */    let typedCancellationHandlesAreScopedIdempotentAndStopBeforeNetworkIoTestFunc = { => typedCancellationHandlesAreScopedIdempotentAndStopBeforeNetworkIo();() }[0m
     [36m| [0m[34m|[0m /* 17.1141 */    suiteBuilder.add([0m
     [36m| [0m[34m|[0m /* 17.1142 */    UnitTestCase.create([0m
     [36m| [0m[34m|[0m /* 17.1143 */    "typedCancellationHandlesAreScopedIdempotentAndStopBeforeNetworkIo",[0m
     [36m| [0m[34m|[0m /* 17.1144 */    configuration: caseConfig,[0m
     [36m| [0m[34m|[0m /* 17.1145 */    body: typedCancellationHandlesAreScopedIdempotentAndStopBeforeNetworkIoTestFunc[0m
     [36m| [0m[34m|[0m /* 17.1146 */    )[0m
     [36m| [0m[34m|[0m /* 17.1147 */    )[0m
     [36m| [0m[34m|[0m /* 17.1148 */    [0m
     [36m| [0m[34m|[0m /* 17.1149 */}()[0m
     [36m| [0m[34m|[0m /* 17.1150 */[0m
     [36m| [0m[34m|[0m /* 17.1151 */[0m
     [36m| [0m[34m|[0m /* 17.1152 */{ => let caseConfig = Configuration()[0m
     [36m| [0m[34m|[0m /* 17.1153 */    [0m
     [36m| [0m[34m|[0m /* 17.1154 */    let publicHttp1ConnectionHandleCancelsBodyAndLeavesClientReusableTestFunc = { => publicHttp1ConnectionHandleCancelsBodyAndLeavesClientReusable();() }[0m
     [36m| [0m[34m|[0m /* 17.1155 */    suiteBuilder.add([0m
     [36m| [0m[34m|[0m /* 17.1156 */    UnitTestCase.create([0m
     [36m| [0m[34m|[0m /* 17.1157 */    "publicHttp1ConnectionHandleCancelsBodyAndLeavesClientReusable",[0m
     [36m| [0m[34m|[0m /* 17.1158 */    configuration: caseConfig,[0m
     [36m| [0m[34m|[0m /* 17.1159 */    body: publicHttp1ConnectionHandleCancelsBodyAndLeavesClientReusableTestFunc[0m
     [36m| [0m[34m|[0m /* 17.1160 */    )[0m
     [36m| [0m[34m|[0m /* 17.1161 */    )[0m
     [36m| [0m[34m|[0m /* 17.1162 */    [0m
     [36m| [0m[34m|[0m /* 17.1163 */}()[0m
     [36m| [0m[34m|[0m /* 17.1164 */[0m
     [36m| [0m[34m|[0m /* 17.1165 */[0m
     [36m| [0m[34m|[0m /* 17.1166 */{ => let caseConfig = Configuration()[0m
     [36m| [0m[34m|[0m /* 17.1167 */    [0m
     [36m| [0m[34m|[0m /* 17.1168 */    let publicHttp2StreamAndConnectionHandlesRespectTheirScopesTestFunc = { => publicHttp2StreamAndConnectionHandlesRespectTheirScopes();() }[0m
     [36m| [0m[34m|[0m /* 17.1169 */    suiteBuilder.add([0m
     [36m| [0m[34m|[0m /* 17.1170 */    UnitTestCase.create([0m
     [36m| [0m[34m|[0m /* 17.1171 */    "publicHttp2StreamAndConnectionHandlesRespectTheirScopes",[0m
     [36m| [0m[34m|[0m /* 17.1172 */    configuration: caseConfig,[0m
     [36m| [0m[34m|[0m /* 17.1173 */    body: publicHttp2StreamAndConnectionHandlesRespectTheirScopesTestFunc[0m
     [36m| [0m[34m|[0m /* 17.1174 */    )[0m
     [36m| [0m[34m|[0m /* 17.1175 */    )[0m
     [36m| [0m[34m|[0m /* 17.1176 */    [0m
     [36m| [0m[34m|[0m /* 17.1177 */}()[0m
     [36m| [0m[34m|[0m /* 17.1178 */[0m
     [36m| [0m[34m|[0m /* 17.1179 */[0m
     [36m| [0m[34m|[0m /* 17.1180 */{ => let caseConfig = Configuration()[0m
     [36m| [0m[34m|[0m /* 17.1181 */    [0m
     [36m| [0m[34m|[0m /* 17.1182 */    let publicHttp2SlowStreamCannotStarveOneTenOrHundredSiblingsTestFunc = { => publicHttp2SlowStreamCannotStarveOneTenOrHundredSiblings();() }[0m
     [36m| [0m[34m|[0m /* 17.1183 */    suiteBuilder.add([0m
     [36m| [0m[34m|[0m /* 17.1184 */    UnitTestCase.create([0m
     [36m| [0m[34m|[0m /* 17.1185 */    "publicHttp2SlowStreamCannotStarveOneTenOrHundredSiblings",[0m
     [36m| [0m[34m|[0m /* 17.1186 */    configuration: caseConfig,[0m
     [36m| [0m[34m|[0m /* 17.1187 */    body: publicHttp2SlowStreamCannotStarveOneTenOrHundredSiblingsTestFunc[0m
     [36m| [0m[34m|[0m /* 17.1188 */    )[0m
     [36m| [0m[34m|[0m /* 17.1189 */    )[0m
     [36m| [0m[34m|[0m /* 17.1190 */    [0m
     [36m| [0m[34m|[0m /* 17.1191 */}()[0m
     [36m| [0m[34m|[0m /* 17.1192 */[0m
     [36m| [0m[34m|[0m /* 17.1193 */[0m
     [36m| [0m[34m|[0m /* 17.1194 */{ => let caseConfig = Configuration()[0m
     [36m| [0m[34m|[0m /* 17.1195 */    [0m
     [36m| [0m[34m|[0m /* 17.1196 */    let tlsHttp2StreamLimitIsAppliedAcrossConcurrentPublicRequestsTestFunc = { => tlsHttp2StreamLimitIsAppliedAcrossConcurrentPublicRequests();() }[0m
     [36m| [0m[34m|[0m /* 17.1197 */    suiteBuilder.add([0m
     [36m| [0m[34m|[0m /* 17.1198 */    UnitTestCase.create([0m
     [36m| [0m[34m|[0m /* 17.1199 */    "tlsHttp2StreamLimitIsAppliedAcrossConcurrentPublicRequests",[0m
     [36m| [0m[34m|[0m /* 17.1200 */    configuration: caseConfig,[0m
     [36m| [0m[34m|[0m /* 17.1201 */    body: tlsHttp2StreamLimitIsAppliedAcrossConcurrentPublicRequestsTestFunc[0m
     [36m| [0m[34m|[0m /* 17.1202 */    )[0m
     [36m| [0m[34m|[0m /* 17.1203 */    )[0m
     [36m| [0m[34m|[0m /* 17.1204 */    [0m
     [36m| [0m[34m|[0m /* 17.1205 */}()[0m
     [36m| [0m[34m|[0m /* 17.1206 */[0m
     [36m| [0m[34m|[0m /* 17.1207 */[0m
     [36m| [0m[34m|[0m /* 17.1208 */{ => let caseConfig = Configuration()[0m
     [36m| [0m[34m|[0m /* 17.1209 */    [0m
     [36m| [0m[34m|[0m /* 17.1210 */    let tlsFacadeNegotiatesHttp2AndMapsBodyTrailersAndResponseTestFunc = { => tlsFacadeNegotiatesHttp2AndMapsBodyTrailersAndResponse();() }[0m
     [36m| [0m[34m|[0m /* 17.1211 */    suiteBuilder.add([0m
     [36m| [0m[34m|[0m /* 17.1212 */    UnitTestCase.create([0m
     [36m| [0m[34m|[0m /* 17.1213 */    "tlsFacadeNegotiatesHttp2AndMapsBodyTrailersAndResponse",[0m
     [36m| [0m[34m|[0m /* 17.1214 */    configuration: caseConfig,[0m
     [36m| [0m[34m|[0m /* 17.1215 */    body: tlsFacadeNegotiatesHttp2AndMapsBodyTrailersAndResponseTestFunc[0m
     [36m| [0m[34m|[0m /* 17.1216 */    )[0m
     [36m| [0m[34m|[0m /* 17.1217 */    )[0m
     [36m| [0m[34m|[0m /* 17.1218 */    [0m
     [36m| [0m[34m|[0m /* 17.1219 */}()[0m
     [36m| [0m[34m|[0m /* 17.1220 */[0m
     [36m| [0m[34m|[0m /* 17.1221 */[0m
     [36m| [0m[34m|[0m /* 17.1222 */{ => let caseConfig = Configuration()[0m
     [36m| [0m[34m|[0m /* 17.1223 */    [0m
     [36m| [0m[34m|[0m /* 17.1224 */    let explicitResolverConnectsPublicClientAndServerTestFunc = { => explicitResolverConnectsPublicClientAndServer();() }[0m
     [36m| [0m[34m|[0m /* 17.1225 */    suiteBuilder.add([0m
     [36m| [0m[34m|[0m /* 17.1226 */    UnitTestCase.create([0m
     [36m| [0m[34m|[0m /* 17.1227 */    "explicitResolverConnectsPublicClientAndServer",[0m
     [36m| [0m[34m|[0m /* 17.1228 */    configuration: caseConfig,[0m
     [36m| [0m[34m|[0m /* 17.1229 */    body: explicitResolverConnectsPublicClientAndServerTestFunc[0m
     [36m| [0m[34m|[0m /* 17.1230 */    )[0m
     [36m| [0m[34m|[0m /* 17.1231 */    )[0m
     [36m| [0m[34m|[0m /* 17.1232 */    [0m
     [36m| [0m[34m|[0m /* 17.1233 */}()[0m
     [36m| [0m[34m|[0m /* 17.1234 */[0m
     [36m| [0m[34m|[0m /* 17.1235 */[0m
     [36m| [0m[34m|[0m /* 17.1236 */{ => let caseConfig = Configuration()[0m
     [36m| [0m[34m|[0m /* 17.1237 */    [0m
     [36m| [0m[34m|[0m /* 17.1238 */    let defaultSystemResolverConnectsPublicClientAndServerTestFunc = { => defaultSystemResolverConnectsPublicClientAndServer();() }[0m
     [36m| [0m[34m|[0m /* 17.1239 */    suiteBuilder.add([0m
     [36m| [0m[34m|[0m /* 17.1240 */    UnitTestCase.create([0m
     [36m| [0m[34m|[0m /* 17.1241 */    "defaultSystemResolverConnectsPublicClientAndServer",[0m
     [36m| [0m[34m|[0m /* 17.1242 */    configuration: caseConfig,[0m
     [36m| [0m[34m|[0m /* 17.1243 */    body: defaultSystemResolverConnectsPublicClientAndServerTestFunc[0m
     [36m| [0m[34m|[0m /* 17.1244 */    )[0m
     [36m| [0m[34m|[0m /* 17.1245 */    )[0m
     [36m| [0m[34m|[0m /* 17.1246 */    [0m
     [36m| [0m[34m|[0m /* 17.1247 */}()[0m
     [36m| [0m[34m|[0m /* 17.1248 */[0m
     [36m| [0m[34m|[0m /* 17.1249 */[0m
     [36m| [0m[34m|[0m /* 17.1250 */{ => let caseConfig = Configuration()[0m
     [36m| [0m[34m|[0m /* 17.1251 */    [0m
     [36m| [0m[34m|[0m /* 17.1252 */    let clientFollowsOriginRelativeRedirectEndToEndTestFunc = { => clientFollowsOriginRelativeRedirectEndToEnd();() }[0m
     [36m| [0m[34m|[0m /* 17.1253 */    suiteBuilder.add([0m
     [36m| [0m[34m|[0m /* 17.1254 */    UnitTestCase.create([0m
     [36m| [0m[34m|[0m /* 17.1255 */    "clientFollowsOriginRelativeRedirectEndToEnd",[0m
     [36m| [0m[34m|[0m /* 17.1256 */    configuration: caseConfig,[0m
     [36m| [0m[34m|[0m /* 17.1257 */    body: clientFollowsOriginRelativeRedirectEndToEndTestFunc[0m
     [36m| [0m[34m|[0m /* 17.1258 */    )[0m
     [36m| [0m[34m|[0m /* 17.1259 */    )[0m
     [36m| [0m[34m|[0m /* 17.1260 */    [0m
     [36m| [0m[34m|[0m /* 17.1261 */}()[0m
     [36m| [0m[34m|[0m /* 17.1262 */[0m
     [36m| [0m[34m|[0m /* 17.1263 */[0m
     [36m| [0m[34m|[0m /* 17.1264 */{ => let caseConfig = Configuration()[0m
     [36m| [0m[34m|[0m /* 17.1265 */    [0m
     [36m| [0m[34m|[0m /* 17.1266 */    let clientRetriesOneTemporaryDnsFailureWithinTheSameDeadlineTestFunc = { => clientRetriesOneTemporaryDnsFailureWithinTheSameDeadline();() }[0m
     [36m| [0m[34m|[0m /* 17.1267 */    suiteBuilder.add([0m
     [36m| [0m[34m|[0m /* 17.1268 */    UnitTestCase.create([0m
     [36m| [0m[34m|[0m /* 17.1269 */    "clientRetriesOneTemporaryDnsFailureWithinTheSameDeadline",[0m
     [36m| [0m[34m|[0m /* 17.1270 */    configuration: caseConfig,[0m
     [36m| [0m[34m|[0m /* 17.1271 */    body: clientRetriesOneTemporaryDnsFailureWithinTheSameDeadlineTestFunc[0m
     [36m| [0m[34m|[0m /* 17.1272 */    )[0m
     [36m| [0m[34m|[0m /* 17.1273 */    )[0m
     [36m| [0m[34m|[0m /* 17.1274 */    [0m
     [36m| [0m[34m|[0m /* 17.1275 */}()[0m
     [36m| [0m[34m|[0m /* 17.1276 */[0m
     [36m| [0m[34m|[0m /* 17.1277 */[0m
     [36m| [0m[34m|[0m /* 17.1278 */{ => let caseConfig = Configuration()[0m
     [36m| [0m[34m|[0m /* 17.1279 */    [0m
     [36m| [0m[34m|[0m /* 17.1280 */    let forwardProxyUsesAbsoluteFormIndependentDnsAndHookCredentialsTestFunc = { => forwardProxyUsesAbsoluteFormIndependentDnsAndHookCredentials();() }[0m
     [36m| [0m[34m|[0m /* 17.1281 */    suiteBuilder.add([0m
     [36m| [0m[34m|[0m /* 17.1282 */    UnitTestCase.create([0m
     [36m| [0m[34m|[0m /* 17.1283 */    "forwardProxyUsesAbsoluteFormIndependentDnsAndHookCredentials",[0m
     [36m| [0m[34m|[0m /* 17.1284 */    configuration: caseConfig,[0m
     [36m| [0m[34m|[0m /* 17.1285 */    body: forwardProxyUsesAbsoluteFormIndependentDnsAndHookCredentialsTestFunc[0m
     [36m| [0m[34m|[0m /* 17.1286 */    )[0m
     [36m| [0m[34m|[0m /* 17.1287 */    )[0m
     [36m| [0m[34m|[0m /* 17.1288 */    [0m
     [36m| [0m[34m|[0m /* 17.1289 */}()[0m
     [36m| [0m[34m|[0m /* 17.1290 */[0m
     [36m| [0m[34m|[0m /* 17.1291 */[0m
     [36m| [0m[34m|[0m /* 17.1292 */{ => let caseConfig = Configuration()[0m
     [36m| [0m[34m|[0m /* 17.1293 */    [0m
     [36m| [0m[34m|[0m /* 17.1294 */    let serverBuilderRequiresEndpointAndHandlerTestFunc = { => serverBuilderRequiresEndpointAndHandler();() }[0m
     [36m| [0m[34m|[0m /* 17.1295 */    suiteBuilder.add([0m
     [36m| [0m[34m|[0m /* 17.1296 */    UnitTestCase.create([0m
     [36m| [0m[34m|[0m /* 17.1297 */    "serverBuilderRequiresEndpointAndHandler",[0m
     [36m| [0m[34m|[0m /* 17.1298 */    configuration: caseConfig,[0m
     [36m| [0m[34m|[0m /* 17.1299 */    body: serverBuilderRequiresEndpointAndHandlerTestFunc[0m
     [36m| [0m[34m|[0m /* 17.1300 */    )[0m
     [36m| [0m[34m|[0m /* 17.1301 */    )[0m
     [36m| [0m[34m|[0m /* 17.1302 */    [0m
     [36m| [0m[34m|[0m /* 17.1303 */}()[0m
     [36m| [0m[34m|[0m /* 17.1304 */[0m
     [36m| [0m[34m|[0m /* 17.1305 */[0m
     [36m| [0m[34m|[0m /* 17.1306 */{ => let caseConfig = Configuration()[0m
     [36m| [0m[34m|[0m /* 17.1307 */    [0m
     [36m| [0m[34m|[0m /* 17.1308 */    let tlsServerConfigFailsClosedBeforeBindingTestFunc = { => tlsServerConfigFailsClosedBeforeBinding();() }[0m
     [36m| [0m[34m|[0m /* 17.1309 */    suiteBuilder.add([0m
     [36m| [0m[34m|[0m /* 17.1310 */    UnitTestCase.create([0m
     [36m| [0m[34m|[0m /* 17.1311 */    "tlsServerConfigFailsClosedBeforeBinding",[0m
     [36m| [0m[34m|[0m /* 17.1312 */    configuration: caseConfig,[0m
     [36m| [0m[34m|[0m /* 17.1313 */    body: tlsServerConfigFailsClosedBeforeBindingTestFunc[0m
     [36m| [0m[34m|[0m /* 17.1314 */    )[0m
     [36m| [0m[34m|[0m /* 17.1315 */    )[0m
     [36m| [0m[34m|[0m /* 17.1316 */    [0m
     [36m| [0m[34m|[0m /* 17.1317 */}()[0m
     [36m| [0m[34m|[0m /* 17.1318 */[0m
     [36m| [0m[34m|[0m /* 17.1319 */[0m
     [36m| [0m[34m|[0m /* 17.1320 */{ => let caseConfig = Configuration()[0m
     [36m| [0m[34m|[0m /* 17.1321 */    [0m
     [36m| [0m[34m|[0m /* 17.1322 */    let noFollowReturnsEveryRedirectUntouchedAndLeavesBodyOwnershipWithCallerTestFunc = { => noFollowReturnsEveryRedirectUntouchedAndLeavesBodyOwnershipWithCaller();() }[0m
     [36m| [0m[34m|[0m /* 17.1323 */    suiteBuilder.add([0m
     [36m| [0m[34m|[0m /* 17.1324 */    UnitTestCase.create([0m
     [36m| [0m[34m|[0m /* 17.1325 */    "noFollowReturnsEveryRedirectUntouchedAndLeavesBodyOwnershipWithCaller",[0m
     [36m| [0m[34m|[0m /* 17.1326 */    configuration: caseConfig,[0m
     [36m| [0m[34m|[0m /* 17.1327 */    body: noFollowReturnsEveryRedirectUntouchedAndLeavesBodyOwnershipWithCallerTestFunc[0m
     [36m| [0m[34m|[0m /* 17.1328 */    )[0m
     [36m| [0m[34m|[0m /* 17.1329 */    )[0m
     [36m| [0m[34m|[0m /* 17.1330 */    [0m
     [36m| [0m[34m|[0m /* 17.1331 */}()[0m
     [36m| [0m[34m|[0m /* 17.1332 */[0m
     [36m| [0m[34m|[0m /* 17.1333 */[0m
     [36m| [0m[34m|[0m /* 17.1334 */{ => let caseConfig = Configuration()[0m
     [36m| [0m[34m|[0m /* 17.1335 */    [0m
     [36m| [0m[34m|[0m /* 17.1336 */    let controlledCancellationInterruptsDnsAndInjectedTcpBeforeTransportCreationTestFunc = { => controlledCancellationInterruptsDnsAndInjectedTcpBeforeTransportCreation();() }[0m
     [36m| [0m[34m|[0m /* 17.1337 */    suiteBuilder.add([0m
     [36m| [0m[34m|[0m /* 17.1338 */    UnitTestCase.create([0m
     [36m| [0m[34m|[0m /* 17.1339 */    "controlledCancellationInterruptsDnsAndInjectedTcpBeforeTransportCreation",[0m
     [36m| [0m[34m|[0m /* 17.1340 */    configuration: caseConfig,[0m
     [36m| [0m[34m|[0m /* 17.1341 */    body: controlledCancellationInterruptsDnsAndInjectedTcpBeforeTransportCreationTestFunc[0m
     [36m| [0m[34m|[0m /* 17.1342 */    )[0m
     [36m| [0m[34m|[0m /* 17.1343 */    )[0m
     [36m| [0m[34m|[0m /* 17.1344 */    [0m
     [36m| [0m[34m|[0m /* 17.1345 */}()[0m
     [36m| [0m[34m|[0m /* 17.1346 */[0m
     [36m| [0m[34m|[0m /* 17.1347 */[0m
     [36m| [0m[34m|[0m /* 17.1348 */{ => let caseConfig = Configuration()[0m
     [36m| [0m[34m|[0m /* 17.1349 */    [0m
     [36m| [0m[34m|[0m /* 17.1350 */    let controlledCancellationInterruptsRealTlsAndHeaderReadsTestFunc = { => controlledCancellationInterruptsRealTlsAndHeaderReads();() }[0m
     [36m| [0m[34m|[0m /* 17.1351 */    suiteBuilder.add([0m
     [36m| [0m[34m|[0m /* 17.1352 */    UnitTestCase.create([0m
     [36m| [0m[34m|[0m /* 17.1353 */    "controlledCancellationInterruptsRealTlsAndHeaderReads",[0m
     [36m| [0m[34m|[0m /* 17.1354 */    configuration: caseConfig,[0m
     [36m| [0m[34m|[0m /* 17.1355 */    body: controlledCancellationInterruptsRealTlsAndHeaderReadsTestFunc[0m
     [36m| [0m[34m|[0m /* 17.1356 */    )[0m
     [36m| [0m[34m|[0m /* 17.1357 */    )[0m
     [36m| [0m[34m|[0m /* 17.1358 */    [0m
     [36m| [0m[34m|[0m /* 17.1359 */}()[0m
     [36m| [0m[34m|[0m /* 17.1360 */[0m
     [36m| [0m[34m|[0m /* 17.1361 */[0m
     [36m| [0m[34m|[0m /* 17.1362 */{ => let caseConfig = Configuration()[0m
     [36m| [0m[34m|[0m /* 17.1363 */    [0m
     [36m| [0m[34m|[0m /* 17.1364 */    let noFollowStalledBodyIsCancelledOnlyByCallerAndNeverVisitsTargetTestFunc = { => noFollowStalledBodyIsCancelledOnlyByCallerAndNeverVisitsTarget();() }[0m
     [36m| [0m[34m|[0m /* 17.1365 */    suiteBuilder.add([0m
     [36m| [0m[34m|[0m /* 17.1366 */    UnitTestCase.create([0m
     [36m| [0m[34m|[0m /* 17.1367 */    "noFollowStalledBodyIsCancelledOnlyByCallerAndNeverVisitsTarget",[0m
     [36m| [0m[34m|[0m /* 17.1368 */    configuration: caseConfig,[0m
     [36m| [0m[34m|[0m /* 17.1369 */    body: noFollowStalledBodyIsCancelledOnlyByCallerAndNeverVisitsTargetTestFunc[0m
     [36m| [0m[34m|[0m /* 17.1370 */    )[0m
     [36m| [0m[34m|[0m /* 17.1371 */    )[0m
     [36m| [0m[34m|[0m /* 17.1372 */    [0m
     [36m| [0m[34m|[0m /* 17.1373 */}()[0m
     [36m| [0m[34m|[0m /* 17.1374 */[0m
     [36m| [0m[34m|[0m /* 17.1375 */[0m
     [36m| [0m[34m|[0m /* 17.1376 */{ => let caseConfig = Configuration()[0m
     [36m| [0m[34m|[0m /* 17.1377 */    [0m
     [36m| [0m[34m|[0m /* 17.1378 */    let oneAbsoluteDeadlineCoversRetriesRedirectsAndEveryBodyReadTestFunc = { => oneAbsoluteDeadlineCoversRetriesRedirectsAndEveryBodyRead();() }[0m
     [36m| [0m[34m|[0m /* 17.1379 */    suiteBuilder.add([0m
     [36m| [0m[34m|[0m /* 17.1380 */    UnitTestCase.create([0m
     [36m| [0m[34m|[0m /* 17.1381 */    "oneAbsoluteDeadlineCoversRetriesRedirectsAndEveryBodyRead",[0m
     [36m| [0m[34m|[0m /* 17.1382 */    configuration: caseConfig,[0m
     [36m| [0m[34m|[0m /* 17.1383 */    body: oneAbsoluteDeadlineCoversRetriesRedirectsAndEveryBodyReadTestFunc[0m
     [36m| [0m[34m|[0m /* 17.1384 */    )[0m
     [36m| [0m[34m|[0m /* 17.1385 */    )[0m
     [36m| [0m[34m|[0m /* 17.1386 */    [0m
     [36m| [0m[34m|[0m /* 17.1387 */}()[0m
     [36m| [0m[34m|[0m /* 17.1388 */[0m
     [36m| [0m[34m|[0m /* 17.1389 */[0m
     [36m| [0m[34m|[0m /* 17.1390 */{ => let caseConfig = Configuration()[0m
     [36m| [0m[34m|[0m /* 17.1391 */    [0m
     [36m| [0m[34m|[0m /* 17.1392 */    let tlsDefaultsIdentityAndMutualAuthenticationFailClosedWithoutLeakingSentinelsTestFunc = { => tlsDefaultsIdentityAndMutualAuthenticationFailClosedWithoutLeakingSentinels();() }[0m
     [36m| [0m[34m|[0m /* 17.1393 */    suiteBuilder.add([0m
     [36m| [0m[34m|[0m /* 17.1394 */    UnitTestCase.create([0m
     [36m| [0m[34m|[0m /* 17.1395 */    "tlsDefaultsIdentityAndMutualAuthenticationFailClosedWithoutLeakingSentinels",[0m
     [36m| [0m[34m|[0m /* 17.1396 */    configuration: caseConfig,[0m
     [36m| [0m[34m|[0m /* 17.1397 */    body: tlsDefaultsIdentityAndMutualAuthenticationFailClosedWithoutLeakingSentinelsTestFunc[0m
     [36m| [0m[34m|[0m /* 17.1398 */    )[0m
     [36m| [0m[34m|[0m /* 17.1399 */    )[0m
     [36m| [0m[34m|[0m /* 17.1400 */    [0m
     [36m| [0m[34m|[0m /* 17.1401 */}()[0m
     [36m| [0m[34m|[0m /* 17.1402 */[0m
     [36m| [0m[34m|[0m /* 17.1403 */[0m
     [36m| [0m[34m|[0m /* 17.1404 */{ => let caseConfig = Configuration()[0m
     [36m| [0m[34m|[0m /* 17.1405 */    [0m
     [36m| [0m[34m|[0m /* 17.1406 */    let retryAttemptsArePerRedirectHopAndNoFollowNeverConsumesTargetBudgetTestFunc = { => retryAttemptsArePerRedirectHopAndNoFollowNeverConsumesTargetBudget();() }[0m
     [36m| [0m[34m|[0m /* 17.1407 */    suiteBuilder.add([0m
     [36m| [0m[34m|[0m /* 17.1408 */    UnitTestCase.create([0m
     [36m| [0m[34m|[0m /* 17.1409 */    "retryAttemptsArePerRedirectHopAndNoFollowNeverConsumesTargetBudget",[0m
     [36m| [0m[34m|[0m /* 17.1410 */    configuration: caseConfig,[0m
     [36m| [0m[34m|[0m /* 17.1411 */    body: retryAttemptsArePerRedirectHopAndNoFollowNeverConsumesTargetBudgetTestFunc[0m
     [36m| [0m[34m|[0m /* 17.1412 */    )[0m
     [36m| [0m[34m|[0m /* 17.1413 */    )[0m
     [36m| [0m[34m|[0m /* 17.1414 */    [0m
     [36m| [0m[34m|[0m /* 17.1415 */}()[0m
     [36m| [0m[34m|[0m /* 17.1416 */[0m
     [36m| [0m[34m|[0m /* 17.1417 */[0m
     [36m| [0m[34m|[0m /* 17.1418 */{ => let caseConfig = Configuration()[0m
     [36m| [0m[34m|[0m /* 17.1419 */    [0m
     [36m| [0m[34m|[0m /* 17.1420 */    let afterHookFailureClosesReturnedBodiesForHttp1AndHttp2WithoutLeakingSentinelTestFunc = { => afterHookFailureClosesReturnedBodiesForHttp1AndHttp2WithoutLeakingSentinel();() }[0m
     [36m| [0m[34m|[0m /* 17.1421 */    suiteBuilder.add([0m
     [36m| [0m[34m|[0m /* 17.1422 */    UnitTestCase.create([0m
     [36m| [0m[34m|[0m /* 17.1423 */    "afterHookFailureClosesReturnedBodiesForHttp1AndHttp2WithoutLeakingSentinel",[0m
     [36m| [0m[34m|[0m /* 17.1424 */    configuration: caseConfig,[0m
     [36m| [0m[34m|[0m /* 17.1425 */    body: afterHookFailureClosesReturnedBodiesForHttp1AndHttp2WithoutLeakingSentinelTestFunc[0m
     [36m| [0m[34m|[0m /* 17.1426 */    )[0m
     [36m| [0m[34m|[0m /* 17.1427 */    )[0m
     [36m| [0m[34m|[0m /* 17.1428 */    [0m
     [36m| [0m[34m|[0m /* 17.1429 */}()[0m
     [36m| [0m[34m|[0m /* 17.1430 */[0m
     [36m| [0m[34m|[0m /* 17.1431 */[0m
     [36m| [0m[34m|[0m /* 17.1432 */{ => let caseConfig = Configuration()[0m
     [36m| [0m[34m|[0m /* 17.1433 */    [0m
     [36m| [0m[34m|[0m /* 17.1434 */    let publicServerShutdownConvergesAfterGracefulForcedCancelledAndRepeatedRequestsTestFunc = { => publicServerShutdownConvergesAfterGracefulForcedCancelledAndRepeatedRequests();() }[0m
     [36m| [0m[34m|[0m /* 17.1435 */    suiteBuilder.add([0m
     [36m| [0m[34m|[0m /* 17.1436 */    UnitTestCase.create([0m
     [36m| [0m[34m|[0m /* 17.1437 */    "publicServerShutdownConvergesAfterGracefulForcedCancelledAndRepeatedRequests",[0m
     [36m| [0m[34m|[0m /* 17.1438 */    configuration: caseConfig,[0m
     [36m| [0m[34m|[0m /* 17.1439 */    body: publicServerShutdownConvergesAfterGracefulForcedCancelledAndRepeatedRequestsTestFunc[0m
     [36m| [0m[34m|[0m /* 17.1440 */    )[0m
     [36m| [0m[34m|[0m /* 17.1441 */    )[0m
     [36m| [0m[34m|[0m /* 17.1442 */    [0m
     [36m| [0m[34m|[0m /* 17.1443 */}()[0m
     [36m| [0m[34m|[0m /* 17.1444 */[0m
     [36m| [0m[34m|[0m /* 17.1445 */[0m
     [36m| [0m[34m|[0m /* 17.1446 */{ => let caseConfig = Configuration()[0m
     [36m| [0m[34m|[0m /* 17.1447 */    [0m
     [36m| [0m[34m|[0m /* 17.1448 */    let shutdownClosesLateAcceptedTransportAndSuccessfulConnectTunnelTestFunc = { => shutdownClosesLateAcceptedTransportAndSuccessfulConnectTunnel();() }[0m
     [36m| [0m[34m|[0m /* 17.1449 */    suiteBuilder.add([0m
     [36m| [0m[34m|[0m /* 17.1450 */    UnitTestCase.create([0m
     [36m| [0m[34m|[0m /* 17.1451 */    "shutdownClosesLateAcceptedTransportAndSuccessfulConnectTunnel",[0m
     [36m| [0m[34m|[0m /* 17.1452 */    configuration: caseConfig,[0m
     [36m| [0m[34m|[0m /* 17.1453 */    body: shutdownClosesLateAcceptedTransportAndSuccessfulConnectTunnelTestFunc[0m
     [36m| [0m[34m|[0m /* 17.1454 */    )[0m
     [36m| [0m[34m|[0m /* 17.1455 */    )[0m
     [36m| [0m[34m|[0m /* 17.1456 */    [0m
     [36m| [0m[34m|[0m /* 17.1457 */}()[0m
     [36m| [0m[34m|[0m /* 17.1458 */[0m
     [36m| [0m[34m|[0m /* 17.1459 */[0m
     [36m| [0m[34m|[0m /* 17.1460 */{ => let caseConfig = Configuration()[0m
     [36m| [0m[34m|[0m /* 17.1461 */    [0m
     [36m| [0m[34m|[0m /* 17.1462 */    let noFollowStalledBodyUsesTheOriginalDeadlineWithoutRetryTestFunc = { => noFollowStalledBodyUsesTheOriginalDeadlineWithoutRetry();() }[0m
     [36m| [0m[34m|[0m /* 17.1463 */    suiteBuilder.add([0m
     [36m| [0m[34m|[0m /* 17.1464 */    UnitTestCase.create([0m
     [36m| [0m[34m|[0m /* 17.1465 */    "noFollowStalledBodyUsesTheOriginalDeadlineWithoutRetry",[0m
     [36m| [0m[34m|[0m /* 17.1466 */    configuration: caseConfig,[0m
     [36m| [0m[34m|[0m /* 17.1467 */    body: noFollowStalledBodyUsesTheOriginalDeadlineWithoutRetryTestFunc[0m
     [36m| [0m[34m|[0m /* 17.1468 */    )[0m
     [36m| [0m[34m|[0m /* 17.1469 */    )[0m
     [36m| [0m[34m|[0m /* 17.1470 */    [0m
     [36m| [0m[34m|[0m /* 17.1471 */}()[0m
     [36m| [0m[34m|[0m /* 17.1472 */[0m
     [36m| [0m[34m|[0m /* 17.1473 */[0m
     [36m| [0m[34m|[0m /* 17.1474 */{ => let caseConfig = Configuration()[0m
     [36m| [0m[34m|[0m /* 17.1475 */    [0m
     [36m| [0m[34m|[0m /* 17.1476 */    let cancellingACompletedHandleIsOneShotAndDoesNotDisturbConnectionReuseTestFunc = { => cancellingACompletedHandleIsOneShotAndDoesNotDisturbConnectionReuse();() }[0m
     [36m| [0m[34m|[0m /* 17.1477 */    suiteBuilder.add([0m
     [36m| [0m[34m|[0m /* 17.1478 */    UnitTestCase.create([0m
     [36m| [0m[34m|[0m /* 17.1479 */    "cancellingACompletedHandleIsOneShotAndDoesNotDisturbConnectionReuse",[0m
     [36m| [0m[34m|[0m /* 17.1480 */    configuration: caseConfig,[0m
     [36m| [0m[34m|[0m /* 17.1481 */    body: cancellingACompletedHandleIsOneShotAndDoesNotDisturbConnectionReuseTestFunc[0m
     [36m| [0m[34m|[0m /* 17.1482 */    )[0m
     [36m| [0m[34m|[0m /* 17.1483 */    )[0m
     [36m| [0m[34m|[0m /* 17.1484 */    [0m
     [36m| [0m[34m|[0m /* 17.1485 */}()[0m
     [36m| [0m[34m|[0m /* 17.1486 */[0m
     [36m| [0m[34m|[0m /* 17.1487 */return suiteBuilder.build()[0m
     [36m| [0m[34m|[0m /* 17.1488 */}[0m
     [36m| [0m[34m|[0m /* 17.1489 */private func inheritedFromClassAnnotatedByTestTemplate < T >(): TestSuite where T <: TestClass {[0m
     [36m| [0m[34m|[0m /* 17.1490 */throw Exception("Unreachable code")[0m
     [36m| [0m[34m|[0m /* 17.1491 */}[0m
     [36m| [0m[34m|[0m /* 17.1492 */}[0m
     [36m| [0m[34m|[0m /* 17.1493 */[0m
     [36m| [0m[34m|[0m /* 17.1494 */[0m
     [36m| [0m[34m|[0m /* 17.1495 */interface TestPackageExtension_HttpFacadeTest {[0m
     [36m| [0m[34m|[0m /* 17.1496 */func registerHttpFacadeTest(): Unit[0m
     [36m| [0m[34m|[0m /* 17.1497 */}[0m
     [36m| [0m[34m|[0m /* 17.1498 */extend TestPackage <: TestPackageExtension_HttpFacadeTest {[0m
     [36m| [0m[34m|[0m /* 17.1499 */@Attribute[TEST_REGISTER][0m
     [36m| [0m[34m|[0m /* 17.1500 */public func registerHttpFacadeTest() {[0m
     [36m| [0m[34m|[0m /* 17.1501 */registerSuite({ => HttpFacadeTest().asTestSuite() })[0m
     [36m| [0m[34m|[0m /* 17.1502 */}[0m
     [36m| [0m[34m|[0m /* 17.1503 */}[0m
     [36m| [0m[34m|[0m /* 17.1504 */[0m
     [36m| [0m[34m|[0m[34m_[0m[34m____________^[0m
     [36m| [0m
[34mnote[0m: the warning occurs after the macro is expanded
    [36m==>[0m <repo-root>/build/m8-008/red-20260909T172645Z/green-repo/src/http/facade_test.cj:17:1:
     [36m| [0m
[36m17[0m   [36m| [0m  @Test[0m
     [36m| [0m [34m_[0m[34m^[0m
[36m18[0m   [36m| [0m[34m|[0m class HttpFacadeTest {[0m
     [36m| [0m[34m|[0m ...[0m
[36m1697[0m [36m| [0m[34m|[0m }[0m
     [36m| [0m[34m|[0m[34m_[0m[34m^[0m
     [36m| [0m

[33mwarning[0m: unreachable pattern
    [36m==>[0m <repo-root>/build/m8-008/red-20260909T172645Z/green-repo/src/http/facade_test.cj:1597:80:
     [36m| [0m
[36m1597[0m [36m| [0m            match (tunnel) { case Some(value) => value.transport.close(); case None => raw.close() }[0m
     [36m| [0m                                                                               [33m^ [0m
     [36m| [0m
     [36m#[0m [0mnote[0m: this warning can be suppressed by setting the compiler option `-Woff unused`
[34mnote[0m: the warning occurs after the macro is expanded
    [36m==>[0m <repo-root>/build/m8-008/red-20260909T172645Z/green-repo/src/http/facade_test.cj:17:1:
     [36m| [0m
[36m17[0m   [36m| [0m  @Test[0m
     [36m| [0m [34m_[0m[34m^[0m
[36m18[0m   [36m| [0m[34m|[0m class HttpFacadeTest {[0m
     [36m| [0m[34m|[0m ...[0m
[36m1697[0m [36m| [0m[34m|[0m }[0m
     [36m| [0m[34m|[0m[34m_[0m[34m^[0m
     [36m| [0m

[33mwarning[0m: unreachable pattern
    [36m==>[0m <repo-root>/build/m8-008/red-20260909T172645Z/green-repo/src/http/facade_test.cj:1646:72:
     [36m| [0m
[36m1646[0m [36m| [0m            match (response) { case Some(value) => value.close(); case None => () }[0m
     [36m| [0m                                                                       [33m^ [0m
     [36m| [0m
     [36m#[0m [0mnote[0m: this warning can be suppressed by setting the compiler option `-Woff unused`
[34mnote[0m: the warning occurs after the macro is expanded
    [36m==>[0m <repo-root>/build/m8-008/red-20260909T172645Z/green-repo/src/http/facade_test.cj:17:1:
     [36m| [0m
[36m17[0m   [36m| [0m  @Test[0m
     [36m| [0m [34m_[0m[34m^[0m
[36m18[0m   [36m| [0m[34m|[0m class HttpFacadeTest {[0m
     [36m| [0m[34m|[0m ...[0m
[36m1697[0m [36m| [0m[34m|[0m }[0m
     [36m| [0m[34m|[0m[34m_[0m[34m^[0m
     [36m| [0m

[33mwarning[0m: unused variable:'host'
    [36m==>[0m <repo-root>/build/m8-008/red-20260909T172645Z/green-repo/src/http/facade_test.cj:2316:25:
     [36m| [0m
[36m2316[0m [36m| [0m    public func resolve(host: HostName, service: ?String, options: ResolveOptions,[0m
     [36m| [0m                        [33m^^^^ unused variable[0m
     [36m| [0m
     [36m#[0m [0mnote[0m: this warning can be suppressed by setting the compiler option `-Woff unused`

4 warnings generated, 4 warnings printed.
--------------------------------------------------------------------------------------------------
TP: wirestack.http, time elapsed: 38643294156 ns, RESULT:
    TCS: Http1PublicKeepAliveBenchmarkTest, time elapsed: 861776323 ns, RESULT:
    [ PASSED ] CASE: benchmarkKeepAliveSmall (861100906 ns)
    STDOUT:
    HTTP1_BENCH scenario=keep_alive_small iterations=2000 durationNs=771466552 bytes=0 checksum=400000
    TCS: RequestBodyTest, time elapsed: 1016890 ns, RESULT:
    [ PASSED ] CASE: byteBodiesOwnInputAndReplayWithIndependentOffsets (25401 ns)
    [ PASSED ] CASE: emptyAndUtf8StringBodiesHaveExactLengths (15183 ns)
    [ PASSED ] CASE: oneShotBodyCanOnlyBeClaimedOnce (31335 ns)
    [ PASSED ] CASE: factoryMustReturnTheDeclaredLengthAndMismatchIsClosed (21120 ns)
    [ PASSED ] CASE: closedStreamRejectsFurtherReads (16934 ns)
    [ PASSED ] CASE: fileBodyStreamsAndReopensWithoutEagerReads (138574 ns)
    [ PASSED ] CASE: fileBodyRejectsOversizeAndChangesBeforeOpen (132342 ns)
    TCS: Http1DeterministicFuzzTest, time elapsed: 8330532 ns, RESULT:
    [ PASSED ] CASE: acceptedUrlMutationsRoundTripToOneCanonicalIdentity (4690837 ns)
    STDOUT:
    M7023_FUZZ target=url-authority seed=7023 iterations=825 decision=PASS
    [ PASSED ] CASE: acceptedNoProxyMutationsRemainDeterministicAcrossTargets (2988093 ns)
    STDOUT:
    M7023_FUZZ target=proxy-parser seed=7023 iterations=480 decision=PASS
    [ PASSED ] CASE: proxyAuthorizationMutationCannotInjectBeforeDnsOrConnect (184254 ns)
    TCS: HttpErrorTest, time elapsed: 484067 ns, RESULT:
    [ PASSED ] CASE: publicGetMapsInvalidUrlWithoutNetworkSideEffects (150820 ns)
    [ PASSED ] CASE: classifierProvidesStableHttpFailureCodes (61113 ns)
    TCS: HttpFacadeTest, time elapsed: 935997651 ns, RESULT:
    [ PASSED ] CASE: cancellationWrapperPreservesProtocolCompletionPolicy (31635 ns)
    [ PASSED ] CASE: connectionCancellationDoesNotDuplicateIntoHttp2StreamContext (25898 ns)
    [ PASSED ] CASE: typedCancellationHandlesAreScopedIdempotentAndStopBeforeNetworkIo (2930018 ns)
    [ PASSED ] CASE: publicHttp1ConnectionHandleCancelsBodyAndLeavesClientReusable (10355844 ns)
    [ PASSED ] CASE: publicHttp2StreamAndConnectionHandlesRespectTheirScopes (105758259 ns)
    [ PASSED ] CASE: publicHttp2SlowStreamCannotStarveOneTenOrHundredSiblings (166753342 ns)
    STDOUT:
    M6_024_RESULT protocol=h2 exhaustedBytes=65535 consumedBytes=4096 siblings=100 latency1Ns=17779655 latency10Ns=27574953 latency100Ns=126277636 siblingTimeouts=0 connectionAborts=0
    [ PASSED ] CASE: tlsHttp2StreamLimitIsAppliedAcrossConcurrentPublicRequests (25685485 ns)
    [ PASSED ] CASE: tlsFacadeNegotiatesHttp2AndMapsBodyTrailersAndResponse (47496919 ns)
    STDERR:
    An exception has occurred:
    Http2ProtocolException: HTTP/2 server handler failed
    	 at wirestack.internal.http2::Http2ServerExchange::start::lambda.0()(<repo-root>/build/m8-008/red-20260909T172645Z/green-repo/src/internal/http2/server_mapping.cj:186)
    [ PASSED ] CASE: explicitResolverConnectsPublicClientAndServer (1990328 ns)
    [ PASSED ] CASE: defaultSystemResolverConnectsPublicClientAndServer (261373588 ns)
    [ PASSED ] CASE: clientFollowsOriginRelativeRedirectEndToEnd (3708438 ns)
    [ PASSED ] CASE: clientRetriesOneTemporaryDnsFailureWithinTheSameDeadline (2577223 ns)
    [ PASSED ] CASE: forwardProxyUsesAbsoluteFormIndependentDnsAndHookCredentials (2689104 ns)
    [ PASSED ] CASE: serverBuilderRequiresEndpointAndHandler (25579 ns)
    [ PASSED ] CASE: tlsServerConfigFailsClosedBeforeBinding (132988 ns)
    [ PASSED ] CASE: noFollowReturnsEveryRedirectUntouchedAndLeavesBodyOwnershipWithCaller (7388150 ns)
    [ PASSED ] CASE: controlledCancellationInterruptsDnsAndInjectedTcpBeforeTransportCreation (344920 ns)
    [ PASSED ] CASE: controlledCancellationInterruptsRealTlsAndHeaderReads (11292339 ns)
    [ PASSED ] CASE: noFollowStalledBodyIsCancelledOnlyByCallerAndNeverVisitsTarget (3188684 ns)
    [ PASSED ] CASE: oneAbsoluteDeadlineCoversRetriesRedirectsAndEveryBodyRead (4685815 ns)
    [ PASSED ] CASE: tlsDefaultsIdentityAndMutualAuthenticationFailClosedWithoutLeakingSentinels (80149377 ns)
    [ PASSED ] CASE: afterHookFailureClosesReturnedBodiesForHttp1AndHttp2WithoutLeakingSentinel (29988951 ns)
    STDERR:
    An exception has occurred:
    Http2ProtocolException: HTTP/2 server handler failed
    	 at wirestack.internal.http2::Http2ServerExchange::start::lambda.0()(<repo-root>/build/m8-008/red-20260909T172645Z/green-repo/src/internal/http2/server_mapping.cj:186)
    [ PASSED ] CASE: publicServerShutdownConvergesAfterGracefulForcedCancelledAndRepeatedRequests (50668202 ns)
    STDERR:
    An exception has occurred:
    Http2ProtocolException: HTTP/2 server handler failed
    	 at wirestack.internal.http2::Http2ServerExchange::start::lambda.0()(<repo-root>/build/m8-008/red-20260909T172645Z/green-repo/src/internal/http2/server_mapping.cj:186)
    [ PASSED ] CASE: shutdownClosesLateAcceptedTransportAndSuccessfulConnectTunnel (2052322 ns)
    [ PASSED ] CASE: noFollowStalledBodyUsesTheOriginalDeadlineWithoutRetry (102633137 ns)
    [ PASSED ] CASE: cancellingACompletedHandleIsOneShotAndDoesNotDisturbConnectionReuse (2409395 ns)
    [ FAILED ] CASE: retryAttemptsArePerRedirectHopAndNoFollowNeverConsumesTargetBudget (5445303 ns)
    Expect Failed: `(refusedFactory.connects.load() == 1)`
       left: 2
      right: 1

    Expect Failed: `(refusedEvents.started.load() == 1)`
       left: 2
      right: 1

    TCS: Http2FacadeTerminationProfileTest, time elapsed: 29064030055 ns, RESULT:
    [ PASSED ] CASE: runsConcurrentFacadeSequenceOneHundredTimesAndTerminates (29063620339 ns)
    STDOUT:
    M6_024_RESULT protocol=h2 exhaustedBytes=65535 consumedBytes=4096 siblings=100 latency1Ns=5221874 latency10Ns=13866780 latency100Ns=118509126 siblingTimeouts=0 connectionAborts=0
    M6_025_ROUND round=1 scenarios=3 failures=0 timeouts=0
    M6_024_RESULT protocol=h2 exhaustedBytes=65535 consumedBytes=4096 siblings=100 latency1Ns=19881263 latency10Ns=31950998 latency100Ns=150112601 siblingTimeouts=0 connectionAborts=0
    M6_025_ROUND round=2 scenarios=3 failures=0 timeouts=0
    M6_024_RESULT protocol=h2 exhaustedBytes=65535 consumedBytes=4096 siblings=100 latency1Ns=4851144 latency10Ns=13821947 latency100Ns=113103389 siblingTimeouts=0 connectionAborts=0
    M6_025_ROUND round=3 scenarios=3 failures=0 timeouts=0
    M6_024_RESULT protocol=h2 exhaustedBytes=65535 consumedBytes=4096 siblings=100 latency1Ns=7936076 latency10Ns=16571523 latency100Ns=123802802 siblingTimeouts=0 connectionAborts=0
    M6_025_ROUND round=4 scenarios=3 failures=0 timeouts=0
    M6_024_RESULT protocol=h2 exhaustedBytes=65535 consumedBytes=4096 siblings=100 latency1Ns=9223342 latency10Ns=18812007 latency100Ns=121173453 siblingTimeouts=0 connectionAborts=0
    M6_025_ROUND round=5 scenarios=3 failures=0 timeouts=0
    M6_024_RESULT protocol=h2 exhaustedBytes=65535 consumedBytes=4096 siblings=100 latency1Ns=12045844 latency10Ns=26202089 latency100Ns=148665838 siblingTimeouts=0 connectionAborts=0
    M6_025_ROUND round=6 scenarios=3 failures=0 timeouts=0
    M6_024_RESULT protocol=h2 exhaustedBytes=65535 consumedBytes=4096 siblings=100 latency1Ns=11559214 latency10Ns=21628091 latency100Ns=136495588 siblingTimeouts=0 connectionAborts=0
    M6_025_ROUND round=7 scenarios=3 failures=0 timeouts=0
    M6_024_RESULT protocol=h2 exhaustedBytes=65535 consumedBytes=4096 siblings=100 latency1Ns=2487526 latency10Ns=12583357 latency100Ns=124319507 siblingTimeouts=0 connectionAborts=0
    M6_025_ROUND round=8 scenarios=3 failures=0 timeouts=0
    M6_024_RESULT protocol=h2 exhaustedBytes=65535 consumedBytes=4096 siblings=100 latency1Ns=12585190 latency10Ns=22513800 latency100Ns=140267279 siblingTimeouts=0 connectionAborts=0
    M6_025_ROUND round=9 scenarios=3 failures=0 timeouts=0
    M6_024_RESULT protocol=h2 exhaustedBytes=65535 consumedBytes=4096 siblings=100 latency1Ns=3612737 latency10Ns=16202157 latency100Ns=135491913 siblingTimeouts=0 connectionAborts=0
    M6_025_ROUND round=10 scenarios=3 failures=0 timeouts=0
    M6_024_RESULT protocol=h2 exhaustedBytes=65535 consumedBytes=4096 siblings=100 latency1Ns=11093297 latency10Ns=21951592 latency100Ns=131536002 siblingTimeouts=0 connectionAborts=0
    M6_025_ROUND round=11 scenarios=3 failures=0 timeouts=0
    M6_024_RESULT protocol=h2 exhaustedBytes=65535 consumedBytes=4096 siblings=100 latency1Ns=6829960 latency10Ns=18157764 latency100Ns=119544648 siblingTimeouts=0 connectionAborts=0
    M6_025_ROUND round=12 scenarios=3 failures=0 timeouts=0
    M6_024_RESULT protocol=h2 exhaustedBytes=65535 consumedBytes=4096 siblings=100 latency1Ns=8062445 latency10Ns=20101708 latency100Ns=132953698 siblingTimeouts=0 connectionAborts=0
    M6_025_ROUND round=13 scenarios=3 failures=0 timeouts=0
    M6_024_RESULT protocol=h2 exhaustedBytes=65535 consumedBytes=4096 siblings=100 latency1Ns=9324339 latency10Ns=18297629 latency100Ns=122858274 siblingTimeouts=0 connectionAborts=0
    M6_025_ROUND round=14 scenarios=3 failures=0 timeouts=0
    M6_024_RESULT protocol=h2 exhaustedBytes=65535 consumedBytes=4096 siblings=100 latency1Ns=5053610 latency10Ns=16298640 latency100Ns=122362350 siblingTimeouts=0 connectionAborts=0
    M6_025_ROUND round=15 scenarios=3 failures=0 timeouts=0
    M6_024_RESULT protocol=h2 exhaustedBytes=65535 consumedBytes=4096 siblings=100 latency1Ns=9875698 latency10Ns=19249332 latency100Ns=137336688 siblingTimeouts=0 connectionAborts=0
    M6_025_ROUND round=16 scenarios=3 failures=0 timeouts=0
    M6_024_RESULT protocol=h2 exhaustedBytes=65535 consumedBytes=4096 siblings=100 latency1Ns=11012711 latency10Ns=21186343 latency100Ns=141762307 siblingTimeouts=0 connectionAborts=0
    M6_025_ROUND round=17 scenarios=3 failures=0 timeouts=0
    M6_024_RESULT protocol=h2 exhaustedBytes=65535 consumedBytes=4096 siblings=100 latency1Ns=7412057 latency10Ns=17318124 latency100Ns=123023380 siblingTimeouts=0 connectionAborts=0
    M6_025_ROUND round=18 scenarios=3 failures=0 timeouts=0
    M6_024_RESULT protocol=h2 exhaustedBytes=65535 consumedBytes=4096 siblings=100 latency1Ns=6596650 latency10Ns=18063856 latency100Ns=138536965 siblingTimeouts=0 connectionAborts=0
    M6_025_ROUND round=19 scenarios=3 failures=0 timeouts=0
    M6_024_RESULT protocol=h2 exhaustedBytes=65535 consumedBytes=4096 siblings=100 latency1Ns=7629888 latency10Ns=17817516 latency100Ns=132130126 siblingTimeouts=0 connectionAborts=0
    M6_025_ROUND round=20 scenarios=3 failures=0 timeouts=0
    M6_024_RESULT protocol=h2 exhaustedBytes=65535 consumedBytes=4096 siblings=100 latency1Ns=4899785 latency10Ns=18066511 latency100Ns=131990888 siblingTimeouts=0 connectionAborts=0
    M6_025_ROUND round=21 scenarios=3 failures=0 timeouts=0
    M6_024_RESULT protocol=h2 exhaustedBytes=65535 consumedBytes=4096 siblings=100 latency1Ns=7101422 latency10Ns=18929510 latency100Ns=125057655 siblingTimeouts=0 connectionAborts=0
    M6_025_ROUND round=22 scenarios=3 failures=0 timeouts=0
    M6_024_RESULT protocol=h2 exhaustedBytes=65535 consumedBytes=4096 siblings=100 latency1Ns=12994093 latency10Ns=23170956 latency100Ns=123048159 siblingTimeouts=0 connectionAborts=0
    M6_025_ROUND round=23 scenarios=3 failures=0 timeouts=0
    M6_024_RESULT protocol=h2 exhaustedBytes=65535 consumedBytes=4096 siblings=100 latency1Ns=10429722 latency10Ns=19591769 latency100Ns=132431162 siblingTimeouts=0 connectionAborts=0
    M6_025_ROUND round=24 scenarios=3 failures=0 timeouts=0
    M6_024_RESULT protocol=h2 exhaustedBytes=65535 consumedBytes=4096 siblings=100 latency1Ns=16624663 latency10Ns=26702049 latency100Ns=134480853 siblingTimeouts=0 connectionAborts=0
    M6_025_ROUND round=25 scenarios=3 failures=0 timeouts=0
    M6_024_RESULT protocol=h2 exhaustedBytes=65535 consumedBytes=4096 siblings=100 latency1Ns=11340420 latency10Ns=20672395 latency100Ns=118659357 siblingTimeouts=0 connectionAborts=0
    M6_025_ROUND round=26 scenarios=3 failures=0 timeouts=0
    M6_024_RESULT protocol=h2 exhaustedBytes=65535 consumedBytes=4096 siblings=100 latency1Ns=8903910 latency10Ns=18021045 latency100Ns=109535724 siblingTimeouts=0 connectionAborts=0
    M6_025_ROUND round=27 scenarios=3 failures=0 timeouts=0
    M6_024_RESULT protocol=h2 exhaustedBytes=65535 consumedBytes=4096 siblings=100 latency1Ns=5146571 latency10Ns=15501185 latency100Ns=126545790 siblingTimeouts=0 connectionAborts=0
    M6_025_ROUND round=28 scenarios=3 failures=0 timeouts=0
    M6_024_RESULT protocol=h2 exhaustedBytes=65535 consumedBytes=4096 siblings=100 latency1Ns=37895593 latency10Ns=51605162 latency100Ns=173284218 siblingTimeouts=0 connectionAborts=0
    M6_025_ROUND round=29 scenarios=3 failures=0 timeouts=0
    M6_024_RESULT protocol=h2 exhaustedBytes=65535 consumedBytes=4096 siblings=100 latency1Ns=6026301 latency10Ns=19254843 latency100Ns=134287908 siblingTimeouts=0 connectionAborts=0
    M6_025_ROUND round=30 scenarios=3 failures=0 timeouts=0
    M6_024_RESULT protocol=h2 exhaustedBytes=65535 consumedBytes=4096 siblings=100 latency1Ns=9972159 latency10Ns=27739811 latency100Ns=155328890 siblingTimeouts=0 connectionAborts=0
    M6_025_ROUND round=31 scenarios=3 failures=0 timeouts=0
    M6_024_RESULT protocol=h2 exhaustedBytes=65535 consumedBytes=4096 siblings=100 latency1Ns=9279779 latency10Ns=20803891 latency100Ns=113397709 siblingTimeouts=0 connectionAborts=0
    M6_025_ROUND round=32 scenarios=3 failures=0 timeouts=0
    M6_024_RESULT protocol=h2 exhaustedBytes=65535 consumedBytes=4096 siblings=100 latency1Ns=11882032 latency10Ns=21865248 latency100Ns=140918948 siblingTimeouts=0 connectionAborts=0
    M6_025_ROUND round=33 scenarios=3 failures=0 timeouts=0
    M6_024_RESULT protocol=h2 exhaustedBytes=65535 consumedBytes=4096 siblings=100 latency1Ns=9087346 latency10Ns=17806751 latency100Ns=138601620 siblingTimeouts=0 connectionAborts=0
    M6_025_ROUND round=34 scenarios=3 failures=0 timeouts=0
    M6_024_RESULT protocol=h2 exhaustedBytes=65535 consumedBytes=4096 siblings=100 latency1Ns=24718378 latency10Ns=37143579 latency100Ns=146387419 siblingTimeouts=0 connectionAborts=0
    M6_025_ROUND round=35 scenarios=3 failures=0 timeouts=0
    M6_024_RESULT protocol=h2 exhaustedBytes=65535 consumedBytes=4096 siblings=100 latency1Ns=7007136 latency10Ns=17909474 latency100Ns=121244326 siblingTimeouts=0 connectionAborts=0
    M6_025_ROUND round=36 scenarios=3 failures=0 timeouts=0
    M6_024_RESULT protocol=h2 exhaustedBytes=65535 consumedBytes=4096 siblings=100 latency1Ns=12933528 latency10Ns=23346495 latency100Ns=142817382 siblingTimeouts=0 connectionAborts=0
    M6_025_ROUND round=37 scenarios=3 failures=0 timeouts=0
    M6_024_RESULT protocol=h2 exhaustedBytes=65535 consumedBytes=4096 siblings=100 latency1Ns=3692584 latency10Ns=13374850 latency100Ns=121202976 siblingTimeouts=0 connectionAborts=0
    M6_025_ROUND round=38 scenarios=3 failures=0 timeouts=0
    M6_024_RESULT protocol=h2 exhaustedBytes=65535 consumedBytes=4096 siblings=100 latency1Ns=6572506 latency10Ns=17681870 latency100Ns=121534432 siblingTimeouts=0 connectionAborts=0
    M6_025_ROUND round=39 scenarios=3 failures=0 timeouts=0
    M6_024_RESULT protocol=h2 exhaustedBytes=65535 consumedBytes=4096 siblings=100 latency1Ns=9588186 latency10Ns=24066098 latency100Ns=124595824 siblingTimeouts=0 connectionAborts=0
    M6_025_ROUND round=40 scenarios=3 failures=0 timeouts=0
    M6_024_RESULT protocol=h2 exhaustedBytes=65535 consumedBytes=4096 siblings=100 latency1Ns=30492161 latency10Ns=43019338 latency100Ns=157738784 siblingTimeouts=0 connectionAborts=0
    M6_025_ROUND round=41 scenarios=3 failures=0 timeouts=0
    M6_024_RESULT protocol=h2 exhaustedBytes=65535 consumedBytes=4096 siblings=100 latency1Ns=15792080 latency10Ns=31685494 latency100Ns=145828474 siblingTimeouts=0 connectionAborts=0
    M6_025_ROUND round=42 scenarios=3 failures=0 timeouts=0
    M6_024_RESULT protocol=h2 exhaustedBytes=65535 consumedBytes=4096 siblings=100 latency1Ns=6575503 latency10Ns=15445408 latency100Ns=112178894 siblingTimeouts=0 connectionAborts=0
    M6_025_ROUND round=43 scenarios=3 failures=0 timeouts=0
    M6_024_RESULT protocol=h2 exhaustedBytes=65535 consumedBytes=4096 siblings=100 latency1Ns=6835801 latency10Ns=17191634 latency100Ns=119295449 siblingTimeouts=0 connectionAborts=0
    M6_025_ROUND round=44 scenarios=3 failures=0 timeouts=0
    M6_024_RESULT protocol=h2 exhaustedBytes=65535 consumedBytes=4096 siblings=100 latency1Ns=11997715 latency10Ns=21315428 latency100Ns=122926992 siblingTimeouts=0 connectionAborts=0
    M6_025_ROUND round=45 scenarios=3 failures=0 timeouts=0
    M6_024_RESULT protocol=h2 exhaustedBytes=65535 consumedBytes=4096 siblings=100 latency1Ns=24118413 latency10Ns=35085301 latency100Ns=134792044 siblingTimeouts=0 connectionAborts=0
    M6_025_ROUND round=46 scenarios=3 failures=0 timeouts=0
    M6_024_RESULT protocol=h2 exhaustedBytes=65535 consumedBytes=4096 siblings=100 latency1Ns=4734292 latency10Ns=15213602 latency100Ns=110324540 siblingTimeouts=0 connectionAborts=0
    M6_025_ROUND round=47 scenarios=3 failures=0 timeouts=0
    M6_024_RESULT protocol=h2 exhaustedBytes=65535 consumedBytes=4096 siblings=100 latency1Ns=13065516 latency10Ns=25674608 latency100Ns=148790336 siblingTimeouts=0 connectionAborts=0
    M6_025_ROUND round=48 scenarios=3 failures=0 timeouts=0
    M6_024_RESULT protocol=h2 exhaustedBytes=65535 consumedBytes=4096 siblings=100 latency1Ns=4564984 latency10Ns=13434615 latency100Ns=114940032 siblingTimeouts=0 connectionAborts=0
    M6_025_ROUND round=49 scenarios=3 failures=0 timeouts=0
    M6_024_RESULT protocol=h2 exhaustedBytes=65535 consumedBytes=4096 siblings=100 latency1Ns=36874082 latency10Ns=47095309 latency100Ns=157577578 siblingTimeouts=0 connectionAborts=0
    M6_025_ROUND round=50 scenarios=3 failures=0 timeouts=0
    M6_024_RESULT protocol=h2 exhaustedBytes=65535 consumedBytes=4096 siblings=100 latency1Ns=10514262 latency10Ns=24651759 latency100Ns=126395849 siblingTimeouts=0 connectionAborts=0
    M6_025_ROUND round=51 scenarios=3 failures=0 timeouts=0
    M6_024_RESULT protocol=h2 exhaustedBytes=65535 consumedBytes=4096 siblings=100 latency1Ns=12687258 latency10Ns=24839454 latency100Ns=128673709 siblingTimeouts=0 connectionAborts=0
    M6_025_ROUND round=52 scenarios=3 failures=0 timeouts=0
    M6_024_RESULT protocol=h2 exhaustedBytes=65535 consumedBytes=4096 siblings=100 latency1Ns=5313149 latency10Ns=16610165 latency100Ns=125500249 siblingTimeouts=0 connectionAborts=0
    M6_025_ROUND round=53 scenarios=3 failures=0 timeouts=0
    M6_024_RESULT protocol=h2 exhaustedBytes=65535 consumedBytes=4096 siblings=100 latency1Ns=6085155 latency10Ns=17349414 latency100Ns=120881320 siblingTimeouts=0 connectionAborts=0
    M6_025_ROUND round=54 scenarios=3 failures=0 timeouts=0
    M6_024_RESULT protocol=h2 exhaustedBytes=65535 consumedBytes=4096 siblings=100 latency1Ns=4826501 latency10Ns=17426615 latency100Ns=122048104 siblingTimeouts=0 connectionAborts=0
    M6_025_ROUND round=55 scenarios=3 failures=0 timeouts=0
    M6_024_RESULT protocol=h2 exhaustedBytes=65535 consumedBytes=4096 siblings=100 latency1Ns=14932967 latency10Ns=23519183 latency100Ns=117691944 siblingTimeouts=0 connectionAborts=0
    M6_025_ROUND round=56 scenarios=3 failures=0 timeouts=0
    M6_024_RESULT protocol=h2 exhaustedBytes=65535 consumedBytes=4096 siblings=100 latency1Ns=5745183 latency10Ns=14179915 latency100Ns=103591929 siblingTimeouts=0 connectionAborts=0
    M6_025_ROUND round=57 scenarios=3 failures=0 timeouts=0
    M6_024_RESULT protocol=h2 exhaustedBytes=65535 consumedBytes=4096 siblings=100 latency1Ns=19932507 latency10Ns=28080892 latency100Ns=130704210 siblingTimeouts=0 connectionAborts=0
    M6_025_ROUND round=58 scenarios=3 failures=0 timeouts=0
    M6_024_RESULT protocol=h2 exhaustedBytes=65535 consumedBytes=4096 siblings=100 latency1Ns=10910109 latency10Ns=24849797 latency100Ns=136482096 siblingTimeouts=0 connectionAborts=0
    M6_025_ROUND round=59 scenarios=3 failures=0 timeouts=0
    M6_024_RESULT protocol=h2 exhaustedBytes=65535 consumedBytes=4096 siblings=100 latency1Ns=8706464 latency10Ns=20772244 latency100Ns=123327972 siblingTimeouts=0 connectionAborts=0
    M6_025_ROUND round=60 scenarios=3 failures=0 timeouts=0
    M6_024_RESULT protocol=h2 exhaustedBytes=65535 consumedBytes=4096 siblings=100 latency1Ns=12056242 latency10Ns=24356844 latency100Ns=120240327 siblingTimeouts=0 connectionAborts=0
    M6_025_ROUND round=61 scenarios=3 failures=0 timeouts=0
    M6_024_RESULT protocol=h2 exhaustedBytes=65535 consumedBytes=4096 siblings=100 latency1Ns=9615543 latency10Ns=24628089 latency100Ns=136049841 siblingTimeouts=0 connectionAborts=0
    M6_025_ROUND round=62 scenarios=3 failures=0 timeouts=0
    M6_024_RESULT protocol=h2 exhaustedBytes=65535 consumedBytes=4096 siblings=100 latency1Ns=13904022 latency10Ns=23799220 latency100Ns=128854605 siblingTimeouts=0 connectionAborts=0
    M6_025_ROUND round=63 scenarios=3 failures=0 timeouts=0
    M6_024_RESULT protocol=h2 exhaustedBytes=65535 consumedBytes=4096 siblings=100 latency1Ns=20503570 latency10Ns=32700562 latency100Ns=140893511 siblingTimeouts=0 connectionAborts=0
    M6_025_ROUND round=64 scenarios=3 failures=0 timeouts=0
    M6_024_RESULT protocol=h2 exhaustedBytes=65535 consumedBytes=4096 siblings=100 latency1Ns=8355799 latency10Ns=18623721 latency100Ns=129538011 siblingTimeouts=0 connectionAborts=0
    M6_025_ROUND round=65 scenarios=3 failures=0 timeouts=0
    M6_024_RESULT protocol=h2 exhaustedBytes=65535 consumedBytes=4096 siblings=100 latency1Ns=5614436 latency10Ns=15264717 latency100Ns=124260883 siblingTimeouts=0 connectionAborts=0
    M6_025_ROUND round=66 scenarios=3 failures=0 timeouts=0
    M6_024_RESULT protocol=h2 exhaustedBytes=65535 consumedBytes=4096 siblings=100 latency1Ns=4605792 latency10Ns=12384251 latency100Ns=122617035 siblingTimeouts=0 connectionAborts=0
    M6_025_ROUND round=67 scenarios=3 failures=0 timeouts=0
    M6_024_RESULT protocol=h2 exhaustedBytes=65535 consumedBytes=4096 siblings=100 latency1Ns=2455838 latency10Ns=12495817 latency100Ns=112306010 siblingTimeouts=0 connectionAborts=0
    M6_025_ROUND round=68 scenarios=3 failures=0 timeouts=0
    M6_024_RESULT protocol=h2 exhaustedBytes=65535 consumedBytes=4096 siblings=100 latency1Ns=17667064 latency10Ns=31221845 latency100Ns=127888398 siblingTimeouts=0 connectionAborts=0
    M6_025_ROUND round=69 scenarios=3 failures=0 timeouts=0
    M6_024_RESULT protocol=h2 exhaustedBytes=65535 consumedBytes=4096 siblings=100 latency1Ns=9901552 latency10Ns=19032249 latency100Ns=115210787 siblingTimeouts=0 connectionAborts=0
    M6_025_ROUND round=70 scenarios=3 failures=0 timeouts=0
    M6_024_RESULT protocol=h2 exhaustedBytes=65535 consumedBytes=4096 siblings=100 latency1Ns=11883022 latency10Ns=24015511 latency100Ns=131256615 siblingTimeouts=0 connectionAborts=0
    M6_025_ROUND round=71 scenarios=3 failures=0 timeouts=0
    M6_024_RESULT protocol=h2 exhaustedBytes=65535 consumedBytes=4096 siblings=100 latency1Ns=5773671 latency10Ns=14312513 latency100Ns=124091960 siblingTimeouts=0 connectionAborts=0
    M6_025_ROUND round=72 scenarios=3 failures=0 timeouts=0
    M6_024_RESULT protocol=h2 exhaustedBytes=65535 consumedBytes=4096 siblings=100 latency1Ns=5616332 latency10Ns=15307405 latency100Ns=131279280 siblingTimeouts=0 connectionAborts=0
    M6_025_ROUND round=73 scenarios=3 failures=0 timeouts=0
    M6_024_RESULT protocol=h2 exhaustedBytes=65535 consumedBytes=4096 siblings=100 latency1Ns=10892783 latency10Ns=21784209 latency100Ns=124642573 siblingTimeouts=0 connectionAborts=0
    M6_025_ROUND round=74 scenarios=3 failures=0 timeouts=0
    M6_024_RESULT protocol=h2 exhaustedBytes=65535 consumedBytes=4096 siblings=100 latency1Ns=7629029 latency10Ns=17774774 latency100Ns=114180590 siblingTimeouts=0 connectionAborts=0
    M6_025_ROUND round=75 scenarios=3 failures=0 timeouts=0
    M6_024_RESULT protocol=h2 exhaustedBytes=65535 consumedBytes=4096 siblings=100 latency1Ns=21355091 latency10Ns=32540367 latency100Ns=137904176 siblingTimeouts=0 connectionAborts=0
    M6_025_ROUND round=76 scenarios=3 failures=0 timeouts=0
    M6_024_RESULT protocol=h2 exhaustedBytes=65535 consumedBytes=4096 siblings=100 latency1Ns=8128018 latency10Ns=19743080 latency100Ns=126764159 siblingTimeouts=0 connectionAborts=0
    M6_025_ROUND round=77 scenarios=3 failures=0 timeouts=0
    M6_024_RESULT protocol=h2 exhaustedBytes=65535 consumedBytes=4096 siblings=100 latency1Ns=11370690 latency10Ns=25871693 latency100Ns=144834218 siblingTimeouts=0 connectionAborts=0
    M6_025_ROUND round=78 scenarios=3 failures=0 timeouts=0
    M6_024_RESULT protocol=h2 exhaustedBytes=65535 consumedBytes=4096 siblings=100 latency1Ns=4686673 latency10Ns=16343897 latency100Ns=121102613 siblingTimeouts=0 connectionAborts=0
    M6_025_ROUND round=79 scenarios=3 failures=0 timeouts=0
    M6_024_RESULT protocol=h2 exhaustedBytes=65535 consumedBytes=4096 siblings=100 latency1Ns=6519295 latency10Ns=15873953 latency100Ns=125925295 siblingTimeouts=0 connectionAborts=0
    M6_025_ROUND round=80 scenarios=3 failures=0 timeouts=0
    M6_024_RESULT protocol=h2 exhaustedBytes=65535 consumedBytes=4096 siblings=100 latency1Ns=6346883 latency10Ns=15134184 latency100Ns=111239557 siblingTimeouts=0 connectionAborts=0
    M6_025_ROUND round=81 scenarios=3 failures=0 timeouts=0
    M6_024_RESULT protocol=h2 exhaustedBytes=65535 consumedBytes=4096 siblings=100 latency1Ns=7634630 latency10Ns=23480654 latency100Ns=162461468 siblingTimeouts=0 connectionAborts=0
    M6_025_ROUND round=82 scenarios=3 failures=0 timeouts=0
    M6_024_RESULT protocol=h2 exhaustedBytes=65535 consumedBytes=4096 siblings=100 latency1Ns=12821317 latency10Ns=21633464 latency100Ns=123617181 siblingTimeouts=0 connectionAborts=0
    M6_025_ROUND round=83 scenarios=3 failures=0 timeouts=0
    M6_024_RESULT protocol=h2 exhaustedBytes=65535 consumedBytes=4096 siblings=100 latency1Ns=2507026 latency10Ns=11952499 latency100Ns=107122238 siblingTimeouts=0 connectionAborts=0
    M6_025_ROUND round=84 scenarios=3 failures=0 timeouts=0
    M6_024_RESULT protocol=h2 exhaustedBytes=65535 consumedBytes=4096 siblings=100 latency1Ns=11453967 latency10Ns=19861438 latency100Ns=132108853 siblingTimeouts=0 connectionAborts=0
    M6_025_ROUND round=85 scenarios=3 failures=0 timeouts=0
    M6_024_RESULT protocol=h2 exhaustedBytes=65535 consumedBytes=4096 siblings=100 latency1Ns=5905952 latency10Ns=16183006 latency100Ns=123226277 siblingTimeouts=0 connectionAborts=0
    M6_025_ROUND round=86 scenarios=3 failures=0 timeouts=0
    M6_024_RESULT protocol=h2 exhaustedBytes=65535 consumedBytes=4096 siblings=100 latency1Ns=10899096 latency10Ns=20736243 latency100Ns=130047276 siblingTimeouts=0 connectionAborts=0
    M6_025_ROUND round=87 scenarios=3 failures=0 timeouts=0
    M6_024_RESULT protocol=h2 exhaustedBytes=65535 consumedBytes=4096 siblings=100 latency1Ns=7857014 latency10Ns=18366093 latency100Ns=124913470 siblingTimeouts=0 connectionAborts=0
    M6_025_ROUND round=88 scenarios=3 failures=0 timeouts=0
    M6_024_RESULT protocol=h2 exhaustedBytes=65535 consumedBytes=4096 siblings=100 latency1Ns=10205614 latency10Ns=23724222 latency100Ns=137001675 siblingTimeouts=0 connectionAborts=0
    M6_025_ROUND round=89 scenarios=3 failures=0 timeouts=0
    M6_024_RESULT protocol=h2 exhaustedBytes=65535 consumedBytes=4096 siblings=100 latency1Ns=9175781 latency10Ns=20701052 latency100Ns=117700367 siblingTimeouts=0 connectionAborts=0
    M6_025_ROUND round=90 scenarios=3 failures=0 timeouts=0
    M6_024_RESULT protocol=h2 exhaustedBytes=65535 consumedBytes=4096 siblings=100 latency1Ns=6070877 latency10Ns=14833569 latency100Ns=123794512 siblingTimeouts=0 connectionAborts=0
    M6_025_ROUND round=91 scenarios=3 failures=0 timeouts=0
    M6_024_RESULT protocol=h2 exhaustedBytes=65535 consumedBytes=4096 siblings=100 latency1Ns=6955874 latency10Ns=16250350 latency100Ns=125114140 siblingTimeouts=0 connectionAborts=0
    M6_025_ROUND round=92 scenarios=3 failures=0 timeouts=0
    M6_024_RESULT protocol=h2 exhaustedBytes=65535 consumedBytes=4096 siblings=100 latency1Ns=10998260 latency10Ns=21711199 latency100Ns=129336361 siblingTimeouts=0 connectionAborts=0
    M6_025_ROUND round=93 scenarios=3 failures=0 timeouts=0
    M6_024_RESULT protocol=h2 exhaustedBytes=65535 consumedBytes=4096 siblings=100 latency1Ns=6670829 latency10Ns=18556584 latency100Ns=130803111 siblingTimeouts=0 connectionAborts=0
    M6_025_ROUND round=94 scenarios=3 failures=0 timeouts=0
    M6_024_RESULT protocol=h2 exhaustedBytes=65535 consumedBytes=4096 siblings=100 latency1Ns=7442104 latency10Ns=17365413 latency100Ns=121039839 siblingTimeouts=0 connectionAborts=0
    M6_025_ROUND round=95 scenarios=3 failures=0 timeouts=0
    M6_024_RESULT protocol=h2 exhaustedBytes=65535 consumedBytes=4096 siblings=100 latency1Ns=5858542 latency10Ns=15616952 latency100Ns=138389528 siblingTimeouts=0 connectionAborts=0
    M6_025_ROUND round=96 scenarios=3 failures=0 timeouts=0
    M6_024_RESULT protocol=h2 exhaustedBytes=65535 consumedBytes=4096 siblings=100 latency1Ns=7322539 latency10Ns=21554126 latency100Ns=144476912 siblingTimeouts=0 connectionAborts=0
    M6_025_ROUND round=97 scenarios=3 failures=0 timeouts=0
    M6_024_RESULT protocol=h2 exhaustedBytes=65535 consumedBytes=4096 siblings=100 latency1Ns=7158878 latency10Ns=19923731 latency100Ns=136583155 siblingTimeouts=0 connectionAborts=0
    M6_025_ROUND round=98 scenarios=3 failures=0 timeouts=0
    M6_024_RESULT protocol=h2 exhaustedBytes=65535 consumedBytes=4096 siblings=100 latency1Ns=5902762 latency10Ns=15958521 latency100Ns=123749782 siblingTimeouts=0 connectionAborts=0
    M6_025_ROUND round=99 scenarios=3 failures=0 timeouts=0
    M6_024_RESULT protocol=h2 exhaustedBytes=65535 consumedBytes=4096 siblings=100 latency1Ns=13211246 latency10Ns=23310256 latency100Ns=126390439 siblingTimeouts=0 connectionAborts=0
    M6_025_ROUND round=100 scenarios=3 failures=0 timeouts=0
    TCS: Http2ConcurrentResponseBodyTest, time elapsed: 34810440 ns, RESULT:
    [ PASSED ] CASE: twoPublicHttp2BodiesCompleteIndependently (34570756 ns)
    STDOUT:
    M6_026_RESULT batches=1 responses=2 bytes=4 failures=0 timeouts=0 activeHandlers=0
    TCS: Http2ConcurrentResponseBodyProfileTest, time elapsed: 1685608341 ns, RESULT:
    [ PASSED ] CASE: oneThousandOverlappingBatchesCompleteAndTerminate (1685389311 ns)
    STDOUT:
    M6_026_PROGRESS batches=100 responses=200
    M6_026_PROGRESS batches=200 responses=400
    M6_026_PROGRESS batches=300 responses=600
    M6_026_PROGRESS batches=400 responses=800
    M6_026_PROGRESS batches=500 responses=1000
    M6_026_PROGRESS batches=600 responses=1200
    M6_026_PROGRESS batches=700 responses=1400
    M6_026_PROGRESS batches=800 responses=1600
    M6_026_PROGRESS batches=900 responses=1800
    M6_026_PROGRESS batches=1000 responses=2000
    M6_026_RESULT batches=1000 responses=2000 bytes=4000 failures=0 timeouts=0 activeHandlers=0
    TCS: HttpMessageTest, time elapsed: 1884320 ns, RESULT:
    [ PASSED ] CASE: requestFactoriesProduceImmutableProtocolNeutralModels (44689 ns)
    [ PASSED ] CASE: responseEofCompletesObserverExactlyOnce (22923 ns)
    [ PASSED ] CASE: earlyCloseAbandonsObserverExactlyOnce (25656 ns)
    [ PASSED ] CASE: readFailureClosesAndAbandonsTheBody (20981 ns)
    [ PASSED ] CASE: emptyDestinationDoesNotMistakeNoProgressForEof (11435 ns)
    [ PASSED ] CASE: boundedDrainCompletesOnlyWhenEofIsProven (18577 ns)
    [ PASSED ] CASE: invalidSourceProgressFailsClosed (21260 ns)
    [ PASSED ] CASE: unknownLengthCompletesOnlyAtStableProtocolEof (16156 ns)
    [ PASSED ] CASE: declaredLengthPrematureEofFailsClosed (22278 ns)
    [ PASSED ] CASE: protocolCompletionCanWaitPastDeclaredLength (12144 ns)
    [ PASSED ] CASE: observerMayCloseStreamAtCompletionWithoutBreakingRepeatedEof (13967 ns)
    [ PASSED ] CASE: readFailurePreservesPrimaryErrorAcrossCleanupFailures (35120 ns)
    [ PASSED ] CASE: invalidProgressPreservesBodyFailureAcrossCleanupFailures (27725 ns)
    [ PASSED ] CASE: explicitClosePreservesStreamFailureAndNotifiesExactlyOnce (29773 ns)
    [ PASSED ] CASE: explicitClosePropagatesObserverFailureAfterClosingStream (16729 ns)
    [ PASSED ] CASE: concurrentReadIsRejectedWithoutStealingActiveReader (37881 ns)
    [ PASSED ] CASE: closeRacingActiveReadClosesStreamAndNotifiesExactlyOnce (34880 ns)
    [ PASSED ] CASE: responseRejectsInvalidStatusAndReason (30755 ns)
    TCS: HttpModelTest, time elapsed: 1314725 ns, RESULT:
    [ PASSED ] CASE: methodSupportsStandardAndExtensionTokens (17830 ns)
    [ PASSED ] CASE: headersPreserveOrderAndMultipleValues (37433 ns)
    [ PASSED ] CASE: headersOwnTheirInputAndOutputArrays (17286 ns)
    [ PASSED ] CASE: builderSetAndRemoveUseCaseInsensitiveNames (34081 ns)
    [ PASSED ] CASE: rejectsInjectionAndInvalidNames (37424 ns)
    [ PASSED ] CASE: enforcesCountLineAndTotalLimits (28677 ns)
    [ PASSED ] CASE: urlNormalizesSchemeHostAndDefaultTarget (20768 ns)
    [ PASSED ] CASE: urlPreservesExplicitPortPathAndQuery (20972 ns)
    [ PASSED ] CASE: urlRequiresBracketedIpv6AndKeepsQueryOnlyTargetValid (26979 ns)
    [ PASSED ] CASE: urlRejectsAmbiguousAndUnsafeInputs (85536 ns)
    [ PASSED ] CASE: trailerRejectsRoutingAndFramingFields (121507 ns)
    TCS: HttpParityContractTest, time elapsed: 663161 ns, RESULT:
    [ PASSED ] CASE: cookieJarAppliesSecureDomainAndPathBounds (80277 ns)
    [ PASSED ] CASE: multipartAndWebSocketValuesOwnPayloads (67532 ns)
    [ PASSED ] CASE: websocketFramesRoundTripAndBoundControlFrames (19100 ns)
    [ PASSED ] CASE: upgradeRequiresConnectionAndUpgradeTokens (31867 ns)
    [ PASSED ] CASE: parityHooksRemainProviderNeutral (30632 ns)
    TCS: HttpProxyPolicyTest, time elapsed: 662801 ns, RESULT:
    [ PASSED ] CASE: noProxyMatchesDnsBoundariesAndOptionalPorts (87742 ns)
    [ PASSED ] CASE: noProxyMatchesTypedIpLiteralsExactlyAndWildcardExplicitly (55506 ns)
    [ PASSED ] CASE: endpointsRetainDnsIpv4AndIpv6RouteIdentity (20010 ns)
    [ PASSED ] CASE: routeSelectionUsesNoProxyWithoutCallingAuthorizationHook (47661 ns)
    [ PASSED ] CASE: rejectsAmbiguousNoProxyPatternsAndEndpointPorts (32026 ns)
    TCS: HttpRedirectPolicyTest, time elapsed: 1257582 ns, RESULT:
    [ PASSED ] CASE: noFollowPreservesEveryRedirectWithoutTouchingBody (126263 ns)
    [ PASSED ] CASE: noFollowIgnoresMissingAndInvalidLocationWithoutReplay (54149 ns)
    [ PASSED ] CASE: rewritesPostOn302AndRemovesBodyHeaders (81438 ns)
    [ PASSED ] CASE: stripsSensitiveHeadersOnlyAcrossOrigins (113637 ns)
    [ PASSED ] CASE: rejectsDowngradeLimitAndOneShotReplay (132785 ns)
    [ PASSED ] CASE: resolvesSchemeRelativeAndQueryOnlyLocations (65223 ns)
    [ PASSED ] CASE: resolvesRelativePathsAndRemovesDotSegments (93587 ns)
    TCS: HttpRetryPolicyTest, time elapsed: 531459 ns, RESULT:
    [ PASSED ] CASE: retriesOnlyIdempotentReplayableStructuredFailures (56621 ns)
    [ PASSED ] CASE: explicitSafetyAllowsPostButDisabledAndOneShotFailClosed (40652 ns)
    [ PASSED ] CASE: cancellationDeadlineUnknownAndNeverAreNotRetried (39347 ns)
    [ PASSED ] CASE: goAwayRetriesOnlyDefinitelyUnprocessedSafeReplayableRequests (48162 ns)
    TCS: Http1SseStreamingProfileTest, time elapsed: 3003510351 ns, RESULT:
    [ PASSED ] CASE: http1StreamsWithoutLifetimeAccumulationAndCancels (3003208654 ns)
    STDOUT:
    SSE_SAMPLE protocol=h1 elapsedMs=1000 events=1740 produced=24363 leadEvents=22621 usedHeapBytes=14946304
    SSE_SAMPLE protocol=h1 elapsedMs=2009 events=51486 produced=51712 leadEvents=226 usedHeapBytes=23846912
    SSE_SAMPLE protocol=h1 elapsedMs=3000 events=76800 produced=76806 leadEvents=6 usedHeapBytes=22679552
    SSE_RESULT protocol=h1 requestedSeconds=3 elapsedMs=3002 minimumEvents=1000 events=76800 sequenceErrors=0 produced=77056 maxLeadEvents=22820 slowLeadEvents=22405 slowReadGapNs=13112696 serverReadCalls=301 cancelLatencyNs=107839 siblingBefore=false siblingAfter=false bodyLimitBytes=65536 applicationPendingBytes=0
    TCS: Http2SseStreamingProfileTest, time elapsed: 3030229812 ns, RESULT:
    [ PASSED ] CASE: http2StreamsWithoutLifetimeAccumulationAndPreservesSibling (3029836807 ns)
    STDOUT:
    SSE_SAMPLE protocol=h2 elapsedMs=1004 events=1888 produced=4352 leadEvents=2464 usedHeapBytes=4177920
    SSE_SAMPLE protocol=h2 elapsedMs=2004 events=28958 produced=29184 leadEvents=226 usedHeapBytes=33869824
    SSE_SAMPLE protocol=h2 elapsedMs=3002 events=53775 produced=54272 leadEvents=497 usedHeapBytes=31125504
    SSE_RESULT protocol=h2 requestedSeconds=3 elapsedMs=3005 minimumEvents=1000 events=53775 sequenceErrors=0 produced=54272 maxLeadEvents=3840 slowLeadEvents=3840 slowReadGapNs=14586846 serverReadCalls=212 cancelLatencyNs=178320 siblingBefore=true siblingAfter=true bodyLimitBytes=65536 applicationPendingBytes=0
    TCS: M2005SystemResolverTest, time elapsed: 9662356 ns, RESULT:
    [ PASSED ] CASE: resolvesLocalhostThroughThePublicContract (8457740 ns)
    [ PASSED ] CASE: fixtureReturnsAllCandidatesAndDoesNotInventTtl (19619 ns)
    [ PASSED ] CASE: fixtureAppliesFamilyAndResultBounds (14298 ns)
    [ PASSED ] CASE: fixtureMapsStableErrorsAndRetainsNativeEvidence (14526 ns)
    [ PASSED ] CASE: fixtureCancellationAndDeadlineReturnBeforeNativeCleanup (26623 ns)
    [ PASSED ] CASE: validatesBoundsAndRejectsUseAfterClose (128549 ns)
Summary: TOTAL: 101
    PASSED: 100, SKIPPED: 0, ERROR: 0
    FAILED: 1, listed below:
            TCS: HttpFacadeTest, CASE: retryAttemptsArePerRedirectHopAndNoFollowNeverConsumesTargetBudget
--------------------------------------------------------------------------------------------------
Project tests finished, time elapsed: 38651209701 ns, RESULT:
TP: wirestack.*, time elapsed: 38651119274 ns, RESULT:
    FAILED:
    TP: wirestack.http, time elapsed: 38643294156 ns, RESULT:
        TCS: Http1PublicKeepAliveBenchmarkTest, time elapsed: 861776323 ns, RESULT:
        TCS: RequestBodyTest, time elapsed: 1016890 ns, RESULT:
        TCS: Http1DeterministicFuzzTest, time elapsed: 8330532 ns, RESULT:
        TCS: HttpErrorTest, time elapsed: 484067 ns, RESULT:
        TCS: HttpFacadeTest, time elapsed: 935997651 ns, RESULT:
        [ FAILED ] CASE: retryAttemptsArePerRedirectHopAndNoFollowNeverConsumesTargetBudget (5445303 ns)
        TCS: Http2FacadeTerminationProfileTest, time elapsed: 29064030055 ns, RESULT:
        TCS: Http2ConcurrentResponseBodyTest, time elapsed: 34810440 ns, RESULT:
        TCS: Http2ConcurrentResponseBodyProfileTest, time elapsed: 1685608341 ns, RESULT:
        TCS: HttpMessageTest, time elapsed: 1884320 ns, RESULT:
        TCS: HttpModelTest, time elapsed: 1314725 ns, RESULT:
        TCS: HttpParityContractTest, time elapsed: 663161 ns, RESULT:
        TCS: HttpProxyPolicyTest, time elapsed: 662801 ns, RESULT:
        TCS: HttpRedirectPolicyTest, time elapsed: 1257582 ns, RESULT:
        TCS: HttpRetryPolicyTest, time elapsed: 531459 ns, RESULT:
        TCS: Http1SseStreamingProfileTest, time elapsed: 3003510351 ns, RESULT:
        TCS: Http2SseStreamingProfileTest, time elapsed: 3030229812 ns, RESULT:
        TCS: M2005SystemResolverTest, time elapsed: 9662356 ns, RESULT:
Summary: TOTAL: 101
    PASSED: 100, SKIPPED: 0, ERROR: 0
    FAILED: 1
--------------------------------------------------------------------------------------------------
Error: cjpm test failed
