[31merror[0m: enum pattern is not matched
    [36m==>[0m <repo-root>/build/m8-008/red-20260909T172645Z/repo/src/http/facade_test.cj:1326:22:
     [36m| [0m
[36m1326[0m [36m| [0m                case ResolveErrorCode.TemporaryFailure => true[0m
     [36m| [0m                     [31m^ [0m
     [36m| [0m
[34mnote[0m: which is expanded as follows
    [36m| [0m
    [36m| [0m/* 17.883 */            case ResolveErrorCode.TemporaryFailure => true[0m
    [36m| [0m                             [34m^^^^^^^^^^^^^^^^^^^^^^^^^^^^^^^^^ [0m
    [36m| [0m
[34mnote[0m: the error occurs after the macro is expanded
    [36m==>[0m <repo-root>/build/m8-008/red-20260909T172645Z/repo/src/http/facade_test.cj:17:1:
     [36m| [0m
[36m17[0m   [36m| [0m  @Test[0m
     [36m| [0m [34m_[0m[34m^[0m
[36m18[0m   [36m| [0m[34m|[0m class HttpFacadeTest {[0m
     [36m| [0m[34m|[0m ...[0m
[36m1685[0m [36m| [0m[34m|[0m }[0m
     [36m| [0m[34m|[0m[34m_[0m[34m^[0m
     [36m| [0m
[34mnote[0m: the code after the macro is expanded as follows
     [36m| [0m
     [36m| [0m  /* 17.1 */@Attribute[TEST_GENERATED] class HttpFacadeTest <: TestClass {[0m
     [36m| [0m [34m_[0m[34m^[0m
     [36m| [0m[34m|[0m /* 17.2 */    @Attribute[TestCase_18][0m
     [36m| [0m[34m|[0m /* 17.3 */    func cancellationWrapperPreservesProtocolCompletionPolicy(): Unit {[0m
     [36m| [0m[34m|[0m /* 17.4 */        let operation = HttpRequestCancellationOperation(OperationContext.background(), None < HttpRequestCancellationHandle >, None < HttpConnectionCancellationHandle >, None < HttpStreamCancellationHandle >)[0m
     [36m| [0m[34m|[0m /* 17.5 */        let delegate = ResponseBody(RequestBody.string("abc").open(), completeAtDeclaredLength: false)[0m
     [36m| [0m[34m|[0m /* 17.6 */        let response = operation.wrap(HttpResponse(200, "OK", delegate))[0m
     [36m| [0m[34m|[0m /* 17.7 */        let destination = Array < Byte >(3, repeat: 0u8)[0m
     [36m| [0m[34m|[0m /* 17.8 */        expectEqual("response.body.read(destination)", "3", response.body.read(destination), 3, isDelta: false)[0m
     [36m| [0m[34m|[0m /* 17.9 */        expectEqual("! response.body.isFullyConsumed()", "true", ! response.body.isFullyConsumed(), true, isDelta: false)[0m
     [36m| [0m[34m|[0m /* 17.10 */        expectEqual("response.body.read(destination)", "0", response.body.read(destination), 0, isDelta: false)[0m
     [36m| [0m[34m|[0m /* 17.11 */        expectEqual("response.body.isFullyConsumed()", "true", response.body.isFullyConsumed(), true, isDelta: false)[0m
     [36m| [0m[34m|[0m /* 17.12 */        response.close()[0m
     [36m| [0m[34m|[0m /* 17.13 */    }[0m
     [36m| [0m[34m|[0m /* 17.14 */    [0m
     [36m| [0m[34m|[0m /* 17.15 */    @Attribute[TestCase_19][0m
     [36m| [0m[34m|[0m /* 17.16 */    func connectionCancellationDoesNotDuplicateIntoHttp2StreamContext(): Unit {[0m
     [36m| [0m[34m|[0m /* 17.17 */        let connection = HttpConnectionCancellationHandle()[0m
     [36m| [0m[34m|[0m /* 17.18 */        let operation = HttpRequestCancellationOperation(OperationContext.background(), None < HttpRequestCancellationHandle >, Some(connection), None < HttpStreamCancellationHandle >)[0m
     [36m| [0m[34m|[0m /* 17.19 */        expectEqual("! operation.context.isCancellationRequested()", "true", ! operation.context.isCancellationRequested(), true, isDelta: false)[0m
     [36m| [0m[34m|[0m /* 17.20 */        expectEqual("! operation.streamContext.isCancellationRequested()", "true", ! operation.streamContext.isCancellationRequested(), true, isDelta: false)[0m
     [36m| [0m[34m|[0m /* 17.21 */        expectEqual("connection.cancel()", "true", connection.cancel(), true, isDelta: false)[0m
     [36m| [0m[34m|[0m /* 17.22 */        expectEqual("operation.context.isCancellationRequested()", "true", operation.context.isCancellationRequested(), true, isDelta: false)[0m
     [36m| [0m[34m|[0m /* 17.23 */        expectEqual("! operation.streamContext.isCancellationRequested()", "true", ! operation.streamContext.isCancellationRequested(), true, isDelta: false)[0m
     [36m| [0m[34m|[0m /* 17.24 */        operation.fail()[0m
     [36m| [0m[34m|[0m /* 17.25 */    }[0m
     [36m| [0m[34m|[0m /* 17.26 */    [0m
     [36m| [0m[34m|[0m /* 17.27 */    @Attribute[TestCase_20][0m
     [36m| [0m[34m|[0m /* 17.28 */    func typedCancellationHandlesAreScopedIdempotentAndStopBeforeNetworkIo(): Unit {[0m
     [36m| [0m[34m|[0m /* 17.29 */        let requestCancellation = HttpRequestCancellationHandle()[0m
     [36m| [0m[34m|[0m /* 17.30 */        let connectionCancellation = HttpConnectionCancellationHandle()[0m
     [36m| [0m[34m|[0m /* 17.31 */        let streamCancellation = HttpStreamCancellationHandle()[0m
     [36m| [0m[34m|[0m /* 17.32 */        expectEqual("requestCancellation.scope", "HttpCancellationScope.Request", requestCancellation.scope, HttpCancellationScope.Request, isDelta: false)[0m
     [36m| [0m[34m|[0m /* 17.33 */        expectEqual("connectionCancellation.scope", "HttpCancellationScope.Connection", connectionCancellation.scope, HttpCancellationScope.Connection, isDelta: false)[0m
     [36m| [0m[34m|[0m /* 17.34 */        expectEqual("streamCancellation.scope", "HttpCancellationScope.Stream", streamCancellation.scope, HttpCancellationScope.Stream, isDelta: false)[0m
     [36m| [0m[34m|[0m /* 17.35 */        expectEqual("requestCancellation.cancel()", "true", requestCancellation.cancel(), true, isDelta: false)[0m
     [36m| [0m[34m|[0m /* 17.36 */        expectEqual("! requestCancellation.cancel()", "true", ! requestCancellation.cancel(), true, isDelta: false)[0m
     [36m| [0m[34m|[0m /* 17.37 */        expectEqual("requestCancellation.isCancellationRequested", "true", requestCancellation.isCancellationRequested, true, isDelta: false)[0m
     [36m| [0m[34m|[0m /* 17.38 */        let raceHandle = HttpStreamCancellationHandle()[0m
     [36m| [0m[34m|[0m /* 17.39 */        let raceWinners = AtomicInt64(0)[0m
     [36m| [0m[34m|[0m /* 17.40 */        let racers = ArrayList < Future < Unit >>()[0m
     [36m| [0m[34m|[0m /* 17.41 */        for(_ in 0 .. 64) {[0m
     [36m| [0m[34m|[0m /* 17.42 */            racers.add(spawn { if(raceHandle.cancel()) {[0m
     [36m| [0m[34m|[0m /* 17.43 */                let _ = raceWinners.fetchAdd(1)[0m
     [36m| [0m[34m|[0m /* 17.44 */            }[0m
     [36m| [0m[34m|[0m /* 17.45 */        })[0m
     [36m| [0m[34m|[0m /* 17.46 */    }[0m
     [36m| [0m[34m|[0m /* 17.47 */    for(racer in racers) {[0m
     [36m| [0m[34m|[0m /* 17.48 */        racer.get(3 * Duration.second)[0m
     [36m| [0m[34m|[0m /* 17.49 */    }[0m
     [36m| [0m[34m|[0m /* 17.50 */    expectEqual("raceWinners.load()", "1", raceWinners.load(), 1, isDelta: false)[0m
     [36m| [0m[34m|[0m /* 17.51 */    expectEqual("! raceHandle.cancel()", "true", ! raceHandle.cancel(), true, isDelta: false)[0m
     [36m| [0m[34m|[0m /* 17.52 */    let handler = PublicCancellationHandler()[0m
     [36m| [0m[34m|[0m /* 17.53 */    let server = HttpServer.builder().listen(publicLoopback(0)).handler(handler).build()[0m
     [36m| [0m[34m|[0m /* 17.54 */    let serving: Future < Unit >= spawn { server.serve()[0m
     [36m| [0m[34m|[0m /* 17.55 */    }[0m
     [36m| [0m[34m|[0m /* 17.56 */    let host = HostName("cancel.test")[0m
     [36m| [0m[34m|[0m /* 17.57 */    let client = HttpClient.builder().resolver(StaticResolver(ResolveResult([server.localEndpoint.address], host, ResolverSource.Static))).requestTimeout(3 * Duration.second).build()[0m
     [36m| [0m[34m|[0m /* 17.58 */    var cancelled = false[0m
     [36m| [0m[34m|[0m /* 17.59 */    try {[0m
     [36m| [0m[34m|[0m /* 17.60 */        let warmup = client.get("http://cancel.test:${server.localEndpoint.port}/small")[0m
     [36m| [0m[34m|[0m /* 17.61 */        expectEqual("readPublicBody(warmup.body)", "\"ok\"", readPublicBody(warmup.body), "ok", isDelta: false)[0m
     [36m| [0m[34m|[0m /* 17.62 */        warmup.close()[0m
     [36m| [0m[34m|[0m /* 17.63 */        let _ = client.getControlled("http://cancel.test:${server.localEndpoint.port}/small", HttpCancellationHandles(request: Some(requestCancellation)))[0m
     [36m| [0m[34m|[0m /* 17.64 */    } catch(error: NetworkException) {[0m
     [36m| [0m[34m|[0m /* 17.65 */        match(error.category) {[0m
     [36m| [0m[34m|[0m /* 17.66 */            case NetworkErrorCategory.Cancelled => cancelled = true[0m
     [36m| [0m[34m|[0m /* 17.67 */            case _ =>()[0m
     [36m| [0m[34m|[0m /* 17.68 */        }[0m
     [36m| [0m[34m|[0m /* 17.69 */    }[0m
     [36m| [0m[34m|[0m /* 17.70 */    finally {[0m
     [36m| [0m[34m|[0m /* 17.71 */        client.close()[0m
     [36m| [0m[34m|[0m /* 17.72 */        let _ = server.shutdown(context: OperationContext(deadline: Some(Deadline.after(3 * Duration.second))))[0m
     [36m| [0m[34m|[0m /* 17.73 */        serving.get(3 * Duration.second)[0m
     [36m| [0m[34m|[0m /* 17.74 */    }[0m
     [36m| [0m[34m|[0m /* 17.75 */    expectEqual("cancelled", "true", cancelled, true, isDelta: false)[0m
     [36m| [0m[34m|[0m /* 17.76 */    expectEqual("handler.calls.load()", "1", handler.calls.load(), 1, isDelta: false)[0m
     [36m| [0m[34m|[0m /* 17.77 */    expectEqual("connectionCancellation.cancel()", "true", connectionCancellation.cancel(), true, isDelta: false)[0m
     [36m| [0m[34m|[0m /* 17.78 */    expectEqual("! connectionCancellation.cancel()", "true", ! connectionCancellation.cancel(), true, isDelta: false)[0m
     [36m| [0m[34m|[0m /* 17.79 */    expectEqual("streamCancellation.cancel()", "true", streamCancellation.cancel(), true, isDelta: false)[0m
     [36m| [0m[34m|[0m /* 17.80 */    expectEqual("! streamCancellation.cancel()", "true", ! streamCancellation.cancel(), true, isDelta: false)[0m
     [36m| [0m[34m|[0m /* 17.81 */}[0m
     [36m| [0m[34m|[0m /* 17.82 */[0m
     [36m| [0m[34m|[0m /* 17.83 */@Attribute[TestCase_21][0m
     [36m| [0m[34m|[0m /* 17.84 */func publicHttp1ConnectionHandleCancelsBodyAndLeavesClientReusable(): Unit {[0m
     [36m| [0m[34m|[0m /* 17.85 */    let handler = PublicCancellationHandler()[0m
     [36m| [0m[34m|[0m /* 17.86 */    let server = HttpServer.builder().listen(publicLoopback(0)).handler(handler).build()[0m
     [36m| [0m[34m|[0m /* 17.87 */    let serving: Future < Unit >= spawn { server.serve()[0m
     [36m| [0m[34m|[0m /* 17.88 */    }[0m
     [36m| [0m[34m|[0m /* 17.89 */    let host = HostName("cancel.test")[0m
     [36m| [0m[34m|[0m /* 17.90 */    let client = HttpClient.builder().resolver(StaticResolver(ResolveResult([server.localEndpoint.address], host, ResolverSource.Static))).requestTimeout(5 * Duration.second).build()[0m
     [36m| [0m[34m|[0m /* 17.91 */    try {[0m
     [36m| [0m[34m|[0m /* 17.92 */        let connectionCancellation = HttpConnectionCancellationHandle()[0m
     [36m| [0m[34m|[0m /* 17.93 */        let response = client.getControlled("http://cancel.test:${server.localEndpoint.port}/large", HttpCancellationHandles(connection: Some(connectionCancellation)))[0m
     [36m| [0m[34m|[0m /* 17.94 */        expectEqual("response.version", "HttpVersion.Http11", response.version, HttpVersion.Http11, isDelta: false)[0m
     [36m| [0m[34m|[0m /* 17.95 */        expectEqual("response.body.read(Array < Byte >(4096, repeat: 0u8))", "4096", response.body.read(Array < Byte >(4096, repeat: 0u8)), 4096, isDelta: false)[0m
     [36m| [0m[34m|[0m /* 17.96 */        expectEqual("connectionCancellation.cancel()", "true", connectionCancellation.cancel(), true, isDelta: false)[0m
     [36m| [0m[34m|[0m /* 17.97 */        expectEqual("! connectionCancellation.cancel()", "true", ! connectionCancellation.cancel(), true, isDelta: false)[0m
     [36m| [0m[34m|[0m /* 17.98 */        expectEqual("publicBodyReadWasCancelled(response.body)", "true", publicBodyReadWasCancelled(response.body), true, isDelta: false)[0m
     [36m| [0m[34m|[0m /* 17.99 */        response.close()[0m
     [36m| [0m[34m|[0m /* 17.100 */        let next = client.get("http://cancel.test:${server.localEndpoint.port}/small")[0m
     [36m| [0m[34m|[0m /* 17.101 */        expectEqual("readPublicBody(next.body)", "\"ok\"", readPublicBody(next.body), "ok", isDelta: false)[0m
     [36m| [0m[34m|[0m /* 17.102 */        next.close()[0m
     [36m| [0m[34m|[0m /* 17.103 */        expectEqual("handler.http1HandleChecks.load() >= 2", "true", handler.http1HandleChecks.load() >= 2, true, isDelta: false)[0m
     [36m| [0m[34m|[0m /* 17.104 */        client.close()[0m
     [36m| [0m[34m|[0m /* 17.105 */        let result = server.shutdown(context: OperationContext(deadline: Some(Deadline.after(5 * Duration.second))))[0m
     [36m| [0m[34m|[0m /* 17.106 */        expectEqual("result.activeAtReturn", "0", result.activeAtReturn, 0, isDelta: false)[0m
     [36m| [0m[34m|[0m /* 17.107 */        serving.get(5 * Duration.second)[0m
     [36m| [0m[34m|[0m /* 17.108 */    } finally {[0m
     [36m| [0m[34m|[0m /* 17.109 */        client.close()[0m
     [36m| [0m[34m|[0m /* 17.110 */        if(! server.isClosed()) {[0m
     [36m| [0m[34m|[0m /* 17.111 */            let _ = server.shutdown(context: OperationContext(deadline: Some(Deadline.after(5 * Duration.second))))[0m
     [36m| [0m[34m|[0m /* 17.112 */            serving.get(5 * Duration.second)[0m
     [36m| [0m[34m|[0m /* 17.113 */        }[0m
     [36m| [0m[34m|[0m /* 17.114 */    }[0m
     [36m| [0m[34m|[0m /* 17.115 */}[0m
     [36m| [0m[34m|[0m /* 17.116 */[0m
     [36m| [0m[34m|[0m /* 17.117 */@Attribute[TestCase_22][0m
     [36m| [0m[34m|[0m /* 17.118 */func publicHttp2StreamAndConnectionHandlesRespectTheirScopes(): Unit {[0m
     [36m| [0m[34m|[0m /* 17.119 */    let certificate = publicTlsTestCertificateDer()[0m
     [36m| [0m[34m|[0m /* 17.120 */    let serverTls = HttpServerTlsConfig([certificate], publicTlsTestPrivateKeyDer())[0m
     [36m| [0m[34m|[0m /* 17.121 */    let handler = PublicCancellationHandler()[0m
     [36m| [0m[34m|[0m /* 17.122 */    let server = HttpServer.builder().listen(publicLoopback(0)).handler(handler).tls(serverTls).http2StreamLimit(8u32).build()[0m
     [36m| [0m[34m|[0m /* 17.123 */    let serving: Future < Unit >= spawn { server.serve()[0m
     [36m| [0m[34m|[0m /* 17.124 */    }[0m
     [36m| [0m[34m|[0m /* 17.125 */    let host = HostName("example.com")[0m
     [36m| [0m[34m|[0m /* 17.126 */    let clientTls = HttpClientTlsConfig([certificate])[0m
     [36m| [0m[34m|[0m /* 17.127 */    let client = HttpClient.builder().resolver(StaticResolver(ResolveResult([server.localEndpoint.address], host, ResolverSource.Static))).tls(clientTls).requestTimeout(5 * Duration.second).build()[0m
     [36m| [0m[34m|[0m /* 17.128 */    try {[0m
     [36m| [0m[34m|[0m /* 17.129 */        let streamCancellation = HttpStreamCancellationHandle()[0m
     [36m| [0m[34m|[0m /* 17.130 */        let first = client.getControlled("https://example.com:${server.localEndpoint.port}/large", HttpCancellationHandles(stream: Some(streamCancellation)))[0m
     [36m| [0m[34m|[0m /* 17.131 */        expectEqual("first.version", "HttpVersion.Http2", first.version, HttpVersion.Http2, isDelta: false)[0m
     [36m| [0m[34m|[0m /* 17.132 */        expectEqual("first.body.read(Array < Byte >(4096, repeat: 0u8))", "4096", first.body.read(Array < Byte >(4096, repeat: 0u8)), 4096, isDelta: false)[0m
     [36m| [0m[34m|[0m /* 17.133 */        let sibling = client.get("https://example.com:${server.localEndpoint.port}/small")[0m
     [36m| [0m[34m|[0m /* 17.134 */        expectEqual("streamCancellation.cancel()", "true", streamCancellation.cancel(), true, isDelta: false)[0m
     [36m| [0m[34m|[0m /* 17.135 */        expectEqual("! streamCancellation.cancel()", "true", ! streamCancellation.cancel(), true, isDelta: false)[0m
     [36m| [0m[34m|[0m /* 17.136 */        expectEqual("publicBodyReadWasCancelled(first.body)", "true", publicBodyReadWasCancelled(first.body), true, isDelta: false)[0m
     [36m| [0m[34m|[0m /* 17.137 */        first.close()[0m
     [36m| [0m[34m|[0m /* 17.138 */        expectEqual("readPublicBody(sibling.body)", "\"ok\"", readPublicBody(sibling.body), "ok", isDelta: false)[0m
     [36m| [0m[34m|[0m /* 17.139 */        sibling.close()[0m
     [36m| [0m[34m|[0m /* 17.140 */        let stillUsable = client.get("https://example.com:${server.localEndpoint.port}/small")[0m
     [36m| [0m[34m|[0m /* 17.141 */        expectEqual("readPublicBody(stillUsable.body)", "\"ok\"", readPublicBody(stillUsable.body), "ok", isDelta: false)[0m
     [36m| [0m[34m|[0m /* 17.142 */        stillUsable.close()[0m
     [36m| [0m[34m|[0m /* 17.143 */        let requestCancellation = HttpRequestCancellationHandle()[0m
     [36m| [0m[34m|[0m /* 17.144 */        let wholeRequest = client.getControlled("https://example.com:${server.localEndpoint.port}/large", HttpCancellationHandles(request: Some(requestCancellation)))[0m
     [36m| [0m[34m|[0m /* 17.145 */        expectEqual("wholeRequest.body.read(Array < Byte >(4096, repeat: 0u8))", "4096", wholeRequest.body.read(Array < Byte >(4096, repeat: 0u8)), 4096, isDelta: false)[0m
     [36m| [0m[34m|[0m /* 17.146 */        expectEqual("requestCancellation.cancel()", "true", requestCancellation.cancel(), true, isDelta: false)[0m
     [36m| [0m[34m|[0m /* 17.147 */        expectEqual("! requestCancellation.cancel()", "true", ! requestCancellation.cancel(), true, isDelta: false)[0m
     [36m| [0m[34m|[0m /* 17.148 */        expectEqual("publicBodyReadWasCancelled(wholeRequest.body)", "true", publicBodyReadWasCancelled(wholeRequest.body), true, isDelta: false)[0m
     [36m| [0m[34m|[0m /* 17.149 */        wholeRequest.close()[0m
     [36m| [0m[34m|[0m /* 17.150 */        let afterRequestCancel = client.get("https://example.com:${server.localEndpoint.port}/small")[0m
     [36m| [0m[34m|[0m /* 17.151 */        expectEqual("readPublicBody(afterRequestCancel.body)", "\"ok\"", readPublicBody(afterRequestCancel.body), "ok", isDelta: false)[0m
     [36m| [0m[34m|[0m /* 17.152 */        afterRequestCancel.close()[0m
     [36m| [0m[34m|[0m /* 17.153 */        let connectionCancellation = HttpConnectionCancellationHandle()[0m
     [36m| [0m[34m|[0m /* 17.154 */        let onConnection = client.getControlled("https://example.com:${server.localEndpoint.port}/large", HttpCancellationHandles(connection: Some(connectionCancellation)))[0m
     [36m| [0m[34m|[0m /* 17.155 */        let otherStream = client.get("https://example.com:${server.localEndpoint.port}/large")[0m
     [36m| [0m[34m|[0m /* 17.156 */        expectEqual("connectionCancellation.cancel()", "true", connectionCancellation.cancel(), true, isDelta: false)[0m
     [36m| [0m[34m|[0m /* 17.157 */        expectEqual("! connectionCancellation.cancel()", "true", ! connectionCancellation.cancel(), true, isDelta: false)[0m
     [36m| [0m[34m|[0m /* 17.158 */        expectEqual("publicBodyReadWasCancelled(onConnection.body)", "true", publicBodyReadWasCancelled(onConnection.body), true, isDelta: false)[0m
     [36m| [0m[34m|[0m /* 17.159 */        expectEqual("publicBodyReadWasCancelled(otherStream.body)", "true", publicBodyReadWasCancelled(otherStream.body), true, isDelta: false)[0m
     [36m| [0m[34m|[0m /* 17.160 */        onConnection.close()[0m
     [36m| [0m[34m|[0m /* 17.161 */        otherStream.close()[0m
     [36m| [0m[34m|[0m /* 17.162 */        expectEqual("handler.http2HandleChecks.load() >= 7", "true", handler.http2HandleChecks.load() >= 7, true, isDelta: false)[0m
     [36m| [0m[34m|[0m /* 17.163 */        let result = server.shutdown(context: OperationContext(deadline: Some(Deadline.after(5 * Duration.second))))[0m
     [36m| [0m[34m|[0m /* 17.164 */        expectEqual("result.activeAtReturn", "0", result.activeAtReturn, 0, isDelta: false)[0m
     [36m| [0m[34m|[0m /* 17.165 */        serving.get(5 * Duration.second)[0m
     [36m| [0m[34m|[0m /* 17.166 */    } finally {[0m
     [36m| [0m[34m|[0m /* 17.167 */        client.close()[0m
     [36m| [0m[34m|[0m /* 17.168 */        clientTls.close()[0m
     [36m| [0m[34m|[0m /* 17.169 */        if(! server.isClosed()) {[0m
     [36m| [0m[34m|[0m /* 17.170 */            let _ = server.shutdown(context: OperationContext(deadline: Some(Deadline.after(5 * Duration.second))))[0m
     [36m| [0m[34m|[0m /* 17.171 */            serving.get(5 * Duration.second)[0m
     [36m| [0m[34m|[0m /* 17.172 */        }[0m
     [36m| [0m[34m|[0m /* 17.173 */        serverTls.close()[0m
     [36m| [0m[34m|[0m /* 17.174 */    }[0m
     [36m| [0m[34m|[0m /* 17.175 */}[0m
     [36m| [0m[34m|[0m /* 17.176 */[0m
     [36m| [0m[34m|[0m /* 17.177 */@Attribute[TestCase_23][0m
     [36m| [0m[34m|[0m /* 17.178 */func publicHttp2SlowStreamCannotStarveOneTenOrHundredSiblings(): Unit {[0m
     [36m| [0m[34m|[0m /* 17.179 */    let certificate = publicTlsTestCertificateDer()[0m
     [36m| [0m[34m|[0m /* 17.180 */    let serverTls = HttpServerTlsConfig([certificate], publicTlsTestPrivateKeyDer())[0m
     [36m| [0m[34m|[0m /* 17.181 */    let handler = PublicSiblingFairnessHandler()[0m
     [36m| [0m[34m|[0m /* 17.182 */    let server = HttpServer.builder().listen(publicLoopback(0)).handler(handler).tls(serverTls).http2StreamLimit(8u32).build()[0m
     [36m| [0m[34m|[0m /* 17.183 */    let serving: Future < Unit >= spawn { server.serve()[0m
     [36m| [0m[34m|[0m /* 17.184 */    }[0m
     [36m| [0m[34m|[0m /* 17.185 */    let host = HostName("example.com")[0m
     [36m| [0m[34m|[0m /* 17.186 */    let clientTls = HttpClientTlsConfig([certificate])[0m
     [36m| [0m[34m|[0m /* 17.187 */    let client = HttpClient.builder().resolver(StaticResolver(ResolveResult([server.localEndpoint.address], host, ResolverSource.Static))).tls(clientTls).requestTimeout(5 * Duration.second).build()[0m
     [36m| [0m[34m|[0m /* 17.188 */    var first:?HttpResponse = None < HttpResponse >[0m
     [36m| [0m[34m|[0m /* 17.189 */    try {[0m
     [36m| [0m[34m|[0m /* 17.190 */        let slow = client.get("https://example.com:${server.localEndpoint.port}/large-stall")[0m
     [36m| [0m[34m|[0m /* 17.191 */        first = Some(slow)[0m
     [36m| [0m[34m|[0m /* 17.192 */        expectEqual("slow.version", "HttpVersion.Http2", slow.version, HttpVersion.Http2, isDelta: false)[0m
     [36m| [0m[34m|[0m /* 17.193 */        handler.waitUntilConnectionWindowExhausted()[0m
     [36m| [0m[34m|[0m /* 17.194 */        expectEqual("slow.body.read(Array < Byte >(4096, repeat: 0u8))", "4096", slow.body.read(Array < Byte >(4096, repeat: 0u8)), 4096, isDelta: false)[0m
     [36m| [0m[34m|[0m /* 17.195 */        let siblingsStarted = MonoTime.now()[0m
     [36m| [0m[34m|[0m /* 17.196 */        var latency1Ns: Int64 = 0[0m
     [36m| [0m[34m|[0m /* 17.197 */        var latency10Ns: Int64 = 0[0m
     [36m| [0m[34m|[0m /* 17.198 */        var latency100Ns: Int64 = 0[0m
     [36m| [0m[34m|[0m /* 17.199 */        var completed: Int64 = 0[0m
     [36m| [0m[34m|[0m /* 17.200 */        for(_ in 0 .. 100) {[0m
     [36m| [0m[34m|[0m /* 17.201 */            let sibling = client.get("https://example.com:${server.localEndpoint.port}/small")[0m
     [36m| [0m[34m|[0m /* 17.202 */            try {[0m
     [36m| [0m[34m|[0m /* 17.203 */                expectEqual("sibling.version", "HttpVersion.Http2", sibling.version, HttpVersion.Http2, isDelta: false)[0m
     [36m| [0m[34m|[0m /* 17.204 */                expectEqual("readPublicBody(sibling.body)", "\"ok\"", readPublicBody(sibling.body), "ok", isDelta: false)[0m
     [36m| [0m[34m|[0m /* 17.205 */                completed ++[0m
     [36m| [0m[34m|[0m /* 17.206 */                if(completed == 1) {[0m
     [36m| [0m[34m|[0m /* 17.207 */                    latency1Ns =(MonoTime.now() - siblingsStarted).toNanoseconds()[0m
     [36m| [0m[34m|[0m /* 17.208 */                }[0m
     [36m| [0m[34m|[0m /* 17.209 */                else if(completed == 10) {[0m
     [36m| [0m[34m|[0m /* 17.210 */                    latency10Ns =(MonoTime.now() - siblingsStarted).toNanoseconds()[0m
     [36m| [0m[34m|[0m /* 17.211 */                }[0m
     [36m| [0m[34m|[0m /* 17.212 */                else if(completed == 100) {[0m
     [36m| [0m[34m|[0m /* 17.213 */                    latency100Ns =(MonoTime.now() - siblingsStarted).toNanoseconds()[0m
     [36m| [0m[34m|[0m /* 17.214 */                }[0m
     [36m| [0m[34m|[0m /* 17.215 */            } finally {[0m
     [36m| [0m[34m|[0m /* 17.216 */                sibling.close()[0m
     [36m| [0m[34m|[0m /* 17.217 */            }[0m
     [36m| [0m[34m|[0m /* 17.218 */        }[0m
     [36m| [0m[34m|[0m /* 17.219 */        expectEqual("completed", "100", completed, 100, isDelta: false)[0m
     [36m| [0m[34m|[0m /* 17.220 */        expectEqual("handler.siblingCalls.load()", "100", handler.siblingCalls.load(), 100, isDelta: false)[0m
     [36m| [0m[34m|[0m /* 17.221 */        println("M6_024_RESULT protocol=h2 exhaustedBytes=65535 consumedBytes=4096 " + "siblings=${completed} latency1Ns=${latency1Ns} latency10Ns=${latency10Ns} " + "latency100Ns=${latency100Ns} siblingTimeouts=0 connectionAborts=0")[0m
     [36m| [0m[34m|[0m /* 17.222 */    } finally {[0m
     [36m| [0m[34m|[0m /* 17.223 */        handler.releaseLargeBody()[0m
     [36m| [0m[34m|[0m /* 17.224 */        if(let Some(slow) <- first) {[0m
     [36m| [0m[34m|[0m /* 17.225 */            slow.close()[0m
     [36m| [0m[34m|[0m /* 17.226 */        }[0m
     [36m| [0m[34m|[0m /* 17.227 */        client.close()[0m
     [36m| [0m[34m|[0m /* 17.228 */        clientTls.close()[0m
     [36m| [0m[34m|[0m /* 17.229 */        let _ = server.shutdown(context: OperationContext(deadline: Some(Deadline.after(5 * Duration.second))))[0m
     [36m| [0m[34m|[0m /* 17.230 */        serving.get(5 * Duration.second)[0m
     [36m| [0m[34m|[0m /* 17.231 */        serverTls.close()[0m
     [36m| [0m[34m|[0m /* 17.232 */    }[0m
     [36m| [0m[34m|[0m /* 17.233 */}[0m
     [36m| [0m[34m|[0m /* 17.234 */[0m
     [36m| [0m[34m|[0m /* 17.235 */@Attribute[TestCase_24][0m
     [36m| [0m[34m|[0m /* 17.236 */func tlsHttp2StreamLimitIsAppliedAcrossConcurrentPublicRequests(): Unit {[0m
     [36m| [0m[34m|[0m /* 17.237 */    let certificate = publicTlsTestCertificateDer()[0m
     [36m| [0m[34m|[0m /* 17.238 */    let serverTls = HttpServerTlsConfig([certificate], publicTlsTestPrivateKeyDer())[0m
     [36m| [0m[34m|[0m /* 17.239 */    let handler = PublicHttp2LimitHandler()[0m
     [36m| [0m[34m|[0m /* 17.240 */    let server = HttpServer.builder().listen(publicLoopback(0)).handler(handler).tls(serverTls).http2StreamLimit(1u32).build()[0m
     [36m| [0m[34m|[0m /* 17.241 */    let serving: Future < Unit >= spawn { server.serve()[0m
     [36m| [0m[34m|[0m /* 17.242 */    }[0m
     [36m| [0m[34m|[0m /* 17.243 */    let host = HostName("example.com")[0m
     [36m| [0m[34m|[0m /* 17.244 */    let clientTls = HttpClientTlsConfig([certificate])[0m
     [36m| [0m[34m|[0m /* 17.245 */    let client = HttpClient.builder().resolver(StaticResolver(ResolveResult([server.localEndpoint.address], host, ResolverSource.Static))).tls(clientTls).requestTimeout(5 * Duration.second).build()[0m
     [36m| [0m[34m|[0m /* 17.246 */    try {[0m
     [36m| [0m[34m|[0m /* 17.247 */        let first = spawn { client.get("https://example.com:${server.localEndpoint.port}/limit/first")[0m
     [36m| [0m[34m|[0m /* 17.248 */        }[0m
     [36m| [0m[34m|[0m /* 17.249 */        handler.waitForFirst()[0m
     [36m| [0m[34m|[0m /* 17.250 */        let second = spawn { client.get("https://example.com:${server.localEndpoint.port}/limit/second")[0m
     [36m| [0m[34m|[0m /* 17.251 */        }[0m
     [36m| [0m[34m|[0m /* 17.252 */        let secondResponse = second.get(5 * Duration.second)[0m
     [36m| [0m[34m|[0m /* 17.253 */        let firstResponse = first.get(5 * Duration.second)[0m
     [36m| [0m[34m|[0m /* 17.254 */        expectEqual("secondResponse.status", "204", secondResponse.status, 204, isDelta: false)[0m
     [36m| [0m[34m|[0m /* 17.255 */        expectEqual("firstResponse.status", "204", firstResponse.status, 204, isDelta: false)[0m
     [36m| [0m[34m|[0m /* 17.256 */        secondResponse.close()[0m
     [36m| [0m[34m|[0m /* 17.257 */        firstResponse.close()[0m
     [36m| [0m[34m|[0m /* 17.258 */        expectEqual("handler.maximumActive.load()", "2", handler.maximumActive.load(), 2, isDelta: false)[0m
     [36m| [0m[34m|[0m /* 17.259 */        let result = server.shutdown(context: OperationContext(deadline: Some(Deadline.after(5 * Duration.second))))[0m
     [36m| [0m[34m|[0m /* 17.260 */        expectEqual("result.gracefullyCompleted", "2", result.gracefullyCompleted, 2, isDelta: false)[0m
     [36m| [0m[34m|[0m /* 17.261 */        expectEqual("result.aborted", "0", result.aborted, 0, isDelta: false)[0m
     [36m| [0m[34m|[0m /* 17.262 */        expectEqual("result.activeAtReturn", "0", result.activeAtReturn, 0, isDelta: false)[0m
     [36m| [0m[34m|[0m /* 17.263 */        serving.get(5 * Duration.second)[0m
     [36m| [0m[34m|[0m /* 17.264 */    } finally {[0m
     [36m| [0m[34m|[0m /* 17.265 */        client.close()[0m
     [36m| [0m[34m|[0m /* 17.266 */        clientTls.close()[0m
     [36m| [0m[34m|[0m /* 17.267 */        if(! server.isClosed()) {[0m
     [36m| [0m[34m|[0m /* 17.268 */            let _ = server.shutdown(context: OperationContext(deadline: Some(Deadline.after(5 * Duration.second))))[0m
     [36m| [0m[34m|[0m /* 17.269 */            serving.get(5 * Duration.second)[0m
     [36m| [0m[34m|[0m /* 17.270 */        }[0m
     [36m| [0m[34m|[0m /* 17.271 */        serverTls.close()[0m
     [36m| [0m[34m|[0m /* 17.272 */    }[0m
     [36m| [0m[34m|[0m /* 17.273 */}[0m
     [36m| [0m[34m|[0m /* 17.274 */[0m
     [36m| [0m[34m|[0m /* 17.275 */@Attribute[TestCase_25][0m
     [36m| [0m[34m|[0m /* 17.276 */func tlsFacadeNegotiatesHttp2AndMapsBodyTrailersAndResponse(): Unit {[0m
     [36m| [0m[34m|[0m /* 17.277 */    let certificate = publicTlsTestCertificateDer()[0m
     [36m| [0m[34m|[0m /* 17.278 */    let serverTls = HttpServerTlsConfig([certificate], publicTlsTestPrivateKeyDer())[0m
     [36m| [0m[34m|[0m /* 17.279 */    let handler = PublicHttp2EchoHandler()[0m
     [36m| [0m[34m|[0m /* 17.280 */    let server = HttpServer.builder().listen(publicLoopback(0)).handler(handler).tls(serverTls).http2StreamLimit(4u32).build()[0m
     [36m| [0m[34m|[0m /* 17.281 */    let serving: Future < Unit >= spawn { server.serve()[0m
     [36m| [0m[34m|[0m /* 17.282 */    }[0m
     [36m| [0m[34m|[0m /* 17.283 */    let host = HostName("example.com")[0m
     [36m| [0m[34m|[0m /* 17.284 */    let clientTls = HttpClientTlsConfig([certificate])[0m
     [36m| [0m[34m|[0m /* 17.285 */    let client = HttpClient.builder().resolver(StaticResolver(ResolveResult([server.localEndpoint.address], host, ResolverSource.Static))).tls(clientTls).requestTimeout(3 * Duration.second).build()[0m
     [36m| [0m[34m|[0m /* 17.286 */    try {[0m
     [36m| [0m[34m|[0m /* 17.287 */        let response = client.send(HttpRequest.post("https://example.com:${server.localEndpoint.port}/h2", RequestBody.string("request-body")), trailer: HttpTrailer(headers: HttpHeaders.builder().add("X-Request-Trailer", "done").build()))[0m
     [36m| [0m[34m|[0m /* 17.288 */        expectEqual("response.status", "201", response.status, 201, isDelta: false)[0m
     [36m| [0m[34m|[0m /* 17.289 */        expectEqual("readPublicBody(response.body)", "\"response-body\"", readPublicBody(response.body), "response-body", isDelta: false)[0m
     [36m| [0m[34m|[0m /* 17.290 */        expectEqual("response.body.trailer.getOrThrow().headers.getFirst(\"x-response-trailer\")", "Some(\"done\")", response.body.trailer.getOrThrow().headers.getFirst("x-response-trailer"), Some("done"), isDelta: false)[0m
     [36m| [0m[34m|[0m /* 17.291 */        expectEqual("handler.http2Calls.load()", "1", handler.http2Calls.load(), 1, isDelta: false)[0m
     [36m| [0m[34m|[0m /* 17.292 */        response.close()[0m
     [36m| [0m[34m|[0m /* 17.293 */        let h1Context = OperationContext(deadline: Some(Deadline.after(3 * Duration.second)))[0m
     [36m| [0m[34m|[0m /* 17.294 */        let h1Handshaker = http1test.DefaultHttp1TlsHandshaker.createWithDer([certificate])[0m
     [36m| [0m[34m|[0m /* 17.295 */        let h1Transport = stdnettest.StdNetTransportFactory().connect(server.localEndpoint, h1Context)[0m
     [36m| [0m[34m|[0m /* 17.296 */        let h1Connection = http1test.Http1ClientConnection(h1Handshaker.handshake(HostName("example.com"), h1Transport, h1Context))[0m
     [36m| [0m[34m|[0m /* 17.297 */        try {[0m
     [36m| [0m[34m|[0m /* 17.298 */            let h1Response = h1Connection.execute(HttpRequest.get("https://example.com:${server.localEndpoint.port}/h1"), context: h1Context).response[0m
     [36m| [0m[34m|[0m /* 17.299 */            expectEqual("h1Response.status", "200", h1Response.status, 200, isDelta: false)[0m
     [36m| [0m[34m|[0m /* 17.300 */            h1Response.close()[0m
     [36m| [0m[34m|[0m /* 17.301 */            expectEqual("handler.http1Calls.load()", "1", handler.http1Calls.load(), 1, isDelta: false)[0m
     [36m| [0m[34m|[0m /* 17.302 */        } finally {[0m
     [36m| [0m[34m|[0m /* 17.303 */            h1Connection.close()[0m
     [36m| [0m[34m|[0m /* 17.304 */            h1Handshaker.close()[0m
     [36m| [0m[34m|[0m /* 17.305 */        }[0m
     [36m| [0m[34m|[0m /* 17.306 */        var structuredReset = false[0m
     [36m| [0m[34m|[0m /* 17.307 */        try {[0m
     [36m| [0m[34m|[0m /* 17.308 */            let _ = client.get("https://example.com:${server.localEndpoint.port}/fail")[0m
     [36m| [0m[34m|[0m /* 17.309 */        } catch(error: HttpException) {[0m
     [36m| [0m[34m|[0m /* 17.310 */            match(error.code) {[0m
     [36m| [0m[34m|[0m /* 17.311 */                case HttpErrorCode.StreamReset => structuredReset = true[0m
     [36m| [0m[34m|[0m /* 17.312 */                case _ =>()[0m
     [36m| [0m[34m|[0m /* 17.313 */            }[0m
     [36m| [0m[34m|[0m /* 17.314 */        }[0m
     [36m| [0m[34m|[0m /* 17.315 */        expectEqual("structuredReset", "true", structuredReset, true, isDelta: false)[0m
     [36m| [0m[34m|[0m /* 17.316 */        let result = server.shutdown(context: OperationContext(deadline: Some(Deadline.after(3 * Duration.second))))[0m
     [36m| [0m[34m|[0m /* 17.317 */        expectEqual("result.gracefullyCompleted", "1", result.gracefullyCompleted, 1, isDelta: false)[0m
     [36m| [0m[34m|[0m /* 17.318 */        expectEqual("result.aborted", "0", result.aborted, 0, isDelta: false)[0m
     [36m| [0m[34m|[0m /* 17.319 */        expectEqual("result.activeAtReturn", "0", result.activeAtReturn, 0, isDelta: false)[0m
     [36m| [0m[34m|[0m /* 17.320 */        serving.get(3 * Duration.second)[0m
     [36m| [0m[34m|[0m /* 17.321 */    } finally {[0m
     [36m| [0m[34m|[0m /* 17.322 */        client.close()[0m
     [36m| [0m[34m|[0m /* 17.323 */        clientTls.close()[0m
     [36m| [0m[34m|[0m /* 17.324 */        if(! server.isClosed()) {[0m
     [36m| [0m[34m|[0m /* 17.325 */            let _ = server.shutdown(context: OperationContext(deadline: Some(Deadline.after(3 * Duration.second))))[0m
     [36m| [0m[34m|[0m /* 17.326 */            serving.get(3 * Duration.second)[0m
     [36m| [0m[34m|[0m /* 17.327 */        }[0m
     [36m| [0m[34m|[0m /* 17.328 */        serverTls.close()[0m
     [36m| [0m[34m|[0m /* 17.329 */    }[0m
     [36m| [0m[34m|[0m /* 17.330 */}[0m
     [36m| [0m[34m|[0m /* 17.331 */[0m
     [36m| [0m[34m|[0m /* 17.332 */@Attribute[TestCase_26][0m
     [36m| [0m[34m|[0m /* 17.333 */func explicitResolverConnectsPublicClientAndServer(): Unit {[0m
     [36m| [0m[34m|[0m /* 17.334 */    let server = HttpServer.builder().listen(publicLoopback(0)).handler(PublicEmptyHandler()).connectionLimit(4).build()[0m
     [36m| [0m[34m|[0m /* 17.335 */    let serving: Future < Unit >= spawn { server.serve()[0m
     [36m| [0m[34m|[0m /* 17.336 */    }[0m
     [36m| [0m[34m|[0m /* 17.337 */    let host = HostName("loopback.test")[0m
     [36m| [0m[34m|[0m /* 17.338 */    let client = HttpClient.builder().resolver(StaticResolver(ResolveResult([server.localEndpoint.address], host, ResolverSource.Static))).requestTimeout(Duration.second).build()[0m
     [36m| [0m[34m|[0m /* 17.339 */    try {[0m
     [36m| [0m[34m|[0m /* 17.340 */        let response = client.get("http://loopback.test:${server.localEndpoint.port}/ready")[0m
     [36m| [0m[34m|[0m /* 17.341 */        expectEqual("response.status", "200", response.status, 200, isDelta: false)[0m
     [36m| [0m[34m|[0m /* 17.342 */        expectEqual("response.headers.getFirst(\"content-length\")", "Some(\"0\")", response.headers.getFirst("content-length"), Some("0"), isDelta: false)[0m
     [36m| [0m[34m|[0m /* 17.343 */        expectEqual("response.body.read(Array < Byte >(1, repeat: 0))", "0", response.body.read(Array < Byte >(1, repeat: 0)), 0, isDelta: false)[0m
     [36m| [0m[34m|[0m /* 17.344 */        response.close()[0m
     [36m| [0m[34m|[0m /* 17.345 */    } finally {[0m
     [36m| [0m[34m|[0m /* 17.346 */        client.close()[0m
     [36m| [0m[34m|[0m /* 17.347 */        let _ = server.shutdown(context: OperationContext(deadline: Some(Deadline.after(Duration.second))))[0m
     [36m| [0m[34m|[0m /* 17.348 */        serving.get(Duration.second)[0m
     [36m| [0m[34m|[0m /* 17.349 */    }[0m
     [36m| [0m[34m|[0m /* 17.350 */}[0m
     [36m| [0m[34m|[0m /* 17.351 */[0m
     [36m| [0m[34m|[0m /* 17.352 */@Attribute[TestCase_27][0m
     [36m| [0m[34m|[0m /* 17.353 */func defaultSystemResolverConnectsPublicClientAndServer(): Unit {[0m
     [36m| [0m[34m|[0m /* 17.354 */    let server = HttpServer.builder().listen(publicLoopback(0)).handler(PublicEmptyHandler()).connectionLimit(4).build()[0m
     [36m| [0m[34m|[0m /* 17.355 */    let serving: Future < Unit >= spawn { server.serve()[0m
     [36m| [0m[34m|[0m /* 17.356 */    }[0m
     [36m| [0m[34m|[0m /* 17.357 */    let client = HttpClient.default()[0m
     [36m| [0m[34m|[0m /* 17.358 */    try {[0m
     [36m| [0m[34m|[0m /* 17.359 */        let response = client.get("http://localhost:${server.localEndpoint.port}/ready", context: OperationContext(deadline: Some(Deadline.after(Duration.second))))[0m
     [36m| [0m[34m|[0m /* 17.360 */        expectEqual("response.status", "200", response.status, 200, isDelta: false)[0m
     [36m| [0m[34m|[0m /* 17.361 */        expectEqual("response.body.read(Array < Byte >(1, repeat: 0))", "0", response.body.read(Array < Byte >(1, repeat: 0)), 0, isDelta: false)[0m
     [36m| [0m[34m|[0m /* 17.362 */        response.close()[0m
     [36m| [0m[34m|[0m /* 17.363 */    } finally {[0m
     [36m| [0m[34m|[0m /* 17.364 */        client.close()[0m
     [36m| [0m[34m|[0m /* 17.365 */        let _ = server.shutdown(context: OperationContext(deadline: Some(Deadline.after(Duration.second))))[0m
     [36m| [0m[34m|[0m /* 17.366 */        serving.get(Duration.second)[0m
     [36m| [0m[34m|[0m /* 17.367 */    }[0m
     [36m| [0m[34m|[0m /* 17.368 */}[0m
     [36m| [0m[34m|[0m /* 17.369 */[0m
     [36m| [0m[34m|[0m /* 17.370 */@Attribute[TestCase_28][0m
     [36m| [0m[34m|[0m /* 17.371 */func clientFollowsOriginRelativeRedirectEndToEnd(): Unit {[0m
     [36m| [0m[34m|[0m /* 17.372 */    let handler = PublicRedirectHandler()[0m
     [36m| [0m[34m|[0m /* 17.373 */    let server = HttpServer.builder().listen(publicLoopback(0)).handler(handler).build()[0m
     [36m| [0m[34m|[0m /* 17.374 */    let serving: Future < Unit >= spawn { server.serve()[0m
     [36m| [0m[34m|[0m /* 17.375 */    }[0m
     [36m| [0m[34m|[0m /* 17.376 */    let host = HostName("redirect.test")[0m
     [36m| [0m[34m|[0m /* 17.377 */    let client = HttpClient.builder().resolver(StaticResolver(ResolveResult([server.localEndpoint.address], host, ResolverSource.Static))).requestTimeout(Duration.second).build()[0m
     [36m| [0m[34m|[0m /* 17.378 */    try {[0m
     [36m| [0m[34m|[0m /* 17.379 */        let response = client.get("http://redirect.test:${server.localEndpoint.port}/start")[0m
     [36m| [0m[34m|[0m /* 17.380 */        expectEqual("response.status", "200", response.status, 200, isDelta: false)[0m
     [36m| [0m[34m|[0m /* 17.381 */        expectEqual("handler.calls.load()", "2", handler.calls.load(), 2, isDelta: false)[0m
     [36m| [0m[34m|[0m /* 17.382 */        response.close()[0m
     [36m| [0m[34m|[0m /* 17.383 */    } finally {[0m
     [36m| [0m[34m|[0m /* 17.384 */        client.close()[0m
     [36m| [0m[34m|[0m /* 17.385 */        let _ = server.shutdown(context: OperationContext(deadline: Some(Deadline.after(Duration.second))))[0m
     [36m| [0m[34m|[0m /* 17.386 */        serving.get(Duration.second)[0m
     [36m| [0m[34m|[0m /* 17.387 */    }[0m
     [36m| [0m[34m|[0m /* 17.388 */}[0m
     [36m| [0m[34m|[0m /* 17.389 */[0m
     [36m| [0m[34m|[0m /* 17.390 */@Attribute[TestCase_29][0m
     [36m| [0m[34m|[0m /* 17.391 */func clientRetriesOneTemporaryDnsFailureWithinTheSameDeadline(): Unit {[0m
     [36m| [0m[34m|[0m /* 17.392 */    let server = HttpServer.builder().listen(publicLoopback(0)).handler(PublicEmptyHandler()).build()[0m
     [36m| [0m[34m|[0m /* 17.393 */    let serving: Future < Unit >= spawn { server.serve()[0m
     [36m| [0m[34m|[0m /* 17.394 */    }[0m
     [36m| [0m[34m|[0m /* 17.395 */    let host = HostName("retry.test")[0m
     [36m| [0m[34m|[0m /* 17.396 */    let resolver = FlakyPublicResolver(ResolveResult([server.localEndpoint.address], host, ResolverSource.Static))[0m
     [36m| [0m[34m|[0m /* 17.397 */    let client = HttpClient.builder().resolver(resolver).requestTimeout(Duration.second).retryPolicy(HttpRetryPolicy(maximumAttempts: 2)).build()[0m
     [36m| [0m[34m|[0m /* 17.398 */    try {[0m
     [36m| [0m[34m|[0m /* 17.399 */        let response = client.get("http://retry.test:${server.localEndpoint.port}/ready")[0m
     [36m| [0m[34m|[0m /* 17.400 */        expectEqual("response.status", "200", response.status, 200, isDelta: false)[0m
     [36m| [0m[34m|[0m /* 17.401 */        expectEqual("resolver.calls.load()", "2", resolver.calls.load(), 2, isDelta: false)[0m
     [36m| [0m[34m|[0m /* 17.402 */        response.close()[0m
     [36m| [0m[34m|[0m /* 17.403 */    } finally {[0m
     [36m| [0m[34m|[0m /* 17.404 */        client.close()[0m
     [36m| [0m[34m|[0m /* 17.405 */        let _ = server.shutdown(context: OperationContext(deadline: Some(Deadline.after(Duration.second))))[0m
     [36m| [0m[34m|[0m /* 17.406 */        serving.get(Duration.second)[0m
     [36m| [0m[34m|[0m /* 17.407 */    }[0m
     [36m| [0m[34m|[0m /* 17.408 */}[0m
     [36m| [0m[34m|[0m /* 17.409 */[0m
     [36m| [0m[34m|[0m /* 17.410 */@Attribute[TestCase_30][0m
     [36m| [0m[34m|[0m /* 17.411 */func forwardProxyUsesAbsoluteFormIndependentDnsAndHookCredentials(): Unit {[0m
     [36m| [0m[34m|[0m /* 17.412 */    let handler = PublicForwardProxyHandler()[0m
     [36m| [0m[34m|[0m /* 17.413 */    let server = HttpServer.builder().listen(publicLoopback(0)).handler(handler).build()[0m
     [36m| [0m[34m|[0m /* 17.414 */    let serving: Future < Unit >= spawn { server.serve()[0m
     [36m| [0m[34m|[0m /* 17.415 */    }[0m
     [36m| [0m[34m|[0m /* 17.416 */    let proxyHost = HostName("proxy.test")[0m
     [36m| [0m[34m|[0m /* 17.417 */    let proxyResolver = CountingPublicResolver(ResolveResult([server.localEndpoint.address], proxyHost, ResolverSource.Static))[0m
     [36m| [0m[34m|[0m /* 17.418 */    let originResolver = RejectingPublicResolver()[0m
     [36m| [0m[34m|[0m /* 17.419 */    let authorization = PublicProxyAuthorization()[0m
     [36m| [0m[34m|[0m /* 17.420 */    let proxy = HttpProxyConfig(HttpProxyEndpoint.hostname("proxy.test", server.localEndpoint.port), proxyResolver, authorizationProvider: Some(authorization))[0m
     [36m| [0m[34m|[0m /* 17.421 */    let client = HttpClient.builder().resolver(originResolver).proxy(proxy).requestTimeout(Duration.second).build()[0m
     [36m| [0m[34m|[0m /* 17.422 */    try {[0m
     [36m| [0m[34m|[0m /* 17.423 */        let request = HttpRequest(HttpMethod("GET"), HttpUrl.parse("http://origin.test:8081/path?q=1"), headers: HttpHeaders.builder().add("Proxy-Authorization", "Caller value must be replaced").build())[0m
     [36m| [0m[34m|[0m /* 17.424 */        let response = client.send(request)[0m
     [36m| [0m[34m|[0m /* 17.425 */        expectEqual("response.status", "200", response.status, 200, isDelta: false)[0m
     [36m| [0m[34m|[0m /* 17.426 */        response.close()[0m
     [36m| [0m[34m|[0m /* 17.427 */        expectEqual("handler.valid.load()", "1", handler.valid.load(), 1, isDelta: false)[0m
     [36m| [0m[34m|[0m /* 17.428 */        expectEqual("proxyResolver.calls.load()", "1", proxyResolver.calls.load(), 1, isDelta: false)[0m
     [36m| [0m[34m|[0m /* 17.429 */        expectEqual("originResolver.calls.load()", "0", originResolver.calls.load(), 0, isDelta: false)[0m
     [36m| [0m[34m|[0m /* 17.430 */        expectEqual("authorization.calls.load()", "1", authorization.calls.load(), 1, isDelta: false)[0m
     [36m| [0m[34m|[0m /* 17.431 */    } finally {[0m
     [36m| [0m[34m|[0m /* 17.432 */        client.close()[0m
     [36m| [0m[34m|[0m /* 17.433 */        let _ = server.shutdown(context: OperationContext(deadline: Some(Deadline.after(Duration.second))))[0m
     [36m| [0m[34m|[0m /* 17.434 */        serving.get(Duration.second)[0m
     [36m| [0m[34m|[0m /* 17.435 */    }[0m
     [36m| [0m[34m|[0m /* 17.436 */}[0m
     [36m| [0m[34m|[0m /* 17.437 */[0m
     [36m| [0m[34m|[0m /* 17.438 */@Attribute[TestCase_31][0m
     [36m| [0m[34m|[0m /* 17.439 */func serverBuilderRequiresEndpointAndHandler(): Unit {[0m
     [36m| [0m[34m|[0m /* 17.440 */    var missingEndpoint = false[0m
     [36m| [0m[34m|[0m /* 17.441 */    try {[0m
     [36m| [0m[34m|[0m /* 17.442 */        let _ = HttpServer.builder().handler(PublicEmptyHandler()).build()[0m
     [36m| [0m[34m|[0m /* 17.443 */    } catch(_: IllegalStateException) {[0m
     [36m| [0m[34m|[0m /* 17.444 */        missingEndpoint = true[0m
     [36m| [0m[34m|[0m /* 17.445 */    }[0m
     [36m| [0m[34m|[0m /* 17.446 */    expectEqual("missingEndpoint", "true", missingEndpoint, true, isDelta: false)[0m
     [36m| [0m[34m|[0m /* 17.447 */    var missingHandler = false[0m
     [36m| [0m[34m|[0m /* 17.448 */    try {[0m
     [36m| [0m[34m|[0m /* 17.449 */        let _ = HttpServer.builder().listen(publicLoopback(0)).build()[0m
     [36m| [0m[34m|[0m /* 17.450 */    } catch(_: IllegalStateException) {[0m
     [36m| [0m[34m|[0m /* 17.451 */        missingHandler = true[0m
     [36m| [0m[34m|[0m /* 17.452 */    }[0m
     [36m| [0m[34m|[0m /* 17.453 */    expectEqual("missingHandler", "true", missingHandler, true, isDelta: false)[0m
     [36m| [0m[34m|[0m /* 17.454 */}[0m
     [36m| [0m[34m|[0m /* 17.455 */[0m
     [36m| [0m[34m|[0m /* 17.456 */@Attribute[TestCase_32][0m
     [36m| [0m[34m|[0m /* 17.457 */func tlsServerConfigFailsClosedBeforeBinding(): Unit {[0m
     [36m| [0m[34m|[0m /* 17.458 */    let invalid = HttpServerTlsConfig([],[1u8, 2u8, 3u8])[0m
     [36m| [0m[34m|[0m /* 17.459 */    var invalidRejected = false[0m
     [36m| [0m[34m|[0m /* 17.460 */    try {[0m
     [36m| [0m[34m|[0m /* 17.461 */        let _ = HttpServer.builder().listen(publicLoopback(0)).handler(PublicEmptyHandler()).tls(invalid).build()[0m
     [36m| [0m[34m|[0m /* 17.462 */    } catch(_: Exception) {[0m
     [36m| [0m[34m|[0m /* 17.463 */        invalidRejected = true[0m
     [36m| [0m[34m|[0m /* 17.464 */    }[0m
     [36m| [0m[34m|[0m /* 17.465 */    finally {[0m
     [36m| [0m[34m|[0m /* 17.466 */        invalid.close()[0m
     [36m| [0m[34m|[0m /* 17.467 */    }[0m
     [36m| [0m[34m|[0m /* 17.468 */    expectEqual("invalidRejected", "true", invalidRejected, true, isDelta: false)[0m
     [36m| [0m[34m|[0m /* 17.469 */    let closed = HttpServerTlsConfig([],[])[0m
     [36m| [0m[34m|[0m /* 17.470 */    closed.close()[0m
     [36m| [0m[34m|[0m /* 17.471 */    var closedRejected = false[0m
     [36m| [0m[34m|[0m /* 17.472 */    try {[0m
     [36m| [0m[34m|[0m /* 17.473 */        let _ = HttpServer.builder().listen(publicLoopback(0)).handler(PublicEmptyHandler()).tls(closed).build()[0m
     [36m| [0m[34m|[0m /* 17.474 */    } catch(_: IllegalStateException) {[0m
     [36m| [0m[34m|[0m /* 17.475 */        closedRejected = true[0m
     [36m| [0m[34m|[0m /* 17.476 */    }[0m
     [36m| [0m[34m|[0m /* 17.477 */    expectEqual("closedRejected", "true", closedRejected, true, isDelta: false)[0m
     [36m| [0m[34m|[0m /* 17.478 */    let clientTls = HttpClientTlsConfig([])[0m
     [36m| [0m[34m|[0m /* 17.479 */    clientTls.close()[0m
     [36m| [0m[34m|[0m /* 17.480 */    var clientClosedRejected = false[0m
     [36m| [0m[34m|[0m /* 17.481 */    try {[0m
     [36m| [0m[34m|[0m /* 17.482 */        let _ = HttpClient.builder().tls(clientTls).build()[0m
     [36m| [0m[34m|[0m /* 17.483 */    } catch(_: IllegalStateException) {[0m
     [36m| [0m[34m|[0m /* 17.484 */        clientClosedRejected = true[0m
     [36m| [0m[34m|[0m /* 17.485 */    }[0m
     [36m| [0m[34m|[0m /* 17.486 */    expectEqual("clientClosedRejected", "true", clientClosedRejected, true, isDelta: false)[0m
     [36m| [0m[34m|[0m /* 17.487 */}[0m
     [36m| [0m[34m|[0m /* 17.488 */[0m
     [36m| [0m[34m|[0m /* 17.489 */@Attribute[TestCase_33][0m
     [36m| [0m[34m|[0m /* 17.490 */func noFollowReturnsEveryRedirectUntouchedAndLeavesBodyOwnershipWithCaller(): Unit {[0m
     [36m| [0m[34m|[0m /* 17.491 */    let handler = PublicNoFollowHandler()[0m
     [36m| [0m[34m|[0m /* 17.492 */    let server = HttpServer.builder().listen(publicLoopback(0)).handler(handler).build()[0m
     [36m| [0m[34m|[0m /* 17.493 */    let serving: Future < Unit >= spawn { server.serve()[0m
     [36m| [0m[34m|[0m /* 17.494 */    }[0m
     [36m| [0m[34m|[0m /* 17.495 */    let host = HostName("no-follow.test")[0m
     [36m| [0m[34m|[0m /* 17.496 */    let client = HttpClient.builder().resolver(StaticResolver(ResolveResult([server.localEndpoint.address], host, ResolverSource.Static))).redirectPolicy(HttpRedirectPolicy.noFollow()).requestTimeout(3 * Duration.second).build()[0m
     [36m| [0m[34m|[0m /* 17.497 */    try {[0m
     [36m| [0m[34m|[0m /* 17.498 */        for(status in[301, 302, 303, 307, 308]) {[0m
     [36m| [0m[34m|[0m /* 17.499 */            let response = client.get("http://no-follow.test:${server.localEndpoint.port}/start/${status}")[0m
     [36m| [0m[34m|[0m /* 17.500 */            try {[0m
     [36m| [0m[34m|[0m /* 17.501 */                expectEqual("response.status", "status", response.status, status, isDelta: false)[0m
     [36m| [0m[34m|[0m /* 17.502 */                expectEqual("response.headers.getFirst(\"location\")", "Some(\"/target\")", response.headers.getFirst("location"), Some("/target"), isDelta: false)[0m
     [36m| [0m[34m|[0m /* 17.503 */                let prefix = Array < Byte >(6, repeat: 0u8)[0m
     [36m| [0m[34m|[0m /* 17.504 */                let suffix = Array < Byte >(7, repeat: 0u8)[0m
     [36m| [0m[34m|[0m /* 17.505 */                expectEqual("response.body.read(prefix)", "6", response.body.read(prefix), 6, isDelta: false)[0m
     [36m| [0m[34m|[0m /* 17.506 */                expectEqual("String.fromUtf8(prefix)", "\"prefix\"", String.fromUtf8(prefix), "prefix", isDelta: false)[0m
     [36m| [0m[34m|[0m /* 17.507 */                expectEqual("response.body.read(suffix)", "7", response.body.read(suffix), 7, isDelta: false)[0m
     [36m| [0m[34m|[0m /* 17.508 */                expectEqual("String.fromUtf8(suffix)", "\"-suffix\"", String.fromUtf8(suffix), "-suffix", isDelta: false)[0m
     [36m| [0m[34m|[0m /* 17.509 */                expectEqual("response.body.read(Array < Byte >(1, repeat: 0u8))", "0", response.body.read(Array < Byte >(1, repeat: 0u8)), 0, isDelta: false)[0m
     [36m| [0m[34m|[0m /* 17.510 */            } finally {[0m
     [36m| [0m[34m|[0m /* 17.511 */                response.close()[0m
     [36m| [0m[34m|[0m /* 17.512 */            }[0m
     [36m| [0m[34m|[0m /* 17.513 */        }[0m
     [36m| [0m[34m|[0m /* 17.514 */        expectEqual("handler.sourceCalls.load()", "5", handler.sourceCalls.load(), 5, isDelta: false)[0m
     [36m| [0m[34m|[0m /* 17.515 */        expectEqual("handler.targetCalls.load()", "0", handler.targetCalls.load(), 0, isDelta: false)[0m
     [36m| [0m[34m|[0m /* 17.516 */        let partiallyRead = client.get("http://no-follow.test:${server.localEndpoint.port}/start/302")[0m
     [36m| [0m[34m|[0m /* 17.517 */        expectEqual("partiallyRead.body.read(Array < Byte >(3, repeat: 0u8))", "3", partiallyRead.body.read(Array < Byte >(3, repeat: 0u8)), 3, isDelta: false)[0m
     [36m| [0m[34m|[0m /* 17.518 */        partiallyRead.close()[0m
     [36m| [0m[34m|[0m /* 17.519 */        expectEqual("partiallyRead.body.isClosed()", "true", partiallyRead.body.isClosed(), true, isDelta: false)[0m
     [36m| [0m[34m|[0m /* 17.520 */        let fullyDrained = client.get("http://no-follow.test:${server.localEndpoint.port}/start/307")[0m
     [36m| [0m[34m|[0m /* 17.521 */        expectEqual("fullyDrained.body.drain(32, bufferSize: 3)", "true", fullyDrained.body.drain(32, bufferSize: 3), true, isDelta: false)[0m
     [36m| [0m[34m|[0m /* 17.522 */        expectEqual("fullyDrained.body.isClosed()", "true", fullyDrained.body.isClosed(), true, isDelta: false)[0m
     [36m| [0m[34m|[0m /* 17.523 */        let boundedAbandon = client.get("http://no-follow.test:${server.localEndpoint.port}/start/308")[0m
     [36m| [0m[34m|[0m /* 17.524 */        expectEqual("! boundedAbandon.body.drain(3, bufferSize: 2)", "true", ! boundedAbandon.body.drain(3, bufferSize: 2), true, isDelta: false)[0m
     [36m| [0m[34m|[0m /* 17.525 */        expectEqual("boundedAbandon.body.isClosed()", "true", boundedAbandon.body.isClosed(), true, isDelta: false)[0m
     [36m| [0m[34m|[0m /* 17.526 */        expectEqual("handler.sourceCalls.load()", "8", handler.sourceCalls.load(), 8, isDelta: false)[0m
     [36m| [0m[34m|[0m /* 17.527 */        expectEqual("handler.targetCalls.load()", "0", handler.targetCalls.load(), 0, isDelta: false)[0m
     [36m| [0m[34m|[0m /* 17.528 */    } finally {[0m
     [36m| [0m[34m|[0m /* 17.529 */        client.close()[0m
     [36m| [0m[34m|[0m /* 17.530 */        let _ = server.shutdown(context: OperationContext(deadline: Some(Deadline.after(3 * Duration.second))))[0m
     [36m| [0m[34m|[0m /* 17.531 */        serving.get(3 * Duration.second)[0m
     [36m| [0m[34m|[0m /* 17.532 */    }[0m
     [36m| [0m[34m|[0m /* 17.533 */}[0m
     [36m| [0m[34m|[0m /* 17.534 */[0m
     [36m| [0m[34m|[0m /* 17.535 */@Attribute[TestCase_34][0m
     [36m| [0m[34m|[0m /* 17.536 */func controlledCancellationInterruptsDnsAndInjectedTcpBeforeTransportCreation(): Unit {[0m
     [36m| [0m[34m|[0m /* 17.537 */    let dnsResolver = PublicBlockingResolver()[0m
     [36m| [0m[34m|[0m /* 17.538 */    let dnsFactory = PublicNeverTransportFactory()[0m
     [36m| [0m[34m|[0m /* 17.539 */    let dnsClient = publicInjectedClient(dnsResolver, dnsFactory, requestTimeout: Some(3 * Duration.second))[0m
     [36m| [0m[34m|[0m /* 17.540 */    let dnsHandle = HttpRequestCancellationHandle()[0m
     [36m| [0m[34m|[0m /* 17.541 */    let dnsPending: Future < Bool >= spawn { publicControlledGetWasCancelled(dnsClient, "http://blocked-dns.test/", dnsHandle)[0m
     [36m| [0m[34m|[0m /* 17.542 */    }[0m
     [36m| [0m[34m|[0m /* 17.543 */    try {[0m
     [36m| [0m[34m|[0m /* 17.544 */        dnsResolver.waitUntilEntered()[0m
     [36m| [0m[34m|[0m /* 17.545 */        expectEqual("dnsHandle.cancel()", "true", dnsHandle.cancel(), true, isDelta: false)[0m
     [36m| [0m[34m|[0m /* 17.546 */        expectEqual("! dnsHandle.cancel()", "true", ! dnsHandle.cancel(), true, isDelta: false)[0m
     [36m| [0m[34m|[0m /* 17.547 */        expectEqual("dnsPending.get(Duration.second)", "true", dnsPending.get(Duration.second), true, isDelta: false)[0m
     [36m| [0m[34m|[0m /* 17.548 */        expectEqual("dnsFactory.connects.load()", "0", dnsFactory.connects.load(), 0, isDelta: false)[0m
     [36m| [0m[34m|[0m /* 17.549 */    } finally {[0m
     [36m| [0m[34m|[0m /* 17.550 */        dnsHandle.cancel()[0m
     [36m| [0m[34m|[0m /* 17.551 */        dnsResolver.release()[0m
     [36m| [0m[34m|[0m /* 17.552 */        dnsClient.close()[0m
     [36m| [0m[34m|[0m /* 17.553 */    }[0m
     [36m| [0m[34m|[0m /* 17.554 */    let host = HostName("blocked-connect.test")[0m
     [36m| [0m[34m|[0m /* 17.555 */    let tcpFactory = PublicBlockingTransportFactory()[0m
     [36m| [0m[34m|[0m /* 17.556 */    let tcpClient = publicInjectedClient(StaticResolver(ResolveResult([IpAddress(IpAddressFamily.Ipv4,[127u8, 0u8, 0u8, 1u8])], host, ResolverSource.Static)), tcpFactory, requestTimeout: Some(3 * Duration.second))[0m
     [36m| [0m[34m|[0m /* 17.557 */    let tcpHandle = HttpRequestCancellationHandle()[0m
     [36m| [0m[34m|[0m /* 17.558 */    let tcpPending: Future < Bool >= spawn { publicControlledGetWasCancelled(tcpClient, "http://blocked-connect.test:8080/", tcpHandle)[0m
     [36m| [0m[34m|[0m /* 17.559 */    }[0m
     [36m| [0m[34m|[0m /* 17.560 */    try {[0m
     [36m| [0m[34m|[0m /* 17.561 */        tcpFactory.waitUntilEntered()[0m
     [36m| [0m[34m|[0m /* 17.562 */        expectEqual("tcpHandle.cancel()", "true", tcpHandle.cancel(), true, isDelta: false)[0m
     [36m| [0m[34m|[0m /* 17.563 */        expectEqual("! tcpHandle.cancel()", "true", ! tcpHandle.cancel(), true, isDelta: false)[0m
     [36m| [0m[34m|[0m /* 17.564 */        expectEqual("tcpPending.get(Duration.second)", "true", tcpPending.get(Duration.second), true, isDelta: false)[0m
     [36m| [0m[34m|[0m /* 17.565 */        expectEqual("tcpFactory.connects.load()", "1", tcpFactory.connects.load(), 1, isDelta: false)[0m
     [36m| [0m[34m|[0m /* 17.566 */        expectEqual("tcpFactory.transportsCreated.load()", "0", tcpFactory.transportsCreated.load(), 0, isDelta: false)[0m
     [36m| [0m[34m|[0m /* 17.567 */    } finally {[0m
     [36m| [0m[34m|[0m /* 17.568 */        tcpHandle.cancel()[0m
     [36m| [0m[34m|[0m /* 17.569 */        tcpFactory.release()[0m
     [36m| [0m[34m|[0m /* 17.570 */        tcpClient.close()[0m
     [36m| [0m[34m|[0m /* 17.571 */    }[0m
     [36m| [0m[34m|[0m /* 17.572 */}[0m
     [36m| [0m[34m|[0m /* 17.573 */[0m
     [36m| [0m[34m|[0m /* 17.574 */@Attribute[TestCase_35][0m
     [36m| [0m[34m|[0m /* 17.575 */func controlledCancellationInterruptsRealTlsAndHeaderReads(): Unit {[0m
     [36m| [0m[34m|[0m /* 17.576 */    let headerPeer = PublicSilentPeer()[0m
     [36m| [0m[34m|[0m /* 17.577 */    let headerServing: Future < Unit >= spawn { headerPeer.serveOne()[0m
     [36m| [0m[34m|[0m /* 17.578 */    }[0m
     [36m| [0m[34m|[0m /* 17.579 */    let headerFactory = PublicRecordingStdNetFactory()[0m
     [36m| [0m[34m|[0m /* 17.580 */    let headerHost = HostName("headers-stall.test")[0m
     [36m| [0m[34m|[0m /* 17.581 */    let headerClient = publicInjectedClient(StaticResolver(ResolveResult([headerPeer.localEndpoint.address], headerHost, ResolverSource.Static)), headerFactory, requestTimeout: Some(5 * Duration.second))[0m
     [36m| [0m[34m|[0m /* 17.582 */    let headerHandle = HttpRequestCancellationHandle()[0m
     [36m| [0m[34m|[0m /* 17.583 */    let headerPending: Future < Bool >= spawn { publicControlledGetWasCancelled(headerClient, "http://headers-stall.test:${headerPeer.localEndpoint.port}/", headerHandle)[0m
     [36m| [0m[34m|[0m /* 17.584 */    }[0m
     [36m| [0m[34m|[0m /* 17.585 */    try {[0m
     [36m| [0m[34m|[0m /* 17.586 */        headerPeer.waitUntilBytesObserved()[0m
     [36m| [0m[34m|[0m /* 17.587 */        expectEqual("headerFactory.waitForTransport().waitUntilReadActive(Duration.second)", "true", headerFactory.waitForTransport().waitUntilReadActive(Duration.second), true, isDelta: false)[0m
     [36m| [0m[34m|[0m /* 17.588 */        expectEqual("headerHandle.cancel()", "true", headerHandle.cancel(), true, isDelta: false)[0m
     [36m| [0m[34m|[0m /* 17.589 */        expectEqual("headerPending.get(Duration.second)", "true", headerPending.get(Duration.second), true, isDelta: false)[0m
     [36m| [0m[34m|[0m /* 17.590 */    } finally {[0m
     [36m| [0m[34m|[0m /* 17.591 */        headerHandle.cancel()[0m
     [36m| [0m[34m|[0m /* 17.592 */        headerClient.close()[0m
     [36m| [0m[34m|[0m /* 17.593 */        headerPeer.close()[0m
     [36m| [0m[34m|[0m /* 17.594 */        headerServing.get(Duration.second)[0m
     [36m| [0m[34m|[0m /* 17.595 */    }[0m
     [36m| [0m[34m|[0m /* 17.596 */    let tlsPeer = PublicSilentPeer()[0m
     [36m| [0m[34m|[0m /* 17.597 */    let tlsServing: Future < Unit >= spawn { tlsPeer.serveOne()[0m
     [36m| [0m[34m|[0m /* 17.598 */    }[0m
     [36m| [0m[34m|[0m /* 17.599 */    let tlsFactory = PublicRecordingStdNetFactory()[0m
     [36m| [0m[34m|[0m /* 17.600 */    let tlsHost = HostName("example.com")[0m
     [36m| [0m[34m|[0m /* 17.601 */    let tlsConfig = HttpClientTlsConfig([publicTlsTestCertificateDer()])[0m
     [36m| [0m[34m|[0m /* 17.602 */    let tlsClient = publicInjectedClient(StaticResolver(ResolveResult([tlsPeer.localEndpoint.address], tlsHost, ResolverSource.Static)), tlsFactory, requestTimeout: Some(5 * Duration.second), directTlsHandshaker: Some(tlsConfig.createAlpnHandshaker()))[0m
     [36m| [0m[34m|[0m /* 17.603 */    let tlsHandle = HttpRequestCancellationHandle()[0m
     [36m| [0m[34m|[0m /* 17.604 */    let tlsPending: Future < Bool >= spawn { publicControlledGetWasCancelled(tlsClient, "https://example.com:${tlsPeer.localEndpoint.port}/", tlsHandle)[0m
     [36m| [0m[34m|[0m /* 17.605 */    }[0m
     [36m| [0m[34m|[0m /* 17.606 */    try {[0m
     [36m| [0m[34m|[0m /* 17.607 */        tlsPeer.waitUntilBytesObserved()[0m
     [36m| [0m[34m|[0m /* 17.608 */        expectEqual("tlsFactory.waitForTransport().waitUntilReadActive(Duration.second)", "true", tlsFactory.waitForTransport().waitUntilReadActive(Duration.second), true, isDelta: false)[0m
     [36m| [0m[34m|[0m /* 17.609 */        expectEqual("tlsHandle.cancel()", "true", tlsHandle.cancel(), true, isDelta: false)[0m
     [36m| [0m[34m|[0m /* 17.610 */        expectEqual("tlsPending.get(Duration.second)", "true", tlsPending.get(Duration.second), true, isDelta: false)[0m
     [36m| [0m[34m|[0m /* 17.611 */    } finally {[0m
     [36m| [0m[34m|[0m /* 17.612 */        tlsHandle.cancel()[0m
     [36m| [0m[34m|[0m /* 17.613 */        tlsClient.close()[0m
     [36m| [0m[34m|[0m /* 17.614 */        tlsConfig.close()[0m
     [36m| [0m[34m|[0m /* 17.615 */        tlsPeer.close()[0m
     [36m| [0m[34m|[0m /* 17.616 */        tlsServing.get(Duration.second)[0m
     [36m| [0m[34m|[0m /* 17.617 */    }[0m
     [36m| [0m[34m|[0m /* 17.618 */}[0m
     [36m| [0m[34m|[0m /* 17.619 */[0m
     [36m| [0m[34m|[0m /* 17.620 */@Attribute[TestCase_36][0m
     [36m| [0m[34m|[0m /* 17.621 */func noFollowStalledBodyIsCancelledOnlyByCallerAndNeverVisitsTarget(): Unit {[0m
     [36m| [0m[34m|[0m /* 17.622 */    let handler = PublicStalledRedirectHandler()[0m
     [36m| [0m[34m|[0m /* 17.623 */    let server = HttpServer.builder().listen(publicLoopback(0)).handler(handler).build()[0m
     [36m| [0m[34m|[0m /* 17.624 */    let serving: Future < Unit >= spawn { server.serve()[0m
     [36m| [0m[34m|[0m /* 17.625 */    }[0m
     [36m| [0m[34m|[0m /* 17.626 */    let factory = PublicRecordingStdNetFactory()[0m
     [36m| [0m[34m|[0m /* 17.627 */    let host = HostName("body-stall.test")[0m
     [36m| [0m[34m|[0m /* 17.628 */    let client = publicInjectedClient(StaticResolver(ResolveResult([server.localEndpoint.address], host, ResolverSource.Static)), factory, requestTimeout: Some(5 * Duration.second), redirectPolicy: HttpRedirectPolicy.noFollow())[0m
     [36m| [0m[34m|[0m /* 17.629 */    let handle = HttpRequestCancellationHandle()[0m
     [36m| [0m[34m|[0m /* 17.630 */    var response:?HttpResponse = None < HttpResponse >[0m
     [36m| [0m[34m|[0m /* 17.631 */    try {[0m
     [36m| [0m[34m|[0m /* 17.632 */        let received = client.getControlled("http://body-stall.test:${server.localEndpoint.port}/start", HttpCancellationHandles(request: Some(handle)))[0m
     [36m| [0m[34m|[0m /* 17.633 */        response = Some(received)[0m
     [36m| [0m[34m|[0m /* 17.634 */        expectEqual("received.status", "302", received.status, 302, isDelta: false)[0m
     [36m| [0m[34m|[0m /* 17.635 */        let prefix = Array < Byte >(6, repeat: 0u8)[0m
     [36m| [0m[34m|[0m /* 17.636 */        expectEqual("received.body.read(prefix)", "6", received.body.read(prefix), 6, isDelta: false)[0m
     [36m| [0m[34m|[0m /* 17.637 */        expectEqual("String.fromUtf8(prefix)", "\"prefix\"", String.fromUtf8(prefix), "prefix", isDelta: false)[0m
     [36m| [0m[34m|[0m /* 17.638 */        let blocked: Future < Bool >= spawn { try {[0m
     [36m| [0m[34m|[0m /* 17.639 */            let _ = received.body.read(Array < Byte >(8, repeat: 0u8))[0m
     [36m| [0m[34m|[0m /* 17.640 */            false[0m
     [36m| [0m[34m|[0m /* 17.641 */        } catch(error: NetworkException) {[0m
     [36m| [0m[34m|[0m /* 17.642 */            match(error.category) {[0m
     [36m| [0m[34m|[0m /* 17.643 */                case NetworkErrorCategory.Cancelled => true[0m
     [36m| [0m[34m|[0m /* 17.644 */                case _ => false[0m
     [36m| [0m[34m|[0m /* 17.645 */            }[0m
     [36m| [0m[34m|[0m /* 17.646 */        }[0m
     [36m| [0m[34m|[0m /* 17.647 */    }[0m
     [36m| [0m[34m|[0m /* 17.648 */    expectEqual("factory.waitForTransport().waitUntilReadActive(Duration.second)", "true", factory.waitForTransport().waitUntilReadActive(Duration.second), true, isDelta: false)[0m
     [36m| [0m[34m|[0m /* 17.649 */    expectEqual("handle.cancel()", "true", handle.cancel(), true, isDelta: false)[0m
     [36m| [0m[34m|[0m /* 17.650 */    expectEqual("! handle.cancel()", "true", ! handle.cancel(), true, isDelta: false)[0m
     [36m| [0m[34m|[0m /* 17.651 */    expectEqual("blocked.get(Duration.second)", "true", blocked.get(Duration.second), true, isDelta: false)[0m
     [36m| [0m[34m|[0m /* 17.652 */    received.close()[0m
     [36m| [0m[34m|[0m /* 17.653 */    received.close()[0m
     [36m| [0m[34m|[0m /* 17.654 */    expectEqual("handler.sourceCalls.load()", "1", handler.sourceCalls.load(), 1, isDelta: false)[0m
     [36m| [0m[34m|[0m /* 17.655 */    expectEqual("handler.targetCalls.load()", "0", handler.targetCalls.load(), 0, isDelta: false)[0m
     [36m| [0m[34m|[0m /* 17.656 */} finally {[0m
     [36m| [0m[34m|[0m /* 17.657 */    handle.cancel()[0m
     [36m| [0m[34m|[0m /* 17.658 */    match(response) {[0m
     [36m| [0m[34m|[0m /* 17.659 */        case Some(value) => value.close()[0m
     [36m| [0m[34m|[0m /* 17.660 */        case None =>()[0m
     [36m| [0m[34m|[0m /* 17.661 */    }[0m
     [36m| [0m[34m|[0m /* 17.662 */    handler.release()[0m
     [36m| [0m[34m|[0m /* 17.663 */    client.close()[0m
     [36m| [0m[34m|[0m /* 17.664 */    let _ = server.shutdown(context: OperationContext(deadline: Some(Deadline.after(3 * Duration.second))))[0m
     [36m| [0m[34m|[0m /* 17.665 */    serving.get(3 * Duration.second)[0m
     [36m| [0m[34m|[0m /* 17.666 */}[0m
     [36m| [0m[34m|[0m /* 17.667 */}[0m
     [36m| [0m[34m|[0m /* 17.668 */[0m
     [36m| [0m[34m|[0m /* 17.669 */@Attribute[TestCase_37][0m
     [36m| [0m[34m|[0m /* 17.670 */func oneAbsoluteDeadlineCoversRetriesRedirectsAndEveryBodyRead(): Unit {[0m
     [36m| [0m[34m|[0m /* 17.671 */let handler = PublicDeadlineHandler()[0m
     [36m| [0m[34m|[0m /* 17.672 */let server = HttpServer.builder().listen(publicLoopback(0)).handler(handler).build()[0m
     [36m| [0m[34m|[0m /* 17.673 */handler.setPort(server.localEndpoint.port)[0m
     [36m| [0m[34m|[0m /* 17.674 */let serving: Future < Unit >= spawn { server.serve()[0m
     [36m| [0m[34m|[0m /* 17.675 */}[0m
     [36m| [0m[34m|[0m /* 17.676 */let clock = PublicAdvancingClock()[0m
     [36m| [0m[34m|[0m /* 17.677 */let resolver = PublicAdvancingResolver(server.localEndpoint.address, clock)[0m
     [36m| [0m[34m|[0m /* 17.678 */let client = HttpClient.builder().resolver(resolver).retryPolicy(HttpRetryPolicy(maximumAttempts: 2)).requestTimeout(10 * Duration.second).build()[0m
     [36m| [0m[34m|[0m /* 17.679 */try {[0m
     [36m| [0m[34m|[0m /* 17.680 */    var expiredAcrossHops = false[0m
     [36m| [0m[34m|[0m /* 17.681 */    try {[0m
     [36m| [0m[34m|[0m /* 17.682 */        let parent = OperationContext(deadline: Some(Deadline.after(3 * Duration.second, clock: clock)))[0m
     [36m| [0m[34m|[0m /* 17.683 */        try {[0m
     [36m| [0m[34m|[0m /* 17.684 */            let _ = client.get("http://deadline-source.test:${server.localEndpoint.port}/start", context: parent)[0m
     [36m| [0m[34m|[0m /* 17.685 */        } catch(error: NetworkException) {[0m
     [36m| [0m[34m|[0m /* 17.686 */            expiredAcrossHops = publicIsDeadlineError(error)[0m
     [36m| [0m[34m|[0m /* 17.687 */        }[0m
     [36m| [0m[34m|[0m /* 17.688 */        expectEqual("expiredAcrossHops", "true", expiredAcrossHops, true, isDelta: false)[0m
     [36m| [0m[34m|[0m /* 17.689 */        expectEqual("resolver.calls.load()", "3", resolver.calls.load(), 3, isDelta: false)[0m
     [36m| [0m[34m|[0m /* 17.690 */        expectEqual("handler.sourceCalls.load()", "1", handler.sourceCalls.load(), 1, isDelta: false)[0m
     [36m| [0m[34m|[0m /* 17.691 */        expectEqual("handler.targetCalls.load()", "0", handler.targetCalls.load(), 0, isDelta: false)[0m
     [36m| [0m[34m|[0m /* 17.692 */    } finally {[0m
     [36m| [0m[34m|[0m /* 17.693 */        client.close()[0m
     [36m| [0m[34m|[0m /* 17.694 */    }[0m
     [36m| [0m[34m|[0m /* 17.695 */    for(builderSeconds in[2, 10]) {[0m
     [36m| [0m[34m|[0m /* 17.696 */        let bodyClock = PublicAdvancingClock()[0m
     [36m| [0m[34m|[0m /* 17.697 */        let bodyClient = HttpClient.builder().resolver(StaticResolver(ResolveResult([server.localEndpoint.address], HostName("deadline-body.test"), ResolverSource.Static))).requestTimeout(builderSeconds * Duration.second).build()[0m
     [36m| [0m[34m|[0m /* 17.698 */        var response:?HttpResponse = None < HttpResponse >[0m
     [36m| [0m[34m|[0m /* 17.699 */        try {[0m
     [36m| [0m[34m|[0m /* 17.700 */            let parentSeconds: Int64 = if(builderSeconds == 2) {[0m
     [36m| [0m[34m|[0m /* 17.701 */                10[0m
     [36m| [0m[34m|[0m /* 17.702 */            }[0m
     [36m| [0m[34m|[0m /* 17.703 */            else {[0m
     [36m| [0m[34m|[0m /* 17.704 */                2[0m
     [36m| [0m[34m|[0m /* 17.705 */            }[0m
     [36m| [0m[34m|[0m /* 17.706 */            [0m
     [36m| [0m[34m|[0m /* 17.707 */            let received = bodyClient.get("http://deadline-body.test:${server.localEndpoint.port}/body", context: OperationContext(deadline: Some(Deadline.after(parentSeconds * Duration.second, clock: bodyClock))))[0m
     [36m| [0m[34m|[0m /* 17.708 */            response = Some(received)[0m
     [36m| [0m[34m|[0m /* 17.709 */            expectEqual("received.body.read(Array < Byte >(6, repeat: 0u8))", "6", received.body.read(Array < Byte >(6, repeat: 0u8)), 6, isDelta: false)[0m
     [36m| [0m[34m|[0m /* 17.710 */            bodyClock.advance(2 * Duration.second)[0m
     [36m| [0m[34m|[0m /* 17.711 */            var bodyExpired = false[0m
     [36m| [0m[34m|[0m /* 17.712 */            try {[0m
     [36m| [0m[34m|[0m /* 17.713 */                let _ = received.body.read(Array < Byte >(7, repeat: 0u8))[0m
     [36m| [0m[34m|[0m /* 17.714 */            } catch(error: NetworkException) {[0m
     [36m| [0m[34m|[0m /* 17.715 */                bodyExpired = publicIsDeadlineError(error)[0m
     [36m| [0m[34m|[0m /* 17.716 */            }[0m
     [36m| [0m[34m|[0m /* 17.717 */            expectEqual("bodyExpired", "true", bodyExpired, true, isDelta: false)[0m
     [36m| [0m[34m|[0m /* 17.718 */        } finally {[0m
     [36m| [0m[34m|[0m /* 17.719 */            match(response) {[0m
     [36m| [0m[34m|[0m /* 17.720 */                case Some(value) => value.close()[0m
     [36m| [0m[34m|[0m /* 17.721 */                case None =>()[0m
     [36m| [0m[34m|[0m /* 17.722 */            }[0m
     [36m| [0m[34m|[0m /* 17.723 */            bodyClient.close()[0m
     [36m| [0m[34m|[0m /* 17.724 */        }[0m
     [36m| [0m[34m|[0m /* 17.725 */    }[0m
     [36m| [0m[34m|[0m /* 17.726 */    let noNetworkResolver = RejectingPublicResolver()[0m
     [36m| [0m[34m|[0m /* 17.727 */    var zeroRejected = false[0m
     [36m| [0m[34m|[0m /* 17.728 */    try {[0m
     [36m| [0m[34m|[0m /* 17.729 */        let _ = HttpClient.builder().resolver(noNetworkResolver).requestTimeout(Duration.Zero)[0m
     [36m| [0m[34m|[0m /* 17.730 */    } catch(_: IllegalArgumentException) {[0m
     [36m| [0m[34m|[0m /* 17.731 */        zeroRejected = true[0m
     [36m| [0m[34m|[0m /* 17.732 */    }[0m
     [36m| [0m[34m|[0m /* 17.733 */    var negativeRejected = false[0m
     [36m| [0m[34m|[0m /* 17.734 */    try {[0m
     [36m| [0m[34m|[0m /* 17.735 */        let _ = HttpClient.builder().resolver(noNetworkResolver).requestTimeout(Duration.Zero - Duration.nanosecond)[0m
     [36m| [0m[34m|[0m /* 17.736 */    } catch(_: IllegalArgumentException) {[0m
     [36m| [0m[34m|[0m /* 17.737 */        negativeRejected = true[0m
     [36m| [0m[34m|[0m /* 17.738 */    }[0m
     [36m| [0m[34m|[0m /* 17.739 */    expectEqual("zeroRejected", "true", zeroRejected, true, isDelta: false)[0m
     [36m| [0m[34m|[0m /* 17.740 */    expectEqual("negativeRejected", "true", negativeRejected, true, isDelta: false)[0m
     [36m| [0m[34m|[0m /* 17.741 */    expectEqual("noNetworkResolver.calls.load()", "0", noNetworkResolver.calls.load(), 0, isDelta: false)[0m
     [36m| [0m[34m|[0m /* 17.742 */} finally {[0m
     [36m| [0m[34m|[0m /* 17.743 */    let _ = server.shutdown(context: OperationContext(deadline: Some(Deadline.after(3 * Duration.second))))[0m
     [36m| [0m[34m|[0m /* 17.744 */    serving.get(3 * Duration.second)[0m
     [36m| [0m[34m|[0m /* 17.745 */}[0m
     [36m| [0m[34m|[0m /* 17.746 */}[0m
     [36m| [0m[34m|[0m /* 17.747 */[0m
     [36m| [0m[34m|[0m /* 17.748 */@Attribute[TestCase_38][0m
     [36m| [0m[34m|[0m /* 17.749 */func tlsDefaultsIdentityAndMutualAuthenticationFailClosedWithoutLeakingSentinels(): Unit {[0m
     [36m| [0m[34m|[0m /* 17.750 */let certificate = publicTlsTestCertificateDer()[0m
     [36m| [0m[34m|[0m /* 17.751 */let privateKey = publicTlsTestPrivateKeyDer()[0m
     [36m| [0m[34m|[0m /* 17.752 */let ordinaryServerTls = HttpServerTlsConfig([certificate], privateKey)[0m
     [36m| [0m[34m|[0m /* 17.753 */let ordinaryHandler = PublicCountingHandler()[0m
     [36m| [0m[34m|[0m /* 17.754 */let ordinaryServer = HttpServer.builder().listen(publicLoopback(0)).handler(ordinaryHandler).tls(ordinaryServerTls).build()[0m
     [36m| [0m[34m|[0m /* 17.755 */let ordinaryServing: Future < Unit >= spawn { ordinaryServer.serve()[0m
     [36m| [0m[34m|[0m /* 17.756 */}[0m
     [36m| [0m[34m|[0m /* 17.757 */let resolver = StaticResolver(ResolveResult([ordinaryServer.localEndpoint.address], HostName("example.com"), ResolverSource.Static))[0m
     [36m| [0m[34m|[0m /* 17.758 */let authSentinel = "WIRESTACK_SECRET_AUTH_9f18"[0m
     [36m| [0m[34m|[0m /* 17.759 */let bodySentinel = "WIRESTACK_SECRET_BODY_62cc"[0m
     [36m| [0m[34m|[0m /* 17.760 */try {[0m
     [36m| [0m[34m|[0m /* 17.761 */    let request = HttpRequest(HttpMethod("POST"), HttpUrl.parse("https://example.com:${ordinaryServer.localEndpoint.port}/secure"), headers: HttpHeaders.builder().add("Authorization", authSentinel).build(), body: RequestBody.string(bodySentinel))[0m
     [36m| [0m[34m|[0m /* 17.762 */    let defaultClient = HttpClient.builder().resolver(resolver).requestTimeout(3 * Duration.second).build()[0m
     [36m| [0m[34m|[0m /* 17.763 */    var untrusted = false[0m
     [36m| [0m[34m|[0m /* 17.764 */    try {[0m
     [36m| [0m[34m|[0m /* 17.765 */        let _ = defaultClient.send(request)[0m
     [36m| [0m[34m|[0m /* 17.766 */    } catch(error: tlstest.TlsEngineException) {[0m
     [36m| [0m[34m|[0m /* 17.767 */        untrusted = match(error.tlsCode) {[0m
     [36m| [0m[34m|[0m /* 17.768 */            case tlstest.TlsEngineErrorCode.CertificateUntrusted => publicTlsFailureIsSafe(error, authSentinel) && publicTlsFailureIsSafe(error, bodySentinel)[0m
     [36m| [0m[34m|[0m /* 17.769 */            case _ => false[0m
     [36m| [0m[34m|[0m /* 17.770 */        }[0m
     [36m| [0m[34m|[0m /* 17.771 */    }[0m
     [36m| [0m[34m|[0m /* 17.772 */    finally {[0m
     [36m| [0m[34m|[0m /* 17.773 */        defaultClient.close()[0m
     [36m| [0m[34m|[0m /* 17.774 */    }[0m
     [36m| [0m[34m|[0m /* 17.775 */    expectEqual("untrusted", "true", untrusted, true, isDelta: false)[0m
     [36m| [0m[34m|[0m /* 17.776 */    expectEqual("ordinaryHandler.calls.load()", "0", ordinaryHandler.calls.load(), 0, isDelta: false)[0m
     [36m| [0m[34m|[0m /* 17.777 */    let wrongTls = HttpClientTlsConfig([certificate])[0m
     [36m| [0m[34m|[0m /* 17.778 */    let wrongClient = HttpClient.builder().resolver(StaticResolver(ResolveResult([ordinaryServer.localEndpoint.address], HostName("wrong.example"), ResolverSource.Static))).tls(wrongTls).requestTimeout(3 * Duration.second).build()[0m
     [36m| [0m[34m|[0m /* 17.779 */    var identityMismatch = false[0m
     [36m| [0m[34m|[0m /* 17.780 */    try {[0m
     [36m| [0m[34m|[0m /* 17.781 */        let wrongRequest = HttpRequest(HttpMethod("POST"), HttpUrl.parse("https://wrong.example:${ordinaryServer.localEndpoint.port}/secure"), headers: HttpHeaders.builder().add("Authorization", authSentinel).build(), body: RequestBody.string(bodySentinel))[0m
     [36m| [0m[34m|[0m /* 17.782 */        let _ = wrongClient.send(wrongRequest)[0m
     [36m| [0m[34m|[0m /* 17.783 */    } catch(error: tlstest.TlsEngineException) {[0m
     [36m| [0m[34m|[0m /* 17.784 */        identityMismatch = match(error.tlsCode) {[0m
     [36m| [0m[34m|[0m /* 17.785 */            case tlstest.TlsEngineErrorCode.IdentityMismatch => publicTlsFailureIsSafe(error, authSentinel) && publicTlsFailureIsSafe(error, bodySentinel)[0m
     [36m| [0m[34m|[0m /* 17.786 */            case _ => false[0m
     [36m| [0m[34m|[0m /* 17.787 */        }[0m
     [36m| [0m[34m|[0m /* 17.788 */    }[0m
     [36m| [0m[34m|[0m /* 17.789 */    finally {[0m
     [36m| [0m[34m|[0m /* 17.790 */        wrongClient.close()[0m
     [36m| [0m[34m|[0m /* 17.791 */        wrongTls.close()[0m
     [36m| [0m[34m|[0m /* 17.792 */    }[0m
     [36m| [0m[34m|[0m /* 17.793 */    expectEqual("identityMismatch", "true", identityMismatch, true, isDelta: false)[0m
     [36m| [0m[34m|[0m /* 17.794 */    expectEqual("ordinaryHandler.calls.load()", "0", ordinaryHandler.calls.load(), 0, isDelta: false)[0m
     [36m| [0m[34m|[0m /* 17.795 */} finally {[0m
     [36m| [0m[34m|[0m /* 17.796 */    let _ = ordinaryServer.shutdown(context: OperationContext(deadline: Some(Deadline.after(3 * Duration.second))))[0m
     [36m| [0m[34m|[0m /* 17.797 */    ordinaryServing.get(3 * Duration.second)[0m
     [36m| [0m[34m|[0m /* 17.798 */    ordinaryServerTls.close()[0m
     [36m| [0m[34m|[0m /* 17.799 */}[0m
     [36m| [0m[34m|[0m /* 17.800 */let requiredServerTls = HttpServerTlsConfig([certificate], privateKey, clientAuthentication: HttpServerClientAuthentication.Required, clientTrustRootsDer:[certificate])[0m
     [36m| [0m[34m|[0m /* 17.801 */let requiredHandler = PublicCountingHandler()[0m
     [36m| [0m[34m|[0m /* 17.802 */let requiredServer = HttpServer.builder().listen(publicLoopback(0)).handler(requiredHandler).tls(requiredServerTls).build()[0m
     [36m| [0m[34m|[0m /* 17.803 */let requiredServing: Future < Unit >= spawn { requiredServer.serve()[0m
     [36m| [0m[34m|[0m /* 17.804 */}[0m
     [36m| [0m[34m|[0m /* 17.805 */try {[0m
     [36m| [0m[34m|[0m /* 17.806 */    let requiredResolver = StaticResolver(ResolveResult([requiredServer.localEndpoint.address], HostName("example.com"), ResolverSource.Static))[0m
     [36m| [0m[34m|[0m /* 17.807 */    let mutualTls = HttpClientTlsConfig([certificate], clientCertificateChainDer:[certificate], clientPrivateKeyPkcs8Der: privateKey)[0m
     [36m| [0m[34m|[0m /* 17.808 */    let mutualClient = HttpClient.builder().resolver(requiredResolver).tls(mutualTls).requestTimeout(3 * Duration.second).build()[0m
     [36m| [0m[34m|[0m /* 17.809 */    try {[0m
     [36m| [0m[34m|[0m /* 17.810 */        let response = mutualClient.get("https://example.com:${requiredServer.localEndpoint.port}/secure")[0m
     [36m| [0m[34m|[0m /* 17.811 */        expectEqual("response.status", "204", response.status, 204, isDelta: false)[0m
     [36m| [0m[34m|[0m /* 17.812 */        response.close()[0m
     [36m| [0m[34m|[0m /* 17.813 */        expectEqual("requiredHandler.calls.load()", "1", requiredHandler.calls.load(), 1, isDelta: false)[0m
     [36m| [0m[34m|[0m /* 17.814 */    } finally {[0m
     [36m| [0m[34m|[0m /* 17.815 */        mutualClient.close()[0m
     [36m| [0m[34m|[0m /* 17.816 */        mutualTls.close()[0m
     [36m| [0m[34m|[0m /* 17.817 */    }[0m
     [36m| [0m[34m|[0m /* 17.818 */    let noIdentityTls = HttpClientTlsConfig([certificate])[0m
     [36m| [0m[34m|[0m /* 17.819 */    let noIdentityClient = HttpClient.builder().resolver(requiredResolver).tls(noIdentityTls).requestTimeout(3 * Duration.second).build()[0m
     [36m| [0m[34m|[0m /* 17.820 */    var missingIdentityRejected = false[0m
     [36m| [0m[34m|[0m /* 17.821 */    try {[0m
     [36m| [0m[34m|[0m /* 17.822 */        let noIdentityRequest = HttpRequest(HttpMethod("POST"), HttpUrl.parse("https://example.com:${requiredServer.localEndpoint.port}/secure"), headers: HttpHeaders.builder().add("Authorization", authSentinel).build(), body: RequestBody.string(bodySentinel))[0m
     [36m| [0m[34m|[0m /* 17.823 */        let _ = noIdentityClient.send(noIdentityRequest)[0m
     [36m| [0m[34m|[0m /* 17.824 */    } catch(error: tlstest.TlsEngineException) {[0m
     [36m| [0m[34m|[0m /* 17.825 */        missingIdentityRejected = ! publicTlsIsTimeout(error) && publicTlsFailureIsSafe(error, authSentinel) && publicTlsFailureIsSafe(error, bodySentinel)[0m
     [36m| [0m[34m|[0m /* 17.826 */    }[0m
     [36m| [0m[34m|[0m /* 17.827 */    catch(error: NetworkException) {[0m
     [36m| [0m[34m|[0m /* 17.828 */        let publicFailure = describePublicHttpFailure(error)[0m
     [36m| [0m[34m|[0m /* 17.829 */        missingIdentityRejected = ! publicIsDeadlineError(error) && ! publicFailure.contains(authSentinel) && ! publicFailure.contains(bodySentinel)[0m
     [36m| [0m[34m|[0m /* 17.830 */    }[0m
     [36m| [0m[34m|[0m /* 17.831 */    finally {[0m
     [36m| [0m[34m|[0m /* 17.832 */        noIdentityClient.close()[0m
     [36m| [0m[34m|[0m /* 17.833 */        noIdentityTls.close()[0m
     [36m| [0m[34m|[0m /* 17.834 */    }[0m
     [36m| [0m[34m|[0m /* 17.835 */    expectEqual("missingIdentityRejected", "true", missingIdentityRejected, true, isDelta: false)[0m
     [36m| [0m[34m|[0m /* 17.836 */    expectEqual("requiredHandler.calls.load()", "1", requiredHandler.calls.load(), 1, isDelta: false)[0m
     [36m| [0m[34m|[0m /* 17.837 */} finally {[0m
     [36m| [0m[34m|[0m /* 17.838 */    let _ = requiredServer.shutdown(context: OperationContext(deadline: Some(Deadline.after(3 * Duration.second))))[0m
     [36m| [0m[34m|[0m /* 17.839 */    requiredServing.get(3 * Duration.second)[0m
     [36m| [0m[34m|[0m /* 17.840 */    requiredServerTls.close()[0m
     [36m| [0m[34m|[0m /* 17.841 */}[0m
     [36m| [0m[34m|[0m /* 17.842 */}[0m
     [36m| [0m[34m|[0m /* 17.843 */[0m
     [36m| [0m[34m|[0m /* 17.844 */@Attribute[TestCase_39][0m
     [36m| [0m[34m|[0m /* 17.845 */func retryAttemptsArePerRedirectHopAndNoFollowNeverConsumesTargetBudget(): Unit {[0m
     [36m| [0m[34m|[0m /* 17.846 */let targetHandler = PublicCountingHandler()[0m
     [36m| [0m[34m|[0m /* 17.847 */let targetServer = HttpServer.builder().listen(publicLoopback(0)).handler(targetHandler).build()[0m
     [36m| [0m[34m|[0m /* 17.848 */let targetServing: Future < Unit >= spawn { targetServer.serve()[0m
     [36m| [0m[34m|[0m /* 17.849 */}[0m
     [36m| [0m[34m|[0m /* 17.850 */let sourceHandler = PublicCrossOriginRedirectHandler("http://retry-target.test:${targetServer.localEndpoint.port}/secure")[0m
     [36m| [0m[34m|[0m /* 17.851 */let sourceServer = HttpServer.builder().listen(publicLoopback(0)).handler(sourceHandler).build()[0m
     [36m| [0m[34m|[0m /* 17.852 */let sourceServing: Future < Unit >= spawn { sourceServer.serve()[0m
     [36m| [0m[34m|[0m /* 17.853 */}[0m
     [36m| [0m[34m|[0m /* 17.854 */try {[0m
     [36m| [0m[34m|[0m /* 17.855 */    let resolver = PublicSameAddressResolver(sourceServer.localEndpoint.address)[0m
     [36m| [0m[34m|[0m /* 17.856 */    let follow = HttpClient.builder().resolver(resolver).retryPolicy(HttpRetryPolicy(maximumAttempts: 1)).requestTimeout(3 * Duration.second).build()[0m
     [36m| [0m[34m|[0m /* 17.857 */    try {[0m
     [36m| [0m[34m|[0m /* 17.858 */        let response = follow.get("http://retry-source.test:${sourceServer.localEndpoint.port}/start")[0m
     [36m| [0m[34m|[0m /* 17.859 */        expectEqual("response.status", "204", response.status, 204, isDelta: false)[0m
     [36m| [0m[34m|[0m /* 17.860 */        response.close()[0m
     [36m| [0m[34m|[0m /* 17.861 */        expectEqual("sourceHandler.calls.load()", "1", sourceHandler.calls.load(), 1, isDelta: false)[0m
     [36m| [0m[34m|[0m /* 17.862 */        expectEqual("targetHandler.calls.load()", "1", targetHandler.calls.load(), 1, isDelta: false)[0m
     [36m| [0m[34m|[0m /* 17.863 */    } finally {[0m
     [36m| [0m[34m|[0m /* 17.864 */        follow.close()[0m
     [36m| [0m[34m|[0m /* 17.865 */    }[0m
     [36m| [0m[34m|[0m /* 17.866 */    let noFollow = HttpClient.builder().resolver(resolver).redirectPolicy(HttpRedirectPolicy.noFollow()).retryPolicy(HttpRetryPolicy(maximumAttempts: 1)).requestTimeout(3 * Duration.second).build()[0m
     [36m| [0m[34m|[0m /* 17.867 */    try {[0m
     [36m| [0m[34m|[0m /* 17.868 */        let response = noFollow.get("http://retry-source.test:${sourceServer.localEndpoint.port}/start")[0m
     [36m| [0m[34m|[0m /* 17.869 */        expectEqual("response.status", "302", response.status, 302, isDelta: false)[0m
     [36m| [0m[34m|[0m /* 17.870 */        response.close()[0m
     [36m| [0m[34m|[0m /* 17.871 */        expectEqual("sourceHandler.calls.load()", "2", sourceHandler.calls.load(), 2, isDelta: false)[0m
     [36m| [0m[34m|[0m /* 17.872 */        expectEqual("targetHandler.calls.load()", "1", targetHandler.calls.load(), 1, isDelta: false)[0m
     [36m| [0m[34m|[0m /* 17.873 */    } finally {[0m
     [36m| [0m[34m|[0m /* 17.874 */        noFollow.close()[0m
     [36m| [0m[34m|[0m /* 17.875 */    }[0m
     [36m| [0m[34m|[0m /* 17.876 */    let flaky = FlakyPublicResolver(ResolveResult([sourceServer.localEndpoint.address], HostName("retry-one.test"), ResolverSource.Static))[0m
     [36m| [0m[34m|[0m /* 17.877 */    let singleAttempt = HttpClient.builder().resolver(flaky).retryPolicy(HttpRetryPolicy(maximumAttempts: 1)).requestTimeout(3 * Duration.second).build()[0m
     [36m| [0m[34m|[0m /* 17.878 */    var temporaryStopped = false[0m
     [36m| [0m[34m|[0m /* 17.879 */    try {[0m
     [36m| [0m[34m|[0m /* 17.880 */        let _ = singleAttempt.get("http://retry-one.test:${sourceServer.localEndpoint.port}/start")[0m
     [36m| [0m[34m|[0m /* 17.881 */    } catch(error: ResolveException) {[0m
     [36m| [0m[34m|[0m /* 17.882 */        temporaryStopped = match(error.code) {[0m
     [36m| [0m[34m|[0m /* 17.883 */            case ResolveErrorCode.TemporaryFailure => true[0m
     [36m| [0m[34m|[0m /* 17.884 */            case _ => false[0m
     [36m| [0m[34m|[0m /* 17.885 */        }[0m
     [36m| [0m[34m|[0m /* 17.886 */    }[0m
     [36m| [0m[34m|[0m /* 17.887 */    finally {[0m
     [36m| [0m[34m|[0m /* 17.888 */        singleAttempt.close()[0m
     [36m| [0m[34m|[0m /* 17.889 */    }[0m
     [36m| [0m[34m|[0m /* 17.890 */    expectEqual("temporaryStopped", "true", temporaryStopped, true, isDelta: false)[0m
     [36m| [0m[34m|[0m /* 17.891 */    expectEqual("flaky.calls.load()", "1", flaky.calls.load(), 1, isDelta: false)[0m
     [36m| [0m[34m|[0m /* 17.892 */    let refusedFactory = PublicRecordingStdNetFactory()[0m
     [36m| [0m[34m|[0m /* 17.893 */    let closedListener = stdnettest.StdNetTransportListener.bind(publicLoopback(0))[0m
     [36m| [0m[34m|[0m /* 17.894 */    let refusedEndpoint = closedListener.localEndpoint[0m
     [36m| [0m[34m|[0m /* 17.895 */    closedListener.close()[0m
     [36m| [0m[34m|[0m /* 17.896 */    let refusedClient = publicInjectedClient(StaticResolver(ResolveResult([refusedEndpoint.address], HostName("single-connect.test"), ResolverSource.Static)), refusedFactory, requestTimeout: Some(Duration.second), retryPolicy: HttpRetryPolicy(maximumAttempts: 2))[0m
     [36m| [0m[34m|[0m /* 17.897 */    let refusedEvents = PublicConnectAttemptSink()[0m
     [36m| [0m[34m|[0m /* 17.898 */    var refused = false[0m
     [36m| [0m[34m|[0m /* 17.899 */    try {[0m
     [36m| [0m[34m|[0m /* 17.900 */        let _ = refusedClient.get("http://single-connect.test:${refusedEndpoint.port}/", context: OperationContext(eventSink: Some < NetworkEventSink >(refusedEvents)))[0m
     [36m| [0m[34m|[0m /* 17.901 */    } catch(_: NetworkException) {[0m
     [36m| [0m[34m|[0m /* 17.902 */        refused = true[0m
     [36m| [0m[34m|[0m /* 17.903 */    }[0m
     [36m| [0m[34m|[0m /* 17.904 */    finally {[0m
     [36m| [0m[34m|[0m /* 17.905 */        refusedClient.close()[0m
     [36m| [0m[34m|[0m /* 17.906 */    }[0m
     [36m| [0m[34m|[0m /* 17.907 */    expectEqual("refused", "true", refused, true, isDelta: false)[0m
     [36m| [0m[34m|[0m /* 17.908 */    expectEqual("refusedFactory.connects.load()", "1", refusedFactory.connects.load(), 1, isDelta: false)[0m
     [36m| [0m[34m|[0m /* 17.909 */    expectEqual("refusedEvents.started.load()", "1", refusedEvents.started.load(), 1, isDelta: false)[0m
     [36m| [0m[34m|[0m /* 17.910 */} finally {[0m
     [36m| [0m[34m|[0m /* 17.911 */    let _ = sourceServer.shutdown(context: OperationContext(deadline: Some(Deadline.after(3 * Duration.second))))[0m
     [36m| [0m[34m|[0m /* 17.912 */    sourceServing.get(3 * Duration.second)[0m
     [36m| [0m[34m|[0m /* 17.913 */    let _ = targetServer.shutdown(context: OperationContext(deadline: Some(Deadline.after(3 * Duration.second))))[0m
     [36m| [0m[34m|[0m /* 17.914 */    targetServing.get(3 * Duration.second)[0m
     [36m| [0m[34m|[0m /* 17.915 */}[0m
     [36m| [0m[34m|[0m /* 17.916 */}[0m
     [36m| [0m[34m|[0m /* 17.917 */[0m
     [36m| [0m[34m|[0m /* 17.918 */@Attribute[TestCase_40][0m
     [36m| [0m[34m|[0m /* 17.919 */func afterHookFailureClosesReturnedBodiesForHttp1AndHttp2WithoutLeakingSentinel(): Unit {[0m
     [36m| [0m[34m|[0m /* 17.920 */let sentinel = "WIRESTACK_AFTER_SECRET_12a7"[0m
     [36m| [0m[34m|[0m /* 17.921 */let h1Handler = PublicTrackedResponseHandler()[0m
     [36m| [0m[34m|[0m /* 17.922 */let h1Server = HttpServer.builder().listen(publicLoopback(0)).handler(h1Handler).serviceHook(PublicThrowingAfterHook(sentinel)).build()[0m
     [36m| [0m[34m|[0m /* 17.923 */let h1Serving: Future < Unit >= spawn { h1Server.serve()[0m
     [36m| [0m[34m|[0m /* 17.924 */}[0m
     [36m| [0m[34m|[0m /* 17.925 */let h1Client = HttpClient.builder().resolver(StaticResolver(ResolveResult([h1Server.localEndpoint.address], HostName("hook-h1.test"), ResolverSource.Static))).requestTimeout(3 * Duration.second).build()[0m
     [36m| [0m[34m|[0m /* 17.926 */try {[0m
     [36m| [0m[34m|[0m /* 17.927 */    let response = h1Client.get("http://hook-h1.test:${h1Server.localEndpoint.port}/hook")[0m
     [36m| [0m[34m|[0m /* 17.928 */    expectEqual("response.status", "500", response.status, 500, isDelta: false)[0m
     [36m| [0m[34m|[0m /* 17.929 */    expectEqual("! response.reason.contains(sentinel)", "true", ! response.reason.contains(sentinel), true, isDelta: false)[0m
     [36m| [0m[34m|[0m /* 17.930 */    response.close()[0m
     [36m| [0m[34m|[0m /* 17.931 */    expectEqual("h1Handler.closed.load()", "1", h1Handler.closed.load(), 1, isDelta: false)[0m
     [36m| [0m[34m|[0m /* 17.932 */} finally {[0m
     [36m| [0m[34m|[0m /* 17.933 */    h1Client.close()[0m
     [36m| [0m[34m|[0m /* 17.934 */    let _ = h1Server.shutdown(context: OperationContext(deadline: Some(Deadline.after(3 * Duration.second))))[0m
     [36m| [0m[34m|[0m /* 17.935 */    h1Serving.get(3 * Duration.second)[0m
     [36m| [0m[34m|[0m /* 17.936 */}[0m
     [36m| [0m[34m|[0m /* 17.937 */let certificate = publicTlsTestCertificateDer()[0m
     [36m| [0m[34m|[0m /* 17.938 */let serverTls = HttpServerTlsConfig([certificate], publicTlsTestPrivateKeyDer())[0m
     [36m| [0m[34m|[0m /* 17.939 */let clientTls = HttpClientTlsConfig([certificate])[0m
     [36m| [0m[34m|[0m /* 17.940 */let h2Handler = PublicTrackedResponseHandler()[0m
     [36m| [0m[34m|[0m /* 17.941 */let h2Server = HttpServer.builder().listen(publicLoopback(0)).handler(h2Handler).serviceHook(PublicThrowingAfterHook(sentinel)).tls(serverTls).build()[0m
     [36m| [0m[34m|[0m /* 17.942 */let h2Serving: Future < Unit >= spawn { h2Server.serve()[0m
     [36m| [0m[34m|[0m /* 17.943 */}[0m
     [36m| [0m[34m|[0m /* 17.944 */let h2Client = HttpClient.builder().resolver(StaticResolver(ResolveResult([h2Server.localEndpoint.address], HostName("example.com"), ResolverSource.Static))).tls(clientTls).requestTimeout(3 * Duration.second).build()[0m
     [36m| [0m[34m|[0m /* 17.945 */var resetWithoutSentinel = false[0m
     [36m| [0m[34m|[0m /* 17.946 */try {[0m
     [36m| [0m[34m|[0m /* 17.947 */    let _ = h2Client.get("https://example.com:${h2Server.localEndpoint.port}/hook")[0m
     [36m| [0m[34m|[0m /* 17.948 */} catch(error: HttpException) {[0m
     [36m| [0m[34m|[0m /* 17.949 */    resetWithoutSentinel = match(error.code) {[0m
     [36m| [0m[34m|[0m /* 17.950 */        case HttpErrorCode.StreamReset => ! describePublicHttpFailure(error).contains(sentinel)[0m
     [36m| [0m[34m|[0m /* 17.951 */        case _ => false[0m
     [36m| [0m[34m|[0m /* 17.952 */    }[0m
     [36m| [0m[34m|[0m /* 17.953 */}[0m
     [36m| [0m[34m|[0m /* 17.954 */finally {[0m
     [36m| [0m[34m|[0m /* 17.955 */    h2Client.close()[0m
     [36m| [0m[34m|[0m /* 17.956 */    clientTls.close()[0m
     [36m| [0m[34m|[0m /* 17.957 */    let _ = h2Server.shutdown(context: OperationContext(deadline: Some(Deadline.after(3 * Duration.second))))[0m
     [36m| [0m[34m|[0m /* 17.958 */    h2Serving.get(3 * Duration.second)[0m
     [36m| [0m[34m|[0m /* 17.959 */    serverTls.close()[0m
     [36m| [0m[34m|[0m /* 17.960 */}[0m
     [36m| [0m[34m|[0m /* 17.961 */expectEqual("resetWithoutSentinel", "true", resetWithoutSentinel, true, isDelta: false)[0m
     [36m| [0m[34m|[0m /* 17.962 */expectEqual("h2Handler.closed.load()", "1", h2Handler.closed.load(), 1, isDelta: false)[0m
     [36m| [0m[34m|[0m /* 17.963 */}[0m
     [36m| [0m[34m|[0m /* 17.964 */[0m
     [36m| [0m[34m|[0m /* 17.965 */@Attribute[TestCase_41][0m
     [36m| [0m[34m|[0m /* 17.966 */func publicServerShutdownConvergesAfterGracefulForcedCancelledAndRepeatedRequests(): Unit {[0m
     [36m| [0m[34m|[0m /* 17.967 */let graceful = HttpServer.builder().listen(publicLoopback(0)).handler(PublicCountingHandler()).build()[0m
     [36m| [0m[34m|[0m /* 17.968 */let gracefulServing: Future < Unit >= spawn { graceful.serve()[0m
     [36m| [0m[34m|[0m /* 17.969 */}[0m
     [36m| [0m[34m|[0m /* 17.970 */let gracefulClient = HttpClient.builder().resolver(StaticResolver(ResolveResult([graceful.localEndpoint.address], HostName("graceful.test"), ResolverSource.Static))).requestTimeout(3 * Duration.second).build()[0m
     [36m| [0m[34m|[0m /* 17.971 */let response = gracefulClient.get("http://graceful.test:${graceful.localEndpoint.port}/secure")[0m
     [36m| [0m[34m|[0m /* 17.972 */response.close()[0m
     [36m| [0m[34m|[0m /* 17.973 */gracefulClient.close()[0m
     [36m| [0m[34m|[0m /* 17.974 */let gracefulResult = graceful.shutdown(context: OperationContext(deadline: Some(Deadline.after(3 * Duration.second))))[0m
     [36m| [0m[34m|[0m /* 17.975 */expectEqual("gracefulResult.activeAtReturn", "0", gracefulResult.activeAtReturn, 0, isDelta: false)[0m
     [36m| [0m[34m|[0m /* 17.976 */gracefulServing.get(3 * Duration.second)[0m
     [36m| [0m[34m|[0m /* 17.977 */graceful.close()[0m
     [36m| [0m[34m|[0m /* 17.978 */graceful.close()[0m
     [36m| [0m[34m|[0m /* 17.979 */let repeated = graceful.shutdown(context: OperationContext(deadline: Some(Deadline.after(Duration.second))))[0m
     [36m| [0m[34m|[0m /* 17.980 */expectEqual("repeated.activeAtReturn", "0", repeated.activeAtReturn, 0, isDelta: false)[0m
     [36m| [0m[34m|[0m /* 17.981 */publicRunForcedShutdown(false)[0m
     [36m| [0m[34m|[0m /* 17.982 */publicRunForcedShutdown(true)[0m
     [36m| [0m[34m|[0m /* 17.983 */let cancelledHandler = PublicBlockingLifecycleHandler()[0m
     [36m| [0m[34m|[0m /* 17.984 */let cancelledServer = HttpServer.builder().listen(publicLoopback(0)).handler(cancelledHandler).build()[0m
     [36m| [0m[34m|[0m /* 17.985 */let cancelledServing: Future < Unit >= spawn { cancelledServer.serve()[0m
     [36m| [0m[34m|[0m /* 17.986 */}[0m
     [36m| [0m[34m|[0m /* 17.987 */let cancelledClient = HttpClient.builder().resolver(StaticResolver(ResolveResult([cancelledServer.localEndpoint.address], HostName("cancel-shutdown.test"), ResolverSource.Static))).requestTimeout(3 * Duration.second).build()[0m
     [36m| [0m[34m|[0m /* 17.988 */let cancelledRequest: Future < Unit >= spawn { try {[0m
     [36m| [0m[34m|[0m /* 17.989 */    let value = cancelledClient.get("http://cancel-shutdown.test:${cancelledServer.localEndpoint.port}/block")[0m
     [36m| [0m[34m|[0m /* 17.990 */    value.close()[0m
     [36m| [0m[34m|[0m /* 17.991 */} catch(_: Exception) {[0m
     [36m| [0m[34m|[0m /* 17.992 */}[0m
     [36m| [0m[34m|[0m /* 17.993 */}[0m
     [36m| [0m[34m|[0m /* 17.994 */cancelledHandler.waitUntilEntered()[0m
     [36m| [0m[34m|[0m /* 17.995 */let shutdownCancellation = CancellationSource()[0m
     [36m| [0m[34m|[0m /* 17.996 */shutdownCancellation.cancel()[0m
     [36m| [0m[34m|[0m /* 17.997 */let cancelledResult = cancelledServer.shutdown(context: OperationContext(cancellation: shutdownCancellation.token))[0m
     [36m| [0m[34m|[0m /* 17.998 */cancelledHandler.release()[0m
     [36m| [0m[34m|[0m /* 17.999 */cancelledRequest.get(Duration.second)[0m
     [36m| [0m[34m|[0m /* 17.1000 */let cancelledDrained = cancelledServer.shutdown(context: OperationContext(deadline: Some(Deadline.after(3 * Duration.second))))[0m
     [36m| [0m[34m|[0m /* 17.1001 */expectEqual("cancelledResult.activeAtReturn >= cancelledDrained.activeAtReturn", "true", cancelledResult.activeAtReturn >= cancelledDrained.activeAtReturn, true, isDelta: false)[0m
     [36m| [0m[34m|[0m /* 17.1002 */expectEqual("cancelledDrained.activeAtReturn", "0", cancelledDrained.activeAtReturn, 0, isDelta: false)[0m
     [36m| [0m[34m|[0m /* 17.1003 */cancelledServing.get(3 * Duration.second)[0m
     [36m| [0m[34m|[0m /* 17.1004 */cancelledClient.close()[0m
     [36m| [0m[34m|[0m /* 17.1005 */}[0m
     [36m| [0m[34m|[0m /* 17.1006 */[0m
     [36m| [0m[34m|[0m /* 17.1007 */@Attribute[TestCase_42][0m
     [36m| [0m[34m|[0m /* 17.1008 */func shutdownClosesLateAcceptedTransportAndSuccessfulConnectTunnel(): Unit {[0m
     [36m| [0m[34m|[0m /* 17.1009 */let late = PublicLateAcceptFixture()[0m
     [36m| [0m[34m|[0m /* 17.1010 */let lateServing: Future < Unit >= spawn { late.server.serve()[0m
     [36m| [0m[34m|[0m /* 17.1011 */}[0m
     [36m| [0m[34m|[0m /* 17.1012 */try {[0m
     [36m| [0m[34m|[0m /* 17.1013 */late.listener.waitUntilAccepting()[0m
     [36m| [0m[34m|[0m /* 17.1014 */let lateShutdown: Future < HttpServerShutdownResult >= spawn { late.server.shutdown(context: OperationContext(deadline: Some(Deadline.after(3 * Duration.second))))[0m
     [36m| [0m[34m|[0m /* 17.1015 */}[0m
     [36m| [0m[34m|[0m /* 17.1016 */late.listener.waitUntilClosed()[0m
     [36m| [0m[34m|[0m /* 17.1017 */late.listener.releaseAccept()[0m
     [36m| [0m[34m|[0m /* 17.1018 */expectEqual("lateShutdown.get(3 * Duration.second).activeAtReturn", "0", lateShutdown.get(3 * Duration.second).activeAtReturn, 0, isDelta: false)[0m
     [36m| [0m[34m|[0m /* 17.1019 */expectEqual("late.handler.calls.load()", "0", late.handler.calls.load(), 0, isDelta: false)[0m
     [36m| [0m[34m|[0m /* 17.1020 */expectEqual("late.listener.acceptedCloseCalls.load()", "1", late.listener.acceptedCloseCalls.load(), 1, isDelta: false)[0m
     [36m| [0m[34m|[0m /* 17.1021 */} finally {[0m
     [36m| [0m[34m|[0m /* 17.1022 */late.listener.releaseAccept()[0m
     [36m| [0m[34m|[0m /* 17.1023 */late.close()[0m
     [36m| [0m[34m|[0m /* 17.1024 */lateServing.get(3 * Duration.second)[0m
     [36m| [0m[34m|[0m /* 17.1025 */}[0m
     [36m| [0m[34m|[0m /* 17.1026 */let connectHandler = PublicConnectHandler()[0m
     [36m| [0m[34m|[0m /* 17.1027 */let connectServer = HttpServer.builder().listen(publicLoopback(0)).handler(connectHandler).build()[0m
     [36m| [0m[34m|[0m /* 17.1028 */let connectServing: Future < Unit >= spawn { connectServer.serve()[0m
     [36m| [0m[34m|[0m /* 17.1029 */}[0m
     [36m| [0m[34m|[0m /* 17.1030 */let raw = stdnettest.StdNetTransport.connect(connectServer.localEndpoint, context: OperationContext(deadline: Some(Deadline.after(3 * Duration.second))))[0m
     [36m| [0m[34m|[0m /* 17.1031 */var tunnel:?http1test.Http1Tunnel = None < http1test.Http1Tunnel >[0m
     [36m| [0m[34m|[0m /* 17.1032 */try {[0m
     [36m| [0m[34m|[0m /* 17.1033 */let exchanged = http1test.performHttp1Connect(raw, HttpUrl.parse("http://origin.test:443/"), HttpHeaders(), context: OperationContext(deadline: Some(Deadline.after(3 * Duration.second))))[0m
     [36m| [0m[34m|[0m /* 17.1034 */let connected = match(exchanged) {[0m
     [36m| [0m[34m|[0m /* 17.1035 */    case http1test.Http1ConnectExchangeResult.Tunnel(value) => value[0m
     [36m| [0m[34m|[0m /* 17.1036 */    case _ => throw Exception("expected successful public CONNECT tunnel")[0m
     [36m| [0m[34m|[0m /* 17.1037 */}[0m
     [36m| [0m[34m|[0m /* 17.1038 */tunnel = Some(connected)[0m
     [36m| [0m[34m|[0m /* 17.1039 */let result = connected.transport.readSome(transporttest.MutableByteSpan(Array < Byte >(1, repeat: 0u8)), context: OperationContext(deadline: Some(Deadline.after(Duration.second))))[0m
     [36m| [0m[34m|[0m /* 17.1040 */expectEqual("publicReadReachedEof(result)", "true", publicReadReachedEof(result), true, isDelta: false)[0m
     [36m| [0m[34m|[0m /* 17.1041 */expectEqual("connectHandler.calls.load()", "1", connectHandler.calls.load(), 1, isDelta: false)[0m
     [36m| [0m[34m|[0m /* 17.1042 */} finally {[0m
     [36m| [0m[34m|[0m /* 17.1043 */match(tunnel) {[0m
     [36m| [0m[34m|[0m /* 17.1044 */    case Some(value) => value.transport.close()[0m
     [36m| [0m[34m|[0m /* 17.1045 */    case None => raw.close()[0m
     [36m| [0m[34m|[0m /* 17.1046 */}[0m
     [36m| [0m[34m|[0m /* 17.1047 */let _ = connectServer.shutdown(context: OperationContext(deadline: Some(Deadline.after(3 * Duration.second))))[0m
     [36m| [0m[34m|[0m /* 17.1048 */connectServing.get(3 * Duration.second)[0m
     [36m| [0m[34m|[0m /* 17.1049 */}[0m
     [36m| [0m[34m|[0m /* 17.1050 */}[0m
     [36m| [0m[34m|[0m /* 17.1051 */[0m
     [36m| [0m[34m|[0m /* 17.1052 */@Attribute[TestCase_43][0m
     [36m| [0m[34m|[0m /* 17.1053 */func noFollowStalledBodyUsesTheOriginalDeadlineWithoutRetry(): Unit {[0m
     [36m| [0m[34m|[0m /* 17.1054 */let handler = PublicStalledRedirectHandler()[0m
     [36m| [0m[34m|[0m /* 17.1055 */let server = HttpServer.builder().listen(publicLoopback(0)).handler(handler).build()[0m
     [36m| [0m[34m|[0m /* 17.1056 */let serving: Future < Unit >= spawn { server.serve()[0m
     [36m| [0m[34m|[0m /* 17.1057 */}[0m
     [36m| [0m[34m|[0m /* 17.1058 */let factory = PublicRecordingStdNetFactory()[0m
     [36m| [0m[34m|[0m /* 17.1059 */let client = publicInjectedClient(StaticResolver(ResolveResult([server.localEndpoint.address], HostName("body-deadline.test"), ResolverSource.Static)), factory, requestTimeout: Some(5 * Duration.second), redirectPolicy: HttpRedirectPolicy.noFollow(), retryPolicy: HttpRetryPolicy(maximumAttempts: 2))[0m
     [36m| [0m[34m|[0m /* 17.1060 */var response:?HttpResponse = None < HttpResponse >[0m
     [36m| [0m[34m|[0m /* 17.1061 */try {[0m
     [36m| [0m[34m|[0m /* 17.1062 */let received = client.get("http://body-deadline.test:${server.localEndpoint.port}/start", context: OperationContext(deadline: Some(Deadline.after(100 * Duration.millisecond))))[0m
     [36m| [0m[34m|[0m /* 17.1063 */response = Some(received)[0m
     [36m| [0m[34m|[0m /* 17.1064 */expectEqual("received.body.read(Array < Byte >(6, repeat: 0u8))", "6", received.body.read(Array < Byte >(6, repeat: 0u8)), 6, isDelta: false)[0m
     [36m| [0m[34m|[0m /* 17.1065 */let blocked: Future < Bool >= spawn { try {[0m
     [36m| [0m[34m|[0m /* 17.1066 */    let _ = received.body.read(Array < Byte >(8, repeat: 0u8))[0m
     [36m| [0m[34m|[0m /* 17.1067 */    false[0m
     [36m| [0m[34m|[0m /* 17.1068 */} catch(error: NetworkException) {[0m
     [36m| [0m[34m|[0m /* 17.1069 */    publicIsDeadlineError(error)[0m
     [36m| [0m[34m|[0m /* 17.1070 */}[0m
     [36m| [0m[34m|[0m /* 17.1071 */}[0m
     [36m| [0m[34m|[0m /* 17.1072 */expectEqual("factory.waitForTransport().waitUntilReadActive(Duration.second)", "true", factory.waitForTransport().waitUntilReadActive(Duration.second), true, isDelta: false)[0m
     [36m| [0m[34m|[0m /* 17.1073 */expectEqual("blocked.get(Duration.second)", "true", blocked.get(Duration.second), true, isDelta: false)[0m
     [36m| [0m[34m|[0m /* 17.1074 */expectEqual("handler.sourceCalls.load()", "1", handler.sourceCalls.load(), 1, isDelta: false)[0m
     [36m| [0m[34m|[0m /* 17.1075 */expectEqual("handler.targetCalls.load()", "0", handler.targetCalls.load(), 0, isDelta: false)[0m
     [36m| [0m[34m|[0m /* 17.1076 */} finally {[0m
     [36m| [0m[34m|[0m /* 17.1077 */match(response) {[0m
     [36m| [0m[34m|[0m /* 17.1078 */case Some(value) => value.close()[0m
     [36m| [0m[34m|[0m /* 17.1079 */case None =>()[0m
     [36m| [0m[34m|[0m /* 17.1080 */}[0m
     [36m| [0m[34m|[0m /* 17.1081 */handler.release()[0m
     [36m| [0m[34m|[0m /* 17.1082 */client.close()[0m
     [36m| [0m[34m|[0m /* 17.1083 */let _ = server.shutdown(context: OperationContext(deadline: Some(Deadline.after(3 * Duration.second))))[0m
     [36m| [0m[34m|[0m /* 17.1084 */serving.get(3 * Duration.second)[0m
     [36m| [0m[34m|[0m /* 17.1085 */}[0m
     [36m| [0m[34m|[0m /* 17.1086 */}[0m
     [36m| [0m[34m|[0m /* 17.1087 */[0m
     [36m| [0m[34m|[0m /* 17.1088 */@Attribute[TestCase_44][0m
     [36m| [0m[34m|[0m /* 17.1089 */func cancellingACompletedHandleIsOneShotAndDoesNotDisturbConnectionReuse(): Unit {[0m
     [36m| [0m[34m|[0m /* 17.1090 */let handler = PublicCountingHandler()[0m
     [36m| [0m[34m|[0m /* 17.1091 */let server = HttpServer.builder().listen(publicLoopback(0)).handler(handler).build()[0m
     [36m| [0m[34m|[0m /* 17.1092 */let serving: Future < Unit >= spawn { server.serve()[0m
     [36m| [0m[34m|[0m /* 17.1093 */}[0m
     [36m| [0m[34m|[0m /* 17.1094 */let client = HttpClient.builder().resolver(StaticResolver(ResolveResult([server.localEndpoint.address], HostName("completed-cancel.test"), ResolverSource.Static))).requestTimeout(3 * Duration.second).build()[0m
     [36m| [0m[34m|[0m /* 17.1095 */try {[0m
     [36m| [0m[34m|[0m /* 17.1096 */let handle = HttpRequestCancellationHandle()[0m
     [36m| [0m[34m|[0m /* 17.1097 */let completed = client.getControlled("http://completed-cancel.test:${server.localEndpoint.port}/secure", HttpCancellationHandles(request: Some(handle)))[0m
     [36m| [0m[34m|[0m /* 17.1098 */expectEqual("completed.status", "204", completed.status, 204, isDelta: false)[0m
     [36m| [0m[34m|[0m /* 17.1099 */completed.close()[0m
     [36m| [0m[34m|[0m /* 17.1100 */expectEqual("handle.cancel()", "true", handle.cancel(), true, isDelta: false)[0m
     [36m| [0m[34m|[0m /* 17.1101 */expectEqual("! handle.cancel()", "true", ! handle.cancel(), true, isDelta: false)[0m
     [36m| [0m[34m|[0m /* 17.1102 */let next = client.get("http://completed-cancel.test:${server.localEndpoint.port}/secure")[0m
     [36m| [0m[34m|[0m /* 17.1103 */expectEqual("next.status", "204", next.status, 204, isDelta: false)[0m
     [36m| [0m[34m|[0m /* 17.1104 */next.close()[0m
     [36m| [0m[34m|[0m /* 17.1105 */expectEqual("handler.calls.load()", "2", handler.calls.load(), 2, isDelta: false)[0m
     [36m| [0m[34m|[0m /* 17.1106 */} finally {[0m
     [36m| [0m[34m|[0m /* 17.1107 */client.close()[0m
     [36m| [0m[34m|[0m /* 17.1108 */let _ = server.shutdown(context: OperationContext(deadline: Some(Deadline.after(3 * Duration.second))))[0m
     [36m| [0m[34m|[0m /* 17.1109 */serving.get(3 * Duration.second)[0m
     [36m| [0m[34m|[0m /* 17.1110 */}[0m
     [36m| [0m[34m|[0m /* 17.1111 */}[0m
     [36m| [0m[34m|[0m /* 17.1112 */[0m
     [36m| [0m[34m|[0m /* 17.1113 */init() {[0m
     [36m| [0m[34m|[0m /* 17.1114 */}[0m
     [36m| [0m[34m|[0m /* 17.1115 */private func classConfiguration(): Configuration {[0m
     [36m| [0m[34m|[0m /* 17.1116 */let configuration = Configuration()[0m
     [36m| [0m[34m|[0m /* 17.1117 */[0m
     [36m| [0m[34m|[0m /* 17.1118 */return configuration[0m
     [36m| [0m[34m|[0m /* 17.1119 */}[0m
     [36m| [0m[34m|[0m /* 17.1120 */public override func asTestSuite(): TestSuite {[0m
     [36m| [0m[34m|[0m /* 17.1121 */[0m
     [36m| [0m[34m|[0m /* 17.1122 */let suiteConfiguration = classConfiguration()[0m
     [36m| [0m[34m|[0m /* 17.1123 */let suiteBuilder = TestSuite.builder("HttpFacadeTest").configure(suiteConfiguration)[0m
     [36m| [0m[34m|[0m /* 17.1124 */[0m
     [36m| [0m[34m|[0m /* 17.1125 */{ => let caseConfig = Configuration()[0m
     [36m| [0m[34m|[0m /* 17.1126 */[0m
     [36m| [0m[34m|[0m /* 17.1127 */let cancellationWrapperPreservesProtocolCompletionPolicyTestFunc = { => cancellationWrapperPreservesProtocolCompletionPolicy();() }[0m
     [36m| [0m[34m|[0m /* 17.1128 */suiteBuilder.add([0m
     [36m| [0m[34m|[0m /* 17.1129 */UnitTestCase.create([0m
     [36m| [0m[34m|[0m /* 17.1130 */"cancellationWrapperPreservesProtocolCompletionPolicy",[0m
     [36m| [0m[34m|[0m /* 17.1131 */configuration: caseConfig,[0m
     [36m| [0m[34m|[0m /* 17.1132 */body: cancellationWrapperPreservesProtocolCompletionPolicyTestFunc[0m
     [36m| [0m[34m|[0m /* 17.1133 */)[0m
     [36m| [0m[34m|[0m /* 17.1134 */)[0m
     [36m| [0m[34m|[0m /* 17.1135 */[0m
     [36m| [0m[34m|[0m /* 17.1136 */}()[0m
     [36m| [0m[34m|[0m /* 17.1137 */[0m
     [36m| [0m[34m|[0m /* 17.1138 */[0m
     [36m| [0m[34m|[0m /* 17.1139 */{ => let caseConfig = Configuration()[0m
     [36m| [0m[34m|[0m /* 17.1140 */[0m
     [36m| [0m[34m|[0m /* 17.1141 */let connectionCancellationDoesNotDuplicateIntoHttp2StreamContextTestFunc = { => connectionCancellationDoesNotDuplicateIntoHttp2StreamContext();() }[0m
     [36m| [0m[34m|[0m /* 17.1142 */suiteBuilder.add([0m
     [36m| [0m[34m|[0m /* 17.1143 */UnitTestCase.create([0m
     [36m| [0m[34m|[0m /* 17.1144 */"connectionCancellationDoesNotDuplicateIntoHttp2StreamContext",[0m
     [36m| [0m[34m|[0m /* 17.1145 */configuration: caseConfig,[0m
     [36m| [0m[34m|[0m /* 17.1146 */body: connectionCancellationDoesNotDuplicateIntoHttp2StreamContextTestFunc[0m
     [36m| [0m[34m|[0m /* 17.1147 */)[0m
     [36m| [0m[34m|[0m /* 17.1148 */)[0m
     [36m| [0m[34m|[0m /* 17.1149 */[0m
     [36m| [0m[34m|[0m /* 17.1150 */}()[0m
     [36m| [0m[34m|[0m /* 17.1151 */[0m
     [36m| [0m[34m|[0m /* 17.1152 */[0m
     [36m| [0m[34m|[0m /* 17.1153 */{ => let caseConfig = Configuration()[0m
     [36m| [0m[34m|[0m /* 17.1154 */[0m
     [36m| [0m[34m|[0m /* 17.1155 */let typedCancellationHandlesAreScopedIdempotentAndStopBeforeNetworkIoTestFunc = { => typedCancellationHandlesAreScopedIdempotentAndStopBeforeNetworkIo();() }[0m
     [36m| [0m[34m|[0m /* 17.1156 */suiteBuilder.add([0m
     [36m| [0m[34m|[0m /* 17.1157 */UnitTestCase.create([0m
     [36m| [0m[34m|[0m /* 17.1158 */"typedCancellationHandlesAreScopedIdempotentAndStopBeforeNetworkIo",[0m
     [36m| [0m[34m|[0m /* 17.1159 */configuration: caseConfig,[0m
     [36m| [0m[34m|[0m /* 17.1160 */body: typedCancellationHandlesAreScopedIdempotentAndStopBeforeNetworkIoTestFunc[0m
     [36m| [0m[34m|[0m /* 17.1161 */)[0m
     [36m| [0m[34m|[0m /* 17.1162 */)[0m
     [36m| [0m[34m|[0m /* 17.1163 */[0m
     [36m| [0m[34m|[0m /* 17.1164 */}()[0m
     [36m| [0m[34m|[0m /* 17.1165 */[0m
     [36m| [0m[34m|[0m /* 17.1166 */[0m
     [36m| [0m[34m|[0m /* 17.1167 */{ => let caseConfig = Configuration()[0m
     [36m| [0m[34m|[0m /* 17.1168 */[0m
     [36m| [0m[34m|[0m /* 17.1169 */let publicHttp1ConnectionHandleCancelsBodyAndLeavesClientReusableTestFunc = { => publicHttp1ConnectionHandleCancelsBodyAndLeavesClientReusable();() }[0m
     [36m| [0m[34m|[0m /* 17.1170 */suiteBuilder.add([0m
     [36m| [0m[34m|[0m /* 17.1171 */UnitTestCase.create([0m
     [36m| [0m[34m|[0m /* 17.1172 */"publicHttp1ConnectionHandleCancelsBodyAndLeavesClientReusable",[0m
     [36m| [0m[34m|[0m /* 17.1173 */configuration: caseConfig,[0m
     [36m| [0m[34m|[0m /* 17.1174 */body: publicHttp1ConnectionHandleCancelsBodyAndLeavesClientReusableTestFunc[0m
     [36m| [0m[34m|[0m /* 17.1175 */)[0m
     [36m| [0m[34m|[0m /* 17.1176 */)[0m
     [36m| [0m[34m|[0m /* 17.1177 */[0m
     [36m| [0m[34m|[0m /* 17.1178 */}()[0m
     [36m| [0m[34m|[0m /* 17.1179 */[0m
     [36m| [0m[34m|[0m /* 17.1180 */[0m
     [36m| [0m[34m|[0m /* 17.1181 */{ => let caseConfig = Configuration()[0m
     [36m| [0m[34m|[0m /* 17.1182 */[0m
     [36m| [0m[34m|[0m /* 17.1183 */let publicHttp2StreamAndConnectionHandlesRespectTheirScopesTestFunc = { => publicHttp2StreamAndConnectionHandlesRespectTheirScopes();() }[0m
     [36m| [0m[34m|[0m /* 17.1184 */suiteBuilder.add([0m
     [36m| [0m[34m|[0m /* 17.1185 */UnitTestCase.create([0m
     [36m| [0m[34m|[0m /* 17.1186 */"publicHttp2StreamAndConnectionHandlesRespectTheirScopes",[0m
     [36m| [0m[34m|[0m /* 17.1187 */configuration: caseConfig,[0m
     [36m| [0m[34m|[0m /* 17.1188 */body: publicHttp2StreamAndConnectionHandlesRespectTheirScopesTestFunc[0m
     [36m| [0m[34m|[0m /* 17.1189 */)[0m
     [36m| [0m[34m|[0m /* 17.1190 */)[0m
     [36m| [0m[34m|[0m /* 17.1191 */[0m
     [36m| [0m[34m|[0m /* 17.1192 */}()[0m
     [36m| [0m[34m|[0m /* 17.1193 */[0m
     [36m| [0m[34m|[0m /* 17.1194 */[0m
     [36m| [0m[34m|[0m /* 17.1195 */{ => let caseConfig = Configuration()[0m
     [36m| [0m[34m|[0m /* 17.1196 */[0m
     [36m| [0m[34m|[0m /* 17.1197 */let publicHttp2SlowStreamCannotStarveOneTenOrHundredSiblingsTestFunc = { => publicHttp2SlowStreamCannotStarveOneTenOrHundredSiblings();() }[0m
     [36m| [0m[34m|[0m /* 17.1198 */suiteBuilder.add([0m
     [36m| [0m[34m|[0m /* 17.1199 */UnitTestCase.create([0m
     [36m| [0m[34m|[0m /* 17.1200 */"publicHttp2SlowStreamCannotStarveOneTenOrHundredSiblings",[0m
     [36m| [0m[34m|[0m /* 17.1201 */configuration: caseConfig,[0m
     [36m| [0m[34m|[0m /* 17.1202 */body: publicHttp2SlowStreamCannotStarveOneTenOrHundredSiblingsTestFunc[0m
     [36m| [0m[34m|[0m /* 17.1203 */)[0m
     [36m| [0m[34m|[0m /* 17.1204 */)[0m
     [36m| [0m[34m|[0m /* 17.1205 */[0m
     [36m| [0m[34m|[0m /* 17.1206 */}()[0m
     [36m| [0m[34m|[0m /* 17.1207 */[0m
     [36m| [0m[34m|[0m /* 17.1208 */[0m
     [36m| [0m[34m|[0m /* 17.1209 */{ => let caseConfig = Configuration()[0m
     [36m| [0m[34m|[0m /* 17.1210 */[0m
     [36m| [0m[34m|[0m /* 17.1211 */let tlsHttp2StreamLimitIsAppliedAcrossConcurrentPublicRequestsTestFunc = { => tlsHttp2StreamLimitIsAppliedAcrossConcurrentPublicRequests();() }[0m
     [36m| [0m[34m|[0m /* 17.1212 */suiteBuilder.add([0m
     [36m| [0m[34m|[0m /* 17.1213 */UnitTestCase.create([0m
     [36m| [0m[34m|[0m /* 17.1214 */"tlsHttp2StreamLimitIsAppliedAcrossConcurrentPublicRequests",[0m
     [36m| [0m[34m|[0m /* 17.1215 */configuration: caseConfig,[0m
     [36m| [0m[34m|[0m /* 17.1216 */body: tlsHttp2StreamLimitIsAppliedAcrossConcurrentPublicRequestsTestFunc[0m
     [36m| [0m[34m|[0m /* 17.1217 */)[0m
     [36m| [0m[34m|[0m /* 17.1218 */)[0m
     [36m| [0m[34m|[0m /* 17.1219 */[0m
     [36m| [0m[34m|[0m /* 17.1220 */}()[0m
     [36m| [0m[34m|[0m /* 17.1221 */[0m
     [36m| [0m[34m|[0m /* 17.1222 */[0m
     [36m| [0m[34m|[0m /* 17.1223 */{ => let caseConfig = Configuration()[0m
     [36m| [0m[34m|[0m /* 17.1224 */[0m
     [36m| [0m[34m|[0m /* 17.1225 */let tlsFacadeNegotiatesHttp2AndMapsBodyTrailersAndResponseTestFunc = { => tlsFacadeNegotiatesHttp2AndMapsBodyTrailersAndResponse();() }[0m
     [36m| [0m[34m|[0m /* 17.1226 */suiteBuilder.add([0m
     [36m| [0m[34m|[0m /* 17.1227 */UnitTestCase.create([0m
     [36m| [0m[34m|[0m /* 17.1228 */"tlsFacadeNegotiatesHttp2AndMapsBodyTrailersAndResponse",[0m
     [36m| [0m[34m|[0m /* 17.1229 */configuration: caseConfig,[0m
     [36m| [0m[34m|[0m /* 17.1230 */body: tlsFacadeNegotiatesHttp2AndMapsBodyTrailersAndResponseTestFunc[0m
     [36m| [0m[34m|[0m /* 17.1231 */)[0m
     [36m| [0m[34m|[0m /* 17.1232 */)[0m
     [36m| [0m[34m|[0m /* 17.1233 */[0m
     [36m| [0m[34m|[0m /* 17.1234 */}()[0m
     [36m| [0m[34m|[0m /* 17.1235 */[0m
     [36m| [0m[34m|[0m /* 17.1236 */[0m
     [36m| [0m[34m|[0m /* 17.1237 */{ => let caseConfig = Configuration()[0m
     [36m| [0m[34m|[0m /* 17.1238 */[0m
     [36m| [0m[34m|[0m /* 17.1239 */let explicitResolverConnectsPublicClientAndServerTestFunc = { => explicitResolverConnectsPublicClientAndServer();() }[0m
     [36m| [0m[34m|[0m /* 17.1240 */suiteBuilder.add([0m
     [36m| [0m[34m|[0m /* 17.1241 */UnitTestCase.create([0m
     [36m| [0m[34m|[0m /* 17.1242 */"explicitResolverConnectsPublicClientAndServer",[0m
     [36m| [0m[34m|[0m /* 17.1243 */configuration: caseConfig,[0m
     [36m| [0m[34m|[0m /* 17.1244 */body: explicitResolverConnectsPublicClientAndServerTestFunc[0m
     [36m| [0m[34m|[0m /* 17.1245 */)[0m
     [36m| [0m[34m|[0m /* 17.1246 */)[0m
     [36m| [0m[34m|[0m /* 17.1247 */[0m
     [36m| [0m[34m|[0m /* 17.1248 */}()[0m
     [36m| [0m[34m|[0m /* 17.1249 */[0m
     [36m| [0m[34m|[0m /* 17.1250 */[0m
     [36m| [0m[34m|[0m /* 17.1251 */{ => let caseConfig = Configuration()[0m
     [36m| [0m[34m|[0m /* 17.1252 */[0m
     [36m| [0m[34m|[0m /* 17.1253 */let defaultSystemResolverConnectsPublicClientAndServerTestFunc = { => defaultSystemResolverConnectsPublicClientAndServer();() }[0m
     [36m| [0m[34m|[0m /* 17.1254 */suiteBuilder.add([0m
     [36m| [0m[34m|[0m /* 17.1255 */UnitTestCase.create([0m
     [36m| [0m[34m|[0m /* 17.1256 */"defaultSystemResolverConnectsPublicClientAndServer",[0m
     [36m| [0m[34m|[0m /* 17.1257 */configuration: caseConfig,[0m
     [36m| [0m[34m|[0m /* 17.1258 */body: defaultSystemResolverConnectsPublicClientAndServerTestFunc[0m
     [36m| [0m[34m|[0m /* 17.1259 */)[0m
     [36m| [0m[34m|[0m /* 17.1260 */)[0m
     [36m| [0m[34m|[0m /* 17.1261 */[0m
     [36m| [0m[34m|[0m /* 17.1262 */}()[0m
     [36m| [0m[34m|[0m /* 17.1263 */[0m
     [36m| [0m[34m|[0m /* 17.1264 */[0m
     [36m| [0m[34m|[0m /* 17.1265 */{ => let caseConfig = Configuration()[0m
     [36m| [0m[34m|[0m /* 17.1266 */[0m
     [36m| [0m[34m|[0m /* 17.1267 */let clientFollowsOriginRelativeRedirectEndToEndTestFunc = { => clientFollowsOriginRelativeRedirectEndToEnd();() }[0m
     [36m| [0m[34m|[0m /* 17.1268 */suiteBuilder.add([0m
     [36m| [0m[34m|[0m /* 17.1269 */UnitTestCase.create([0m
     [36m| [0m[34m|[0m /* 17.1270 */"clientFollowsOriginRelativeRedirectEndToEnd",[0m
     [36m| [0m[34m|[0m /* 17.1271 */configuration: caseConfig,[0m
     [36m| [0m[34m|[0m /* 17.1272 */body: clientFollowsOriginRelativeRedirectEndToEndTestFunc[0m
     [36m| [0m[34m|[0m /* 17.1273 */)[0m
     [36m| [0m[34m|[0m /* 17.1274 */)[0m
     [36m| [0m[34m|[0m /* 17.1275 */[0m
     [36m| [0m[34m|[0m /* 17.1276 */}()[0m
     [36m| [0m[34m|[0m /* 17.1277 */[0m
     [36m| [0m[34m|[0m /* 17.1278 */[0m
     [36m| [0m[34m|[0m /* 17.1279 */{ => let caseConfig = Configuration()[0m
     [36m| [0m[34m|[0m /* 17.1280 */[0m
     [36m| [0m[34m|[0m /* 17.1281 */let clientRetriesOneTemporaryDnsFailureWithinTheSameDeadlineTestFunc = { => clientRetriesOneTemporaryDnsFailureWithinTheSameDeadline();() }[0m
     [36m| [0m[34m|[0m /* 17.1282 */suiteBuilder.add([0m
     [36m| [0m[34m|[0m /* 17.1283 */UnitTestCase.create([0m
     [36m| [0m[34m|[0m /* 17.1284 */"clientRetriesOneTemporaryDnsFailureWithinTheSameDeadline",[0m
     [36m| [0m[34m|[0m /* 17.1285 */configuration: caseConfig,[0m
     [36m| [0m[34m|[0m /* 17.1286 */body: clientRetriesOneTemporaryDnsFailureWithinTheSameDeadlineTestFunc[0m
     [36m| [0m[34m|[0m /* 17.1287 */)[0m
     [36m| [0m[34m|[0m /* 17.1288 */)[0m
     [36m| [0m[34m|[0m /* 17.1289 */[0m
     [36m| [0m[34m|[0m /* 17.1290 */}()[0m
     [36m| [0m[34m|[0m /* 17.1291 */[0m
     [36m| [0m[34m|[0m /* 17.1292 */[0m
     [36m| [0m[34m|[0m /* 17.1293 */{ => let caseConfig = Configuration()[0m
     [36m| [0m[34m|[0m /* 17.1294 */[0m
     [36m| [0m[34m|[0m /* 17.1295 */let forwardProxyUsesAbsoluteFormIndependentDnsAndHookCredentialsTestFunc = { => forwardProxyUsesAbsoluteFormIndependentDnsAndHookCredentials();() }[0m
     [36m| [0m[34m|[0m /* 17.1296 */suiteBuilder.add([0m
     [36m| [0m[34m|[0m /* 17.1297 */UnitTestCase.create([0m
     [36m| [0m[34m|[0m /* 17.1298 */"forwardProxyUsesAbsoluteFormIndependentDnsAndHookCredentials",[0m
     [36m| [0m[34m|[0m /* 17.1299 */configuration: caseConfig,[0m
     [36m| [0m[34m|[0m /* 17.1300 */body: forwardProxyUsesAbsoluteFormIndependentDnsAndHookCredentialsTestFunc[0m
     [36m| [0m[34m|[0m /* 17.1301 */)[0m
     [36m| [0m[34m|[0m /* 17.1302 */)[0m
     [36m| [0m[34m|[0m /* 17.1303 */[0m
     [36m| [0m[34m|[0m /* 17.1304 */}()[0m
     [36m| [0m[34m|[0m /* 17.1305 */[0m
     [36m| [0m[34m|[0m /* 17.1306 */[0m
     [36m| [0m[34m|[0m /* 17.1307 */{ => let caseConfig = Configuration()[0m
     [36m| [0m[34m|[0m /* 17.1308 */[0m
     [36m| [0m[34m|[0m /* 17.1309 */let serverBuilderRequiresEndpointAndHandlerTestFunc = { => serverBuilderRequiresEndpointAndHandler();() }[0m
     [36m| [0m[34m|[0m /* 17.1310 */suiteBuilder.add([0m
     [36m| [0m[34m|[0m /* 17.1311 */UnitTestCase.create([0m
     [36m| [0m[34m|[0m /* 17.1312 */"serverBuilderRequiresEndpointAndHandler",[0m
     [36m| [0m[34m|[0m /* 17.1313 */configuration: caseConfig,[0m
     [36m| [0m[34m|[0m /* 17.1314 */body: serverBuilderRequiresEndpointAndHandlerTestFunc[0m
     [36m| [0m[34m|[0m /* 17.1315 */)[0m
     [36m| [0m[34m|[0m /* 17.1316 */)[0m
     [36m| [0m[34m|[0m /* 17.1317 */[0m
     [36m| [0m[34m|[0m /* 17.1318 */}()[0m
     [36m| [0m[34m|[0m /* 17.1319 */[0m
     [36m| [0m[34m|[0m /* 17.1320 */[0m
     [36m| [0m[34m|[0m /* 17.1321 */{ => let caseConfig = Configuration()[0m
     [36m| [0m[34m|[0m /* 17.1322 */[0m
     [36m| [0m[34m|[0m /* 17.1323 */let tlsServerConfigFailsClosedBeforeBindingTestFunc = { => tlsServerConfigFailsClosedBeforeBinding();() }[0m
     [36m| [0m[34m|[0m /* 17.1324 */suiteBuilder.add([0m
     [36m| [0m[34m|[0m /* 17.1325 */UnitTestCase.create([0m
     [36m| [0m[34m|[0m /* 17.1326 */"tlsServerConfigFailsClosedBeforeBinding",[0m
     [36m| [0m[34m|[0m /* 17.1327 */configuration: caseConfig,[0m
     [36m| [0m[34m|[0m /* 17.1328 */body: tlsServerConfigFailsClosedBeforeBindingTestFunc[0m
     [36m| [0m[34m|[0m /* 17.1329 */)[0m
     [36m| [0m[34m|[0m /* 17.1330 */)[0m
     [36m| [0m[34m|[0m /* 17.1331 */[0m
     [36m| [0m[34m|[0m /* 17.1332 */}()[0m
     [36m| [0m[34m|[0m /* 17.1333 */[0m
     [36m| [0m[34m|[0m /* 17.1334 */[0m
     [36m| [0m[34m|[0m /* 17.1335 */{ => let caseConfig = Configuration()[0m
     [36m| [0m[34m|[0m /* 17.1336 */[0m
     [36m| [0m[34m|[0m /* 17.1337 */let noFollowReturnsEveryRedirectUntouchedAndLeavesBodyOwnershipWithCallerTestFunc = { => noFollowReturnsEveryRedirectUntouchedAndLeavesBodyOwnershipWithCaller();() }[0m
     [36m| [0m[34m|[0m /* 17.1338 */suiteBuilder.add([0m
     [36m| [0m[34m|[0m /* 17.1339 */UnitTestCase.create([0m
     [36m| [0m[34m|[0m /* 17.1340 */"noFollowReturnsEveryRedirectUntouchedAndLeavesBodyOwnershipWithCaller",[0m
     [36m| [0m[34m|[0m /* 17.1341 */configuration: caseConfig,[0m
     [36m| [0m[34m|[0m /* 17.1342 */body: noFollowReturnsEveryRedirectUntouchedAndLeavesBodyOwnershipWithCallerTestFunc[0m
     [36m| [0m[34m|[0m /* 17.1343 */)[0m
     [36m| [0m[34m|[0m /* 17.1344 */)[0m
     [36m| [0m[34m|[0m /* 17.1345 */[0m
     [36m| [0m[34m|[0m /* 17.1346 */}()[0m
     [36m| [0m[34m|[0m /* 17.1347 */[0m
     [36m| [0m[34m|[0m /* 17.1348 */[0m
     [36m| [0m[34m|[0m /* 17.1349 */{ => let caseConfig = Configuration()[0m
     [36m| [0m[34m|[0m /* 17.1350 */[0m
     [36m| [0m[34m|[0m /* 17.1351 */let controlledCancellationInterruptsDnsAndInjectedTcpBeforeTransportCreationTestFunc = { => controlledCancellationInterruptsDnsAndInjectedTcpBeforeTransportCreation();() }[0m
     [36m| [0m[34m|[0m /* 17.1352 */suiteBuilder.add([0m
     [36m| [0m[34m|[0m /* 17.1353 */UnitTestCase.create([0m
     [36m| [0m[34m|[0m /* 17.1354 */"controlledCancellationInterruptsDnsAndInjectedTcpBeforeTransportCreation",[0m
     [36m| [0m[34m|[0m /* 17.1355 */configuration: caseConfig,[0m
     [36m| [0m[34m|[0m /* 17.1356 */body: controlledCancellationInterruptsDnsAndInjectedTcpBeforeTransportCreationTestFunc[0m
     [36m| [0m[34m|[0m /* 17.1357 */)[0m
     [36m| [0m[34m|[0m /* 17.1358 */)[0m
     [36m| [0m[34m|[0m /* 17.1359 */[0m
     [36m| [0m[34m|[0m /* 17.1360 */}()[0m
     [36m| [0m[34m|[0m /* 17.1361 */[0m
     [36m| [0m[34m|[0m /* 17.1362 */[0m
     [36m| [0m[34m|[0m /* 17.1363 */{ => let caseConfig = Configuration()[0m
     [36m| [0m[34m|[0m /* 17.1364 */[0m
     [36m| [0m[34m|[0m /* 17.1365 */let controlledCancellationInterruptsRealTlsAndHeaderReadsTestFunc = { => controlledCancellationInterruptsRealTlsAndHeaderReads();() }[0m
     [36m| [0m[34m|[0m /* 17.1366 */suiteBuilder.add([0m
     [36m| [0m[34m|[0m /* 17.1367 */UnitTestCase.create([0m
     [36m| [0m[34m|[0m /* 17.1368 */"controlledCancellationInterruptsRealTlsAndHeaderReads",[0m
     [36m| [0m[34m|[0m /* 17.1369 */configuration: caseConfig,[0m
     [36m| [0m[34m|[0m /* 17.1370 */body: controlledCancellationInterruptsRealTlsAndHeaderReadsTestFunc[0m
     [36m| [0m[34m|[0m /* 17.1371 */)[0m
     [36m| [0m[34m|[0m /* 17.1372 */)[0m
     [36m| [0m[34m|[0m /* 17.1373 */[0m
     [36m| [0m[34m|[0m /* 17.1374 */}()[0m
     [36m| [0m[34m|[0m /* 17.1375 */[0m
     [36m| [0m[34m|[0m /* 17.1376 */[0m
     [36m| [0m[34m|[0m /* 17.1377 */{ => let caseConfig = Configuration()[0m
     [36m| [0m[34m|[0m /* 17.1378 */[0m
     [36m| [0m[34m|[0m /* 17.1379 */let noFollowStalledBodyIsCancelledOnlyByCallerAndNeverVisitsTargetTestFunc = { => noFollowStalledBodyIsCancelledOnlyByCallerAndNeverVisitsTarget();() }[0m
     [36m| [0m[34m|[0m /* 17.1380 */suiteBuilder.add([0m
     [36m| [0m[34m|[0m /* 17.1381 */UnitTestCase.create([0m
     [36m| [0m[34m|[0m /* 17.1382 */"noFollowStalledBodyIsCancelledOnlyByCallerAndNeverVisitsTarget",[0m
     [36m| [0m[34m|[0m /* 17.1383 */configuration: caseConfig,[0m
     [36m| [0m[34m|[0m /* 17.1384 */body: noFollowStalledBodyIsCancelledOnlyByCallerAndNeverVisitsTargetTestFunc[0m
     [36m| [0m[34m|[0m /* 17.1385 */)[0m
     [36m| [0m[34m|[0m /* 17.1386 */)[0m
     [36m| [0m[34m|[0m /* 17.1387 */[0m
     [36m| [0m[34m|[0m /* 17.1388 */}()[0m
     [36m| [0m[34m|[0m /* 17.1389 */[0m
     [36m| [0m[34m|[0m /* 17.1390 */[0m
     [36m| [0m[34m|[0m /* 17.1391 */{ => let caseConfig = Configuration()[0m
     [36m| [0m[34m|[0m /* 17.1392 */[0m
     [36m| [0m[34m|[0m /* 17.1393 */let oneAbsoluteDeadlineCoversRetriesRedirectsAndEveryBodyReadTestFunc = { => oneAbsoluteDeadlineCoversRetriesRedirectsAndEveryBodyRead();() }[0m
     [36m| [0m[34m|[0m /* 17.1394 */suiteBuilder.add([0m
     [36m| [0m[34m|[0m /* 17.1395 */UnitTestCase.create([0m
     [36m| [0m[34m|[0m /* 17.1396 */"oneAbsoluteDeadlineCoversRetriesRedirectsAndEveryBodyRead",[0m
     [36m| [0m[34m|[0m /* 17.1397 */configuration: caseConfig,[0m
     [36m| [0m[34m|[0m /* 17.1398 */body: oneAbsoluteDeadlineCoversRetriesRedirectsAndEveryBodyReadTestFunc[0m
     [36m| [0m[34m|[0m /* 17.1399 */)[0m
     [36m| [0m[34m|[0m /* 17.1400 */)[0m
     [36m| [0m[34m|[0m /* 17.1401 */[0m
     [36m| [0m[34m|[0m /* 17.1402 */}()[0m
     [36m| [0m[34m|[0m /* 17.1403 */[0m
     [36m| [0m[34m|[0m /* 17.1404 */[0m
     [36m| [0m[34m|[0m /* 17.1405 */{ => let caseConfig = Configuration()[0m
     [36m| [0m[34m|[0m /* 17.1406 */[0m
     [36m| [0m[34m|[0m /* 17.1407 */let tlsDefaultsIdentityAndMutualAuthenticationFailClosedWithoutLeakingSentinelsTestFunc = { => tlsDefaultsIdentityAndMutualAuthenticationFailClosedWithoutLeakingSentinels();() }[0m
     [36m| [0m[34m|[0m /* 17.1408 */suiteBuilder.add([0m
     [36m| [0m[34m|[0m /* 17.1409 */UnitTestCase.create([0m
     [36m| [0m[34m|[0m /* 17.1410 */"tlsDefaultsIdentityAndMutualAuthenticationFailClosedWithoutLeakingSentinels",[0m
     [36m| [0m[34m|[0m /* 17.1411 */configuration: caseConfig,[0m
     [36m| [0m[34m|[0m /* 17.1412 */body: tlsDefaultsIdentityAndMutualAuthenticationFailClosedWithoutLeakingSentinelsTestFunc[0m
     [36m| [0m[34m|[0m /* 17.1413 */)[0m
     [36m| [0m[34m|[0m /* 17.1414 */)[0m
     [36m| [0m[34m|[0m /* 17.1415 */[0m
     [36m| [0m[34m|[0m /* 17.1416 */}()[0m
     [36m| [0m[34m|[0m /* 17.1417 */[0m
     [36m| [0m[34m|[0m /* 17.1418 */[0m
     [36m| [0m[34m|[0m /* 17.1419 */{ => let caseConfig = Configuration()[0m
     [36m| [0m[34m|[0m /* 17.1420 */[0m
     [36m| [0m[34m|[0m /* 17.1421 */let retryAttemptsArePerRedirectHopAndNoFollowNeverConsumesTargetBudgetTestFunc = { => retryAttemptsArePerRedirectHopAndNoFollowNeverConsumesTargetBudget();() }[0m
     [36m| [0m[34m|[0m /* 17.1422 */suiteBuilder.add([0m
     [36m| [0m[34m|[0m /* 17.1423 */UnitTestCase.create([0m
     [36m| [0m[34m|[0m /* 17.1424 */"retryAttemptsArePerRedirectHopAndNoFollowNeverConsumesTargetBudget",[0m
     [36m| [0m[34m|[0m /* 17.1425 */configuration: caseConfig,[0m
     [36m| [0m[34m|[0m /* 17.1426 */body: retryAttemptsArePerRedirectHopAndNoFollowNeverConsumesTargetBudgetTestFunc[0m
     [36m| [0m[34m|[0m /* 17.1427 */)[0m
     [36m| [0m[34m|[0m /* 17.1428 */)[0m
     [36m| [0m[34m|[0m /* 17.1429 */[0m
     [36m| [0m[34m|[0m /* 17.1430 */}()[0m
     [36m| [0m[34m|[0m /* 17.1431 */[0m
     [36m| [0m[34m|[0m /* 17.1432 */[0m
     [36m| [0m[34m|[0m /* 17.1433 */{ => let caseConfig = Configuration()[0m
     [36m| [0m[34m|[0m /* 17.1434 */[0m
     [36m| [0m[34m|[0m /* 17.1435 */let afterHookFailureClosesReturnedBodiesForHttp1AndHttp2WithoutLeakingSentinelTestFunc = { => afterHookFailureClosesReturnedBodiesForHttp1AndHttp2WithoutLeakingSentinel();() }[0m
     [36m| [0m[34m|[0m /* 17.1436 */suiteBuilder.add([0m
     [36m| [0m[34m|[0m /* 17.1437 */UnitTestCase.create([0m
     [36m| [0m[34m|[0m /* 17.1438 */"afterHookFailureClosesReturnedBodiesForHttp1AndHttp2WithoutLeakingSentinel",[0m
     [36m| [0m[34m|[0m /* 17.1439 */configuration: caseConfig,[0m
     [36m| [0m[34m|[0m /* 17.1440 */body: afterHookFailureClosesReturnedBodiesForHttp1AndHttp2WithoutLeakingSentinelTestFunc[0m
     [36m| [0m[34m|[0m /* 17.1441 */)[0m
     [36m| [0m[34m|[0m /* 17.1442 */)[0m
     [36m| [0m[34m|[0m /* 17.1443 */[0m
     [36m| [0m[34m|[0m /* 17.1444 */}()[0m
     [36m| [0m[34m|[0m /* 17.1445 */[0m
     [36m| [0m[34m|[0m /* 17.1446 */[0m
     [36m| [0m[34m|[0m /* 17.1447 */{ => let caseConfig = Configuration()[0m
     [36m| [0m[34m|[0m /* 17.1448 */[0m
     [36m| [0m[34m|[0m /* 17.1449 */let publicServerShutdownConvergesAfterGracefulForcedCancelledAndRepeatedRequestsTestFunc = { => publicServerShutdownConvergesAfterGracefulForcedCancelledAndRepeatedRequests();() }[0m
     [36m| [0m[34m|[0m /* 17.1450 */suiteBuilder.add([0m
     [36m| [0m[34m|[0m /* 17.1451 */UnitTestCase.create([0m
     [36m| [0m[34m|[0m /* 17.1452 */"publicServerShutdownConvergesAfterGracefulForcedCancelledAndRepeatedRequests",[0m
     [36m| [0m[34m|[0m /* 17.1453 */configuration: caseConfig,[0m
     [36m| [0m[34m|[0m /* 17.1454 */body: publicServerShutdownConvergesAfterGracefulForcedCancelledAndRepeatedRequestsTestFunc[0m
     [36m| [0m[34m|[0m /* 17.1455 */)[0m
     [36m| [0m[34m|[0m /* 17.1456 */)[0m
     [36m| [0m[34m|[0m /* 17.1457 */[0m
     [36m| [0m[34m|[0m /* 17.1458 */}()[0m
     [36m| [0m[34m|[0m /* 17.1459 */[0m
     [36m| [0m[34m|[0m /* 17.1460 */[0m
     [36m| [0m[34m|[0m /* 17.1461 */{ => let caseConfig = Configuration()[0m
     [36m| [0m[34m|[0m /* 17.1462 */[0m
     [36m| [0m[34m|[0m /* 17.1463 */let shutdownClosesLateAcceptedTransportAndSuccessfulConnectTunnelTestFunc = { => shutdownClosesLateAcceptedTransportAndSuccessfulConnectTunnel();() }[0m
     [36m| [0m[34m|[0m /* 17.1464 */suiteBuilder.add([0m
     [36m| [0m[34m|[0m /* 17.1465 */UnitTestCase.create([0m
     [36m| [0m[34m|[0m /* 17.1466 */"shutdownClosesLateAcceptedTransportAndSuccessfulConnectTunnel",[0m
     [36m| [0m[34m|[0m /* 17.1467 */configuration: caseConfig,[0m
     [36m| [0m[34m|[0m /* 17.1468 */body: shutdownClosesLateAcceptedTransportAndSuccessfulConnectTunnelTestFunc[0m
     [36m| [0m[34m|[0m /* 17.1469 */)[0m
     [36m| [0m[34m|[0m /* 17.1470 */)[0m
     [36m| [0m[34m|[0m /* 17.1471 */[0m
     [36m| [0m[34m|[0m /* 17.1472 */}()[0m
     [36m| [0m[34m|[0m /* 17.1473 */[0m
     [36m| [0m[34m|[0m /* 17.1474 */[0m
     [36m| [0m[34m|[0m /* 17.1475 */{ => let caseConfig = Configuration()[0m
     [36m| [0m[34m|[0m /* 17.1476 */[0m
     [36m| [0m[34m|[0m /* 17.1477 */let noFollowStalledBodyUsesTheOriginalDeadlineWithoutRetryTestFunc = { => noFollowStalledBodyUsesTheOriginalDeadlineWithoutRetry();() }[0m
     [36m| [0m[34m|[0m /* 17.1478 */suiteBuilder.add([0m
     [36m| [0m[34m|[0m /* 17.1479 */UnitTestCase.create([0m
     [36m| [0m[34m|[0m /* 17.1480 */"noFollowStalledBodyUsesTheOriginalDeadlineWithoutRetry",[0m
     [36m| [0m[34m|[0m /* 17.1481 */configuration: caseConfig,[0m
     [36m| [0m[34m|[0m /* 17.1482 */body: noFollowStalledBodyUsesTheOriginalDeadlineWithoutRetryTestFunc[0m
     [36m| [0m[34m|[0m /* 17.1483 */)[0m
     [36m| [0m[34m|[0m /* 17.1484 */)[0m
     [36m| [0m[34m|[0m /* 17.1485 */[0m
     [36m| [0m[34m|[0m /* 17.1486 */}()[0m
     [36m| [0m[34m|[0m /* 17.1487 */[0m
     [36m| [0m[34m|[0m /* 17.1488 */[0m
     [36m| [0m[34m|[0m /* 17.1489 */{ => let caseConfig = Configuration()[0m
     [36m| [0m[34m|[0m /* 17.1490 */[0m
     [36m| [0m[34m|[0m /* 17.1491 */let cancellingACompletedHandleIsOneShotAndDoesNotDisturbConnectionReuseTestFunc = { => cancellingACompletedHandleIsOneShotAndDoesNotDisturbConnectionReuse();() }[0m
     [36m| [0m[34m|[0m /* 17.1492 */suiteBuilder.add([0m
     [36m| [0m[34m|[0m /* 17.1493 */UnitTestCase.create([0m
     [36m| [0m[34m|[0m /* 17.1494 */"cancellingACompletedHandleIsOneShotAndDoesNotDisturbConnectionReuse",[0m
     [36m| [0m[34m|[0m /* 17.1495 */configuration: caseConfig,[0m
     [36m| [0m[34m|[0m /* 17.1496 */body: cancellingACompletedHandleIsOneShotAndDoesNotDisturbConnectionReuseTestFunc[0m
     [36m| [0m[34m|[0m /* 17.1497 */)[0m
     [36m| [0m[34m|[0m /* 17.1498 */)[0m
     [36m| [0m[34m|[0m /* 17.1499 */[0m
     [36m| [0m[34m|[0m /* 17.1500 */}()[0m
     [36m| [0m[34m|[0m /* 17.1501 */[0m
     [36m| [0m[34m|[0m /* 17.1502 */return suiteBuilder.build()[0m
     [36m| [0m[34m|[0m /* 17.1503 */}[0m
     [36m| [0m[34m|[0m /* 17.1504 */private func inheritedFromClassAnnotatedByTestTemplate < T >(): TestSuite where T <: TestClass {[0m
     [36m| [0m[34m|[0m /* 17.1505 */throw Exception("Unreachable code")[0m
     [36m| [0m[34m|[0m /* 17.1506 */}[0m
     [36m| [0m[34m|[0m /* 17.1507 */}[0m
     [36m| [0m[34m|[0m /* 17.1508 */[0m
     [36m| [0m[34m|[0m /* 17.1509 */[0m
     [36m| [0m[34m|[0m /* 17.1510 */interface TestPackageExtension_HttpFacadeTest {[0m
     [36m| [0m[34m|[0m /* 17.1511 */func registerHttpFacadeTest(): Unit[0m
     [36m| [0m[34m|[0m /* 17.1512 */}[0m
     [36m| [0m[34m|[0m /* 17.1513 */extend TestPackage <: TestPackageExtension_HttpFacadeTest {[0m
     [36m| [0m[34m|[0m /* 17.1514 */@Attribute[TEST_REGISTER][0m
     [36m| [0m[34m|[0m /* 17.1515 */public func registerHttpFacadeTest() {[0m
     [36m| [0m[34m|[0m /* 17.1516 */registerSuite({ => HttpFacadeTest().asTestSuite() })[0m
     [36m| [0m[34m|[0m /* 17.1517 */}[0m
     [36m| [0m[34m|[0m /* 17.1518 */}[0m
     [36m| [0m[34m|[0m /* 17.1519 */[0m
     [36m| [0m[34m|[0m[34m_[0m[34m____________^[0m
     [36m| [0m

[31merror[0m: missing argument prefix 'headers:' or 'limits:' for named parameter
    [36m==>[0m <repo-root>/build/m8-008/red-20260909T172645Z/repo/src/http/facade_test.cj:1566:17:
     [36m| [0m
[36m1566[0m [36m| [0m                HttpHeaders(),[0m
     [36m| [0m                [31m^ [0m
     [36m| [0m
[34mnote[0m: which is expanded as follows
     [36m| [0m
     [36m| [0m/* 17.1033 */let exchanged = http1test.performHttp1Connect(raw, HttpUrl.parse("http://origin.test:443/"), HttpHeaders(), context: OperationContext(deadline: Some(Deadline.after(3 * Duration.second))))[0m
     [36m| [0m                                                                                                          [34m^^^^^^^^^^^^^ [0m
     [36m| [0m
[34mnote[0m: the error occurs after the macro is expanded
    [36m==>[0m <repo-root>/build/m8-008/red-20260909T172645Z/repo/src/http/facade_test.cj:17:1:
     [36m| [0m
[36m17[0m   [36m| [0m  @Test[0m
     [36m| [0m [34m_[0m[34m^[0m
[36m18[0m   [36m| [0m[34m|[0m class HttpFacadeTest {[0m
     [36m| [0m[34m|[0m ...[0m
[36m1685[0m [36m| [0m[34m|[0m }[0m
     [36m| [0m[34m|[0m[34m_[0m[34m^[0m
     [36m| [0m

[31merror[0m: missing argument for parameter list '(Struct-MutableByteSpan, Struct-OperationContext)' in call
    [36m==>[0m <repo-root>/build/m8-008/red-20260909T172645Z/repo/src/http/facade_test.cj:2494:41:
     [36m| [0m
[36m2494[0m [36m| [0m                match (accepted.readSome(transporttest.MutableByteSpan(buffer))) {[0m
     [36m| [0m                                        [31m^^^^^^^^^^^^^^^^^^^^^^^^^^^^^^^^^^^^^^^ expected 2 arguments, found 1[0m
     [36m| [0m
[34mnote[0m: found candidate
   [36m==>[0m (package wirestack)transport.cj:118:10:

[31merror[0m: class 'PublicSilentPeer' missing abstract modifier, otherwise abstract function or property should be implemented
    [36m==>[0m <repo-root>/build/m8-008/red-20260909T172645Z/repo/src/http/facade_test.cj:2467:1:
     [36m| [0m
[36m2467[0m [36m| [0mprivate class PublicSilentPeer <: Resource {[0m
     [36m| [0m[31m^ [0m
     [36m| [0m
[34mnote[0m: unimplemented interface function 'isClosed'
  [36m==>[0m (package std.core)resource.cj:12:5:

[31merror[0m: class 'PublicLateAcceptListener' missing abstract modifier, otherwise abstract function or property should be implemented
    [36m==>[0m <repo-root>/build/m8-008/red-20260909T172645Z/repo/src/http/facade_test.cj:2997:1:
     [36m| [0m
[36m2997[0m [36m| [0mprivate class PublicLateAcceptListener <: transporttest.TransportListener {[0m
     [36m| [0m[31m^ [0m
     [36m| [0m
[34mnote[0m: unimplemented interface function 'isClosed'
  [36m==>[0m (package std.core)resource.cj:12:5:

[31merror[0m: class 'PublicLateAcceptFixture' missing abstract modifier, otherwise abstract function or property should be implemented
    [36m==>[0m <repo-root>/build/m8-008/red-20260909T172645Z/repo/src/http/facade_test.cj:3078:1:
     [36m| [0m
[36m3078[0m [36m| [0mprivate class PublicLateAcceptFixture <: Resource {[0m
     [36m| [0m[31m^ [0m
     [36m| [0m
[34mnote[0m: unimplemented interface function 'isClosed'
  [36m==>[0m (package std.core)resource.cj:12:5:

6 errors generated, 6 errors printed.
Error: cjpm test failed
