test_artifact_marker_rejects_unresolved_shell_variable_operand (test_architecture_guard.ArchitectureGuardTests.test_artifact_marker_rejects_unresolved_shell_variable_operand) ... ok
test_assigned_digest_callable_cannot_hide_text_path_domain (test_architecture_guard.ArchitectureGuardTests.test_assigned_digest_callable_cannot_hide_text_path_domain) ... ok
test_assigned_subprocess_and_os_system_commands_are_rejected (test_architecture_guard.ArchitectureGuardTests.test_assigned_subprocess_and_os_system_commands_are_rejected) ... ok
test_assigned_text_path_rejects_artifact_byte_digest (test_architecture_guard.ArchitectureGuardTests.test_assigned_text_path_rejects_artifact_byte_digest) ... ok
test_build_configuration_rejects_openssl_loader_and_tls_ffi (test_architecture_guard.ArchitectureGuardTests.test_build_configuration_rejects_openssl_loader_and_tls_ffi) ... ok
test_build_configuration_rejects_system_openssl (test_architecture_guard.ArchitectureGuardTests.test_build_configuration_rejects_system_openssl) ... ok
test_cksum_sha256_routes_are_rejected (test_architecture_guard.ArchitectureGuardTests.test_cksum_sha256_routes_are_rejected) ... ok
test_composite_action_digest_is_scanned (test_architecture_guard.ArchitectureGuardTests.test_composite_action_digest_is_scanned) ... ok
test_composite_folded_command_and_helper_are_scanned (test_architecture_guard.ArchitectureGuardTests.test_composite_folded_command_and_helper_are_scanned) ... ok
test_concrete_provider_is_rejected_from_generic_tls_and_http (test_architecture_guard.ArchitectureGuardTests.test_concrete_provider_is_rejected_from_generic_tls_and_http) ... ok
test_config_scan_covers_nested_build_files (test_architecture_guard.ArchitectureGuardTests.test_config_scan_covers_nested_build_files) ... ok
test_fully_qualified_std_net_type_in_public_api_is_rejected (test_architecture_guard.ArchitectureGuardTests.test_fully_qualified_std_net_type_in_public_api_is_rejected) ... ok
test_generated_and_build_directories_are_ignored (test_architecture_guard.ArchitectureGuardTests.test_generated_and_build_directories_are_ignored) ... ok
test_internal_names_in_comments_and_literals_do_not_trigger (test_architecture_guard.ArchitectureGuardTests.test_internal_names_in_comments_and_literals_do_not_trigger) ... ok
test_invalid_utf8_helper_fails_closed (test_architecture_guard.ArchitectureGuardTests.test_invalid_utf8_helper_fails_closed) ... ok
test_json_mode_has_stable_machine_readable_shape (test_architecture_guard.ArchitectureGuardTests.test_json_mode_has_stable_machine_readable_shape) ... ok
test_keyword_text_path_rejects_artifact_byte_digest (test_architecture_guard.ArchitectureGuardTests.test_keyword_text_path_rejects_artifact_byte_digest) ... ok
test_legacy_global_tls_provider_is_rejected (test_architecture_guard.ArchitectureGuardTests.test_legacy_global_tls_provider_is_rejected) ... ok
test_literal_log_path_is_text_evidence (test_architecture_guard.ArchitectureGuardTests.test_literal_log_path_is_text_evidence) ... ok
test_local_digest_wrapper_cannot_hide_text_path_domain (test_architecture_guard.ArchitectureGuardTests.test_local_digest_wrapper_cannot_hide_text_path_domain) ... ok
test_low_level_names_in_public_comments_and_literals_do_not_trigger (test_architecture_guard.ArchitectureGuardTests.test_low_level_names_in_public_comments_and_literals_do_not_trigger) ... ok
test_manifest_cannot_hide_folded_text_operand (test_architecture_guard.ArchitectureGuardTests.test_manifest_cannot_hide_folded_text_operand) ... ok
test_multiple_rules_on_one_config_line_are_all_reported (test_architecture_guard.ArchitectureGuardTests.test_multiple_rules_on_one_config_line_are_all_reported) ... ok
test_native_code_rejects_system_openssl_runtime_loader (test_architecture_guard.ArchitectureGuardTests.test_native_code_rejects_system_openssl_runtime_loader) ... ok
test_network_package_rejects_sdk_socket_types_but_allows_owned_raw_socket (test_architecture_guard.ArchitectureGuardTests.test_network_package_rejects_sdk_socket_types_but_allows_owned_raw_socket) ... ok
test_non_python_digest_requires_explicit_domain_marker (test_architecture_guard.ArchitectureGuardTests.test_non_python_digest_requires_explicit_domain_marker) ... ok
test_non_python_domain_manifest_matches_exact_command (test_architecture_guard.ArchitectureGuardTests.test_non_python_domain_manifest_matches_exact_command) ... ok
test_non_python_tool_digest_is_scanned (test_architecture_guard.ArchitectureGuardTests.test_non_python_tool_digest_is_scanned) ... ok
test_one_way_public_to_internal_dependency_is_allowed (test_architecture_guard.ArchitectureGuardTests.test_one_way_public_to_internal_dependency_is_allowed) ... ok
test_openssl_and_embedded_python_digest_commands_are_rejected (test_architecture_guard.ArchitectureGuardTests.test_openssl_and_embedded_python_digest_commands_are_rejected) ... ok
test_openssl_shortcut_and_license_operand_are_rejected (test_architecture_guard.ArchitectureGuardTests.test_openssl_shortcut_and_license_operand_are_rejected) ... ok
test_package_must_match_source_path (test_architecture_guard.ArchitectureGuardTests.test_package_must_match_source_path) ... ok
test_pinned_static_provider_archive_is_allowed (test_architecture_guard.ArchitectureGuardTests.test_pinned_static_provider_archive_is_allowed) ... ok
test_powershell_sha256_api_is_rejected (test_architecture_guard.ArchitectureGuardTests.test_powershell_sha256_api_is_rejected) ... ok
test_private_runtime_and_legacy_stack_are_rejected (test_architecture_guard.ArchitectureGuardTests.test_private_runtime_and_legacy_stack_are_rejected) ... ok
test_public_alias_to_internal_import_is_rejected (test_architecture_guard.ArchitectureGuardTests.test_public_alias_to_internal_import_is_rejected) ... ok
test_public_alias_to_public_owner_is_allowed (test_architecture_guard.ArchitectureGuardTests.test_public_alias_to_public_owner_is_allowed) ... ok
test_public_header_with_internal_import_is_rejected (test_architecture_guard.ArchitectureGuardTests.test_public_header_with_internal_import_is_rejected) ... ok
test_public_internal_dependency_cycle_is_rejected_deterministically (test_architecture_guard.ArchitectureGuardTests.test_public_internal_dependency_cycle_is_rejected_deterministically) ... ok
test_public_member_of_private_class_is_not_exported (test_architecture_guard.ArchitectureGuardTests.test_public_member_of_private_class_is_not_exported) ... ok
test_public_member_of_public_class_with_internal_type_is_rejected (test_architecture_guard.ArchitectureGuardTests.test_public_member_of_public_class_with_internal_type_is_rejected) ... ok
test_python_digest_alias_and_raw_subprocess_are_rejected (test_architecture_guard.ArchitectureGuardTests.test_python_digest_alias_and_raw_subprocess_are_rejected) ... ok
test_repository_evidence_rejects_untyped_digest_comparison (test_architecture_guard.ArchitectureGuardTests.test_repository_evidence_rejects_untyped_digest_comparison) ... ok
test_repository_rejects_alternate_hashlib_constructor_import (test_architecture_guard.ArchitectureGuardTests.test_repository_rejects_alternate_hashlib_constructor_import) ... ok
test_repository_rejects_ambiguous_digest_helper (test_architecture_guard.ArchitectureGuardTests.test_repository_rejects_ambiguous_digest_helper) ... ok
test_repository_rejects_compare_digest_on_bare_digest_field (test_architecture_guard.ArchitectureGuardTests.test_repository_rejects_compare_digest_on_bare_digest_field) ... ok
test_repository_rejects_direct_sha256_import (test_architecture_guard.ArchitectureGuardTests.test_repository_rejects_direct_sha256_import) ... ok
test_repository_rejects_named_digest_field_comparison (test_architecture_guard.ArchitectureGuardTests.test_repository_rejects_named_digest_field_comparison) ... ok
test_repository_rejects_raw_hashlib_digest_outside_control_plane (test_architecture_guard.ArchitectureGuardTests.test_repository_rejects_raw_hashlib_digest_outside_control_plane) ... ok
test_repository_traces_assigned_digest_field_into_comparison (test_architecture_guard.ArchitectureGuardTests.test_repository_traces_assigned_digest_field_into_comparison) ... ok
test_root_build_rejects_provider_specific_paths (test_architecture_guard.ArchitectureGuardTests.test_root_build_rejects_provider_specific_paths) ... ok
test_scripts_python_is_scanned_for_digest_violations (test_architecture_guard.ArchitectureGuardTests.test_scripts_python_is_scanned_for_digest_violations) ... ok
test_source_comments_and_literals_do_not_trigger (test_architecture_guard.ArchitectureGuardTests.test_source_comments_and_literals_do_not_trigger) ... ok
test_std_net_import_outside_adapter_is_rejected (test_architecture_guard.ArchitectureGuardTests.test_std_net_import_outside_adapter_is_rejected) ... ok
test_test_provider_is_rejected_from_production_source (test_architecture_guard.ArchitectureGuardTests.test_test_provider_is_rejected_from_production_source) ... ok
test_text_domain_marker_cannot_approve_raw_digest_command (test_architecture_guard.ArchitectureGuardTests.test_text_domain_marker_cannot_approve_raw_digest_command) ... ok
test_text_evidence_rejects_artifact_digest_and_utf8_fallback (test_architecture_guard.ArchitectureGuardTests.test_text_evidence_rejects_artifact_digest_and_utf8_fallback) ... ok
test_text_path_rejects_artifact_byte_entry_outside_control_plane (test_architecture_guard.ArchitectureGuardTests.test_text_path_rejects_artifact_byte_entry_outside_control_plane) ... ok
test_unqualified_low_level_and_native_types_in_public_api_are_rejected (test_architecture_guard.ArchitectureGuardTests.test_unqualified_low_level_and_native_types_in_public_api_are_rejected) ... ok
test_valid_packages_and_allowed_std_net_adapter_pass (test_architecture_guard.ArchitectureGuardTests.test_valid_packages_and_allowed_std_net_adapter_pass) ... ok
test_fails_closed_when_live_leases_fill_capacity (test_build_apple_resolver.BuildAppleResolverCacheTests.test_fails_closed_when_live_leases_fill_capacity) ... ok
test_never_evicts_an_active_cjpm_lease (test_build_apple_resolver.BuildAppleResolverCacheTests.test_never_evicts_an_active_cjpm_lease) ... ok
test_rejects_malformed_lease_without_deleting_its_entry (test_build_apple_resolver.BuildAppleResolverCacheTests.test_rejects_malformed_lease_without_deleting_its_entry) ... ok
test_removes_stale_leases_before_pruning (test_build_apple_resolver.BuildAppleResolverCacheTests.test_removes_stale_leases_before_pruning) ... ok
test_cache_pruning_is_bounded_and_preserves_current (test_build_linux_http_files.BuildLinuxHttpFilesTests.test_cache_pruning_is_bounded_and_preserves_current) ... ok
test_cached_archive_requires_matching_fingerprint_and_bytes (test_build_linux_http_files.BuildLinuxHttpFilesTests.test_cached_archive_requires_matching_fingerprint_and_bytes) ... ok
test_fingerprint_binds_source_header_builder_target_and_every_tool (test_build_linux_http_files.BuildLinuxHttpFilesTests.test_fingerprint_binds_source_header_builder_target_and_every_tool) ... ok
test_platform_selection_rejects_non_linux_and_musl (test_build_linux_http_files.BuildLinuxHttpFilesTests.test_platform_selection_rejects_non_linux_and_musl) ... ok
test_darwin_resolver_selection_uses_the_cjpm_target_path (test_build_resolver.BuildResolverSelectionTests.test_darwin_resolver_selection_uses_the_cjpm_target_path) ... ok
test_linux_native_build_executes_http_files_builder (test_build_resolver.BuildResolverSelectionTests.test_linux_native_build_executes_http_files_builder) ... ok
test_native_dependency_plan_does_not_build_linux_tls_on_windows (test_build_resolver.BuildResolverSelectionTests.test_native_dependency_plan_does_not_build_linux_tls_on_windows) ... ok
test_normalizes_only_implemented_platforms (test_build_resolver.BuildResolverSelectionTests.test_normalizes_only_implemented_platforms) ... ok
test_windows_source_digest_is_line_ending_stable_and_content_bound (test_build_resolver.BuildResolverSelectionTests.test_windows_source_digest_is_line_ending_stable_and_content_bound) ... ok
test_atomic_json (test_codex_fleet.FleetTests.test_atomic_json) ... ok
test_blocked_excluded (test_codex_fleet.FleetTests.test_blocked_excluded) ... ok
test_prompt_boundaries (test_codex_fleet.FleetTests.test_prompt_boundaries) ... ok
test_range_expansion (test_codex_fleet.FleetTests.test_range_expansion) ... ok
test_ready_wave (test_codex_fleet.FleetTests.test_ready_wave) ... ok
test_rejects_missing_duplicate_and_non_https_assets (test_download_cangjie_nightly.DownloadCangjieNightlyTests.test_rejects_missing_duplicate_and_non_https_assets) ... ok
test_resolves_one_exact_official_asset_name (test_download_cangjie_nightly.DownloadCangjieNightlyTests.test_resolves_one_exact_official_asset_name) ... ok
test_accepted_adr_defines_the_sdk_trigger (test_linux_profile_scope.LinuxProfileScopeTests.test_accepted_adr_defines_the_sdk_trigger) ... ok
test_active_backlog_uses_glibc_and_future_task_owns_musl (test_linux_profile_scope.LinuxProfileScopeTests.test_active_backlog_uses_glibc_and_future_task_owns_musl) ... ok
test_linux_status_closes_glibc_tasks_without_claiming_musl (test_linux_profile_scope.LinuxProfileScopeTests.test_linux_status_closes_glibc_tasks_without_claiming_musl) ... ok
test_prd_defers_musl_and_requires_glibc (test_linux_profile_scope.LinuxProfileScopeTests.test_prd_defers_musl_and_requires_glibc) ... ok
test_build_is_content_addressed_and_cache_is_revalidated (test_linux_resolver_build.LinuxResolverBuildTests.test_build_is_content_addressed_and_cache_is_revalidated) ... ok
test_cached_manifest_requires_matching_fingerprint (test_linux_resolver_build.LinuxResolverBuildTests.test_cached_manifest_requires_matching_fingerprint) ... ok
test_fingerprint_covers_source_header_and_target (test_linux_resolver_build.LinuxResolverBuildTests.test_fingerprint_covers_source_header_and_target) ... ok
test_build_fingerprint_covers_shim_and_target (test_linux_tls_provider_build.LinuxTlsProviderBuildTests.test_build_fingerprint_covers_shim_and_target) ... ok
test_cached_archive_digest_is_revalidated (test_linux_tls_provider_build.LinuxTlsProviderBuildTests.test_cached_archive_digest_is_revalidated) ... ok
test_git_diagnostics_do_not_change_source_identity (test_linux_tls_provider_build.LinuxTlsProviderBuildTests.test_git_diagnostics_do_not_change_source_identity) ... ok
test_multicall_tool_symlink_name_is_preserved (test_linux_tls_provider_build.LinuxTlsProviderBuildTests.test_multicall_tool_symlink_name_is_preserved) ... ok
test_repository_manifest_is_exactly_pinned (test_linux_tls_provider_build.LinuxTlsProviderBuildTests.test_repository_manifest_is_exactly_pinned) ... ok
test_source_pin_changes_fail_closed (test_linux_tls_provider_build.LinuxTlsProviderBuildTests.test_source_pin_changes_fail_closed) ... ok
test_atomic_report_replaces_old_content_with_valid_json (test_m3_029_linux_tls_facade.M3029LinuxTlsFacadeTest.test_atomic_report_replaces_old_content_with_valid_json) ... ok
test_consumer_manifest_uses_public_dependency_without_internal_packages (test_m3_029_linux_tls_facade.M3029LinuxTlsFacadeTest.test_consumer_manifest_uses_public_dependency_without_internal_packages) ... ok
test_fixture_package_rewrite_is_exactly_one_source_declaration (test_m3_029_linux_tls_facade.M3029LinuxTlsFacadeTest.test_fixture_package_rewrite_is_exactly_one_source_declaration) ... ok
test_platform_gate_fails_closed (test_m3_029_linux_tls_facade.M3029LinuxTlsFacadeTest.test_platform_gate_fails_closed) ... ok
test_smoke_output_requires_both_real_and_public_markers (test_m3_029_linux_tls_facade.M3029LinuxTlsFacadeTest.test_smoke_output_requires_both_real_and_public_markers) ... ok
test_cangjie_ffi_parameter_and_return_drift_fail_closed (test_m3_030_tls_provider_architecture.M3030TlsProviderArchitectureTests.test_cangjie_ffi_parameter_and_return_drift_fail_closed) ... ok
test_contract_covers_every_production_tls_import (test_m3_030_tls_provider_architecture.M3030TlsProviderArchitectureTests.test_contract_covers_every_production_tls_import) ... ok
test_default_selection_is_exact_linux_aws_lc (test_m3_030_tls_provider_architecture.M3030TlsProviderArchitectureTests.test_default_selection_is_exact_linux_aws_lc) ... ok
test_disallowed_platform_provider_pair_fails_closed (test_m3_030_tls_provider_architecture.M3030TlsProviderArchitectureTests.test_disallowed_platform_provider_pair_fails_closed) ... ok
test_future_adapter_registration_does_not_modify_generic_source (test_m3_030_tls_provider_architecture.M3030TlsProviderArchitectureTests.test_future_adapter_registration_does_not_modify_generic_source) ... ok
test_manifest_identity_version_source_and_abi_mismatches_fail (test_m3_030_tls_provider_architecture.M3030TlsProviderArchitectureTests.test_manifest_identity_version_source_and_abi_mismatches_fail) ... ok
test_missing_abi_function_and_false_capability_are_rejected (test_m3_030_tls_provider_architecture.M3030TlsProviderArchitectureTests.test_missing_abi_function_and_false_capability_are_rejected) ... ok
test_missing_manifest_and_path_escape_are_rejected (test_m3_030_tls_provider_architecture.M3030TlsProviderArchitectureTests.test_missing_manifest_and_path_escape_are_rejected) ... ok
test_native_header_parameter_and_return_drift_fail_closed (test_m3_030_tls_provider_architecture.M3030TlsProviderArchitectureTests.test_native_header_parameter_and_return_drift_fail_closed) ... ok
test_signature_schema_and_calling_convention_fail_closed (test_m3_030_tls_provider_architecture.M3030TlsProviderArchitectureTests.test_signature_schema_and_calling_convention_fail_closed) ... ok
test_task_manifest_contains_no_long_gate (test_m3_030_tls_provider_architecture.M3030TlsProviderArchitectureTests.test_task_manifest_contains_no_long_gate) ... ok
test_unknown_platform_fails_without_fallback (test_m3_030_tls_provider_architecture.M3030TlsProviderArchitectureTests.test_unknown_platform_fails_without_fallback) ... ok
test_unknown_provider_on_known_platform_fails_without_fallback (test_m3_030_tls_provider_architecture.M3030TlsProviderArchitectureTests.test_unknown_provider_on_known_platform_fails_without_fallback) ... ok
test_unknown_schema_and_field_are_rejected (test_m3_030_tls_provider_architecture.M3030TlsProviderArchitectureTests.test_unknown_schema_and_field_are_rejected) ... ok
test_atomic_report_replacement_preserves_old_file_on_failure (test_m3_031_desktop_tls_adoption.M3031DesktopTlsAdoptionTests.test_atomic_report_replacement_preserves_old_file_on_failure) ... ok
test_dependency_evidence_json_preserves_exact_artifact_bytes (test_m3_031_desktop_tls_adoption.M3031DesktopTlsAdoptionTests.test_dependency_evidence_json_preserves_exact_artifact_bytes) ... ok
test_dependency_evidence_rejects_source_and_native_report_drift (test_m3_031_desktop_tls_adoption.M3031DesktopTlsAdoptionTests.test_dependency_evidence_rejects_source_and_native_report_drift) ... ok
test_desktop_acceptance_column_cannot_be_weakened (test_m3_031_desktop_tls_adoption.M3031DesktopTlsAdoptionTests.test_desktop_acceptance_column_cannot_be_weakened) ... ok
test_exact_native_desktop_results_pass (test_m3_031_desktop_tls_adoption.M3031DesktopTlsAdoptionTests.test_exact_native_desktop_results_pass) ... ok
test_failed_poc_wrong_runner_and_source_identity_are_rejected (test_m3_031_desktop_tls_adoption.M3031DesktopTlsAdoptionTests.test_failed_poc_wrong_runner_and_source_identity_are_rejected) ... ok
test_hosted_run_is_bound_to_current_provider_inputs (test_m3_031_desktop_tls_adoption.M3031DesktopTlsAdoptionTests.test_hosted_run_is_bound_to_current_provider_inputs) ... ok
test_missing_core_declaration_fails_closed (test_m3_031_desktop_tls_adoption.M3031DesktopTlsAdoptionTests.test_missing_core_declaration_fails_closed) ... ok
test_partial_skipped_and_unknown_schema_never_pass (test_m3_031_desktop_tls_adoption.M3031DesktopTlsAdoptionTests.test_partial_skipped_and_unknown_schema_never_pass) ... ok
test_provider_license_bundle_is_retained_and_digest_bound (test_m3_031_desktop_tls_adoption.M3031DesktopTlsAdoptionTests.test_provider_license_bundle_is_retained_and_digest_bound) ... ok
test_provider_manifest_cannot_move_the_approved_pin (test_m3_031_desktop_tls_adoption.M3031DesktopTlsAdoptionTests.test_provider_manifest_cannot_move_the_approved_pin) ... ok
test_repository_core_audit_rejects_unqualified_historical_evidence (test_m3_031_desktop_tls_adoption.M3031DesktopTlsAdoptionTests.test_repository_core_audit_rejects_unqualified_historical_evidence) ... ok
test_repository_text_digest_is_checkout_line_ending_stable (test_m3_031_desktop_tls_adoption.M3031DesktopTlsAdoptionTests.test_repository_text_digest_is_checkout_line_ending_stable) ... ok
test_retained_report_and_tls_source_drift_fail_closed (test_m3_031_desktop_tls_adoption.M3031DesktopTlsAdoptionTests.test_retained_report_and_tls_source_drift_fail_closed) ... ok
test_retained_windows_provider_license_digest_is_stale (test_m3_031_desktop_tls_adoption.M3031DesktopTlsAdoptionTests.test_retained_windows_provider_license_digest_is_stale) ... ok
test_stale_revision_is_rejected (test_m3_031_desktop_tls_adoption.M3031DesktopTlsAdoptionTests.test_stale_revision_is_rejected) ... ok
test_validate_provider_honors_selected_root (test_m3_031_desktop_tls_adoption.M3031DesktopTlsAdoptionTests.test_validate_provider_honors_selected_root) ... ok
test_wrong_platform_and_provider_are_rejected (test_m3_031_desktop_tls_adoption.M3031DesktopTlsAdoptionTests.test_wrong_platform_and_provider_are_rejected) ... ok
test_accepts_exact_profile_contract (test_m6_026_http2_concurrent_bodies.M6026GateTest.test_accepts_exact_profile_contract) ... ok
test_accepts_test_runner_stdout_indentation (test_m6_026_http2_concurrent_bodies.M6026GateTest.test_accepts_test_runner_stdout_indentation) ... ok
test_atomic_report_preserves_old_target_on_replace_failure (test_m6_026_http2_concurrent_bodies.M6026GateTest.test_atomic_report_preserves_old_target_on_replace_failure) ... ok
test_atomic_report_replaces_target (test_m6_026_http2_concurrent_bodies.M6026GateTest.test_atomic_report_replaces_target) ... ok
test_rejects_missing_or_duplicate_result_marker (test_m6_026_http2_concurrent_bodies.M6026GateTest.test_rejects_missing_or_duplicate_result_marker) ... ok
test_rejects_short_or_failed_profile (test_m6_026_http2_concurrent_bodies.M6026GateTest.test_rejects_short_or_failed_profile) ... ok
test_rejects_skipped_target_masquerading_as_pass (test_m6_026_http2_concurrent_bodies.M6026GateTest.test_rejects_skipped_target_masquerading_as_pass) ... ok
test_source_digests_resolve_paths_from_repository_root (test_m6_026_http2_concurrent_bodies.M6026GateTest.test_source_digests_resolve_paths_from_repository_root) ... ok
test_blocker_list_must_match_gaps (test_m7_019_linux_audit.M7019LinuxAuditTest.test_blocker_list_must_match_gaps) ... ok
test_canonical_audit_passes (test_m7_019_linux_audit.M7019LinuxAuditTest.test_canonical_audit_passes) ... ok
test_missing_requirement_fails (test_m7_019_linux_audit.M7019LinuxAuditTest.test_missing_requirement_fails) ... ok
test_mobile_only_criterion_cannot_pass (test_m7_019_linux_audit.M7019LinuxAuditTest.test_mobile_only_criterion_cannot_pass) ... ok
test_required_gap_cannot_be_weakened (test_m7_019_linux_audit.M7019LinuxAuditTest.test_required_gap_cannot_be_weakened) ... ok
test_strict_validation_rejects_stale_current_source (test_m7_019_linux_audit.M7019LinuxAuditTest.test_strict_validation_rejects_stale_current_source) ... ok
test_structural_evidence_path_must_remain_relative (test_m7_019_linux_audit.M7019LinuxAuditTest.test_structural_evidence_path_must_remain_relative) ... ok
test_structural_mode_allows_missing_historical_evidence (test_m7_019_linux_audit.M7019LinuxAuditTest.test_structural_mode_allows_missing_historical_evidence) ... ok
test_canonical_audit_passes (test_m7_020_architecture_audit.M7020ArchitectureAuditTest.test_canonical_audit_passes) ... ok
test_missing_check_fails (test_m7_020_architecture_audit.M7020ArchitectureAuditTest.test_missing_check_fails) ... ok
test_pass_cannot_be_weakened (test_m7_020_architecture_audit.M7020ArchitectureAuditTest.test_pass_cannot_be_weakened) ... ok
test_stale_guard_hash_fails (test_m7_020_architecture_audit.M7020ArchitectureAuditTest.test_stale_guard_hash_fails) ... ok
test_std_net_adapter_inventory_schema_is_strict (test_m7_020_architecture_audit.M7020ArchitectureAuditTest.test_std_net_adapter_inventory_schema_is_strict) ... ok
test_strict_validation_rejects_stale_current_source (test_m7_020_architecture_audit.M7020ArchitectureAuditTest.test_strict_validation_rejects_stale_current_source) ... ok
test_structural_inventory_rejects_boolean_counts (test_m7_020_architecture_audit.M7020ArchitectureAuditTest.test_structural_inventory_rejects_boolean_counts) ... ok
test_structural_inventory_rejects_escaping_path (test_m7_020_architecture_audit.M7020ArchitectureAuditTest.test_structural_inventory_rejects_escaping_path) ... ok
test_structural_inventory_rejects_non_text_std_net_entry (test_m7_020_architecture_audit.M7020ArchitectureAuditTest.test_structural_inventory_rejects_non_text_std_net_entry) ... ok
test_structural_inventory_rejects_std_net_outside_adapter (test_m7_020_architecture_audit.M7020ArchitectureAuditTest.test_structural_inventory_rejects_std_net_outside_adapter) ... ok
test_structural_inventory_rejects_zero_counts (test_m7_020_architecture_audit.M7020ArchitectureAuditTest.test_structural_inventory_rejects_zero_counts) ... ok
test_structural_mode_does_not_consult_current_guard_rules (test_m7_020_architecture_audit.M7020ArchitectureAuditTest.test_structural_mode_does_not_consult_current_guard_rules) ... ok
test_archive_is_byte_reproducible_and_has_normalized_metadata (test_m7_021_linux_release.M7021LinuxReleaseTest.test_archive_is_byte_reproducible_and_has_normalized_metadata) ... ok
test_committed_qualification_report_is_structurally_valid (test_m7_021_linux_release.M7021LinuxReleaseTest.test_committed_qualification_report_is_structurally_valid) ... ok
test_consumer_manifest_points_only_at_installed_package (test_m7_021_linux_release.M7021LinuxReleaseTest.test_consumer_manifest_points_only_at_installed_package) ... ok
test_dependency_parsers_return_stable_names_without_addresses (test_m7_021_linux_release.M7021LinuxReleaseTest.test_dependency_parsers_return_stable_names_without_addresses) ... ok
test_http_files_manifest_binds_sources_tools_and_archive (test_m7_021_linux_release.M7021LinuxReleaseTest.test_http_files_manifest_binds_sources_tools_and_archive) ... ok
test_main_translates_invalid_text_digest_to_controlled_failure (test_m7_021_linux_release.M7021LinuxReleaseTest.test_main_translates_invalid_text_digest_to_controlled_failure) ... ok
test_openssl_dependency_names_fail_closed (test_m7_021_linux_release.M7021LinuxReleaseTest.test_openssl_dependency_names_fail_closed) ... ok
test_payload_loader_strings_fail_closed (test_m7_021_linux_release.M7021LinuxReleaseTest.test_payload_loader_strings_fail_closed) ... ok
test_production_sources_exclude_every_test_file (test_m7_021_linux_release.M7021LinuxReleaseTest.test_production_sources_exclude_every_test_file) ... ok
test_qualification_inputs_bind_native_manifests_sources_and_build_logic (test_m7_021_linux_release.M7021LinuxReleaseTest.test_qualification_inputs_bind_native_manifests_sources_and_build_logic) ... ok
test_safe_extract_rejects_parent_traversal (test_m7_021_linux_release.M7021LinuxReleaseTest.test_safe_extract_rejects_parent_traversal) ... ok
test_smoke_output_requires_https_runtime_and_fingerprint (test_m7_021_linux_release.M7021LinuxReleaseTest.test_smoke_output_requires_https_runtime_and_fingerprint) ... ok
test_strict_validation_rejects_source_drift (test_m7_021_linux_release.M7021LinuxReleaseTest.test_strict_validation_rejects_source_drift) ... ok
test_structural_validation_accepts_frozen_input_keys_but_rejects_escape (test_m7_021_linux_release.M7021LinuxReleaseTest.test_structural_validation_accepts_frozen_input_keys_but_rejects_escape) ... ok
test_text_metadata_digest_is_line_ending_stable_while_payload_digest_is_exact (test_m7_021_linux_release.M7021LinuxReleaseTest.test_text_metadata_digest_is_line_ending_stable_while_payload_digest_is_exact) ... ok
test_artifact_missing_and_digest_drift_fail_before_execution (test_m7_022_linux_release_soak.M7022LinuxReleaseSoakTest.test_artifact_missing_and_digest_drift_fail_before_execution) ... ok
test_atomic_report_replaces_and_preserves_old_target_on_failure (test_m7_022_linux_release_soak.M7022LinuxReleaseSoakTest.test_atomic_report_replaces_and_preserves_old_target_on_failure) ... ok
test_bounded_tail_keeps_only_the_configured_suffix (test_m7_022_linux_release_soak.M7022LinuxReleaseSoakTest.test_bounded_tail_keeps_only_the_configured_suffix) ... ok
test_exact_artifact_digest_is_accepted (test_m7_022_linux_release_soak.M7022LinuxReleaseSoakTest.test_exact_artifact_digest_is_accepted) ... ok
test_exclusive_task_run_rejects_a_second_invocation (test_m7_022_linux_release_soak.M7022LinuxReleaseSoakTest.test_exclusive_task_run_rejects_a_second_invocation) ... ok
test_internal_import_and_package_drift_fail_closed (test_m7_022_linux_release_soak.M7022LinuxReleaseSoakTest.test_internal_import_and_package_drift_fail_closed) ... ok
test_isolated_raw_log_promotes_atomically_and_preserves_old_on_failure (test_m7_022_linux_release_soak.M7022LinuxReleaseSoakTest.test_isolated_raw_log_promotes_atomically_and_preserves_old_on_failure) ... ok
test_lock_failure_does_not_replace_active_run_report (test_m7_022_linux_release_soak.M7022LinuxReleaseSoakTest.test_lock_failure_does_not_replace_active_run_report) ... ok
test_marker_parser_accepts_exact_ordered_samples_and_one_result (test_m7_022_linux_release_soak.M7022LinuxReleaseSoakTest.test_marker_parser_accepts_exact_ordered_samples_and_one_result) ... ok
test_marker_parser_rejects_missing_duplicate_reordered_unknown_and_skipped (test_m7_022_linux_release_soak.M7022LinuxReleaseSoakTest.test_marker_parser_rejects_missing_duplicate_reordered_unknown_and_skipped) ... ok
test_metric_trend_accepts_limit_and_rejects_growth_or_monotonic_count (test_m7_022_linux_release_soak.M7022LinuxReleaseSoakTest.test_metric_trend_accepts_limit_and_rejects_growth_or_monotonic_count) ... ok
test_platform_rejects_other_os_cpu_and_musl (test_m7_022_linux_release_soak.M7022LinuxReleaseSoakTest.test_platform_rejects_other_os_cpu_and_musl) ... ok
test_resource_and_application_trends_fail_closed (test_m7_022_linux_release_soak.M7022LinuxReleaseSoakTest.test_resource_and_application_trends_fail_closed) ... ok
test_terminate_process_group_stops_running_child (test_m7_022_linux_release_soak.M7022LinuxReleaseSoakTest.test_terminate_process_group_stops_running_child) ... ok
test_workload_requires_duration_mix_cancellation_reset_and_terminal_cleanup (test_m7_022_linux_release_soak.M7022LinuxReleaseSoakTest.test_workload_requires_duration_mix_cancellation_reset_and_terminal_cleanup) ... ok
test_artifact_digest_mismatch_fails_closed (test_m7_025_linux_supply_chain.M7025LinuxSupplyChainTest.test_artifact_digest_mismatch_fails_closed) ... ok
test_committed_bundle_is_stale_after_digest_domain_migration (test_m7_025_linux_supply_chain.M7025LinuxSupplyChainTest.test_committed_bundle_is_stale_after_digest_domain_migration) ... ok
test_fingerprint_is_stable_and_dependency_sensitive (test_m7_025_linux_supply_chain.M7025LinuxSupplyChainTest.test_fingerprint_is_stable_and_dependency_sensitive) ... ok
test_generation_is_byte_deterministic (test_m7_025_linux_supply_chain.M7025LinuxSupplyChainTest.test_generation_is_byte_deterministic) ... ok
test_main_translates_invalid_license_text_to_controlled_failure (test_m7_025_linux_supply_chain.M7025LinuxSupplyChainTest.test_main_translates_invalid_license_text_to_controlled_failure) ... ok
test_sbom_distinguishes_project_and_public_suffix_licenses (test_m7_025_linux_supply_chain.M7025LinuxSupplyChainTest.test_sbom_distinguishes_project_and_public_suffix_licenses) ... ok
test_schema_two_rejects_missing_public_suffix_license (test_m7_025_linux_supply_chain.M7025LinuxSupplyChainTest.test_schema_two_rejects_missing_public_suffix_license) ... ok
test_schema_two_rejects_public_suffix_data_outside_its_source_pin (test_m7_025_linux_supply_chain.M7025LinuxSupplyChainTest.test_schema_two_rejects_public_suffix_data_outside_its_source_pin) ... ok
test_schema_two_requires_http_files_payload_but_schema_one_remains_readable (test_m7_025_linux_supply_chain.M7025LinuxSupplyChainTest.test_schema_two_requires_http_files_payload_but_schema_one_remains_readable) ... ok
test_wrong_project_license_expression_fails_closed (test_m7_025_linux_supply_chain.M7025LinuxSupplyChainTest.test_wrong_project_license_expression_fails_closed) ... ok
test_alias_target_member_change_changes_inventory (test_m7_026_linux_api_freeze.M7026LinuxApiFreezeTest.test_alias_target_member_change_changes_inventory) ... ok
test_body_only_change_is_stable_but_signature_change_is_not (test_m7_026_linux_api_freeze.M7026LinuxApiFreezeTest.test_body_only_change_is_stable_but_signature_change_is_not) ... ok
test_inventory_comparison_reports_add_remove_and_change (test_m7_026_linux_api_freeze.M7026LinuxApiFreezeTest.test_inventory_comparison_reports_add_remove_and_change) ... ok
test_network_signature_change_is_rejected (test_m7_026_linux_api_freeze.M7026LinuxApiFreezeTest.test_network_signature_change_is_rejected) ... ok
test_openssl_metadata_bool_is_allowed_but_cipher_string_is_not (test_m7_026_linux_api_freeze.M7026LinuxApiFreezeTest.test_openssl_metadata_bool_is_allowed_but_cipher_string_is_not) ... ok
test_package_identity_and_forbidden_types_fail_closed (test_m7_026_linux_api_freeze.M7026LinuxApiFreezeTest.test_package_identity_and_forbidden_types_fail_closed) ... ok
test_atomic_report_preserves_old_file_when_replace_fails (test_m7_027_linux_examples.M7027LinuxExamplesTest.test_atomic_report_preserves_old_file_when_replace_fails) ... ok
test_atomic_report_replaces_old_json (test_m7_027_linux_examples.M7027LinuxExamplesTest.test_atomic_report_replaces_old_json) ... ok
test_checked_in_guide_and_sources_satisfy_static_contract (test_m7_027_linux_examples.M7027LinuxExamplesTest.test_checked_in_guide_and_sources_satisfy_static_contract) ... ok
test_consumer_manifest_uses_only_public_dependency (test_m7_027_linux_examples.M7027LinuxExamplesTest.test_consumer_manifest_uses_only_public_dependency) ... ok
test_guide_missing_topic_and_legacy_recommendation_fail_with_stable_codes (test_m7_027_linux_examples.M7027LinuxExamplesTest.test_guide_missing_topic_and_legacy_recommendation_fail_with_stable_codes) ... ok
test_internal_import_and_inventory_drift_fail_closed (test_m7_027_linux_examples.M7027LinuxExamplesTest.test_internal_import_and_inventory_drift_fail_closed) ... ok
test_marker_validation_rejects_missing_duplicate_reordered_and_skipped (test_m7_027_linux_examples.M7027LinuxExamplesTest.test_marker_validation_rejects_missing_duplicate_reordered_and_skipped) ... ok
test_output_is_tail_bounded (test_m7_027_linux_examples.M7027LinuxExamplesTest.test_output_is_tail_bounded) ... ok
test_platform_gate_rejects_other_os_cpu_and_musl (test_m7_027_linux_examples.M7027LinuxExamplesTest.test_platform_gate_rejects_other_os_cpu_and_musl) ... ok
test_tool_command_uses_hosted_path_without_local_wrapper (test_m7_027_linux_examples.M7027LinuxExamplesTest.test_tool_command_uses_hosted_path_without_local_wrapper) ... ok
test_atomic_report_failure_preserves_previous_bytes (test_m7_028_security_review_package.M7028SecurityReviewPackageTests.test_atomic_report_failure_preserves_previous_bytes) ... ok
test_checked_in_package_is_valid (test_m7_028_security_review_package.M7028SecurityReviewPackageTests.test_checked_in_package_is_valid) ... ok
test_current_bound_inputs_require_pass_bundle_digest (test_m7_028_security_review_package.M7028SecurityReviewPackageTests.test_current_bound_inputs_require_pass_bundle_digest) ... ok
test_invalid_utf8_has_stable_structured_digest_error (test_m7_028_security_review_package.M7028SecurityReviewPackageTests.test_invalid_utf8_has_stable_structured_digest_error) ... ok
test_missing_file_and_digest_drift_are_rejected (test_m7_028_security_review_package.M7028SecurityReviewPackageTests.test_missing_file_and_digest_drift_are_rejected) ... ok
test_path_escape_is_rejected (test_m7_028_security_review_package.M7028SecurityReviewPackageTests.test_path_escape_is_rejected) ... ok
test_required_topic_and_compatibility_gate_are_enforced (test_m7_028_security_review_package.M7028SecurityReviewPackageTests.test_required_topic_and_compatibility_gate_are_enforced) ... ok
test_sensitive_data_is_rejected_without_echoing_value (test_m7_028_security_review_package.M7028SecurityReviewPackageTests.test_sensitive_data_is_rejected_without_echoing_value) ... ok
test_stale_or_skipped_evidence_cannot_claim_pass (test_m7_028_security_review_package.M7028SecurityReviewPackageTests.test_stale_or_skipped_evidence_cannot_claim_pass) ... ok
test_unknown_schema_and_field_are_rejected (test_m7_028_security_review_package.M7028SecurityReviewPackageTests.test_unknown_schema_and_field_are_rejected) ... ok
test_complete_no_finding_report_passes (test_m7_029_independent_security_review.M7029IndependentSecurityReviewTests.test_complete_no_finding_report_passes) ... ok
test_duplicate_and_unknown_finding_fields_fail (test_m7_029_independent_security_review.M7029IndependentSecurityReviewTests.test_duplicate_and_unknown_finding_fields_fail) ... ok
test_fixed_finding_requires_executed_digest_bound_regression (test_m7_029_independent_security_review.M7029IndependentSecurityReviewTests.test_fixed_finding_requires_executed_digest_bound_regression) ... ok
test_hosted_ci_nightly_resolution_fails_closed (test_m7_029_independent_security_review.M7029IndependentSecurityReviewTests.test_hosted_ci_nightly_resolution_fails_closed) ... ok
test_missing_review_is_blocked_and_atomic_failure_preserves_file (test_m7_029_independent_security_review.M7029IndependentSecurityReviewTests.test_missing_review_is_blocked_and_atomic_failure_preserves_file) ... ok
test_native_dependency_plan_uses_fail_closed_platform_selection (test_m7_029_independent_security_review.M7029IndependentSecurityReviewTests.test_native_dependency_plan_uses_fail_closed_platform_selection) ... ok
test_open_high_and_critical_findings_block_release (test_m7_029_independent_security_review.M7029IndependentSecurityReviewTests.test_open_high_and_critical_findings_block_release) ... ok
test_prepare_cli_returns_structured_invalid_utf8_failure (test_m7_029_independent_security_review.M7029IndependentSecurityReviewTests.test_prepare_cli_returns_structured_invalid_utf8_failure) ... ok
test_process_isolated_agent_requires_conflict_disclosure (test_m7_029_independent_security_review.M7029IndependentSecurityReviewTests.test_process_isolated_agent_requires_conflict_disclosure) ... ok
test_provider_manifest_is_a_repository_input (test_m7_029_independent_security_review.M7029IndependentSecurityReviewTests.test_provider_manifest_is_a_repository_input) ... git: <home>/cangjie_sdk/sts1.1.3/runtime/lib/linux_x86_64_cjnative/libpcre2-8.so.0: no version information available (required by git)
ok
test_reviewer_dates_conflicts_and_set_fields_are_strict (test_m7_029_independent_security_review.M7029IndependentSecurityReviewTests.test_reviewer_dates_conflicts_and_set_fields_are_strict) ... ok
test_reviewer_independence_is_required (test_m7_029_independent_security_review.M7029IndependentSecurityReviewTests.test_reviewer_independence_is_required) ... ok
test_sensitive_value_and_compatibility_gate_fail (test_m7_029_independent_security_review.M7029IndependentSecurityReviewTests.test_sensitive_value_and_compatibility_gate_fail) ... ok
test_stale_target_and_incomplete_scope_fail (test_m7_029_independent_security_review.M7029IndependentSecurityReviewTests.test_stale_target_and_incomplete_scope_fail) ... ok
test_atomic_report_failure_preserves_previous_bytes (test_m7_030_linux_release.M7030LinuxReleaseTest.test_atomic_report_failure_preserves_previous_bytes) ... ok
test_clean_consumer_and_malicious_archives (test_m7_030_linux_release.M7030LinuxReleaseTest.test_clean_consumer_and_malicious_archives) ... ok
test_current_inputs_build_strict_deterministic_manifest (test_m7_030_linux_release.M7030LinuxReleaseTest.test_current_inputs_build_strict_deterministic_manifest) ... ok
test_hosted_report_binds_three_verified_subjects (test_m7_030_linux_release.M7030LinuxReleaseTest.test_hosted_report_binds_three_verified_subjects) ... ok
test_hosted_report_cli_returns_structured_invalid_utf8_failure (test_m7_030_linux_release.M7030LinuxReleaseTest.test_hosted_report_cli_returns_structured_invalid_utf8_failure) ... ok
test_hosted_text_subject_separates_canonical_and_signed_payload_digests (test_m7_030_linux_release.M7030LinuxReleaseTest.test_hosted_text_subject_separates_canonical_and_signed_payload_digests) ... ok
test_json_duplicates_unknown_schema_paths_and_subjects_are_rejected (test_m7_030_linux_release.M7030LinuxReleaseTest.test_json_duplicates_unknown_schema_paths_and_subjects_are_rejected) ... ok
test_key_type_identity_and_location_fail_closed_without_secret_output (test_m7_030_linux_release.M7030LinuxReleaseTest.test_key_type_identity_and_location_fail_closed_without_secret_output) ... ok
test_missing_or_stale_supply_chain_input_fails_closed (test_m7_030_linux_release.M7030LinuxReleaseTest.test_missing_or_stale_supply_chain_input_fails_closed) ... ok
test_offline_rehearsal_verifies_and_all_subject_or_signature_mutations_fail (test_m7_030_linux_release.M7030LinuxReleaseTest.test_offline_rehearsal_verifies_and_all_subject_or_signature_mutations_fail) ... ok
test_rehearsal_is_bounded_and_reads_hosted_gate_separately (test_m7_030_linux_release.M7030LinuxReleaseTest.test_rehearsal_is_bounded_and_reads_hosted_gate_separately) ... ok
test_rollback_requires_exact_signed_unexpired_authorization (test_m7_030_linux_release.M7030LinuxReleaseTest.test_rollback_requires_exact_signed_unexpired_authorization) ... ok
test_upgrade_requires_matching_signed_advisory_and_sbom (test_m7_030_linux_release.M7030LinuxReleaseTest.test_upgrade_requires_matching_signed_advisory_and_sbom) ... ok
test_workflow_is_pinned_and_missing_or_wrong_hosted_report_never_passes (test_m7_030_linux_release.M7030LinuxReleaseTest.test_workflow_is_pinned_and_missing_or_wrong_hosted_report_never_passes) ... ok
test_artifact_identity_rejects_each_cross_report_mismatch (test_m7_031_linux_candidate.M7031LinuxCandidateTests.test_artifact_identity_rejects_each_cross_report_mismatch) ... ok
test_atomic_replace_failure_preserves_previous_bytes (test_m7_031_linux_candidate.M7031LinuxCandidateTests.test_atomic_replace_failure_preserves_previous_bytes) ... ok
test_cli_returns_structured_digest_failure (test_m7_031_linux_candidate.M7031LinuxCandidateTests.test_cli_returns_structured_digest_failure) ... ok
test_committed_hosted_report_without_signed_payload_digest_is_stale (test_m7_031_linux_candidate.M7031LinuxCandidateTests.test_committed_hosted_report_without_signed_payload_digest_is_stale) ... ok
test_committed_report_matches_deterministic_generator (test_m7_031_linux_candidate.M7031LinuxCandidateTests.test_committed_report_matches_deterministic_generator) ... ok
test_criterion_inventory_rejects_missing_duplicate_unknown_and_skipped (test_m7_031_linux_candidate.M7031LinuxCandidateTests.test_criterion_inventory_rejects_missing_duplicate_unknown_and_skipped) ... ok
test_current_repository_generates_exact_go_report (test_m7_031_linux_candidate.M7031LinuxCandidateTests.test_current_repository_generates_exact_go_report) ... ok
test_historical_or_internal_public_api_cannot_pass (test_m7_031_linux_candidate.M7031LinuxCandidateTests.test_historical_or_internal_public_api_cannot_pass) ... ok
test_hosted_report_requires_all_three_verified_subjects (test_m7_031_linux_candidate.M7031LinuxCandidateTests.test_hosted_report_requires_all_three_verified_subjects) ... ok
test_json_schema_duplicate_key_and_path_escape_fail_closed (test_m7_031_linux_candidate.M7031LinuxCandidateTests.test_json_schema_duplicate_key_and_path_escape_fail_closed) ... ok
test_open_high_or_critical_finding_blocks_release (test_m7_031_linux_candidate.M7031LinuxCandidateTests.test_open_high_or_critical_finding_blocks_release) ... ok
test_soak_rejects_short_preflight_interruption_and_wrong_artifact (test_m7_031_linux_candidate.M7031LinuxCandidateTests.test_soak_rejects_short_preflight_interruption_and_wrong_artifact) ... ok
test_source_digest_drift_is_stale (test_m7_031_linux_candidate.M7031LinuxCandidateTests.test_source_digest_drift_is_stale) ... ok
test_structural_candidate_requires_complete_recorded_evidence_inventory (test_m7_031_linux_candidate.M7031LinuxCandidateTests.test_structural_candidate_requires_complete_recorded_evidence_inventory) ... ok
test_structural_candidate_reuses_recorded_evidence_without_live_hashing (test_m7_031_linux_candidate.M7031LinuxCandidateTests.test_structural_candidate_reuses_recorded_evidence_without_live_hashing) ... ok
test_current_inventory_has_only_public_alias_targets (test_m7_032_public_api_contract.M7032PublicApiContractTests.test_current_inventory_has_only_public_alias_targets) ... ok
test_public_package_sources_do_not_spell_internal_types_in_declarations (test_m7_032_public_api_contract.M7032PublicApiContractTests.test_public_package_sources_do_not_spell_internal_types_in_declarations) ... ok
test_stale_inventory_is_rejected_without_compatibility_verdict (test_m7_032_public_api_contract.M7032PublicApiContractTests.test_stale_inventory_is_rejected_without_compatibility_verdict) ... ok
test_task_manifest_has_no_long_running_command (test_m7_032_public_api_contract.M7032PublicApiContractTests.test_task_manifest_has_no_long_running_command) ... ok
test_atomic_report_preserves_previous_file_when_replace_fails (test_m7_033_docs.M7033DocsTests.test_atomic_report_preserves_previous_file_when_replace_fails) ... ok
test_doc_ir_diagnostics_are_not_hidden_by_success_status (test_m7_033_docs.M7033DocsTests.test_doc_ir_diagnostics_are_not_hidden_by_success_status) ... ok
test_partial_doc_ir_is_never_pass (test_m7_033_docs.M7033DocsTests.test_partial_doc_ir_is_never_pass) ... ok
test_path_escape_is_rejected (test_m7_033_docs.M7033DocsTests.test_path_escape_is_rejected) ... ok
test_public_source_view_excludes_tests_and_internal_package (test_m7_033_docs.M7033DocsTests.test_public_source_view_excludes_tests_and_internal_package) ... ok
test_skipped_or_partial_coverage_cannot_impersonate_pass (test_m7_033_docs.M7033DocsTests.test_skipped_or_partial_coverage_cannot_impersonate_pass) ... ok
test_unknown_api_schema_is_rejected (test_m7_033_docs.M7033DocsTests.test_unknown_api_schema_is_rejected) ... ok
test_unknown_doc_ir_schema_is_rejected (test_m7_033_docs.M7033DocsTests.test_unknown_doc_ir_schema_is_rejected) ... ok
test_version_mismatch_is_blocked_without_parsing_exception_text (test_m7_033_docs.M7033DocsTests.test_version_mismatch_is_blocked_without_parsing_exception_text) ... ok
test_linux_dependencies_exclude_global_and_upstream_blockers (test_m7_linux_task_graph.M7LinuxTaskGraphTests.test_linux_dependencies_exclude_global_and_upstream_blockers) ... ok
test_linux_graph_has_the_exact_frozen_task_set (test_m7_linux_task_graph.M7LinuxTaskGraphTests.test_linux_graph_has_the_exact_frozen_task_set) ... ok
test_task_counts_include_linux_profile_and_formal_follow_up_work (test_m7_linux_task_graph.M7LinuxTaskGraphTests.test_task_counts_include_linux_profile_and_formal_follow_up_work) ... ok
test_task_graph_has_fail_closed_audit_and_release_edges (test_m7_linux_task_graph.M7LinuxTaskGraphTests.test_task_graph_has_fail_closed_audit_and_release_edges) ... ok
test_invalid_labels_cannot_enter_generated_string_literals (test_m8_005_public_suffix.PublicSuffixGenerationTest.test_invalid_labels_cannot_enter_generated_string_literals) ... ok
test_punycode_preserves_sharp_s_instead_of_mapping_it_to_ss (test_m8_005_public_suffix.PublicSuffixGenerationTest.test_punycode_preserves_sharp_s_instead_of_mapping_it_to_ss) ... ok
test_rule_operators_and_inline_comments_preserve_matching_domains (test_m8_005_public_suffix.PublicSuffixGenerationTest.test_rule_operators_and_inline_comments_preserve_matching_domains) ... ok
test_strict_modes_reject_the_same_stale_records (test_p1_013_development_release_gate.P1013DevelopmentReleaseGateTests.test_strict_modes_reject_the_same_stale_records) ... ok
test_structural_modes_accept_frozen_records_without_local_release_artifact (test_p1_013_development_release_gate.P1013DevelopmentReleaseGateTests.test_structural_modes_accept_frozen_records_without_local_release_artifact) ... ok
test_atomic_report_preserves_target_on_injected_failure (test_p1_014_evidence_digest_types.EvidenceDigestTypeTests.test_atomic_report_preserves_target_on_injected_failure) ... ok
test_crlf_report_is_bounded_and_uses_actual_platform (test_p1_014_evidence_digest_types.EvidenceDigestTypeTests.test_crlf_report_is_bounded_and_uses_actual_platform) ... ok
test_crlf_report_reads_tracked_checkout_fixture_without_text_override (test_p1_014_evidence_digest_types.EvidenceDigestTypeTests.test_crlf_report_reads_tracked_checkout_fixture_without_text_override) ... git: <home>/cangjie_sdk/sts1.1.3/runtime/lib/linux_x86_64_cjnative/libpcre2-8.so.0: no version information available (required by git)
ok
test_crlf_report_rejects_claimed_revision_different_from_checkout (test_p1_014_evidence_digest_types.EvidenceDigestTypeTests.test_crlf_report_rejects_claimed_revision_different_from_checkout) ... ok
test_crlf_report_rejects_wrong_architecture_and_libc (test_p1_014_evidence_digest_types.EvidenceDigestTypeTests.test_crlf_report_rejects_wrong_architecture_and_libc) ... ok
test_crlf_report_rejects_wrong_native_platform (test_p1_014_evidence_digest_types.EvidenceDigestTypeTests.test_crlf_report_rejects_wrong_native_platform) ... ok
test_current_inventory_has_no_legacy_task_local_digest_calls (test_p1_014_evidence_digest_types.EvidenceDigestTypeTests.test_current_inventory_has_no_legacy_task_local_digest_calls) ... ok
test_digest_equality_requires_both_serialized_domains (test_p1_014_evidence_digest_types.EvidenceDigestTypeTests.test_digest_equality_requires_both_serialized_domains) ... ok
test_digest_types_and_serialized_domains_are_not_interchangeable (test_p1_014_evidence_digest_types.EvidenceDigestTypeTests.test_digest_types_and_serialized_domains_are_not_interchangeable) ... ok
test_invalid_utf8_fails_without_byte_fallback (test_p1_014_evidence_digest_types.EvidenceDigestTypeTests.test_invalid_utf8_fails_without_byte_fallback) ... ok
test_inventory_classifies_literal_log_as_text_evidence (test_p1_014_evidence_digest_types.EvidenceDigestTypeTests.test_inventory_classifies_literal_log_as_text_evidence) ... ok
test_inventory_manifest_cannot_hide_folded_text_operand (test_p1_014_evidence_digest_types.EvidenceDigestTypeTests.test_inventory_manifest_cannot_hide_folded_text_operand) ... ok
test_inventory_rejects_alternate_hashlib_constructor_import (test_p1_014_evidence_digest_types.EvidenceDigestTypeTests.test_inventory_rejects_alternate_hashlib_constructor_import) ... ok
test_inventory_rejects_artifact_marker_with_shell_variable_operand (test_p1_014_evidence_digest_types.EvidenceDigestTypeTests.test_inventory_rejects_artifact_marker_with_shell_variable_operand) ... ok
test_inventory_rejects_assigned_subprocess_and_os_system_commands (test_p1_014_evidence_digest_types.EvidenceDigestTypeTests.test_inventory_rejects_assigned_subprocess_and_os_system_commands) ... ok
test_inventory_rejects_cksum_sha256_routes (test_p1_014_evidence_digest_types.EvidenceDigestTypeTests.test_inventory_rejects_cksum_sha256_routes) ... ok
test_inventory_rejects_compare_digest_on_bare_digest_field (test_p1_014_evidence_digest_types.EvidenceDigestTypeTests.test_inventory_rejects_compare_digest_on_bare_digest_field) ... ok
test_inventory_rejects_direct_sha256_import_and_untyped_shell_command (test_p1_014_evidence_digest_types.EvidenceDigestTypeTests.test_inventory_rejects_direct_sha256_import_and_untyped_shell_command) ... ok
test_inventory_rejects_local_digest_wrapper (test_p1_014_evidence_digest_types.EvidenceDigestTypeTests.test_inventory_rejects_local_digest_wrapper) ... ok
test_inventory_rejects_named_digest_field_comparison (test_p1_014_evidence_digest_types.EvidenceDigestTypeTests.test_inventory_rejects_named_digest_field_comparison) ... ok
test_inventory_rejects_openssl_and_embedded_python_digest_commands (test_p1_014_evidence_digest_types.EvidenceDigestTypeTests.test_inventory_rejects_openssl_and_embedded_python_digest_commands) ... ok
test_inventory_rejects_openssl_shortcut_and_license_operand (test_p1_014_evidence_digest_types.EvidenceDigestTypeTests.test_inventory_rejects_openssl_shortcut_and_license_operand) ... ok
test_inventory_rejects_powershell_sha256_api (test_p1_014_evidence_digest_types.EvidenceDigestTypeTests.test_inventory_rejects_powershell_sha256_api) ... ok
test_inventory_rejects_text_marker_on_raw_digest_command (test_p1_014_evidence_digest_types.EvidenceDigestTypeTests.test_inventory_rejects_text_marker_on_raw_digest_command) ... ok
test_inventory_rejects_typed_alias_and_raw_python_subprocess (test_p1_014_evidence_digest_types.EvidenceDigestTypeTests.test_inventory_rejects_typed_alias_and_raw_python_subprocess) ... ok
test_inventory_rejects_untyped_digest_anywhere_in_repository_tools (test_p1_014_evidence_digest_types.EvidenceDigestTypeTests.test_inventory_rejects_untyped_digest_anywhere_in_repository_tools) ... ok
test_inventory_resolves_assigned_text_path_before_byte_digest (test_p1_014_evidence_digest_types.EvidenceDigestTypeTests.test_inventory_resolves_assigned_text_path_before_byte_digest) ... ok
test_inventory_resolves_assigned_typed_callable_alias (test_p1_014_evidence_digest_types.EvidenceDigestTypeTests.test_inventory_resolves_assigned_typed_callable_alias) ... ok
test_inventory_resolves_keyword_text_path_before_byte_digest (test_p1_014_evidence_digest_types.EvidenceDigestTypeTests.test_inventory_resolves_keyword_text_path_before_byte_digest) ... ok
test_inventory_scans_composite_actions (test_p1_014_evidence_digest_types.EvidenceDigestTypeTests.test_inventory_scans_composite_actions) ... ok
test_inventory_scans_folded_composite_commands_and_helpers (test_p1_014_evidence_digest_types.EvidenceDigestTypeTests.test_inventory_scans_folded_composite_commands_and_helpers) ... ok
test_inventory_scans_non_python_tools_and_untyped_comparisons (test_p1_014_evidence_digest_types.EvidenceDigestTypeTests.test_inventory_scans_non_python_tools_and_untyped_comparisons) ... ok
test_inventory_traces_assigned_digest_field_into_comparison (test_p1_014_evidence_digest_types.EvidenceDigestTypeTests.test_inventory_traces_assigned_digest_field_into_comparison) ... ok
test_line_endings_share_text_digest_but_not_byte_digest (test_p1_014_evidence_digest_types.EvidenceDigestTypeTests.test_line_endings_share_text_digest_but_not_byte_digest) ... ok
test_production_digest_imports_bootstrap_direct_cli_execution (test_p1_014_evidence_digest_types.EvidenceDigestTypeTests.test_production_digest_imports_bootstrap_direct_cli_execution) ... ok
test_text_inventory_rejects_nul_framing_ambiguity (test_p1_014_evidence_digest_types.EvidenceDigestTypeTests.test_text_inventory_rejects_nul_framing_ambiguity) ... ok
test_untyped_unknown_and_malformed_digest_documents_fail_closed (test_p1_014_evidence_digest_types.EvidenceDigestTypeTests.test_untyped_unknown_and_malformed_digest_documents_fail_closed) ... ok
test_windows_crlf_report_requires_actual_crlf_checkout (test_p1_014_evidence_digest_types.EvidenceDigestTypeTests.test_windows_crlf_report_requires_actual_crlf_checkout) ... git: <home>/cangjie_sdk/sts1.1.3/runtime/lib/linux_x86_64_cjnative/libpcre2-8.so.0: no version information available (required by git)
ok
test_windows_workflow_is_pinned_and_runs_only_bounded_python_checks (test_p1_014_evidence_digest_types.EvidenceDigestTypeTests.test_windows_workflow_is_pinned_and_runs_only_bounded_python_checks) ... ok
test_archive_provider_requires_exact_commit (test_tls_provider_poc.ProviderPocValidationTests.test_archive_provider_requires_exact_commit) ... ok
test_archive_provider_requires_release_tag_resolution (test_tls_provider_poc.ProviderPocValidationTests.test_archive_provider_requires_release_tag_resolution) ... ok
test_archive_result_binds_release_tag_resolution (test_tls_provider_poc.ProviderPocValidationTests.test_archive_result_binds_release_tag_resolution) ... ok
test_archive_source_resolves_and_matches_release_tag_commit (test_tls_provider_poc.ProviderPocValidationTests.test_archive_source_resolves_and_matches_release_tag_commit) ... ok
test_blocked_capability_cannot_pass (test_tls_provider_poc.ProviderPocValidationTests.test_blocked_capability_cannot_pass) ... ok
test_build_environment_captures_inherited_and_override_values (test_tls_provider_poc.ProviderPocValidationTests.test_build_environment_captures_inherited_and_override_values) ... ok
test_build_environment_snapshot_is_bounded (test_tls_provider_poc.ProviderPocValidationTests.test_build_environment_snapshot_is_bounded) ... ok
test_build_provenance_is_durable_and_fail_closed (test_tls_provider_poc.ProviderPocValidationTests.test_build_provenance_is_durable_and_fail_closed) ... ok
test_canonical_spec_and_matrix_reject_stale_license_digests (test_tls_provider_poc.ProviderPocValidationTests.test_canonical_spec_and_matrix_reject_stale_license_digests) ... ok
test_diagnostic_build_instruments_provider_sources (test_tls_provider_poc.ProviderPocValidationTests.test_diagnostic_build_instruments_provider_sources) ... ok
test_exported_symbol_inventory_is_bounded_and_digest_bound (test_tls_provider_poc.ProviderPocValidationTests.test_exported_symbol_inventory_is_bounded_and_digest_bound) ... ok
test_failure_messages_are_bounded_by_utf8_bytes (test_tls_provider_poc.ProviderPocValidationTests.test_failure_messages_are_bounded_by_utf8_bytes) ... ok
test_github_tag_resolution_uses_bounded_ephemeral_token (test_tls_provider_poc.ProviderPocValidationTests.test_github_tag_resolution_uses_bounded_ephemeral_token) ... ok
test_hosted_execution_identity_matches_clean_checkout (test_tls_provider_poc.ProviderPocValidationTests.test_hosted_execution_identity_matches_clean_checkout) ... ok
test_hosted_execution_identity_rejects_revision_mismatch (test_tls_provider_poc.ProviderPocValidationTests.test_hosted_execution_identity_rejects_revision_mismatch) ... ok
test_hosted_workflows_supply_read_only_tag_resolution_token (test_tls_provider_poc.ProviderPocValidationTests.test_hosted_workflows_supply_read_only_tag_resolution_token) ... ok
test_license_bundle_ignores_symlinks_outside_provider_source (test_tls_provider_poc.ProviderPocValidationTests.test_license_bundle_ignores_symlinks_outside_provider_source) ... ok
test_license_bundle_rejects_escape_and_stale_digest (test_tls_provider_poc.ProviderPocValidationTests.test_license_bundle_rejects_escape_and_stale_digest) ... ok
test_license_file_invalid_utf8_fails_closed (test_tls_provider_poc.ProviderPocValidationTests.test_license_file_invalid_utf8_fails_closed) ... ok
test_license_file_metadata_is_line_ending_stable (test_tls_provider_poc.ProviderPocValidationTests.test_license_file_metadata_is_line_ending_stable) ... ok
test_license_manifest_digest_is_line_ending_stable (test_tls_provider_poc.ProviderPocValidationTests.test_license_manifest_digest_is_line_ending_stable) ... ok
test_local_execution_identity_rejects_dirty_checkout (test_tls_provider_poc.ProviderPocValidationTests.test_local_execution_identity_rejects_dirty_checkout) ... ok
test_local_execution_identity_uses_clean_exact_checkout (test_tls_provider_poc.ProviderPocValidationTests.test_local_execution_identity_uses_clean_exact_checkout) ... ok
test_matrix_contract_only_does_not_promote_stale_retained_results (test_tls_provider_poc.ProviderPocValidationTests.test_matrix_contract_only_does_not_promote_stale_retained_results) ... M0-016 validation: FAIL: --matrix-contract-only requires --matrix
ok
test_matrix_retained_result_validates_durable_license_bundle (test_tls_provider_poc.ProviderPocValidationTests.test_matrix_retained_result_validates_durable_license_bundle) ... ok
test_memory_diagnostic_records_provider_leak_detection_boundary (test_tls_provider_poc.ProviderPocValidationTests.test_memory_diagnostic_records_provider_leak_detection_boundary) ... ok
test_metrics_require_dual_version_resumption_and_external_trust (test_tls_provider_poc.ProviderPocValidationTests.test_metrics_require_dual_version_resumption_and_external_trust) ... ok
test_metrics_require_expired_and_malformed_certificate_coverage (test_tls_provider_poc.ProviderPocValidationTests.test_metrics_require_expired_and_malformed_certificate_coverage) ... ok
test_metrics_require_negative_alpn_coverage (test_tls_provider_poc.ProviderPocValidationTests.test_metrics_require_negative_alpn_coverage) ... ok
test_metrics_require_required_and_optional_client_auth (test_tls_provider_poc.ProviderPocValidationTests.test_metrics_require_required_and_optional_client_auth) ... ok
test_missing_archive_digest_fails (test_tls_provider_poc.ProviderPocValidationTests.test_missing_archive_digest_fails) ... ok
test_missing_platform_cell_fails (test_tls_provider_poc.ProviderPocValidationTests.test_missing_platform_cell_fails) ... ok
test_musl_package_installation_has_no_tag_resolution_token (test_tls_provider_poc.ProviderPocValidationTests.test_musl_package_installation_has_no_tag_resolution_token) ... ok
test_musl_result_requires_immutable_container_identity (test_tls_provider_poc.ProviderPocValidationTests.test_musl_result_requires_immutable_container_identity) ... ok
test_native_pocs_drive_provider_specific_session_and_trust_callbacks (test_tls_provider_poc.ProviderPocValidationTests.test_native_pocs_drive_provider_specific_session_and_trust_callbacks) ... ok
test_native_pocs_expose_external_trust_as_a_distinct_capability (test_tls_provider_poc.ProviderPocValidationTests.test_native_pocs_expose_external_trust_as_a_distinct_capability) ... ok
test_non_windows_build_rejects_assembler_identity (test_tls_provider_poc.ProviderPocValidationTests.test_non_windows_build_rejects_assembler_identity) ... ok
test_openssl_build_retains_musl_secure_heap_override_in_provenance (test_tls_provider_poc.ProviderPocValidationTests.test_openssl_build_retains_musl_secure_heap_override_in_provenance) ... ok
test_openssl_resumption_requires_fresh_cache_miss (test_tls_provider_poc.ProviderPocValidationTests.test_openssl_resumption_requires_fresh_cache_miss) ... ok
test_partial_matrix_cell_requires_retained_result (test_tls_provider_poc.ProviderPocValidationTests.test_partial_matrix_cell_requires_retained_result) ... ok
test_partial_rejects_not_run_and_requires_blocked_capability (test_tls_provider_poc.ProviderPocValidationTests.test_partial_rejects_not_run_and_requires_blocked_capability) ... ok
test_pass_requires_measured_schema_v2 (test_tls_provider_poc.ProviderPocValidationTests.test_pass_requires_measured_schema_v2) ... ok
test_platform_peak_resident_probes_are_native (test_tls_provider_poc.ProviderPocValidationTests.test_platform_peak_resident_probes_are_native) ... ok
test_pre_execution_fail_result_is_retained_without_metrics (test_tls_provider_poc.ProviderPocValidationTests.test_pre_execution_fail_result_is_retained_without_metrics) ... ok
test_provider_allocation_and_cancellation_metrics_fail_closed (test_tls_provider_poc.ProviderPocValidationTests.test_provider_allocation_and_cancellation_metrics_fail_closed) ... ok
test_provider_subprocesses_cannot_inherit_github_token (test_tls_provider_poc.ProviderPocValidationTests.test_provider_subprocesses_cannot_inherit_github_token) ... ok
test_retained_result_digest_must_match (test_tls_provider_poc.ProviderPocValidationTests.test_retained_result_digest_must_match) ... ok
test_retained_source_identity_matches_provider_pin (test_tls_provider_poc.ProviderPocValidationTests.test_retained_source_identity_matches_provider_pin) ... ok
test_schema_v1_partial_cannot_claim_unmeasured_external_trust (test_tls_provider_poc.ProviderPocValidationTests.test_schema_v1_partial_cannot_claim_unmeasured_external_trust) ... ok
test_schema_v2_cannot_claim_a_fully_measured_pass (test_tls_provider_poc.ProviderPocValidationTests.test_schema_v2_cannot_claim_a_fully_measured_pass) ... ok
test_schema_v5_requires_measured_session_resumption (test_tls_provider_poc.ProviderPocValidationTests.test_schema_v5_requires_measured_session_resumption) ... ok
test_security_update_evidence_fails_closed (test_tls_provider_poc.ProviderPocValidationTests.test_security_update_evidence_fails_closed) ... ok
test_static_archive_inventory_is_structured_and_bounded (test_tls_provider_poc.ProviderPocValidationTests.test_static_archive_inventory_is_structured_and_bounded) ... ok
test_supported_diagnostic_requires_instrumented_provider_archives (test_tls_provider_poc.ProviderPocValidationTests.test_supported_diagnostic_requires_instrumented_provider_archives) ... ok
test_system_tls_dependency_fails (test_tls_provider_poc.ProviderPocValidationTests.test_system_tls_dependency_fails) ... ok
test_windows_aws_lc_assembler_identity_is_required (test_tls_provider_poc.ProviderPocValidationTests.test_windows_aws_lc_assembler_identity_is_required) ... ok
test_windows_workflow_pins_nasm_fallback (test_tls_provider_poc.ProviderPocValidationTests.test_windows_workflow_pins_nasm_fallback) ... ok
test_atomic_json_has_platform_stable_lf (test_tls_provider_poc.ProviderPocWindowsTests.test_atomic_json_has_platform_stable_lf) ... ok
test_digest_bound_license_bundles_disable_checkout_conversion (test_tls_provider_poc.ProviderPocWindowsTests.test_digest_bound_license_bundles_disable_checkout_conversion) ... ok
test_expected_revision_mismatch_fails (test_tls_provider_poc.ProviderPocWindowsTests.test_expected_revision_mismatch_fails) ... ok
test_linux_and_macos_results_require_native_runner_identity (test_tls_provider_poc.ProviderPocWindowsTests.test_linux_and_macos_results_require_native_runner_identity) ... ok
test_linux_export_scan_retains_symbols_from_multiline_output (test_tls_provider_poc.ProviderPocWindowsTests.test_linux_export_scan_retains_symbols_from_multiline_output) ... ok
test_successful_result_requires_final_binary_identity (test_tls_provider_poc.ProviderPocWindowsTests.test_successful_result_requires_final_binary_identity) ... ok
test_successful_result_requires_zero_poc_exit_code (test_tls_provider_poc.ProviderPocWindowsTests.test_successful_result_requires_zero_poc_exit_code) ... ok
test_windows_archive_names_cover_all_providers (test_tls_provider_poc.ProviderPocWindowsTests.test_windows_archive_names_cover_all_providers) ... ok
test_windows_cmake_and_poc_use_static_crt (test_tls_provider_poc.ProviderPocWindowsTests.test_windows_cmake_and_poc_use_static_crt) ... ok
test_windows_compile_uses_msvc_and_no_posix_link_flags (test_tls_provider_poc.ProviderPocWindowsTests.test_windows_compile_uses_msvc_and_no_posix_link_flags) ... ok
test_windows_dependency_scan_fails_closed_when_dumpbin_fails (test_tls_provider_poc.ProviderPocWindowsTests.test_windows_dependency_scan_fails_closed_when_dumpbin_fails) ... ok
test_windows_dependency_scan_rejects_prefixless_aws_lc_dlls (test_tls_provider_poc.ProviderPocWindowsTests.test_windows_dependency_scan_rejects_prefixless_aws_lc_dlls) ... ok
test_windows_dependency_scan_rejects_prefixless_mbedtls_dlls (test_tls_provider_poc.ProviderPocWindowsTests.test_windows_dependency_scan_rejects_prefixless_mbedtls_dlls) ... ok
test_windows_dependency_scan_rejects_versioned_tls_dll (test_tls_provider_poc.ProviderPocWindowsTests.test_windows_dependency_scan_rejects_versioned_tls_dll) ... ok
test_windows_export_scan_rejects_unrecognized_success_output (test_tls_provider_poc.ProviderPocWindowsTests.test_windows_export_scan_rejects_unrecognized_success_output) ... ok
test_windows_export_scan_retains_symbols_from_multiline_output (test_tls_provider_poc.ProviderPocWindowsTests.test_windows_export_scan_retains_symbols_from_multiline_output) ... ok
test_windows_openssl_build_uses_vc_target_and_nmake (test_tls_provider_poc.ProviderPocWindowsTests.test_windows_openssl_build_uses_vc_target_and_nmake) ... ok
test_windows_result_requires_native_hosted_runner_identity (test_tls_provider_poc.ProviderPocWindowsTests.test_windows_result_requires_native_hosted_runner_identity) ... ok
test_current_tasks_do_not_depend_on_upstream_candidates (test_upstream_independence.UpstreamIndependenceTest.test_current_tasks_do_not_depend_on_upstream_candidates) ... ok
test_issue_template_marks_upstream_candidates_as_optional (test_upstream_independence.UpstreamIndependenceTest.test_issue_template_marks_upstream_candidates_as_optional) ... ok
test_canonical_model_passes (test_validate_threat_model.ThreatModelValidatorTests.test_canonical_model_passes) ... ok
test_duplicate_threat_id_is_rejected (test_validate_threat_model.ThreatModelValidatorTests.test_duplicate_threat_id_is_rejected) ... ok
test_empty_residual_risk_is_rejected (test_validate_threat_model.ThreatModelValidatorTests.test_empty_residual_risk_is_rejected) ... ok
test_high_threat_cannot_be_accepted (test_validate_threat_model.ThreatModelValidatorTests.test_high_threat_cannot_be_accepted) ... ok
test_high_threat_must_block_release (test_validate_threat_model.ThreatModelValidatorTests.test_high_threat_must_block_release) ... ok
test_malformed_task_id_is_rejected (test_validate_threat_model.ThreatModelValidatorTests.test_malformed_task_id_is_rejected) ... ok
test_missing_required_domain_fails_closed (test_validate_threat_model.ThreatModelValidatorTests.test_missing_required_domain_fails_closed) ... ok
test_required_control_cannot_be_silently_renamed (test_validate_threat_model.ThreatModelValidatorTests.test_required_control_cannot_be_silently_renamed) ... ok
test_unknown_control_reference_is_rejected (test_validate_threat_model.ThreatModelValidatorTests.test_unknown_control_reference_is_rejected) ... ok
test_well_formed_missing_backlog_task_is_rejected (test_validate_threat_model.ThreatModelValidatorTests.test_well_formed_missing_backlog_task_is_rejected) ... ok
test_excluded_candidate_cannot_be_shortlisted (test_validate_tls_provider_matrix.Tests.test_excluded_candidate_cannot_be_shortlisted) ... ok
test_final_selection_must_be_deferred_to_m0_020 (test_validate_tls_provider_matrix.Tests.test_final_selection_must_be_deferred_to_m0_020) ... ok
test_harmony_cannot_be_claimed_before_poc (test_validate_tls_provider_matrix.Tests.test_harmony_cannot_be_claimed_before_poc) ... ok
test_incompatible_license_must_be_excluded (test_validate_tls_provider_matrix.Tests.test_incompatible_license_must_be_excluded) ... ok
test_missing_platform_fails (test_validate_tls_provider_matrix.Tests.test_missing_platform_fails) ... ok
test_repository_matrix_passes (test_validate_tls_provider_matrix.Tests.test_repository_matrix_passes) ... ok
test_third_party_comparison_source_rejected (test_validate_tls_provider_matrix.Tests.test_third_party_comparison_source_rejected) ... ok
test_unknown_schema_fails_closed (test_validate_tls_provider_matrix.Tests.test_unknown_schema_fails_closed) ... ok

----------------------------------------------------------------------
Ran 423 tests in 7.542s

OK
test_classification_detects_sustained_starvation (test_dns_carrier_thread.DnsCarrierThreadTests.test_classification_detects_sustained_starvation) ... ok
test_classification_does_not_fail_on_normal_jitter (test_dns_carrier_thread.DnsCarrierThreadTests.test_classification_does_not_fail_on_normal_jitter) ... ok
test_parse_int_list_rejects_duplicates (test_dns_carrier_thread.DnsCarrierThreadTests.test_parse_int_list_rejects_duplicates) ... ok
test_percentile_uses_nearest_rank (test_dns_carrier_thread.DnsCarrierThreadTests.test_percentile_uses_nearest_rank) ... ok
test_probe_parser_retains_host_timestamps_and_gaps (test_dns_carrier_thread.DnsCarrierThreadTests.test_probe_parser_retains_host_timestamps_and_gaps) ... ok
test_shim_parser_rejects_missing_exit (test_dns_carrier_thread.DnsCarrierThreadTests.test_shim_parser_rejects_missing_exit) ... ok
test_shim_parser_requires_paired_calls (test_dns_carrier_thread.DnsCarrierThreadTests.test_shim_parser_requires_paired_calls) ... ok
test_validate_sample_rejects_unintercepted_resolution (test_dns_carrier_thread.DnsCarrierThreadTests.test_validate_sample_rejects_unintercepted_resolution) ... ok
test_atomic_json_output_replaces_without_temporary_files (test_gate_runner.GateRunnerTests.test_atomic_json_output_replaces_without_temporary_files) ... ok
test_cli_writes_error_report_for_malformed_manifest (test_gate_runner.GateRunnerTests.test_cli_writes_error_report_for_malformed_manifest) ... ok
test_disabled_or_wrong_platform_is_skipped (test_gate_runner.GateRunnerTests.test_disabled_or_wrong_platform_is_skipped) ... ok
test_missing_required_tool_is_blocked (test_gate_runner.GateRunnerTests.test_missing_required_tool_is_blocked) ... ok
test_nonzero_exit_fails (test_gate_runner.GateRunnerTests.test_nonzero_exit_fails) ... ok
test_pass_plus_skip_does_not_pass_overall (test_gate_runner.GateRunnerTests.test_pass_plus_skip_does_not_pass_overall) ... ok
test_report_capture_is_bounded_while_full_log_is_retained (test_gate_runner.GateRunnerTests.test_report_capture_is_bounded_while_full_log_is_retained) ... ok
test_successful_scenario_passes (test_gate_runner.GateRunnerTests.test_successful_scenario_passes) ... ok
test_timeout_terminates_child_process_group (test_gate_runner.GateRunnerTests.test_timeout_terminates_child_process_group) ... ok
test_unknown_schema_and_fields_fail_closed (test_gate_runner.GateRunnerTests.test_unknown_schema_and_fields_fail_closed) ... ok
test_classification_requires_count_cases_and_clean_exit (test_http1_quality.Tests.test_classification_requires_count_cases_and_clean_exit) ... ok
test_parse_summary_uses_last_project_total (test_http1_quality.Tests.test_parse_summary_uses_last_project_total) ... ok
test_rejects_inconsistent_or_missing_summary (test_http1_quality.Tests.test_rejects_inconsistent_or_missing_summary) ... ok
test_source_fingerprint_is_stable_and_content_sensitive (test_http1_quality.Tests.test_source_fingerprint_is_stable_and_content_sensitive) ... ok
test_classification_requires_count_cases_and_clean_exit (test_http2_quality.Tests.test_classification_requires_count_cases_and_clean_exit) ... ok
test_parse_summary_uses_last_project_total (test_http2_quality.Tests.test_parse_summary_uses_last_project_total) ... ok
test_rejects_inconsistent_or_missing_summary (test_http2_quality.Tests.test_rejects_inconsistent_or_missing_summary) ... ok
test_source_fingerprint_is_stable_and_content_sensitive (test_http2_quality.Tests.test_source_fingerprint_is_stable_and_content_sensitive) ... ok
test_complete_report_requires_passing_loopback_and_lan (test_m0_005_raw_tcp_baseline.Tests.test_complete_report_requires_passing_loopback_and_lan) ... ok
test_invalid_repetition_bounds_fail_before_compilation (test_m0_005_raw_tcp_baseline.Tests.test_invalid_repetition_bounds_fail_before_compilation) ... ok
test_lan_report_rejects_loopback_route (test_m0_005_raw_tcp_baseline.Tests.test_lan_report_rejects_loopback_route) ... ok
test_parse_heaptrack_allocation_count (test_m0_005_raw_tcp_baseline.Tests.test_parse_heaptrack_allocation_count) ... ok
test_parse_heaptrack_rejects_missing_or_duplicate_count (test_m0_005_raw_tcp_baseline.Tests.test_parse_heaptrack_rejects_missing_or_duplicate_count) ... ok
test_parse_strace_recvfrom_counts_successful_copied_bytes (test_m0_005_raw_tcp_baseline.Tests.test_parse_strace_recvfrom_counts_successful_copied_bytes) ... ok
test_report_measures_counters_but_stays_blocked_without_lan (test_m0_005_raw_tcp_baseline.Tests.test_report_measures_counters_but_stays_blocked_without_lan) ... ok
test_required_payload_matrix_is_exact (test_m0_005_raw_tcp_baseline.Tests.test_required_payload_matrix_is_exact) ... ok
test_accepts_complete_native_windows_report (test_m0_014_windows_copy_profile.M0014ValidatorTests.test_accepts_complete_native_windows_report) ... ok
test_atomic_report_replaces_target_without_temp_residue (test_m0_014_windows_copy_profile.M0014ValidatorTests.test_atomic_report_replaces_target_without_temp_residue) ... ok
test_counting_receiver_adds_dynamic_counter_fields_once (test_m0_014_windows_copy_profile.M0014ValidatorTests.test_counting_receiver_adds_dynamic_counter_fields_once) ... ok
test_environment_report_always_returns_structured_status (test_m0_014_windows_copy_profile.M0014ValidatorTests.test_environment_report_always_returns_structured_status) ... ok
test_instrumentation_retries_empty_etw_heap_reports_with_a_bound (test_m0_014_windows_copy_profile.M0014ValidatorTests.test_instrumentation_retries_empty_etw_heap_reports_with_a_bound) ... ok
test_rejects_cross_compile_and_incomplete_payloads (test_m0_014_windows_copy_profile.M0014ValidatorTests.test_rejects_cross_compile_and_incomplete_payloads) ... ok
test_rejects_missing_four_k_cap_and_cleanup_failure (test_m0_014_windows_copy_profile.M0014ValidatorTests.test_rejects_missing_four_k_cap_and_cleanup_failure) ... ok
test_rejects_skipped_or_derived_metrics_as_pass (test_m0_014_windows_copy_profile.M0014ValidatorTests.test_rejects_skipped_or_derived_metrics_as_pass) ... ok
test_rejects_unknown_schema_and_stale_revision (test_m0_014_windows_copy_profile.M0014ValidatorTests.test_rejects_unknown_schema_and_stale_revision) ... ok
test_xperf_parser_is_bounded_and_fail_closed (test_m0_014_windows_copy_profile.M0014ValidatorTests.test_xperf_parser_is_bounded_and_fail_closed) ... ok
test_cancellation_parser_fails_closed_above_limit (test_m1_025_transport_qualification.M1025TransportQualificationTests.test_cancellation_parser_fails_closed_above_limit) ... ok
test_cancellation_parser_requires_both_complete_scenarios (test_m1_025_transport_qualification.M1025TransportQualificationTests.test_cancellation_parser_requires_both_complete_scenarios) ... ok
test_net05_validation_enforces_payloads_and_thresholds (test_m1_025_transport_qualification.M1025TransportQualificationTests.test_net05_validation_enforces_payloads_and_thresholds) ... ok
test_percentile_uses_nearest_rank (test_m1_025_transport_qualification.M1025TransportQualificationTests.test_percentile_uses_nearest_rank) ... ok
test_aggregate_timing_keeps_repetitions_and_range (test_m1_027_operation_context_profile.Tests.test_aggregate_timing_keeps_repetitions_and_range) ... ok
test_parse_profile_requires_one_expected_stage (test_m1_027_operation_context_profile.Tests.test_parse_profile_requires_one_expected_stage) ... ok
test_perf_output_parser_accepts_user_counters (test_m1_027_operation_context_profile.Tests.test_perf_output_parser_accepts_user_counters) ... ok
test_parser_counts_threads_concurrency_and_delay (test_m2_003_resolver_pool.M2003ResolverPoolGateTests.test_parser_counts_threads_concurrency_and_delay) ... ok
test_parser_requires_complete_native_calls (test_m2_003_resolver_pool.M2003ResolverPoolGateTests.test_parser_requires_complete_native_calls) ... ok
test_validation_rejects_missing_focused_cases (test_m2_003_resolver_pool.M2003ResolverPoolGateTests.test_validation_rejects_missing_focused_cases) ... ok
test_atomic_json_replaces_complete_document_without_temp_residue (test_m2_004_windows_resolver.M2004WindowsResolverGateTests.test_atomic_json_replaces_complete_document_without_temp_residue) ... ok
test_gate_injects_test_stub_only_into_its_workspace_manifest (test_m2_004_windows_resolver.M2004WindowsResolverGateTests.test_gate_injects_test_stub_only_into_its_workspace_manifest) ... ok
test_loaded_report_digest_cannot_follow_an_atomic_replacement (test_m2_004_windows_resolver.M2004WindowsResolverGateTests.test_loaded_report_digest_cannot_follow_an_atomic_replacement) ... ok
test_rejects_missing_test_only_link_stub_marker (test_m2_004_windows_resolver.M2004WindowsResolverGateTests.test_rejects_missing_test_only_link_stub_marker) ... ok
test_rejects_skipped_case_even_with_zero_exit (test_m2_004_windows_resolver.M2004WindowsResolverGateTests.test_rejects_skipped_case_even_with_zero_exit) ... ok
test_rejects_timeout_and_missing_fixture_binding (test_m2_004_windows_resolver.M2004WindowsResolverGateTests.test_rejects_timeout_and_missing_fixture_binding) ... ok
test_rejects_unknown_schema_stale_revision_and_wrong_platform (test_m2_004_windows_resolver.M2004WindowsResolverGateTests.test_rejects_unknown_schema_stale_revision_and_wrong_platform) ... ok
test_stored_validation_must_match_the_validated_report (test_m2_004_windows_resolver.M2004WindowsResolverGateTests.test_stored_validation_must_match_the_validated_report) ... ok
test_target_native_libraries_propagate_to_path_consumers (test_m2_004_windows_resolver.M2004WindowsResolverGateTests.test_target_native_libraries_propagate_to_path_consumers) ... ok
test_test_stub_binding_accepts_windows_as_last_target (test_m2_004_windows_resolver.M2004WindowsResolverGateTests.test_test_stub_binding_accepts_windows_as_last_target) ... ok
test_valid_report_passes (test_m2_004_windows_resolver.M2004WindowsResolverGateTests.test_valid_report_passes) ... ok
test_validation_payload_binds_the_exact_native_report (test_m2_004_windows_resolver.M2004WindowsResolverGateTests.test_validation_payload_binds_the_exact_native_report) ... ok
test_windows_native_source_preserves_distinct_results_and_native_errors (test_m2_004_windows_resolver.M2004WindowsResolverGateTests.test_windows_native_source_preserves_distinct_results_and_native_errors) ... ok
test_fixture_validation_rejects_missing_hosts (test_m2_005_system_resolver.M2005SystemResolverGateTests.test_fixture_validation_rejects_missing_hosts) ... ok
test_parser_allows_sequence_restart_in_another_process (test_m2_005_system_resolver.M2005SystemResolverGateTests.test_parser_allows_sequence_restart_in_another_process) ... ok
test_parser_requires_complete_calls (test_m2_005_system_resolver.M2005SystemResolverGateTests.test_parser_requires_complete_calls) ... ok
test_parser_retains_host_result_and_duration (test_m2_005_system_resolver.M2005SystemResolverGateTests.test_parser_retains_host_result_and_duration) ... ok
test_process_validation_rejects_skipped_gate_cases (test_m2_005_system_resolver.M2005SystemResolverGateTests.test_process_validation_rejects_skipped_gate_cases) ... ok
test_atomic_json_replaces_complete_document_without_temp_residue (test_m2_006_apple_resolver.M2006AppleResolverGateTests.test_atomic_json_replaces_complete_document_without_temp_residue) ... ok
test_atomic_links_and_bounded_cache (test_m2_006_apple_resolver.M2006AppleResolverGateTests.test_atomic_links_and_bounded_cache) ... ok
test_cancellation_waits_for_native_job_readiness (test_m2_006_apple_resolver.M2006AppleResolverGateTests.test_cancellation_waits_for_native_job_readiness) ... ok
test_gate_injects_test_stub_only_into_selected_workspace_target (test_m2_006_apple_resolver.M2006AppleResolverGateTests.test_gate_injects_test_stub_only_into_selected_workspace_target) ... ok
test_ios_launch_retry_is_limited_to_empty_timeout (test_m2_006_apple_resolver.M2006AppleResolverGateTests.test_ios_launch_retry_is_limited_to_empty_timeout) ... ok
test_ios_probe_accepts_cjc_equals_form_target_argument (test_m2_006_apple_resolver.M2006AppleResolverGateTests.test_ios_probe_accepts_cjc_equals_form_target_argument) ... ok
test_ios_runtime_libraries_use_only_the_simulator_sdk_directory (test_m2_006_apple_resolver.M2006AppleResolverGateTests.test_ios_runtime_libraries_use_only_the_simulator_sdk_directory) ... ok
test_ios_target_uses_builder_published_sysroot (test_m2_006_apple_resolver.M2006AppleResolverGateTests.test_ios_target_uses_builder_published_sysroot) ... ok
test_ios_uses_single_process_app_launch_and_fixed_deployment_target (test_m2_006_apple_resolver.M2006AppleResolverGateTests.test_ios_uses_single_process_app_launch_and_fixed_deployment_target) ... ok
test_rejects_cross_compile_only_and_missing_simulator_evidence (test_m2_006_apple_resolver.M2006AppleResolverGateTests.test_rejects_cross_compile_only_and_missing_simulator_evidence) ... ok
test_rejects_duplicate_case_names_and_unbound_probe_copy (test_m2_006_apple_resolver.M2006AppleResolverGateTests.test_rejects_duplicate_case_names_and_unbound_probe_copy) ... ok
test_rejects_incomplete_duplicate_or_failed_simulator_trace (test_m2_006_apple_resolver.M2006AppleResolverGateTests.test_rejects_incomplete_duplicate_or_failed_simulator_trace) ... ok
test_rejects_incomplete_or_changed_simulator_probe (test_m2_006_apple_resolver.M2006AppleResolverGateTests.test_rejects_incomplete_or_changed_simulator_probe) ... ok
test_rejects_skipped_timeout_and_fixture_not_bound (test_m2_006_apple_resolver.M2006AppleResolverGateTests.test_rejects_skipped_timeout_and_fixture_not_bound) ... ok
test_rejects_unknown_schema_stale_revision_and_wrong_platform (test_m2_006_apple_resolver.M2006AppleResolverGateTests.test_rejects_unknown_schema_stale_revision_and_wrong_platform) ... ok
test_retry_requires_empty_timeout_and_complete_recovery (test_m2_006_apple_resolver.M2006AppleResolverGateTests.test_retry_requires_empty_timeout_and_complete_recovery) ... ok
test_sdk_discovery_uses_the_configured_xcrun (test_m2_006_apple_resolver.M2006AppleResolverGateTests.test_sdk_discovery_uses_the_configured_xcrun) ... ok
test_target_native_libraries_propagate_to_path_consumers (test_m2_006_apple_resolver.M2006AppleResolverGateTests.test_target_native_libraries_propagate_to_path_consumers) ... ok
test_valid_native_ios_simulator_report_passes (test_m2_006_apple_resolver.M2006AppleResolverGateTests.test_valid_native_ios_simulator_report_passes) ... ok
test_valid_native_macos_report_passes (test_m2_006_apple_resolver.M2006AppleResolverGateTests.test_valid_native_macos_report_passes) ... ok
test_validation_payload_binds_the_exact_native_report (test_m2_006_apple_resolver.M2006AppleResolverGateTests.test_validation_payload_binds_the_exact_native_report) ... ok
test_parses_deadline_marker (test_m2_015_native_network.M2015NativeNetworkGateTest.test_parses_deadline_marker) ... ok
test_parses_success_marker (test_m2_015_native_network.M2015NativeNetworkGateTest.test_parses_success_marker) ... ok
test_rejects_missing_or_duplicate_result (test_m2_015_native_network.M2015NativeNetworkGateTest.test_rejects_missing_or_duplicate_result) ... ok
test_resource_trend_is_fail_closed_and_detects_growth (test_m2_015_native_network.M2015NativeNetworkGateTest.test_resource_trend_is_fail_closed_and_detects_growth) ... ok
test_campaign_manifest_is_not_in_generic_gate_runner_namespace (test_m7_023_linux_fuzz.M7023LinuxFuzzGateTest.test_campaign_manifest_is_not_in_generic_gate_runner_namespace) ... ok
test_classification_requires_one_exact_marker_and_threshold (test_m7_023_linux_fuzz.M7023LinuxFuzzGateTest.test_classification_requires_one_exact_marker_and_threshold) ... ok
test_crash_artifact_replays_only_checked_in_coordinates (test_m7_023_linux_fuzz.M7023LinuxFuzzGateTest.test_crash_artifact_replays_only_checked_in_coordinates) ... ok
test_manifest_covers_exact_prd_targets_and_verified_corpora (test_m7_023_linux_fuzz.M7023LinuxFuzzGateTest.test_manifest_covers_exact_prd_targets_and_verified_corpora) ... ok
test_nonzero_and_timeout_fail_even_with_a_pass_marker (test_m7_023_linux_fuzz.M7023LinuxFuzzGateTest.test_nonzero_and_timeout_fail_even_with_a_pass_marker) ... ok
test_o2_rewrite_requires_one_compile_option (test_m7_023_linux_fuzz.M7023LinuxFuzzGateTest.test_o2_rewrite_requires_one_compile_option) ... ok
test_path_escape_and_invalid_hex_fail_closed (test_m7_023_linux_fuzz.M7023LinuxFuzzGateTest.test_path_escape_and_invalid_hex_fail_closed) ... ok
test_campaign_manifest_is_not_in_generic_gate_runner_namespace (test_m7_024_linux_performance.M7024LinuxPerformanceGateTest.test_campaign_manifest_is_not_in_generic_gate_runner_namespace) ... ok
test_domain_schema_error_and_atomic_failure_report_are_explicit (test_m7_024_linux_performance.M7024LinuxPerformanceGateTest.test_domain_schema_error_and_atomic_failure_report_are_explicit) ... ok
test_historical_http2_baseline_does_not_qualify_changed_sources (test_m7_024_linux_performance.M7024LinuxPerformanceGateTest.test_historical_http2_baseline_does_not_qualify_changed_sources) ... ok
test_http2_source_drift_fails_domain (test_m7_024_linux_performance.M7024LinuxPerformanceGateTest.test_http2_source_drift_fails_domain) ... ok
test_manifest_inventory_and_digest_fail_closed (test_m7_024_linux_performance.M7024LinuxPerformanceGateTest.test_manifest_inventory_and_digest_fail_closed) ... ok
test_missing_workload_and_under_sampled_raw_tcp_fail (test_m7_024_linux_performance.M7024LinuxPerformanceGateTest.test_missing_workload_and_under_sampled_raw_tcp_fail) ... ok
test_path_escape_and_non_finite_json_fail_closed (test_m7_024_linux_performance.M7024LinuxPerformanceGateTest.test_path_escape_and_non_finite_json_fail_closed) ... ok
test_threshold_comparisons_accept_equality_and_reject_misses (test_m7_024_linux_performance.M7024LinuxPerformanceGateTest.test_threshold_comparisons_accept_equality_and_reject_misses) ... ok
test_toolchain_environment_mismatch_fails_domain (test_m7_024_linux_performance.M7024LinuxPerformanceGateTest.test_toolchain_environment_mismatch_fails_domain) ... ok
test_nearest_rank_percentile (test_net01_close_wakeup.Net01Tests.test_nearest_rank_percentile) ... ok
test_operation_must_be_blocked (test_net01_close_wakeup.Net01Tests.test_operation_must_be_blocked) ... ok
test_parse_exactly_one_result (test_net01_close_wakeup.Net01Tests.test_parse_exactly_one_result) ... ok
test_sources_use_public_api_only (test_net01_close_wakeup.Net01Tests.test_sources_use_public_api_only) ... ok
test_threshold_fails_closed (test_net01_close_wakeup.Net01Tests.test_threshold_fails_closed) ... ok
test_valid_close_terminal_passes (test_net01_close_wakeup.Net01Tests.test_valid_close_terminal_passes) ... ok
test_write_progress_means_not_blocked (test_net01_close_wakeup.Net01Tests.test_write_progress_means_not_blocked) ... ok
test_wrong_terminal_and_timeout_fail (test_net01_close_wakeup.Net01Tests.test_wrong_terminal_and_timeout_fail) ... ok
test_close_race_requires_both_waiters_after_close (test_net02_full_duplex_races.Net02Tests.test_close_race_requires_both_waiters_after_close) ... ok
test_full_duplex_requires_exact_bytes_and_patterns (test_net02_full_duplex_races.Net02Tests.test_full_duplex_requires_exact_bytes_and_patterns) ... ok
test_parse_and_percentile (test_net02_full_duplex_races.Net02Tests.test_parse_and_percentile) ... ok
test_process_timeout_is_bounded (test_net02_full_duplex_races.Net02Tests.test_process_timeout_is_bounded) ... ok
test_same_direction_evidence_is_observation_not_contract (test_net02_full_duplex_races.Net02Tests.test_same_direction_evidence_is_observation_not_contract) ... ok
test_sources_use_only_public_std_net (test_net02_full_duplex_races.Net02Tests.test_sources_use_only_public_std_net) ... ok
test_classify_accepts_absolute_budget_with_small_overshoot (test_net03_absolute_deadline.Net03AbsoluteDeadlineTests.test_classify_accepts_absolute_budget_with_small_overshoot) ... ok
test_classify_rejects_early_terminal (test_net03_absolute_deadline.Net03AbsoluteDeadlineTests.test_classify_rejects_early_terminal) ... ok
test_classify_rejects_excessive_overshoot (test_net03_absolute_deadline.Net03AbsoluteDeadlineTests.test_classify_rejects_excessive_overshoot) ... ok
test_parse_budgets (test_net03_absolute_deadline.Net03AbsoluteDeadlineTests.test_parse_budgets) ... ok
test_parse_result_requires_one_marker (test_net03_absolute_deadline.Net03AbsoluteDeadlineTests.test_parse_result_requires_one_marker) ... ok
test_partial_write_requires_stable_progress_window (test_net03_absolute_deadline.Net03AbsoluteDeadlineTests.test_partial_write_requires_stable_progress_window) ... ok
test_fin (test_net04_terminal_evidence.Tests.test_fin) ... ok
test_local_eof_ambiguous (test_net04_terminal_evidence.Tests.test_local_eof_ambiguous) ... ok
test_local_exception_distinct (test_net04_terminal_evidence.Tests.test_local_exception_distinct) ... ok
test_local_first_eof_ambiguous (test_net04_terminal_evidence.Tests.test_local_first_eof_ambiguous) ... ok
test_ordered_races (test_net04_terminal_evidence.Tests.test_ordered_races) ... ok
test_parse_exactly_one (test_net04_terminal_evidence.Tests.test_parse_exactly_one) ... ok
test_rst (test_net04_terminal_evidence.Tests.test_rst) ... ok
test_schedule_covers_orders (test_net04_terminal_evidence.Tests.test_schedule_covers_orders) ... ok
test_adapter_sample_requires_zero_staging_copies (test_net05_large_buffer_profile.Tests.test_adapter_sample_requires_zero_staging_copies) ... ok
test_classify_exact_sample (test_net05_large_buffer_profile.Tests.test_classify_exact_sample) ... ok
test_classify_rejects_byte_mismatch (test_net05_large_buffer_profile.Tests.test_classify_rejects_byte_mismatch) ... ok
test_comparison_applies_both_prd_thresholds (test_net05_large_buffer_profile.Tests.test_comparison_applies_both_prd_thresholds) ... ok
test_comparison_uses_one_unittest_binary_shape (test_net05_large_buffer_profile.Tests.test_comparison_uses_one_unittest_binary_shape) ... ok
test_fixed_4k_cap (test_net05_large_buffer_profile.Tests.test_fixed_4k_cap) ... ok
test_gate_covers_every_prd_payload (test_net05_large_buffer_profile.Tests.test_gate_covers_every_prd_payload) ... ok
test_parse_output (test_net05_large_buffer_profile.Tests.test_parse_output) ... ok
test_parse_rejects_missing_result (test_net05_large_buffer_profile.Tests.test_parse_rejects_missing_result) ... ok
test_parses_native_instrumentation (test_net05_large_buffer_profile.Tests.test_parses_native_instrumentation) ... ok
test_percentile_nearest_rank (test_net05_large_buffer_profile.Tests.test_percentile_nearest_rank) ... ok
test_small_payload_is_not_classified_as_a_fixed_4k_cap (test_net05_large_buffer_profile.Tests.test_small_payload_is_not_classified_as_a_fixed_4k_cap) ... ok
test_zero_byte_sample_needs_no_read_and_aggregates_empty_read_sizes (test_net05_large_buffer_profile.Tests.test_zero_byte_sample_needs_no_read_and_aggregates_empty_read_sizes) ... ok
test_connect_close_classification (test_net06_leak_soak.Tests.test_connect_close_classification) ... ok
test_echo_requires_exact_totals (test_net06_leak_soak.Tests.test_echo_requires_exact_totals) ... ok
test_full_linux_profile_uses_required_counts (test_net06_leak_soak.Tests.test_full_linux_profile_uses_required_counts) ... ok
test_parse_rejects_missing_result (test_net06_leak_soak.Tests.test_parse_rejects_missing_result) ... ok
test_parse_result (test_net06_leak_soak.Tests.test_parse_result) ... ok
test_reset_requires_one_socket_exception_per_iteration (test_net06_leak_soak.Tests.test_reset_requires_one_socket_exception_per_iteration) ... ok
test_resource_aggregate (test_net06_leak_soak.Tests.test_resource_aggregate) ... ok
test_resource_trend_excludes_warmup_and_accepts_bounded_plateau (test_net06_leak_soak.Tests.test_resource_trend_excludes_warmup_and_accepts_bounded_plateau) ... ok
test_resource_trend_is_inconclusive_without_enough_samples (test_net06_leak_soak.Tests.test_resource_trend_is_inconclusive_without_enough_samples) ... ok
test_resource_trend_rejects_sustained_rss_or_fd_growth (test_net06_leak_soak.Tests.test_resource_trend_rejects_sustained_rss_or_fd_growth) ... ok
test_scenario_parser (test_net06_leak_soak.Tests.test_scenario_parser) ... ok
test_tls_cleanup_report_is_fail_closed (test_net06_leak_soak.Tests.test_tls_cleanup_report_is_fail_closed) ... ok
test_transport_cleanup_pass_consumes_serialized_scenario_records (test_net06_leak_soak.Tests.test_transport_cleanup_pass_consumes_serialized_scenario_records) ... ok
test_parses_exact_markers_and_heap_plateau (test_net06_production_cleanup.Tests.test_parses_exact_markers_and_heap_plateau) ... ok
test_process_tree_snapshot_has_resource_classes (test_net06_production_cleanup.Tests.test_process_tree_snapshot_has_resource_classes) ... ok
test_rejects_duplicate_marker (test_net06_production_cleanup.Tests.test_rejects_duplicate_marker) ... ok
test_resource_summary_checks_lifecycle_plateau (test_net06_production_cleanup.Tests.test_resource_summary_checks_lifecycle_plateau) ... ok
test_reused_evidence_fails_closed (test_net06_production_cleanup.Tests.test_reused_evidence_fails_closed) ... ok
test_parse_completed_cycles (test_net06_tls_failure_cleanup.Tests.test_parse_completed_cycles) ... ok
test_parse_rejects_missing_or_duplicate_metric (test_net06_tls_failure_cleanup.Tests.test_parse_rejects_missing_or_duplicate_metric) ... ok
test_heap_trend_excludes_warmup_and_fails_growth (test_sse_streaming_profile.Tests.test_heap_trend_excludes_warmup_and_fails_growth) ... ok
test_parse_output_requires_one_protocol_result (test_sse_streaming_profile.Tests.test_parse_output_requires_one_protocol_result) ... ok
test_resource_trend_checks_every_resource_class (test_sse_streaming_profile.Tests.test_resource_trend_checks_every_resource_class) ... ok
test_short_runs_cannot_be_formal (test_sse_streaming_profile.Tests.test_short_runs_cannot_be_formal) ... ok

----------------------------------------------------------------------
Ran 178 tests in 3.812s

OK
test_baseline_threshold_is_ninety_percent (test_http1_benchmark.Http1BenchmarkTest.test_baseline_threshold_is_ninety_percent) ... ok
test_benchmark_snapshot_enables_o2_without_touching_source_manifest (test_http1_benchmark.Http1BenchmarkTest.test_benchmark_snapshot_enables_o2_without_touching_source_manifest) ... ok
test_descendant_totals_include_recursive_children (test_http1_benchmark.Http1BenchmarkTest.test_descendant_totals_include_recursive_children) ... ok
test_linear_memory_growth_fails (test_http1_benchmark.Http1BenchmarkTest.test_linear_memory_growth_fails) ... ok
test_missing_baseline_is_partial_not_pass (test_http1_benchmark.Http1BenchmarkTest.test_missing_baseline_is_partial_not_pass) ... ok
test_round_summary_rejects_inconsistent_checksums (test_http1_benchmark.Http1BenchmarkTest.test_round_summary_rejects_inconsistent_checksums) ... ok
test_round_summary_uses_median_duration (test_http1_benchmark.Http1BenchmarkTest.test_round_summary_uses_median_duration) ... ok
test_aggregate_combines_reversed_passes (test_http2_benchmark.Http2BenchmarkTest.test_aggregate_combines_reversed_passes) ... ok
test_classification_requires_bounds_and_connection_reduction (test_http2_benchmark.Http2BenchmarkTest.test_classification_requires_bounds_and_connection_reduction) ... ok
test_descendant_totals_include_recursive_children (test_http2_benchmark.Http2BenchmarkTest.test_descendant_totals_include_recursive_children) ... ok
test_nearest_rank_percentiles (test_http2_benchmark.Http2BenchmarkTest.test_nearest_rank_percentiles) ... ok
test_production_source_fingerprint_changes_with_source_bytes (test_http2_benchmark.Http2BenchmarkTest.test_production_source_fingerprint_changes_with_source_bytes) ... ok
test_blackhole_requires_two_connections (test_m2_016_dns_to_connected.M2016BenchmarkTest.test_blackhole_requires_two_connections) ... ok
test_duplicate_indexes_fail_closed (test_m2_016_dns_to_connected.M2016BenchmarkTest.test_duplicate_indexes_fail_closed) ... ok
test_loss_allows_delayed_second_attempt (test_m2_016_dns_to_connected.M2016BenchmarkTest.test_loss_allows_delayed_second_attempt) ... ok
test_nearest_rank (test_m2_016_dns_to_connected.M2016BenchmarkTest.test_nearest_rank) ... ok
test_o2_snapshot_does_not_touch_source_manifest (test_m2_016_dns_to_connected.M2016BenchmarkTest.test_o2_snapshot_does_not_touch_source_manifest) ... ok
test_parse_cancellation_sample (test_m2_016_dns_to_connected.M2016BenchmarkTest.test_parse_cancellation_sample) ... ok
test_parse_success_sample (test_m2_016_dns_to_connected.M2016BenchmarkTest.test_parse_success_sample) ... ok
test_classification_enforces_every_threshold (test_m3_028_tls.M3028TlsGateTest.test_classification_enforces_every_threshold) ... ok
test_nearest_rank_is_not_interpolated (test_m3_028_tls.M3028TlsGateTest.test_nearest_rank_is_not_interpolated) ... ok
test_o2_snapshot_rewrite_is_exact (test_m3_028_tls.M3028TlsGateTest.test_o2_snapshot_rewrite_is_exact) ... ok
test_parses_exact_wirestack_marker (test_m3_028_tls.M3028TlsGateTest.test_parses_exact_wirestack_marker) ... ok
test_rejects_duplicate_or_wrong_marker (test_m3_028_tls.M3028TlsGateTest.test_rejects_duplicate_or_wrong_marker) ... ok

----------------------------------------------------------------------
Ran 24 tests in 0.004s

OK
[33mwarning[0m: unused function:'waitUntilWriteActive'
   [36m==>[0m <repo-root>-pr-worktrees/M8-005-publication/src/internal/transport_stdnet/package.cj:612:5:
    [36m| [0m
[36m612[0m [36m| [0m      internal func waitUntilWriteActive(timeout: Duration): Bool {[0m
    [36m| [0m [33m_[0m[33m____^[0m
[36m613[0m [36m| [0m[33m|[0m         let expiresAt = MonoTime.now() + timeout[0m
    [36m| [0m[33m|[0m ...[0m
[36m622[0m [36m| [0m[33m|[0m     }[0m
    [36m| [0m[33m|[0m[33m_[0m[33m____^ unused function[0m
    [36m| [0m
    [36m#[0m [0mnote[0m: this warning can be suppressed by setting the compiler option `-Woff unused`

[33mwarning[0m: unused function:'waitUntilAcceptActive'
   [36m==>[0m <repo-root>-pr-worktrees/M8-005-publication/src/internal/transport_stdnet/package.cj:910:5:
    [36m| [0m
[36m910[0m [36m| [0m      func waitUntilAcceptActive(timeout: Duration): Bool {[0m
    [36m| [0m [33m_[0m[33m____^[0m
[36m911[0m [36m| [0m[33m|[0m         let expiresAt = MonoTime.now() + timeout[0m
    [36m| [0m[33m|[0m ...[0m
[36m919[0m [36m| [0m[33m|[0m     }[0m
    [36m| [0m[33m|[0m[33m_[0m[33m____^ unused function[0m
    [36m| [0m
    [36m#[0m [0mnote[0m: this warning can be suppressed by setting the compiler option `-Woff unused`

2 warnings generated, 2 warnings printed.
[33mwarning[0m: unreachable block in 'if' expression
   [36m==>[0m <repo-root>-pr-worktrees/M8-005-publication/src/internal/http2/server_connection.cj:411:28:
    [36m| [0m
[36m411[0m [36m| [0m            if (slotOwned) { releasePushSlot() }[0m
    [36m| [0m                           [33m^^^^^^^^^^^^^^^^^^^^^ unreachable block in 'if' expression[0m
    [36m| [0m
    [36m#[0m [0mnote[0m: this warning can be suppressed by setting the compiler option `-Woff unused`

1 warning generated, 1 warning printed.
[33mwarning[0m: unreachable block in 'if' expression
   [36m==>[0m <repo-root>-pr-worktrees/M8-005-publication/src/internal/http1/server_connection.cj:116:23:
    [36m| [0m
[36m116[0m [36m| [0m        try { if (let Some(handoff) <- pendingHandoff) { handoff.failed() } }[0m
    [36m| [0m                      [33m^^^^^^^^^^^^^ unreachable block in 'if' expression[0m
    [36m| [0m
    [36m#[0m [0mnote[0m: this warning can be suppressed by setting the compiler option `-Woff unused`

[33mwarning[0m: unused function:'waitUntilWaiters'
   [36m==>[0m <repo-root>-pr-worktrees/M8-005-publication/src/internal/http1/connection_pool.cj:374:5:
    [36m| [0m
[36m374[0m [36m| [0m      internal func waitUntilWaiters(expected: Int64, timeout: Duration): Bool {[0m
    [36m| [0m [33m_[0m[33m____^[0m
[36m375[0m [36m| [0m[33m|[0m         let expiresAt = MonoTime.now() + timeout[0m
    [36m| [0m[33m|[0m ...[0m
[36m384[0m [36m| [0m[33m|[0m     }[0m
    [36m| [0m[33m|[0m[33m_[0m[33m____^ unused function[0m
    [36m| [0m
    [36m#[0m [0mnote[0m: this warning can be suppressed by setting the compiler option `-Woff unused`

2 warnings generated, 2 warnings printed.
[33mwarning[0m: unreachable block in 'if' expression
   [36m==>[0m <repo-root>-pr-worktrees/M8-005-publication/src/internal/http2/server_connection.cj:411:28:
    [36m| [0m
[36m411[0m [36m| [0m            if (slotOwned) { releasePushSlot() }[0m
    [36m| [0m                           [33m^^^^^^^^^^^^^^^^^^^^^ unreachable block in 'if' expression[0m
    [36m| [0m
    [36m#[0m [0mnote[0m: this warning can be suppressed by setting the compiler option `-Woff unused`

1 warning generated, 1 warning printed.
[33mwarning[0m: unreachable block in 'if' expression
   [36m==>[0m <repo-root>-pr-worktrees/M8-005-publication/src/internal/http1/server_connection.cj:116:23:
    [36m| [0m
[36m116[0m [36m| [0m        try { if (let Some(handoff) <- pendingHandoff) { handoff.failed() } }[0m
    [36m| [0m                      [33m^^^^^^^^^^^^^ unreachable block in 'if' expression[0m
    [36m| [0m
    [36m#[0m [0mnote[0m: this warning can be suppressed by setting the compiler option `-Woff unused`

1 warning generated, 1 warning printed.
[33mwarning[0m: unreachable block in 'if' expression
  [36m==>[0m <repo-root>-pr-worktrees/M8-005-publication/src/net/dns_client_test.cj:37:28:
   [36m| [0m
[36m37[0m [36m| [0m            if (!retained) { tcp.close() }[0m
   [36m| [0m                           [33m^^^^^^^^^^^^^^^ unreachable block in 'if' expression[0m
   [36m| [0m
   [36m#[0m [0mnote[0m: this warning can be suppressed by setting the compiler option `-Woff unused`

[33mwarning[0m: unused expression
  [36m==>[0m <repo-root>-pr-worktrees/M8-005-publication/src/net/dns_wire_test.cj:99:13:
   [36m| [0m
[36m99[0m [36m| [0m            DnsMessageSummary(1u16, 0, false, questionCount: 65536, questions: questions)[0m
   [36m| [0m            [33m^ unused expression[0m
   [36m| [0m
   [36m#[0m [0mnote[0m: this warning can be suppressed by setting the compiler option `-Woff unused`
[34mnote[0m: the warning occurs after the macro is expanded
   [36m==>[0m <repo-root>-pr-worktrees/M8-005-publication/src/net/dns_wire_test.cj:8:1:
    [36m| [0m
[36m8[0m   [36m| [0m  @Test[0m
    [36m| [0m [34m_[0m[34m^[0m
[36m9[0m   [36m| [0m[34m|[0m class DnsWireParserTest {[0m
    [36m| [0m[34m|[0m ...[0m
[36m305[0m [36m| [0m[34m|[0m }[0m
    [36m| [0m[34m|[0m[34m_[0m[34m^[0m
    [36m| [0m
[34mnote[0m: the code after the macro is expanded as follows
    [36m| [0m
    [36m| [0m  /* 8.1 */@Attribute[TEST_GENERATED] class DnsWireParserTest <: TestClass {[0m
    [36m| [0m [34m_[0m[34m^[0m
    [36m| [0m[34m|[0m /* 8.2 */    @Attribute[TestCase_41][0m
    [36m| [0m[34m|[0m /* 8.3 */    func decodesCompressedTargetsBinaryTxtSoaAndUnknownData(): Unit {[0m
    [36m| [0m[34m|[0m /* 8.4 */        let message = dnsTestHeader(0x1234u16, 0x8180u16, 1, 7, 0, 0)[0m
    [36m| [0m[34m|[0m /* 8.5 */        dnsTestAppendQuestion(message, "Example.COM", 1)[0m
    [36m| [0m[34m|[0m /* 8.6 */        dnsTestAppendRecord(message,[0xC0u8, 0x0Cu8], 5,[0xC0u8, 0x0Cu8])[0m
    [36m| [0m[34m|[0m /* 8.7 */        dnsTestAppendRecord(message,[0xC0u8, 0x0Cu8], 12,[0xC0u8, 0x0Cu8])[0m
    [36m| [0m[34m|[0m /* 8.8 */        dnsTestAppendRecord(message,[0xC0u8, 0x0Cu8], 15,[0u8, 10u8, 0xC0u8, 0x0Cu8])[0m
    [36m| [0m[34m|[0m /* 8.9 */        let srv = ArrayList < Byte >()[0m
    [36m| [0m[34m|[0m /* 8.10 */        for(value in[0u8, 1u8, 0u8, 2u8, 1u8, 187u8]) {[0m
    [36m| [0m[34m|[0m /* 8.11 */            srv.add(value)[0m
    [36m| [0m[34m|[0m /* 8.12 */        }[0m
    [36m| [0m[34m|[0m /* 8.13 */        dnsTestAppendName(srv, "Target.Example")[0m
    [36m| [0m[34m|[0m /* 8.14 */        dnsTestAppendRecord(message,[0xC0u8, 0x0Cu8], 33, srv.toArray())[0m
    [36m| [0m[34m|[0m /* 8.15 */        dnsTestAppendRecord(message,[0xC0u8, 0x0Cu8], 16,[3u8, 0u8, 255u8, 65u8, 0u8])[0m
    [36m| [0m[34m|[0m /* 8.16 */        let soa = ArrayList < Byte >()[0m
    [36m| [0m[34m|[0m /* 8.17 */        soa.add(0xC0u8)[0m
    [36m| [0m[34m|[0m /* 8.18 */        soa.add(0x0Cu8)[0m
    [36m| [0m[34m|[0m /* 8.19 */        soa.add(0xC0u8)[0m
    [36m| [0m[34m|[0m /* 8.20 */        soa.add(0x0Cu8)[0m
    [36m| [0m[34m|[0m /* 8.21 */        for(value in[1u32, 2u32, 3u32, 4u32, 30u32]) {[0m
    [36m| [0m[34m|[0m /* 8.22 */            dnsTestAppendU32(soa, value)[0m
    [36m| [0m[34m|[0m /* 8.23 */        }[0m
    [36m| [0m[34m|[0m /* 8.24 */        dnsTestAppendRecord(message,[0xC0u8, 0x0Cu8], 6, soa.toArray())[0m
    [36m| [0m[34m|[0m /* 8.25 */        dnsTestAppendRecord(message,[0xC0u8, 0x0Cu8], 65280,[0xDEu8, 0xADu8])[0m
    [36m| [0m[34m|[0m /* 8.26 */        let summary = DnsMessageParser().parse(message.toArray())[0m
    [36m| [0m[34m|[0m /* 8.27 */        expectEqual("summary.transactionId", "0x1234u16", summary.transactionId, 0x1234u16, isDelta: false)[0m
    [36m| [0m[34m|[0m /* 8.28 */        expectEqual("summary.isResponse", "true", summary.isResponse, true, isDelta: false)[0m
    [36m| [0m[34m|[0m /* 8.29 */        expectEqual("summary.opcode", "0", summary.opcode, 0, isDelta: false)[0m
    [36m| [0m[34m|[0m /* 8.30 */        expectEqual("summary.questions[0].name", "\"example.com\"", summary.questions[0].name, "example.com", isDelta: false)[0m
    [36m| [0m[34m|[0m /* 8.31 */        expectEqual("summary.records.size", "7", summary.records.size, 7, isDelta: false)[0m
    [36m| [0m[34m|[0m /* 8.32 */        expectEqual("dnsTestTarget(summary.records[0])", "\"example.com\"", dnsTestTarget(summary.records[0]), "example.com", isDelta: false)[0m
    [36m| [0m[34m|[0m /* 8.33 */        expectEqual("dnsTestTarget(summary.records[1])", "\"example.com\"", dnsTestTarget(summary.records[1]), "example.com", isDelta: false)[0m
    [36m| [0m[34m|[0m /* 8.34 */        expectEqual("dnsTestTarget(summary.records[2])", "\"example.com\"", dnsTestTarget(summary.records[2]), "example.com", isDelta: false)[0m
    [36m| [0m[34m|[0m /* 8.35 */        expectEqual("dnsTestTarget(summary.records[3])", "\"target.example\"", dnsTestTarget(summary.records[3]), "target.example", isDelta: false)[0m
    [36m| [0m[34m|[0m /* 8.36 */        expectEqual("summary.records[4].data()", "[3u8, 0u8, 255u8, 65u8, 0u8]", summary.records[4].data(),[3u8, 0u8, 255u8, 65u8, 0u8], isDelta: false)[0m
    [36m| [0m[34m|[0m /* 8.37 */        match(summary.records[5].soaMinimum) {[0m
    [36m| [0m[34m|[0m /* 8.38 */            case Some(value) => expectEqual("value", "30u32", value, 30u32, isDelta: false)[0m
    [36m| [0m[34m|[0m /* 8.39 */            case None => fail("SOA minimum was not decoded")[0m
    [36m| [0m[34m|[0m /* 8.40 */        }[0m
    [36m| [0m[34m|[0m /* 8.41 */        match(summary.records[6].recordType) {[0m
    [36m| [0m[34m|[0m /* 8.42 */            case DnsRecordType.Unknown(value) => expectEqual("value", "65280", value, 65280, isDelta: false)[0m
    [36m| [0m[34m|[0m /* 8.43 */            case _ => fail("unknown record type was not preserved")[0m
    [36m| [0m[34m|[0m /* 8.44 */        }[0m
    [36m| [0m[34m|[0m /* 8.45 */        expectEqual("summary.records[6].data()", "[0xDEu8, 0xADu8]", summary.records[6].data(),[0xDEu8, 0xADu8], isDelta: false)[0m
    [36m| [0m[34m|[0m /* 8.46 */    }[0m
    [36m| [0m[34m|[0m /* 8.47 */    [0m
    [36m| [0m[34m|[0m /* 8.48 */    @Attribute[TestCase_42][0m
    [36m| [0m[34m|[0m /* 8.49 */    func recordOrderMakesAnswerAuthorityAndAdditionalBoundariesExplicit(): Unit {[0m
    [36m| [0m[34m|[0m /* 8.50 */        let message = dnsTestHeader(7u16, 0x8180u16, 1, 1, 1, 1)[0m
    [36m| [0m[34m|[0m /* 8.51 */        dnsTestAppendQuestion(message, "ordered.example", 1)[0m
    [36m| [0m[34m|[0m /* 8.52 */        dnsTestAppendRecord(message,[0xC0u8, 0x0Cu8], 1,[1u8, 1u8, 1u8, 1u8])[0m
    [36m| [0m[34m|[0m /* 8.53 */        dnsTestAppendRecord(message,[0xC0u8, 0x0Cu8], 1,[2u8, 2u8, 2u8, 2u8])[0m
    [36m| [0m[34m|[0m /* 8.54 */        dnsTestAppendRecord(message,[0xC0u8, 0x0Cu8], 1,[3u8, 3u8, 3u8, 3u8])[0m
    [36m| [0m[34m|[0m /* 8.55 */        let summary = DnsMessageParser().parse(message.toArray())[0m
    [36m| [0m[34m|[0m /* 8.56 */        expectEqual("summary.answerCount", "1", summary.answerCount, 1, isDelta: false)[0m
    [36m| [0m[34m|[0m /* 8.57 */        expectEqual("summary.authorityCount", "1", summary.authorityCount, 1, isDelta: false)[0m
    [36m| [0m[34m|[0m /* 8.58 */        expectEqual("summary.additionalCount", "1", summary.additionalCount, 1, isDelta: false)[0m
    [36m| [0m[34m|[0m /* 8.59 */        expectEqual("summary.records[0].data()", "[1u8, 1u8, 1u8, 1u8]", summary.records[0].data(),[1u8, 1u8, 1u8, 1u8], isDelta: false)[0m
    [36m| [0m[34m|[0m /* 8.60 */        expectEqual("summary.records[summary.answerCount].data()", "[2u8, 2u8, 2u8, 2u8]", summary.records[summary.answerCount].data(),[2u8, 2u8, 2u8, 2u8], isDelta: false)[0m
    [36m| [0m[34m|[0m /* 8.61 */        expectEqual("summary.records[summary.answerCount + summary.authorityCount].data()", "[3u8, 3u8, 3u8, 3u8]", summary.records[summary.answerCount + summary.authorityCount].data(),[3u8, 3u8, 3u8, 3u8], isDelta: false)[0m
    [36m| [0m[34m|[0m /* 8.62 */    }[0m
    [36m| [0m[34m|[0m /* 8.63 */    [0m
    [36m| [0m[34m|[0m /* 8.64 */    @Attribute[TestCase_43][0m
    [36m| [0m[34m|[0m /* 8.65 */    func summariesAndRecordsOwnParserAndConstructorInputs(): Unit {[0m
    [36m| [0m[34m|[0m /* 8.66 */        let message = dnsTestHeader(9u16, 0x8180u16, 1, 1, 0, 0)[0m
    [36m| [0m[34m|[0m /* 8.67 */        dnsTestAppendQuestion(message, "owned.example", 1)[0m
    [36m| [0m[34m|[0m /* 8.68 */        dnsTestAppendRecord(message,[0xC0u8, 0x0Cu8], 1,[10u8, 20u8, 30u8, 40u8])[0m
    [36m| [0m[34m|[0m /* 8.69 */        let wire = message.toArray()[0m
    [36m| [0m[34m|[0m /* 8.70 */        let summary = DnsMessageParser().parse(wire)[0m
    [36m| [0m[34m|[0m /* 8.71 */        wire[wire.size - 1] = 99u8[0m
    [36m| [0m[34m|[0m /* 8.72 */        let returnedData = summary.records[0].data()[0m
    [36m| [0m[34m|[0m /* 8.73 */        returnedData[0] = 99u8[0m
    [36m| [0m[34m|[0m /* 8.74 */        let supplied =[summary.records[0]][0m
    [36m| [0m[34m|[0m /* 8.75 */        let constructed = DnsMessageSummary(9u16, 1, false, records: supplied)[0m
    [36m| [0m[34m|[0m /* 8.76 */        supplied[0] = DnsRecord("changed.example", DnsRecordType.A, 1u16, 0u32,[9u8, 9u8, 9u8, 9u8])[0m
    [36m| [0m[34m|[0m /* 8.77 */        expectEqual("summary.records[0].name", "\"owned.example\"", summary.records[0].name, "owned.example", isDelta: false)[0m
    [36m| [0m[34m|[0m /* 8.78 */        expectEqual("summary.records[0].data()", "[10u8, 20u8, 30u8, 40u8]", summary.records[0].data(),[10u8, 20u8, 30u8, 40u8], isDelta: false)[0m
    [36m| [0m[34m|[0m /* 8.79 */        expectEqual("constructed.records[0].name", "\"owned.example\"", constructed.records[0].name, "owned.example", isDelta: false)[0m
    [36m| [0m[34m|[0m /* 8.80 */    }[0m
    [36m| [0m[34m|[0m /* 8.81 */    [0m
    [36m| [0m[34m|[0m /* 8.82 */    @Attribute[TestCase_44][0m
    [36m| [0m[34m|[0m /* 8.83 */    func publicSummaryRejectsCountsBeyondWireAndCombinedRecordBounds(): Unit {[0m
    [36m| [0m[34m|[0m /* 8.84 */        let wire = dnsTestHeader(1u16, 0x8180u16, 1, 1, 0, 0)[0m
    [36m| [0m[34m|[0m /* 8.85 */        dnsTestAppendQuestion(wire, "limit.test", 1)[0m
    [36m| [0m[34m|[0m /* 8.86 */        dnsTestAppendRecord(wire,[0xC0u8, 0x0Cu8], 1,[127u8, 0u8, 0u8, 1u8])[0m
    [36m| [0m[34m|[0m /* 8.87 */        let parsed = DnsMessageParser().parse(wire.toArray())[0m
    [36m| [0m[34m|[0m /* 8.88 */        let questions = Array < DnsQuestion >(65536, repeat: parsed.questions[0])[0m
    [36m| [0m[34m|[0m /* 8.89 */        let records = Array < DnsRecord >(65536, repeat: parsed.records[0])[0m
    [36m| [0m[34m|[0m /* 8.90 */        try {[0m
    [36m| [0m[34m|[0m /* 8.91 */            try {[0m
    [36m| [0m[34m|[0m /* 8.92 */                assertEqual("true", "true", true, true)[0m
    [36m| [0m[34m|[0m /* 8.93 */                DnsMessageSummary(1u16, 0, false, questionCount: 65536, questions: questions)[0m
    [36m| [0m[34m|[0m /* 8.94 */                fail("@AssertThrows: Expected 'IllegalArgumentException' was not caught.")[0m
    [36m| [0m[34m|[0m /* 8.95 */            } catch(e: IllegalArgumentException) {[0m
    [36m| [0m[34m|[0m /* 8.96 */                if(e is AssertException) {[0m
    [36m| [0m[34m|[0m /* 8.97 */                    throw e[0m
    [36m| [0m[34m|[0m /* 8.98 */                }[0m
    [36m| [0m[34m|[0m /* 8.99 */                if(e is AssertIntermediateException) {[0m
    [36m| [0m[34m|[0m /* 8.100 */                    throw e[0m
    [36m| [0m[34m|[0m /* 8.101 */                }[0m
    [36m| [0m[34m|[0m /* 8.102 */                if(e is UnittestTimeoutException) {[0m
    [36m| [0m[34m|[0m /* 8.103 */                    throw e[0m
    [36m| [0m[34m|[0m /* 8.104 */                }[0m
    [36m| [0m[34m|[0m /* 8.105 */                e[0m
    [36m| [0m[34m|[0m /* 8.106 */            }[0m
    [36m| [0m[34m|[0m /* 8.107 */        } catch(e: Exception) {[0m
    [36m| [0m[34m|[0m /* 8.108 */            if(e is AssertException || e is AssertIntermediateException || e is UnittestTimeoutException) {[0m
    [36m| [0m[34m|[0m /* 8.109 */                throw e[0m
    [36m| [0m[34m|[0m /* 8.110 */            }[0m
    [36m| [0m[34m|[0m /* 8.111 */            assertCaughtUnexpectedE("@AssertThrows(IllegalArgumentException)", "IllegalArgumentException", e.toString())[0m
    [36m| [0m[34m|[0m /* 8.112 */        }[0m
    [36m| [0m[34m|[0m /* 8.113 */        try {[0m
    [36m| [0m[34m|[0m /* 8.114 */            try {[0m
    [36m| [0m[34m|[0m /* 8.115 */                assertEqual("true", "true", true, true)[0m
    [36m| [0m[34m|[0m /* 8.116 */                DnsMessageSummary(1u16, 65536, false, records: records)[0m
    [36m| [0m[34m|[0m /* 8.117 */                fail("@AssertThrows: Expected 'IllegalArgumentException' was not caught.")[0m
    [36m| [0m[34m|[0m /* 8.118 */            } catch(e: IllegalArgumentException) {[0m
    [36m| [0m[34m|[0m /* 8.119 */                if(e is AssertException) {[0m
    [36m| [0m[34m|[0m /* 8.120 */                    throw e[0m
    [36m| [0m[34m|[0m /* 8.121 */                }[0m
    [36m| [0m[34m|[0m /* 8.122 */                if(e is AssertIntermediateException) {[0m
    [36m| [0m[34m|[0m /* 8.123 */                    throw e[0m
    [36m| [0m[34m|[0m /* 8.124 */                }[0m
    [36m| [0m[34m|[0m /* 8.125 */                if(e is UnittestTimeoutException) {[0m
    [36m| [0m[34m|[0m /* 8.126 */                    throw e[0m
    [36m| [0m[34m|[0m /* 8.127 */                }[0m
    [36m| [0m[34m|[0m /* 8.128 */                e[0m
    [36m| [0m[34m|[0m /* 8.129 */            }[0m
    [36m| [0m[34m|[0m /* 8.130 */        } catch(e: Exception) {[0m
    [36m| [0m[34m|[0m /* 8.131 */            if(e is AssertException || e is AssertIntermediateException || e is UnittestTimeoutException) {[0m
    [36m| [0m[34m|[0m /* 8.132 */                throw e[0m
    [36m| [0m[34m|[0m /* 8.133 */            }[0m
    [36m| [0m[34m|[0m /* 8.134 */            assertCaughtUnexpectedE("@AssertThrows(IllegalArgumentException)", "IllegalArgumentException", e.toString())[0m
    [36m| [0m[34m|[0m /* 8.135 */        }[0m
    [36m| [0m[34m|[0m /* 8.136 */        try {[0m
    [36m| [0m[34m|[0m /* 8.137 */            try {[0m
    [36m| [0m[34m|[0m /* 8.138 */                assertEqual("true", "true", true, true)[0m
    [36m| [0m[34m|[0m /* 8.139 */                DnsMessageSummary(1u16, 32768, false, authorityCount: 32768, records: records)[0m
    [36m| [0m[34m|[0m /* 8.140 */                fail("@AssertThrows: Expected 'IllegalArgumentException' was not caught.")[0m
    [36m| [0m[34m|[0m /* 8.141 */            } catch(e: IllegalArgumentException) {[0m
    [36m| [0m[34m|[0m /* 8.142 */                if(e is AssertException) {[0m
    [36m| [0m[34m|[0m /* 8.143 */                    throw e[0m
    [36m| [0m[34m|[0m /* 8.144 */                }[0m
    [36m| [0m[34m|[0m /* 8.145 */                if(e is AssertIntermediateException) {[0m
    [36m| [0m[34m|[0m /* 8.146 */                    throw e[0m
    [36m| [0m[34m|[0m /* 8.147 */                }[0m
    [36m| [0m[34m|[0m /* 8.148 */                if(e is UnittestTimeoutException) {[0m
    [36m| [0m[34m|[0m /* 8.149 */                    throw e[0m
    [36m| [0m[34m|[0m /* 8.150 */                }[0m
    [36m| [0m[34m|[0m /* 8.151 */                e[0m
    [36m| [0m[34m|[0m /* 8.152 */            }[0m
    [36m| [0m[34m|[0m /* 8.153 */        } catch(e: Exception) {[0m
    [36m| [0m[34m|[0m /* 8.154 */            if(e is AssertException || e is AssertIntermediateException || e is UnittestTimeoutException) {[0m
    [36m| [0m[34m|[0m /* 8.155 */                throw e[0m
    [36m| [0m[34m|[0m /* 8.156 */            }[0m
    [36m| [0m[34m|[0m /* 8.157 */            assertCaughtUnexpectedE("@AssertThrows(IllegalArgumentException)", "IllegalArgumentException", e.toString())[0m
    [36m| [0m[34m|[0m /* 8.158 */        }[0m
    [36m| [0m[34m|[0m /* 8.159 */        let bounded = DnsMessageSummary(1u16, 32768, false, authorityCount: 32767, records: Array < DnsRecord >(65535, repeat: parsed.records[0]))[0m
    [36m| [0m[34m|[0m /* 8.160 */        expectEqual("bounded.records[65534].data()", "[127u8, 0u8, 0u8, 1u8]", bounded.records[65534].data(),[127u8, 0u8, 0u8, 1u8], isDelta: false)[0m
    [36m| [0m[34m|[0m /* 8.161 */    }[0m
    [36m| [0m[34m|[0m /* 8.162 */    [0m
    [36m| [0m[34m|[0m /* 8.163 */    @Attribute[TestCase_45][0m
    [36m| [0m[34m|[0m /* 8.164 */    func parserPreservesQuestionIdentityAndRejectsIncompleteRecords(): Unit {[0m
    [36m| [0m[34m|[0m /* 8.165 */        let wire = dnsTestHeader(0xBEEFu16, 0x0100u16, 1, 0, 0, 0)[0m
    [36m| [0m[34m|[0m /* 8.166 */        dnsTestAppendQuestion(wire, "_HTTPS._TCP.Example.COM", 33)[0m
    [36m| [0m[34m|[0m /* 8.167 */        let query = wire.toArray()[0m
    [36m| [0m[34m|[0m /* 8.168 */        let parsedQuery = DnsMessageParser().parse(query)[0m
    [36m| [0m[34m|[0m /* 8.169 */        expectEqual("! parsedQuery.isResponse", "true", ! parsedQuery.isResponse, true, isDelta: false)[0m
    [36m| [0m[34m|[0m /* 8.170 */        expectEqual("parsedQuery.opcode", "0", parsedQuery.opcode, 0, isDelta: false)[0m
    [36m| [0m[34m|[0m /* 8.171 */        expectEqual("parsedQuery.questionCount", "1", parsedQuery.questionCount, 1, isDelta: false)[0m
    [36m| [0m[34m|[0m /* 8.172 */        expectEqual("parsedQuery.questions[0].name", "\"_https._tcp.example.com\"", parsedQuery.questions[0].name, "_https._tcp.example.com", isDelta: false)[0m
    [36m| [0m[34m|[0m /* 8.173 */        expectEqual("match(parsedQuery.questions[0].recordType) {\n    case DnsRecordType.SRV => true\n    case _ => false\n}", "true", match(parsedQuery.questions[0].recordType) {[0m
    [36m| [0m[34m|[0m /* 8.174 */            case DnsRecordType.SRV => true[0m
    [36m| [0m[34m|[0m /* 8.175 */            case _ => false[0m
    [36m| [0m[34m|[0m /* 8.176 */        }, true, isDelta: false)[0m
    [36m| [0m[34m|[0m /* 8.177 */        expectEqual("parsedQuery.questions[0].recordClass", "1u16", parsedQuery.questions[0].recordClass, 1u16, isDelta: false)[0m
    [36m| [0m[34m|[0m /* 8.178 */        let opcodeMessage = dnsTestHeader(1u16, 0x9000u16, 0, 0, 0, 0)[0m
    [36m| [0m[34m|[0m /* 8.179 */        let opcodeSummary = DnsMessageParser().parse(opcodeMessage.toArray())[0m
    [36m| [0m[34m|[0m /* 8.180 */        expectEqual("opcodeSummary.isResponse", "true", opcodeSummary.isResponse, true, isDelta: false)[0m
    [36m| [0m[34m|[0m /* 8.181 */        expectEqual("opcodeSummary.opcode", "2", opcodeSummary.opcode, 2, isDelta: false)[0m
    [36m| [0m[34m|[0m /* 8.182 */        let truncated = query.clone()[0m
    [36m| [0m[34m|[0m /* 8.183 */        truncated[2] = 0x83u8[0m
    [36m| [0m[34m|[0m /* 8.184 */        truncated[3] = 0x00u8[0m
    [36m| [0m[34m|[0m /* 8.185 */        truncated[6] = 0u8[0m
    [36m| [0m[34m|[0m /* 8.186 */        truncated[7] = 1u8[0m
    [36m| [0m[34m|[0m /* 8.187 */        try {[0m
    [36m| [0m[34m|[0m /* 8.188 */            try {[0m
    [36m| [0m[34m|[0m /* 8.189 */                assertEqual("true", "true", true, true)[0m
    [36m| [0m[34m|[0m /* 8.190 */                DnsMessageParser().parse(truncated)[0m
    [36m| [0m[34m|[0m /* 8.191 */                fail("@AssertThrows: Expected 'api.ResolveException' was not caught.")[0m
    [36m| [0m[34m|[0m /* 8.192 */            } catch(e: api.ResolveException) {[0m
    [36m| [0m[34m|[0m /* 8.193 */                if(e is AssertException) {[0m
    [36m| [0m[34m|[0m /* 8.194 */                    throw e[0m
    [36m| [0m[34m|[0m /* 8.195 */                }[0m
    [36m| [0m[34m|[0m /* 8.196 */                if(e is AssertIntermediateException) {[0m
    [36m| [0m[34m|[0m /* 8.197 */                    throw e[0m
    [36m| [0m[34m|[0m /* 8.198 */                }[0m
    [36m| [0m[34m|[0m /* 8.199 */                if(e is UnittestTimeoutException) {[0m
    [36m| [0m[34m|[0m /* 8.200 */                    throw e[0m
    [36m| [0m[34m|[0m /* 8.201 */                }[0m
    [36m| [0m[34m|[0m /* 8.202 */                e[0m
    [36m| [0m[34m|[0m /* 8.203 */            }[0m
    [36m| [0m[34m|[0m /* 8.204 */        } catch(e: Exception) {[0m
    [36m| [0m[34m|[0m /* 8.205 */            if(e is AssertException || e is AssertIntermediateException || e is UnittestTimeoutException) {[0m
    [36m| [0m[34m|[0m /* 8.206 */                throw e[0m
    [36m| [0m[34m|[0m /* 8.207 */            }[0m
    [36m| [0m[34m|[0m /* 8.208 */            assertCaughtUnexpectedE("@AssertThrows(api.ResolveException)", "api.ResolveException", e.toString())[0m
    [36m| [0m[34m|[0m /* 8.209 */        }[0m
    [36m| [0m[34m|[0m /* 8.210 */    }[0m
    [36m| [0m[34m|[0m /* 8.211 */    [0m
    [36m| [0m[34m|[0m /* 8.212 */    @Attribute[TestCase_46][0m
    [36m| [0m[34m|[0m /* 8.213 */    func asciiNameProfileRejectsAmbiguousLabels(): Unit {[0m
    [36m| [0m[34m|[0m /* 8.214 */        for(invalid in["a..b", "-bad.example", "bad-.example", "bad label", "a/b", "é.example"]) {[0m
    [36m| [0m[34m|[0m /* 8.215 */            let wire = dnsTestHeader(1u16, 0x8180u16, 1, 0, 0, 0)[0m
    [36m| [0m[34m|[0m /* 8.216 */            dnsTestAppendQuestion(wire, invalid, 1)[0m
    [36m| [0m[34m|[0m /* 8.217 */            try {[0m
    [36m| [0m[34m|[0m /* 8.218 */                try {[0m
    [36m| [0m[34m|[0m /* 8.219 */                    assertEqual("true", "true", true, true)[0m
    [36m| [0m[34m|[0m /* 8.220 */                    DnsMessageParser().parse(wire.toArray())[0m
    [36m| [0m[34m|[0m /* 8.221 */                    fail("@AssertThrows: Expected 'api.ResolveException' was not caught.")[0m
    [36m| [0m[34m|[0m /* 8.222 */                } catch(e: api.ResolveException) {[0m
    [36m| [0m[34m|[0m /* 8.223 */                    if(e is AssertException) {[0m
    [36m| [0m[34m|[0m /* 8.224 */                        throw e[0m
    [36m| [0m[34m|[0m /* 8.225 */                    }[0m
    [36m| [0m[34m|[0m /* 8.226 */                    if(e is AssertIntermediateException) {[0m
    [36m| [0m[34m|[0m /* 8.227 */                        throw e[0m
    [36m| [0m[34m|[0m /* 8.228 */                    }[0m
    [36m| [0m[34m|[0m /* 8.229 */                    if(e is UnittestTimeoutException) {[0m
    [36m| [0m[34m|[0m /* 8.230 */                        throw e[0m
    [36m| [0m[34m|[0m /* 8.231 */                    }[0m
    [36m| [0m[34m|[0m /* 8.232 */                    e[0m
    [36m| [0m[34m|[0m /* 8.233 */                }[0m
    [36m| [0m[34m|[0m /* 8.234 */            } catch(e: Exception) {[0m
    [36m| [0m[34m|[0m /* 8.235 */                if(e is AssertException || e is AssertIntermediateException || e is UnittestTimeoutException) {[0m
    [36m| [0m[34m|[0m /* 8.236 */                    throw e[0m
    [36m| [0m[34m|[0m /* 8.237 */                }[0m
    [36m| [0m[34m|[0m /* 8.238 */                assertCaughtUnexpectedE("@AssertThrows(api.ResolveException)", "api.ResolveException", e.toString())[0m
    [36m| [0m[34m|[0m /* 8.239 */            }[0m
    [36m| [0m[34m|[0m /* 8.240 */        }[0m
    [36m| [0m[34m|[0m /* 8.241 */        let message = dnsTestHeader(3u16, 0x8180u16, 1, 0, 0, 0)[0m
    [36m| [0m[34m|[0m /* 8.242 */        message.add(3u8)[0m
    [36m| [0m[34m|[0m /* 8.243 */        message.add(b'a')[0m
    [36m| [0m[34m|[0m /* 8.244 */        message.add(b'.')[0m
    [36m| [0m[34m|[0m /* 8.245 */        message.add(b'b')[0m
    [36m| [0m[34m|[0m /* 8.246 */        message.add(0u8)[0m
    [36m| [0m[34m|[0m /* 8.247 */        dnsTestAppendU16(message, 1)[0m
    [36m| [0m[34m|[0m /* 8.248 */        dnsTestAppendU16(message, 1)[0m
    [36m| [0m[34m|[0m /* 8.249 */        try {[0m
    [36m| [0m[34m|[0m /* 8.250 */            try {[0m
    [36m| [0m[34m|[0m /* 8.251 */                assertEqual("true", "true", true, true)[0m
    [36m| [0m[34m|[0m /* 8.252 */                DnsMessageParser().parse(message.toArray())[0m
    [36m| [0m[34m|[0m /* 8.253 */                fail("@AssertThrows: Expected 'api.ResolveException' was not caught.")[0m
    [36m| [0m[34m|[0m /* 8.254 */            } catch(e: api.ResolveException) {[0m
    [36m| [0m[34m|[0m /* 8.255 */                if(e is AssertException) {[0m
    [36m| [0m[34m|[0m /* 8.256 */                    throw e[0m
    [36m| [0m[34m|[0m /* 8.257 */                }[0m
    [36m| [0m[34m|[0m /* 8.258 */                if(e is AssertIntermediateException) {[0m
    [36m| [0m[34m|[0m /* 8.259 */                    throw e[0m
    [36m| [0m[34m|[0m /* 8.260 */                }[0m
    [36m| [0m[34m|[0m /* 8.261 */                if(e is UnittestTimeoutException) {[0m
    [36m| [0m[34m|[0m /* 8.262 */                    throw e[0m
    [36m| [0m[34m|[0m /* 8.263 */                }[0m
    [36m| [0m[34m|[0m /* 8.264 */                e[0m
    [36m| [0m[34m|[0m /* 8.265 */            }[0m
    [36m| [0m[34m|[0m /* 8.266 */        } catch(e: Exception) {[0m
    [36m| [0m[34m|[0m /* 8.267 */            if(e is AssertException || e is AssertIntermediateException || e is UnittestTimeoutException) {[0m
    [36m| [0m[34m|[0m /* 8.268 */                throw e[0m
    [36m| [0m[34m|[0m /* 8.269 */            }[0m
    [36m| [0m[34m|[0m /* 8.270 */            assertCaughtUnexpectedE("@AssertThrows(api.ResolveException)", "api.ResolveException", e.toString())[0m
    [36m| [0m[34m|[0m /* 8.271 */        }[0m
    [36m| [0m[34m|[0m /* 8.272 */    }[0m
    [36m| [0m[34m|[0m /* 8.273 */    [0m
    [36m| [0m[34m|[0m /* 8.274 */    @Attribute[TestCase_47][0m
    [36m| [0m[34m|[0m /* 8.275 */    func compressionLoopsForwardPointersAndOutOfRangePointersAreRejected(): Unit {[0m
    [36m| [0m[34m|[0m /* 8.276 */        for(name in[[0xC0u8, 0x0Cu8],[0xC0u8, 0x0Eu8],[0xFFu8, 0xFFu8]]) {[0m
    [36m| [0m[34m|[0m /* 8.277 */            let message = dnsTestHeader(1u16, 0x8180u16, 1, 0, 0, 0)[0m
    [36m| [0m[34m|[0m /* 8.278 */            for(value in name) {[0m
    [36m| [0m[34m|[0m /* 8.279 */                message.add(value)[0m
    [36m| [0m[34m|[0m /* 8.280 */            }[0m
    [36m| [0m[34m|[0m /* 8.281 */            try {[0m
    [36m| [0m[34m|[0m /* 8.282 */                try {[0m
    [36m| [0m[34m|[0m /* 8.283 */                    assertEqual("true", "true", true, true)[0m
    [36m| [0m[34m|[0m /* 8.284 */                    DnsMessageParser().parse(message.toArray())[0m
    [36m| [0m[34m|[0m /* 8.285 */                    fail("@AssertThrows: Expected 'api.ResolveException' was not caught.")[0m
    [36m| [0m[34m|[0m /* 8.286 */                } catch(e: api.ResolveException) {[0m
    [36m| [0m[34m|[0m /* 8.287 */                    if(e is AssertException) {[0m
    [36m| [0m[34m|[0m /* 8.288 */                        throw e[0m
    [36m| [0m[34m|[0m /* 8.289 */                    }[0m
    [36m| [0m[34m|[0m /* 8.290 */                    if(e is AssertIntermediateException) {[0m
    [36m| [0m[34m|[0m /* 8.291 */                        throw e[0m
    [36m| [0m[34m|[0m /* 8.292 */                    }[0m
    [36m| [0m[34m|[0m /* 8.293 */                    if(e is UnittestTimeoutException) {[0m
    [36m| [0m[34m|[0m /* 8.294 */                        throw e[0m
    [36m| [0m[34m|[0m /* 8.295 */                    }[0m
    [36m| [0m[34m|[0m /* 8.296 */                    e[0m
    [36m| [0m[34m|[0m /* 8.297 */                }[0m
    [36m| [0m[34m|[0m /* 8.298 */            } catch(e: Exception) {[0m
    [36m| [0m[34m|[0m /* 8.299 */                if(e is AssertException || e is AssertIntermediateException || e is UnittestTimeoutException) {[0m
    [36m| [0m[34m|[0m /* 8.300 */                    throw e[0m
    [36m| [0m[34m|[0m /* 8.301 */                }[0m
    [36m| [0m[34m|[0m /* 8.302 */                assertCaughtUnexpectedE("@AssertThrows(api.ResolveException)", "api.ResolveException", e.toString())[0m
    [36m| [0m[34m|[0m /* 8.303 */            }[0m
    [36m| [0m[34m|[0m /* 8.304 */        }[0m
    [36m| [0m[34m|[0m /* 8.305 */    }[0m
    [36m| [0m[34m|[0m /* 8.306 */    [0m
    [36m| [0m[34m|[0m /* 8.307 */    @Attribute[TestCase_48][0m
    [36m| [0m[34m|[0m /* 8.308 */    func expandedNameAndSectionCountsRespectConfiguredBounds(): Unit {[0m
    [36m| [0m[34m|[0m /* 8.309 */        let question = dnsTestHeader(1u16, 0x8180u16, 1, 0, 0, 0)[0m
    [36m| [0m[34m|[0m /* 8.310 */        dnsTestAppendQuestion(question, "abcd", 1)[0m
    [36m| [0m[34m|[0m /* 8.311 */        try {[0m
    [36m| [0m[34m|[0m /* 8.312 */            try {[0m
    [36m| [0m[34m|[0m /* 8.313 */                assertEqual("true", "true", true, true)[0m
    [36m| [0m[34m|[0m /* 8.314 */                DnsMessageParser(limits: DnsParserLimits(maximumNameBytes: 3)).parse(question.toArray())[0m
    [36m| [0m[34m|[0m /* 8.315 */                fail("@AssertThrows: Expected 'api.ResolveException' was not caught.")[0m
    [36m| [0m[34m|[0m /* 8.316 */            } catch(e: api.ResolveException) {[0m
    [36m| [0m[34m|[0m /* 8.317 */                if(e is AssertException) {[0m
    [36m| [0m[34m|[0m /* 8.318 */                    throw e[0m
    [36m| [0m[34m|[0m /* 8.319 */                }[0m
    [36m| [0m[34m|[0m /* 8.320 */                if(e is AssertIntermediateException) {[0m
    [36m| [0m[34m|[0m /* 8.321 */                    throw e[0m
    [36m| [0m[34m|[0m /* 8.322 */                }[0m
    [36m| [0m[34m|[0m /* 8.323 */                if(e is UnittestTimeoutException) {[0m
    [36m| [0m[34m|[0m /* 8.324 */                    throw e[0m
    [36m| [0m[34m|[0m /* 8.325 */                }[0m
    [36m| [0m[34m|[0m /* 8.326 */                e[0m
    [36m| [0m[34m|[0m /* 8.327 */            }[0m
    [36m| [0m[34m|[0m /* 8.328 */        } catch(e: Exception) {[0m
    [36m| [0m[34m|[0m /* 8.329 */            if(e is AssertException || e is AssertIntermediateException || e is UnittestTimeoutException) {[0m
    [36m| [0m[34m|[0m /* 8.330 */                throw e[0m
    [36m| [0m[34m|[0m /* 8.331 */            }[0m
    [36m| [0m[34m|[0m /* 8.332 */            assertCaughtUnexpectedE("@AssertThrows(api.ResolveException)", "api.ResolveException", e.toString())[0m
    [36m| [0m[34m|[0m /* 8.333 */        }[0m
    [36m| [0m[34m|[0m /* 8.334 */        let tooManyQuestions = dnsTestHeader(1u16, 0x8180u16, 2, 0, 0, 0)[0m
    [36m| [0m[34m|[0m /* 8.335 */        try {[0m
    [36m| [0m[34m|[0m /* 8.336 */            try {[0m
    [36m| [0m[34m|[0m /* 8.337 */                assertEqual("true", "true", true, true)[0m
    [36m| [0m[34m|[0m /* 8.338 */                DnsMessageParser(limits: DnsParserLimits(maximumQuestions: 1)).parse(tooManyQuestions.toArray())[0m
    [36m| [0m[34m|[0m /* 8.339 */                fail("@AssertThrows: Expected 'api.ResolveException' was not caught.")[0m
    [36m| [0m[34m|[0m /* 8.340 */            } catch(e: api.ResolveException) {[0m
    [36m| [0m[34m|[0m /* 8.341 */                if(e is AssertException) {[0m
    [36m| [0m[34m|[0m /* 8.342 */                    throw e[0m
    [36m| [0m[34m|[0m /* 8.343 */                }[0m
    [36m| [0m[34m|[0m /* 8.344 */                if(e is AssertIntermediateException) {[0m
    [36m| [0m[34m|[0m /* 8.345 */                    throw e[0m
    [36m| [0m[34m|[0m /* 8.346 */                }[0m
    [36m| [0m[34m|[0m /* 8.347 */                if(e is UnittestTimeoutException) {[0m
    [36m| [0m[34m|[0m /* 8.348 */                    throw e[0m
    [36m| [0m[34m|[0m /* 8.349 */                }[0m
    [36m| [0m[34m|[0m /* 8.350 */                e[0m
    [36m| [0m[34m|[0m /* 8.351 */            }[0m
    [36m| [0m[34m|[0m /* 8.352 */        } catch(e: Exception) {[0m
    [36m| [0m[34m|[0m /* 8.353 */            if(e is AssertException || e is AssertIntermediateException || e is UnittestTimeoutException) {[0m
    [36m| [0m[34m|[0m /* 8.354 */                throw e[0m
    [36m| [0m[34m|[0m /* 8.355 */            }[0m
    [36m| [0m[34m|[0m /* 8.356 */            assertCaughtUnexpectedE("@AssertThrows(api.ResolveException)", "api.ResolveException", e.toString())[0m
    [36m| [0m[34m|[0m /* 8.357 */        }[0m
    [36m| [0m[34m|[0m /* 8.358 */        let tooManyRecords = dnsTestHeader(1u16, 0x8180u16, 0, 2, 0, 0)[0m
    [36m| [0m[34m|[0m /* 8.359 */        try {[0m
    [36m| [0m[34m|[0m /* 8.360 */            try {[0m
    [36m| [0m[34m|[0m /* 8.361 */                assertEqual("true", "true", true, true)[0m
    [36m| [0m[34m|[0m /* 8.362 */                DnsMessageParser(limits: DnsParserLimits(maximumRecords: 1)).parse(tooManyRecords.toArray())[0m
    [36m| [0m[34m|[0m /* 8.363 */                fail("@AssertThrows: Expected 'api.ResolveException' was not caught.")[0m
    [36m| [0m[34m|[0m /* 8.364 */            } catch(e: api.ResolveException) {[0m
    [36m| [0m[34m|[0m /* 8.365 */                if(e is AssertException) {[0m
    [36m| [0m[34m|[0m /* 8.366 */                    throw e[0m
    [36m| [0m[34m|[0m /* 8.367 */                }[0m
    [36m| [0m[34m|[0m /* 8.368 */                if(e is AssertIntermediateException) {[0m
    [36m| [0m[34m|[0m /* 8.369 */                    throw e[0m
    [36m| [0m[34m|[0m /* 8.370 */                }[0m
    [36m| [0m[34m|[0m /* 8.371 */                if(e is UnittestTimeoutException) {[0m
    [36m| [0m[34m|[0m /* 8.372 */                    throw e[0m
    [36m| [0m[34m|[0m /* 8.373 */                }[0m
    [36m| [0m[34m|[0m /* 8.374 */                e[0m
    [36m| [0m[34m|[0m /* 8.375 */            }[0m
    [36m| [0m[34m|[0m /* 8.376 */        } catch(e: Exception) {[0m
    [36m| [0m[34m|[0m /* 8.377 */            if(e is AssertException || e is AssertIntermediateException || e is UnittestTimeoutException) {[0m
    [36m| [0m[34m|[0m /* 8.378 */                throw e[0m
    [36m| [0m[34m|[0m /* 8.379 */            }[0m
    [36m| [0m[34m|[0m /* 8.380 */            assertCaughtUnexpectedE("@AssertThrows(api.ResolveException)", "api.ResolveException", e.toString())[0m
    [36m| [0m[34m|[0m /* 8.381 */        }[0m
    [36m| [0m[34m|[0m /* 8.382 */        let chained = dnsTestHeader(1u16, 0x8180u16, 1, 2, 0, 0)[0m
    [36m| [0m[34m|[0m /* 8.383 */        dnsTestAppendQuestion(chained, "chain.example", 1)[0m
    [36m| [0m[34m|[0m /* 8.384 */        let firstOwner = chained.size[0m
    [36m| [0m[34m|[0m /* 8.385 */        dnsTestAppendRecord(chained,[0xC0u8, 0x0Cu8], 65000, Array < Byte >())[0m
    [36m| [0m[34m|[0m /* 8.386 */        dnsTestAppendRecord(chained, dnsTestPointer(firstOwner), 65000, Array < Byte >())[0m
    [36m| [0m[34m|[0m /* 8.387 */        try {[0m
    [36m| [0m[34m|[0m /* 8.388 */            try {[0m
    [36m| [0m[34m|[0m /* 8.389 */                assertEqual("true", "true", true, true)[0m
    [36m| [0m[34m|[0m /* 8.390 */                DnsMessageParser(limits: DnsParserLimits(maximumIndirections: 1)).parse(chained.toArray())[0m
    [36m| [0m[34m|[0m /* 8.391 */                fail("@AssertThrows: Expected 'api.ResolveException' was not caught.")[0m
    [36m| [0m[34m|[0m /* 8.392 */            } catch(e: api.ResolveException) {[0m
    [36m| [0m[34m|[0m /* 8.393 */                if(e is AssertException) {[0m
    [36m| [0m[34m|[0m /* 8.394 */                    throw e[0m
    [36m| [0m[34m|[0m /* 8.395 */                }[0m
    [36m| [0m[34m|[0m /* 8.396 */                if(e is AssertIntermediateException) {[0m
    [36m| [0m[34m|[0m /* 8.397 */                    throw e[0m
    [36m| [0m[34m|[0m /* 8.398 */                }[0m
    [36m| [0m[34m|[0m /* 8.399 */                if(e is UnittestTimeoutException) {[0m
    [36m| [0m[34m|[0m /* 8.400 */                    throw e[0m
    [36m| [0m[34m|[0m /* 8.401 */                }[0m
    [36m| [0m[34m|[0m /* 8.402 */                e[0m
    [36m| [0m[34m|[0m /* 8.403 */            }[0m
    [36m| [0m[34m|[0m /* 8.404 */        } catch(e: Exception) {[0m
    [36m| [0m[34m|[0m /* 8.405 */            if(e is AssertException || e is AssertIntermediateException || e is UnittestTimeoutException) {[0m
    [36m| [0m[34m|[0m /* 8.406 */                throw e[0m
    [36m| [0m[34m|[0m /* 8.407 */            }[0m
    [36m| [0m[34m|[0m /* 8.408 */            assertCaughtUnexpectedE("@AssertThrows(api.ResolveException)", "api.ResolveException", e.toString())[0m
    [36m| [0m[34m|[0m /* 8.409 */        }[0m
    [36m| [0m[34m|[0m /* 8.410 */    }[0m
    [36m| [0m[34m|[0m /* 8.411 */    [0m
    [36m| [0m[34m|[0m /* 8.412 */    @Attribute[TestCase_49][0m
    [36m| [0m[34m|[0m /* 8.413 */    func completeParserRejectsTrailingAndTruncatedSectionBytes(): Unit {[0m
    [36m| [0m[34m|[0m /* 8.414 */        let trailing = dnsTestHeader(1u16, 0x8180u16, 0, 0, 0, 0)[0m
    [36m| [0m[34m|[0m /* 8.415 */        trailing.add(0u8)[0m
    [36m| [0m[34m|[0m /* 8.416 */        try {[0m
    [36m| [0m[34m|[0m /* 8.417 */            try {[0m
    [36m| [0m[34m|[0m /* 8.418 */                assertEqual("true", "true", true, true)[0m
    [36m| [0m[34m|[0m /* 8.419 */                DnsMessageParser().parse(trailing.toArray())[0m
    [36m| [0m[34m|[0m /* 8.420 */                fail("@AssertThrows: Expected 'api.ResolveException' was not caught.")[0m
    [36m| [0m[34m|[0m /* 8.421 */            } catch(e: api.ResolveException) {[0m
    [36m| [0m[34m|[0m /* 8.422 */                if(e is AssertException) {[0m
    [36m| [0m[34m|[0m /* 8.423 */                    throw e[0m
    [36m| [0m[34m|[0m /* 8.424 */                }[0m
    [36m| [0m[34m|[0m /* 8.425 */                if(e is AssertIntermediateException) {[0m
    [36m| [0m[34m|[0m /* 8.426 */                    throw e[0m
    [36m| [0m[34m|[0m /* 8.427 */                }[0m
    [36m| [0m[34m|[0m /* 8.428 */                if(e is UnittestTimeoutException) {[0m
    [36m| [0m[34m|[0m /* 8.429 */                    throw e[0m
    [36m| [0m[34m|[0m /* 8.430 */                }[0m
    [36m| [0m[34m|[0m /* 8.431 */                e[0m
    [36m| [0m[34m|[0m /* 8.432 */            }[0m
    [36m| [0m[34m|[0m /* 8.433 */        } catch(e: Exception) {[0m
    [36m| [0m[34m|[0m /* 8.434 */            if(e is AssertException || e is AssertIntermediateException || e is UnittestTimeoutException) {[0m
    [36m| [0m[34m|[0m /* 8.435 */                throw e[0m
    [36m| [0m[34m|[0m /* 8.436 */            }[0m
    [36m| [0m[34m|[0m /* 8.437 */            assertCaughtUnexpectedE("@AssertThrows(api.ResolveException)", "api.ResolveException", e.toString())[0m
    [36m| [0m[34m|[0m /* 8.438 */        }[0m
    [36m| [0m[34m|[0m /* 8.439 */        let reservedHeader = dnsTestHeader(1u16, 0x8040u16, 0, 0, 0, 0)[0m
    [36m| [0m[34m|[0m /* 8.440 */        try {[0m
    [36m| [0m[34m|[0m /* 8.441 */            try {[0m
    [36m| [0m[34m|[0m /* 8.442 */                assertEqual("true", "true", true, true)[0m
    [36m| [0m[34m|[0m /* 8.443 */                DnsMessageParser().parse(reservedHeader.toArray())[0m
    [36m| [0m[34m|[0m /* 8.444 */                fail("@AssertThrows: Expected 'api.ResolveException' was not caught.")[0m
    [36m| [0m[34m|[0m /* 8.445 */            } catch(e: api.ResolveException) {[0m
    [36m| [0m[34m|[0m /* 8.446 */                if(e is AssertException) {[0m
    [36m| [0m[34m|[0m /* 8.447 */                    throw e[0m
    [36m| [0m[34m|[0m /* 8.448 */                }[0m
    [36m| [0m[34m|[0m /* 8.449 */                if(e is AssertIntermediateException) {[0m
    [36m| [0m[34m|[0m /* 8.450 */                    throw e[0m
    [36m| [0m[34m|[0m /* 8.451 */                }[0m
    [36m| [0m[34m|[0m /* 8.452 */                if(e is UnittestTimeoutException) {[0m
    [36m| [0m[34m|[0m /* 8.453 */                    throw e[0m
    [36m| [0m[34m|[0m /* 8.454 */                }[0m
    [36m| [0m[34m|[0m /* 8.455 */                e[0m
    [36m| [0m[34m|[0m /* 8.456 */            }[0m
    [36m| [0m[34m|[0m /* 8.457 */        } catch(e: Exception) {[0m
    [36m| [0m[34m|[0m /* 8.458 */            if(e is AssertException || e is AssertIntermediateException || e is UnittestTimeoutException) {[0m
    [36m| [0m[34m|[0m /* 8.459 */                throw e[0m
    [36m| [0m[34m|[0m /* 8.460 */            }[0m
    [36m| [0m[34m|[0m /* 8.461 */            assertCaughtUnexpectedE("@AssertThrows(api.ResolveException)", "api.ResolveException", e.toString())[0m
    [36m| [0m[34m|[0m /* 8.462 */        }[0m
    [36m| [0m[34m|[0m /* 8.463 */        let shortQuestion = dnsTestHeader(1u16, 0x8180u16, 1, 0, 0, 0)[0m
    [36m| [0m[34m|[0m /* 8.464 */        shortQuestion.add(0u8)[0m
    [36m| [0m[34m|[0m /* 8.465 */        shortQuestion.add(0u8)[0m
    [36m| [0m[34m|[0m /* 8.466 */        try {[0m
    [36m| [0m[34m|[0m /* 8.467 */            try {[0m
    [36m| [0m[34m|[0m /* 8.468 */                assertEqual("true", "true", true, true)[0m
    [36m| [0m[34m|[0m /* 8.469 */                DnsMessageParser().parse(shortQuestion.toArray())[0m
    [36m| [0m[34m|[0m /* 8.470 */                fail("@AssertThrows: Expected 'api.ResolveException' was not caught.")[0m
    [36m| [0m[34m|[0m /* 8.471 */            } catch(e: api.ResolveException) {[0m
    [36m| [0m[34m|[0m /* 8.472 */                if(e is AssertException) {[0m
    [36m| [0m[34m|[0m /* 8.473 */                    throw e[0m
    [36m| [0m[34m|[0m /* 8.474 */                }[0m
    [36m| [0m[34m|[0m /* 8.475 */                if(e is AssertIntermediateException) {[0m
    [36m| [0m[34m|[0m /* 8.476 */                    throw e[0m
    [36m| [0m[34m|[0m /* 8.477 */                }[0m
    [36m| [0m[34m|[0m /* 8.478 */                if(e is UnittestTimeoutException) {[0m
    [36m| [0m[34m|[0m /* 8.479 */                    throw e[0m
    [36m| [0m[34m|[0m /* 8.480 */                }[0m
    [36m| [0m[34m|[0m /* 8.481 */                e[0m
    [36m| [0m[34m|[0m /* 8.482 */            }[0m
    [36m| [0m[34m|[0m /* 8.483 */        } catch(e: Exception) {[0m
    [36m| [0m[34m|[0m /* 8.484 */            if(e is AssertException || e is AssertIntermediateException || e is UnittestTimeoutException) {[0m
    [36m| [0m[34m|[0m /* 8.485 */                throw e[0m
    [36m| [0m[34m|[0m /* 8.486 */            }[0m
    [36m| [0m[34m|[0m /* 8.487 */            assertCaughtUnexpectedE("@AssertThrows(api.ResolveException)", "api.ResolveException", e.toString())[0m
    [36m| [0m[34m|[0m /* 8.488 */        }[0m
    [36m| [0m[34m|[0m /* 8.489 */        let shortRecord = dnsTestHeader(1u16, 0x8180u16, 0, 1, 0, 0)[0m
    [36m| [0m[34m|[0m /* 8.490 */        shortRecord.add(0u8)[0m
    [36m| [0m[34m|[0m /* 8.491 */        dnsTestAppendU16(shortRecord, 1)[0m
    [36m| [0m[34m|[0m /* 8.492 */        dnsTestAppendU16(shortRecord, 1)[0m
    [36m| [0m[34m|[0m /* 8.493 */        dnsTestAppendU32(shortRecord, 1u32)[0m
    [36m| [0m[34m|[0m /* 8.494 */        dnsTestAppendU16(shortRecord, 4)[0m
    [36m| [0m[34m|[0m /* 8.495 */        shortRecord.add(1u8)[0m
    [36m| [0m[34m|[0m /* 8.496 */        shortRecord.add(2u8)[0m
    [36m| [0m[34m|[0m /* 8.497 */        try {[0m
    [36m| [0m[34m|[0m /* 8.498 */            try {[0m
    [36m| [0m[34m|[0m /* 8.499 */                assertEqual("true", "true", true, true)[0m
    [36m| [0m[34m|[0m /* 8.500 */                DnsMessageParser().parse(shortRecord.toArray())[0m
    [36m| [0m[34m|[0m /* 8.501 */                fail("@AssertThrows: Expected 'api.ResolveException' was not caught.")[0m
    [36m| [0m[34m|[0m /* 8.502 */            } catch(e: api.ResolveException) {[0m
    [36m| [0m[34m|[0m /* 8.503 */                if(e is AssertException) {[0m
    [36m| [0m[34m|[0m /* 8.504 */                    throw e[0m
    [36m| [0m[34m|[0m /* 8.505 */                }[0m
    [36m| [0m[34m|[0m /* 8.506 */                if(e is AssertIntermediateException) {[0m
    [36m| [0m[34m|[0m /* 8.507 */                    throw e[0m
    [36m| [0m[34m|[0m /* 8.508 */                }[0m
    [36m| [0m[34m|[0m /* 8.509 */                if(e is UnittestTimeoutException) {[0m
    [36m| [0m[34m|[0m /* 8.510 */                    throw e[0m
    [36m| [0m[34m|[0m /* 8.511 */                }[0m
    [36m| [0m[34m|[0m /* 8.512 */                e[0m
    [36m| [0m[34m|[0m /* 8.513 */            }[0m
    [36m| [0m[34m|[0m /* 8.514 */        } catch(e: Exception) {[0m
    [36m| [0m[34m|[0m /* 8.515 */            if(e is AssertException || e is AssertIntermediateException || e is UnittestTimeoutException) {[0m
    [36m| [0m[34m|[0m /* 8.516 */                throw e[0m
    [36m| [0m[34m|[0m /* 8.517 */            }[0m
    [36m| [0m[34m|[0m /* 8.518 */            assertCaughtUnexpectedE("@AssertThrows(api.ResolveException)", "api.ResolveException", e.toString())[0m
    [36m| [0m[34m|[0m /* 8.519 */        }[0m
    [36m| [0m[34m|[0m /* 8.520 */    }[0m
    [36m| [0m[34m|[0m /* 8.521 */    [0m
    [36m| [0m[34m|[0m /* 8.522 */    @Attribute[TestCase_50][0m
    [36m| [0m[34m|[0m /* 8.523 */    func typedRdataLengthsAndTxtSegmentsAreExact(): Unit {[0m
    [36m| [0m[34m|[0m /* 8.524 */        for((typeCode, data) in[(1,[1u8, 2u8, 3u8]),(28, Array < Byte >(15, repeat: 0u8)),(16,[4u8, 1u8, 2u8]),(16, Array < Byte >())]) {[0m
    [36m| [0m[34m|[0m /* 8.525 */            let message = dnsTestHeader(1u16, 0x8180u16, 0, 1, 0, 0)[0m
    [36m| [0m[34m|[0m /* 8.526 */            dnsTestAppendRecord(message,[0u8], typeCode, data)[0m
    [36m| [0m[34m|[0m /* 8.527 */            try {[0m
    [36m| [0m[34m|[0m /* 8.528 */                try {[0m
    [36m| [0m[34m|[0m /* 8.529 */                    assertEqual("true", "true", true, true)[0m
    [36m| [0m[34m|[0m /* 8.530 */                    DnsMessageParser().parse(message.toArray())[0m
    [36m| [0m[34m|[0m /* 8.531 */                    fail("@AssertThrows: Expected 'api.ResolveException' was not caught.")[0m
    [36m| [0m[34m|[0m /* 8.532 */                } catch(e: api.ResolveException) {[0m
    [36m| [0m[34m|[0m /* 8.533 */                    if(e is AssertException) {[0m
    [36m| [0m[34m|[0m /* 8.534 */                        throw e[0m
    [36m| [0m[34m|[0m /* 8.535 */                    }[0m
    [36m| [0m[34m|[0m /* 8.536 */                    if(e is AssertIntermediateException) {[0m
    [36m| [0m[34m|[0m /* 8.537 */                        throw e[0m
    [36m| [0m[34m|[0m /* 8.538 */                    }[0m
    [36m| [0m[34m|[0m /* 8.539 */                    if(e is UnittestTimeoutException) {[0m
    [36m| [0m[34m|[0m /* 8.540 */                        throw e[0m
    [36m| [0m[34m|[0m /* 8.541 */                    }[0m
    [36m| [0m[34m|[0m /* 8.542 */                    e[0m
    [36m| [0m[34m|[0m /* 8.543 */                }[0m
    [36m| [0m[34m|[0m /* 8.544 */            } catch(e: Exception) {[0m
    [36m| [0m[34m|[0m /* 8.545 */                if(e is AssertException || e is AssertIntermediateException || e is UnittestTimeoutException) {[0m
    [36m| [0m[34m|[0m /* 8.546 */                    throw e[0m
    [36m| [0m[34m|[0m /* 8.547 */                }[0m
    [36m| [0m[34m|[0m /* 8.548 */                assertCaughtUnexpectedE("@AssertThrows(api.ResolveException)", "api.ResolveException", e.toString())[0m
    [36m| [0m[34m|[0m /* 8.549 */            }[0m
    [36m| [0m[34m|[0m /* 8.550 */        }[0m
    [36m| [0m[34m|[0m /* 8.551 */    }[0m
    [36m| [0m[34m|[0m /* 8.552 */    [0m
    [36m| [0m[34m|[0m /* 8.553 */    @Attribute[TestCase_51][0m
    [36m| [0m[34m|[0m /* 8.554 */    func compressedRdataNamesCannotConsumeNeighboringRecordBytes(): Unit {[0m
    [36m| [0m[34m|[0m /* 8.555 */        let extra = dnsTestHeader(1u16, 0x8180u16, 1, 1, 0, 0)[0m
    [36m| [0m[34m|[0m /* 8.556 */        dnsTestAppendQuestion(extra, "escape.example", 1)[0m
    [36m| [0m[34m|[0m /* 8.557 */        dnsTestAppendRecord(extra,[0xC0u8, 0x0Cu8], 5,[0xC0u8, 0x0Cu8, 0u8])[0m
    [36m| [0m[34m|[0m /* 8.558 */        try {[0m
    [36m| [0m[34m|[0m /* 8.559 */            try {[0m
    [36m| [0m[34m|[0m /* 8.560 */                assertEqual("true", "true", true, true)[0m
    [36m| [0m[34m|[0m /* 8.561 */                DnsMessageParser().parse(extra.toArray())[0m
    [36m| [0m[34m|[0m /* 8.562 */                fail("@AssertThrows: Expected 'api.ResolveException' was not caught.")[0m
    [36m| [0m[34m|[0m /* 8.563 */            } catch(e: api.ResolveException) {[0m
    [36m| [0m[34m|[0m /* 8.564 */                if(e is AssertException) {[0m
    [36m| [0m[34m|[0m /* 8.565 */                    throw e[0m
    [36m| [0m[34m|[0m /* 8.566 */                }[0m
    [36m| [0m[34m|[0m /* 8.567 */                if(e is AssertIntermediateException) {[0m
    [36m| [0m[34m|[0m /* 8.568 */                    throw e[0m
    [36m| [0m[34m|[0m /* 8.569 */                }[0m
    [36m| [0m[34m|[0m /* 8.570 */                if(e is UnittestTimeoutException) {[0m
    [36m| [0m[34m|[0m /* 8.571 */                    throw e[0m
    [36m| [0m[34m|[0m /* 8.572 */                }[0m
    [36m| [0m[34m|[0m /* 8.573 */                e[0m
    [36m| [0m[34m|[0m /* 8.574 */            }[0m
    [36m| [0m[34m|[0m /* 8.575 */        } catch(e: Exception) {[0m
    [36m| [0m[34m|[0m /* 8.576 */            if(e is AssertException || e is AssertIntermediateException || e is UnittestTimeoutException) {[0m
    [36m| [0m[34m|[0m /* 8.577 */                throw e[0m
    [36m| [0m[34m|[0m /* 8.578 */            }[0m
    [36m| [0m[34m|[0m /* 8.579 */            assertCaughtUnexpectedE("@AssertThrows(api.ResolveException)", "api.ResolveException", e.toString())[0m
    [36m| [0m[34m|[0m /* 8.580 */        }[0m
    [36m| [0m[34m|[0m /* 8.581 */        let escape = dnsTestHeader(1u16, 0x8180u16, 1, 2, 0, 0)[0m
    [36m| [0m[34m|[0m /* 8.582 */        dnsTestAppendQuestion(escape, "escape.example", 1)[0m
    [36m| [0m[34m|[0m /* 8.583 */        dnsTestAppendRecord(escape,[0xC0u8, 0x0Cu8], 5,[1u8, b'a'])[0m
    [36m| [0m[34m|[0m /* 8.584 */        dnsTestAppendRecord(escape,[0u8], 1,[1u8, 2u8, 3u8, 4u8])[0m
    [36m| [0m[34m|[0m /* 8.585 */        try {[0m
    [36m| [0m[34m|[0m /* 8.586 */            try {[0m
    [36m| [0m[34m|[0m /* 8.587 */                assertEqual("true", "true", true, true)[0m
    [36m| [0m[34m|[0m /* 8.588 */                DnsMessageParser().parse(escape.toArray())[0m
    [36m| [0m[34m|[0m /* 8.589 */                fail("@AssertThrows: Expected 'api.ResolveException' was not caught.")[0m
    [36m| [0m[34m|[0m /* 8.590 */            } catch(e: api.ResolveException) {[0m
    [36m| [0m[34m|[0m /* 8.591 */                if(e is AssertException) {[0m
    [36m| [0m[34m|[0m /* 8.592 */                    throw e[0m
    [36m| [0m[34m|[0m /* 8.593 */                }[0m
    [36m| [0m[34m|[0m /* 8.594 */                if(e is AssertIntermediateException) {[0m
    [36m| [0m[34m|[0m /* 8.595 */                    throw e[0m
    [36m| [0m[34m|[0m /* 8.596 */                }[0m
    [36m| [0m[34m|[0m /* 8.597 */                if(e is UnittestTimeoutException) {[0m
    [36m| [0m[34m|[0m /* 8.598 */                    throw e[0m
    [36m| [0m[34m|[0m /* 8.599 */                }[0m
    [36m| [0m[34m|[0m /* 8.600 */                e[0m
    [36m| [0m[34m|[0m /* 8.601 */            }[0m
    [36m| [0m[34m|[0m /* 8.602 */        } catch(e: Exception) {[0m
    [36m| [0m[34m|[0m /* 8.603 */            if(e is AssertException || e is AssertIntermediateException || e is UnittestTimeoutException) {[0m
    [36m| [0m[34m|[0m /* 8.604 */                throw e[0m
    [36m| [0m[34m|[0m /* 8.605 */            }[0m
    [36m| [0m[34m|[0m /* 8.606 */            assertCaughtUnexpectedE("@AssertThrows(api.ResolveException)", "api.ResolveException", e.toString())[0m
    [36m| [0m[34m|[0m /* 8.607 */        }[0m
    [36m| [0m[34m|[0m /* 8.608 */    }[0m
    [36m| [0m[34m|[0m /* 8.609 */    [0m
    [36m| [0m[34m|[0m /* 8.610 */    @Attribute[TestCase_52][0m
    [36m| [0m[34m|[0m /* 8.611 */    func srvTargetCompressionIsRejectedEvenWhenPointerIsInBounds(): Unit {[0m
    [36m| [0m[34m|[0m /* 8.612 */        let message = dnsTestHeader(1u16, 0x8180u16, 1, 1, 0, 0)[0m
    [36m| [0m[34m|[0m /* 8.613 */        dnsTestAppendQuestion(message, "_svc._tcp.example", 33)[0m
    [36m| [0m[34m|[0m /* 8.614 */        dnsTestAppendRecord(message,[0xC0u8, 0x0Cu8], 33,[0u8, 1u8, 0u8, 2u8, 0u8, 80u8, 0xC0u8, 0x0Cu8])[0m
    [36m| [0m[34m|[0m /* 8.615 */        try {[0m
    [36m| [0m[34m|[0m /* 8.616 */            try {[0m
    [36m| [0m[34m|[0m /* 8.617 */                assertEqual("true", "true", true, true)[0m
    [36m| [0m[34m|[0m /* 8.618 */                DnsMessageParser().parse(message.toArray())[0m
    [36m| [0m[34m|[0m /* 8.619 */                fail("@AssertThrows: Expected 'api.ResolveException' was not caught.")[0m
    [36m| [0m[34m|[0m /* 8.620 */            } catch(e: api.ResolveException) {[0m
    [36m| [0m[34m|[0m /* 8.621 */                if(e is AssertException) {[0m
    [36m| [0m[34m|[0m /* 8.622 */                    throw e[0m
    [36m| [0m[34m|[0m /* 8.623 */                }[0m
    [36m| [0m[34m|[0m /* 8.624 */                if(e is AssertIntermediateException) {[0m
    [36m| [0m[34m|[0m /* 8.625 */                    throw e[0m
    [36m| [0m[34m|[0m /* 8.626 */                }[0m
    [36m| [0m[34m|[0m /* 8.627 */                if(e is UnittestTimeoutException) {[0m
    [36m| [0m[34m|[0m /* 8.628 */                    throw e[0m
    [36m| [0m[34m|[0m /* 8.629 */                }[0m
    [36m| [0m[34m|[0m /* 8.630 */                e[0m
    [36m| [0m[34m|[0m /* 8.631 */            }[0m
    [36m| [0m[34m|[0m /* 8.632 */        } catch(e: Exception) {[0m
    [36m| [0m[34m|[0m /* 8.633 */            if(e is AssertException || e is AssertIntermediateException || e is UnittestTimeoutException) {[0m
    [36m| [0m[34m|[0m /* 8.634 */                throw e[0m
    [36m| [0m[34m|[0m /* 8.635 */            }[0m
    [36m| [0m[34m|[0m /* 8.636 */            assertCaughtUnexpectedE("@AssertThrows(api.ResolveException)", "api.ResolveException", e.toString())[0m
    [36m| [0m[34m|[0m /* 8.637 */        }[0m
    [36m| [0m[34m|[0m /* 8.638 */    }[0m
    [36m| [0m[34m|[0m /* 8.639 */    [0m
    [36m| [0m[34m|[0m /* 8.640 */    @Attribute[TestCase_53][0m
    [36m| [0m[34m|[0m /* 8.641 */    func summaryConstructorRejectsSectionMetadataThatCouldBlurBoundaries(): Unit {[0m
    [36m| [0m[34m|[0m /* 8.642 */        try {[0m
    [36m| [0m[34m|[0m /* 8.643 */            try {[0m
    [36m| [0m[34m|[0m /* 8.644 */                assertEqual("true", "true", true, true)[0m
    [36m| [0m[34m|[0m /* 8.645 */                DnsMessageSummary(1u16, 1, false, questionCount: 0, records: Array < DnsRecord >())[0m
    [36m| [0m[34m|[0m /* 8.646 */                fail("@AssertThrows: Expected 'IllegalArgumentException' was not caught.")[0m
    [36m| [0m[34m|[0m /* 8.647 */            } catch(e: IllegalArgumentException) {[0m
    [36m| [0m[34m|[0m /* 8.648 */                if(e is AssertException) {[0m
    [36m| [0m[34m|[0m /* 8.649 */                    throw e[0m
    [36m| [0m[34m|[0m /* 8.650 */                }[0m
    [36m| [0m[34m|[0m /* 8.651 */                if(e is AssertIntermediateException) {[0m
    [36m| [0m[34m|[0m /* 8.652 */                    throw e[0m
    [36m| [0m[34m|[0m /* 8.653 */                }[0m
    [36m| [0m[34m|[0m /* 8.654 */                if(e is UnittestTimeoutException) {[0m
    [36m| [0m[34m|[0m /* 8.655 */                    throw e[0m
    [36m| [0m[34m|[0m /* 8.656 */                }[0m
    [36m| [0m[34m|[0m /* 8.657 */                e[0m
    [36m| [0m[34m|[0m /* 8.658 */            }[0m
    [36m| [0m[34m|[0m /* 8.659 */        } catch(e: Exception) {[0m
    [36m| [0m[34m|[0m /* 8.660 */            if(e is AssertException || e is AssertIntermediateException || e is UnittestTimeoutException) {[0m
    [36m| [0m[34m|[0m /* 8.661 */                throw e[0m
    [36m| [0m[34m|[0m /* 8.662 */            }[0m
    [36m| [0m[34m|[0m /* 8.663 */            assertCaughtUnexpectedE("@AssertThrows(IllegalArgumentException)", "IllegalArgumentException", e.toString())[0m
    [36m| [0m[34m|[0m /* 8.664 */        }[0m
    [36m| [0m[34m|[0m /* 8.665 */    }[0m
    [36m| [0m[34m|[0m /* 8.666 */    [0m
    [36m| [0m[34m|[0m /* 8.667 */    @Attribute[TestCase_54][0m
    [36m| [0m[34m|[0m /* 8.668 */    func additionalOwnerMayReferenceAuthorityNameserverTarget(): Unit {[0m
    [36m| [0m[34m|[0m /* 8.669 */        let message = dnsTestHeader(0x1234u16, 0x8180u16, 1, 1, 1, 1)[0m
    [36m| [0m[34m|[0m /* 8.670 */        dnsTestAppendQuestion(message, "example.test", 1)[0m
    [36m| [0m[34m|[0m /* 8.671 */        dnsTestAppendRecord(message,[0xC0u8, 0x0Cu8], 1,[192u8, 0u8, 2u8, 1u8])[0m
    [36m| [0m[34m|[0m /* 8.672 */        let nameserverOffset = message.size + 12[0m
    [36m| [0m[34m|[0m /* 8.673 */        dnsTestAppendRecord(message,[0xC0u8, 0x0Cu8], 2,[2u8, b'n', b's', 0xC0u8, 0x0Cu8])[0m
    [36m| [0m[34m|[0m /* 8.674 */        dnsTestAppendRecord(message, dnsTestPointer(nameserverOffset), 1,[192u8, 0u8, 2u8, 53u8])[0m
    [36m| [0m[34m|[0m /* 8.675 */        let summary = DnsMessageParser().parse(message.toArray())[0m
    [36m| [0m[34m|[0m /* 8.676 */        expectEqual("summary.records[0].data()", "[192u8, 0u8, 2u8, 1u8]", summary.records[0].data(),[192u8, 0u8, 2u8, 1u8], isDelta: false)[0m
    [36m| [0m[34m|[0m /* 8.677 */        expectEqual("summary.records[2].name", "\"ns.example.test\"", summary.records[2].name, "ns.example.test", isDelta: false)[0m
    [36m| [0m[34m|[0m /* 8.678 */        expectEqual("summary.records[2].data()", "[192u8, 0u8, 2u8, 53u8]", summary.records[2].data(),[192u8, 0u8, 2u8, 53u8], isDelta: false)[0m
    [36m| [0m[34m|[0m /* 8.679 */    }[0m
    [36m| [0m[34m|[0m /* 8.680 */    [0m
    [36m| [0m[34m|[0m /* 8.681 */    @Attribute[TestCase_55][0m
    [36m| [0m[34m|[0m /* 8.682 */    func additionalOwnerMayReferenceSecondLegacyMailboxName(): Unit {[0m
    [36m| [0m[34m|[0m /* 8.683 */        let message = dnsTestHeader(1u16, 0x8180u16, 1, 0, 1, 1)[0m
    [36m| [0m[34m|[0m /* 8.684 */        dnsTestAppendQuestion(message, "example.test", 1)[0m
    [36m| [0m[34m|[0m /* 8.685 */        let mailboxOffset = message.size + 14[0m
    [36m| [0m[34m|[0m /* 8.686 */        let data =[0xC0u8, 0x0Cu8, 3u8, b'e', b'r', b'r', 0xC0u8, 0x0Cu8][0m
    [36m| [0m[34m|[0m /* 8.687 */        dnsTestAppendRecord(message,[0xC0u8, 0x0Cu8], 14, data)[0m
    [36m| [0m[34m|[0m /* 8.688 */        dnsTestAppendRecord(message, dnsTestPointer(mailboxOffset), 1,[192u8, 0u8, 2u8, 9u8])[0m
    [36m| [0m[34m|[0m /* 8.689 */        let summary = DnsMessageParser().parse(message.toArray())[0m
    [36m| [0m[34m|[0m /* 8.690 */        expectEqual("summary.records[0].data()", "data", summary.records[0].data(), data, isDelta: false)[0m
    [36m| [0m[34m|[0m /* 8.691 */        expectEqual("summary.records[1].name", "\"err.example.test\"", summary.records[1].name, "err.example.test", isDelta: false)[0m
    [36m| [0m[34m|[0m /* 8.692 */        expectEqual("summary.records[1].data()", "[192u8, 0u8, 2u8, 9u8]", summary.records[1].data(),[192u8, 0u8, 2u8, 9u8], isDelta: false)[0m
    [36m| [0m[34m|[0m /* 8.693 */        let missingMailbox = dnsTestHeader(1u16, 0x8180u16, 1, 1, 0, 0)[0m
    [36m| [0m[34m|[0m /* 8.694 */        dnsTestAppendQuestion(missingMailbox, "example.test", 14)[0m
    [36m| [0m[34m|[0m /* 8.695 */        dnsTestAppendRecord(missingMailbox,[0xC0u8, 0x0Cu8], 14,[0xC0u8, 0x0Cu8])[0m
    [36m| [0m[34m|[0m /* 8.696 */        try {[0m
    [36m| [0m[34m|[0m /* 8.697 */            try {[0m
    [36m| [0m[34m|[0m /* 8.698 */                assertEqual("true", "true", true, true)[0m
    [36m| [0m[34m|[0m /* 8.699 */                DnsMessageParser().parse(missingMailbox.toArray())[0m
    [36m| [0m[34m|[0m /* 8.700 */                fail("@AssertThrows: Expected 'api.ResolveException' was not caught.")[0m
    [36m| [0m[34m|[0m /* 8.701 */            } catch(e: api.ResolveException) {[0m
    [36m| [0m[34m|[0m /* 8.702 */                if(e is AssertException) {[0m
    [36m| [0m[34m|[0m /* 8.703 */                    throw e[0m
    [36m| [0m[34m|[0m /* 8.704 */                }[0m
    [36m| [0m[34m|[0m /* 8.705 */                if(e is AssertIntermediateException) {[0m
    [36m| [0m[34m|[0m /* 8.706 */                    throw e[0m
    [36m| [0m[34m|[0m /* 8.707 */                }[0m
    [36m| [0m[34m|[0m /* 8.708 */                if(e is UnittestTimeoutException) {[0m
    [36m| [0m[34m|[0m /* 8.709 */                    throw e[0m
    [36m| [0m[34m|[0m /* 8.710 */                }[0m
    [36m| [0m[34m|[0m /* 8.711 */                e[0m
    [36m| [0m[34m|[0m /* 8.712 */            }[0m
    [36m| [0m[34m|[0m /* 8.713 */        } catch(e: Exception) {[0m
    [36m| [0m[34m|[0m /* 8.714 */            if(e is AssertException || e is AssertIntermediateException || e is UnittestTimeoutException) {[0m
    [36m| [0m[34m|[0m /* 8.715 */                throw e[0m
    [36m| [0m[34m|[0m /* 8.716 */            }[0m
    [36m| [0m[34m|[0m /* 8.717 */            assertCaughtUnexpectedE("@AssertThrows(api.ResolveException)", "api.ResolveException", e.toString())[0m
    [36m| [0m[34m|[0m /* 8.718 */        }[0m
    [36m| [0m[34m|[0m /* 8.719 */    }[0m
    [36m| [0m[34m|[0m /* 8.720 */    [0m
    [36m| [0m[34m|[0m /* 8.721 */    init() {[0m
    [36m| [0m[34m|[0m /* 8.722 */    }[0m
    [36m| [0m[34m|[0m /* 8.723 */    private func classConfiguration(): Configuration {[0m
    [36m| [0m[34m|[0m /* 8.724 */        let configuration = Configuration()[0m
    [36m| [0m[34m|[0m /* 8.725 */        [0m
    [36m| [0m[34m|[0m /* 8.726 */        return configuration[0m
    [36m| [0m[34m|[0m /* 8.727 */    }[0m
    [36m| [0m[34m|[0m /* 8.728 */    public override func asTestSuite(): TestSuite {[0m
    [36m| [0m[34m|[0m /* 8.729 */        [0m
    [36m| [0m[34m|[0m /* 8.730 */        let suiteConfiguration = classConfiguration()[0m
    [36m| [0m[34m|[0m /* 8.731 */        let suiteBuilder = TestSuite.builder("DnsWireParserTest").configure(suiteConfiguration)[0m
    [36m| [0m[34m|[0m /* 8.732 */        [0m
    [36m| [0m[34m|[0m /* 8.733 */        { => let caseConfig = Configuration()[0m
    [36m| [0m[34m|[0m /* 8.734 */            [0m
    [36m| [0m[34m|[0m /* 8.735 */            let decodesCompressedTargetsBinaryTxtSoaAndUnknownDataTestFunc = { => decodesCompressedTargetsBinaryTxtSoaAndUnknownData();() }[0m
    [36m| [0m[34m|[0m /* 8.736 */            suiteBuilder.add([0m
    [36m| [0m[34m|[0m /* 8.737 */            UnitTestCase.create([0m
    [36m| [0m[34m|[0m /* 8.738 */            "decodesCompressedTargetsBinaryTxtSoaAndUnknownData",[0m
    [36m| [0m[34m|[0m /* 8.739 */            configuration: caseConfig,[0m
    [36m| [0m[34m|[0m /* 8.740 */            body: decodesCompressedTargetsBinaryTxtSoaAndUnknownDataTestFunc[0m
    [36m| [0m[34m|[0m /* 8.741 */            )[0m
    [36m| [0m[34m|[0m /* 8.742 */            )[0m
    [36m| [0m[34m|[0m /* 8.743 */            [0m
    [36m| [0m[34m|[0m /* 8.744 */        }()[0m
    [36m| [0m[34m|[0m /* 8.745 */        [0m
    [36m| [0m[34m|[0m /* 8.746 */        [0m
    [36m| [0m[34m|[0m /* 8.747 */        { => let caseConfig = Configuration()[0m
    [36m| [0m[34m|[0m /* 8.748 */            [0m
    [36m| [0m[34m|[0m /* 8.749 */            let recordOrderMakesAnswerAuthorityAndAdditionalBoundariesExplicitTestFunc = { => recordOrderMakesAnswerAuthorityAndAdditionalBoundariesExplicit();() }[0m
    [36m| [0m[34m|[0m /* 8.750 */            suiteBuilder.add([0m
    [36m| [0m[34m|[0m /* 8.751 */            UnitTestCase.create([0m
    [36m| [0m[34m|[0m /* 8.752 */            "recordOrderMakesAnswerAuthorityAndAdditionalBoundariesExplicit",[0m
    [36m| [0m[34m|[0m /* 8.753 */            configuration: caseConfig,[0m
    [36m| [0m[34m|[0m /* 8.754 */            body: recordOrderMakesAnswerAuthorityAndAdditionalBoundariesExplicitTestFunc[0m
    [36m| [0m[34m|[0m /* 8.755 */            )[0m
    [36m| [0m[34m|[0m /* 8.756 */            )[0m
    [36m| [0m[34m|[0m /* 8.757 */            [0m
    [36m| [0m[34m|[0m /* 8.758 */        }()[0m
    [36m| [0m[34m|[0m /* 8.759 */        [0m
    [36m| [0m[34m|[0m /* 8.760 */        [0m
    [36m| [0m[34m|[0m /* 8.761 */        { => let caseConfig = Configuration()[0m
    [36m| [0m[34m|[0m /* 8.762 */            [0m
    [36m| [0m[34m|[0m /* 8.763 */            let summariesAndRecordsOwnParserAndConstructorInputsTestFunc = { => summariesAndRecordsOwnParserAndConstructorInputs();() }[0m
    [36m| [0m[34m|[0m /* 8.764 */            suiteBuilder.add([0m
    [36m| [0m[34m|[0m /* 8.765 */            UnitTestCase.create([0m
    [36m| [0m[34m|[0m /* 8.766 */            "summariesAndRecordsOwnParserAndConstructorInputs",[0m
    [36m| [0m[34m|[0m /* 8.767 */            configuration: caseConfig,[0m
    [36m| [0m[34m|[0m /* 8.768 */            body: summariesAndRecordsOwnParserAndConstructorInputsTestFunc[0m
    [36m| [0m[34m|[0m /* 8.769 */            )[0m
    [36m| [0m[34m|[0m /* 8.770 */            )[0m
    [36m| [0m[34m|[0m /* 8.771 */            [0m
    [36m| [0m[34m|[0m /* 8.772 */        }()[0m
    [36m| [0m[34m|[0m /* 8.773 */        [0m
    [36m| [0m[34m|[0m /* 8.774 */        [0m
    [36m| [0m[34m|[0m /* 8.775 */        { => let caseConfig = Configuration()[0m
    [36m| [0m[34m|[0m /* 8.776 */            [0m
    [36m| [0m[34m|[0m /* 8.777 */            let publicSummaryRejectsCountsBeyondWireAndCombinedRecordBoundsTestFunc = { => publicSummaryRejectsCountsBeyondWireAndCombinedRecordBounds();() }[0m
    [36m| [0m[34m|[0m /* 8.778 */            suiteBuilder.add([0m
    [36m| [0m[34m|[0m /* 8.779 */            UnitTestCase.create([0m
    [36m| [0m[34m|[0m /* 8.780 */            "publicSummaryRejectsCountsBeyondWireAndCombinedRecordBounds",[0m
    [36m| [0m[34m|[0m /* 8.781 */            configuration: caseConfig,[0m
    [36m| [0m[34m|[0m /* 8.782 */            body: publicSummaryRejectsCountsBeyondWireAndCombinedRecordBoundsTestFunc[0m
    [36m| [0m[34m|[0m /* 8.783 */            )[0m
    [36m| [0m[34m|[0m /* 8.784 */            )[0m
    [36m| [0m[34m|[0m /* 8.785 */            [0m
    [36m| [0m[34m|[0m /* 8.786 */        }()[0m
    [36m| [0m[34m|[0m /* 8.787 */        [0m
    [36m| [0m[34m|[0m /* 8.788 */        [0m
    [36m| [0m[34m|[0m /* 8.789 */        { => let caseConfig = Configuration()[0m
    [36m| [0m[34m|[0m /* 8.790 */            [0m
    [36m| [0m[34m|[0m /* 8.791 */            let parserPreservesQuestionIdentityAndRejectsIncompleteRecordsTestFunc = { => parserPreservesQuestionIdentityAndRejectsIncompleteRecords();() }[0m
    [36m| [0m[34m|[0m /* 8.792 */            suiteBuilder.add([0m
    [36m| [0m[34m|[0m /* 8.793 */            UnitTestCase.create([0m
    [36m| [0m[34m|[0m /* 8.794 */            "parserPreservesQuestionIdentityAndRejectsIncompleteRecords",[0m
    [36m| [0m[34m|[0m /* 8.795 */            configuration: caseConfig,[0m
    [36m| [0m[34m|[0m /* 8.796 */            body: parserPreservesQuestionIdentityAndRejectsIncompleteRecordsTestFunc[0m
    [36m| [0m[34m|[0m /* 8.797 */            )[0m
    [36m| [0m[34m|[0m /* 8.798 */            )[0m
    [36m| [0m[34m|[0m /* 8.799 */            [0m
    [36m| [0m[34m|[0m /* 8.800 */        }()[0m
    [36m| [0m[34m|[0m /* 8.801 */        [0m
    [36m| [0m[34m|[0m /* 8.802 */        [0m
    [36m| [0m[34m|[0m /* 8.803 */        { => let caseConfig = Configuration()[0m
    [36m| [0m[34m|[0m /* 8.804 */            [0m
    [36m| [0m[34m|[0m /* 8.805 */            let asciiNameProfileRejectsAmbiguousLabelsTestFunc = { => asciiNameProfileRejectsAmbiguousLabels();() }[0m
    [36m| [0m[34m|[0m /* 8.806 */            suiteBuilder.add([0m
    [36m| [0m[34m|[0m /* 8.807 */            UnitTestCase.create([0m
    [36m| [0m[34m|[0m /* 8.808 */            "asciiNameProfileRejectsAmbiguousLabels",[0m
    [36m| [0m[34m|[0m /* 8.809 */            configuration: caseConfig,[0m
    [36m| [0m[34m|[0m /* 8.810 */            body: asciiNameProfileRejectsAmbiguousLabelsTestFunc[0m
    [36m| [0m[34m|[0m /* 8.811 */            )[0m
    [36m| [0m[34m|[0m /* 8.812 */            )[0m
    [36m| [0m[34m|[0m /* 8.813 */            [0m
    [36m| [0m[34m|[0m /* 8.814 */        }()[0m
    [36m| [0m[34m|[0m /* 8.815 */        [0m
    [36m| [0m[34m|[0m /* 8.816 */        [0m
    [36m| [0m[34m|[0m /* 8.817 */        { => let caseConfig = Configuration()[0m
    [36m| [0m[34m|[0m /* 8.818 */            [0m
    [36m| [0m[34m|[0m /* 8.819 */            let compressionLoopsForwardPointersAndOutOfRangePointersAreRejectedTestFunc = { => compressionLoopsForwardPointersAndOutOfRangePointersAreRejected();() }[0m
    [36m| [0m[34m|[0m /* 8.820 */            suiteBuilder.add([0m
    [36m| [0m[34m|[0m /* 8.821 */            UnitTestCase.create([0m
    [36m| [0m[34m|[0m /* 8.822 */            "compressionLoopsForwardPointersAndOutOfRangePointersAreRejected",[0m
    [36m| [0m[34m|[0m /* 8.823 */            configuration: caseConfig,[0m
    [36m| [0m[34m|[0m /* 8.824 */            body: compressionLoopsForwardPointersAndOutOfRangePointersAreRejectedTestFunc[0m
    [36m| [0m[34m|[0m /* 8.825 */            )[0m
    [36m| [0m[34m|[0m /* 8.826 */            )[0m
    [36m| [0m[34m|[0m /* 8.827 */            [0m
    [36m| [0m[34m|[0m /* 8.828 */        }()[0m
    [36m| [0m[34m|[0m /* 8.829 */        [0m
    [36m| [0m[34m|[0m /* 8.830 */        [0m
    [36m| [0m[34m|[0m /* 8.831 */        { => let caseConfig = Configuration()[0m
    [36m| [0m[34m|[0m /* 8.832 */            [0m
    [36m| [0m[34m|[0m /* 8.833 */            let expandedNameAndSectionCountsRespectConfiguredBoundsTestFunc = { => expandedNameAndSectionCountsRespectConfiguredBounds();() }[0m
    [36m| [0m[34m|[0m /* 8.834 */            suiteBuilder.add([0m
    [36m| [0m[34m|[0m /* 8.835 */            UnitTestCase.create([0m
    [36m| [0m[34m|[0m /* 8.836 */            "expandedNameAndSectionCountsRespectConfiguredBounds",[0m
    [36m| [0m[34m|[0m /* 8.837 */            configuration: caseConfig,[0m
    [36m| [0m[34m|[0m /* 8.838 */            body: expandedNameAndSectionCountsRespectConfiguredBoundsTestFunc[0m
    [36m| [0m[34m|[0m /* 8.839 */            )[0m
    [36m| [0m[34m|[0m /* 8.840 */            )[0m
    [36m| [0m[34m|[0m /* 8.841 */            [0m
    [36m| [0m[34m|[0m /* 8.842 */        }()[0m
    [36m| [0m[34m|[0m /* 8.843 */        [0m
    [36m| [0m[34m|[0m /* 8.844 */        [0m
    [36m| [0m[34m|[0m /* 8.845 */        { => let caseConfig = Configuration()[0m
    [36m| [0m[34m|[0m /* 8.846 */            [0m
    [36m| [0m[34m|[0m /* 8.847 */            let completeParserRejectsTrailingAndTruncatedSectionBytesTestFunc = { => completeParserRejectsTrailingAndTruncatedSectionBytes();() }[0m
    [36m| [0m[34m|[0m /* 8.848 */            suiteBuilder.add([0m
    [36m| [0m[34m|[0m /* 8.849 */            UnitTestCase.create([0m
    [36m| [0m[34m|[0m /* 8.850 */            "completeParserRejectsTrailingAndTruncatedSectionBytes",[0m
    [36m| [0m[34m|[0m /* 8.851 */            configuration: caseConfig,[0m
    [36m| [0m[34m|[0m /* 8.852 */            body: completeParserRejectsTrailingAndTruncatedSectionBytesTestFunc[0m
    [36m| [0m[34m|[0m /* 8.853 */            )[0m
    [36m| [0m[34m|[0m /* 8.854 */            )[0m
    [36m| [0m[34m|[0m /* 8.855 */            [0m
    [36m| [0m[34m|[0m /* 8.856 */        }()[0m
    [36m| [0m[34m|[0m /* 8.857 */        [0m
    [36m| [0m[34m|[0m /* 8.858 */        [0m
    [36m| [0m[34m|[0m /* 8.859 */        { => let caseConfig = Configuration()[0m
    [36m| [0m[34m|[0m /* 8.860 */            [0m
    [36m| [0m[34m|[0m /* 8.861 */            let typedRdataLengthsAndTxtSegmentsAreExactTestFunc = { => typedRdataLengthsAndTxtSegmentsAreExact();() }[0m
    [36m| [0m[34m|[0m /* 8.862 */            suiteBuilder.add([0m
    [36m| [0m[34m|[0m /* 8.863 */            UnitTestCase.create([0m
    [36m| [0m[34m|[0m /* 8.864 */            "typedRdataLengthsAndTxtSegmentsAreExact",[0m
    [36m| [0m[34m|[0m /* 8.865 */            configuration: caseConfig,[0m
    [36m| [0m[34m|[0m /* 8.866 */            body: typedRdataLengthsAndTxtSegmentsAreExactTestFunc[0m
    [36m| [0m[34m|[0m /* 8.867 */            )[0m
    [36m| [0m[34m|[0m /* 8.868 */            )[0m
    [36m| [0m[34m|[0m /* 8.869 */            [0m
    [36m| [0m[34m|[0m /* 8.870 */        }()[0m
    [36m| [0m[34m|[0m /* 8.871 */        [0m
    [36m| [0m[34m|[0m /* 8.872 */        [0m
    [36m| [0m[34m|[0m /* 8.873 */        { => let caseConfig = Configuration()[0m
    [36m| [0m[34m|[0m /* 8.874 */            [0m
    [36m| [0m[34m|[0m /* 8.875 */            let compressedRdataNamesCannotConsumeNeighboringRecordBytesTestFunc = { => compressedRdataNamesCannotConsumeNeighboringRecordBytes();() }[0m
    [36m| [0m[34m|[0m /* 8.876 */            suiteBuilder.add([0m
    [36m| [0m[34m|[0m /* 8.877 */            UnitTestCase.create([0m
    [36m| [0m[34m|[0m /* 8.878 */            "compressedRdataNamesCannotConsumeNeighboringRecordBytes",[0m
    [36m| [0m[34m|[0m /* 8.879 */            configuration: caseConfig,[0m
    [36m| [0m[34m|[0m /* 8.880 */            body: compressedRdataNamesCannotConsumeNeighboringRecordBytesTestFunc[0m
    [36m| [0m[34m|[0m /* 8.881 */            )[0m
    [36m| [0m[34m|[0m /* 8.882 */            )[0m
    [36m| [0m[34m|[0m /* 8.883 */            [0m
    [36m| [0m[34m|[0m /* 8.884 */        }()[0m
    [36m| [0m[34m|[0m /* 8.885 */        [0m
    [36m| [0m[34m|[0m /* 8.886 */        [0m
    [36m| [0m[34m|[0m /* 8.887 */        { => let caseConfig = Configuration()[0m
    [36m| [0m[34m|[0m /* 8.888 */            [0m
    [36m| [0m[34m|[0m /* 8.889 */            let srvTargetCompressionIsRejectedEvenWhenPointerIsInBoundsTestFunc = { => srvTargetCompressionIsRejectedEvenWhenPointerIsInBounds();() }[0m
    [36m| [0m[34m|[0m /* 8.890 */            suiteBuilder.add([0m
    [36m| [0m[34m|[0m /* 8.891 */            UnitTestCase.create([0m
    [36m| [0m[34m|[0m /* 8.892 */            "srvTargetCompressionIsRejectedEvenWhenPointerIsInBounds",[0m
    [36m| [0m[34m|[0m /* 8.893 */            configuration: caseConfig,[0m
    [36m| [0m[34m|[0m /* 8.894 */            body: srvTargetCompressionIsRejectedEvenWhenPointerIsInBoundsTestFunc[0m
    [36m| [0m[34m|[0m /* 8.895 */            )[0m
    [36m| [0m[34m|[0m /* 8.896 */            )[0m
    [36m| [0m[34m|[0m /* 8.897 */            [0m
    [36m| [0m[34m|[0m /* 8.898 */        }()[0m
    [36m| [0m[34m|[0m /* 8.899 */        [0m
    [36m| [0m[34m|[0m /* 8.900 */        [0m
    [36m| [0m[34m|[0m /* 8.901 */        { => let caseConfig = Configuration()[0m
    [36m| [0m[34m|[0m /* 8.902 */            [0m
    [36m| [0m[34m|[0m /* 8.903 */            let summaryConstructorRejectsSectionMetadataThatCouldBlurBoundariesTestFunc = { => summaryConstructorRejectsSectionMetadataThatCouldBlurBoundaries();() }[0m
    [36m| [0m[34m|[0m /* 8.904 */            suiteBuilder.add([0m
    [36m| [0m[34m|[0m /* 8.905 */            UnitTestCase.create([0m
    [36m| [0m[34m|[0m /* 8.906 */            "summaryConstructorRejectsSectionMetadataThatCouldBlurBoundaries",[0m
    [36m| [0m[34m|[0m /* 8.907 */            configuration: caseConfig,[0m
    [36m| [0m[34m|[0m /* 8.908 */            body: summaryConstructorRejectsSectionMetadataThatCouldBlurBoundariesTestFunc[0m
    [36m| [0m[34m|[0m /* 8.909 */            )[0m
    [36m| [0m[34m|[0m /* 8.910 */            )[0m
    [36m| [0m[34m|[0m /* 8.911 */            [0m
    [36m| [0m[34m|[0m /* 8.912 */        }()[0m
    [36m| [0m[34m|[0m /* 8.913 */        [0m
    [36m| [0m[34m|[0m /* 8.914 */        [0m
    [36m| [0m[34m|[0m /* 8.915 */        { => let caseConfig = Configuration()[0m
    [36m| [0m[34m|[0m /* 8.916 */            [0m
    [36m| [0m[34m|[0m /* 8.917 */            let additionalOwnerMayReferenceAuthorityNameserverTargetTestFunc = { => additionalOwnerMayReferenceAuthorityNameserverTarget();() }[0m
    [36m| [0m[34m|[0m /* 8.918 */            suiteBuilder.add([0m
    [36m| [0m[34m|[0m /* 8.919 */            UnitTestCase.create([0m
    [36m| [0m[34m|[0m /* 8.920 */            "additionalOwnerMayReferenceAuthorityNameserverTarget",[0m
    [36m| [0m[34m|[0m /* 8.921 */            configuration: caseConfig,[0m
    [36m| [0m[34m|[0m /* 8.922 */            body: additionalOwnerMayReferenceAuthorityNameserverTargetTestFunc[0m
    [36m| [0m[34m|[0m /* 8.923 */            )[0m
    [36m| [0m[34m|[0m /* 8.924 */            )[0m
    [36m| [0m[34m|[0m /* 8.925 */            [0m
    [36m| [0m[34m|[0m /* 8.926 */        }()[0m
    [36m| [0m[34m|[0m /* 8.927 */        [0m
    [36m| [0m[34m|[0m /* 8.928 */        [0m
    [36m| [0m[34m|[0m /* 8.929 */        { => let caseConfig = Configuration()[0m
    [36m| [0m[34m|[0m /* 8.930 */            [0m
    [36m| [0m[34m|[0m /* 8.931 */            let additionalOwnerMayReferenceSecondLegacyMailboxNameTestFunc = { => additionalOwnerMayReferenceSecondLegacyMailboxName();() }[0m
    [36m| [0m[34m|[0m /* 8.932 */            suiteBuilder.add([0m
    [36m| [0m[34m|[0m /* 8.933 */            UnitTestCase.create([0m
    [36m| [0m[34m|[0m /* 8.934 */            "additionalOwnerMayReferenceSecondLegacyMailboxName",[0m
    [36m| [0m[34m|[0m /* 8.935 */            configuration: caseConfig,[0m
    [36m| [0m[34m|[0m /* 8.936 */            body: additionalOwnerMayReferenceSecondLegacyMailboxNameTestFunc[0m
    [36m| [0m[34m|[0m /* 8.937 */            )[0m
    [36m| [0m[34m|[0m /* 8.938 */            )[0m
    [36m| [0m[34m|[0m /* 8.939 */            [0m
    [36m| [0m[34m|[0m /* 8.940 */        }()[0m
    [36m| [0m[34m|[0m /* 8.941 */        [0m
    [36m| [0m[34m|[0m /* 8.942 */        return suiteBuilder.build()[0m
    [36m| [0m[34m|[0m /* 8.943 */    }[0m
    [36m| [0m[34m|[0m /* 8.944 */    private func inheritedFromClassAnnotatedByTestTemplate < T >(): TestSuite where T <: TestClass {[0m
    [36m| [0m[34m|[0m /* 8.945 */        throw Exception("Unreachable code")[0m
    [36m| [0m[34m|[0m /* 8.946 */    }[0m
    [36m| [0m[34m|[0m /* 8.947 */}[0m
    [36m| [0m[34m|[0m /* 8.948 */[0m
    [36m| [0m[34m|[0m /* 8.949 */[0m
    [36m| [0m[34m|[0m /* 8.950 */interface TestPackageExtension_DnsWireParserTest {[0m
    [36m| [0m[34m|[0m /* 8.951 */    func registerDnsWireParserTest(): Unit[0m
    [36m| [0m[34m|[0m /* 8.952 */}[0m
    [36m| [0m[34m|[0m /* 8.953 */extend TestPackage <: TestPackageExtension_DnsWireParserTest {[0m
    [36m| [0m[34m|[0m /* 8.954 */    @Attribute[TEST_REGISTER][0m
    [36m| [0m[34m|[0m /* 8.955 */    public func registerDnsWireParserTest() {[0m
    [36m| [0m[34m|[0m /* 8.956 */        registerSuite({ => DnsWireParserTest().asTestSuite() })[0m
    [36m| [0m[34m|[0m /* 8.957 */    }[0m
    [36m| [0m[34m|[0m /* 8.958 */}[0m
    [36m| [0m[34m|[0m /* 8.959 */[0m
    [36m| [0m[34m|[0m[34m_[0m[34m__________^[0m
    [36m| [0m
[34mnote[0m: which is expanded as follows
    [36m| [0m
    [36m| [0m/* 8.93 */                DnsMessageSummary(1u16, 0, false, questionCount: 65536, questions: questions)[0m
    [36m| [0m                          [34m^^^^^^^^^^^^^^^^^^^^^^^^^^^^^^^^^^^^^^^^^^^^^^^^^^^^^^^^^^^^^^^^^^^^^^^^^^^^^ [0m
    [36m| [0m

[33mwarning[0m: unused expression
   [36m==>[0m <repo-root>-pr-worktrees/M8-005-publication/src/net/dns_wire_test.cj:102:13:
    [36m| [0m
[36m102[0m [36m| [0m            DnsMessageSummary(1u16, 65536, false, records: records)[0m
    [36m| [0m            [33m^ unused expression[0m
    [36m| [0m
    [36m#[0m [0mnote[0m: this warning can be suppressed by setting the compiler option `-Woff unused`
[34mnote[0m: the warning occurs after the macro is expanded
   [36m==>[0m <repo-root>-pr-worktrees/M8-005-publication/src/net/dns_wire_test.cj:8:1:
    [36m| [0m
[36m8[0m   [36m| [0m  @Test[0m
    [36m| [0m [34m_[0m[34m^[0m
[36m9[0m   [36m| [0m[34m|[0m class DnsWireParserTest {[0m
    [36m| [0m[34m|[0m ...[0m
[36m305[0m [36m| [0m[34m|[0m }[0m
    [36m| [0m[34m|[0m[34m_[0m[34m^[0m
    [36m| [0m
[34mnote[0m: which is expanded as follows
    [36m| [0m
    [36m| [0m/* 8.116 */                DnsMessageSummary(1u16, 65536, false, records: records)[0m
    [36m| [0m                           [34m^^^^^^^^^^^^^^^^^^^^^^^^^^^^^^^^^^^^^^^^^^^^^^^^^^^^^^^ [0m
    [36m| [0m

[33mwarning[0m: unused expression
   [36m==>[0m <repo-root>-pr-worktrees/M8-005-publication/src/net/dns_wire_test.cj:105:13:
    [36m| [0m
[36m105[0m [36m| [0m            DnsMessageSummary(1u16, 32768, false, authorityCount: 32768, records: records)[0m
    [36m| [0m            [33m^ unused expression[0m
    [36m| [0m
    [36m#[0m [0mnote[0m: this warning can be suppressed by setting the compiler option `-Woff unused`
[34mnote[0m: the warning occurs after the macro is expanded
   [36m==>[0m <repo-root>-pr-worktrees/M8-005-publication/src/net/dns_wire_test.cj:8:1:
    [36m| [0m
[36m8[0m   [36m| [0m  @Test[0m
    [36m| [0m [34m_[0m[34m^[0m
[36m9[0m   [36m| [0m[34m|[0m class DnsWireParserTest {[0m
    [36m| [0m[34m|[0m ...[0m
[36m305[0m [36m| [0m[34m|[0m }[0m
    [36m| [0m[34m|[0m[34m_[0m[34m^[0m
    [36m| [0m
[34mnote[0m: which is expanded as follows
    [36m| [0m
    [36m| [0m/* 8.139 */                DnsMessageSummary(1u16, 32768, false, authorityCount: 32768, records: records)[0m
    [36m| [0m                           [34m^^^^^^^^^^^^^^^^^^^^^^^^^^^^^^^^^^^^^^^^^^^^^^^^^^^^^^^^^^^^^^^^^^^^^^^^^^^^^^ [0m
    [36m| [0m

[33mwarning[0m: unreachable block in 'if' expression
    [36m| [0m
    [36m| [0m  /* 8.193 */                if(e is AssertException) {[0m
    [36m| [0m [33m_[0m[33m____________________________________________________^[0m
    [36m| [0m[33m|[0m /* 8.194 */                    throw e[0m
    [36m| [0m[33m|[0m /* 8.195 */                }[0m
    [36m| [0m[33m|[0m[33m_[0m[33m___________________________^ unreachable block in 'if' expression[0m
    [36m| [0m
    [36m#[0m [0mnote[0m: this warning can be suppressed by setting the compiler option `-Woff unused`
[34mnote[0m: the warning occurs after the macro is expanded
   [36m==>[0m <repo-root>-pr-worktrees/M8-005-publication/src/net/dns_wire_test.cj:8:1:
    [36m| [0m
[36m8[0m   [36m| [0m  @Test[0m
    [36m| [0m [34m_[0m[34m^[0m
[36m9[0m   [36m| [0m[34m|[0m class DnsWireParserTest {[0m
    [36m| [0m[34m|[0m ...[0m
[36m305[0m [36m| [0m[34m|[0m }[0m
    [36m| [0m[34m|[0m[34m_[0m[34m^[0m
    [36m| [0m

[33mwarning[0m: unused expression
   [36m==>[0m <repo-root>-pr-worktrees/M8-005-publication/src/net/dns_resolver_test.cj:202:53:
    [36m| [0m
[36m202[0m [36m| [0m            @AssertThrows[IllegalArgumentException](DnsResolverConfig(nameservers: [endpoint]))[0m
    [36m| [0m                                                    [33m^ unused expression[0m
    [36m| [0m
    [36m#[0m [0mnote[0m: this warning can be suppressed by setting the compiler option `-Woff unused`
[34mnote[0m: the warning occurs after the macro is expanded
   [36m==>[0m <repo-root>-pr-worktrees/M8-005-publication/src/net/dns_resolver_test.cj:156:1:
    [36m| [0m
[36m156[0m [36m| [0m  @Test[0m
    [36m| [0m [34m_[0m[34m^[0m
[36m157[0m [36m| [0m[34m|[0m class DnsResolverPolicyTest {[0m
    [36m| [0m[34m|[0m ...[0m
[36m723[0m [36m| [0m[34m|[0m }[0m
    [36m| [0m[34m|[0m[34m_[0m[34m^[0m
    [36m| [0m
[34mnote[0m: the code after the macro is expanded as follows
    [36m| [0m
    [36m| [0m  /* 156.1 */@Attribute[TEST_GENERATED] class DnsResolverPolicyTest <: TestClass {[0m
    [36m| [0m [34m_[0m[34m^[0m
    [36m| [0m[34m|[0m /* 156.2 */    @Attribute[TestCase_24][0m
    [36m| [0m[34m|[0m /* 156.3 */    func fromSystemParsesTabsCommentsLastSearchAndClampedNdots(): Unit {[0m
    [36m| [0m[34m|[0m /* 156.4 */        let path = dnsResolverTestTempPath()[0m
    [36m| [0m[34m|[0m /* 156.5 */        try {[0m
    [36m| [0m[34m|[0m /* 156.6 */            File.writeTo(path,("# trusted resolver fixture\n" + "nameserver\t192.0.2.53 # primary\n" + "nameserver 010.0.0.1 ; leading zero is not a literal\n" + "nameserver 300.1.1.1\n" + "nameserver 2001:db8::53 ; secondary\n" + "nameserver 2001:db8:::53\n" + "search old.test duplicate.test\n" + "domain\tfinal.test ignored.test # the last directive wins\n" + "options rotate ndots:99 ndots:-1\n").toArray())[0m
    [36m| [0m[34m|[0m /* 156.7 */            let config = DnsResolverConfig.fromSystem(path: path)[0m
    [36m| [0m[34m|[0m /* 156.8 */            let servers = config.nameservers[0m
    [36m| [0m[34m|[0m /* 156.9 */            assertEqual("servers.size", "2", servers.size, 2, isDelta: false)[0m
    [36m| [0m[34m|[0m /* 156.10 */            expectEqual("servers[0].address.toOctets()", "[192u8, 0u8, 2u8, 53u8]", servers[0].address.toOctets(),[192u8, 0u8, 2u8, 53u8], isDelta: false)[0m
    [36m| [0m[34m|[0m /* 156.11 */            expectEqual("servers[0].port", "53u16", servers[0].port, 53u16, isDelta: false)[0m
    [36m| [0m[34m|[0m /* 156.12 */            expectEqual("dnsResolverTestFamilyIs(servers[1].address.family, api.IpAddressFamily.Ipv6)", "true", dnsResolverTestFamilyIs(servers[1].address.family, api.IpAddressFamily.Ipv6), true, isDelta: false)[0m
    [36m| [0m[34m|[0m /* 156.13 */            expectEqual("servers[1].port", "53u16", servers[1].port, 53u16, isDelta: false)[0m
    [36m| [0m[34m|[0m /* 156.14 */            expectEqual("config.searchDomains", "[api.HostName(\"final.test\")]", config.searchDomains,[api.HostName("final.test")], isDelta: false)[0m
    [36m| [0m[34m|[0m /* 156.15 */            expectEqual("config.ndots", "15", config.ndots, 15, isDelta: false)[0m
    [36m| [0m[34m|[0m /* 156.16 */        } finally {[0m
    [36m| [0m[34m|[0m /* 156.17 */            let _ = removeIfExists(path)[0m
    [36m| [0m[34m|[0m /* 156.18 */        }[0m
    [36m| [0m[34m|[0m /* 156.19 */    }[0m
    [36m| [0m[34m|[0m /* 156.20 */    [0m
    [36m| [0m[34m|[0m /* 156.21 */    @Attribute[TestCase_25][0m
    [36m| [0m[34m|[0m /* 156.22 */    func directConfigRejectsUnsupportedNameserverZonesBeforeQueries(): Unit {[0m
    [36m| [0m[34m|[0m /* 156.23 */        let octets = Array < Byte >(16, repeat: 0u8)[0m
    [36m| [0m[34m|[0m /* 156.24 */        octets[0] = 0xFEu8[0m
    [36m| [0m[34m|[0m /* 156.25 */        octets[1] = 0x80u8[0m
    [36m| [0m[34m|[0m /* 156.26 */        octets[15] = 1u8[0m
    [36m| [0m[34m|[0m /* 156.27 */        for(zone in["eth0", "4294967296"]) {[0m
    [36m| [0m[34m|[0m /* 156.28 */            let endpoint = api.SocketEndpoint(api.IpAddress(api.IpAddressFamily.Ipv6, octets, zone: Some(zone)), 53u16)[0m
    [36m| [0m[34m|[0m /* 156.29 */            try {[0m
    [36m| [0m[34m|[0m /* 156.30 */                try {[0m
    [36m| [0m[34m|[0m /* 156.31 */                    assertEqual("true", "true", true, true)[0m
    [36m| [0m[34m|[0m /* 156.32 */                    DnsResolverConfig(nameservers:[endpoint])[0m
    [36m| [0m[34m|[0m /* 156.33 */                    fail("@AssertThrows: Expected 'IllegalArgumentException' was not caught.")[0m
    [36m| [0m[34m|[0m /* 156.34 */                } catch(e: IllegalArgumentException) {[0m
    [36m| [0m[34m|[0m /* 156.35 */                    if(e is AssertException) {[0m
    [36m| [0m[34m|[0m /* 156.36 */                        throw e[0m
    [36m| [0m[34m|[0m /* 156.37 */                    }[0m
    [36m| [0m[34m|[0m /* 156.38 */                    if(e is AssertIntermediateException) {[0m
    [36m| [0m[34m|[0m /* 156.39 */                        throw e[0m
    [36m| [0m[34m|[0m /* 156.40 */                    }[0m
    [36m| [0m[34m|[0m /* 156.41 */                    if(e is UnittestTimeoutException) {[0m
    [36m| [0m[34m|[0m /* 156.42 */                        throw e[0m
    [36m| [0m[34m|[0m /* 156.43 */                    }[0m
    [36m| [0m[34m|[0m /* 156.44 */                    e[0m
    [36m| [0m[34m|[0m /* 156.45 */                }[0m
    [36m| [0m[34m|[0m /* 156.46 */            } catch(e: Exception) {[0m
    [36m| [0m[34m|[0m /* 156.47 */                if(e is AssertException || e is AssertIntermediateException || e is UnittestTimeoutException) {[0m
    [36m| [0m[34m|[0m /* 156.48 */                    throw e[0m
    [36m| [0m[34m|[0m /* 156.49 */                }[0m
    [36m| [0m[34m|[0m /* 156.50 */                assertCaughtUnexpectedE("@AssertThrows(IllegalArgumentException)", "IllegalArgumentException", e.toString())[0m
    [36m| [0m[34m|[0m /* 156.51 */            }[0m
    [36m| [0m[34m|[0m /* 156.52 */        }[0m
    [36m| [0m[34m|[0m /* 156.53 */    }[0m
    [36m| [0m[34m|[0m /* 156.54 */    [0m
    [36m| [0m[34m|[0m /* 156.55 */    @Attribute[TestCase_26][0m
    [36m| [0m[34m|[0m /* 156.56 */    func numericNameserverZonesUseCanonicalEndpointIdentity(): Unit {[0m
    [36m| [0m[34m|[0m /* 156.57 */        let octets = Array < Byte >(16, repeat: 0u8)[0m
    [36m| [0m[34m|[0m /* 156.58 */        octets[0] = 0xFEu8[0m
    [36m| [0m[34m|[0m /* 156.59 */        octets[1] = 0x80u8[0m
    [36m| [0m[34m|[0m /* 156.60 */        octets[15] = 1u8[0m
    [36m| [0m[34m|[0m /* 156.61 */        for((spelling, canonical) in[("0001", Some("1")),("000", None < String >)]) {[0m
    [36m| [0m[34m|[0m /* 156.62 */            let configured = api.SocketEndpoint(api.IpAddress(api.IpAddressFamily.Ipv6, octets, zone: Some(spelling)), 53u16)[0m
    [36m| [0m[34m|[0m /* 156.63 */            let received = api.SocketEndpoint(api.IpAddress(api.IpAddressFamily.Ipv6, octets, zone: canonical), 53u16)[0m
    [36m| [0m[34m|[0m /* 156.64 */            expectEqual("DnsResolverConfig(nameservers:[configured]).nameservers[0]", "received", DnsResolverConfig(nameservers:[configured]).nameservers[0], received, isDelta: false)[0m
    [36m| [0m[34m|[0m /* 156.65 */        }[0m
    [36m| [0m[34m|[0m /* 156.66 */    }[0m
    [36m| [0m[34m|[0m /* 156.67 */    [0m
    [36m| [0m[34m|[0m /* 156.68 */    @Attribute[TestCase_27][0m
    [36m| [0m[34m|[0m /* 156.69 */    func systemNameserversRetainOnlySupportedNumericZones(): Unit {[0m
    [36m| [0m[34m|[0m /* 156.70 */        let path = dnsResolverTestTempPath()[0m
    [36m| [0m[34m|[0m /* 156.71 */        try {[0m
    [36m| [0m[34m|[0m /* 156.72 */            File.writeTo(path,("nameserver fe80::1%eth0\n" + "nameserver fe80::2%4294967296\n" + "nameserver fe80::3%007\n" + "nameserver 192.0.2.53\n").toArray())[0m
    [36m| [0m[34m|[0m /* 156.73 */            let servers = DnsResolverConfig.fromSystem(path: path).nameservers[0m
    [36m| [0m[34m|[0m /* 156.74 */            assertEqual("servers.size", "2", servers.size, 2, isDelta: false)[0m
    [36m| [0m[34m|[0m /* 156.75 */            expectEqual("servers[0].address.zone", "Some(\"7\")", servers[0].address.zone, Some("7"), isDelta: false)[0m
    [36m| [0m[34m|[0m /* 156.76 */            expectEqual("servers[1].address.toOctets()", "[192u8, 0u8, 2u8, 53u8]", servers[1].address.toOctets(),[192u8, 0u8, 2u8, 53u8], isDelta: false)[0m
    [36m| [0m[34m|[0m /* 156.77 */            File.writeTo(path, "nameserver fe80::1%eth0\n".toArray())[0m
    [36m| [0m[34m|[0m /* 156.78 */            expectEqual("DnsResolverConfig.fromSystem(path: path).nameservers.isEmpty()", "true", DnsResolverConfig.fromSystem(path: path).nameservers.isEmpty(), true, isDelta: false)[0m
    [36m| [0m[34m|[0m /* 156.79 */        } finally {[0m
    [36m| [0m[34m|[0m /* 156.80 */            let _ = removeIfExists(path)[0m
    [36m| [0m[34m|[0m /* 156.81 */        }[0m
    [36m| [0m[34m|[0m /* 156.82 */    }[0m
    [36m| [0m[34m|[0m /* 156.83 */    [0m
    [36m| [0m[34m|[0m /* 156.84 */    @Attribute[TestCase_28][0m
    [36m| [0m[34m|[0m /* 156.85 */    func equivalentNameserverScopesDoNotConsumeTheServerLimit(): Unit {[0m
    [36m| [0m[34m|[0m /* 156.86 */        let path = dnsResolverTestTempPath()[0m
    [36m| [0m[34m|[0m /* 156.87 */        try {[0m
    [36m| [0m[34m|[0m /* 156.88 */            var contents = ""[0m
    [36m| [0m[34m|[0m /* 156.89 */            for(scope in["1", "01", "001", "0001", "00001", "000001", "0000001", "00000001"]) {[0m
    [36m| [0m[34m|[0m /* 156.90 */                contents += "nameserver fe80::1%${scope}\n"[0m
    [36m| [0m[34m|[0m /* 156.91 */            }[0m
    [36m| [0m[34m|[0m /* 156.92 */            contents += "nameserver 192.0.2.53\n"[0m
    [36m| [0m[34m|[0m /* 156.93 */            File.writeTo(path, contents.toArray())[0m
    [36m| [0m[34m|[0m /* 156.94 */            let servers = DnsResolverConfig.fromSystem(path: path).nameservers[0m
    [36m| [0m[34m|[0m /* 156.95 */            assertEqual("servers.size", "2", servers.size, 2, isDelta: false)[0m
    [36m| [0m[34m|[0m /* 156.96 */            expectEqual("servers[0].address.zone", "Some(\"1\")", servers[0].address.zone, Some("1"), isDelta: false)[0m
    [36m| [0m[34m|[0m /* 156.97 */            expectEqual("servers[1].address.toOctets()", "[192u8, 0u8, 2u8, 53u8]", servers[1].address.toOctets(),[192u8, 0u8, 2u8, 53u8], isDelta: false)[0m
    [36m| [0m[34m|[0m /* 156.98 */        } finally {[0m
    [36m| [0m[34m|[0m /* 156.99 */            let _ = removeIfExists(path)[0m
    [36m| [0m[34m|[0m /* 156.100 */        }[0m
    [36m| [0m[34m|[0m /* 156.101 */    }[0m
    [36m| [0m[34m|[0m /* 156.102 */    [0m
    [36m| [0m[34m|[0m /* 156.103 */    @Attribute[TestCase_29][0m
    [36m| [0m[34m|[0m /* 156.104 */    func configOwnsInputArraysAndReturnsDefensiveCopies(): Unit {[0m
    [36m| [0m[34m|[0m /* 156.105 */        let first = dnsResolverTestLoopback(5301u16)[0m
    [36m| [0m[34m|[0m /* 156.106 */        let second = dnsResolverTestLoopback(5302u16)[0m
    [36m| [0m[34m|[0m /* 156.107 */        let nameservers =[first, second][0m
    [36m| [0m[34m|[0m /* 156.108 */        let searches =[api.HostName("first.test"), api.HostName("second.test")][0m
    [36m| [0m[34m|[0m /* 156.109 */        let config = DnsResolverConfig(nameservers: nameservers, searchDomains: searches, hostsPath: "")[0m
    [36m| [0m[34m|[0m /* 156.110 */        nameservers[0] = dnsResolverTestLoopback(5399u16)[0m
    [36m| [0m[34m|[0m /* 156.111 */        searches[0] = api.HostName("mutated.test")[0m
    [36m| [0m[34m|[0m /* 156.112 */        expectEqual("config.nameservers[0]", "first", config.nameservers[0], first, isDelta: false)[0m
    [36m| [0m[34m|[0m /* 156.113 */        expectEqual("config.searchDomains[0]", "api.HostName(\"first.test\")", config.searchDomains[0], api.HostName("first.test"), isDelta: false)[0m
    [36m| [0m[34m|[0m /* 156.114 */        let returnedServers = config.nameservers[0m
    [36m| [0m[34m|[0m /* 156.115 */        let returnedSearches = config.searchDomains[0m
    [36m| [0m[34m|[0m /* 156.116 */        returnedServers[0] = dnsResolverTestLoopback(5398u16)[0m
    [36m| [0m[34m|[0m /* 156.117 */        returnedSearches[0] = api.HostName("returned.test")[0m
    [36m| [0m[34m|[0m /* 156.118 */        expectEqual("config.nameservers[0]", "first", config.nameservers[0], first, isDelta: false)[0m
    [36m| [0m[34m|[0m /* 156.119 */        expectEqual("config.nameservers[1]", "second", config.nameservers[1], second, isDelta: false)[0m
    [36m| [0m[34m|[0m /* 156.120 */        expectEqual("config.searchDomains[0]", "api.HostName(\"first.test\")", config.searchDomains[0], api.HostName("first.test"), isDelta: false)[0m
    [36m| [0m[34m|[0m /* 156.121 */        expectEqual("config.searchDomains[1]", "api.HostName(\"second.test\")", config.searchDomains[1], api.HostName("second.test"), isDelta: false)[0m
    [36m| [0m[34m|[0m /* 156.122 */    }[0m
    [36m| [0m[34m|[0m /* 156.123 */    [0m
    [36m| [0m[34m|[0m /* 156.124 */    @Attribute[TestCase_30][0m
    [36m| [0m[34m|[0m /* 156.125 */    func adoptedClientRequiresMatchingConfigurationWithoutTakingRejectedOwnership(): Unit {[0m
    [36m| [0m[34m|[0m /* 156.126 */        let settings = DnsResolverConfig(hostsPath: "", queryTimeout: Duration.second)[0m
    [36m| [0m[34m|[0m /* 156.127 */        let client = DnsClient(config: settings)[0m
    [36m| [0m[34m|[0m /* 156.128 */        try {[0m
    [36m| [0m[34m|[0m /* 156.129 */            try {[0m
    [36m| [0m[34m|[0m /* 156.130 */                try {[0m
    [36m| [0m[34m|[0m /* 156.131 */                    assertEqual("true", "true", true, true)[0m
    [36m| [0m[34m|[0m /* 156.132 */                    Resolver(config: DnsResolverConfig(hostsPath: "", queryTimeout: 30 * Duration.second), dns: Some(client))[0m
    [36m| [0m[34m|[0m /* 156.133 */                    fail("@AssertThrows: Expected 'IllegalArgumentException' was not caught.")[0m
    [36m| [0m[34m|[0m /* 156.134 */                } catch(e: IllegalArgumentException) {[0m
    [36m| [0m[34m|[0m /* 156.135 */                    if(e is AssertException) {[0m
    [36m| [0m[34m|[0m /* 156.136 */                        throw e[0m
    [36m| [0m[34m|[0m /* 156.137 */                    }[0m
    [36m| [0m[34m|[0m /* 156.138 */                    if(e is AssertIntermediateException) {[0m
    [36m| [0m[34m|[0m /* 156.139 */                        throw e[0m
    [36m| [0m[34m|[0m /* 156.140 */                    }[0m
    [36m| [0m[34m|[0m /* 156.141 */                    if(e is UnittestTimeoutException) {[0m
    [36m| [0m[34m|[0m /* 156.142 */                        throw e[0m
    [36m| [0m[34m|[0m /* 156.143 */                    }[0m
    [36m| [0m[34m|[0m /* 156.144 */                    e[0m
    [36m| [0m[34m|[0m /* 156.145 */                }[0m
    [36m| [0m[34m|[0m /* 156.146 */            } catch(e: Exception) {[0m
    [36m| [0m[34m|[0m /* 156.147 */                if(e is AssertException || e is AssertIntermediateException || e is UnittestTimeoutException) {[0m
    [36m| [0m[34m|[0m /* 156.148 */                    throw e[0m
    [36m| [0m[34m|[0m /* 156.149 */                }[0m
    [36m| [0m[34m|[0m /* 156.150 */                assertCaughtUnexpectedE("@AssertThrows(IllegalArgumentException)", "IllegalArgumentException", e.toString())[0m
    [36m| [0m[34m|[0m /* 156.151 */            }[0m
    [36m| [0m[34m|[0m /* 156.152 */            expectEqual("! client.isClosed()", "true", ! client.isClosed(), true, isDelta: false)[0m
    [36m| [0m[34m|[0m /* 156.153 */            let owner = Resolver(config: DnsResolverConfig(hostsPath: "", queryTimeout: Duration.second), dns: Some(client))[0m
    [36m| [0m[34m|[0m /* 156.154 */            owner.close()[0m
    [36m| [0m[34m|[0m /* 156.155 */            expectEqual("client.isClosed()", "true", client.isClosed(), true, isDelta: false)[0m
    [36m| [0m[34m|[0m /* 156.156 */        } finally {[0m
    [36m| [0m[34m|[0m /* 156.157 */            client.close()[0m
    [36m| [0m[34m|[0m /* 156.158 */        }[0m
    [36m| [0m[34m|[0m /* 156.159 */    }[0m
    [36m| [0m[34m|[0m /* 156.160 */    [0m
    [36m| [0m[34m|[0m /* 156.161 */    @Attribute[TestCase_31][0m
    [36m| [0m[34m|[0m /* 156.162 */    func systemFilesFailClosedWhenMissingOversizedOrNonregular(): Unit {[0m
    [36m| [0m[34m|[0m /* 156.163 */        let missing = dnsResolverTestTempPath()[0m
    [36m| [0m[34m|[0m /* 156.164 */        let oversized = dnsResolverTestTempPath()[0m
    [36m| [0m[34m|[0m /* 156.165 */        let directory = dnsResolverTestTempPath()[0m
    [36m| [0m[34m|[0m /* 156.166 */        try {[0m
    [36m| [0m[34m|[0m /* 156.167 */            let _ = removeIfExists(missing)[0m
    [36m| [0m[34m|[0m /* 156.168 */            File.writeTo(oversized, Array < Byte >(1024 * 1024 + 1, repeat: 0u8))[0m
    [36m| [0m[34m|[0m /* 156.169 */            let _ = removeIfExists(directory)[0m
    [36m| [0m[34m|[0m /* 156.170 */            Directory.create(directory)[0m
    [36m| [0m[34m|[0m /* 156.171 */            expectEqual("dnsResolverTestDefaults(DnsResolverConfig.fromSystem(path: missing))", "true", dnsResolverTestDefaults(DnsResolverConfig.fromSystem(path: missing)), true, isDelta: false)[0m
    [36m| [0m[34m|[0m /* 156.172 */            expectEqual("dnsResolverTestDefaults(DnsResolverConfig.fromSystem(path: oversized))", "true", dnsResolverTestDefaults(DnsResolverConfig.fromSystem(path: oversized)), true, isDelta: false)[0m
    [36m| [0m[34m|[0m /* 156.173 */            expectEqual("dnsResolverTestDefaults(DnsResolverConfig.fromSystem(path: directory))", "true", dnsResolverTestDefaults(DnsResolverConfig.fromSystem(path: directory)), true, isDelta: false)[0m
    [36m| [0m[34m|[0m /* 156.174 */        } finally {[0m
    [36m| [0m[34m|[0m /* 156.175 */            let _ = removeIfExists(missing)[0m
    [36m| [0m[34m|[0m /* 156.176 */            let _ = removeIfExists(oversized)[0m
    [36m| [0m[34m|[0m /* 156.177 */            let _ = removeIfExists(directory, recursive: true)[0m
    [36m| [0m[34m|[0m /* 156.178 */        }[0m
    [36m| [0m[34m|[0m /* 156.179 */    }[0m
    [36m| [0m[34m|[0m /* 156.180 */    [0m
    [36m| [0m[34m|[0m /* 156.181 */    @Attribute[TestCase_32][0m
    [36m| [0m[34m|[0m /* 156.182 */    func ipv4LiteralsBypassHostsSearchAndNameservers(): Unit {[0m
    [36m| [0m[34m|[0m /* 156.183 */        let server = UdpSocket.bind(dnsResolverTestLoopback(0u16))[0m
    [36m| [0m[34m|[0m /* 156.184 */        let path = dnsResolverTestTempPath()[0m
    [36m| [0m[34m|[0m /* 156.185 */        try {[0m
    [36m| [0m[34m|[0m /* 156.186 */            File.writeTo(path, "192.0.2.9 127.0.0.1\n".toArray())[0m
    [36m| [0m[34m|[0m /* 156.187 */            let resolver = Resolver(config: DnsResolverConfig(nameservers:[dnsResolverTestEndpoint(server)], searchDomains:[api.HostName("literal-search.test")], hostsPath: path, queryTimeout: 50 * Duration.millisecond, attempts: 1))[0m
    [36m| [0m[34m|[0m /* 156.188 */            try {[0m
    [36m| [0m[34m|[0m /* 156.189 */                let result = resolver.resolve("127.0.0.1")[0m
    [36m| [0m[34m|[0m /* 156.190 */                expectEqual("result.addresses.size", "1", result.addresses.size, 1, isDelta: false)[0m
    [36m| [0m[34m|[0m /* 156.191 */                expectEqual("result.addresses[0]", "dnsResolverTestIpv4(1u8)", result.addresses[0], dnsResolverTestIpv4(1u8), isDelta: false)[0m
    [36m| [0m[34m|[0m /* 156.192 */                expectEqual("result.canonicalHost", "api.HostName(\"127.0.0.1\")", result.canonicalHost, api.HostName("127.0.0.1"), isDelta: false)[0m
    [36m| [0m[34m|[0m /* 156.193 */                match(result.source) {[0m
    [36m| [0m[34m|[0m /* 156.194 */                    case api.ResolverSource.Static =>()[0m
    [36m| [0m[34m|[0m /* 156.195 */                    case _ => fail("literal resolution depended on an external source")[0m
    [36m| [0m[34m|[0m /* 156.196 */                }[0m
    [36m| [0m[34m|[0m /* 156.197 */                let familyError = try {[0m
    [36m| [0m[34m|[0m /* 156.198 */                    try {[0m
    [36m| [0m[34m|[0m /* 156.199 */                        assertEqual("true", "true", true, true)[0m
    [36m| [0m[34m|[0m /* 156.200 */                        resolver.resolve("127.0.0.1", options: api.ResolveOptions(family: api.ResolveAddressFamily.Ipv6))[0m
    [36m| [0m[34m|[0m /* 156.201 */                        fail("@AssertThrows: Expected 'api.ResolveException' was not caught.")[0m
    [36m| [0m[34m|[0m /* 156.202 */                    } catch(e: api.ResolveException) {[0m
    [36m| [0m[34m|[0m /* 156.203 */                        if(e is AssertException) {[0m
    [36m| [0m[34m|[0m /* 156.204 */                            throw e[0m
    [36m| [0m[34m|[0m /* 156.205 */                        }[0m
    [36m| [0m[34m|[0m /* 156.206 */                        if(e is AssertIntermediateException) {[0m
    [36m| [0m[34m|[0m /* 156.207 */                            throw e[0m
    [36m| [0m[34m|[0m /* 156.208 */                        }[0m
    [36m| [0m[34m|[0m /* 156.209 */                        if(e is UnittestTimeoutException) {[0m
    [36m| [0m[34m|[0m /* 156.210 */                            throw e[0m
    [36m| [0m[34m|[0m /* 156.211 */                        }[0m
    [36m| [0m[34m|[0m /* 156.212 */                        e[0m
    [36m| [0m[34m|[0m /* 156.213 */                    }[0m
    [36m| [0m[34m|[0m /* 156.214 */                } catch(e: Exception) {[0m
    [36m| [0m[34m|[0m /* 156.215 */                    if(e is AssertException || e is AssertIntermediateException || e is UnittestTimeoutException) {[0m
    [36m| [0m[34m|[0m /* 156.216 */                        throw e[0m
    [36m| [0m[34m|[0m /* 156.217 */                    }[0m
    [36m| [0m[34m|[0m /* 156.218 */                    assertCaughtUnexpectedE("@AssertThrows(api.ResolveException)", "api.ResolveException", e.toString())[0m
    [36m| [0m[34m|[0m /* 156.219 */                }[0m
    [36m| [0m[34m|[0m /* 156.220 */                [0m
    [36m| [0m[34m|[0m /* 156.221 */                match(familyError.resolveCode) {[0m
    [36m| [0m[34m|[0m /* 156.222 */                    case api.ResolveErrorCode.NoData =>()[0m
    [36m| [0m[34m|[0m /* 156.223 */                    case _ => fail("IPv4 literal bypassed the requested address family")[0m
    [36m| [0m[34m|[0m /* 156.224 */                }[0m
    [36m| [0m[34m|[0m /* 156.225 */                let cancellation = api.CancellationSource()[0m
    [36m| [0m[34m|[0m /* 156.226 */                cancellation.cancel()[0m
    [36m| [0m[34m|[0m /* 156.227 */                let stopped = try {[0m
    [36m| [0m[34m|[0m /* 156.228 */                    try {[0m
    [36m| [0m[34m|[0m /* 156.229 */                        assertEqual("true", "true", true, true)[0m
    [36m| [0m[34m|[0m /* 156.230 */                        resolver.resolve("127.0.0.1", context: api.OperationContext(cancellation: cancellation.token))[0m
    [36m| [0m[34m|[0m /* 156.231 */                        fail("@AssertThrows: Expected 'api.ResolveException' was not caught.")[0m
    [36m| [0m[34m|[0m /* 156.232 */                    } catch(e: api.ResolveException) {[0m
    [36m| [0m[34m|[0m /* 156.233 */                        if(e is AssertException) {[0m
    [36m| [0m[34m|[0m /* 156.234 */                            throw e[0m
    [36m| [0m[34m|[0m /* 156.235 */                        }[0m
    [36m| [0m[34m|[0m /* 156.236 */                        if(e is AssertIntermediateException) {[0m
    [36m| [0m[34m|[0m /* 156.237 */                            throw e[0m
    [36m| [0m[34m|[0m /* 156.238 */                        }[0m
    [36m| [0m[34m|[0m /* 156.239 */                        if(e is UnittestTimeoutException) {[0m
    [36m| [0m[34m|[0m /* 156.240 */                            throw e[0m
    [36m| [0m[34m|[0m /* 156.241 */                        }[0m
    [36m| [0m[34m|[0m /* 156.242 */                        e[0m
    [36m| [0m[34m|[0m /* 156.243 */                    }[0m
    [36m| [0m[34m|[0m /* 156.244 */                } catch(e: Exception) {[0m
    [36m| [0m[34m|[0m /* 156.245 */                    if(e is AssertException || e is AssertIntermediateException || e is UnittestTimeoutException) {[0m
    [36m| [0m[34m|[0m /* 156.246 */                        throw e[0m
    [36m| [0m[34m|[0m /* 156.247 */                    }[0m
    [36m| [0m[34m|[0m /* 156.248 */                    assertCaughtUnexpectedE("@AssertThrows(api.ResolveException)", "api.ResolveException", e.toString())[0m
    [36m| [0m[34m|[0m /* 156.249 */                }[0m
    [36m| [0m[34m|[0m /* 156.250 */                [0m
    [36m| [0m[34m|[0m /* 156.251 */                expectEqual("dnsResolverTestResolveErrorIs(stopped, api.ResolveErrorCode.Cancelled)", "true", dnsResolverTestResolveErrorIs(stopped, api.ResolveErrorCode.Cancelled), true, isDelta: false)[0m
    [36m| [0m[34m|[0m /* 156.252 */                let noDns = try {[0m
    [36m| [0m[34m|[0m /* 156.253 */                    try {[0m
    [36m| [0m[34m|[0m /* 156.254 */                        assertEqual("true", "true", true, true)[0m
    [36m| [0m[34m|[0m /* 156.255 */                        server.receive(512, context: api.OperationContext(deadline: Some(api.Deadline.after(50 * Duration.millisecond))))[0m
    [36m| [0m[34m|[0m /* 156.256 */                        fail("@AssertThrows: Expected 'api.NetworkException' was not caught.")[0m
    [36m| [0m[34m|[0m /* 156.257 */                    } catch(e: api.NetworkException) {[0m
    [36m| [0m[34m|[0m /* 156.258 */                        if(e is AssertException) {[0m
    [36m| [0m[34m|[0m /* 156.259 */                            throw e[0m
    [36m| [0m[34m|[0m /* 156.260 */                        }[0m
    [36m| [0m[34m|[0m /* 156.261 */                        if(e is AssertIntermediateException) {[0m
    [36m| [0m[34m|[0m /* 156.262 */                            throw e[0m
    [36m| [0m[34m|[0m /* 156.263 */                        }[0m
    [36m| [0m[34m|[0m /* 156.264 */                        if(e is UnittestTimeoutException) {[0m
    [36m| [0m[34m|[0m /* 156.265 */                            throw e[0m
    [36m| [0m[34m|[0m /* 156.266 */                        }[0m
    [36m| [0m[34m|[0m /* 156.267 */                        e[0m
    [36m| [0m[34m|[0m /* 156.268 */                    }[0m
    [36m| [0m[34m|[0m /* 156.269 */                } catch(e: Exception) {[0m
    [36m| [0m[34m|[0m /* 156.270 */                    if(e is AssertException || e is AssertIntermediateException || e is UnittestTimeoutException) {[0m
    [36m| [0m[34m|[0m /* 156.271 */                        throw e[0m
    [36m| [0m[34m|[0m /* 156.272 */                    }[0m
    [36m| [0m[34m|[0m /* 156.273 */                    assertCaughtUnexpectedE("@AssertThrows(api.NetworkException)", "api.NetworkException", e.toString())[0m
    [36m| [0m[34m|[0m /* 156.274 */                }[0m
    [36m| [0m[34m|[0m /* 156.275 */                [0m
    [36m| [0m[34m|[0m /* 156.276 */                expectEqual("dnsResolverTestReceiveTimedOut(noDns)", "true", dnsResolverTestReceiveTimedOut(noDns), true, isDelta: false)[0m
    [36m| [0m[34m|[0m /* 156.277 */            } finally {[0m
    [36m| [0m[34m|[0m /* 156.278 */                resolver.close()[0m
    [36m| [0m[34m|[0m /* 156.279 */            }[0m
    [36m| [0m[34m|[0m /* 156.280 */        } finally {[0m
    [36m| [0m[34m|[0m /* 156.281 */            server.close()[0m
    [36m| [0m[34m|[0m /* 156.282 */            let _ = removeIfExists(path)[0m
    [36m| [0m[34m|[0m /* 156.283 */        }[0m
    [36m| [0m[34m|[0m /* 156.284 */    }[0m
    [36m| [0m[34m|[0m /* 156.285 */    [0m
    [36m| [0m[34m|[0m /* 156.286 */    @Attribute[TestCase_33][0m
    [36m| [0m[34m|[0m /* 156.287 */    func hostsSnapshotRetainsOnlyUsableIpv6Zones(): Unit {[0m
    [36m| [0m[34m|[0m /* 156.288 */        let path = dnsResolverTestTempPath()[0m
    [36m| [0m[34m|[0m /* 156.289 */        try {[0m
    [36m| [0m[34m|[0m /* 156.290 */            File.writeTo(path,("fe80::1%eth0 scoped.test\n" + "fe80::2%4294967296 scoped.test\n" + "fe80::3%1 scoped.test\n" + "fe80::3%01 scoped.test\n" + "::1%000 scoped.test\n" + "::1 scoped.test\n").toArray())[0m
    [36m| [0m[34m|[0m /* 156.291 */            let resolver = Resolver(config: DnsResolverConfig(hostsPath: path))[0m
    [36m| [0m[34m|[0m /* 156.292 */            try {[0m
    [36m| [0m[34m|[0m /* 156.293 */                let result = resolver.resolve(api.HostName("scoped.test"), options: api.ResolveOptions(family: api.ResolveAddressFamily.Ipv6, maxResults: 2))[0m
    [36m| [0m[34m|[0m /* 156.294 */                expectEqual("result.addresses.size", "2", result.addresses.size, 2, isDelta: false)[0m
    [36m| [0m[34m|[0m /* 156.295 */                expectEqual("result.addresses[0].zone", "Some(\"1\")", result.addresses[0].zone, Some("1"), isDelta: false)[0m
    [36m| [0m[34m|[0m /* 156.296 */                expectEqual("result.addresses[0].toOctets()[15]", "3u8", result.addresses[0].toOctets()[15], 3u8, isDelta: false)[0m
    [36m| [0m[34m|[0m /* 156.297 */                expectEqual("result.addresses[result.addresses.size - 1].zone.isNone()", "true", result.addresses[result.addresses.size - 1].zone.isNone(), true, isDelta: false)[0m
    [36m| [0m[34m|[0m /* 156.298 */                expectEqual("result.addresses[1].toOctets()[15]", "1u8", result.addresses[1].toOctets()[15], 1u8, isDelta: false)[0m
    [36m| [0m[34m|[0m /* 156.299 */                expectEqual("dnsResolverTestHostsSource(result.source)", "true", dnsResolverTestHostsSource(result.source), true, isDelta: false)[0m
    [36m| [0m[34m|[0m /* 156.300 */            } finally {[0m
    [36m| [0m[34m|[0m /* 156.301 */                resolver.close()[0m
    [36m| [0m[34m|[0m /* 156.302 */            }[0m
    [36m| [0m[34m|[0m /* 156.303 */        } finally {[0m
    [36m| [0m[34m|[0m /* 156.304 */            let _ = removeIfExists(path)[0m
    [36m| [0m[34m|[0m /* 156.305 */        }[0m
    [36m| [0m[34m|[0m /* 156.306 */    }[0m
    [36m| [0m[34m|[0m /* 156.307 */    [0m
    [36m| [0m[34m|[0m /* 156.308 */    @Attribute[TestCase_34][0m
    [36m| [0m[34m|[0m /* 156.309 */    func hostsAliasesFilterFamiliesAndRemainSnapshotted(): Unit {[0m
    [36m| [0m[34m|[0m /* 156.310 */        let path = dnsResolverTestTempPath()[0m
    [36m| [0m[34m|[0m /* 156.311 */        try {[0m
    [36m| [0m[34m|[0m /* 156.312 */            File.writeTo(path,("127.0.0.2 primary-v4 alias-v4 mixed # v4 aliases\n" + "::1 primary-v6 alias-v6 mixed ; v6 aliases\n" + "010.0.0.7 rejected-alias\n").toArray())[0m
    [36m| [0m[34m|[0m /* 156.313 */            let config = DnsResolverConfig(hostsPath: path)[0m
    [36m| [0m[34m|[0m /* 156.314 */            let resolver = Resolver(config: config)[0m
    [36m| [0m[34m|[0m /* 156.315 */            try {[0m
    [36m| [0m[34m|[0m /* 156.316 */                File.writeTo(path, "127.0.0.9 alias-v4 mixed\n".toArray())[0m
    [36m| [0m[34m|[0m /* 156.317 */                let ipv4 = resolver.resolve(api.HostName("alias-v4"), options: api.ResolveOptions(family: api.ResolveAddressFamily.Ipv4))[0m
    [36m| [0m[34m|[0m /* 156.318 */                expectEqual("ipv4.addresses", "[dnsResolverTestIpv4(2u8)]", ipv4.addresses,[dnsResolverTestIpv4(2u8)], isDelta: false)[0m
    [36m| [0m[34m|[0m /* 156.319 */                expectEqual("ipv4.canonicalHost", "api.HostName(\"alias-v4\")", ipv4.canonicalHost, api.HostName("alias-v4"), isDelta: false)[0m
    [36m| [0m[34m|[0m /* 156.320 */                expectEqual("dnsResolverTestHostsSource(ipv4.source)", "true", dnsResolverTestHostsSource(ipv4.source), true, isDelta: false)[0m
    [36m| [0m[34m|[0m /* 156.321 */                expectEqual("ipv4.expiration.isNone()", "true", ipv4.expiration.isNone(), true, isDelta: false)[0m
    [36m| [0m[34m|[0m /* 156.322 */                let ipv6 = resolver.resolve(api.HostName("alias-v6"), options: api.ResolveOptions(family: api.ResolveAddressFamily.Ipv6))[0m
    [36m| [0m[34m|[0m /* 156.323 */                assertEqual("ipv6.addresses.size", "1", ipv6.addresses.size, 1, isDelta: false)[0m
    [36m| [0m[34m|[0m /* 156.324 */                expectEqual("dnsResolverTestFamilyIs(ipv6.addresses[0].family, api.IpAddressFamily.Ipv6)", "true", dnsResolverTestFamilyIs(ipv6.addresses[0].family, api.IpAddressFamily.Ipv6), true, isDelta: false)[0m
    [36m| [0m[34m|[0m /* 156.325 */                let mixedV4 = resolver.resolve(api.HostName("mixed"), options: api.ResolveOptions(family: api.ResolveAddressFamily.Ipv4))[0m
    [36m| [0m[34m|[0m /* 156.326 */                let mixedV6 = resolver.resolve(api.HostName("mixed"), options: api.ResolveOptions(family: api.ResolveAddressFamily.Ipv6))[0m
    [36m| [0m[34m|[0m /* 156.327 */                expectEqual("mixedV4.addresses", "[dnsResolverTestIpv4(2u8)]", mixedV4.addresses,[dnsResolverTestIpv4(2u8)], isDelta: false)[0m
    [36m| [0m[34m|[0m /* 156.328 */                assertEqual("mixedV6.addresses.size", "1", mixedV6.addresses.size, 1, isDelta: false)[0m
    [36m| [0m[34m|[0m /* 156.329 */                expectEqual("dnsResolverTestFamilyIs(mixedV6.addresses[0].family, api.IpAddressFamily.Ipv6)", "true", dnsResolverTestFamilyIs(mixedV6.addresses[0].family, api.IpAddressFamily.Ipv6), true, isDelta: false)[0m
    [36m| [0m[34m|[0m /* 156.330 */                let reloaded = Resolver(config: config)[0m
    [36m| [0m[34m|[0m /* 156.331 */                try {[0m
    [36m| [0m[34m|[0m /* 156.332 */                    expectEqual("reloaded.resolve(api.HostName(\"alias-v4\")).addresses", "[dnsResolverTestIpv4(9u8)]", reloaded.resolve(api.HostName("alias-v4")).addresses,[dnsResolverTestIpv4(9u8)], isDelta: false)[0m
    [36m| [0m[34m|[0m /* 156.333 */                } finally {[0m
    [36m| [0m[34m|[0m /* 156.334 */                    reloaded.close()[0m
    [36m| [0m[34m|[0m /* 156.335 */                }[0m
    [36m| [0m[34m|[0m /* 156.336 */            } finally {[0m
    [36m| [0m[34m|[0m /* 156.337 */                resolver.close()[0m
    [36m| [0m[34m|[0m /* 156.338 */            }[0m
    [36m| [0m[34m|[0m /* 156.339 */        } finally {[0m
    [36m| [0m[34m|[0m /* 156.340 */            let _ = removeIfExists(path)[0m
    [36m| [0m[34m|[0m /* 156.341 */        }[0m
    [36m| [0m[34m|[0m /* 156.342 */    }[0m
    [36m| [0m[34m|[0m /* 156.343 */    [0m
    [36m| [0m[34m|[0m /* 156.344 */    @Attribute[TestCase_35][0m
    [36m| [0m[34m|[0m /* 156.345 */    func trailingRootSkipsSearchWhileNdotsSelectsSearchOrAbsoluteFirst(): Unit {[0m
    [36m| [0m[34m|[0m /* 156.346 */        let server = UdpSocket.bind(dnsResolverTestLoopback(0u16))[0m
    [36m| [0m[34m|[0m /* 156.347 */        let endpoint = dnsResolverTestEndpoint(server)[0m
    [36m| [0m[34m|[0m /* 156.348 */        let searchFirst = Resolver(config: DnsResolverConfig(nameservers:[endpoint], searchDomains:[api.HostName("search.test")], ndots: 2, hostsPath: "", attempts: 1))[0m
    [36m| [0m[34m|[0m /* 156.349 */        let absoluteFirst = Resolver(config: DnsResolverConfig(nameservers:[endpoint], searchDomains:[api.HostName("search.test")], ndots: 1, hostsPath: "", attempts: 1))[0m
    [36m| [0m[34m|[0m /* 156.350 */        let serving: Future < Array < String >>= spawn { let names = ArrayList < String >()[0m
    [36m| [0m[34m|[0m /* 156.351 */            for(_ in 0 .. 3) {[0m
    [36m| [0m[34m|[0m /* 156.352 */                let received = server.receive(512, context: api.OperationContext(deadline: Some(api.Deadline.after(2 * Duration.second))))[0m
    [36m| [0m[34m|[0m /* 156.353 */                names.add(DnsMessageParser().parse(received.payload).questions[0].name)[0m
    [36m| [0m[34m|[0m /* 156.354 */                let header = received.payload.clone()[0m
    [36m| [0m[34m|[0m /* 156.355 */                header[2] = 0x81u8[0m
    [36m| [0m[34m|[0m /* 156.356 */                header[3] = 0x80u8[0m
    [36m| [0m[34m|[0m /* 156.357 */                header[7] = 1u8[0m
    [36m| [0m[34m|[0m /* 156.358 */                let response = ArrayList < Byte >()[0m
    [36m| [0m[34m|[0m /* 156.359 */                for(byte in header) {[0m
    [36m| [0m[34m|[0m /* 156.360 */                    response.add(byte)[0m
    [36m| [0m[34m|[0m /* 156.361 */                }[0m
    [36m| [0m[34m|[0m /* 156.362 */                for(byte in[0xC0u8, 0x0Cu8, 0u8, 1u8, 0u8, 1u8, 0u8, 0u8, 0u8, 0u8, 0u8, 4u8, 127u8, 0u8, 0u8, 42u8]) {[0m
    [36m| [0m[34m|[0m /* 156.363 */                    response.add(byte)[0m
    [36m| [0m[34m|[0m /* 156.364 */                }[0m
    [36m| [0m[34m|[0m /* 156.365 */                let _ = server.sendTo(received.source.getOrThrow(), api.ByteSpan(response.toArray()), context: api.OperationContext(deadline: Some(api.Deadline.after(Duration.second))))[0m
    [36m| [0m[34m|[0m /* 156.366 */            }[0m
    [36m| [0m[34m|[0m /* 156.367 */            names.toArray()[0m
    [36m| [0m[34m|[0m /* 156.368 */        }[0m
    [36m| [0m[34m|[0m /* 156.369 */        let options = api.ResolveOptions(family: api.ResolveAddressFamily.Ipv4)[0m
    [36m| [0m[34m|[0m /* 156.370 */        try {[0m
    [36m| [0m[34m|[0m /* 156.371 */            let expanded = searchFirst.resolve("service", options: options)[0m
    [36m| [0m[34m|[0m /* 156.372 */            expectEqual("expanded.canonicalHost", "api.HostName(\"service.search.test\")", expanded.canonicalHost, api.HostName("service.search.test"), isDelta: false)[0m
    [36m| [0m[34m|[0m /* 156.373 */            let rooted = searchFirst.resolve("service.", options: options)[0m
    [36m| [0m[34m|[0m /* 156.374 */            expectEqual("rooted.canonicalHost", "api.HostName(\"service\")", rooted.canonicalHost, api.HostName("service"), isDelta: false)[0m
    [36m| [0m[34m|[0m /* 156.375 */            let absolute = absoluteFirst.resolve("db.prod", options: options)[0m
    [36m| [0m[34m|[0m /* 156.376 */            expectEqual("absolute.canonicalHost", "api.HostName(\"db.prod\")", absolute.canonicalHost, api.HostName("db.prod"), isDelta: false)[0m
    [36m| [0m[34m|[0m /* 156.377 */            expectEqual("expanded.addresses", "[dnsResolverTestIpv4(42u8)]", expanded.addresses,[dnsResolverTestIpv4(42u8)], isDelta: false)[0m
    [36m| [0m[34m|[0m /* 156.378 */            expectEqual("serving.get(Duration.second)", "[\"service.search.test\", \"service\", \"db.prod\"]", serving.get(Duration.second),["service.search.test", "service", "db.prod"], isDelta: false)[0m
    [36m| [0m[34m|[0m /* 156.379 */        } finally {[0m
    [36m| [0m[34m|[0m /* 156.380 */            searchFirst.close()[0m
    [36m| [0m[34m|[0m /* 156.381 */            absoluteFirst.close()[0m
    [36m| [0m[34m|[0m /* 156.382 */            server.close()[0m
    [36m| [0m[34m|[0m /* 156.383 */            try {[0m
    [36m| [0m[34m|[0m /* 156.384 */                let _ = serving.get(Duration.second)[0m
    [36m| [0m[34m|[0m /* 156.385 */            } catch(_: Exception) {[0m
    [36m| [0m[34m|[0m /* 156.386 */            }[0m
    [36m| [0m[34m|[0m /* 156.387 */        }[0m
    [36m| [0m[34m|[0m /* 156.388 */    }[0m
    [36m| [0m[34m|[0m /* 156.389 */    [0m
    [36m| [0m[34m|[0m /* 156.390 */    @Attribute[TestCase_36][0m
    [36m| [0m[34m|[0m /* 156.391 */    func exactHostsEntryWinsBeforeSearchSuffixDns(): Unit {[0m
    [36m| [0m[34m|[0m /* 156.392 */        let path = dnsResolverTestTempPath()[0m
    [36m| [0m[34m|[0m /* 156.393 */        let dnsServer = UdpSocket.bind(dnsResolverTestLoopback(0u16))[0m
    [36m| [0m[34m|[0m /* 156.394 */        File.writeTo(path, "127.0.0.21 precedence.test\n".toArray())[0m
    [36m| [0m[34m|[0m /* 156.395 */        let resolver = Resolver(config: DnsResolverConfig(nameservers:[dnsResolverTestEndpoint(dnsServer)], searchDomains:[api.HostName("search.test")], ndots: 2, hostsPath: path, queryTimeout: Duration.second, attempts: 1))[0m
    [36m| [0m[34m|[0m /* 156.396 */        let serving: Future < Int64 >= spawn { try {[0m
    [36m| [0m[34m|[0m /* 156.397 */            let received = dnsServer.receive(512, context: api.OperationContext(deadline: Some(api.Deadline.after(200 * Duration.millisecond))))[0m
    [36m| [0m[34m|[0m /* 156.398 */            let _ = dnsServer.sendTo(received.source.getOrThrow(), api.ByteSpan(dnsResolverTestNxdomain(received.payload)), context: api.OperationContext(deadline: Some(api.Deadline.after(Duration.second))))[0m
    [36m| [0m[34m|[0m /* 156.399 */            1[0m
    [36m| [0m[34m|[0m /* 156.400 */        } catch(error: api.NetworkException) {[0m
    [36m| [0m[34m|[0m /* 156.401 */            if(dnsResolverTestReceiveTimedOut(error)) {[0m
    [36m| [0m[34m|[0m /* 156.402 */                0[0m
    [36m| [0m[34m|[0m /* 156.403 */            }[0m
    [36m| [0m[34m|[0m /* 156.404 */            else {[0m
    [36m| [0m[34m|[0m /* 156.405 */                throw error[0m
    [36m| [0m[34m|[0m /* 156.406 */            }[0m
    [36m| [0m[34m|[0m /* 156.407 */        }[0m
    [36m| [0m[34m|[0m /* 156.408 */    }[0m
    [36m| [0m[34m|[0m /* 156.409 */    try {[0m
    [36m| [0m[34m|[0m /* 156.410 */        let result = resolver.resolve("precedence.test", options: api.ResolveOptions(family: api.ResolveAddressFamily.Ipv4))[0m
    [36m| [0m[34m|[0m /* 156.411 */        expectEqual("result.addresses", "[dnsResolverTestIpv4(21u8)]", result.addresses,[dnsResolverTestIpv4(21u8)], isDelta: false)[0m
    [36m| [0m[34m|[0m /* 156.412 */        expectEqual("result.canonicalHost", "api.HostName(\"precedence.test\")", result.canonicalHost, api.HostName("precedence.test"), isDelta: false)[0m
    [36m| [0m[34m|[0m /* 156.413 */        expectEqual("dnsResolverTestHostsSource(result.source)", "true", dnsResolverTestHostsSource(result.source), true, isDelta: false)[0m
    [36m| [0m[34m|[0m /* 156.414 */        expectEqual("serving.get(Duration.second)", "0", serving.get(Duration.second), 0, isDelta: false)[0m
    [36m| [0m[34m|[0m /* 156.415 */    } finally {[0m
    [36m| [0m[34m|[0m /* 156.416 */        resolver.close()[0m
    [36m| [0m[34m|[0m /* 156.417 */        dnsServer.close()[0m
    [36m| [0m[34m|[0m /* 156.418 */        try {[0m
    [36m| [0m[34m|[0m /* 156.419 */            let _ = serving.get(Duration.second)[0m
    [36m| [0m[34m|[0m /* 156.420 */        } catch(_: Exception) {[0m
    [36m| [0m[34m|[0m /* 156.421 */        }[0m
    [36m| [0m[34m|[0m /* 156.422 */        let _ = removeIfExists(path)[0m
    [36m| [0m[34m|[0m /* 156.423 */    }[0m
    [36m| [0m[34m|[0m /* 156.424 */}[0m
    [36m| [0m[34m|[0m /* 156.425 */[0m
    [36m| [0m[34m|[0m /* 156.426 */@Attribute[TestCase_37][0m
    [36m| [0m[34m|[0m /* 156.427 */func cancelledExpiredAndClosedCallsRetainPublicResolveClassifications(): Unit {[0m
    [36m| [0m[34m|[0m /* 156.428 */    let path = dnsResolverTestTempPath()[0m
    [36m| [0m[34m|[0m /* 156.429 */    try {[0m
    [36m| [0m[34m|[0m /* 156.430 */        File.writeTo(path, "127.0.0.20 lifecycle.test\n".toArray())[0m
    [36m| [0m[34m|[0m /* 156.431 */        let resolver = Resolver(config: DnsResolverConfig(hostsPath: path))[0m
    [36m| [0m[34m|[0m /* 156.432 */        try {[0m
    [36m| [0m[34m|[0m /* 156.433 */            let cancellation = api.CancellationSource()[0m
    [36m| [0m[34m|[0m /* 156.434 */            cancellation.cancel()[0m
    [36m| [0m[34m|[0m /* 156.435 */            let cancelled = dnsResolverTestResolveError({ =>[0m
    [36m| [0m[34m|[0m /* 156.436 */                let _ = resolver.resolve(api.HostName("lifecycle.test"), context: api.OperationContext(cancellation: cancellation.token))[0m
    [36m| [0m[34m|[0m /* 156.437 */            })[0m
    [36m| [0m[34m|[0m /* 156.438 */            expectEqual("dnsResolverTestResolveErrorIs(cancelled, api.ResolveErrorCode.Cancelled)", "true", dnsResolverTestResolveErrorIs(cancelled, api.ResolveErrorCode.Cancelled), true, isDelta: false)[0m
    [36m| [0m[34m|[0m /* 156.439 */            let expired = dnsResolverTestResolveError({ =>[0m
    [36m| [0m[34m|[0m /* 156.440 */                let _ = resolver.resolve(api.HostName("lifecycle.test"), context: api.OperationContext(deadline: Some(api.Deadline.after(Duration.Zero))))[0m
    [36m| [0m[34m|[0m /* 156.441 */            })[0m
    [36m| [0m[34m|[0m /* 156.442 */            expectEqual("dnsResolverTestResolveErrorIs(expired, api.ResolveErrorCode.Timeout)", "true", dnsResolverTestResolveErrorIs(expired, api.ResolveErrorCode.Timeout), true, isDelta: false)[0m
    [36m| [0m[34m|[0m /* 156.443 */            resolver.close()[0m
    [36m| [0m[34m|[0m /* 156.444 */            expectEqual("resolver.isClosed()", "true", resolver.isClosed(), true, isDelta: false)[0m
    [36m| [0m[34m|[0m /* 156.445 */            let closed = dnsResolverTestResolveError({ =>[0m
    [36m| [0m[34m|[0m /* 156.446 */                let _ = resolver.resolve(api.HostName("lifecycle.test"))[0m
    [36m| [0m[34m|[0m /* 156.447 */            })[0m
    [36m| [0m[34m|[0m /* 156.448 */            expectEqual("dnsResolverTestResolveErrorIs(closed, api.ResolveErrorCode.Cancelled)", "true", dnsResolverTestResolveErrorIs(closed, api.ResolveErrorCode.Cancelled), true, isDelta: false)[0m
    [36m| [0m[34m|[0m /* 156.449 */        } finally {[0m
    [36m| [0m[34m|[0m /* 156.450 */            resolver.close()[0m
    [36m| [0m[34m|[0m /* 156.451 */        }[0m
    [36m| [0m[34m|[0m /* 156.452 */    } finally {[0m
    [36m| [0m[34m|[0m /* 156.453 */        let _ = removeIfExists(path)[0m
    [36m| [0m[34m|[0m /* 156.454 */    }[0m
    [36m| [0m[34m|[0m /* 156.455 */}[0m
    [36m| [0m[34m|[0m /* 156.456 */[0m
    [36m| [0m[34m|[0m /* 156.457 */@Attribute[TestCase_38][0m
    [36m| [0m[34m|[0m /* 156.458 */func connectUsesHostsMappingForANativeListenerExchange(): Unit {[0m
    [36m| [0m[34m|[0m /* 156.459 */    let path = dnsResolverTestTempPath()[0m
    [36m| [0m[34m|[0m /* 156.460 */    let listener = TcpListener.bind(dnsResolverTestLoopback(0u16), backlog: 2)[0m
    [36m| [0m[34m|[0m /* 156.461 */    File.writeTo(path, "127.0.0.1 native-connect.test\n".toArray())[0m
    [36m| [0m[34m|[0m /* 156.462 */    let resolver = Resolver(config: DnsResolverConfig(hostsPath: path, queryTimeout: 500 * Duration.millisecond))[0m
    [36m| [0m[34m|[0m /* 156.463 */    let clock = DnsResolverTestClock(MonoTime.now())[0m
    [36m| [0m[34m|[0m /* 156.464 */    let sink = DnsResolverDeadlineSink(clock)[0m
    [36m| [0m[34m|[0m /* 156.465 */    let request =[0x10u8, 0x20u8, 0x30u8][0m
    [36m| [0m[34m|[0m /* 156.466 */    let response =[0xA0u8, 0xB0u8][0m
    [36m| [0m[34m|[0m /* 156.467 */    let serving: Future < Bool >= spawn { let peer = listener.accept(context: api.OperationContext(deadline: Some(api.Deadline.after(2 * Duration.second))))[0m
    [36m| [0m[34m|[0m /* 156.468 */        try {[0m
    [36m| [0m[34m|[0m /* 156.469 */            let received = Array < Byte >(request.size, repeat: 0u8)[0m
    [36m| [0m[34m|[0m /* 156.470 */            peer.readExact(api.MutableByteSpan(received), context: api.OperationContext(deadline: Some(api.Deadline.after(Duration.second))))[0m
    [36m| [0m[34m|[0m /* 156.471 */            peer.writeAll(api.ByteSpan(response), context: api.OperationContext(deadline: Some(api.Deadline.after(Duration.second))))[0m
    [36m| [0m[34m|[0m /* 156.472 */            received == request[0m
    [36m| [0m[34m|[0m /* 156.473 */        } finally {[0m
    [36m| [0m[34m|[0m /* 156.474 */            peer.close()[0m
    [36m| [0m[34m|[0m /* 156.475 */        }[0m
    [36m| [0m[34m|[0m /* 156.476 */    }[0m
    [36m| [0m[34m|[0m /* 156.477 */    var connected:?api.DuplexTransport = None < api.DuplexTransport >[0m
    [36m| [0m[34m|[0m /* 156.478 */    try {[0m
    [36m| [0m[34m|[0m /* 156.479 */        let transport = resolver.connect(api.HostName("native-connect.test"), listener.localEndpoint.port, attemptDelay: Duration.Zero, context: api.OperationContext(deadline: Some(api.Deadline.after(2 * Duration.second, clock: clock)), eventSink: Some(sink)))[0m
    [36m| [0m[34m|[0m /* 156.480 */        connected = Some(transport)[0m
    [36m| [0m[34m|[0m /* 156.481 */        match(transport.info.remoteEndpoint) {[0m
    [36m| [0m[34m|[0m /* 156.482 */            case Some(endpoint) => expectEqual("endpoint", "listener.localEndpoint", endpoint, listener.localEndpoint, isDelta: false)[0m
    [36m| [0m[34m|[0m /* 156.483 */            case _ => fail("connected transport did not expose its Internet peer")[0m
    [36m| [0m[34m|[0m /* 156.484 */        }[0m
    [36m| [0m[34m|[0m /* 156.485 */        api.writeAll(transport, api.ByteSpan(request), context: api.OperationContext(deadline: Some(api.Deadline.after(Duration.second))))[0m
    [36m| [0m[34m|[0m /* 156.486 */        let received = Array < Byte >(response.size, repeat: 0u8)[0m
    [36m| [0m[34m|[0m /* 156.487 */        api.readExact(transport, api.MutableByteSpan(received), context: api.OperationContext(deadline: Some(api.Deadline.after(Duration.second))))[0m
    [36m| [0m[34m|[0m /* 156.488 */        expectEqual("received", "response", received, response, isDelta: false)[0m
    [36m| [0m[34m|[0m /* 156.489 */        expectEqual("serving.get(Duration.second)", "true", serving.get(Duration.second), true, isDelta: false)[0m
    [36m| [0m[34m|[0m /* 156.490 */    } finally {[0m
    [36m| [0m[34m|[0m /* 156.491 */        match(connected) {[0m
    [36m| [0m[34m|[0m /* 156.492 */            case Some(transport) => transport.close(api.OperationContext.background())[0m
    [36m| [0m[34m|[0m /* 156.493 */            case None =>()[0m
    [36m| [0m[34m|[0m /* 156.494 */        }[0m
    [36m| [0m[34m|[0m /* 156.495 */        listener.close()[0m
    [36m| [0m[34m|[0m /* 156.496 */        try {[0m
    [36m| [0m[34m|[0m /* 156.497 */            let _ = serving.get(Duration.second)[0m
    [36m| [0m[34m|[0m /* 156.498 */        } catch(_: Exception) {[0m
    [36m| [0m[34m|[0m /* 156.499 */        }[0m
    [36m| [0m[34m|[0m /* 156.500 */        resolver.close()[0m
    [36m| [0m[34m|[0m /* 156.501 */        let _ = removeIfExists(path)[0m
    [36m| [0m[34m|[0m /* 156.502 */    }[0m
    [36m| [0m[34m|[0m /* 156.503 */}[0m
    [36m| [0m[34m|[0m /* 156.504 */[0m
    [36m| [0m[34m|[0m /* 156.505 */@Attribute[TestCase_39][0m
    [36m| [0m[34m|[0m /* 156.506 */func resolverConnectCarriesOneAbsoluteDeadlineIntoNativeTcpAdmission(): Unit {[0m
    [36m| [0m[34m|[0m /* 156.507 */    let path = dnsResolverTestTempPath()[0m
    [36m| [0m[34m|[0m /* 156.508 */    let listener = TcpListener.bind(dnsResolverTestLoopback(0u16), backlog: 1)[0m
    [36m| [0m[34m|[0m /* 156.509 */    File.writeTo(path, "127.0.0.1 deadline-connect.test\n".toArray())[0m
    [36m| [0m[34m|[0m /* 156.510 */    let resolver = Resolver(config: DnsResolverConfig(hostsPath: path, queryTimeout: 5 * Duration.second))[0m
    [36m| [0m[34m|[0m /* 156.511 */    let clock = DnsResolverTestClock(MonoTime.now())[0m
    [36m| [0m[34m|[0m /* 156.512 */    let sink = DnsResolverDeadlineSink(clock)[0m
    [36m| [0m[34m|[0m /* 156.513 */    try {[0m
    [36m| [0m[34m|[0m /* 156.514 */        let error = try {[0m
    [36m| [0m[34m|[0m /* 156.515 */            let transport = resolver.connect(api.HostName("deadline-connect.test"), listener.localEndpoint.port, attemptDelay: Duration.Zero, context: api.OperationContext(deadline: Some(api.Deadline.after(Duration.second, clock: clock)), eventSink: Some(sink)))[0m
    [36m| [0m[34m|[0m /* 156.516 */            transport.close(api.OperationContext.background())[0m
    [36m| [0m[34m|[0m /* 156.517 */            fail("expired total deadline unexpectedly published a connected transport")[0m
    [36m| [0m[34m|[0m /* 156.518 */        } catch(value: api.NetworkException) {[0m
    [36m| [0m[34m|[0m /* 156.519 */            value[0m
    [36m| [0m[34m|[0m /* 156.520 */        }[0m
    [36m| [0m[34m|[0m /* 156.521 */        [0m
    [36m| [0m[34m|[0m /* 156.522 */        expectEqual("dnsResolverTestConnectTimeout(error)", "true", dnsResolverTestConnectTimeout(error), true, isDelta: false)[0m
    [36m| [0m[34m|[0m /* 156.523 */        expectEqual("sink.dnsCompletions", "1", sink.dnsCompletions, 1, isDelta: false)[0m
    [36m| [0m[34m|[0m /* 156.524 */        expectEqual("sink.connectStarts", "1", sink.connectStarts, 1, isDelta: false)[0m
    [36m| [0m[34m|[0m /* 156.525 */    } finally {[0m
    [36m| [0m[34m|[0m /* 156.526 */        resolver.close()[0m
    [36m| [0m[34m|[0m /* 156.527 */        listener.close()[0m
    [36m| [0m[34m|[0m /* 156.528 */        let _ = removeIfExists(path)[0m
    [36m| [0m[34m|[0m /* 156.529 */    }[0m
    [36m| [0m[34m|[0m /* 156.530 */}[0m
    [36m| [0m[34m|[0m /* 156.531 */[0m
    [36m| [0m[34m|[0m /* 156.532 */init() {[0m
    [36m| [0m[34m|[0m /* 156.533 */}[0m
    [36m| [0m[34m|[0m /* 156.534 */private func classConfiguration(): Configuration {[0m
    [36m| [0m[34m|[0m /* 156.535 */    let configuration = Configuration()[0m
    [36m| [0m[34m|[0m /* 156.536 */    [0m
    [36m| [0m[34m|[0m /* 156.537 */    return configuration[0m
    [36m| [0m[34m|[0m /* 156.538 */}[0m
    [36m| [0m[34m|[0m /* 156.539 */public override func asTestSuite(): TestSuite {[0m
    [36m| [0m[34m|[0m /* 156.540 */    [0m
    [36m| [0m[34m|[0m /* 156.541 */    let suiteConfiguration = classConfiguration()[0m
    [36m| [0m[34m|[0m /* 156.542 */    let suiteBuilder = TestSuite.builder("DnsResolverPolicyTest").configure(suiteConfiguration)[0m
    [36m| [0m[34m|[0m /* 156.543 */    [0m
    [36m| [0m[34m|[0m /* 156.544 */    { => let caseConfig = Configuration()[0m
    [36m| [0m[34m|[0m /* 156.545 */        [0m
    [36m| [0m[34m|[0m /* 156.546 */        let fromSystemParsesTabsCommentsLastSearchAndClampedNdotsTestFunc = { => fromSystemParsesTabsCommentsLastSearchAndClampedNdots();() }[0m
    [36m| [0m[34m|[0m /* 156.547 */        suiteBuilder.add([0m
    [36m| [0m[34m|[0m /* 156.548 */        UnitTestCase.create([0m
    [36m| [0m[34m|[0m /* 156.549 */        "fromSystemParsesTabsCommentsLastSearchAndClampedNdots",[0m
    [36m| [0m[34m|[0m /* 156.550 */        configuration: caseConfig,[0m
    [36m| [0m[34m|[0m /* 156.551 */        body: fromSystemParsesTabsCommentsLastSearchAndClampedNdotsTestFunc[0m
    [36m| [0m[34m|[0m /* 156.552 */        )[0m
    [36m| [0m[34m|[0m /* 156.553 */        )[0m
    [36m| [0m[34m|[0m /* 156.554 */        [0m
    [36m| [0m[34m|[0m /* 156.555 */    }()[0m
    [36m| [0m[34m|[0m /* 156.556 */    [0m
    [36m| [0m[34m|[0m /* 156.557 */    [0m
    [36m| [0m[34m|[0m /* 156.558 */    { => let caseConfig = Configuration()[0m
    [36m| [0m[34m|[0m /* 156.559 */        [0m
    [36m| [0m[34m|[0m /* 156.560 */        let directConfigRejectsUnsupportedNameserverZonesBeforeQueriesTestFunc = { => directConfigRejectsUnsupportedNameserverZonesBeforeQueries();() }[0m
    [36m| [0m[34m|[0m /* 156.561 */        suiteBuilder.add([0m
    [36m| [0m[34m|[0m /* 156.562 */        UnitTestCase.create([0m
    [36m| [0m[34m|[0m /* 156.563 */        "directConfigRejectsUnsupportedNameserverZonesBeforeQueries",[0m
    [36m| [0m[34m|[0m /* 156.564 */        configuration: caseConfig,[0m
    [36m| [0m[34m|[0m /* 156.565 */        body: directConfigRejectsUnsupportedNameserverZonesBeforeQueriesTestFunc[0m
    [36m| [0m[34m|[0m /* 156.566 */        )[0m
    [36m| [0m[34m|[0m /* 156.567 */        )[0m
    [36m| [0m[34m|[0m /* 156.568 */        [0m
    [36m| [0m[34m|[0m /* 156.569 */    }()[0m
    [36m| [0m[34m|[0m /* 156.570 */    [0m
    [36m| [0m[34m|[0m /* 156.571 */    [0m
    [36m| [0m[34m|[0m /* 156.572 */    { => let caseConfig = Configuration()[0m
    [36m| [0m[34m|[0m /* 156.573 */        [0m
    [36m| [0m[34m|[0m /* 156.574 */        let numericNameserverZonesUseCanonicalEndpointIdentityTestFunc = { => numericNameserverZonesUseCanonicalEndpointIdentity();() }[0m
    [36m| [0m[34m|[0m /* 156.575 */        suiteBuilder.add([0m
    [36m| [0m[34m|[0m /* 156.576 */        UnitTestCase.create([0m
    [36m| [0m[34m|[0m /* 156.577 */        "numericNameserverZonesUseCanonicalEndpointIdentity",[0m
    [36m| [0m[34m|[0m /* 156.578 */        configuration: caseConfig,[0m
    [36m| [0m[34m|[0m /* 156.579 */        body: numericNameserverZonesUseCanonicalEndpointIdentityTestFunc[0m
    [36m| [0m[34m|[0m /* 156.580 */        )[0m
    [36m| [0m[34m|[0m /* 156.581 */        )[0m
    [36m| [0m[34m|[0m /* 156.582 */        [0m
    [36m| [0m[34m|[0m /* 156.583 */    }()[0m
    [36m| [0m[34m|[0m /* 156.584 */    [0m
    [36m| [0m[34m|[0m /* 156.585 */    [0m
    [36m| [0m[34m|[0m /* 156.586 */    { => let caseConfig = Configuration()[0m
    [36m| [0m[34m|[0m /* 156.587 */        [0m
    [36m| [0m[34m|[0m /* 156.588 */        let systemNameserversRetainOnlySupportedNumericZonesTestFunc = { => systemNameserversRetainOnlySupportedNumericZones();() }[0m
    [36m| [0m[34m|[0m /* 156.589 */        suiteBuilder.add([0m
    [36m| [0m[34m|[0m /* 156.590 */        UnitTestCase.create([0m
    [36m| [0m[34m|[0m /* 156.591 */        "systemNameserversRetainOnlySupportedNumericZones",[0m
    [36m| [0m[34m|[0m /* 156.592 */        configuration: caseConfig,[0m
    [36m| [0m[34m|[0m /* 156.593 */        body: systemNameserversRetainOnlySupportedNumericZonesTestFunc[0m
    [36m| [0m[34m|[0m /* 156.594 */        )[0m
    [36m| [0m[34m|[0m /* 156.595 */        )[0m
    [36m| [0m[34m|[0m /* 156.596 */        [0m
    [36m| [0m[34m|[0m /* 156.597 */    }()[0m
    [36m| [0m[34m|[0m /* 156.598 */    [0m
    [36m| [0m[34m|[0m /* 156.599 */    [0m
    [36m| [0m[34m|[0m /* 156.600 */    { => let caseConfig = Configuration()[0m
    [36m| [0m[34m|[0m /* 156.601 */        [0m
    [36m| [0m[34m|[0m /* 156.602 */        let equivalentNameserverScopesDoNotConsumeTheServerLimitTestFunc = { => equivalentNameserverScopesDoNotConsumeTheServerLimit();() }[0m
    [36m| [0m[34m|[0m /* 156.603 */        suiteBuilder.add([0m
    [36m| [0m[34m|[0m /* 156.604 */        UnitTestCase.create([0m
    [36m| [0m[34m|[0m /* 156.605 */        "equivalentNameserverScopesDoNotConsumeTheServerLimit",[0m
    [36m| [0m[34m|[0m /* 156.606 */        configuration: caseConfig,[0m
    [36m| [0m[34m|[0m /* 156.607 */        body: equivalentNameserverScopesDoNotConsumeTheServerLimitTestFunc[0m
    [36m| [0m[34m|[0m /* 156.608 */        )[0m
    [36m| [0m[34m|[0m /* 156.609 */        )[0m
    [36m| [0m[34m|[0m /* 156.610 */        [0m
    [36m| [0m[34m|[0m /* 156.611 */    }()[0m
    [36m| [0m[34m|[0m /* 156.612 */    [0m
    [36m| [0m[34m|[0m /* 156.613 */    [0m
    [36m| [0m[34m|[0m /* 156.614 */    { => let caseConfig = Configuration()[0m
    [36m| [0m[34m|[0m /* 156.615 */        [0m
    [36m| [0m[34m|[0m /* 156.616 */        let configOwnsInputArraysAndReturnsDefensiveCopiesTestFunc = { => configOwnsInputArraysAndReturnsDefensiveCopies();() }[0m
    [36m| [0m[34m|[0m /* 156.617 */        suiteBuilder.add([0m
    [36m| [0m[34m|[0m /* 156.618 */        UnitTestCase.create([0m
    [36m| [0m[34m|[0m /* 156.619 */        "configOwnsInputArraysAndReturnsDefensiveCopies",[0m
    [36m| [0m[34m|[0m /* 156.620 */        configuration: caseConfig,[0m
    [36m| [0m[34m|[0m /* 156.621 */        body: configOwnsInputArraysAndReturnsDefensiveCopiesTestFunc[0m
    [36m| [0m[34m|[0m /* 156.622 */        )[0m
    [36m| [0m[34m|[0m /* 156.623 */        )[0m
    [36m| [0m[34m|[0m /* 156.624 */        [0m
    [36m| [0m[34m|[0m /* 156.625 */    }()[0m
    [36m| [0m[34m|[0m /* 156.626 */    [0m
    [36m| [0m[34m|[0m /* 156.627 */    [0m
    [36m| [0m[34m|[0m /* 156.628 */    { => let caseConfig = Configuration()[0m
    [36m| [0m[34m|[0m /* 156.629 */        [0m
    [36m| [0m[34m|[0m /* 156.630 */        let adoptedClientRequiresMatchingConfigurationWithoutTakingRejectedOwnershipTestFunc = { => adoptedClientRequiresMatchingConfigurationWithoutTakingRejectedOwnership();() }[0m
    [36m| [0m[34m|[0m /* 156.631 */        suiteBuilder.add([0m
    [36m| [0m[34m|[0m /* 156.632 */        UnitTestCase.create([0m
    [36m| [0m[34m|[0m /* 156.633 */        "adoptedClientRequiresMatchingConfigurationWithoutTakingRejectedOwnership",[0m
    [36m| [0m[34m|[0m /* 156.634 */        configuration: caseConfig,[0m
    [36m| [0m[34m|[0m /* 156.635 */        body: adoptedClientRequiresMatchingConfigurationWithoutTakingRejectedOwnershipTestFunc[0m
    [36m| [0m[34m|[0m /* 156.636 */        )[0m
    [36m| [0m[34m|[0m /* 156.637 */        )[0m
    [36m| [0m[34m|[0m /* 156.638 */        [0m
    [36m| [0m[34m|[0m /* 156.639 */    }()[0m
    [36m| [0m[34m|[0m /* 156.640 */    [0m
    [36m| [0m[34m|[0m /* 156.641 */    [0m
    [36m| [0m[34m|[0m /* 156.642 */    { => let caseConfig = Configuration()[0m
    [36m| [0m[34m|[0m /* 156.643 */        [0m
    [36m| [0m[34m|[0m /* 156.644 */        let systemFilesFailClosedWhenMissingOversizedOrNonregularTestFunc = { => systemFilesFailClosedWhenMissingOversizedOrNonregular();() }[0m
    [36m| [0m[34m|[0m /* 156.645 */        suiteBuilder.add([0m
    [36m| [0m[34m|[0m /* 156.646 */        UnitTestCase.create([0m
    [36m| [0m[34m|[0m /* 156.647 */        "systemFilesFailClosedWhenMissingOversizedOrNonregular",[0m
    [36m| [0m[34m|[0m /* 156.648 */        configuration: caseConfig,[0m
    [36m| [0m[34m|[0m /* 156.649 */        body: systemFilesFailClosedWhenMissingOversizedOrNonregularTestFunc[0m
    [36m| [0m[34m|[0m /* 156.650 */        )[0m
    [36m| [0m[34m|[0m /* 156.651 */        )[0m
    [36m| [0m[34m|[0m /* 156.652 */        [0m
    [36m| [0m[34m|[0m /* 156.653 */    }()[0m
    [36m| [0m[34m|[0m /* 156.654 */    [0m
    [36m| [0m[34m|[0m /* 156.655 */    [0m
    [36m| [0m[34m|[0m /* 156.656 */    { => let caseConfig = Configuration()[0m
    [36m| [0m[34m|[0m /* 156.657 */        [0m
    [36m| [0m[34m|[0m /* 156.658 */        let ipv4LiteralsBypassHostsSearchAndNameserversTestFunc = { => ipv4LiteralsBypassHostsSearchAndNameservers();() }[0m
    [36m| [0m[34m|[0m /* 156.659 */        suiteBuilder.add([0m
    [36m| [0m[34m|[0m /* 156.660 */        UnitTestCase.create([0m
    [36m| [0m[34m|[0m /* 156.661 */        "ipv4LiteralsBypassHostsSearchAndNameservers",[0m
    [36m| [0m[34m|[0m /* 156.662 */        configuration: caseConfig,[0m
    [36m| [0m[34m|[0m /* 156.663 */        body: ipv4LiteralsBypassHostsSearchAndNameserversTestFunc[0m
    [36m| [0m[34m|[0m /* 156.664 */        )[0m
    [36m| [0m[34m|[0m /* 156.665 */        )[0m
    [36m| [0m[34m|[0m /* 156.666 */        [0m
    [36m| [0m[34m|[0m /* 156.667 */    }()[0m
    [36m| [0m[34m|[0m /* 156.668 */    [0m
    [36m| [0m[34m|[0m /* 156.669 */    [0m
    [36m| [0m[34m|[0m /* 156.670 */    { => let caseConfig = Configuration()[0m
    [36m| [0m[34m|[0m /* 156.671 */        [0m
    [36m| [0m[34m|[0m /* 156.672 */        let hostsSnapshotRetainsOnlyUsableIpv6ZonesTestFunc = { => hostsSnapshotRetainsOnlyUsableIpv6Zones();() }[0m
    [36m| [0m[34m|[0m /* 156.673 */        suiteBuilder.add([0m
    [36m| [0m[34m|[0m /* 156.674 */        UnitTestCase.create([0m
    [36m| [0m[34m|[0m /* 156.675 */        "hostsSnapshotRetainsOnlyUsableIpv6Zones",[0m
    [36m| [0m[34m|[0m /* 156.676 */        configuration: caseConfig,[0m
    [36m| [0m[34m|[0m /* 156.677 */        body: hostsSnapshotRetainsOnlyUsableIpv6ZonesTestFunc[0m
    [36m| [0m[34m|[0m /* 156.678 */        )[0m
    [36m| [0m[34m|[0m /* 156.679 */        )[0m
    [36m| [0m[34m|[0m /* 156.680 */        [0m
    [36m| [0m[34m|[0m /* 156.681 */    }()[0m
    [36m| [0m[34m|[0m /* 156.682 */    [0m
    [36m| [0m[34m|[0m /* 156.683 */    [0m
    [36m| [0m[34m|[0m /* 156.684 */    { => let caseConfig = Configuration()[0m
    [36m| [0m[34m|[0m /* 156.685 */        [0m
    [36m| [0m[34m|[0m /* 156.686 */        let hostsAliasesFilterFamiliesAndRemainSnapshottedTestFunc = { => hostsAliasesFilterFamiliesAndRemainSnapshotted();() }[0m
    [36m| [0m[34m|[0m /* 156.687 */        suiteBuilder.add([0m
    [36m| [0m[34m|[0m /* 156.688 */        UnitTestCase.create([0m
    [36m| [0m[34m|[0m /* 156.689 */        "hostsAliasesFilterFamiliesAndRemainSnapshotted",[0m
    [36m| [0m[34m|[0m /* 156.690 */        configuration: caseConfig,[0m
    [36m| [0m[34m|[0m /* 156.691 */        body: hostsAliasesFilterFamiliesAndRemainSnapshottedTestFunc[0m
    [36m| [0m[34m|[0m /* 156.692 */        )[0m
    [36m| [0m[34m|[0m /* 156.693 */        )[0m
    [36m| [0m[34m|[0m /* 156.694 */        [0m
    [36m| [0m[34m|[0m /* 156.695 */    }()[0m
    [36m| [0m[34m|[0m /* 156.696 */    [0m
    [36m| [0m[34m|[0m /* 156.697 */    [0m
    [36m| [0m[34m|[0m /* 156.698 */    { => let caseConfig = Configuration()[0m
    [36m| [0m[34m|[0m /* 156.699 */        [0m
    [36m| [0m[34m|[0m /* 156.700 */        let trailingRootSkipsSearchWhileNdotsSelectsSearchOrAbsoluteFirstTestFunc = { => trailingRootSkipsSearchWhileNdotsSelectsSearchOrAbsoluteFirst();() }[0m
    [36m| [0m[34m|[0m /* 156.701 */        suiteBuilder.add([0m
    [36m| [0m[34m|[0m /* 156.702 */        UnitTestCase.create([0m
    [36m| [0m[34m|[0m /* 156.703 */        "trailingRootSkipsSearchWhileNdotsSelectsSearchOrAbsoluteFirst",[0m
    [36m| [0m[34m|[0m /* 156.704 */        configuration: caseConfig,[0m
    [36m| [0m[34m|[0m /* 156.705 */        body: trailingRootSkipsSearchWhileNdotsSelectsSearchOrAbsoluteFirstTestFunc[0m
    [36m| [0m[34m|[0m /* 156.706 */        )[0m
    [36m| [0m[34m|[0m /* 156.707 */        )[0m
    [36m| [0m[34m|[0m /* 156.708 */        [0m
    [36m| [0m[34m|[0m /* 156.709 */    }()[0m
    [36m| [0m[34m|[0m /* 156.710 */    [0m
    [36m| [0m[34m|[0m /* 156.711 */    [0m
    [36m| [0m[34m|[0m /* 156.712 */    { => let caseConfig = Configuration()[0m
    [36m| [0m[34m|[0m /* 156.713 */        [0m
    [36m| [0m[34m|[0m /* 156.714 */        let exactHostsEntryWinsBeforeSearchSuffixDnsTestFunc = { => exactHostsEntryWinsBeforeSearchSuffixDns();() }[0m
    [36m| [0m[34m|[0m /* 156.715 */        suiteBuilder.add([0m
    [36m| [0m[34m|[0m /* 156.716 */        UnitTestCase.create([0m
    [36m| [0m[34m|[0m /* 156.717 */        "exactHostsEntryWinsBeforeSearchSuffixDns",[0m
    [36m| [0m[34m|[0m /* 156.718 */        configuration: caseConfig,[0m
    [36m| [0m[34m|[0m /* 156.719 */        body: exactHostsEntryWinsBeforeSearchSuffixDnsTestFunc[0m
    [36m| [0m[34m|[0m /* 156.720 */        )[0m
    [36m| [0m[34m|[0m /* 156.721 */        )[0m
    [36m| [0m[34m|[0m /* 156.722 */        [0m
    [36m| [0m[34m|[0m /* 156.723 */    }()[0m
    [36m| [0m[34m|[0m /* 156.724 */    [0m
    [36m| [0m[34m|[0m /* 156.725 */    [0m
    [36m| [0m[34m|[0m /* 156.726 */    { => let caseConfig = Configuration()[0m
    [36m| [0m[34m|[0m /* 156.727 */        [0m
    [36m| [0m[34m|[0m /* 156.728 */        let cancelledExpiredAndClosedCallsRetainPublicResolveClassificationsTestFunc = { => cancelledExpiredAndClosedCallsRetainPublicResolveClassifications();() }[0m
    [36m| [0m[34m|[0m /* 156.729 */        suiteBuilder.add([0m
    [36m| [0m[34m|[0m /* 156.730 */        UnitTestCase.create([0m
    [36m| [0m[34m|[0m /* 156.731 */        "cancelledExpiredAndClosedCallsRetainPublicResolveClassifications",[0m
    [36m| [0m[34m|[0m /* 156.732 */        configuration: caseConfig,[0m
    [36m| [0m[34m|[0m /* 156.733 */        body: cancelledExpiredAndClosedCallsRetainPublicResolveClassificationsTestFunc[0m
    [36m| [0m[34m|[0m /* 156.734 */        )[0m
    [36m| [0m[34m|[0m /* 156.735 */        )[0m
    [36m| [0m[34m|[0m /* 156.736 */        [0m
    [36m| [0m[34m|[0m /* 156.737 */    }()[0m
    [36m| [0m[34m|[0m /* 156.738 */    [0m
    [36m| [0m[34m|[0m /* 156.739 */    [0m
    [36m| [0m[34m|[0m /* 156.740 */    { => let caseConfig = Configuration()[0m
    [36m| [0m[34m|[0m /* 156.741 */        [0m
    [36m| [0m[34m|[0m /* 156.742 */        let connectUsesHostsMappingForANativeListenerExchangeTestFunc = { => connectUsesHostsMappingForANativeListenerExchange();() }[0m
    [36m| [0m[34m|[0m /* 156.743 */        suiteBuilder.add([0m
    [36m| [0m[34m|[0m /* 156.744 */        UnitTestCase.create([0m
    [36m| [0m[34m|[0m /* 156.745 */        "connectUsesHostsMappingForANativeListenerExchange",[0m
    [36m| [0m[34m|[0m /* 156.746 */        configuration: caseConfig,[0m
    [36m| [0m[34m|[0m /* 156.747 */        body: connectUsesHostsMappingForANativeListenerExchangeTestFunc[0m
    [36m| [0m[34m|[0m /* 156.748 */        )[0m
    [36m| [0m[34m|[0m /* 156.749 */        )[0m
    [36m| [0m[34m|[0m /* 156.750 */        [0m
    [36m| [0m[34m|[0m /* 156.751 */    }()[0m
    [36m| [0m[34m|[0m /* 156.752 */    [0m
    [36m| [0m[34m|[0m /* 156.753 */    [0m
    [36m| [0m[34m|[0m /* 156.754 */    { => let caseConfig = Configuration()[0m
    [36m| [0m[34m|[0m /* 156.755 */        [0m
    [36m| [0m[34m|[0m /* 156.756 */        let resolverConnectCarriesOneAbsoluteDeadlineIntoNativeTcpAdmissionTestFunc = { => resolverConnectCarriesOneAbsoluteDeadlineIntoNativeTcpAdmission();() }[0m
    [36m| [0m[34m|[0m /* 156.757 */        suiteBuilder.add([0m
    [36m| [0m[34m|[0m /* 156.758 */        UnitTestCase.create([0m
    [36m| [0m[34m|[0m /* 156.759 */        "resolverConnectCarriesOneAbsoluteDeadlineIntoNativeTcpAdmission",[0m
    [36m| [0m[34m|[0m /* 156.760 */        configuration: caseConfig,[0m
    [36m| [0m[34m|[0m /* 156.761 */        body: resolverConnectCarriesOneAbsoluteDeadlineIntoNativeTcpAdmissionTestFunc[0m
    [36m| [0m[34m|[0m /* 156.762 */        )[0m
    [36m| [0m[34m|[0m /* 156.763 */        )[0m
    [36m| [0m[34m|[0m /* 156.764 */        [0m
    [36m| [0m[34m|[0m /* 156.765 */    }()[0m
    [36m| [0m[34m|[0m /* 156.766 */    [0m
    [36m| [0m[34m|[0m /* 156.767 */    return suiteBuilder.build()[0m
    [36m| [0m[34m|[0m /* 156.768 */}[0m
    [36m| [0m[34m|[0m /* 156.769 */private func inheritedFromClassAnnotatedByTestTemplate < T >(): TestSuite where T <: TestClass {[0m
    [36m| [0m[34m|[0m /* 156.770 */    throw Exception("Unreachable code")[0m
    [36m| [0m[34m|[0m /* 156.771 */}[0m
    [36m| [0m[34m|[0m /* 156.772 */}[0m
    [36m| [0m[34m|[0m /* 156.773 */[0m
    [36m| [0m[34m|[0m /* 156.774 */[0m
    [36m| [0m[34m|[0m /* 156.775 */interface TestPackageExtension_DnsResolverPolicyTest {[0m
    [36m| [0m[34m|[0m /* 156.776 */func registerDnsResolverPolicyTest(): Unit[0m
    [36m| [0m[34m|[0m /* 156.777 */}[0m
    [36m| [0m[34m|[0m /* 156.778 */extend TestPackage <: TestPackageExtension_DnsResolverPolicyTest {[0m
    [36m| [0m[34m|[0m /* 156.779 */@Attribute[TEST_REGISTER][0m
    [36m| [0m[34m|[0m /* 156.780 */public func registerDnsResolverPolicyTest() {[0m
    [36m| [0m[34m|[0m /* 156.781 */    registerSuite({ => DnsResolverPolicyTest().asTestSuite() })[0m
    [36m| [0m[34m|[0m /* 156.782 */}[0m
    [36m| [0m[34m|[0m /* 156.783 */}[0m
    [36m| [0m[34m|[0m /* 156.784 */[0m
    [36m| [0m[34m|[0m[34m_[0m[34m____________^[0m
    [36m| [0m
[34mnote[0m: which is expanded as follows
    [36m| [0m
    [36m| [0m/* 156.32 */                    DnsResolverConfig(nameservers:[endpoint])[0m
    [36m| [0m                                [34m^^^^^^^^^^^^^^^^^^^^^^^^^^^^^^^^^^^^^^^^^ [0m
    [36m| [0m

[33mwarning[0m: unreachable block in 'if' expression
    [36m| [0m
    [36m| [0m  /* 8.196 */                if(e is AssertIntermediateException) {[0m
    [36m| [0m [33m_[0m[33m________________________________________________________________^[0m
    [36m| [0m[33m|[0m /* 8.197 */                    throw e[0m
    [36m| [0m[33m|[0m /* 8.198 */                }[0m
    [36m| [0m[33m|[0m[33m_[0m[33m___________________________^ unreachable block in 'if' expression[0m
    [36m| [0m
    [36m#[0m [0mnote[0m: this warning can be suppressed by setting the compiler option `-Woff unused`
[34mnote[0m: the warning occurs after the macro is expanded
   [36m==>[0m <repo-root>-pr-worktrees/M8-005-publication/src/net/dns_wire_test.cj:8:1:
    [36m| [0m
[36m8[0m   [36m| [0m  @Test[0m
    [36m| [0m [34m_[0m[34m^[0m
[36m9[0m   [36m| [0m[34m|[0m class DnsWireParserTest {[0m
    [36m| [0m[34m|[0m ...[0m
[36m305[0m [36m| [0m[34m|[0m }[0m
    [36m| [0m[34m|[0m[34m_[0m[34m^[0m
    [36m| [0m

[33mwarning[0m: unreachable block in 'if' expression
    [36m| [0m
    [36m| [0m  /* 8.199 */                if(e is UnittestTimeoutException) {[0m
    [36m| [0m [33m_[0m[33m_____________________________________________________________^[0m
    [36m| [0m[33m|[0m /* 8.200 */                    throw e[0m
    [36m| [0m[33m|[0m /* 8.201 */                }[0m
    [36m| [0m[33m|[0m[33m_[0m[33m___________________________^ unreachable block in 'if' expression[0m
    [36m| [0m
    [36m#[0m [0mnote[0m: this warning can be suppressed by setting the compiler option `-Woff unused`
[34mnote[0m: the warning occurs after the macro is expanded
   [36m==>[0m <repo-root>-pr-worktrees/M8-005-publication/src/net/dns_wire_test.cj:8:1:
    [36m| [0m
[36m8[0m   [36m| [0m  @Test[0m
    [36m| [0m [34m_[0m[34m^[0m
[36m9[0m   [36m| [0m[34m|[0m class DnsWireParserTest {[0m
    [36m| [0m[34m|[0m ...[0m
[36m305[0m [36m| [0m[34m|[0m }[0m
    [36m| [0m[34m|[0m[34m_[0m[34m^[0m
    [36m| [0m

[33mwarning[0m: unreachable block in 'if' expression
    [36m| [0m
    [36m| [0m  /* 8.223 */                    if(e is AssertException) {[0m
    [36m| [0m [33m_[0m[33m________________________________________________________^[0m
    [36m| [0m[33m|[0m /* 8.224 */                        throw e[0m
    [36m| [0m[33m|[0m /* 8.225 */                    }[0m
    [36m| [0m[33m|[0m[33m_[0m[33m_______________________________^ unreachable block in 'if' expression[0m
    [36m| [0m
    [36m#[0m [0mnote[0m: this warning can be suppressed by setting the compiler option `-Woff unused`
[34mnote[0m: the warning occurs after the macro is expanded
   [36m==>[0m <repo-root>-pr-worktrees/M8-005-publication/src/net/dns_wire_test.cj:8:1:
    [36m| [0m
[36m8[0m   [36m| [0m  @Test[0m
    [36m| [0m [34m_[0m[34m^[0m
[36m9[0m   [36m| [0m[34m|[0m class DnsWireParserTest {[0m
    [36m| [0m[34m|[0m ...[0m
[36m305[0m [36m| [0m[34m|[0m }[0m
    [36m| [0m[34m|[0m[34m_[0m[34m^[0m
    [36m| [0m

[33mwarning[0m: unreachable block in 'if' expression
    [36m| [0m
    [36m| [0m  /* 8.226 */                    if(e is AssertIntermediateException) {[0m
    [36m| [0m [33m_[0m[33m____________________________________________________________________^[0m
    [36m| [0m[33m|[0m /* 8.227 */                        throw e[0m
    [36m| [0m[33m|[0m /* 8.228 */                    }[0m
    [36m| [0m[33m|[0m[33m_[0m[33m_______________________________^ unreachable block in 'if' expression[0m
    [36m| [0m
    [36m#[0m [0mnote[0m: this warning can be suppressed by setting the compiler option `-Woff unused`
[34mnote[0m: the warning occurs after the macro is expanded
   [36m==>[0m <repo-root>-pr-worktrees/M8-005-publication/src/net/dns_wire_test.cj:8:1:
    [36m| [0m
[36m8[0m   [36m| [0m  @Test[0m
    [36m| [0m [34m_[0m[34m^[0m
[36m9[0m   [36m| [0m[34m|[0m class DnsWireParserTest {[0m
    [36m| [0m[34m|[0m ...[0m
[36m305[0m [36m| [0m[34m|[0m }[0m
    [36m| [0m[34m|[0m[34m_[0m[34m^[0m
    [36m| [0m

[33mwarning[0m: unreachable block in 'if' expression
    [36m| [0m
    [36m| [0m  /* 8.229 */                    if(e is UnittestTimeoutException) {[0m
    [36m| [0m [33m_[0m[33m_________________________________________________________________^[0m
    [36m| [0m[33m|[0m /* 8.230 */                        throw e[0m
    [36m| [0m[33m|[0m /* 8.231 */                    }[0m
    [36m| [0m[33m|[0m[33m_[0m[33m_______________________________^ unreachable block in 'if' expression[0m
    [36m| [0m
    [36m#[0m [0mnote[0m: this warning can be suppressed by setting the compiler option `-Woff unused`
[34mnote[0m: the warning occurs after the macro is expanded
   [36m==>[0m <repo-root>-pr-worktrees/M8-005-publication/src/net/dns_wire_test.cj:8:1:
    [36m| [0m
[36m8[0m   [36m| [0m  @Test[0m
    [36m| [0m [34m_[0m[34m^[0m
[36m9[0m   [36m| [0m[34m|[0m class DnsWireParserTest {[0m
    [36m| [0m[34m|[0m ...[0m
[36m305[0m [36m| [0m[34m|[0m }[0m
    [36m| [0m[34m|[0m[34m_[0m[34m^[0m
    [36m| [0m

[33mwarning[0m: unreachable block in 'if' expression
    [36m| [0m
    [36m| [0m  /* 8.255 */                if(e is AssertException) {[0m
    [36m| [0m [33m_[0m[33m____________________________________________________^[0m
    [36m| [0m[33m|[0m /* 8.256 */                    throw e[0m
    [36m| [0m[33m|[0m /* 8.257 */                }[0m
    [36m| [0m[33m|[0m[33m_[0m[33m___________________________^ unreachable block in 'if' expression[0m
    [36m| [0m
    [36m#[0m [0mnote[0m: this warning can be suppressed by setting the compiler option `-Woff unused`
[34mnote[0m: the warning occurs after the macro is expanded
   [36m==>[0m <repo-root>-pr-worktrees/M8-005-publication/src/net/dns_wire_test.cj:8:1:
    [36m| [0m
[36m8[0m   [36m| [0m  @Test[0m
    [36m| [0m [34m_[0m[34m^[0m
[36m9[0m   [36m| [0m[34m|[0m class DnsWireParserTest {[0m
    [36m| [0m[34m|[0m ...[0m
[36m305[0m [36m| [0m[34m|[0m }[0m
    [36m| [0m[34m|[0m[34m_[0m[34m^[0m
    [36m| [0m

[33mwarning[0m: unused expression
   [36m==>[0m <repo-root>-pr-worktrees/M8-005-publication/src/net/dns_wire_test.cj:264:49:
    [36m| [0m
[36m264[0m [36m| [0m        @AssertThrows[IllegalArgumentException](DnsMessageSummary([0m
    [36m| [0m                                                [33m^ unused expression[0m
    [36m| [0m
    [36m#[0m [0mnote[0m: this warning can be suppressed by setting the compiler option `-Woff unused`
[34mnote[0m: the warning occurs after the macro is expanded
   [36m==>[0m <repo-root>-pr-worktrees/M8-005-publication/src/net/dns_wire_test.cj:8:1:
    [36m| [0m
[36m8[0m   [36m| [0m  @Test[0m
    [36m| [0m [34m_[0m[34m^[0m
[36m9[0m   [36m| [0m[34m|[0m class DnsWireParserTest {[0m
    [36m| [0m[34m|[0m ...[0m
[36m305[0m [36m| [0m[34m|[0m }[0m
    [36m| [0m[34m|[0m[34m_[0m[34m^[0m
    [36m| [0m
[34mnote[0m: which is expanded as follows
    [36m| [0m
    [36m| [0m/* 8.645 */                DnsMessageSummary(1u16, 1, false, questionCount: 0, records: Array < DnsRecord >())[0m
    [36m| [0m                           [34m^^^^^^^^^^^^^^^^^^^^^^^^^^^^^^^^^^^^^^^^^^^^^^^^^^^^^^^^^^^^^^^^^^^^^^^^^^^^^^^^^^^ [0m
    [36m| [0m

[33mwarning[0m: unreachable block in 'if' expression
    [36m| [0m
    [36m| [0m  /* 8.258 */                if(e is AssertIntermediateException) {[0m
    [36m| [0m [33m_[0m[33m________________________________________________________________^[0m
    [36m| [0m[33m|[0m /* 8.259 */                    throw e[0m
    [36m| [0m[33m|[0m /* 8.260 */                }[0m
    [36m| [0m[33m|[0m[33m_[0m[33m___________________________^ unreachable block in 'if' expression[0m
    [36m| [0m
    [36m#[0m [0mnote[0m: this warning can be suppressed by setting the compiler option `-Woff unused`
[34mnote[0m: the warning occurs after the macro is expanded
   [36m==>[0m <repo-root>-pr-worktrees/M8-005-publication/src/net/dns_wire_test.cj:8:1:
    [36m| [0m
[36m8[0m   [36m| [0m  @Test[0m
    [36m| [0m [34m_[0m[34m^[0m
[36m9[0m   [36m| [0m[34m|[0m class DnsWireParserTest {[0m
    [36m| [0m[34m|[0m ...[0m
[36m305[0m [36m| [0m[34m|[0m }[0m
    [36m| [0m[34m|[0m[34m_[0m[34m^[0m
    [36m| [0m

[33mwarning[0m: unreachable block in 'if' expression
    [36m| [0m
    [36m| [0m  /* 8.261 */                if(e is UnittestTimeoutException) {[0m
    [36m| [0m [33m_[0m[33m_____________________________________________________________^[0m
    [36m| [0m[33m|[0m /* 8.262 */                    throw e[0m
    [36m| [0m[33m|[0m /* 8.263 */                }[0m
    [36m| [0m[33m|[0m[33m_[0m[33m___________________________^ unreachable block in 'if' expression[0m
    [36m| [0m
    [36m#[0m [0mnote[0m: this warning can be suppressed by setting the compiler option `-Woff unused`
[34mnote[0m: the warning occurs after the macro is expanded
   [36m==>[0m <repo-root>-pr-worktrees/M8-005-publication/src/net/dns_wire_test.cj:8:1:
    [36m| [0m
[36m8[0m   [36m| [0m  @Test[0m
    [36m| [0m [34m_[0m[34m^[0m
[36m9[0m   [36m| [0m[34m|[0m class DnsWireParserTest {[0m
    [36m| [0m[34m|[0m ...[0m
[36m305[0m [36m| [0m[34m|[0m }[0m
    [36m| [0m[34m|[0m[34m_[0m[34m^[0m
    [36m| [0m

[33mwarning[0m: unreachable block in 'if' expression
    [36m| [0m
    [36m| [0m  /* 8.287 */                    if(e is AssertException) {[0m
    [36m| [0m [33m_[0m[33m________________________________________________________^[0m
    [36m| [0m[33m|[0m /* 8.288 */                        throw e[0m
    [36m| [0m[33m|[0m /* 8.289 */                    }[0m
    [36m| [0m[33m|[0m[33m_[0m[33m_______________________________^ unreachable block in 'if' expression[0m
    [36m| [0m
    [36m#[0m [0mnote[0m: this warning can be suppressed by setting the compiler option `-Woff unused`
[34mnote[0m: the warning occurs after the macro is expanded
   [36m==>[0m <repo-root>-pr-worktrees/M8-005-publication/src/net/dns_wire_test.cj:8:1:
    [36m| [0m
[36m8[0m   [36m| [0m  @Test[0m
    [36m| [0m [34m_[0m[34m^[0m
[36m9[0m   [36m| [0m[34m|[0m class DnsWireParserTest {[0m
    [36m| [0m[34m|[0m ...[0m
[36m305[0m [36m| [0m[34m|[0m }[0m
    [36m| [0m[34m|[0m[34m_[0m[34m^[0m
    [36m| [0m

[33mwarning[0m: unreachable block in 'if' expression
    [36m| [0m
    [36m| [0m  /* 8.290 */                    if(e is AssertIntermediateException) {[0m
    [36m| [0m [33m_[0m[33m____________________________________________________________________^[0m
    [36m| [0m[33m|[0m /* 8.291 */                        throw e[0m
    [36m| [0m[33m|[0m /* 8.292 */                    }[0m
    [36m| [0m[33m|[0m[33m_[0m[33m_______________________________^ unreachable block in 'if' expression[0m
    [36m| [0m
    [36m#[0m [0mnote[0m: this warning can be suppressed by setting the compiler option `-Woff unused`
[34mnote[0m: the warning occurs after the macro is expanded
   [36m==>[0m <repo-root>-pr-worktrees/M8-005-publication/src/net/dns_wire_test.cj:8:1:
    [36m| [0m
[36m8[0m   [36m| [0m  @Test[0m
    [36m| [0m [34m_[0m[34m^[0m
[36m9[0m   [36m| [0m[34m|[0m class DnsWireParserTest {[0m
    [36m| [0m[34m|[0m ...[0m
[36m305[0m [36m| [0m[34m|[0m }[0m
    [36m| [0m[34m|[0m[34m_[0m[34m^[0m
    [36m| [0m

[33mwarning[0m: unreachable block in 'if' expression
    [36m| [0m
    [36m| [0m  /* 8.293 */                    if(e is UnittestTimeoutException) {[0m
    [36m| [0m [33m_[0m[33m_________________________________________________________________^[0m
    [36m| [0m[33m|[0m /* 8.294 */                        throw e[0m
    [36m| [0m[33m|[0m /* 8.295 */                    }[0m
    [36m| [0m[33m|[0m[33m_[0m[33m_______________________________^ unreachable block in 'if' expression[0m
    [36m| [0m
    [36m#[0m [0mnote[0m: this warning can be suppressed by setting the compiler option `-Woff unused`
[34mnote[0m: the warning occurs after the macro is expanded
   [36m==>[0m <repo-root>-pr-worktrees/M8-005-publication/src/net/dns_wire_test.cj:8:1:
    [36m| [0m
[36m8[0m   [36m| [0m  @Test[0m
    [36m| [0m [34m_[0m[34m^[0m
[36m9[0m   [36m| [0m[34m|[0m class DnsWireParserTest {[0m
    [36m| [0m[34m|[0m ...[0m
[36m305[0m [36m| [0m[34m|[0m }[0m
    [36m| [0m[34m|[0m[34m_[0m[34m^[0m
    [36m| [0m

[33mwarning[0m: unreachable block in 'if' expression
    [36m| [0m
    [36m| [0m  /* 8.317 */                if(e is AssertException) {[0m
    [36m| [0m [33m_[0m[33m____________________________________________________^[0m
    [36m| [0m[33m|[0m /* 8.318 */                    throw e[0m
    [36m| [0m[33m|[0m /* 8.319 */                }[0m
    [36m| [0m[33m|[0m[33m_[0m[33m___________________________^ unreachable block in 'if' expression[0m
    [36m| [0m
    [36m#[0m [0mnote[0m: this warning can be suppressed by setting the compiler option `-Woff unused`
[34mnote[0m: the warning occurs after the macro is expanded
   [36m==>[0m <repo-root>-pr-worktrees/M8-005-publication/src/net/dns_wire_test.cj:8:1:
    [36m| [0m
[36m8[0m   [36m| [0m  @Test[0m
    [36m| [0m [34m_[0m[34m^[0m
[36m9[0m   [36m| [0m[34m|[0m class DnsWireParserTest {[0m
    [36m| [0m[34m|[0m ...[0m
[36m305[0m [36m| [0m[34m|[0m }[0m
    [36m| [0m[34m|[0m[34m_[0m[34m^[0m
    [36m| [0m

[33mwarning[0m: unreachable block in 'if' expression
    [36m| [0m
    [36m| [0m  /* 8.320 */                if(e is AssertIntermediateException) {[0m
    [36m| [0m [33m_[0m[33m________________________________________________________________^[0m
    [36m| [0m[33m|[0m /* 8.321 */                    throw e[0m
    [36m| [0m[33m|[0m /* 8.322 */                }[0m
    [36m| [0m[33m|[0m[33m_[0m[33m___________________________^ unreachable block in 'if' expression[0m
    [36m| [0m
    [36m#[0m [0mnote[0m: this warning can be suppressed by setting the compiler option `-Woff unused`
[34mnote[0m: the warning occurs after the macro is expanded
   [36m==>[0m <repo-root>-pr-worktrees/M8-005-publication/src/net/dns_wire_test.cj:8:1:
    [36m| [0m
[36m8[0m   [36m| [0m  @Test[0m
    [36m| [0m [34m_[0m[34m^[0m
[36m9[0m   [36m| [0m[34m|[0m class DnsWireParserTest {[0m
    [36m| [0m[34m|[0m ...[0m
[36m305[0m [36m| [0m[34m|[0m }[0m
    [36m| [0m[34m|[0m[34m_[0m[34m^[0m
    [36m| [0m

[33mwarning[0m: unreachable block in 'if' expression
    [36m| [0m
    [36m| [0m  /* 8.323 */                if(e is UnittestTimeoutException) {[0m
    [36m| [0m [33m_[0m[33m_____________________________________________________________^[0m
    [36m| [0m[33m|[0m /* 8.324 */                    throw e[0m
    [36m| [0m[33m|[0m /* 8.325 */                }[0m
    [36m| [0m[33m|[0m[33m_[0m[33m___________________________^ unreachable block in 'if' expression[0m
    [36m| [0m
    [36m#[0m [0mnote[0m: this warning can be suppressed by setting the compiler option `-Woff unused`
[34mnote[0m: the warning occurs after the macro is expanded
   [36m==>[0m <repo-root>-pr-worktrees/M8-005-publication/src/net/dns_wire_test.cj:8:1:
    [36m| [0m
[36m8[0m   [36m| [0m  @Test[0m
    [36m| [0m [34m_[0m[34m^[0m
[36m9[0m   [36m| [0m[34m|[0m class DnsWireParserTest {[0m
    [36m| [0m[34m|[0m ...[0m
[36m305[0m [36m| [0m[34m|[0m }[0m
    [36m| [0m[34m|[0m[34m_[0m[34m^[0m
    [36m| [0m

[33mwarning[0m: unreachable block in 'if' expression
    [36m| [0m
    [36m| [0m  /* 8.341 */                if(e is AssertException) {[0m
    [36m| [0m [33m_[0m[33m____________________________________________________^[0m
    [36m| [0m[33m|[0m /* 8.342 */                    throw e[0m
    [36m| [0m[33m|[0m /* 8.343 */                }[0m
    [36m| [0m[33m|[0m[33m_[0m[33m___________________________^ unreachable block in 'if' expression[0m
    [36m| [0m
    [36m#[0m [0mnote[0m: this warning can be suppressed by setting the compiler option `-Woff unused`
[34mnote[0m: the warning occurs after the macro is expanded
   [36m==>[0m <repo-root>-pr-worktrees/M8-005-publication/src/net/dns_wire_test.cj:8:1:
    [36m| [0m
[36m8[0m   [36m| [0m  @Test[0m
    [36m| [0m [34m_[0m[34m^[0m
[36m9[0m   [36m| [0m[34m|[0m class DnsWireParserTest {[0m
    [36m| [0m[34m|[0m ...[0m
[36m305[0m [36m| [0m[34m|[0m }[0m
    [36m| [0m[34m|[0m[34m_[0m[34m^[0m
    [36m| [0m

[33mwarning[0m: unreachable block in 'if' expression
    [36m| [0m
    [36m| [0m  /* 8.344 */                if(e is AssertIntermediateException) {[0m
    [36m| [0m [33m_[0m[33m________________________________________________________________^[0m
    [36m| [0m[33m|[0m /* 8.345 */                    throw e[0m
    [36m| [0m[33m|[0m /* 8.346 */                }[0m
    [36m| [0m[33m|[0m[33m_[0m[33m___________________________^ unreachable block in 'if' expression[0m
    [36m| [0m
    [36m#[0m [0mnote[0m: this warning can be suppressed by setting the compiler option `-Woff unused`
[34mnote[0m: the warning occurs after the macro is expanded
   [36m==>[0m <repo-root>-pr-worktrees/M8-005-publication/src/net/dns_wire_test.cj:8:1:
    [36m| [0m
[36m8[0m   [36m| [0m  @Test[0m
    [36m| [0m [34m_[0m[34m^[0m
[36m9[0m   [36m| [0m[34m|[0m class DnsWireParserTest {[0m
    [36m| [0m[34m|[0m ...[0m
[36m305[0m [36m| [0m[34m|[0m }[0m
    [36m| [0m[34m|[0m[34m_[0m[34m^[0m
    [36m| [0m

[33mwarning[0m: unreachable block in 'if' expression
    [36m| [0m
    [36m| [0m  /* 8.347 */                if(e is UnittestTimeoutException) {[0m
    [36m| [0m [33m_[0m[33m_____________________________________________________________^[0m
    [36m| [0m[33m|[0m /* 8.348 */                    throw e[0m
    [36m| [0m[33m|[0m /* 8.349 */                }[0m
    [36m| [0m[33m|[0m[33m_[0m[33m___________________________^ unreachable block in 'if' expression[0m
    [36m| [0m
    [36m#[0m [0mnote[0m: this warning can be suppressed by setting the compiler option `-Woff unused`
[34mnote[0m: the warning occurs after the macro is expanded
   [36m==>[0m <repo-root>-pr-worktrees/M8-005-publication/src/net/dns_wire_test.cj:8:1:
    [36m| [0m
[36m8[0m   [36m| [0m  @Test[0m
    [36m| [0m [34m_[0m[34m^[0m
[36m9[0m   [36m| [0m[34m|[0m class DnsWireParserTest {[0m
    [36m| [0m[34m|[0m ...[0m
[36m305[0m [36m| [0m[34m|[0m }[0m
    [36m| [0m[34m|[0m[34m_[0m[34m^[0m
    [36m| [0m

[33mwarning[0m: unreachable block in 'if' expression
    [36m| [0m
    [36m| [0m  /* 156.203 */                        if(e is AssertException) {[0m
    [36m| [0m [33m_[0m[33m______________________________________________________________^[0m
    [36m| [0m[33m|[0m /* 156.204 */                            throw e[0m
    [36m| [0m[33m|[0m /* 156.205 */                        }[0m
    [36m| [0m[33m|[0m[33m_[0m[33m_____________________________________^ unreachable block in 'if' expression[0m
    [36m| [0m
    [36m#[0m [0mnote[0m: this warning can be suppressed by setting the compiler option `-Woff unused`
[34mnote[0m: the warning occurs after the macro is expanded
   [36m==>[0m <repo-root>-pr-worktrees/M8-005-publication/src/net/dns_resolver_test.cj:156:1:
    [36m| [0m
[36m156[0m [36m| [0m  @Test[0m
    [36m| [0m [34m_[0m[34m^[0m
[36m157[0m [36m| [0m[34m|[0m class DnsResolverPolicyTest {[0m
    [36m| [0m[34m|[0m ...[0m
[36m723[0m [36m| [0m[34m|[0m }[0m
    [36m| [0m[34m|[0m[34m_[0m[34m^[0m
    [36m| [0m

[33mwarning[0m: unreachable block in 'if' expression
    [36m| [0m
    [36m| [0m  /* 156.206 */                        if(e is AssertIntermediateException) {[0m
    [36m| [0m [33m_[0m[33m__________________________________________________________________________^[0m
    [36m| [0m[33m|[0m /* 156.207 */                            throw e[0m
    [36m| [0m[33m|[0m /* 156.208 */                        }[0m
    [36m| [0m[33m|[0m[33m_[0m[33m_____________________________________^ unreachable block in 'if' expression[0m
    [36m| [0m
    [36m#[0m [0mnote[0m: this warning can be suppressed by setting the compiler option `-Woff unused`
[34mnote[0m: the warning occurs after the macro is expanded
   [36m==>[0m <repo-root>-pr-worktrees/M8-005-publication/src/net/dns_resolver_test.cj:156:1:
    [36m| [0m
[36m156[0m [36m| [0m  @Test[0m
    [36m| [0m [34m_[0m[34m^[0m
[36m157[0m [36m| [0m[34m|[0m class DnsResolverPolicyTest {[0m
    [36m| [0m[34m|[0m ...[0m
[36m723[0m [36m| [0m[34m|[0m }[0m
    [36m| [0m[34m|[0m[34m_[0m[34m^[0m
    [36m| [0m

[33mwarning[0m: unreachable block in 'if' expression
    [36m| [0m
    [36m| [0m  /* 156.209 */                        if(e is UnittestTimeoutException) {[0m
    [36m| [0m [33m_[0m[33m_______________________________________________________________________^[0m
    [36m| [0m[33m|[0m /* 156.210 */                            throw e[0m
    [36m| [0m[33m|[0m /* 156.211 */                        }[0m
    [36m| [0m[33m|[0m[33m_[0m[33m_____________________________________^ unreachable block in 'if' expression[0m
    [36m| [0m
    [36m#[0m [0mnote[0m: this warning can be suppressed by setting the compiler option `-Woff unused`
[34mnote[0m: the warning occurs after the macro is expanded
   [36m==>[0m <repo-root>-pr-worktrees/M8-005-publication/src/net/dns_resolver_test.cj:156:1:
    [36m| [0m
[36m156[0m [36m| [0m  @Test[0m
    [36m| [0m [34m_[0m[34m^[0m
[36m157[0m [36m| [0m[34m|[0m class DnsResolverPolicyTest {[0m
    [36m| [0m[34m|[0m ...[0m
[36m723[0m [36m| [0m[34m|[0m }[0m
    [36m| [0m[34m|[0m[34m_[0m[34m^[0m
    [36m| [0m

[33mwarning[0m: unreachable block in 'if' expression
    [36m| [0m
    [36m| [0m  /* 8.365 */                if(e is AssertException) {[0m
    [36m| [0m [33m_[0m[33m____________________________________________________^[0m
    [36m| [0m[33m|[0m /* 8.366 */                    throw e[0m
    [36m| [0m[33m|[0m /* 8.367 */                }[0m
    [36m| [0m[33m|[0m[33m_[0m[33m___________________________^ unreachable block in 'if' expression[0m
    [36m| [0m
    [36m#[0m [0mnote[0m: this warning can be suppressed by setting the compiler option `-Woff unused`
[34mnote[0m: the warning occurs after the macro is expanded
   [36m==>[0m <repo-root>-pr-worktrees/M8-005-publication/src/net/dns_wire_test.cj:8:1:
    [36m| [0m
[36m8[0m   [36m| [0m  @Test[0m
    [36m| [0m [34m_[0m[34m^[0m
[36m9[0m   [36m| [0m[34m|[0m class DnsWireParserTest {[0m
    [36m| [0m[34m|[0m ...[0m
[36m305[0m [36m| [0m[34m|[0m }[0m
    [36m| [0m[34m|[0m[34m_[0m[34m^[0m
    [36m| [0m

[33mwarning[0m: unreachable block in 'if' expression
    [36m| [0m
    [36m| [0m  /* 8.368 */                if(e is AssertIntermediateException) {[0m
    [36m| [0m [33m_[0m[33m________________________________________________________________^[0m
    [36m| [0m[33m|[0m /* 8.369 */                    throw e[0m
    [36m| [0m[33m|[0m /* 8.370 */                }[0m
    [36m| [0m[33m|[0m[33m_[0m[33m___________________________^ unreachable block in 'if' expression[0m
    [36m| [0m
    [36m#[0m [0mnote[0m: this warning can be suppressed by setting the compiler option `-Woff unused`
[34mnote[0m: the warning occurs after the macro is expanded
   [36m==>[0m <repo-root>-pr-worktrees/M8-005-publication/src/net/dns_wire_test.cj:8:1:
    [36m| [0m
[36m8[0m   [36m| [0m  @Test[0m
    [36m| [0m [34m_[0m[34m^[0m
[36m9[0m   [36m| [0m[34m|[0m class DnsWireParserTest {[0m
    [36m| [0m[34m|[0m ...[0m
[36m305[0m [36m| [0m[34m|[0m }[0m
    [36m| [0m[34m|[0m[34m_[0m[34m^[0m
    [36m| [0m

[33mwarning[0m: unreachable block in 'if' expression
    [36m| [0m
    [36m| [0m  /* 8.371 */                if(e is UnittestTimeoutException) {[0m
    [36m| [0m [33m_[0m[33m_____________________________________________________________^[0m
    [36m| [0m[33m|[0m /* 8.372 */                    throw e[0m
    [36m| [0m[33m|[0m /* 8.373 */                }[0m
    [36m| [0m[33m|[0m[33m_[0m[33m___________________________^ unreachable block in 'if' expression[0m
    [36m| [0m
    [36m#[0m [0mnote[0m: this warning can be suppressed by setting the compiler option `-Woff unused`
[34mnote[0m: the warning occurs after the macro is expanded
   [36m==>[0m <repo-root>-pr-worktrees/M8-005-publication/src/net/dns_wire_test.cj:8:1:
    [36m| [0m
[36m8[0m   [36m| [0m  @Test[0m
    [36m| [0m [34m_[0m[34m^[0m
[36m9[0m   [36m| [0m[34m|[0m class DnsWireParserTest {[0m
    [36m| [0m[34m|[0m ...[0m
[36m305[0m [36m| [0m[34m|[0m }[0m
    [36m| [0m[34m|[0m[34m_[0m[34m^[0m
    [36m| [0m

[33mwarning[0m: unreachable block in 'if' expression
    [36m| [0m
    [36m| [0m  /* 156.233 */                        if(e is AssertException) {[0m
    [36m| [0m [33m_[0m[33m______________________________________________________________^[0m
    [36m| [0m[33m|[0m /* 156.234 */                            throw e[0m
    [36m| [0m[33m|[0m /* 156.235 */                        }[0m
    [36m| [0m[33m|[0m[33m_[0m[33m_____________________________________^ unreachable block in 'if' expression[0m
    [36m| [0m
    [36m#[0m [0mnote[0m: this warning can be suppressed by setting the compiler option `-Woff unused`
[34mnote[0m: the warning occurs after the macro is expanded
   [36m==>[0m <repo-root>-pr-worktrees/M8-005-publication/src/net/dns_resolver_test.cj:156:1:
    [36m| [0m
[36m156[0m [36m| [0m  @Test[0m
    [36m| [0m [34m_[0m[34m^[0m
[36m157[0m [36m| [0m[34m|[0m class DnsResolverPolicyTest {[0m
    [36m| [0m[34m|[0m ...[0m
[36m723[0m [36m| [0m[34m|[0m }[0m
    [36m| [0m[34m|[0m[34m_[0m[34m^[0m
    [36m| [0m

[33mwarning[0m: unreachable block in 'if' expression
    [36m| [0m
    [36m| [0m  /* 156.236 */                        if(e is AssertIntermediateException) {[0m
    [36m| [0m [33m_[0m[33m__________________________________________________________________________^[0m
    [36m| [0m[33m|[0m /* 156.237 */                            throw e[0m
    [36m| [0m[33m|[0m /* 156.238 */                        }[0m
    [36m| [0m[33m|[0m[33m_[0m[33m_____________________________________^ unreachable block in 'if' expression[0m
    [36m| [0m
    [36m#[0m [0mnote[0m: this warning can be suppressed by setting the compiler option `-Woff unused`
[34mnote[0m: the warning occurs after the macro is expanded
   [36m==>[0m <repo-root>-pr-worktrees/M8-005-publication/src/net/dns_resolver_test.cj:156:1:
    [36m| [0m
[36m156[0m [36m| [0m  @Test[0m
    [36m| [0m [34m_[0m[34m^[0m
[36m157[0m [36m| [0m[34m|[0m class DnsResolverPolicyTest {[0m
    [36m| [0m[34m|[0m ...[0m
[36m723[0m [36m| [0m[34m|[0m }[0m
    [36m| [0m[34m|[0m[34m_[0m[34m^[0m
    [36m| [0m

[33mwarning[0m: unreachable block in 'if' expression
    [36m| [0m
    [36m| [0m  /* 156.239 */                        if(e is UnittestTimeoutException) {[0m
    [36m| [0m [33m_[0m[33m_______________________________________________________________________^[0m
    [36m| [0m[33m|[0m /* 156.240 */                            throw e[0m
    [36m| [0m[33m|[0m /* 156.241 */                        }[0m
    [36m| [0m[33m|[0m[33m_[0m[33m_____________________________________^ unreachable block in 'if' expression[0m
    [36m| [0m
    [36m#[0m [0mnote[0m: this warning can be suppressed by setting the compiler option `-Woff unused`
[34mnote[0m: the warning occurs after the macro is expanded
   [36m==>[0m <repo-root>-pr-worktrees/M8-005-publication/src/net/dns_resolver_test.cj:156:1:
    [36m| [0m
[36m156[0m [36m| [0m  @Test[0m
    [36m| [0m [34m_[0m[34m^[0m
[36m157[0m [36m| [0m[34m|[0m class DnsResolverPolicyTest {[0m
    [36m| [0m[34m|[0m ...[0m
[36m723[0m [36m| [0m[34m|[0m }[0m
    [36m| [0m[34m|[0m[34m_[0m[34m^[0m
    [36m| [0m

[33mwarning[0m: unreachable block in 'if' expression
    [36m| [0m
    [36m| [0m  /* 8.393 */                if(e is AssertException) {[0m
    [36m| [0m [33m_[0m[33m____________________________________________________^[0m
    [36m| [0m[33m|[0m /* 8.394 */                    throw e[0m
    [36m| [0m[33m|[0m /* 8.395 */                }[0m
    [36m| [0m[33m|[0m[33m_[0m[33m___________________________^ unreachable block in 'if' expression[0m
    [36m| [0m
    [36m#[0m [0mnote[0m: this warning can be suppressed by setting the compiler option `-Woff unused`
[34mnote[0m: the warning occurs after the macro is expanded
   [36m==>[0m <repo-root>-pr-worktrees/M8-005-publication/src/net/dns_wire_test.cj:8:1:
    [36m| [0m
[36m8[0m   [36m| [0m  @Test[0m
    [36m| [0m [34m_[0m[34m^[0m
[36m9[0m   [36m| [0m[34m|[0m class DnsWireParserTest {[0m
    [36m| [0m[34m|[0m ...[0m
[36m305[0m [36m| [0m[34m|[0m }[0m
    [36m| [0m[34m|[0m[34m_[0m[34m^[0m
    [36m| [0m

[33mwarning[0m: unreachable block in 'if' expression
    [36m| [0m
    [36m| [0m  /* 8.396 */                if(e is AssertIntermediateException) {[0m
    [36m| [0m [33m_[0m[33m________________________________________________________________^[0m
    [36m| [0m[33m|[0m /* 8.397 */                    throw e[0m
    [36m| [0m[33m|[0m /* 8.398 */                }[0m
    [36m| [0m[33m|[0m[33m_[0m[33m___________________________^ unreachable block in 'if' expression[0m
    [36m| [0m
    [36m#[0m [0mnote[0m: this warning can be suppressed by setting the compiler option `-Woff unused`
[34mnote[0m: the warning occurs after the macro is expanded
   [36m==>[0m <repo-root>-pr-worktrees/M8-005-publication/src/net/dns_wire_test.cj:8:1:
    [36m| [0m
[36m8[0m   [36m| [0m  @Test[0m
    [36m| [0m [34m_[0m[34m^[0m
[36m9[0m   [36m| [0m[34m|[0m class DnsWireParserTest {[0m
    [36m| [0m[34m|[0m ...[0m
[36m305[0m [36m| [0m[34m|[0m }[0m
    [36m| [0m[34m|[0m[34m_[0m[34m^[0m
    [36m| [0m

[33mwarning[0m: unreachable block in 'if' expression
    [36m| [0m
    [36m| [0m  /* 8.399 */                if(e is UnittestTimeoutException) {[0m
    [36m| [0m [33m_[0m[33m_____________________________________________________________^[0m
    [36m| [0m[33m|[0m /* 8.400 */                    throw e[0m
    [36m| [0m[33m|[0m /* 8.401 */                }[0m
    [36m| [0m[33m|[0m[33m_[0m[33m___________________________^ unreachable block in 'if' expression[0m
    [36m| [0m
    [36m#[0m [0mnote[0m: this warning can be suppressed by setting the compiler option `-Woff unused`
[34mnote[0m: the warning occurs after the macro is expanded
   [36m==>[0m <repo-root>-pr-worktrees/M8-005-publication/src/net/dns_wire_test.cj:8:1:
    [36m| [0m
[36m8[0m   [36m| [0m  @Test[0m
    [36m| [0m [34m_[0m[34m^[0m
[36m9[0m   [36m| [0m[34m|[0m class DnsWireParserTest {[0m
    [36m| [0m[34m|[0m ...[0m
[36m305[0m [36m| [0m[34m|[0m }[0m
    [36m| [0m[34m|[0m[34m_[0m[34m^[0m
    [36m| [0m

[33mwarning[0m: unreachable block in 'if' expression
    [36m| [0m
    [36m| [0m  /* 8.422 */                if(e is AssertException) {[0m
    [36m| [0m [33m_[0m[33m____________________________________________________^[0m
    [36m| [0m[33m|[0m /* 8.423 */                    throw e[0m
    [36m| [0m[33m|[0m /* 8.424 */                }[0m
    [36m| [0m[33m|[0m[33m_[0m[33m___________________________^ unreachable block in 'if' expression[0m
    [36m| [0m
    [36m#[0m [0mnote[0m: this warning can be suppressed by setting the compiler option `-Woff unused`
[34mnote[0m: the warning occurs after the macro is expanded
   [36m==>[0m <repo-root>-pr-worktrees/M8-005-publication/src/net/dns_wire_test.cj:8:1:
    [36m| [0m
[36m8[0m   [36m| [0m  @Test[0m
    [36m| [0m [34m_[0m[34m^[0m
[36m9[0m   [36m| [0m[34m|[0m class DnsWireParserTest {[0m
    [36m| [0m[34m|[0m ...[0m
[36m305[0m [36m| [0m[34m|[0m }[0m
    [36m| [0m[34m|[0m[34m_[0m[34m^[0m
    [36m| [0m

[33mwarning[0m: unreachable block in 'if' expression
    [36m| [0m
    [36m| [0m  /* 8.425 */                if(e is AssertIntermediateException) {[0m
    [36m| [0m [33m_[0m[33m________________________________________________________________^[0m
    [36m| [0m[33m|[0m /* 8.426 */                    throw e[0m
    [36m| [0m[33m|[0m /* 8.427 */                }[0m
    [36m| [0m[33m|[0m[33m_[0m[33m___________________________^ unreachable block in 'if' expression[0m
    [36m| [0m
    [36m#[0m [0mnote[0m: this warning can be suppressed by setting the compiler option `-Woff unused`
[34mnote[0m: the warning occurs after the macro is expanded
   [36m==>[0m <repo-root>-pr-worktrees/M8-005-publication/src/net/dns_wire_test.cj:8:1:
    [36m| [0m
[36m8[0m   [36m| [0m  @Test[0m
    [36m| [0m [34m_[0m[34m^[0m
[36m9[0m   [36m| [0m[34m|[0m class DnsWireParserTest {[0m
    [36m| [0m[34m|[0m ...[0m
[36m305[0m [36m| [0m[34m|[0m }[0m
    [36m| [0m[34m|[0m[34m_[0m[34m^[0m
    [36m| [0m

[33mwarning[0m: unreachable block in 'if' expression
    [36m| [0m
    [36m| [0m  /* 8.428 */                if(e is UnittestTimeoutException) {[0m
    [36m| [0m [33m_[0m[33m_____________________________________________________________^[0m
    [36m| [0m[33m|[0m /* 8.429 */                    throw e[0m
    [36m| [0m[33m|[0m /* 8.430 */                }[0m
    [36m| [0m[33m|[0m[33m_[0m[33m___________________________^ unreachable block in 'if' expression[0m
    [36m| [0m
    [36m#[0m [0mnote[0m: this warning can be suppressed by setting the compiler option `-Woff unused`
[34mnote[0m: the warning occurs after the macro is expanded
   [36m==>[0m <repo-root>-pr-worktrees/M8-005-publication/src/net/dns_wire_test.cj:8:1:
    [36m| [0m
[36m8[0m   [36m| [0m  @Test[0m
    [36m| [0m [34m_[0m[34m^[0m
[36m9[0m   [36m| [0m[34m|[0m class DnsWireParserTest {[0m
    [36m| [0m[34m|[0m ...[0m
[36m305[0m [36m| [0m[34m|[0m }[0m
    [36m| [0m[34m|[0m[34m_[0m[34m^[0m
    [36m| [0m

[33mwarning[0m: unreachable block in 'if' expression
    [36m| [0m
    [36m| [0m  /* 304.145 */                    if(e is AssertException) {[0m
    [36m| [0m [33m_[0m[33m__________________________________________________________^[0m
    [36m| [0m[33m|[0m /* 304.146 */                        throw e[0m
    [36m| [0m[33m|[0m /* 304.147 */                    }[0m
    [36m| [0m[33m|[0m[33m_[0m[33m_________________________________^ unreachable block in 'if' expression[0m
    [36m| [0m
    [36m#[0m [0mnote[0m: this warning can be suppressed by setting the compiler option `-Woff unused`
[34mnote[0m: the code after the macro is expanded as follows
     [36m| [0m
     [36m| [0m  /* 304.1 */@Attribute[TEST_GENERATED] class DnsClientWireTest <: TestClass {[0m
     [36m| [0m [34m_[0m[34m^[0m
     [36m| [0m[34m|[0m /* 304.2 */    @Attribute[TestCase_0][0m
     [36m| [0m[34m|[0m /* 304.3 */    func publicQueryAndLookupUseRealUdpAndRetainAbsoluteCacheExpiry(): Unit {[0m
     [36m| [0m[34m|[0m /* 304.4 */        let server = UdpSocket.bind(dnsClientTestLoopback(0))[0m
     [36m| [0m[34m|[0m /* 304.5 */        let endpoint = dnsClientTestEndpoint(server)[0m
     [36m| [0m[34m|[0m /* 304.6 */        let serving: Future < Int64 >= spawn { var served: Int64 = 0[0m
     [36m| [0m[34m|[0m /* 304.7 */            while(served < 2) {[0m
     [36m| [0m[34m|[0m /* 304.8 */                let received = server.receive(512, context: api.OperationContext(deadline: Some(api.Deadline.after(Duration.second))))[0m
     [36m| [0m[34m|[0m /* 304.9 */                let _ = server.sendTo(received.source.getOrThrow(), api.ByteSpan(dnsClientTestAResponse(received.payload,[192u8, 0u8, 2u8, 44u8], ttl: 10u32)))[0m
     [36m| [0m[34m|[0m /* 304.10 */                served ++[0m
     [36m| [0m[34m|[0m /* 304.11 */            }[0m
     [36m| [0m[34m|[0m /* 304.12 */            served[0m
     [36m| [0m[34m|[0m /* 304.13 */        }[0m
     [36m| [0m[34m|[0m /* 304.14 */        let client = DnsClient(config: dnsClientTestConfig(endpoint))[0m
     [36m| [0m[34m|[0m /* 304.15 */        try {[0m
     [36m| [0m[34m|[0m /* 304.16 */            let summary = client.query("Example.Test.", DnsRecordType.A)[0m
     [36m| [0m[34m|[0m /* 304.17 */            expectEqual("summary.answerCount", "1", summary.answerCount, 1, isDelta: false)[0m
     [36m| [0m[34m|[0m /* 304.18 */            expectEqual("summary.records[0].data()", "[192u8, 0u8, 2u8, 44u8]", summary.records[0].data(),[192u8, 0u8, 2u8, 44u8], isDelta: false)[0m
     [36m| [0m[34m|[0m /* 304.19 */            let first = client.lookup(api.HostName("example.test"), options: api.ResolveOptions(family: api.ResolveAddressFamily.Ipv4))[0m
     [36m| [0m[34m|[0m /* 304.20 */            let retainedExpiry = first.expiration[0m
     [36m| [0m[34m|[0m /* 304.21 */            let second = client.lookup(api.HostName("example.test"), options: api.ResolveOptions(family: api.ResolveAddressFamily.Ipv4))[0m
     [36m| [0m[34m|[0m /* 304.22 */            expectEqual("first.addresses", "second.addresses", first.addresses, second.addresses, isDelta: false)[0m
     [36m| [0m[34m|[0m /* 304.23 */            expectEqual("second.expiration", "retainedExpiry", second.expiration, retainedExpiry, isDelta: false)[0m
     [36m| [0m[34m|[0m /* 304.24 */            expectEqual("second.addresses[0].toOctets()", "[192u8, 0u8, 2u8, 44u8]", second.addresses[0].toOctets(),[192u8, 0u8, 2u8, 44u8], isDelta: false)[0m
     [36m| [0m[34m|[0m /* 304.25 */            expectEqual("serving.get(Duration.second)", "2", serving.get(Duration.second), 2, isDelta: false)[0m
     [36m| [0m[34m|[0m /* 304.26 */        } finally {[0m
     [36m| [0m[34m|[0m /* 304.27 */            client.close()[0m
     [36m| [0m[34m|[0m /* 304.28 */            server.close()[0m
     [36m| [0m[34m|[0m /* 304.29 */        }[0m
     [36m| [0m[34m|[0m /* 304.30 */    }[0m
     [36m| [0m[34m|[0m /* 304.31 */    [0m
     [36m| [0m[34m|[0m /* 304.32 */    @Attribute[TestCase_1][0m
     [36m| [0m[34m|[0m /* 304.33 */    func publicQueryEncodesEveryModeledRecordType(): Unit {[0m
     [36m| [0m[34m|[0m /* 304.34 */        let server = UdpSocket.bind(dnsClientTestLoopback(0))[0m
     [36m| [0m[34m|[0m /* 304.35 */        let endpoint = dnsClientTestEndpoint(server)[0m
     [36m| [0m[34m|[0m /* 304.36 */        let types =[DnsRecordType.A, DnsRecordType.AAAA, DnsRecordType.CNAME, DnsRecordType.SRV, DnsRecordType.TXT, DnsRecordType.MX, DnsRecordType.PTR, DnsRecordType.SOA, DnsRecordType.Unknown(65280)][0m
     [36m| [0m[34m|[0m /* 304.37 */        let serving: Future < Int64 >= spawn { var served: Int64 = 0[0m
     [36m| [0m[34m|[0m /* 304.38 */            while(served < types.size) {[0m
     [36m| [0m[34m|[0m /* 304.39 */                let received = server.receive(512, context: api.OperationContext(deadline: Some(api.Deadline.after(Duration.second))))[0m
     [36m| [0m[34m|[0m /* 304.40 */                let response = dnsClientTestHeader(received.payload, 0x8180u16).toArray()[0m
     [36m| [0m[34m|[0m /* 304.41 */                let _ = server.sendTo(received.source.getOrThrow(), api.ByteSpan(response))[0m
     [36m| [0m[34m|[0m /* 304.42 */                served ++[0m
     [36m| [0m[34m|[0m /* 304.43 */            }[0m
     [36m| [0m[34m|[0m /* 304.44 */            served[0m
     [36m| [0m[34m|[0m /* 304.45 */        }[0m
     [36m| [0m[34m|[0m /* 304.46 */        let client = DnsClient(config: dnsClientTestConfig(endpoint))[0m
     [36m| [0m[34m|[0m /* 304.47 */        try {[0m
     [36m| [0m[34m|[0m /* 304.48 */            for(recordType in types) {[0m
     [36m| [0m[34m|[0m /* 304.49 */                let summary = client.query("_service._tcp.example.test", recordType)[0m
     [36m| [0m[34m|[0m /* 304.50 */                expectEqual("summary.answerCount", "0", summary.answerCount, 0, isDelta: false)[0m
     [36m| [0m[34m|[0m /* 304.51 */                expectEqual("dnsClientTestTypeCode(summary.questions[0].recordType)", "dnsClientTestTypeCode(recordType)", dnsClientTestTypeCode(summary.questions[0].recordType), dnsClientTestTypeCode(recordType), isDelta: false)[0m
     [36m| [0m[34m|[0m /* 304.52 */            }[0m
     [36m| [0m[34m|[0m /* 304.53 */            expectEqual("serving.get(Duration.second)", "types.size", serving.get(Duration.second), types.size, isDelta: false)[0m
     [36m| [0m[34m|[0m /* 304.54 */        } finally {[0m
     [36m| [0m[34m|[0m /* 304.55 */            client.close()[0m
     [36m| [0m[34m|[0m /* 304.56 */            server.close()[0m
     [36m| [0m[34m|[0m /* 304.57 */        }[0m
     [36m| [0m[34m|[0m /* 304.58 */    }[0m
     [36m| [0m[34m|[0m /* 304.59 */    [0m
     [36m| [0m[34m|[0m /* 304.60 */    @Attribute[TestCase_2][0m
     [36m| [0m[34m|[0m /* 304.61 */    func wrongSourceIdAndQuestionAreIgnoredBeforeValidUdpResponse(): Unit {[0m
     [36m| [0m[34m|[0m /* 304.62 */        let server = UdpSocket.bind(dnsClientTestLoopback(0))[0m
     [36m| [0m[34m|[0m /* 304.63 */        let rogue = UdpSocket.bind(dnsClientTestLoopback(0))[0m
     [36m| [0m[34m|[0m /* 304.64 */        let endpoint = dnsClientTestEndpoint(server)[0m
     [36m| [0m[34m|[0m /* 304.65 */        let serving = spawn { let received = server.receive(512, context: api.OperationContext(deadline: Some(api.Deadline.after(Duration.second))))[0m
     [36m| [0m[34m|[0m /* 304.66 */            let destination = received.source.getOrThrow()[0m
     [36m| [0m[34m|[0m /* 304.67 */            let poison = dnsClientTestAResponse(received.payload,[203u8, 0u8, 113u8, 7u8])[0m
     [36m| [0m[34m|[0m /* 304.68 */            let _ = rogue.sendTo(destination, api.ByteSpan(poison))[0m
     [36m| [0m[34m|[0m /* 304.69 */            let wrongId = poison.clone()[0m
     [36m| [0m[34m|[0m /* 304.70 */            wrongId[1] = wrongId[1] ^ 1u8[0m
     [36m| [0m[34m|[0m /* 304.71 */            let _ = server.sendTo(destination, api.ByteSpan(wrongId))[0m
     [36m| [0m[34m|[0m /* 304.72 */            let wrongQuestion = poison.clone()[0m
     [36m| [0m[34m|[0m /* 304.73 */            wrongQuestion[received.payload.size - 3] = 28u8[0m
     [36m| [0m[34m|[0m /* 304.74 */            let _ = server.sendTo(destination, api.ByteSpan(wrongQuestion))[0m
     [36m| [0m[34m|[0m /* 304.75 */            let valid = dnsClientTestAResponse(received.payload,[198u8, 51u8, 100u8, 17u8])[0m
     [36m| [0m[34m|[0m /* 304.76 */            let _ = server.sendTo(destination, api.ByteSpan(valid))[0m
     [36m| [0m[34m|[0m /* 304.77 */            true[0m
     [36m| [0m[34m|[0m /* 304.78 */        }[0m
     [36m| [0m[34m|[0m /* 304.79 */        let client = DnsClient(config: dnsClientTestConfig(endpoint))[0m
     [36m| [0m[34m|[0m /* 304.80 */        try {[0m
     [36m| [0m[34m|[0m /* 304.81 */            let summary = client.query("identity.test", DnsRecordType.A)[0m
     [36m| [0m[34m|[0m /* 304.82 */            expectEqual("summary.records[0].data()", "[198u8, 51u8, 100u8, 17u8]", summary.records[0].data(),[198u8, 51u8, 100u8, 17u8], isDelta: false)[0m
     [36m| [0m[34m|[0m /* 304.83 */            expectEqual("serving.get(Duration.second)", "true", serving.get(Duration.second), true, isDelta: false)[0m
     [36m| [0m[34m|[0m /* 304.84 */        } finally {[0m
     [36m| [0m[34m|[0m /* 304.85 */            client.close()[0m
     [36m| [0m[34m|[0m /* 304.86 */            rogue.close()[0m
     [36m| [0m[34m|[0m /* 304.87 */            server.close()[0m
     [36m| [0m[34m|[0m /* 304.88 */        }[0m
     [36m| [0m[34m|[0m /* 304.89 */    }[0m
     [36m| [0m[34m|[0m /* 304.90 */    [0m
     [36m| [0m[34m|[0m /* 304.91 */    @Attribute[TestCase_3][0m
     [36m| [0m[34m|[0m /* 304.92 */    func validatedTruncationFallsBackToExactTcpFrame(): Unit {[0m
     [36m| [0m[34m|[0m /* 304.93 */        let(udp, tcp) = dnsClientTestBindServers()[0m
     [36m| [0m[34m|[0m /* 304.94 */        let endpoint = dnsClientTestEndpoint(udp)[0m
     [36m| [0m[34m|[0m /* 304.95 */        let udpServing = spawn { let received = udp.receive(512, context: api.OperationContext(deadline: Some(api.Deadline.after(Duration.second))))[0m
     [36m| [0m[34m|[0m /* 304.96 */            let truncated = dnsClientTestHeader(received.payload, 0x8380u16, answers: 1).toArray()[0m
     [36m| [0m[34m|[0m /* 304.97 */            let _ = udp.sendTo(received.source.getOrThrow(), api.ByteSpan(truncated))[0m
     [36m| [0m[34m|[0m /* 304.98 */            true[0m
     [36m| [0m[34m|[0m /* 304.99 */        }[0m
     [36m| [0m[34m|[0m /* 304.100 */        let tcpServing = spawn { let stream = tcp.accept(context: api.OperationContext(deadline: Some(api.Deadline.after(Duration.second))))[0m
     [36m| [0m[34m|[0m /* 304.101 */            try {[0m
     [36m| [0m[34m|[0m /* 304.102 */                let lengthBytes = Array < Byte >(2, repeat: 0u8)[0m
     [36m| [0m[34m|[0m /* 304.103 */                stream.readExact(api.MutableByteSpan(lengthBytes), context: api.OperationContext.background())[0m
     [36m| [0m[34m|[0m /* 304.104 */                let length =(Int64(lengthBytes[0]) << 8) | Int64(lengthBytes[1])[0m
     [36m| [0m[34m|[0m /* 304.105 */                let query = Array < Byte >(length, repeat: 0u8)[0m
     [36m| [0m[34m|[0m /* 304.106 */                stream.readExact(api.MutableByteSpan(query), context: api.OperationContext.background())[0m
     [36m| [0m[34m|[0m /* 304.107 */                let response = dnsClientTestAResponse(query,[192u8, 0u8, 2u8, 91u8])[0m
     [36m| [0m[34m|[0m /* 304.108 */                stream.writeAll(api.ByteSpan(dnsClientTestTcpFrame(response)), context: api.OperationContext.background())[0m
     [36m| [0m[34m|[0m /* 304.109 */                true[0m
     [36m| [0m[34m|[0m /* 304.110 */            } finally {[0m
     [36m| [0m[34m|[0m /* 304.111 */                stream.close()[0m
     [36m| [0m[34m|[0m /* 304.112 */            }[0m
     [36m| [0m[34m|[0m /* 304.113 */        }[0m
     [36m| [0m[34m|[0m /* 304.114 */        let client = DnsClient(config: dnsClientTestConfig(endpoint))[0m
     [36m| [0m[34m|[0m /* 304.115 */        try {[0m
     [36m| [0m[34m|[0m /* 304.116 */            let summary = client.query("tcp.test", DnsRecordType.A)[0m
     [36m| [0m[34m|[0m /* 304.117 */            expectEqual("summary.records[0].data()", "[192u8, 0u8, 2u8, 91u8]", summary.records[0].data(),[192u8, 0u8, 2u8, 91u8], isDelta: false)[0m
     [36m| [0m[34m|[0m /* 304.118 */            expectEqual("udpServing.get(Duration.second)", "true", udpServing.get(Duration.second), true, isDelta: false)[0m
     [36m| [0m[34m|[0m /* 304.119 */            expectEqual("tcpServing.get(Duration.second)", "true", tcpServing.get(Duration.second), true, isDelta: false)[0m
     [36m| [0m[34m|[0m /* 304.120 */        } finally {[0m
     [36m| [0m[34m|[0m /* 304.121 */            client.close()[0m
     [36m| [0m[34m|[0m /* 304.122 */            tcp.close()[0m
     [36m| [0m[34m|[0m /* 304.123 */            udp.close()[0m
     [36m| [0m[34m|[0m /* 304.124 */        }[0m
     [36m| [0m[34m|[0m /* 304.125 */    }[0m
     [36m| [0m[34m|[0m /* 304.126 */    [0m
     [36m| [0m[34m|[0m /* 304.127 */    @Attribute[TestCase_4][0m
     [36m| [0m[34m|[0m /* 304.128 */    func activeCancellationRetainsNameserverWithoutRetry(): Unit {[0m
     [36m| [0m[34m|[0m /* 304.129 */        let first = UdpSocket.bind(dnsClientTestLoopback(0))[0m
     [36m| [0m[34m|[0m /* 304.130 */        let second = UdpSocket.bind(dnsClientTestLoopback(0))[0m
     [36m| [0m[34m|[0m /* 304.131 */        let firstEndpoint = dnsClientTestEndpoint(first)[0m
     [36m| [0m[34m|[0m /* 304.132 */        let cancellation = api.CancellationSource()[0m
     [36m| [0m[34m|[0m /* 304.133 */        let serving = spawn { let _ = first.receive(512, context: api.OperationContext(deadline: Some(api.Deadline.after(Duration.second))))[0m
     [36m| [0m[34m|[0m /* 304.134 */            cancellation.cancel()[0m
     [36m| [0m[34m|[0m /* 304.135 */            true[0m
     [36m| [0m[34m|[0m /* 304.136 */        }[0m
     [36m| [0m[34m|[0m /* 304.137 */        let client = DnsClient(config: DnsResolverConfig(nameservers:[firstEndpoint, dnsClientTestEndpoint(second)], attempts: 2))[0m
     [36m| [0m[34m|[0m /* 304.138 */        try {[0m
     [36m| [0m[34m|[0m /* 304.139 */            let error = try {[0m
     [36m| [0m[34m|[0m /* 304.140 */                try {[0m
     [36m| [0m[34m|[0m /* 304.141 */                    assertEqual("true", "true", true, true)[0m
     [36m| [0m[34m|[0m /* 304.142 */                    client.query("cancel-failover.test", DnsRecordType.A, context: api.OperationContext(cancellation: cancellation.token))[0m
     [36m| [0m[34m|[0m /* 304.143 */                    fail("@AssertThrows: Expected 'api.ResolveException' was not caught.")[0m
     [36m| [0m[34m|[0m /* 304.144 */                } catch(e: api.ResolveException) {[0m
     [36m| [0m[34m|[0m /* 304.145 */                    if(e is AssertException) {[0m
     [36m| [0m[34m|[0m /* 304.146 */                        throw e[0m
     [36m| [0m[34m|[0m /* 304.147 */                    }[0m
     [36m| [0m[34m|[0m /* 304.148 */                    if(e is AssertIntermediateException) {[0m
     [36m| [0m[34m|[0m /* 304.149 */                        throw e[0m
     [36m| [0m[34m|[0m /* 304.150 */                    }[0m
     [36m| [0m[34m|[0m /* 304.151 */                    if(e is UnittestTimeoutException) {[0m
     [36m| [0m[34m|[0m /* 304.152 */                        throw e[0m
     [36m| [0m[34m|[0m /* 304.153 */                    }[0m
     [36m| [0m[34m|[0m /* 304.154 */                    e[0m
     [36m| [0m[34m|[0m /* 304.155 */                }[0m
     [36m| [0m[34m|[0m /* 304.156 */            } catch(e: Exception) {[0m
     [36m| [0m[34m|[0m /* 304.157 */                if(e is AssertException || e is AssertIntermediateException || e is UnittestTimeoutException) {[0m
     [36m| [0m[34m|[0m /* 304.158 */                    throw e[0m
     [36m| [0m[34m|[0m /* 304.159 */                }[0m
     [36m| [0m[34m|[0m /* 304.160 */                assertCaughtUnexpectedE("@AssertThrows(api.ResolveException)", "api.ResolveException", e.toString())[0m
     [36m| [0m[34m|[0m /* 304.161 */            }[0m
     [36m| [0m[34m|[0m /* 304.162 */            [0m
     [36m| [0m[34m|[0m /* 304.163 */            expectEqual("dnsClientTestCodeIs(error.resolveCode, api.ResolveErrorCode.Cancelled)", "true", dnsClientTestCodeIs(error.resolveCode, api.ResolveErrorCode.Cancelled), true, isDelta: false)[0m
     [36m| [0m[34m|[0m /* 304.164 */            match(error.remoteEndpoint) {[0m
     [36m| [0m[34m|[0m /* 304.165 */                case Some(api.NetworkEndpoint.Internet(remote)) => expectEqual("remote", "firstEndpoint", remote, firstEndpoint, isDelta: false)[0m
     [36m| [0m[34m|[0m /* 304.166 */                case _ => fail("active DNS cancellation lost its nameserver")[0m
     [36m| [0m[34m|[0m /* 304.167 */            }[0m
     [36m| [0m[34m|[0m /* 304.168 */            expectEqual("serving.get(Duration.second)", "true", serving.get(Duration.second), true, isDelta: false)[0m
     [36m| [0m[34m|[0m /* 304.169 */            let noRetry = try {[0m
     [36m| [0m[34m|[0m /* 304.170 */                try {[0m
     [36m| [0m[34m|[0m /* 304.171 */                    assertEqual("true", "true", true, true)[0m
     [36m| [0m[34m|[0m /* 304.172 */                    second.receive(512, context: api.OperationContext(deadline: Some(api.Deadline.after(50 * Duration.millisecond))))[0m
     [36m| [0m[34m|[0m /* 304.173 */                    fail("@AssertThrows: Expected 'api.NetworkException' was not caught.")[0m
     [36m| [0m[34m|[0m /* 304.174 */                } catch(e: api.NetworkException) {[0m
     [36m| [0m[34m|[0m /* 304.175 */                    if(e is AssertException) {[0m
     [36m| [0m[34m|[0m /* 304.176 */                        throw e[0m
     [36m| [0m[34m|[0m /* 304.177 */                    }[0m
     [36m| [0m[34m|[0m /* 304.178 */                    if(e is AssertIntermediateException) {[0m
     [36m| [0m[34m|[0m /* 304.179 */                        throw e[0m
     [36m| [0m[34m|[0m /* 304.180 */                    }[0m
     [36m| [0m[34m|[0m /* 304.181 */                    if(e is UnittestTimeoutException) {[0m
     [36m| [0m[34m|[0m /* 304.182 */                        throw e[0m
     [36m| [0m[34m|[0m /* 304.183 */                    }[0m
     [36m| [0m[34m|[0m /* 304.184 */                    e[0m
     [36m| [0m[34m|[0m /* 304.185 */                }[0m
     [36m| [0m[34m|[0m /* 304.186 */            } catch(e: Exception) {[0m
     [36m| [0m[34m|[0m /* 304.187 */                if(e is AssertException || e is AssertIntermediateException || e is UnittestTimeoutException) {[0m
     [36m| [0m[34m|[0m /* 304.188 */                    throw e[0m
     [36m| [0m[34m|[0m /* 304.189 */                }[0m
     [36m| [0m[34m|[0m /* 304.190 */                assertCaughtUnexpectedE("@AssertThrows(api.NetworkException)", "api.NetworkException", e.toString())[0m
     [36m| [0m[34m|[0m /* 304.191 */            }[0m
     [36m| [0m[34m|[0m /* 304.192 */            [0m
     [36m| [0m[34m|[0m /* 304.193 */            expectEqual("match(noRetry.code) {\n    case api.NetworkErrorCode.TimedOut => true\n    case _ => false\n}", "true", match(noRetry.code) {[0m
     [36m| [0m[34m|[0m /* 304.194 */                case api.NetworkErrorCode.TimedOut => true[0m
     [36m| [0m[34m|[0m /* 304.195 */                case _ => false[0m
     [36m| [0m[34m|[0m /* 304.196 */            }, true, isDelta: false)[0m
     [36m| [0m[34m|[0m /* 304.197 */        } finally {[0m
     [36m| [0m[34m|[0m /* 304.198 */            client.close()[0m
     [36m| [0m[34m|[0m /* 304.199 */            second.close()[0m
     [36m| [0m[34m|[0m /* 304.200 */            first.close()[0m
     [36m| [0m[34m|[0m /* 304.201 */        }[0m
     [36m| [0m[34m|[0m /* 304.202 */    }[0m
     [36m| [0m[34m|[0m /* 304.203 */    [0m
     [36m| [0m[34m|[0m /* 304.204 */    @Attribute[TestCase_5][0m
     [36m| [0m[34m|[0m /* 304.205 */    func silentDnsAttemptsLeaveBudgetForServerAndPassFailover(): Unit {[0m
     [36m| [0m[34m|[0m /* 304.206 */        for(retrySameServer in[false, true]) {[0m
     [36m| [0m[34m|[0m /* 304.207 */            let first = UdpSocket.bind(dnsClientTestLoopback(0))[0m
     [36m| [0m[34m|[0m /* 304.208 */            let responder = if(retrySameServer) {[0m
     [36m| [0m[34m|[0m /* 304.209 */                first[0m
     [36m| [0m[34m|[0m /* 304.210 */            }[0m
     [36m| [0m[34m|[0m /* 304.211 */            else {[0m
     [36m| [0m[34m|[0m /* 304.212 */                UdpSocket.bind(dnsClientTestLoopback(0))[0m
     [36m| [0m[34m|[0m /* 304.213 */            }[0m
     [36m| [0m[34m|[0m /* 304.214 */            [0m
     [36m| [0m[34m|[0m /* 304.215 */            let firstEndpoint = dnsClientTestEndpoint(first)[0m
     [36m| [0m[34m|[0m /* 304.216 */            let responderEndpoint = dnsClientTestEndpoint(responder)[0m
     [36m| [0m[34m|[0m /* 304.217 */            let serving = spawn { let peerContext = api.OperationContext(deadline: Some(api.Deadline.after(2 * Duration.second)))[0m
     [36m| [0m[34m|[0m /* 304.218 */                if(retrySameServer) {[0m
     [36m| [0m[34m|[0m /* 304.219 */                    let _ = first.receive(512, context: peerContext)[0m
     [36m| [0m[34m|[0m /* 304.220 */                }[0m
     [36m| [0m[34m|[0m /* 304.221 */                let query = responder.receive(512, context: peerContext)[0m
     [36m| [0m[34m|[0m /* 304.222 */                let _ = responder.sendTo(query.source.getOrThrow(), api.ByteSpan(dnsClientTestAResponse(query.payload,[192u8, 0u8, 2u8, 88u8])))[0m
     [36m| [0m[34m|[0m /* 304.223 */                true[0m
     [36m| [0m[34m|[0m /* 304.224 */            }[0m
     [36m| [0m[34m|[0m /* 304.225 */            let nameservers = if(retrySameServer) {[0m
     [36m| [0m[34m|[0m /* 304.226 */                [firstEndpoint][0m
     [36m| [0m[34m|[0m /* 304.227 */            }[0m
     [36m| [0m[34m|[0m /* 304.228 */            else {[0m
     [36m| [0m[34m|[0m /* 304.229 */                [firstEndpoint, responderEndpoint][0m
     [36m| [0m[34m|[0m /* 304.230 */            }[0m
     [36m| [0m[34m|[0m /* 304.231 */            [0m
     [36m| [0m[34m|[0m /* 304.232 */            let client = DnsClient(config: DnsResolverConfig(nameservers: nameservers, attempts: if(retrySameServer) {[0m
     [36m| [0m[34m|[0m /* 304.233 */                2[0m
     [36m| [0m[34m|[0m /* 304.234 */            }[0m
     [36m| [0m[34m|[0m /* 304.235 */            else {[0m
     [36m| [0m[34m|[0m /* 304.236 */                1[0m
     [36m| [0m[34m|[0m /* 304.237 */            }[0m
     [36m| [0m[34m|[0m /* 304.238 */            , queryTimeout: Duration.second))[0m
     [36m| [0m[34m|[0m /* 304.239 */            let context = api.OperationContext(deadline: Some(api.Deadline.after(500 * Duration.millisecond)))[0m
     [36m| [0m[34m|[0m /* 304.240 */            try {[0m
     [36m| [0m[34m|[0m /* 304.241 */                let response = client.query("failover.test", DnsRecordType.A, context: context)[0m
     [36m| [0m[34m|[0m /* 304.242 */                expectEqual("response.records[0].data()", "[192u8, 0u8, 2u8, 88u8]", response.records[0].data(),[192u8, 0u8, 2u8, 88u8], isDelta: false)[0m
     [36m| [0m[34m|[0m /* 304.243 */                expectEqual("! context.isDeadlineExceeded()", "true", ! context.isDeadlineExceeded(), true, isDelta: false)[0m
     [36m| [0m[34m|[0m /* 304.244 */                expectEqual("serving.get(Duration.second)", "true", serving.get(Duration.second), true, isDelta: false)[0m
     [36m| [0m[34m|[0m /* 304.245 */            } finally {[0m
     [36m| [0m[34m|[0m /* 304.246 */                client.close()[0m
     [36m| [0m[34m|[0m /* 304.247 */                responder.close()[0m
     [36m| [0m[34m|[0m /* 304.248 */                first.close()[0m
     [36m| [0m[34m|[0m /* 304.249 */            }[0m
     [36m| [0m[34m|[0m /* 304.250 */        }[0m
     [36m| [0m[34m|[0m /* 304.251 */    }[0m
     [36m| [0m[34m|[0m /* 304.252 */    [0m
     [36m| [0m[34m|[0m /* 304.253 */    @Attribute[TestCase_6][0m
     [36m| [0m[34m|[0m /* 304.254 */    func exhaustedResponseCodesRetainTheLastRespondingNameserver(): Unit {[0m
     [36m| [0m[34m|[0m /* 304.255 */        let first = UdpSocket.bind(dnsClientTestLoopback(0))[0m
     [36m| [0m[34m|[0m /* 304.256 */        let second = UdpSocket.bind(dnsClientTestLoopback(0))[0m
     [36m| [0m[34m|[0m /* 304.257 */        let firstEndpoint = dnsClientTestEndpoint(first)[0m
     [36m| [0m[34m|[0m /* 304.258 */        let secondEndpoint = dnsClientTestEndpoint(second)[0m
     [36m| [0m[34m|[0m /* 304.259 */        let serving = spawn { let context = api.OperationContext(deadline: Some(api.Deadline.after(Duration.second)))[0m
     [36m| [0m[34m|[0m /* 304.260 */            let firstQuery = first.receive(512, context: context)[0m
     [36m| [0m[34m|[0m /* 304.261 */            let _ = first.sendTo(firstQuery.source.getOrThrow(), api.ByteSpan(dnsClientTestHeader(firstQuery.payload, 0x8182u16).toArray()))[0m
     [36m| [0m[34m|[0m /* 304.262 */            let secondQuery = second.receive(512, context: context)[0m
     [36m| [0m[34m|[0m /* 304.263 */            let _ = second.sendTo(secondQuery.source.getOrThrow(), api.ByteSpan(dnsClientTestHeader(secondQuery.payload, 0x8185u16).toArray()))[0m
     [36m| [0m[34m|[0m /* 304.264 */            true[0m
     [36m| [0m[34m|[0m /* 304.265 */        }[0m
     [36m| [0m[34m|[0m /* 304.266 */        let client = DnsClient(config: DnsResolverConfig(nameservers:[firstEndpoint, secondEndpoint], attempts: 1))[0m
     [36m| [0m[34m|[0m /* 304.267 */        try {[0m
     [36m| [0m[34m|[0m /* 304.268 */            let error = try {[0m
     [36m| [0m[34m|[0m /* 304.269 */                try {[0m
     [36m| [0m[34m|[0m /* 304.270 */                    assertEqual("true", "true", true, true)[0m
     [36m| [0m[34m|[0m /* 304.271 */                    client.query("refused.test", DnsRecordType.A)[0m
     [36m| [0m[34m|[0m /* 304.272 */                    fail("@AssertThrows: Expected 'api.ResolveException' was not caught.")[0m
     [36m| [0m[34m|[0m /* 304.273 */                } catch(e: api.ResolveException) {[0m
     [36m| [0m[34m|[0m /* 304.274 */                    if(e is AssertException) {[0m
     [36m| [0m[34m|[0m /* 304.275 */                        throw e[0m
     [36m| [0m[34m|[0m /* 304.276 */                    }[0m
     [36m| [0m[34m|[0m /* 304.277 */                    if(e is AssertIntermediateException) {[0m
     [36m| [0m[34m|[0m /* 304.278 */                        throw e[0m
     [36m| [0m[34m|[0m /* 304.279 */                    }[0m
     [36m| [0m[34m|[0m /* 304.280 */                    if(e is UnittestTimeoutException) {[0m
     [36m| [0m[34m|[0m /* 304.281 */                        throw e[0m
     [36m| [0m[34m|[0m /* 304.282 */                    }[0m
     [36m| [0m[34m|[0m /* 304.283 */                    e[0m
     [36m| [0m[34m|[0m /* 304.284 */                }[0m
     [36m| [0m[34m|[0m /* 304.285 */            } catch(e: Exception) {[0m
     [36m| [0m[34m|[0m /* 304.286 */                if(e is AssertException || e is AssertIntermediateException || e is UnittestTimeoutException) {[0m
     [36m| [0m[34m|[0m /* 304.287 */                    throw e[0m
     [36m| [0m[34m|[0m /* 304.288 */                }[0m
     [36m| [0m[34m|[0m /* 304.289 */                assertCaughtUnexpectedE("@AssertThrows(api.ResolveException)", "api.ResolveException", e.toString())[0m
     [36m| [0m[34m|[0m /* 304.290 */            }[0m
     [36m| [0m[34m|[0m /* 304.291 */            [0m
     [36m| [0m[34m|[0m /* 304.292 */            expectEqual("dnsClientTestCodeIs(error.resolveCode, api.ResolveErrorCode.TemporaryFailure)", "true", dnsClientTestCodeIs(error.resolveCode, api.ResolveErrorCode.TemporaryFailure), true, isDelta: false)[0m
     [36m| [0m[34m|[0m /* 304.293 */            match(error.remoteEndpoint) {[0m
     [36m| [0m[34m|[0m /* 304.294 */                case Some(api.NetworkEndpoint.Internet(remote)) => expectEqual("remote", "secondEndpoint", remote, secondEndpoint, isDelta: false)[0m
     [36m| [0m[34m|[0m /* 304.295 */                case _ => fail("DNS RCODE failure lost its responding nameserver")[0m
     [36m| [0m[34m|[0m /* 304.296 */            }[0m
     [36m| [0m[34m|[0m /* 304.297 */            expectEqual("serving.get(Duration.second)", "true", serving.get(Duration.second), true, isDelta: false)[0m
     [36m| [0m[34m|[0m /* 304.298 */        } finally {[0m
     [36m| [0m[34m|[0m /* 304.299 */            client.close()[0m
     [36m| [0m[34m|[0m /* 304.300 */            second.close()[0m
     [36m| [0m[34m|[0m /* 304.301 */            first.close()[0m
     [36m| [0m[34m|[0m /* 304.302 */        }[0m
     [36m| [0m[34m|[0m /* 304.303 */    }[0m
     [36m| [0m[34m|[0m /* 304.304 */    [0m
     [36m| [0m[34m|[0m /* 304.305 */    @Attribute[TestCase_7][0m
     [36m| [0m[34m|[0m /* 304.306 */    func unsupportedResponseCodeRetainsRespondingNameserver(): Unit {[0m
     [36m| [0m[34m|[0m /* 304.307 */        let server = UdpSocket.bind(dnsClientTestLoopback(0))[0m
     [36m| [0m[34m|[0m /* 304.308 */        let endpoint = dnsClientTestEndpoint(server)[0m
     [36m| [0m[34m|[0m /* 304.309 */        let serving = spawn { let received = server.receive(512, context: api.OperationContext(deadline: Some(api.Deadline.after(Duration.second))))[0m
     [36m| [0m[34m|[0m /* 304.310 */            let _ = server.sendTo(received.source.getOrThrow(), api.ByteSpan(dnsClientTestHeader(received.payload, 0x8181u16).toArray()))[0m
     [36m| [0m[34m|[0m /* 304.311 */        }[0m
     [36m| [0m[34m|[0m /* 304.312 */        let client = DnsClient(config: dnsClientTestConfig(endpoint))[0m
     [36m| [0m[34m|[0m /* 304.313 */        try {[0m
     [36m| [0m[34m|[0m /* 304.314 */            let error = try {[0m
     [36m| [0m[34m|[0m /* 304.315 */                try {[0m
     [36m| [0m[34m|[0m /* 304.316 */                    assertEqual("true", "true", true, true)[0m
     [36m| [0m[34m|[0m /* 304.317 */                    client.lookup(api.HostName("formerr.test"), options: api.ResolveOptions(family: api.ResolveAddressFamily.Ipv4))[0m
     [36m| [0m[34m|[0m /* 304.318 */                    fail("@AssertThrows: Expected 'api.ResolveException' was not caught.")[0m
     [36m| [0m[34m|[0m /* 304.319 */                } catch(e: api.ResolveException) {[0m
     [36m| [0m[34m|[0m /* 304.320 */                    if(e is AssertException) {[0m
     [36m| [0m[34m|[0m /* 304.321 */                        throw e[0m
     [36m| [0m[34m|[0m /* 304.322 */                    }[0m
     [36m| [0m[34m|[0m /* 304.323 */                    if(e is AssertIntermediateException) {[0m
     [36m| [0m[34m|[0m /* 304.324 */                        throw e[0m
     [36m| [0m[34m|[0m /* 304.325 */                    }[0m
     [36m| [0m[34m|[0m /* 304.326 */                    if(e is UnittestTimeoutException) {[0m
     [36m| [0m[34m|[0m /* 304.327 */                        throw e[0m
     [36m| [0m[34m|[0m /* 304.328 */                    }[0m
     [36m| [0m[34m|[0m /* 304.329 */                    e[0m
     [36m| [0m[34m|[0m /* 304.330 */                }[0m
     [36m| [0m[34m|[0m /* 304.331 */            } catch(e: Exception) {[0m
     [36m| [0m[34m|[0m /* 304.332 */                if(e is AssertException || e is AssertIntermediateException || e is UnittestTimeoutException) {[0m
     [36m| [0m[34m|[0m /* 304.333 */                    throw e[0m
     [36m| [0m[34m|[0m /* 304.334 */                }[0m
     [36m| [0m[34m|[0m /* 304.335 */                assertCaughtUnexpectedE("@AssertThrows(api.ResolveException)", "api.ResolveException", e.toString())[0m
     [36m| [0m[34m|[0m /* 304.336 */            }[0m
     [36m| [0m[34m|[0m /* 304.337 */            [0m
     [36m| [0m[34m|[0m /* 304.338 */            expectEqual("dnsClientTestCodeIs(error.resolveCode, api.ResolveErrorCode.SystemFailure)", "true", dnsClientTestCodeIs(error.resolveCode, api.ResolveErrorCode.SystemFailure), true, isDelta: false)[0m
     [36m| [0m[34m|[0m /* 304.339 */            match(error.remoteEndpoint) {[0m
     [36m| [0m[34m|[0m /* 304.340 */                case Some(api.NetworkEndpoint.Internet(remote)) => expectEqual("remote", "endpoint", remote, endpoint, isDelta: false)[0m
     [36m| [0m[34m|[0m /* 304.341 */                case _ => fail("unsupported DNS response code lost its responding nameserver")[0m
     [36m| [0m[34m|[0m /* 304.342 */            }[0m
     [36m| [0m[34m|[0m /* 304.343 */            serving.get(Duration.second)[0m
     [36m| [0m[34m|[0m /* 304.344 */        } finally {[0m
     [36m| [0m[34m|[0m /* 304.345 */            client.close()[0m
     [36m| [0m[34m|[0m /* 304.346 */            server.close()[0m
     [36m| [0m[34m|[0m /* 304.347 */        }[0m
     [36m| [0m[34m|[0m /* 304.348 */    }[0m
     [36m| [0m[34m|[0m /* 304.349 */    [0m
     [36m| [0m[34m|[0m /* 304.350 */    @Attribute[TestCase_8][0m
     [36m| [0m[34m|[0m /* 304.351 */    func dnsTransportFailuresRetainSelectedNameserver(): Unit {[0m
     [36m| [0m[34m|[0m /* 304.352 */        for(tcpFallback in[false, true]) {[0m
     [36m| [0m[34m|[0m /* 304.353 */            let(server, tcp) = if(tcpFallback) {[0m
     [36m| [0m[34m|[0m /* 304.354 */                let(udp, listener) = dnsClientTestBindServers()[0m
     [36m| [0m[34m|[0m /* 304.355 */                (udp, Some(listener))[0m
     [36m| [0m[34m|[0m /* 304.356 */            }[0m
     [36m| [0m[34m|[0m /* 304.357 */            else {[0m
     [36m| [0m[34m|[0m /* 304.358 */                (UdpSocket.bind(dnsClientTestLoopback(0)), None < TcpListener >)[0m
     [36m| [0m[34m|[0m /* 304.359 */            }[0m
     [36m| [0m[34m|[0m /* 304.360 */            [0m
     [36m| [0m[34m|[0m /* 304.361 */            let endpoint = dnsClientTestEndpoint(server)[0m
     [36m| [0m[34m|[0m /* 304.362 */            let serving = spawn { let received = server.receive(512, context: api.OperationContext(deadline: Some(api.Deadline.after(Duration.second))))[0m
     [36m| [0m[34m|[0m /* 304.363 */                if(let Some(listener) <- tcp) {[0m
     [36m| [0m[34m|[0m /* 304.364 */                    let truncated = dnsClientTestHeader(received.payload, 0x8380u16).toArray()[0m
     [36m| [0m[34m|[0m /* 304.365 */                    let _ = server.sendTo(received.source.getOrThrow(), api.ByteSpan(truncated))[0m
     [36m| [0m[34m|[0m /* 304.366 */                    let stream = listener.accept(context: api.OperationContext(deadline: Some(api.Deadline.after(Duration.second))))[0m
     [36m| [0m[34m|[0m /* 304.367 */                    stream.close()[0m
     [36m| [0m[34m|[0m /* 304.368 */                }[0m
     [36m| [0m[34m|[0m /* 304.369 */                received.source.getOrThrow()[0m
     [36m| [0m[34m|[0m /* 304.370 */            }[0m
     [36m| [0m[34m|[0m /* 304.371 */            let client = DnsClient(config: DnsResolverConfig(nameservers:[endpoint], attempts: 1, queryTimeout: 250 * Duration.millisecond))[0m
     [36m| [0m[34m|[0m /* 304.372 */            try {[0m
     [36m| [0m[34m|[0m /* 304.373 */                let error = try {[0m
     [36m| [0m[34m|[0m /* 304.374 */                    try {[0m
     [36m| [0m[34m|[0m /* 304.375 */                        assertEqual("true", "true", true, true)[0m
     [36m| [0m[34m|[0m /* 304.376 */                        client.query("transport-error.test", DnsRecordType.A)[0m
     [36m| [0m[34m|[0m /* 304.377 */                        fail("@AssertThrows: Expected 'api.ResolveException' was not caught.")[0m
     [36m| [0m[34m|[0m /* 304.378 */                    } catch(e: api.ResolveException) {[0m
     [36m| [0m[34m|[0m /* 304.379 */                        if(e is AssertException) {[0m
     [36m| [0m[34m|[0m /* 304.380 */                            throw e[0m
     [36m| [0m[34m|[0m /* 304.381 */                        }[0m
     [36m| [0m[34m|[0m /* 304.382 */                        if(e is AssertIntermediateException) {[0m
     [36m| [0m[34m|[0m /* 304.383 */                            throw e[0m
     [36m| [0m[34m|[0m /* 304.384 */                        }[0m
     [36m| [0m[34m|[0m /* 304.385 */                        if(e is UnittestTimeoutException) {[0m
     [36m| [0m[34m|[0m /* 304.386 */                            throw e[0m
     [36m| [0m[34m|[0m /* 304.387 */                        }[0m
     [36m| [0m[34m|[0m /* 304.388 */                        e[0m
     [36m| [0m[34m|[0m /* 304.389 */                    }[0m
     [36m| [0m[34m|[0m /* 304.390 */                } catch(e: Exception) {[0m
     [36m| [0m[34m|[0m /* 304.391 */                    if(e is AssertException || e is AssertIntermediateException || e is UnittestTimeoutException) {[0m
     [36m| [0m[34m|[0m /* 304.392 */                        throw e[0m
     [36m| [0m[34m|[0m /* 304.393 */                    }[0m
     [36m| [0m[34m|[0m /* 304.394 */                    assertCaughtUnexpectedE("@AssertThrows(api.ResolveException)", "api.ResolveException", e.toString())[0m
     [36m| [0m[34m|[0m /* 304.395 */                }[0m
     [36m| [0m[34m|[0m /* 304.396 */                [0m
     [36m| [0m[34m|[0m /* 304.397 */                let caller = serving.get(Duration.second)[0m
     [36m| [0m[34m|[0m /* 304.398 */                match(error.remoteEndpoint) {[0m
     [36m| [0m[34m|[0m /* 304.399 */                    case Some(api.NetworkEndpoint.Internet(remote)) => expectEqual("remote", "endpoint", remote, endpoint, isDelta: false)[0m
     [36m| [0m[34m|[0m /* 304.400 */                    case _ => fail("DNS transport error lost the selected nameserver")[0m
     [36m| [0m[34m|[0m /* 304.401 */                }[0m
     [36m| [0m[34m|[0m /* 304.402 */                if(! tcpFallback) {[0m
     [36m| [0m[34m|[0m /* 304.403 */                    expectEqual("dnsClientTestCodeIs(error.resolveCode, api.ResolveErrorCode.Timeout)", "true", dnsClientTestCodeIs(error.resolveCode, api.ResolveErrorCode.Timeout), true, isDelta: false)[0m
     [36m| [0m[34m|[0m /* 304.404 */                    match((error.localEndpoint, caller)) {[0m
     [36m| [0m[34m|[0m /* 304.405 */                        case(Some(api.NetworkEndpoint.Internet(local)), api.NetworkEndpoint.Internet(peer)) => expectEqual("local.port", "peer.port", local.port, peer.port, isDelta: false)[0m
     [36m| [0m[34m|[0m /* 304.406 */                        case _ => fail("DNS receive error lost its local socket")[0m
     [36m| [0m[34m|[0m /* 304.407 */                    }[0m
     [36m| [0m[34m|[0m /* 304.408 */                }[0m
     [36m| [0m[34m|[0m /* 304.409 */                else {[0m
     [36m| [0m[34m|[0m /* 304.410 */                    expectEqual("dnsClientTestCodeIs(error.resolveCode, api.ResolveErrorCode.TemporaryFailure)", "true", dnsClientTestCodeIs(error.resolveCode, api.ResolveErrorCode.TemporaryFailure), true, isDelta: false)[0m
     [36m| [0m[34m|[0m /* 304.411 */                }[0m
     [36m| [0m[34m|[0m /* 304.412 */                expectEqual("error.cause.isSome()", "true", error.cause.isSome(), true, isDelta: false)[0m
     [36m| [0m[34m|[0m /* 304.413 */            } finally {[0m
     [36m| [0m[34m|[0m /* 304.414 */                client.close()[0m
     [36m| [0m[34m|[0m /* 304.415 */                if(let Some(listener) <- tcp) {[0m
     [36m| [0m[34m|[0m /* 304.416 */                    listener.close()[0m
     [36m| [0m[34m|[0m /* 304.417 */                }[0m
     [36m| [0m[34m|[0m /* 304.418 */                server.close()[0m
     [36m| [0m[34m|[0m /* 304.419 */            }[0m
     [36m| [0m[34m|[0m /* 304.420 */        }[0m
     [36m| [0m[34m|[0m /* 304.421 */    }[0m
     [36m| [0m[34m|[0m /* 304.422 */    [0m
     [36m| [0m[34m|[0m /* 304.423 */    @Attribute[TestCase_9][0m
     [36m| [0m[34m|[0m /* 304.424 */    func tcpResponseCannotRemainTruncated(): Unit {[0m
     [36m| [0m[34m|[0m /* 304.425 */        let(udp, tcp) = dnsClientTestBindServers()[0m
     [36m| [0m[34m|[0m /* 304.426 */        let endpoint = dnsClientTestEndpoint(udp)[0m
     [36m| [0m[34m|[0m /* 304.427 */        let udpServing = spawn { let received = udp.receive(512, context: api.OperationContext(deadline: Some(api.Deadline.after(Duration.second))))[0m
     [36m| [0m[34m|[0m /* 304.428 */            let truncated = dnsClientTestHeader(received.payload, 0x8380u16).toArray()[0m
     [36m| [0m[34m|[0m /* 304.429 */            let _ = udp.sendTo(received.source.getOrThrow(), api.ByteSpan(truncated))[0m
     [36m| [0m[34m|[0m /* 304.430 */            true[0m
     [36m| [0m[34m|[0m /* 304.431 */        }[0m
     [36m| [0m[34m|[0m /* 304.432 */        let tcpServing = spawn { let stream = tcp.accept(context: api.OperationContext(deadline: Some(api.Deadline.after(Duration.second))))[0m
     [36m| [0m[34m|[0m /* 304.433 */            try {[0m
     [36m| [0m[34m|[0m /* 304.434 */                let lengthBytes = Array < Byte >(2, repeat: 0u8)[0m
     [36m| [0m[34m|[0m /* 304.435 */                stream.readExact(api.MutableByteSpan(lengthBytes), context: api.OperationContext.background())[0m
     [36m| [0m[34m|[0m /* 304.436 */                let length =(Int64(lengthBytes[0]) << 8) | Int64(lengthBytes[1])[0m
     [36m| [0m[34m|[0m /* 304.437 */                let query = Array < Byte >(length, repeat: 0u8)[0m
     [36m| [0m[34m|[0m /* 304.438 */                stream.readExact(api.MutableByteSpan(query), context: api.OperationContext.background())[0m
     [36m| [0m[34m|[0m /* 304.439 */                let stillTruncated = dnsClientTestHeader(query, 0x8380u16).toArray()[0m
     [36m| [0m[34m|[0m /* 304.440 */                stream.writeAll(api.ByteSpan(dnsClientTestTcpFrame(stillTruncated)), context: api.OperationContext.background())[0m
     [36m| [0m[34m|[0m /* 304.441 */                true[0m
     [36m| [0m[34m|[0m /* 304.442 */            } finally {[0m
     [36m| [0m[34m|[0m /* 304.443 */                stream.close()[0m
     [36m| [0m[34m|[0m /* 304.444 */            }[0m
     [36m| [0m[34m|[0m /* 304.445 */        }[0m
     [36m| [0m[34m|[0m /* 304.446 */        let client = DnsClient(config: dnsClientTestConfig(endpoint))[0m
     [36m| [0m[34m|[0m /* 304.447 */        try {[0m
     [36m| [0m[34m|[0m /* 304.448 */            let error = try {[0m
     [36m| [0m[34m|[0m /* 304.449 */                try {[0m
     [36m| [0m[34m|[0m /* 304.450 */                    assertEqual("true", "true", true, true)[0m
     [36m| [0m[34m|[0m /* 304.451 */                    client.query("still-truncated.test", DnsRecordType.A)[0m
     [36m| [0m[34m|[0m /* 304.452 */                    fail("@AssertThrows: Expected 'api.ResolveException' was not caught.")[0m
     [36m| [0m[34m|[0m /* 304.453 */                } catch(e: api.ResolveException) {[0m
     [36m| [0m[34m|[0m /* 304.454 */                    if(e is AssertException) {[0m
     [36m| [0m[34m|[0m /* 304.455 */                        throw e[0m
     [36m| [0m[34m|[0m /* 304.456 */                    }[0m
     [36m| [0m[34m|[0m /* 304.457 */                    if(e is AssertIntermediateException) {[0m
     [36m| [0m[34m|[0m /* 304.458 */                        throw e[0m
     [36m| [0m[34m|[0m /* 304.459 */                    }[0m
     [36m| [0m[34m|[0m /* 304.460 */                    if(e is UnittestTimeoutException) {[0m
     [36m| [0m[34m|[0m /* 304.461 */                        throw e[0m
     [36m| [0m[34m|[0m /* 304.462 */                    }[0m
     [36m| [0m[34m|[0m /* 304.463 */                    e[0m
     [36m| [0m[34m|[0m /* 304.464 */                }[0m
     [36m| [0m[34m|[0m /* 304.465 */            } catch(e: Exception) {[0m
     [36m| [0m[34m|[0m /* 304.466 */                if(e is AssertException || e is AssertIntermediateException || e is UnittestTimeoutException) {[0m
     [36m| [0m[34m|[0m /* 304.467 */                    throw e[0m
     [36m| [0m[34m|[0m /* 304.468 */                }[0m
     [36m| [0m[34m|[0m /* 304.469 */                assertCaughtUnexpectedE("@AssertThrows(api.ResolveException)", "api.ResolveException", e.toString())[0m
     [36m| [0m[34m|[0m /* 304.470 */            }[0m
     [36m| [0m[34m|[0m /* 304.471 */            [0m
     [36m| [0m[34m|[0m /* 304.472 */            expectEqual("dnsClientTestCodeIs(error.resolveCode, api.ResolveErrorCode.SystemFailure)", "true", dnsClientTestCodeIs(error.resolveCode, api.ResolveErrorCode.SystemFailure), true, isDelta: false)[0m
     [36m| [0m[34m|[0m /* 304.473 */            match(error.remoteEndpoint) {[0m
     [36m| [0m[34m|[0m /* 304.474 */                case Some(api.NetworkEndpoint.Internet(remote)) => expectEqual("remote", "endpoint", remote, endpoint, isDelta: false)[0m
     [36m| [0m[34m|[0m /* 304.475 */                case _ => fail("truncated TCP DNS response lost its nameserver")[0m
     [36m| [0m[34m|[0m /* 304.476 */            }[0m
     [36m| [0m[34m|[0m /* 304.477 */            expectEqual("error.cause.isSome()", "true", error.cause.isSome(), true, isDelta: false)[0m
     [36m| [0m[34m|[0m /* 304.478 */            expectEqual("udpServing.get(Duration.second)", "true", udpServing.get(Duration.second), true, isDelta: false)[0m
     [36m| [0m[34m|[0m /* 304.479 */            expectEqual("tcpServing.get(Duration.second)", "true", tcpServing.get(Duration.second), true, isDelta: false)[0m
     [36m| [0m[34m|[0m /* 304.480 */        } finally {[0m
     [36m| [0m[34m|[0m /* 304.481 */            client.close()[0m
     [36m| [0m[34m|[0m /* 304.482 */            tcp.close()[0m
     [36m| [0m[34m|[0m /* 304.483 */            udp.close()[0m
     [36m| [0m[34m|[0m /* 304.484 */        }[0m
     [36m| [0m[34m|[0m /* 304.485 */    }[0m
     [36m| [0m[34m|[0m /* 304.486 */    [0m
     [36m| [0m[34m|[0m /* 304.487 */    @Attribute[TestCase_10][0m
     [36m| [0m[34m|[0m /* 304.488 */    func malformedMatchingResponseAndUnrelatedSectionsCannotPoisonCache(): Unit {[0m
     [36m| [0m[34m|[0m /* 304.489 */        let server = UdpSocket.bind(dnsClientTestLoopback(0))[0m
     [36m| [0m[34m|[0m /* 304.490 */        let endpoint = dnsClientTestEndpoint(server)[0m
     [36m| [0m[34m|[0m /* 304.491 */        let serving = spawn { let first = server.receive(512, context: api.OperationContext(deadline: Some(api.Deadline.after(Duration.second))))[0m
     [36m| [0m[34m|[0m /* 304.492 */            let malformed = dnsClientTestHeader(first.payload, 0x8180u16, answers: 1).toArray()[0m
     [36m| [0m[34m|[0m /* 304.493 */            let _ = server.sendTo(first.source.getOrThrow(), api.ByteSpan(malformed))[0m
     [36m| [0m[34m|[0m /* 304.494 */            let second = server.receive(512, context: api.OperationContext(deadline: Some(api.Deadline.after(Duration.second))))[0m
     [36m| [0m[34m|[0m /* 304.495 */            let _ = server.sendTo(second.source.getOrThrow(), api.ByteSpan(dnsClientTestPoisonedAdditional(second.payload)))[0m
     [36m| [0m[34m|[0m /* 304.496 */            let third = server.receive(512, context: api.OperationContext(deadline: Some(api.Deadline.after(Duration.second))))[0m
     [36m| [0m[34m|[0m /* 304.497 */            let _ = server.sendTo(third.source.getOrThrow(), api.ByteSpan(dnsClientTestAResponse(third.payload,[192u8, 0u8, 2u8, 33u8])))[0m
     [36m| [0m[34m|[0m /* 304.498 */            true[0m
     [36m| [0m[34m|[0m /* 304.499 */        }[0m
     [36m| [0m[34m|[0m /* 304.500 */        let client = DnsClient(config: dnsClientTestConfig(endpoint))[0m
     [36m| [0m[34m|[0m /* 304.501 */        let options = api.ResolveOptions(family: api.ResolveAddressFamily.Ipv4)[0m
     [36m| [0m[34m|[0m /* 304.502 */        try {[0m
     [36m| [0m[34m|[0m /* 304.503 */            let malformed = try {[0m
     [36m| [0m[34m|[0m /* 304.504 */                try {[0m
     [36m| [0m[34m|[0m /* 304.505 */                    assertEqual("true", "true", true, true)[0m
     [36m| [0m[34m|[0m /* 304.506 */                    client.lookup(api.HostName("poison.test"), options: options)[0m
     [36m| [0m[34m|[0m /* 304.507 */                    fail("@AssertThrows: Expected 'api.ResolveException' was not caught.")[0m
     [36m| [0m[34m|[0m /* 304.508 */                } catch(e: api.ResolveException) {[0m
     [36m| [0m[34m|[0m /* 304.509 */                    if(e is AssertException) {[0m
     [36m| [0m[34m|[0m /* 304.510 */                        throw e[0m
     [36m| [0m[34m|[0m /* 304.511 */                    }[0m
     [36m| [0m[34m|[0m /* 304.512 */                    if(e is AssertIntermediateException) {[0m
     [36m| [0m[34m|[0m /* 304.513 */                        throw e[0m
     [36m| [0m[34m|[0m /* 304.514 */                    }[0m
     [36m| [0m[34m|[0m /* 304.515 */                    if(e is UnittestTimeoutException) {[0m
     [36m| [0m[34m|[0m /* 304.516 */                        throw e[0m
     [36m| [0m[34m|[0m /* 304.517 */                    }[0m
     [36m| [0m[34m|[0m /* 304.518 */                    e[0m
     [36m| [0m[34m|[0m /* 304.519 */                }[0m
     [36m| [0m[34m|[0m /* 304.520 */            } catch(e: Exception) {[0m
     [36m| [0m[34m|[0m /* 304.521 */                if(e is AssertException || e is AssertIntermediateException || e is UnittestTimeoutException) {[0m
     [36m| [0m[34m|[0m /* 304.522 */                    throw e[0m
     [36m| [0m[34m|[0m /* 304.523 */                }[0m
     [36m| [0m[34m|[0m /* 304.524 */                assertCaughtUnexpectedE("@AssertThrows(api.ResolveException)", "api.ResolveException", e.toString())[0m
     [36m| [0m[34m|[0m /* 304.525 */            }[0m
     [36m| [0m[34m|[0m /* 304.526 */            [0m
     [36m| [0m[34m|[0m /* 304.527 */            expectEqual("dnsClientTestCodeIs(malformed.resolveCode, api.ResolveErrorCode.SystemFailure)", "true", dnsClientTestCodeIs(malformed.resolveCode, api.ResolveErrorCode.SystemFailure), true, isDelta: false)[0m
     [36m| [0m[34m|[0m /* 304.528 */            match(malformed.remoteEndpoint) {[0m
     [36m| [0m[34m|[0m /* 304.529 */                case Some(api.NetworkEndpoint.Internet(remote)) => expectEqual("remote", "endpoint", remote, endpoint, isDelta: false)[0m
     [36m| [0m[34m|[0m /* 304.530 */                case _ => fail("malformed UDP DNS response lost its nameserver")[0m
     [36m| [0m[34m|[0m /* 304.531 */            }[0m
     [36m| [0m[34m|[0m /* 304.532 */            expectEqual("malformed.cause.isSome()", "true", malformed.cause.isSome(), true, isDelta: false)[0m
     [36m| [0m[34m|[0m /* 304.533 */            let noData = dnsClientTestResolveCode({ =>[0m
     [36m| [0m[34m|[0m /* 304.534 */                let _ = client.lookup(api.HostName("poison.test"), options: options)[0m
     [36m| [0m[34m|[0m /* 304.535 */            })[0m
     [36m| [0m[34m|[0m /* 304.536 */            expectEqual("dnsClientTestCodeIs(noData, api.ResolveErrorCode.NoData)", "true", dnsClientTestCodeIs(noData, api.ResolveErrorCode.NoData), true, isDelta: false)[0m
     [36m| [0m[34m|[0m /* 304.537 */            let valid = client.lookup(api.HostName("poison.test"), options: options)[0m
     [36m| [0m[34m|[0m /* 304.538 */            expectEqual("valid.addresses[0].toOctets()", "[192u8, 0u8, 2u8, 33u8]", valid.addresses[0].toOctets(),[192u8, 0u8, 2u8, 33u8], isDelta: false)[0m
     [36m| [0m[34m|[0m /* 304.539 */            expectEqual("serving.get(Duration.second)", "true", serving.get(Duration.second), true, isDelta: false)[0m
     [36m| [0m[34m|[0m /* 304.540 */        } finally {[0m
     [36m| [0m[34m|[0m /* 304.541 */            client.close()[0m
     [36m| [0m[34m|[0m /* 304.542 */            server.close()[0m
     [36m| [0m[34m|[0m /* 304.543 */        }[0m
     [36m| [0m[34m|[0m /* 304.544 */    }[0m
     [36m| [0m[34m|[0m /* 304.545 */    [0m
     [36m| [0m[34m|[0m /* 304.546 */    @Attribute[TestCase_11][0m
     [36m| [0m[34m|[0m /* 304.547 */    func cnameTraversalUsesAnswerOwnersAndRejectsConflictingTargets(): Unit {[0m
     [36m| [0m[34m|[0m /* 304.548 */        let server = UdpSocket.bind(dnsClientTestLoopback(0))[0m
     [36m| [0m[34m|[0m /* 304.549 */        let endpoint = dnsClientTestEndpoint(server)[0m
     [36m| [0m[34m|[0m /* 304.550 */        let serving: Future < Int64 >= spawn { let first = server.receive(512, context: api.OperationContext(deadline: Some(api.Deadline.after(Duration.second))))[0m
     [36m| [0m[34m|[0m /* 304.551 */            let _ = server.sendTo(first.source.getOrThrow(), api.ByteSpan(dnsClientTestCnameAddressResponse(first.payload, "target.test",[192u8, 0u8, 2u8, 61u8])))[0m
     [36m| [0m[34m|[0m /* 304.552 */            let second = server.receive(512, context: api.OperationContext(deadline: Some(api.Deadline.after(Duration.second))))[0m
     [36m| [0m[34m|[0m /* 304.553 */            let _ = server.sendTo(second.source.getOrThrow(), api.ByteSpan(dnsClientTestConflictingCnames(second.payload)))[0m
     [36m| [0m[34m|[0m /* 304.554 */            2[0m
     [36m| [0m[34m|[0m /* 304.555 */        }[0m
     [36m| [0m[34m|[0m /* 304.556 */        let client = DnsClient(config: dnsClientTestConfig(endpoint))[0m
     [36m| [0m[34m|[0m /* 304.557 */        let options = api.ResolveOptions(family: api.ResolveAddressFamily.Ipv4)[0m
     [36m| [0m[34m|[0m /* 304.558 */        try {[0m
     [36m| [0m[34m|[0m /* 304.559 */            let result = client.lookup(api.HostName("alias.test"), options: options)[0m
     [36m| [0m[34m|[0m /* 304.560 */            expectEqual("result.canonicalHost.ascii", "\"target.test\"", result.canonicalHost.ascii, "target.test", isDelta: false)[0m
     [36m| [0m[34m|[0m /* 304.561 */            expectEqual("result.addresses[0].toOctets()", "[192u8, 0u8, 2u8, 61u8]", result.addresses[0].toOctets(),[192u8, 0u8, 2u8, 61u8], isDelta: false)[0m
     [36m| [0m[34m|[0m /* 304.562 */            let conflict = try {[0m
     [36m| [0m[34m|[0m /* 304.563 */                try {[0m
     [36m| [0m[34m|[0m /* 304.564 */                    assertEqual("true", "true", true, true)[0m
     [36m| [0m[34m|[0m /* 304.565 */                    client.lookup(api.HostName("conflict.test"), options: options)[0m
     [36m| [0m[34m|[0m /* 304.566 */                    fail("@AssertThrows: Expected 'api.ResolveException' was not caught.")[0m
     [36m| [0m[34m|[0m /* 304.567 */                } catch(e: api.ResolveException) {[0m
     [36m| [0m[34m|[0m /* 304.568 */                    if(e is AssertException) {[0m
     [36m| [0m[34m|[0m /* 304.569 */                        throw e[0m
     [36m| [0m[34m|[0m /* 304.570 */                    }[0m
     [36m| [0m[34m|[0m /* 304.571 */                    if(e is AssertIntermediateException) {[0m
     [36m| [0m[34m|[0m /* 304.572 */                        throw e[0m
     [36m| [0m[34m|[0m /* 304.573 */                    }[0m
     [36m| [0m[34m|[0m /* 304.574 */                    if(e is UnittestTimeoutException) {[0m
     [36m| [0m[34m|[0m /* 304.575 */                        throw e[0m
     [36m| [0m[34m|[0m /* 304.576 */                    }[0m
     [36m| [0m[34m|[0m /* 304.577 */                    e[0m
     [36m| [0m[34m|[0m /* 304.578 */                }[0m
     [36m| [0m[34m|[0m /* 304.579 */            } catch(e: Exception) {[0m
     [36m| [0m[34m|[0m /* 304.580 */                if(e is AssertException || e is AssertIntermediateException || e is UnittestTimeoutException) {[0m
     [36m| [0m[34m|[0m /* 304.581 */                    throw e[0m
     [36m| [0m[34m|[0m /* 304.582 */                }[0m
     [36m| [0m[34m|[0m /* 304.583 */                assertCaughtUnexpectedE("@AssertThrows(api.ResolveException)", "api.ResolveException", e.toString())[0m
     [36m| [0m[34m|[0m /* 304.584 */            }[0m
     [36m| [0m[34m|[0m /* 304.585 */            [0m
     [36m| [0m[34m|[0m /* 304.586 */            expectEqual("dnsClientTestCodeIs(conflict.resolveCode, api.ResolveErrorCode.SystemFailure)", "true", dnsClientTestCodeIs(conflict.resolveCode, api.ResolveErrorCode.SystemFailure), true, isDelta: false)[0m
     [36m| [0m[34m|[0m /* 304.587 */            match(conflict.remoteEndpoint) {[0m
     [36m| [0m[34m|[0m /* 304.588 */                case Some(api.NetworkEndpoint.Internet(remote)) => expectEqual("remote", "endpoint", remote, endpoint, isDelta: false)[0m
     [36m| [0m[34m|[0m /* 304.589 */                case _ => fail("conflicting CNAME response lost its responding nameserver")[0m
     [36m| [0m[34m|[0m /* 304.590 */            }[0m
     [36m| [0m[34m|[0m /* 304.591 */            expectEqual("serving.get(Duration.second)", "2", serving.get(Duration.second), 2, isDelta: false)[0m
     [36m| [0m[34m|[0m /* 304.592 */        } finally {[0m
     [36m| [0m[34m|[0m /* 304.593 */            client.close()[0m
     [36m| [0m[34m|[0m /* 304.594 */            server.close()[0m
     [36m| [0m[34m|[0m /* 304.595 */        }[0m
     [36m| [0m[34m|[0m /* 304.596 */    }[0m
     [36m| [0m[34m|[0m /* 304.597 */    [0m
     [36m| [0m[34m|[0m /* 304.598 */    @Attribute[TestCase_12][0m
     [36m| [0m[34m|[0m /* 304.599 */    func fullResultCapacityDoesNotQueryAnotherFamily(): Unit {[0m
     [36m| [0m[34m|[0m /* 304.600 */        let server = UdpSocket.bind(dnsClientTestLoopback(0))[0m
     [36m| [0m[34m|[0m /* 304.601 */        let endpoint = dnsClientTestEndpoint(server)[0m
     [36m| [0m[34m|[0m /* 304.602 */        let serving = spawn { let received = server.receive(512, context: api.OperationContext(deadline: Some(api.Deadline.after(Duration.second))))[0m
     [36m| [0m[34m|[0m /* 304.603 */            let _ = server.sendTo(received.source.getOrThrow(), api.ByteSpan(dnsClientTestAResponse(received.payload,[192u8, 0u8, 2u8, 71u8])))[0m
     [36m| [0m[34m|[0m /* 304.604 */        }[0m
     [36m| [0m[34m|[0m /* 304.605 */        let client = DnsClient(config: dnsClientTestConfig(endpoint))[0m
     [36m| [0m[34m|[0m /* 304.606 */        try {[0m
     [36m| [0m[34m|[0m /* 304.607 */            for(_ in 0 .. 2) {[0m
     [36m| [0m[34m|[0m /* 304.608 */                let result = client.lookup(api.HostName("capacity.test"), options: api.ResolveOptions(family: api.ResolveAddressFamily.Any, maxResults: 1))[0m
     [36m| [0m[34m|[0m /* 304.609 */                expectEqual("result.addresses.size", "1", result.addresses.size, 1, isDelta: false)[0m
     [36m| [0m[34m|[0m /* 304.610 */                expectEqual("result.addresses[0].toOctets()", "[192u8, 0u8, 2u8, 71u8]", result.addresses[0].toOctets(),[192u8, 0u8, 2u8, 71u8], isDelta: false)[0m
     [36m| [0m[34m|[0m /* 304.611 */            }[0m
     [36m| [0m[34m|[0m /* 304.612 */            serving.get(Duration.second)[0m
     [36m| [0m[34m|[0m /* 304.613 */            try {[0m
     [36m| [0m[34m|[0m /* 304.614 */                let _ = server.receive(512, context: api.OperationContext(deadline: Some(api.Deadline.after(50 * Duration.millisecond))))[0m
     [36m| [0m[34m|[0m /* 304.615 */                expectEqual("false", "true", false, true, isDelta: false)[0m
     [36m| [0m[34m|[0m /* 304.616 */            } catch(error: api.NetworkException) {[0m
     [36m| [0m[34m|[0m /* 304.617 */                match(error.code) {[0m
     [36m| [0m[34m|[0m /* 304.618 */                    case api.NetworkErrorCode.TimedOut =>()[0m
     [36m| [0m[34m|[0m /* 304.619 */                    case _ => fail("unexpected receive error")[0m
     [36m| [0m[34m|[0m /* 304.620 */                }[0m
     [36m| [0m[34m|[0m /* 304.621 */            }[0m
     [36m| [0m[34m|[0m /* 304.622 */        } finally {[0m
     [36m| [0m[34m|[0m /* 304.623 */            client.close()[0m
     [36m| [0m[34m|[0m /* 304.624 */            server.close()[0m
     [36m| [0m[34m|[0m /* 304.625 */        }[0m
     [36m| [0m[34m|[0m /* 304.626 */    }[0m
     [36m| [0m[34m|[0m /* 304.627 */    [0m
     [36m| [0m[34m|[0m /* 304.628 */    @Attribute[TestCase_13][0m
     [36m| [0m[34m|[0m /* 304.629 */    func rfc2308CacheRetainsNxdomainVersusNodataWithoutNewPackets(): Unit {[0m
     [36m| [0m[34m|[0m /* 304.630 */        let server = UdpSocket.bind(dnsClientTestLoopback(0))[0m
     [36m| [0m[34m|[0m /* 304.631 */        let endpoint = dnsClientTestEndpoint(server)[0m
     [36m| [0m[34m|[0m /* 304.632 */        let serving: Future < Int64 >= spawn { var served: Int64 = 0[0m
     [36m| [0m[34m|[0m /* 304.633 */            while(served < 3) {[0m
     [36m| [0m[34m|[0m /* 304.634 */                let received = server.receive(512, context: api.OperationContext(deadline: Some(api.Deadline.after(Duration.second))))[0m
     [36m| [0m[34m|[0m /* 304.635 */                let question = DnsMessageParser().parse(received.payload).questions[0][0m
     [36m| [0m[34m|[0m /* 304.636 */                var response = dnsClientTestNegative(received.payload, question.name != "empty.test")[0m
     [36m| [0m[34m|[0m /* 304.637 */                if(question.name == "alias.test") {[0m
     [36m| [0m[34m|[0m /* 304.638 */                    let output = dnsClientTestHeader(received.payload, 0x8183u16, answers: 1, authority: 1)[0m
     [36m| [0m[34m|[0m /* 304.639 */                    dnsClientTestAppendCname(output, "missing.test", 20u32)[0m
     [36m| [0m[34m|[0m /* 304.640 */                    output.add(0u8)[0m
     [36m| [0m[34m|[0m /* 304.641 */                    for(index in(received.payload.size + 2) .. response.size) {[0m
     [36m| [0m[34m|[0m /* 304.642 */                        output.add(response[index])[0m
     [36m| [0m[34m|[0m /* 304.643 */                    }[0m
     [36m| [0m[34m|[0m /* 304.644 */                    response = output.toArray()[0m
     [36m| [0m[34m|[0m /* 304.645 */                }[0m
     [36m| [0m[34m|[0m /* 304.646 */                let _ = server.sendTo(received.source.getOrThrow(), api.ByteSpan(response))[0m
     [36m| [0m[34m|[0m /* 304.647 */                served ++[0m
     [36m| [0m[34m|[0m /* 304.648 */            }[0m
     [36m| [0m[34m|[0m /* 304.649 */            served[0m
     [36m| [0m[34m|[0m /* 304.650 */        }[0m
     [36m| [0m[34m|[0m /* 304.651 */        let client = DnsClient(config: dnsClientTestConfig(endpoint))[0m
     [36m| [0m[34m|[0m /* 304.652 */        let options = api.ResolveOptions(family: api.ResolveAddressFamily.Ipv4)[0m
     [36m| [0m[34m|[0m /* 304.653 */        try {[0m
     [36m| [0m[34m|[0m /* 304.654 */            for(pass in 0 .. 2) {[0m
     [36m| [0m[34m|[0m /* 304.655 */                for(name in["missing.test", "empty.test", "alias.test"]) {[0m
     [36m| [0m[34m|[0m /* 304.656 */                    try {[0m
     [36m| [0m[34m|[0m /* 304.657 */                        let _ = client.lookup(api.HostName(name), options: options)[0m
     [36m| [0m[34m|[0m /* 304.658 */                        expectEqual("false", "true", false, true, isDelta: false)[0m
     [36m| [0m[34m|[0m /* 304.659 */                    } catch(error: api.ResolveException) {[0m
     [36m| [0m[34m|[0m /* 304.660 */                        let expected = if(name == "empty.test") {[0m
     [36m| [0m[34m|[0m /* 304.661 */                            api.ResolveErrorCode.NoData[0m
     [36m| [0m[34m|[0m /* 304.662 */                        }[0m
     [36m| [0m[34m|[0m /* 304.663 */                        else {[0m
     [36m| [0m[34m|[0m /* 304.664 */                            api.ResolveErrorCode.NameNotFound[0m
     [36m| [0m[34m|[0m /* 304.665 */                        }[0m
     [36m| [0m[34m|[0m /* 304.666 */                        [0m
     [36m| [0m[34m|[0m /* 304.667 */                        expectEqual("dnsClientTestCodeIs(error.resolveCode, expected)", "true", dnsClientTestCodeIs(error.resolveCode, expected), true, isDelta: false)[0m
     [36m| [0m[34m|[0m /* 304.668 */                        if(pass == 0) {[0m
     [36m| [0m[34m|[0m /* 304.669 */                            match(error.remoteEndpoint) {[0m
     [36m| [0m[34m|[0m /* 304.670 */                                case Some(api.NetworkEndpoint.Internet(remote)) => expectEqual("remote", "endpoint", remote, endpoint, isDelta: false)[0m
     [36m| [0m[34m|[0m /* 304.671 */                                case _ => fail("live negative answer lost its responding nameserver")[0m
     [36m| [0m[34m|[0m /* 304.672 */                            }[0m
     [36m| [0m[34m|[0m /* 304.673 */                        }[0m
     [36m| [0m[34m|[0m /* 304.674 */                        else {[0m
     [36m| [0m[34m|[0m /* 304.675 */                            expectEqual("error.remoteEndpoint.isNone()", "true", error.remoteEndpoint.isNone(), true, isDelta: false)[0m
     [36m| [0m[34m|[0m /* 304.676 */                        }[0m
     [36m| [0m[34m|[0m /* 304.677 */                    }[0m
     [36m| [0m[34m|[0m /* 304.678 */                }[0m
     [36m| [0m[34m|[0m /* 304.679 */            }[0m
     [36m| [0m[34m|[0m /* 304.680 */            expectEqual("serving.get(Duration.second)", "3", serving.get(Duration.second), 3, isDelta: false)[0m
     [36m| [0m[34m|[0m /* 304.681 */        } finally {[0m
     [36m| [0m[34m|[0m /* 304.682 */            client.close()[0m
     [36m| [0m[34m|[0m /* 304.683 */            server.close()[0m
     [36m| [0m[34m|[0m /* 304.684 */        }[0m
     [36m| [0m[34m|[0m /* 304.685 */    }[0m
     [36m| [0m[34m|[0m /* 304.686 */    [0m
     [36m| [0m[34m|[0m /* 304.687 */    @Attribute[TestCase_14][0m
     [36m| [0m[34m|[0m /* 304.688 */    func zeroTtlNeverCreatesAPositiveCacheEntry(): Unit {[0m
     [36m| [0m[34m|[0m /* 304.689 */        let server = UdpSocket.bind(dnsClientTestLoopback(0))[0m
     [36m| [0m[34m|[0m /* 304.690 */        let endpoint = dnsClientTestEndpoint(server)[0m
     [36m| [0m[34m|[0m /* 304.691 */        let serving: Future < Int64 >= spawn { var served: Int64 = 0[0m
     [36m| [0m[34m|[0m /* 304.692 */            while(served < 2) {[0m
     [36m| [0m[34m|[0m /* 304.693 */                let received = server.receive(512, context: api.OperationContext(deadline: Some(api.Deadline.after(Duration.second))))[0m
     [36m| [0m[34m|[0m /* 304.694 */                let response = dnsClientTestAResponse(received.payload,[192u8, 0u8, 2u8, UInt8(UInt64(served + 1))], ttl: 0u32)[0m
     [36m| [0m[34m|[0m /* 304.695 */                let _ = server.sendTo(received.source.getOrThrow(), api.ByteSpan(response))[0m
     [36m| [0m[34m|[0m /* 304.696 */                served ++[0m
     [36m| [0m[34m|[0m /* 304.697 */            }[0m
     [36m| [0m[34m|[0m /* 304.698 */            served[0m
     [36m| [0m[34m|[0m /* 304.699 */        }[0m
     [36m| [0m[34m|[0m /* 304.700 */        let client = DnsClient(config: dnsClientTestConfig(endpoint))[0m
     [36m| [0m[34m|[0m /* 304.701 */        let options = api.ResolveOptions(family: api.ResolveAddressFamily.Ipv4)[0m
     [36m| [0m[34m|[0m /* 304.702 */        try {[0m
     [36m| [0m[34m|[0m /* 304.703 */            let first = client.lookup(api.HostName("zero.test"), options: options)[0m
     [36m| [0m[34m|[0m /* 304.704 */            let second = client.lookup(api.HostName("zero.test"), options: options)[0m
     [36m| [0m[34m|[0m /* 304.705 */            expectEqual("first.addresses[0].toOctets()", "[192u8, 0u8, 2u8, 1u8]", first.addresses[0].toOctets(),[192u8, 0u8, 2u8, 1u8], isDelta: false)[0m
     [36m| [0m[34m|[0m /* 304.706 */            expectEqual("second.addresses[0].toOctets()", "[192u8, 0u8, 2u8, 2u8]", second.addresses[0].toOctets(),[192u8, 0u8, 2u8, 2u8], isDelta: false)[0m
     [36m| [0m[34m|[0m /* 304.707 */            expectEqual("serving.get(Duration.second)", "2", serving.get(Duration.second), 2, isDelta: false)[0m
     [36m| [0m[34m|[0m /* 304.708 */        } finally {[0m
     [36m| [0m[34m|[0m /* 304.709 */            client.close()[0m
     [36m| [0m[34m|[0m /* 304.710 */            server.close()[0m
     [36m| [0m[34m|[0m /* 304.711 */        }[0m
     [36m| [0m[34m|[0m /* 304.712 */    }[0m
     [36m| [0m[34m|[0m /* 304.713 */    [0m
     [36m| [0m[34m|[0m /* 304.714 */    @Attribute[TestCase_15][0m
     [36m| [0m[34m|[0m /* 304.715 */    func callerCancellationAndClientCloseWakeActiveNativeReceive(): Unit {[0m
     [36m| [0m[34m|[0m /* 304.716 */        let server = UdpSocket.bind(dnsClientTestLoopback(0))[0m
     [36m| [0m[34m|[0m /* 304.717 */        let endpoint = dnsClientTestEndpoint(server)[0m
     [36m| [0m[34m|[0m /* 304.718 */        let firstGate = DnsClientTestGate()[0m
     [36m| [0m[34m|[0m /* 304.719 */        let firstServer = spawn { let _ = server.receive(512, context: api.OperationContext(deadline: Some(api.Deadline.after(Duration.second))))[0m
     [36m| [0m[34m|[0m /* 304.720 */            firstGate.arriveAndWait()[0m
     [36m| [0m[34m|[0m /* 304.721 */        }[0m
     [36m| [0m[34m|[0m /* 304.722 */        let cancellation = api.CancellationSource()[0m
     [36m| [0m[34m|[0m /* 304.723 */        let firstClient = DnsClient(config: dnsClientTestConfig(endpoint))[0m
     [36m| [0m[34m|[0m /* 304.724 */        let cancelled = spawn { dnsClientTestResolveCode({ =>[0m
     [36m| [0m[34m|[0m /* 304.725 */            let _ = firstClient.query("cancel.test", DnsRecordType.A, context: api.OperationContext(cancellation: cancellation.token))[0m
     [36m| [0m[34m|[0m /* 304.726 */        })[0m
     [36m| [0m[34m|[0m /* 304.727 */    }[0m
     [36m| [0m[34m|[0m /* 304.728 */    firstGate.waitForArrival()[0m
     [36m| [0m[34m|[0m /* 304.729 */    cancellation.cancel()[0m
     [36m| [0m[34m|[0m /* 304.730 */    expectEqual("dnsClientTestCodeIs(cancelled.get(Duration.second), api.ResolveErrorCode.Cancelled)", "true", dnsClientTestCodeIs(cancelled.get(Duration.second), api.ResolveErrorCode.Cancelled), true, isDelta: false)[0m
     [36m| [0m[34m|[0m /* 304.731 */    firstGate.release()[0m
     [36m| [0m[34m|[0m /* 304.732 */    firstServer.get(Duration.second)[0m
     [36m| [0m[34m|[0m /* 304.733 */    firstClient.close()[0m
     [36m| [0m[34m|[0m /* 304.734 */    let secondGate = DnsClientTestGate()[0m
     [36m| [0m[34m|[0m /* 304.735 */    let secondServer = spawn { let _ = server.receive(512, context: api.OperationContext(deadline: Some(api.Deadline.after(Duration.second))))[0m
     [36m| [0m[34m|[0m /* 304.736 */        secondGate.arriveAndWait()[0m
     [36m| [0m[34m|[0m /* 304.737 */    }[0m
     [36m| [0m[34m|[0m /* 304.738 */    let secondClient = DnsClient(config: dnsClientTestConfig(endpoint))[0m
     [36m| [0m[34m|[0m /* 304.739 */    let closed = spawn { dnsClientTestResolveCode({ =>[0m
     [36m| [0m[34m|[0m /* 304.740 */        let _ = secondClient.query("close.test", DnsRecordType.A)[0m
     [36m| [0m[34m|[0m /* 304.741 */    })[0m
     [36m| [0m[34m|[0m /* 304.742 */}[0m
     [36m| [0m[34m|[0m /* 304.743 */secondGate.waitForArrival()[0m
     [36m| [0m[34m|[0m /* 304.744 */secondClient.close()[0m
     [36m| [0m[34m|[0m /* 304.745 */expectEqual("dnsClientTestCodeIs(closed.get(Duration.second), api.ResolveErrorCode.Cancelled)", "true", dnsClientTestCodeIs(closed.get(Duration.second), api.ResolveErrorCode.Cancelled), true, isDelta: false)[0m
     [36m| [0m[34m|[0m /* 304.746 */expectEqual("secondClient.isClosed()", "true", secondClient.isClosed(), true, isDelta: false)[0m
     [36m| [0m[34m|[0m /* 304.747 */let afterClose = dnsClientTestResolveCode({ =>[0m
     [36m| [0m[34m|[0m /* 304.748 */    let _ = secondClient.query("after-close.test", DnsRecordType.A)[0m
     [36m| [0m[34m|[0m /* 304.749 */})[0m
     [36m| [0m[34m|[0m /* 304.750 */expectEqual("dnsClientTestCodeIs(afterClose, api.ResolveErrorCode.SystemFailure)", "true", dnsClientTestCodeIs(afterClose, api.ResolveErrorCode.SystemFailure), true, isDelta: false)[0m
     [36m| [0m[34m|[0m /* 304.751 */secondGate.release()[0m
     [36m| [0m[34m|[0m /* 304.752 */secondServer.get(Duration.second)[0m
     [36m| [0m[34m|[0m /* 304.753 */server.close()[0m
     [36m| [0m[34m|[0m /* 304.754 */}[0m
     [36m| [0m[34m|[0m /* 304.755 */[0m
     [36m| [0m[34m|[0m /* 304.756 */@Attribute[TestCase_16][0m
     [36m| [0m[34m|[0m /* 304.757 */func anyFamilyRetainsAddressesWhenTheOtherFamilyFails(): Unit {[0m
     [36m| [0m[34m|[0m /* 304.758 */for((failingType, flags) in[(1, 0x8182u16),(28, 0x8181u16)]) {[0m
     [36m| [0m[34m|[0m /* 304.759 */    let server = UdpSocket.bind(dnsClientTestLoopback(0))[0m
     [36m| [0m[34m|[0m /* 304.760 */    let endpoint = dnsClientTestEndpoint(server)[0m
     [36m| [0m[34m|[0m /* 304.761 */    let serving = spawn { for(_ in 0 .. 2) {[0m
     [36m| [0m[34m|[0m /* 304.762 */        let received = server.receive(512, context: api.OperationContext(deadline: Some(api.Deadline.after(Duration.second))))[0m
     [36m| [0m[34m|[0m /* 304.763 */        let query = received.payload[0m
     [36m| [0m[34m|[0m /* 304.764 */        let kind = Int64(query[query.size - 3])[0m
     [36m| [0m[34m|[0m /* 304.765 */        let response = if(kind == failingType) {[0m
     [36m| [0m[34m|[0m /* 304.766 */            dnsClientTestHeader(query, flags).toArray()[0m
     [36m| [0m[34m|[0m /* 304.767 */        }[0m
     [36m| [0m[34m|[0m /* 304.768 */        else {[0m
     [36m| [0m[34m|[0m /* 304.769 */            let output = dnsClientTestHeader(query, 0x8180u16, answers: 1)[0m
     [36m| [0m[34m|[0m /* 304.770 */            dnsClientTestAppendU16(output, 0xC00C)[0m
     [36m| [0m[34m|[0m /* 304.771 */            dnsClientTestAppendU16(output, kind)[0m
     [36m| [0m[34m|[0m /* 304.772 */            dnsClientTestAppendU16(output, 1)[0m
     [36m| [0m[34m|[0m /* 304.773 */            dnsClientTestAppendU32(output, 30u32)[0m
     [36m| [0m[34m|[0m /* 304.774 */            let bytes = if(kind == 1) {[0m
     [36m| [0m[34m|[0m /* 304.775 */                [192u8, 0u8, 2u8, 44u8][0m
     [36m| [0m[34m|[0m /* 304.776 */            }[0m
     [36m| [0m[34m|[0m /* 304.777 */            else {[0m
     [36m| [0m[34m|[0m /* 304.778 */                Array < Byte >(16, repeat: 1u8)[0m
     [36m| [0m[34m|[0m /* 304.779 */            }[0m
     [36m| [0m[34m|[0m /* 304.780 */            [0m
     [36m| [0m[34m|[0m /* 304.781 */            dnsClientTestAppendU16(output, bytes.size)[0m
     [36m| [0m[34m|[0m /* 304.782 */            for(value in bytes) {[0m
     [36m| [0m[34m|[0m /* 304.783 */                output.add(value)[0m
     [36m| [0m[34m|[0m /* 304.784 */            }[0m
     [36m| [0m[34m|[0m /* 304.785 */            output.toArray()[0m
     [36m| [0m[34m|[0m /* 304.786 */        }[0m
     [36m| [0m[34m|[0m /* 304.787 */        [0m
     [36m| [0m[34m|[0m /* 304.788 */        let _ = server.sendTo(received.source.getOrThrow(), api.ByteSpan(response))[0m
     [36m| [0m[34m|[0m /* 304.789 */    }[0m
     [36m| [0m[34m|[0m /* 304.790 */    true[0m
     [36m| [0m[34m|[0m /* 304.791 */}[0m
     [36m| [0m[34m|[0m /* 304.792 */let client = DnsClient(config: dnsClientTestConfig(endpoint))[0m
     [36m| [0m[34m|[0m /* 304.793 */try {[0m
     [36m| [0m[34m|[0m /* 304.794 */    let result = client.lookup(api.HostName("family.test"))[0m
     [36m| [0m[34m|[0m /* 304.795 */    assertEqual("result.addresses.size", "1", result.addresses.size, 1, isDelta: false)[0m
     [36m| [0m[34m|[0m /* 304.796 */    expectEqual("result.addresses[0].toOctets()", "if(failingType == 1) {\n    Array < Byte >(16, repeat: 1u8)\n}\nelse {\n    [192u8, 0u8, 2u8, 44u8]\n}\n", result.addresses[0].toOctets(), if(failingType == 1) {[0m
     [36m| [0m[34m|[0m /* 304.797 */        Array < Byte >(16, repeat: 1u8)[0m
     [36m| [0m[34m|[0m /* 304.798 */    }[0m
     [36m| [0m[34m|[0m /* 304.799 */    else {[0m
     [36m| [0m[34m|[0m /* 304.800 */        [192u8, 0u8, 2u8, 44u8][0m
     [36m| [0m[34m|[0m /* 304.801 */    }[0m
     [36m| [0m[34m|[0m /* 304.802 */    , isDelta: false)[0m
     [36m| [0m[34m|[0m /* 304.803 */    expectEqual("serving.get(Duration.second)", "true", serving.get(Duration.second), true, isDelta: false)[0m
     [36m| [0m[34m|[0m /* 304.804 */} finally {[0m
     [36m| [0m[34m|[0m /* 304.805 */    client.close()[0m
     [36m| [0m[34m|[0m /* 304.806 */    server.close()[0m
     [36m| [0m[34m|[0m /* 304.807 */}[0m
     [36m| [0m[34m|[0m /* 304.808 */}[0m
     [36m| [0m[34m|[0m /* 304.809 */}[0m
     [36m| [0m[34m|[0m /* 304.810 */[0m
     [36m| [0m[34m|[0m /* 304.811 */@Attribute[TestCase_17][0m
     [36m| [0m[34m|[0m /* 304.812 */func crossFamilyConflictsRetainTheLivePeerAlongsideCachedResults(): Unit {[0m
     [36m| [0m[34m|[0m /* 304.813 */for(cachedFamily in[api.ResolveAddressFamily.Ipv4, api.ResolveAddressFamily.Ipv6]) {[0m
     [36m| [0m[34m|[0m /* 304.814 */let server = UdpSocket.bind(dnsClientTestLoopback(0))[0m
     [36m| [0m[34m|[0m /* 304.815 */let endpoint = dnsClientTestEndpoint(server)[0m
     [36m| [0m[34m|[0m /* 304.816 */let serving = spawn { for(_ in 0 .. 2) {[0m
     [36m| [0m[34m|[0m /* 304.817 */    let received = server.receive(512, context: api.OperationContext(deadline: Some(api.Deadline.after(Duration.second))))[0m
     [36m| [0m[34m|[0m /* 304.818 */    let query = received.payload[0m
     [36m| [0m[34m|[0m /* 304.819 */    let kind = Int64(query[query.size - 3])[0m
     [36m| [0m[34m|[0m /* 304.820 */    let target = if(kind == 1) {[0m
     [36m| [0m[34m|[0m /* 304.821 */        "v4.test"[0m
     [36m| [0m[34m|[0m /* 304.822 */    }[0m
     [36m| [0m[34m|[0m /* 304.823 */    else {[0m
     [36m| [0m[34m|[0m /* 304.824 */        "v6.test"[0m
     [36m| [0m[34m|[0m /* 304.825 */    }[0m
     [36m| [0m[34m|[0m /* 304.826 */    [0m
     [36m| [0m[34m|[0m /* 304.827 */    let output = dnsClientTestHeader(query, 0x8180u16, answers: 2)[0m
     [36m| [0m[34m|[0m /* 304.828 */    dnsClientTestAppendCname(output, target, 30u32)[0m
     [36m| [0m[34m|[0m /* 304.829 */    for(value in dnsClientTestName(target)) {[0m
     [36m| [0m[34m|[0m /* 304.830 */        output.add(value)[0m
     [36m| [0m[34m|[0m /* 304.831 */    }[0m
     [36m| [0m[34m|[0m /* 304.832 */    dnsClientTestAppendU16(output, kind)[0m
     [36m| [0m[34m|[0m /* 304.833 */    dnsClientTestAppendU16(output, 1)[0m
     [36m| [0m[34m|[0m /* 304.834 */    dnsClientTestAppendU32(output, 30u32)[0m
     [36m| [0m[34m|[0m /* 304.835 */    let bytes = if(kind == 1) {[0m
     [36m| [0m[34m|[0m /* 304.836 */        [192u8, 0u8, 2u8, 81u8][0m
     [36m| [0m[34m|[0m /* 304.837 */    }[0m
     [36m| [0m[34m|[0m /* 304.838 */    else {[0m
     [36m| [0m[34m|[0m /* 304.839 */        Array < Byte >(16, repeat: 1u8)[0m
     [36m| [0m[34m|[0m /* 304.840 */    }[0m
     [36m| [0m[34m|[0m /* 304.841 */    [0m
     [36m| [0m[34m|[0m /* 304.842 */    dnsClientTestAppendU16(output, bytes.size)[0m
     [36m| [0m[34m|[0m /* 304.843 */    for(value in bytes) {[0m
     [36m| [0m[34m|[0m /* 304.844 */        output.add(value)[0m
     [36m| [0m[34m|[0m /* 304.845 */    }[0m
     [36m| [0m[34m|[0m /* 304.846 */    let _ = server.sendTo(received.source.getOrThrow(), api.ByteSpan(output.toArray()))[0m
     [36m| [0m[34m|[0m /* 304.847 */}[0m
     [36m| [0m[34m|[0m /* 304.848 */}[0m
     [36m| [0m[34m|[0m /* 304.849 */let client = DnsClient(config: dnsClientTestConfig(endpoint))[0m
     [36m| [0m[34m|[0m /* 304.850 */try {[0m
     [36m| [0m[34m|[0m /* 304.851 */let _ = client.lookup(api.HostName("split.test"), options: api.ResolveOptions(family: cachedFamily))[0m
     [36m| [0m[34m|[0m /* 304.852 */for(pass in 0 .. 2) {[0m
     [36m| [0m[34m|[0m /* 304.853 */    let error = try {[0m
     [36m| [0m[34m|[0m /* 304.854 */        try {[0m
     [36m| [0m[34m|[0m /* 304.855 */            assertEqual("true", "true", true, true)[0m
     [36m| [0m[34m|[0m /* 304.856 */            client.lookup(api.HostName("split.test"))[0m
     [36m| [0m[34m|[0m /* 304.857 */            fail("@AssertThrows: Expected 'api.ResolveException' was not caught.")[0m
     [36m| [0m[34m|[0m /* 304.858 */        } catch(e: api.ResolveException) {[0m
     [36m| [0m[34m|[0m /* 304.859 */            if(e is AssertException) {[0m
     [36m| [0m[34m|[0m /* 304.860 */                throw e[0m
     [36m| [0m[34m|[0m /* 304.861 */            }[0m
     [36m| [0m[34m|[0m /* 304.862 */            if(e is AssertIntermediateException) {[0m
     [36m| [0m[34m|[0m /* 304.863 */                throw e[0m
     [36m| [0m[34m|[0m /* 304.864 */            }[0m
     [36m| [0m[34m|[0m /* 304.865 */            if(e is UnittestTimeoutException) {[0m
     [36m| [0m[34m|[0m /* 304.866 */                throw e[0m
     [36m| [0m[34m|[0m /* 304.867 */            }[0m
     [36m| [0m[34m|[0m /* 304.868 */            e[0m
     [36m| [0m[34m|[0m /* 304.869 */        }[0m
     [36m| [0m[34m|[0m /* 304.870 */    } catch(e: Exception) {[0m
     [36m| [0m[34m|[0m /* 304.871 */        if(e is AssertException || e is AssertIntermediateException || e is UnittestTimeoutException) {[0m
     [36m| [0m[34m|[0m /* 304.872 */            throw e[0m
     [36m| [0m[34m|[0m /* 304.873 */        }[0m
     [36m| [0m[34m|[0m /* 304.874 */        assertCaughtUnexpectedE("@AssertThrows(api.ResolveException)", "api.ResolveException", e.toString())[0m
     [36m| [0m[34m|[0m /* 304.875 */    }[0m
     [36m| [0m[34m|[0m /* 304.876 */    [0m
     [36m| [0m[34m|[0m /* 304.877 */    expectEqual("dnsClientTestCodeIs(error.resolveCode, api.ResolveErrorCode.SystemFailure)", "true", dnsClientTestCodeIs(error.resolveCode, api.ResolveErrorCode.SystemFailure), true, isDelta: false)[0m
     [36m| [0m[34m|[0m /* 304.878 */    if(pass == 0) {[0m
     [36m| [0m[34m|[0m /* 304.879 */        match(error.remoteEndpoint) {[0m
     [36m| [0m[34m|[0m /* 304.880 */            case Some(api.NetworkEndpoint.Internet(remote)) => expectEqual("remote", "endpoint", remote, endpoint, isDelta: false)[0m
     [36m| [0m[34m|[0m /* 304.881 */            case _ => fail("cross-family conflict lost its live responding nameserver")[0m
     [36m| [0m[34m|[0m /* 304.882 */        }[0m
     [36m| [0m[34m|[0m /* 304.883 */    }[0m
     [36m| [0m[34m|[0m /* 304.884 */    else {[0m
     [36m| [0m[34m|[0m /* 304.885 */        expectEqual("error.remoteEndpoint.isNone()", "true", error.remoteEndpoint.isNone(), true, isDelta: false)[0m
     [36m| [0m[34m|[0m /* 304.886 */    }[0m
     [36m| [0m[34m|[0m /* 304.887 */}[0m
     [36m| [0m[34m|[0m /* 304.888 */serving.get(Duration.second)[0m
     [36m| [0m[34m|[0m /* 304.889 */} finally {[0m
     [36m| [0m[34m|[0m /* 304.890 */client.close()[0m
     [36m| [0m[34m|[0m /* 304.891 */server.close()[0m
     [36m| [0m[34m|[0m /* 304.892 */}[0m
     [36m| [0m[34m|[0m /* 304.893 */}[0m
     [36m| [0m[34m|[0m /* 304.894 */}[0m
     [36m| [0m[34m|[0m /* 304.895 */[0m
     [36m| [0m[34m|[0m /* 304.896 */@Attribute[TestCase_18][0m
     [36m| [0m[34m|[0m /* 304.897 */func nxdomainInvalidatesVisitedTargetsAndOtherCachedAliases(): Unit {[0m
     [36m| [0m[34m|[0m /* 304.898 */for(inlineNegative in[true, false]) {[0m
     [36m| [0m[34m|[0m /* 304.899 */let server = UdpSocket.bind(dnsClientTestLoopback(0))[0m
     [36m| [0m[34m|[0m /* 304.900 */let endpoint = dnsClientTestEndpoint(server)[0m
     [36m| [0m[34m|[0m /* 304.901 */let serving = spawn { let count = if(inlineNegative) {[0m
     [36m| [0m[34m|[0m /* 304.902 */8[0m
     [36m| [0m[34m|[0m /* 304.903 */}[0m
     [36m| [0m[34m|[0m /* 304.904 */else {[0m
     [36m| [0m[34m|[0m /* 304.905 */9[0m
     [36m| [0m[34m|[0m /* 304.906 */}[0m
     [36m| [0m[34m|[0m /* 304.907 */[0m
     [36m| [0m[34m|[0m /* 304.908 */for(index in 0 .. count) {[0m
     [36m| [0m[34m|[0m /* 304.909 */let received = server.receive(512, context: api.OperationContext(deadline: Some(api.Deadline.after(Duration.second))))[0m
     [36m| [0m[34m|[0m /* 304.910 */let response = if(index == 2) {[0m
     [36m| [0m[34m|[0m /* 304.911 */    dnsClientTestCnameAddressResponse(received.payload, "target.test",[192u8, 0u8, 2u8, 3u8])[0m
     [36m| [0m[34m|[0m /* 304.912 */}[0m
     [36m| [0m[34m|[0m /* 304.913 */else if(index == 3 || index == 4) {[0m
     [36m| [0m[34m|[0m /* 304.914 */    let flags = if(inlineNegative && index == 4) {[0m
     [36m| [0m[34m|[0m /* 304.915 */        0x8183u16[0m
     [36m| [0m[34m|[0m /* 304.916 */    }[0m
     [36m| [0m[34m|[0m /* 304.917 */    else {[0m
     [36m| [0m[34m|[0m /* 304.918 */        0x8180u16[0m
     [36m| [0m[34m|[0m /* 304.919 */    }[0m
     [36m| [0m[34m|[0m /* 304.920 */    [0m
     [36m| [0m[34m|[0m /* 304.921 */    let output = dnsClientTestHeader(received.payload, flags, answers: 1)[0m
     [36m| [0m[34m|[0m /* 304.922 */    dnsClientTestAppendCname(output, if(index == 3) {[0m
     [36m| [0m[34m|[0m /* 304.923 */        "middle.test"[0m
     [36m| [0m[34m|[0m /* 304.924 */    }[0m
     [36m| [0m[34m|[0m /* 304.925 */    else {[0m
     [36m| [0m[34m|[0m /* 304.926 */        "target.test"[0m
     [36m| [0m[34m|[0m /* 304.927 */    }[0m
     [36m| [0m[34m|[0m /* 304.928 */    , 20u32)[0m
     [36m| [0m[34m|[0m /* 304.929 */    output.toArray()[0m
     [36m| [0m[34m|[0m /* 304.930 */}[0m
     [36m| [0m[34m|[0m /* 304.931 */else if(! inlineNegative && index == 5) {[0m
     [36m| [0m[34m|[0m /* 304.932 */    dnsClientTestHeader(received.payload, 0x8183u16).toArray()[0m
     [36m| [0m[34m|[0m /* 304.933 */}[0m
     [36m| [0m[34m|[0m /* 304.934 */else {[0m
     [36m| [0m[34m|[0m /* 304.935 */    let address = if(index < 2) {[0m
     [36m| [0m[34m|[0m /* 304.936 */        UInt8(UInt64(index + 1))[0m
     [36m| [0m[34m|[0m /* 304.937 */    }[0m
     [36m| [0m[34m|[0m /* 304.938 */    else {[0m
     [36m| [0m[34m|[0m /* 304.939 */        99u8[0m
     [36m| [0m[34m|[0m /* 304.940 */    }[0m
     [36m| [0m[34m|[0m /* 304.941 */    [0m
     [36m| [0m[34m|[0m /* 304.942 */    dnsClientTestAResponse(received.payload,[192u8, 0u8, 2u8, address])[0m
     [36m| [0m[34m|[0m /* 304.943 */}[0m
     [36m| [0m[34m|[0m /* 304.944 */[0m
     [36m| [0m[34m|[0m /* 304.945 */let _ = server.sendTo(received.source.getOrThrow(), api.ByteSpan(response))[0m
     [36m| [0m[34m|[0m /* 304.946 */}[0m
     [36m| [0m[34m|[0m /* 304.947 */}[0m
     [36m| [0m[34m|[0m /* 304.948 */let client = DnsClient(config: dnsClientTestConfig(endpoint))[0m
     [36m| [0m[34m|[0m /* 304.949 */let names =["target.test", "middle.test", "other.test"][0m
     [36m| [0m[34m|[0m /* 304.950 */try {[0m
     [36m| [0m[34m|[0m /* 304.951 */for(index in 0 .. names.size) {[0m
     [36m| [0m[34m|[0m /* 304.952 */let cached = client.lookup(api.HostName(names[index]), options: api.ResolveOptions(family: api.ResolveAddressFamily.Ipv4))[0m
     [36m| [0m[34m|[0m /* 304.953 */assertEqual("cached.addresses[0].toOctets()[3]", "UInt8(UInt64(index + 1))", cached.addresses[0].toOctets()[3], UInt8(UInt64(index + 1)), isDelta: false)[0m
     [36m| [0m[34m|[0m /* 304.954 */}[0m
     [36m| [0m[34m|[0m /* 304.955 */let denied = try {[0m
     [36m| [0m[34m|[0m /* 304.956 */try {[0m
     [36m| [0m[34m|[0m /* 304.957 */    assertEqual("true", "true", true, true)[0m
     [36m| [0m[34m|[0m /* 304.958 */    client.lookup(api.HostName("alias.test"), options: api.ResolveOptions(family: api.ResolveAddressFamily.Ipv6))[0m
     [36m| [0m[34m|[0m /* 304.959 */    fail("@AssertThrows: Expected 'api.ResolveException' was not caught.")[0m
     [36m| [0m[34m|[0m /* 304.960 */} catch(e: api.ResolveException) {[0m
     [36m| [0m[34m|[0m /* 304.961 */    if(e is AssertException) {[0m
     [36m| [0m[34m|[0m /* 304.962 */        throw e[0m
     [36m| [0m[34m|[0m /* 304.963 */    }[0m
     [36m| [0m[34m|[0m /* 304.964 */    if(e is AssertIntermediateException) {[0m
     [36m| [0m[34m|[0m /* 304.965 */        throw e[0m
     [36m| [0m[34m|[0m /* 304.966 */    }[0m
     [36m| [0m[34m|[0m /* 304.967 */    if(e is UnittestTimeoutException) {[0m
     [36m| [0m[34m|[0m /* 304.968 */        throw e[0m
     [36m| [0m[34m|[0m /* 304.969 */    }[0m
     [36m| [0m[34m|[0m /* 304.970 */    e[0m
     [36m| [0m[34m|[0m /* 304.971 */}[0m
     [36m| [0m[34m|[0m /* 304.972 */} catch(e: Exception) {[0m
     [36m| [0m[34m|[0m /* 304.973 */if(e is AssertException || e is AssertIntermediateException || e is UnittestTimeoutException) {[0m
     [36m| [0m[34m|[0m /* 304.974 */    throw e[0m
     [36m| [0m[34m|[0m /* 304.975 */}[0m
     [36m| [0m[34m|[0m /* 304.976 */assertCaughtUnexpectedE("@AssertThrows(api.ResolveException)", "api.ResolveException", e.toString())[0m
     [36m| [0m[34m|[0m /* 304.977 */}[0m
     [36m| [0m[34m|[0m /* 304.978 */[0m
     [36m| [0m[34m|[0m /* 304.979 */expectEqual("dnsClientTestCodeIs(denied.resolveCode, api.ResolveErrorCode.NameNotFound)", "true", dnsClientTestCodeIs(denied.resolveCode, api.ResolveErrorCode.NameNotFound), true, isDelta: false)[0m
     [36m| [0m[34m|[0m /* 304.980 */for(name in names) {[0m
     [36m| [0m[34m|[0m /* 304.981 */let refreshed = client.lookup(api.HostName(name), options: api.ResolveOptions(maxResults: 1))[0m
     [36m| [0m[34m|[0m /* 304.982 */assertEqual("refreshed.addresses[0].toOctets()", "[192u8, 0u8, 2u8, 99u8]", refreshed.addresses[0].toOctets(),[192u8, 0u8, 2u8, 99u8], isDelta: false)[0m
     [36m| [0m[34m|[0m /* 304.983 */}[0m
     [36m| [0m[34m|[0m /* 304.984 */serving.get(Duration.second)[0m
     [36m| [0m[34m|[0m /* 304.985 */} finally {[0m
     [36m| [0m[34m|[0m /* 304.986 */client.close()[0m
     [36m| [0m[34m|[0m /* 304.987 */server.close()[0m
     [36m| [0m[34m|[0m /* 304.988 */}[0m
     [36m| [0m[34m|[0m /* 304.989 */}[0m
     [36m| [0m[34m|[0m /* 304.990 */}[0m
     [36m| [0m[34m|[0m /* 304.991 */[0m
     [36m| [0m[34m|[0m /* 304.992 */@Attribute[TestCase_19][0m
     [36m| [0m[34m|[0m /* 304.993 */func everyNxdomainInvalidatesPreviouslyCachedAddresses(): Unit {[0m
     [36m| [0m[34m|[0m /* 304.994 */let server = UdpSocket.bind(dnsClientTestLoopback(0))[0m
     [36m| [0m[34m|[0m /* 304.995 */let endpoint = dnsClientTestEndpoint(server)[0m
     [36m| [0m[34m|[0m /* 304.996 */let serving = spawn { var address: UInt8 = 0u8[0m
     [36m| [0m[34m|[0m /* 304.997 */for(index in 0 .. 5) {[0m
     [36m| [0m[34m|[0m /* 304.998 */let received = server.receive(512, context: api.OperationContext(deadline: Some(api.Deadline.after(Duration.second))))[0m
     [36m| [0m[34m|[0m /* 304.999 */let response = if(index == 1) {[0m
     [36m| [0m[34m|[0m /* 304.1000 */dnsClientTestHeader(received.payload, 0x8183u16).toArray()[0m
     [36m| [0m[34m|[0m /* 304.1001 */}[0m
     [36m| [0m[34m|[0m /* 304.1002 */else if(index == 3) {[0m
     [36m| [0m[34m|[0m /* 304.1003 */dnsClientTestNegative(received.payload, true, soaTtl: 0u32, soaMinimum: 0u32)[0m
     [36m| [0m[34m|[0m /* 304.1004 */}[0m
     [36m| [0m[34m|[0m /* 304.1005 */else {[0m
     [36m| [0m[34m|[0m /* 304.1006 */address ++[0m
     [36m| [0m[34m|[0m /* 304.1007 */dnsClientTestAResponse(received.payload,[192u8, 0u8, 2u8, address])[0m
     [36m| [0m[34m|[0m /* 304.1008 */}[0m
     [36m| [0m[34m|[0m /* 304.1009 */[0m
     [36m| [0m[34m|[0m /* 304.1010 */let _ = server.sendTo(received.source.getOrThrow(), api.ByteSpan(response))[0m
     [36m| [0m[34m|[0m /* 304.1011 */}[0m
     [36m| [0m[34m|[0m /* 304.1012 */}[0m
     [36m| [0m[34m|[0m /* 304.1013 */let client = DnsClient(config: dnsClientTestConfig(endpoint))[0m
     [36m| [0m[34m|[0m /* 304.1014 */let oneAddress = api.ResolveOptions(maxResults: 1)[0m
     [36m| [0m[34m|[0m /* 304.1015 */try {[0m
     [36m| [0m[34m|[0m /* 304.1016 */let first = client.lookup(api.HostName("invalidate.test"), options: oneAddress)[0m
     [36m| [0m[34m|[0m /* 304.1017 */assertEqual("first.addresses[0].toOctets()", "[192u8, 0u8, 2u8, 1u8]", first.addresses[0].toOctets(),[192u8, 0u8, 2u8, 1u8], isDelta: false)[0m
     [36m| [0m[34m|[0m /* 304.1018 */for(expected in[2u8, 3u8]) {[0m
     [36m| [0m[34m|[0m /* 304.1019 */let denied = try {[0m
     [36m| [0m[34m|[0m /* 304.1020 */try {[0m
     [36m| [0m[34m|[0m /* 304.1021 */    assertEqual("true", "true", true, true)[0m
     [36m| [0m[34m|[0m /* 304.1022 */    client.lookup(api.HostName("invalidate.test"), options: api.ResolveOptions(family: api.ResolveAddressFamily.Ipv6))[0m
     [36m| [0m[34m|[0m /* 304.1023 */    fail("@AssertThrows: Expected 'api.ResolveException' was not caught.")[0m
     [36m| [0m[34m|[0m /* 304.1024 */} catch(e: api.ResolveException) {[0m
     [36m| [0m[34m|[0m /* 304.1025 */    if(e is AssertException) {[0m
     [36m| [0m[34m|[0m /* 304.1026 */        throw e[0m
     [36m| [0m[34m|[0m /* 304.1027 */    }[0m
     [36m| [0m[34m|[0m /* 304.1028 */    if(e is AssertIntermediateException) {[0m
     [36m| [0m[34m|[0m /* 304.1029 */        throw e[0m
     [36m| [0m[34m|[0m /* 304.1030 */    }[0m
     [36m| [0m[34m|[0m /* 304.1031 */    if(e is UnittestTimeoutException) {[0m
     [36m| [0m[34m|[0m /* 304.1032 */        throw e[0m
     [36m| [0m[34m|[0m /* 304.1033 */    }[0m
     [36m| [0m[34m|[0m /* 304.1034 */    e[0m
     [36m| [0m[34m|[0m /* 304.1035 */}[0m
     [36m| [0m[34m|[0m /* 304.1036 */} catch(e: Exception) {[0m
     [36m| [0m[34m|[0m /* 304.1037 */if(e is AssertException || e is AssertIntermediateException || e is UnittestTimeoutException) {[0m
     [36m| [0m[34m|[0m /* 304.1038 */    throw e[0m
     [36m| [0m[34m|[0m /* 304.1039 */}[0m
     [36m| [0m[34m|[0m /* 304.1040 */assertCaughtUnexpectedE("@AssertThrows(api.ResolveException)", "api.ResolveException", e.toString())[0m
     [36m| [0m[34m|[0m /* 304.1041 */}[0m
     [36m| [0m[34m|[0m /* 304.1042 */[0m
     [36m| [0m[34m|[0m /* 304.1043 */expectEqual("dnsClientTestCodeIs(denied.resolveCode, api.ResolveErrorCode.NameNotFound)", "true", dnsClientTestCodeIs(denied.resolveCode, api.ResolveErrorCode.NameNotFound), true, isDelta: false)[0m
     [36m| [0m[34m|[0m /* 304.1044 */let refreshed = client.lookup(api.HostName("invalidate.test"), options: oneAddress)[0m
     [36m| [0m[34m|[0m /* 304.1045 */assertEqual("refreshed.addresses[0].toOctets()", "[192u8, 0u8, 2u8, expected]", refreshed.addresses[0].toOctets(),[192u8, 0u8, 2u8, expected], isDelta: false)[0m
     [36m| [0m[34m|[0m /* 304.1046 */}[0m
     [36m| [0m[34m|[0m /* 304.1047 */serving.get(Duration.second)[0m
     [36m| [0m[34m|[0m /* 304.1048 */} finally {[0m
     [36m| [0m[34m|[0m /* 304.1049 */client.close()[0m
     [36m| [0m[34m|[0m /* 304.1050 */server.close()[0m
     [36m| [0m[34m|[0m /* 304.1051 */}[0m
     [36m| [0m[34m|[0m /* 304.1052 */}[0m
     [36m| [0m[34m|[0m /* 304.1053 */[0m
     [36m| [0m[34m|[0m /* 304.1054 */@Attribute[TestCase_20][0m
     [36m| [0m[34m|[0m /* 304.1055 */func noncacheableNxdomainStopsOtherFamilyQueries(): Unit {[0m
     [36m| [0m[34m|[0m /* 304.1056 */let server = UdpSocket.bind(dnsClientTestLoopback(0))[0m
     [36m| [0m[34m|[0m /* 304.1057 */let endpoint = dnsClientTestEndpoint(server)[0m
     [36m| [0m[34m|[0m /* 304.1058 */let served = AtomicInt64(0)[0m
     [36m| [0m[34m|[0m /* 304.1059 */let serving = spawn { for(index in 0 .. 2) {[0m
     [36m| [0m[34m|[0m /* 304.1060 */let received = server.receive(512, context: api.OperationContext(deadline: Some(api.Deadline.after(Duration.second))))[0m
     [36m| [0m[34m|[0m /* 304.1061 */let response = if(index == 0) {[0m
     [36m| [0m[34m|[0m /* 304.1062 */dnsClientTestHeader(received.payload, 0x8183u16).toArray()[0m
     [36m| [0m[34m|[0m /* 304.1063 */}[0m
     [36m| [0m[34m|[0m /* 304.1064 */else {[0m
     [36m| [0m[34m|[0m /* 304.1065 */let output = dnsClientTestHeader(received.payload, 0x8180u16, answers: 1)[0m
     [36m| [0m[34m|[0m /* 304.1066 */dnsClientTestAppendU16(output, 0xC00C)[0m
     [36m| [0m[34m|[0m /* 304.1067 */dnsClientTestAppendU16(output, 28)[0m
     [36m| [0m[34m|[0m /* 304.1068 */dnsClientTestAppendU16(output, 1)[0m
     [36m| [0m[34m|[0m /* 304.1069 */dnsClientTestAppendU32(output, 30u32)[0m
     [36m| [0m[34m|[0m /* 304.1070 */dnsClientTestAppendU16(output, 16)[0m
     [36m| [0m[34m|[0m /* 304.1071 */for(_ in 0 .. 16) {[0m
     [36m| [0m[34m|[0m /* 304.1072 */output.add(1u8)[0m
     [36m| [0m[34m|[0m /* 304.1073 */}[0m
     [36m| [0m[34m|[0m /* 304.1074 */output.toArray()[0m
     [36m| [0m[34m|[0m /* 304.1075 */}[0m
     [36m| [0m[34m|[0m /* 304.1076 */[0m
     [36m| [0m[34m|[0m /* 304.1077 */let _ = served.fetchAdd(1)[0m
     [36m| [0m[34m|[0m /* 304.1078 */let _ = server.sendTo(received.source.getOrThrow(), api.ByteSpan(response))[0m
     [36m| [0m[34m|[0m /* 304.1079 */}[0m
     [36m| [0m[34m|[0m /* 304.1080 */}[0m
     [36m| [0m[34m|[0m /* 304.1081 */let client = DnsClient(config: dnsClientTestConfig(endpoint))[0m
     [36m| [0m[34m|[0m /* 304.1082 */try {[0m
     [36m| [0m[34m|[0m /* 304.1083 */let error = try {[0m
     [36m| [0m[34m|[0m /* 304.1084 */try {[0m
     [36m| [0m[34m|[0m /* 304.1085 */assertEqual("true", "true", true, true)[0m
     [36m| [0m[34m|[0m /* 304.1086 */client.lookup(api.HostName("uncached-negative.test"))[0m
     [36m| [0m[34m|[0m /* 304.1087 */fail("@AssertThrows: Expected 'api.ResolveException' was not caught.")[0m
     [36m| [0m[34m|[0m /* 304.1088 */} catch(e: api.ResolveException) {[0m
     [36m| [0m[34m|[0m /* 304.1089 */if(e is AssertException) {[0m
     [36m| [0m[34m|[0m /* 304.1090 */throw e[0m
     [36m| [0m[34m|[0m /* 304.1091 */}[0m
     [36m| [0m[34m|[0m /* 304.1092 */if(e is AssertIntermediateException) {[0m
     [36m| [0m[34m|[0m /* 304.1093 */throw e[0m
     [36m| [0m[34m|[0m /* 304.1094 */}[0m
     [36m| [0m[34m|[0m /* 304.1095 */if(e is UnittestTimeoutException) {[0m
     [36m| [0m[34m|[0m /* 304.1096 */throw e[0m
     [36m| [0m[34m|[0m /* 304.1097 */}[0m
     [36m| [0m[34m|[0m /* 304.1098 */e[0m
     [36m| [0m[34m|[0m /* 304.1099 */}[0m
     [36m| [0m[34m|[0m /* 304.1100 */} catch(e: Exception) {[0m
     [36m| [0m[34m|[0m /* 304.1101 */if(e is AssertException || e is AssertIntermediateException || e is UnittestTimeoutException) {[0m
     [36m| [0m[34m|[0m /* 304.1102 */throw e[0m
     [36m| [0m[34m|[0m /* 304.1103 */}[0m
     [36m| [0m[34m|[0m /* 304.1104 */assertCaughtUnexpectedE("@AssertThrows(api.ResolveException)", "api.ResolveException", e.toString())[0m
     [36m| [0m[34m|[0m /* 304.1105 */}[0m
     [36m| [0m[34m|[0m /* 304.1106 */[0m
     [36m| [0m[34m|[0m /* 304.1107 */expectEqual("dnsClientTestCodeIs(error.resolveCode, api.ResolveErrorCode.NameNotFound)", "true", dnsClientTestCodeIs(error.resolveCode, api.ResolveErrorCode.NameNotFound), true, isDelta: false)[0m
     [36m| [0m[34m|[0m /* 304.1108 */expectEqual("served.load()", "1", served.load(), 1, isDelta: false)[0m
     [36m| [0m[34m|[0m /* 304.1109 */let later = client.lookup(api.HostName("uncached-negative.test"), options: api.ResolveOptions(family: api.ResolveAddressFamily.Ipv6))[0m
     [36m| [0m[34m|[0m /* 304.1110 */expectEqual("later.addresses[0].toOctets()", "Array < Byte >(16, repeat: 1u8)", later.addresses[0].toOctets(), Array < Byte >(16, repeat: 1u8), isDelta: false)[0m
     [36m| [0m[34m|[0m /* 304.1111 */serving.get(Duration.second)[0m
     [36m| [0m[34m|[0m /* 304.1112 */} finally {[0m
     [36m| [0m[34m|[0m /* 304.1113 */client.close()[0m
     [36m| [0m[34m|[0m /* 304.1114 */server.close()[0m
     [36m| [0m[34m|[0m /* 304.1115 */}[0m
     [36m| [0m[34m|[0m /* 304.1116 */}[0m
     [36m| [0m[34m|[0m /* 304.1117 */[0m
     [36m| [0m[34m|[0m /* 304.1118 */@Attribute[TestCase_21][0m
     [36m| [0m[34m|[0m /* 304.1119 */func nameWideNegativeOverridesEarlierFamilyFailure(): Unit {[0m
     [36m| [0m[34m|[0m /* 304.1120 */let server = UdpSocket.bind(dnsClientTestLoopback(0))[0m
     [36m| [0m[34m|[0m /* 304.1121 */let endpoint = dnsClientTestEndpoint(server)[0m
     [36m| [0m[34m|[0m /* 304.1122 */let serving = spawn { for(_ in 0 .. 2) {[0m
     [36m| [0m[34m|[0m /* 304.1123 */let received = server.receive(512, context: api.OperationContext(deadline: Some(api.Deadline.after(Duration.second))))[0m
     [36m| [0m[34m|[0m /* 304.1124 */let query = received.payload[0m
     [36m| [0m[34m|[0m /* 304.1125 */let response = if(query[query.size - 3] == 1u8) {[0m
     [36m| [0m[34m|[0m /* 304.1126 */dnsClientTestHeader(query, 0x8182u16).toArray()[0m
     [36m| [0m[34m|[0m /* 304.1127 */}[0m
     [36m| [0m[34m|[0m /* 304.1128 */else {[0m
     [36m| [0m[34m|[0m /* 304.1129 */dnsClientTestNegative(query, true)[0m
     [36m| [0m[34m|[0m /* 304.1130 */}[0m
     [36m| [0m[34m|[0m /* 304.1131 */[0m
     [36m| [0m[34m|[0m /* 304.1132 */let _ = server.sendTo(received.source.getOrThrow(), api.ByteSpan(response))[0m
     [36m| [0m[34m|[0m /* 304.1133 */}[0m
     [36m| [0m[34m|[0m /* 304.1134 */}[0m
     [36m| [0m[34m|[0m /* 304.1135 */let client = DnsClient(config: dnsClientTestConfig(endpoint))[0m
     [36m| [0m[34m|[0m /* 304.1136 */try {[0m
     [36m| [0m[34m|[0m /* 304.1137 */for(pass in 0 .. 2) {[0m
     [36m| [0m[34m|[0m /* 304.1138 */let error = try {[0m
     [36m| [0m[34m|[0m /* 304.1139 */try {[0m
     [36m| [0m[34m|[0m /* 304.1140 */assertEqual("true", "true", true, true)[0m
     [36m| [0m[34m|[0m /* 304.1141 */client.lookup(api.HostName("definitive.test"))[0m
     [36m| [0m[34m|[0m /* 304.1142 */fail("@AssertThrows: Expected 'api.ResolveException' was not caught.")[0m
     [36m| [0m[34m|[0m /* 304.1143 */} catch(e: api.ResolveException) {[0m
     [36m| [0m[34m|[0m /* 304.1144 */if(e is AssertException) {[0m
     [36m| [0m[34m|[0m /* 304.1145 */throw e[0m
     [36m| [0m[34m|[0m /* 304.1146 */}[0m
     [36m| [0m[34m|[0m /* 304.1147 */if(e is AssertIntermediateException) {[0m
     [36m| [0m[34m|[0m /* 304.1148 */throw e[0m
     [36m| [0m[34m|[0m /* 304.1149 */}[0m
     [36m| [0m[34m|[0m /* 304.1150 */if(e is UnittestTimeoutException) {[0m
     [36m| [0m[34m|[0m /* 304.1151 */throw e[0m
     [36m| [0m[34m|[0m /* 304.1152 */}[0m
     [36m| [0m[34m|[0m /* 304.1153 */e[0m
     [36m| [0m[34m|[0m /* 304.1154 */}[0m
     [36m| [0m[34m|[0m /* 304.1155 */} catch(e: Exception) {[0m
     [36m| [0m[34m|[0m /* 304.1156 */if(e is AssertException || e is AssertIntermediateException || e is UnittestTimeoutException) {[0m
     [36m| [0m[34m|[0m /* 304.1157 */throw e[0m
     [36m| [0m[34m|[0m /* 304.1158 */}[0m
     [36m| [0m[34m|[0m /* 304.1159 */assertCaughtUnexpectedE("@AssertThrows(api.ResolveException)", "api.ResolveException", e.toString())[0m
     [36m| [0m[34m|[0m /* 304.1160 */}[0m
     [36m| [0m[34m|[0m /* 304.1161 */[0m
     [36m| [0m[34m|[0m /* 304.1162 */expectEqual("dnsClientTestCodeIs(error.resolveCode, api.ResolveErrorCode.NameNotFound)", "true", dnsClientTestCodeIs(error.resolveCode, api.ResolveErrorCode.NameNotFound), true, isDelta: false)[0m
     [36m| [0m[34m|[0m /* 304.1163 */if(pass == 0) {[0m
     [36m| [0m[34m|[0m /* 304.1164 */match(error.remoteEndpoint) {[0m
     [36m| [0m[34m|[0m /* 304.1165 */case Some(api.NetworkEndpoint.Internet(remote)) => expectEqual("remote", "endpoint", remote, endpoint, isDelta: false)[0m
     [36m| [0m[34m|[0m /* 304.1166 */case _ => fail("definitive negative response lost its nameserver")[0m
     [36m| [0m[34m|[0m /* 304.1167 */}[0m
     [36m| [0m[34m|[0m /* 304.1168 */}[0m
     [36m| [0m[34m|[0m /* 304.1169 */else {[0m
     [36m| [0m[34m|[0m /* 304.1170 */expectEqual("error.remoteEndpoint.isNone()", "true", error.remoteEndpoint.isNone(), true, isDelta: false)[0m
     [36m| [0m[34m|[0m /* 304.1171 */}[0m
     [36m| [0m[34m|[0m /* 304.1172 */}[0m
     [36m| [0m[34m|[0m /* 304.1173 */serving.get(Duration.second)[0m
     [36m| [0m[34m|[0m /* 304.1174 */} finally {[0m
     [36m| [0m[34m|[0m /* 304.1175 */client.close()[0m
     [36m| [0m[34m|[0m /* 304.1176 */server.close()[0m
     [36m| [0m[34m|[0m /* 304.1177 */}[0m
     [36m| [0m[34m|[0m /* 304.1178 */}[0m
     [36m| [0m[34m|[0m /* 304.1179 */[0m
     [36m| [0m[34m|[0m /* 304.1180 */@Attribute[TestCase_22][0m
     [36m| [0m[34m|[0m /* 304.1181 */func boundedAdmissionRejectsExcessAndCloseWakesQueuedCallers(): Unit {[0m
     [36m| [0m[34m|[0m /* 304.1182 */let server = UdpSocket.bind(dnsClientTestLoopback(0))[0m
     [36m| [0m[34m|[0m /* 304.1183 */let endpoint = dnsClientTestEndpoint(server)[0m
     [36m| [0m[34m|[0m /* 304.1184 */let activeGate = DnsClientTestGate()[0m
     [36m| [0m[34m|[0m /* 304.1185 */let serverTask = spawn { let _ = server.receive(512, context: api.OperationContext(deadline: Some(api.Deadline.after(Duration.second))))[0m
     [36m| [0m[34m|[0m /* 304.1186 */activeGate.arriveAndWait()[0m
     [36m| [0m[34m|[0m /* 304.1187 */}[0m
     [36m| [0m[34m|[0m /* 304.1188 */let client = DnsClient(config: dnsClientTestConfig(endpoint), workerCount: 1, queueCapacity: 1)[0m
     [36m| [0m[34m|[0m /* 304.1189 */let activeQuery = spawn { dnsClientTestResolveCode({ =>[0m
     [36m| [0m[34m|[0m /* 304.1190 */let _ = client.query("active.test", DnsRecordType.A)[0m
     [36m| [0m[34m|[0m /* 304.1191 */})[0m
     [36m| [0m[34m|[0m /* 304.1192 */}[0m
     [36m| [0m[34m|[0m /* 304.1193 */activeGate.waitForArrival()[0m
     [36m| [0m[34m|[0m /* 304.1194 */let simultaneous = SyncCounter(4)[0m
     [36m| [0m[34m|[0m /* 304.1195 */let completed = DnsClientTestCompletion()[0m
     [36m| [0m[34m|[0m /* 304.1196 */let contenders = ArrayList < Future < api.ResolveErrorCode >>()[0m
     [36m| [0m[34m|[0m /* 304.1197 */for(index in 0 .. 4) {[0m
     [36m| [0m[34m|[0m /* 304.1198 */contenders.add(spawn { simultaneous.dec()[0m
     [36m| [0m[34m|[0m /* 304.1199 */simultaneous.waitUntilZero()[0m
     [36m| [0m[34m|[0m /* 304.1200 */let code = dnsClientTestResolveCode({ =>[0m
     [36m| [0m[34m|[0m /* 304.1201 */let _ = client.query("queued-${index}.test", DnsRecordType.A, context: api.OperationContext(deadline: Some(api.Deadline.after(Duration.second))))[0m
     [36m| [0m[34m|[0m /* 304.1202 */})[0m
     [36m| [0m[34m|[0m /* 304.1203 */completed.finish()[0m
     [36m| [0m[34m|[0m /* 304.1204 */code[0m
     [36m| [0m[34m|[0m /* 304.1205 */})[0m
     [36m| [0m[34m|[0m /* 304.1206 */}[0m
     [36m| [0m[34m|[0m /* 304.1207 */simultaneous.waitUntilZero()[0m
     [36m| [0m[34m|[0m /* 304.1208 */completed.waitFor(3)[0m
     [36m| [0m[34m|[0m /* 304.1209 */let closing = spawn { client.close()[0m
     [36m| [0m[34m|[0m /* 304.1210 */true[0m
     [36m| [0m[34m|[0m /* 304.1211 */}[0m
     [36m| [0m[34m|[0m /* 304.1212 */expectEqual("closing.get(Duration.second)", "true", closing.get(Duration.second), true, isDelta: false)[0m
     [36m| [0m[34m|[0m /* 304.1213 */expectEqual("dnsClientTestCodeIs(activeQuery.get(Duration.second), api.ResolveErrorCode.Cancelled)", "true", dnsClientTestCodeIs(activeQuery.get(Duration.second), api.ResolveErrorCode.Cancelled), true, isDelta: false)[0m
     [36m| [0m[34m|[0m /* 304.1214 */var temporaryFailures: Int64 = 0[0m
     [36m| [0m[34m|[0m /* 304.1215 */var cancellations: Int64 = 0[0m
     [36m| [0m[34m|[0m /* 304.1216 */for(contender in contenders) {[0m
     [36m| [0m[34m|[0m /* 304.1217 */let code = contender.get(Duration.second)[0m
     [36m| [0m[34m|[0m /* 304.1218 */match(code) {[0m
     [36m| [0m[34m|[0m /* 304.1219 */case api.ResolveErrorCode.TemporaryFailure => temporaryFailures ++[0m
     [36m| [0m[34m|[0m /* 304.1220 */case api.ResolveErrorCode.Cancelled => cancellations ++[0m
     [36m| [0m[34m|[0m /* 304.1221 */case api.ResolveErrorCode.SystemFailure =>()[0m
     [36m| [0m[34m|[0m /* 304.1222 */case _ => fail("bounded contender returned an unexpected resolver error")[0m
     [36m| [0m[34m|[0m /* 304.1223 */}[0m
     [36m| [0m[34m|[0m /* 304.1224 */}[0m
     [36m| [0m[34m|[0m /* 304.1225 */activeGate.release()[0m
     [36m| [0m[34m|[0m /* 304.1226 */serverTask.get(Duration.second)[0m
     [36m| [0m[34m|[0m /* 304.1227 */server.close()[0m
     [36m| [0m[34m|[0m /* 304.1228 */expectEqual("temporaryFailures", "3", temporaryFailures, 3, isDelta: false)[0m
     [36m| [0m[34m|[0m /* 304.1229 */expectEqual("cancellations", "1", cancellations, 1, isDelta: false)[0m
     [36m| [0m[34m|[0m /* 304.1230 */}[0m
     [36m| [0m[34m|[0m /* 304.1231 */[0m
     [36m| [0m[34m|[0m /* 304.1232 */init() {[0m
     [36m| [0m[34m|[0m /* 304.1233 */}[0m
     [36m| [0m[34m|[0m /* 304.1234 */private func classConfiguration(): Configuration {[0m
     [36m| [0m[34m|[0m /* 304.1235 */let configuration = Configuration()[0m
     [36m| [0m[34m|[0m /* 304.1236 */[0m
     [36m| [0m[34m|[0m /* 304.1237 */return configuration[0m
     [36m| [0m[34m|[0m /* 304.1238 */}[0m
     [36m| [0m[34m|[0m /* 304.1239 */public override func asTestSuite(): TestSuite {[0m
     [36m| [0m[34m|[0m /* 304.1240 */[0m
     [36m| [0m[34m|[0m /* 304.1241 */let suiteConfiguration = classConfiguration()[0m
     [36m| [0m[34m|[0m /* 304.1242 */let suiteBuilder = TestSuite.builder("DnsClientWireTest").configure(suiteConfiguration)[0m
     [36m| [0m[34m|[0m /* 304.1243 */[0m
     [36m| [0m[34m|[0m /* 304.1244 */{ => let caseConfig = Configuration()[0m
     [36m| [0m[34m|[0m /* 304.1245 */[0m
     [36m| [0m[34m|[0m /* 304.1246 */let publicQueryAndLookupUseRealUdpAndRetainAbsoluteCacheExpiryTestFunc = { => publicQueryAndLookupUseRealUdpAndRetainAbsoluteCacheExpiry();() }[0m
     [36m| [0m[34m|[0m /* 304.1247 */suiteBuilder.add([0m
     [36m| [0m[34m|[0m /* 304.1248 */UnitTestCase.create([0m
     [36m| [0m[34m|[0m /* 304.1249 */"publicQueryAndLookupUseRealUdpAndRetainAbsoluteCacheExpiry",[0m
     [36m| [0m[34m|[0m /* 304.1250 */configuration: caseConfig,[0m
     [36m| [0m[34m|[0m /* 304.1251 */body: publicQueryAndLookupUseRealUdpAndRetainAbsoluteCacheExpiryTestFunc[0m
     [36m| [0m[34m|[0m /* 304.1252 */)[0m
     [36m| [0m[34m|[0m /* 304.1253 */)[0m
     [36m| [0m[34m|[0m /* 304.1254 */[0m
     [36m| [0m[34m|[0m /* 304.1255 */}()[0m
     [36m| [0m[34m|[0m /* 304.1256 */[0m
     [36m| [0m[34m|[0m /* 304.1257 */[0m
     [36m| [0m[34m|[0m /* 304.1258 */{ => let caseConfig = Configuration()[0m
     [36m| [0m[34m|[0m /* 304.1259 */[0m
     [36m| [0m[34m|[0m /* 304.1260 */let publicQueryEncodesEveryModeledRecordTypeTestFunc = { => publicQueryEncodesEveryModeledRecordType();() }[0m
     [36m| [0m[34m|[0m /* 304.1261 */suiteBuilder.add([0m
     [36m| [0m[34m|[0m /* 304.1262 */UnitTestCase.create([0m
     [36m| [0m[34m|[0m /* 304.1263 */"publicQueryEncodesEveryModeledRecordType",[0m
     [36m| [0m[34m|[0m /* 304.1264 */configuration: caseConfig,[0m
     [36m| [0m[34m|[0m /* 304.1265 */body: publicQueryEncodesEveryModeledRecordTypeTestFunc[0m
     [36m| [0m[34m|[0m /* 304.1266 */)[0m
     [36m| [0m[34m|[0m /* 304.1267 */)[0m
     [36m| [0m[34m|[0m /* 304.1268 */[0m
     [36m| [0m[34m|[0m /* 304.1269 */}()[0m
     [36m| [0m[34m|[0m /* 304.1270 */[0m
     [36m| [0m[34m|[0m /* 304.1271 */[0m
     [36m| [0m[34m|[0m /* 304.1272 */{ => let caseConfig = Configuration()[0m
     [36m| [0m[34m|[0m /* 304.1273 */[0m
     [36m| [0m[34m|[0m /* 304.1274 */let wrongSourceIdAndQuestionAreIgnoredBeforeValidUdpResponseTestFunc = { => wrongSourceIdAndQuestionAreIgnoredBeforeValidUdpResponse();() }[0m
     [36m| [0m[34m|[0m /* 304.1275 */suiteBuilder.add([0m
     [36m| [0m[34m|[0m /* 304.1276 */UnitTestCase.create([0m
     [36m| [0m[34m|[0m /* 304.1277 */"wrongSourceIdAndQuestionAreIgnoredBeforeValidUdpResponse",[0m
     [36m| [0m[34m|[0m /* 304.1278 */configuration: caseConfig,[0m
     [36m| [0m[34m|[0m /* 304.1279 */body: wrongSourceIdAndQuestionAreIgnoredBeforeValidUdpResponseTestFunc[0m
     [36m| [0m[34m|[0m /* 304.1280 */)[0m
     [36m| [0m[34m|[0m /* 304.1281 */)[0m
     [36m| [0m[34m|[0m /* 304.1282 */[0m
     [36m| [0m[34m|[0m /* 304.1283 */}()[0m
     [36m| [0m[34m|[0m /* 304.1284 */[0m
     [36m| [0m[34m|[0m /* 304.1285 */[0m
     [36m| [0m[34m|[0m /* 304.1286 */{ => let caseConfig = Configuration()[0m
     [36m| [0m[34m|[0m /* 304.1287 */[0m
     [36m| [0m[34m|[0m /* 304.1288 */let validatedTruncationFallsBackToExactTcpFrameTestFunc = { => validatedTruncationFallsBackToExactTcpFrame();() }[0m
     [36m| [0m[34m|[0m /* 304.1289 */suiteBuilder.add([0m
     [36m| [0m[34m|[0m /* 304.1290 */UnitTestCase.create([0m
     [36m| [0m[34m|[0m /* 304.1291 */"validatedTruncationFallsBackToExactTcpFrame",[0m
     [36m| [0m[34m|[0m /* 304.1292 */configuration: caseConfig,[0m
     [36m| [0m[34m|[0m /* 304.1293 */body: validatedTruncationFallsBackToExactTcpFrameTestFunc[0m
     [36m| [0m[34m|[0m /* 304.1294 */)[0m
     [36m| [0m[34m|[0m /* 304.1295 */)[0m
     [36m| [0m[34m|[0m /* 304.1296 */[0m
     [36m| [0m[34m|[0m /* 304.1297 */}()[0m
     [36m| [0m[34m|[0m /* 304.1298 */[0m
     [36m| [0m[34m|[0m /* 304.1299 */[0m
     [36m| [0m[34m|[0m /* 304.1300 */{ => let caseConfig = Configuration()[0m
     [36m| [0m[34m|[0m /* 304.1301 */[0m
     [36m| [0m[34m|[0m /* 304.1302 */let activeCancellationRetainsNameserverWithoutRetryTestFunc = { => activeCancellationRetainsNameserverWithoutRetry();() }[0m
     [36m| [0m[34m|[0m /* 304.1303 */suiteBuilder.add([0m
     [36m| [0m[34m|[0m /* 304.1304 */UnitTestCase.create([0m
     [36m| [0m[34m|[0m /* 304.1305 */"activeCancellationRetainsNameserverWithoutRetry",[0m
     [36m| [0m[34m|[0m /* 304.1306 */configuration: caseConfig,[0m
     [36m| [0m[34m|[0m /* 304.1307 */body: activeCancellationRetainsNameserverWithoutRetryTestFunc[0m
     [36m| [0m[34m|[0m /* 304.1308 */)[0m
     [36m| [0m[34m|[0m /* 304.1309 */)[0m
     [36m| [0m[34m|[0m /* 304.1310 */[0m
     [36m| [0m[34m|[0m /* 304.1311 */}()[0m
     [36m| [0m[34m|[0m /* 304.1312 */[0m
     [36m| [0m[34m|[0m /* 304.1313 */[0m
     [36m| [0m[34m|[0m /* 304.1314 */{ => let caseConfig = Configuration()[0m
     [36m| [0m[34m|[0m /* 304.1315 */[0m
     [36m| [0m[34m|[0m /* 304.1316 */let silentDnsAttemptsLeaveBudgetForServerAndPassFailoverTestFunc = { => silentDnsAttemptsLeaveBudgetForServerAndPassFailover();() }[0m
     [36m| [0m[34m|[0m /* 304.1317 */suiteBuilder.add([0m
     [36m| [0m[34m|[0m /* 304.1318 */UnitTestCase.create([0m
     [36m| [0m[34m|[0m /* 304.1319 */"silentDnsAttemptsLeaveBudgetForServerAndPassFailover",[0m
     [36m| [0m[34m|[0m /* 304.1320 */configuration: caseConfig,[0m
     [36m| [0m[34m|[0m /* 304.1321 */body: silentDnsAttemptsLeaveBudgetForServerAndPassFailoverTestFunc[0m
     [36m| [0m[34m|[0m /* 304.1322 */)[0m
     [36m| [0m[34m|[0m /* 304.1323 */)[0m
     [36m| [0m[34m|[0m /* 304.1324 */[0m
     [36m| [0m[34m|[0m /* 304.1325 */}()[0m
     [36m| [0m[34m|[0m /* 304.1326 */[0m
     [36m| [0m[34m|[0m /* 304.1327 */[0m
     [36m| [0m[34m|[0m /* 304.1328 */{ => let caseConfig = Configuration()[0m
     [36m| [0m[34m|[0m /* 304.1329 */[0m
     [36m| [0m[34m|[0m /* 304.1330 */let exhaustedResponseCodesRetainTheLastRespondingNameserverTestFunc = { => exhaustedResponseCodesRetainTheLastRespondingNameserver();() }[0m
     [36m| [0m[34m|[0m /* 304.1331 */suiteBuilder.add([0m
     [36m| [0m[34m|[0m /* 304.1332 */UnitTestCase.create([0m
     [36m| [0m[34m|[0m /* 304.1333 */"exhaustedResponseCodesRetainTheLastRespondingNameserver",[0m
     [36m| [0m[34m|[0m /* 304.1334 */configuration: caseConfig,[0m
     [36m| [0m[34m|[0m /* 304.1335 */body: exhaustedResponseCodesRetainTheLastRespondingNameserverTestFunc[0m
     [36m| [0m[34m|[0m /* 304.1336 */)[0m
     [36m| [0m[34m|[0m /* 304.1337 */)[0m
     [36m| [0m[34m|[0m /* 304.1338 */[0m
     [36m| [0m[34m|[0m /* 304.1339 */}()[0m
     [36m| [0m[34m|[0m /* 304.1340 */[0m
     [36m| [0m[34m|[0m /* 304.1341 */[0m
     [36m| [0m[34m|[0m /* 304.1342 */{ => let caseConfig = Configuration()[0m
     [36m| [0m[34m|[0m /* 304.1343 */[0m
     [36m| [0m[34m|[0m /* 304.1344 */let unsupportedResponseCodeRetainsRespondingNameserverTestFunc = { => unsupportedResponseCodeRetainsRespondingNameserver();() }[0m
     [36m| [0m[34m|[0m /* 304.1345 */suiteBuilder.add([0m
     [36m| [0m[34m|[0m /* 304.1346 */UnitTestCase.create([0m
     [36m| [0m[34m|[0m /* 304.1347 */"unsupportedResponseCodeRetainsRespondingNameserver",[0m
     [36m| [0m[34m|[0m /* 304.1348 */configuration: caseConfig,[0m
     [36m| [0m[34m|[0m /* 304.1349 */body: unsupportedResponseCodeRetainsRespondingNameserverTestFunc[0m
     [36m| [0m[34m|[0m /* 304.1350 */)[0m
     [36m| [0m[34m|[0m /* 304.1351 */)[0m
     [36m| [0m[34m|[0m /* 304.1352 */[0m
     [36m| [0m[34m|[0m /* 304.1353 */}()[0m
     [36m| [0m[34m|[0m /* 304.1354 */[0m
     [36m| [0m[34m|[0m /* 304.1355 */[0m
     [36m| [0m[34m|[0m /* 304.1356 */{ => let caseConfig = Configuration()[0m
     [36m| [0m[34m|[0m /* 304.1357 */[0m
     [36m| [0m[34m|[0m /* 304.1358 */let dnsTransportFailuresRetainSelectedNameserverTestFunc = { => dnsTransportFailuresRetainSelectedNameserver();() }[0m
     [36m| [0m[34m|[0m /* 304.1359 */suiteBuilder.add([0m
     [36m| [0m[34m|[0m /* 304.1360 */UnitTestCase.create([0m
     [36m| [0m[34m|[0m /* 304.1361 */"dnsTransportFailuresRetainSelectedNameserver",[0m
     [36m| [0m[34m|[0m /* 304.1362 */configuration: caseConfig,[0m
     [36m| [0m[34m|[0m /* 304.1363 */body: dnsTransportFailuresRetainSelectedNameserverTestFunc[0m
     [36m| [0m[34m|[0m /* 304.1364 */)[0m
     [36m| [0m[34m|[0m /* 304.1365 */)[0m
     [36m| [0m[34m|[0m /* 304.1366 */[0m
     [36m| [0m[34m|[0m /* 304.1367 */}()[0m
     [36m| [0m[34m|[0m /* 304.1368 */[0m
     [36m| [0m[34m|[0m /* 304.1369 */[0m
     [36m| [0m[34m|[0m /* 304.1370 */{ => let caseConfig = Configuration()[0m
     [36m| [0m[34m|[0m /* 304.1371 */[0m
     [36m| [0m[34m|[0m /* 304.1372 */let tcpResponseCannotRemainTruncatedTestFunc = { => tcpResponseCannotRemainTruncated();() }[0m
     [36m| [0m[34m|[0m /* 304.1373 */suiteBuilder.add([0m
     [36m| [0m[34m|[0m /* 304.1374 */UnitTestCase.create([0m
     [36m| [0m[34m|[0m /* 304.1375 */"tcpResponseCannotRemainTruncated",[0m
     [36m| [0m[34m|[0m /* 304.1376 */configuration: caseConfig,[0m
     [36m| [0m[34m|[0m /* 304.1377 */body: tcpResponseCannotRemainTruncatedTestFunc[0m
     [36m| [0m[34m|[0m /* 304.1378 */)[0m
     [36m| [0m[34m|[0m /* 304.1379 */)[0m
     [36m| [0m[34m|[0m /* 304.1380 */[0m
     [36m| [0m[34m|[0m /* 304.1381 */}()[0m
     [36m| [0m[34m|[0m /* 304.1382 */[0m
     [36m| [0m[34m|[0m /* 304.1383 */[0m
     [36m| [0m[34m|[0m /* 304.1384 */{ => let caseConfig = Configuration()[0m
     [36m| [0m[34m|[0m /* 304.1385 */[0m
     [36m| [0m[34m|[0m /* 304.1386 */let malformedMatchingResponseAndUnrelatedSectionsCannotPoisonCacheTestFunc = { => malformedMatchingResponseAndUnrelatedSectionsCannotPoisonCache();() }[0m
     [36m| [0m[34m|[0m /* 304.1387 */suiteBuilder.add([0m
     [36m| [0m[34m|[0m /* 304.1388 */UnitTestCase.create([0m
     [36m| [0m[34m|[0m /* 304.1389 */"malformedMatchingResponseAndUnrelatedSectionsCannotPoisonCache",[0m
     [36m| [0m[34m|[0m /* 304.1390 */configuration: caseConfig,[0m
     [36m| [0m[34m|[0m /* 304.1391 */body: malformedMatchingResponseAndUnrelatedSectionsCannotPoisonCacheTestFunc[0m
     [36m| [0m[34m|[0m /* 304.1392 */)[0m
     [36m| [0m[34m|[0m /* 304.1393 */)[0m
     [36m| [0m[34m|[0m /* 304.1394 */[0m
     [36m| [0m[34m|[0m /* 304.1395 */}()[0m
     [36m| [0m[34m|[0m /* 304.1396 */[0m
     [36m| [0m[34m|[0m /* 304.1397 */[0m
     [36m| [0m[34m|[0m /* 304.1398 */{ => let caseConfig = Configuration()[0m
     [36m| [0m[34m|[0m /* 304.1399 */[0m
     [36m| [0m[34m|[0m /* 304.1400 */let cnameTraversalUsesAnswerOwnersAndRejectsConflictingTargetsTestFunc = { => cnameTraversalUsesAnswerOwnersAndRejectsConflictingTargets();() }[0m
     [36m| [0m[34m|[0m /* 304.1401 */suiteBuilder.add([0m
     [36m| [0m[34m|[0m /* 304.1402 */UnitTestCase.create([0m
     [36m| [0m[34m|[0m /* 304.1403 */"cnameTraversalUsesAnswerOwnersAndRejectsConflictingTargets",[0m
     [36m| [0m[34m|[0m /* 304.1404 */configuration: caseConfig,[0m
     [36m| [0m[34m|[0m /* 304.1405 */body: cnameTraversalUsesAnswerOwnersAndRejectsConflictingTargetsTestFunc[0m
     [36m| [0m[34m|[0m /* 304.1406 */)[0m
     [36m| [0m[34m|[0m /* 304.1407 */)[0m
     [36m| [0m[34m|[0m /* 304.1408 */[0m
     [36m| [0m[34m|[0m /* 304.1409 */}()[0m
     [36m| [0m[34m|[0m /* 304.1410 */[0m
     [36m| [0m[34m|[0m /* 304.1411 */[0m
     [36m| [0m[34m|[0m /* 304.1412 */{ => let caseConfig = Configuration()[0m
     [36m| [0m[34m|[0m /* 304.1413 */[0m
     [36m| [0m[34m|[0m /* 304.1414 */let fullResultCapacityDoesNotQueryAnotherFamilyTestFunc = { => fullResultCapacityDoesNotQueryAnotherFamily();() }[0m
     [36m| [0m[34m|[0m /* 304.1415 */suiteBuilder.add([0m
     [36m| [0m[34m|[0m /* 304.1416 */UnitTestCase.create([0m
     [36m| [0m[34m|[0m /* 304.1417 */"fullResultCapacityDoesNotQueryAnotherFamily",[0m
     [36m| [0m[34m|[0m /* 304.1418 */configuration: caseConfig,[0m
     [36m| [0m[34m|[0m /* 304.1419 */body: fullResultCapacityDoesNotQueryAnotherFamilyTestFunc[0m
     [36m| [0m[34m|[0m /* 304.1420 */)[0m
     [36m| [0m[34m|[0m /* 304.1421 */)[0m
     [36m| [0m[34m|[0m /* 304.1422 */[0m
     [36m| [0m[34m|[0m /* 304.1423 */}()[0m
     [36m| [0m[34m|[0m /* 304.1424 */[0m
     [36m| [0m[34m|[0m /* 304.1425 */[0m
     [36m| [0m[34m|[0m /* 304.1426 */{ => let caseConfig = Configuration()[0m
     [36m| [0m[34m|[0m /* 304.1427 */[0m
     [36m| [0m[34m|[0m /* 304.1428 */let rfc2308CacheRetainsNxdomainVersusNodataWithoutNewPacketsTestFunc = { => rfc2308CacheRetainsNxdomainVersusNodataWithoutNewPackets();() }[0m
     [36m| [0m[34m|[0m /* 304.1429 */suiteBuilder.add([0m
     [36m| [0m[34m|[0m /* 304.1430 */UnitTestCase.create([0m
     [36m| [0m[34m|[0m /* 304.1431 */"rfc2308CacheRetainsNxdomainVersusNodataWithoutNewPackets",[0m
     [36m| [0m[34m|[0m /* 304.1432 */configuration: caseConfig,[0m
     [36m| [0m[34m|[0m /* 304.1433 */body: rfc2308CacheRetainsNxdomainVersusNodataWithoutNewPacketsTestFunc[0m
     [36m| [0m[34m|[0m /* 304.1434 */)[0m
     [36m| [0m[34m|[0m /* 304.1435 */)[0m
     [36m| [0m[34m|[0m /* 304.1436 */[0m
     [36m| [0m[34m|[0m /* 304.1437 */}()[0m
     [36m| [0m[34m|[0m /* 304.1438 */[0m
     [36m| [0m[34m|[0m /* 304.1439 */[0m
     [36m| [0m[34m|[0m /* 304.1440 */{ => let caseConfig = Configuration()[0m
     [36m| [0m[34m|[0m /* 304.1441 */[0m
     [36m| [0m[34m|[0m /* 304.1442 */let zeroTtlNeverCreatesAPositiveCacheEntryTestFunc = { => zeroTtlNeverCreatesAPositiveCacheEntry();() }[0m
     [36m| [0m[34m|[0m /* 304.1443 */suiteBuilder.add([0m
     [36m| [0m[34m|[0m /* 304.1444 */UnitTestCase.create([0m
     [36m| [0m[34m|[0m /* 304.1445 */"zeroTtlNeverCreatesAPositiveCacheEntry",[0m
     [36m| [0m[34m|[0m /* 304.1446 */configuration: caseConfig,[0m
     [36m| [0m[34m|[0m /* 304.1447 */body: zeroTtlNeverCreatesAPositiveCacheEntryTestFunc[0m
     [36m| [0m[34m|[0m /* 304.1448 */)[0m
     [36m| [0m[34m|[0m /* 304.1449 */)[0m
     [36m| [0m[34m|[0m /* 304.1450 */[0m
     [36m| [0m[34m|[0m /* 304.1451 */}()[0m
     [36m| [0m[34m|[0m /* 304.1452 */[0m
     [36m| [0m[34m|[0m /* 304.1453 */[0m
     [36m| [0m[34m|[0m /* 304.1454 */{ => let caseConfig = Configuration()[0m
     [36m| [0m[34m|[0m /* 304.1455 */[0m
     [36m| [0m[34m|[0m /* 304.1456 */let callerCancellationAndClientCloseWakeActiveNativeReceiveTestFunc = { => callerCancellationAndClientCloseWakeActiveNativeReceive();() }[0m
     [36m| [0m[34m|[0m /* 304.1457 */suiteBuilder.add([0m
     [36m| [0m[34m|[0m /* 304.1458 */UnitTestCase.create([0m
     [36m| [0m[34m|[0m /* 304.1459 */"callerCancellationAndClientCloseWakeActiveNativeReceive",[0m
     [36m| [0m[34m|[0m /* 304.1460 */configuration: caseConfig,[0m
     [36m| [0m[34m|[0m /* 304.1461 */body: callerCancellationAndClientCloseWakeActiveNativeReceiveTestFunc[0m
     [36m| [0m[34m|[0m /* 304.1462 */)[0m
     [36m| [0m[34m|[0m /* 304.1463 */)[0m
     [36m| [0m[34m|[0m /* 304.1464 */[0m
     [36m| [0m[34m|[0m /* 304.1465 */}()[0m
     [36m| [0m[34m|[0m /* 304.1466 */[0m
     [36m| [0m[34m|[0m /* 304.1467 */[0m
     [36m| [0m[34m|[0m /* 304.1468 */{ => let caseConfig = Configuration()[0m
     [36m| [0m[34m|[0m /* 304.1469 */[0m
     [36m| [0m[34m|[0m /* 304.1470 */let anyFamilyRetainsAddressesWhenTheOtherFamilyFailsTestFunc = { => anyFamilyRetainsAddressesWhenTheOtherFamilyFails();() }[0m
     [36m| [0m[34m|[0m /* 304.1471 */suiteBuilder.add([0m
     [36m| [0m[34m|[0m /* 304.1472 */UnitTestCase.create([0m
     [36m| [0m[34m|[0m /* 304.1473 */"anyFamilyRetainsAddressesWhenTheOtherFamilyFails",[0m
     [36m| [0m[34m|[0m /* 304.1474 */configuration: caseConfig,[0m
     [36m| [0m[34m|[0m /* 304.1475 */body: anyFamilyRetainsAddressesWhenTheOtherFamilyFailsTestFunc[0m
     [36m| [0m[34m|[0m /* 304.1476 */)[0m
     [36m| [0m[34m|[0m /* 304.1477 */)[0m
     [36m| [0m[34m|[0m /* 304.1478 */[0m
     [36m| [0m[34m|[0m /* 304.1479 */}()[0m
     [36m| [0m[34m|[0m /* 304.1480 */[0m
     [36m| [0m[34m|[0m /* 304.1481 */[0m
     [36m| [0m[34m|[0m /* 304.1482 */{ => let caseConfig = Configuration()[0m
     [36m| [0m[34m|[0m /* 304.1483 */[0m
     [36m| [0m[34m|[0m /* 304.1484 */let crossFamilyConflictsRetainTheLivePeerAlongsideCachedResultsTestFunc = { => crossFamilyConflictsRetainTheLivePeerAlongsideCachedResults();() }[0m
     [36m| [0m[34m|[0m /* 304.1485 */suiteBuilder.add([0m
     [36m| [0m[34m|[0m /* 304.1486 */UnitTestCase.create([0m
     [36m| [0m[34m|[0m /* 304.1487 */"crossFamilyConflictsRetainTheLivePeerAlongsideCachedResults",[0m
     [36m| [0m[34m|[0m /* 304.1488 */configuration: caseConfig,[0m
     [36m| [0m[34m|[0m /* 304.1489 */body: crossFamilyConflictsRetainTheLivePeerAlongsideCachedResultsTestFunc[0m
     [36m| [0m[34m|[0m /* 304.1490 */)[0m
     [36m| [0m[34m|[0m /* 304.1491 */)[0m
     [36m| [0m[34m|[0m /* 304.1492 */[0m
     [36m| [0m[34m|[0m /* 304.1493 */}()[0m
     [36m| [0m[34m|[0m /* 304.1494 */[0m
     [36m| [0m[34m|[0m /* 304.1495 */[0m
     [36m| [0m[34m|[0m /* 304.1496 */{ => let caseConfig = Configuration()[0m
     [36m| [0m[34m|[0m /* 304.1497 */[0m
     [36m| [0m[34m|[0m /* 304.1498 */let nxdomainInvalidatesVisitedTargetsAndOtherCachedAliasesTestFunc = { => nxdomainInvalidatesVisitedTargetsAndOtherCachedAliases();() }[0m
     [36m| [0m[34m|[0m /* 304.1499 */suiteBuilder.add([0m
     [36m| [0m[34m|[0m /* 304.1500 */UnitTestCase.create([0m
     [36m| [0m[34m|[0m /* 304.1501 */"nxdomainInvalidatesVisitedTargetsAndOtherCachedAliases",[0m
     [36m| [0m[34m|[0m /* 304.1502 */configuration: caseConfig,[0m
     [36m| [0m[34m|[0m /* 304.1503 */body: nxdomainInvalidatesVisitedTargetsAndOtherCachedAliasesTestFunc[0m
     [36m| [0m[34m|[0m /* 304.1504 */)[0m
     [36m| [0m[34m|[0m /* 304.1505 */)[0m
     [36m| [0m[34m|[0m /* 304.1506 */[0m
     [36m| [0m[34m|[0m /* 304.1507 */}()[0m
     [36m| [0m[34m|[0m /* 304.1508 */[0m
     [36m| [0m[34m|[0m /* 304.1509 */[0m
     [36m| [0m[34m|[0m /* 304.1510 */{ => let caseConfig = Configuration()[0m
     [36m| [0m[34m|[0m /* 304.1511 */[0m
     [36m| [0m[34m|[0m /* 304.1512 */let everyNxdomainInvalidatesPreviouslyCachedAddressesTestFunc = { => everyNxdomainInvalidatesPreviouslyCachedAddresses();() }[0m
     [36m| [0m[34m|[0m /* 304.1513 */suiteBuilder.add([0m
     [36m| [0m[34m|[0m /* 304.1514 */UnitTestCase.create([0m
     [36m| [0m[34m|[0m /* 304.1515 */"everyNxdomainInvalidatesPreviouslyCachedAddresses",[0m
     [36m| [0m[34m|[0m /* 304.1516 */configuration: caseConfig,[0m
     [36m| [0m[34m|[0m /* 304.1517 */body: everyNxdomainInvalidatesPreviouslyCachedAddressesTestFunc[0m
     [36m| [0m[34m|[0m /* 304.1518 */)[0m
     [36m| [0m[34m|[0m /* 304.1519 */)[0m
     [36m| [0m[34m|[0m /* 304.1520 */[0m
     [36m| [0m[34m|[0m /* 304.1521 */}()[0m
     [36m| [0m[34m|[0m /* 304.1522 */[0m
     [36m| [0m[34m|[0m /* 304.1523 */[0m
     [36m| [0m[34m|[0m /* 304.1524 */{ => let caseConfig = Configuration()[0m
     [36m| [0m[34m|[0m /* 304.1525 */[0m
     [36m| [0m[34m|[0m /* 304.1526 */let noncacheableNxdomainStopsOtherFamilyQueriesTestFunc = { => noncacheableNxdomainStopsOtherFamilyQueries();() }[0m
     [36m| [0m[34m|[0m /* 304.1527 */suiteBuilder.add([0m
     [36m| [0m[34m|[0m /* 304.1528 */UnitTestCase.create([0m
     [36m| [0m[34m|[0m /* 304.1529 */"noncacheableNxdomainStopsOtherFamilyQueries",[0m
     [36m| [0m[34m|[0m /* 304.1530 */configuration: caseConfig,[0m
     [36m| [0m[34m|[0m /* 304.1531 */body: noncacheableNxdomainStopsOtherFamilyQueriesTestFunc[0m
     [36m| [0m[34m|[0m /* 304.1532 */)[0m
     [36m| [0m[34m|[0m /* 304.1533 */)[0m
     [36m| [0m[34m|[0m /* 304.1534 */[0m
     [36m| [0m[34m|[0m /* 304.1535 */}()[0m
     [36m| [0m[34m|[0m /* 304.1536 */[0m
     [36m| [0m[34m|[0m /* 304.1537 */[0m
     [36m| [0m[34m|[0m /* 304.1538 */{ => let caseConfig = Configuration()[0m
     [36m| [0m[34m|[0m /* 304.1539 */[0m
     [36m| [0m[34m|[0m /* 304.1540 */let nameWideNegativeOverridesEarlierFamilyFailureTestFunc = { => nameWideNegativeOverridesEarlierFamilyFailure();() }[0m
     [36m| [0m[34m|[0m /* 304.1541 */suiteBuilder.add([0m
     [36m| [0m[34m|[0m /* 304.1542 */UnitTestCase.create([0m
     [36m| [0m[34m|[0m /* 304.1543 */"nameWideNegativeOverridesEarlierFamilyFailure",[0m
     [36m| [0m[34m|[0m /* 304.1544 */configuration: caseConfig,[0m
     [36m| [0m[34m|[0m /* 304.1545 */body: nameWideNegativeOverridesEarlierFamilyFailureTestFunc[0m
     [36m| [0m[34m|[0m /* 304.1546 */)[0m
     [36m| [0m[34m|[0m /* 304.1547 */)[0m
     [36m| [0m[34m|[0m /* 304.1548 */[0m
     [36m| [0m[34m|[0m /* 304.1549 */}()[0m
     [36m| [0m[34m|[0m /* 304.1550 */[0m
     [36m| [0m[34m|[0m /* 304.1551 */[0m
     [36m| [0m[34m|[0m /* 304.1552 */{ => let caseConfig = Configuration()[0m
     [36m| [0m[34m|[0m /* 304.1553 */[0m
     [36m| [0m[34m|[0m /* 304.1554 */let boundedAdmissionRejectsExcessAndCloseWakesQueuedCallersTestFunc = { => boundedAdmissionRejectsExcessAndCloseWakesQueuedCallers();() }[0m
     [36m| [0m[34m|[0m /* 304.1555 */suiteBuilder.add([0m
     [36m| [0m[34m|[0m /* 304.1556 */UnitTestCase.create([0m
     [36m| [0m[34m|[0m /* 304.1557 */"boundedAdmissionRejectsExcessAndCloseWakesQueuedCallers",[0m
     [36m| [0m[34m|[0m /* 304.1558 */configuration: caseConfig,[0m
     [36m| [0m[34m|[0m /* 304.1559 */body: boundedAdmissionRejectsExcessAndCloseWakesQueuedCallersTestFunc[0m
     [36m| [0m[34m|[0m /* 304.1560 */)[0m
     [36m| [0m[34m|[0m /* 304.1561 */)[0m
     [36m| [0m[34m|[0m /* 304.1562 */[0m
     [36m| [0m[34m|[0m /* 304.1563 */}()[0m
     [36m| [0m[34m|[0m /* 304.1564 */[0m
     [36m| [0m[34m|[0m /* 304.1565 */return suiteBuilder.build()[0m
     [36m| [0m[34m|[0m /* 304.1566 */}[0m
     [36m| [0m[34m|[0m /* 304.1567 */private func inheritedFromClassAnnotatedByTestTemplate < T >(): TestSuite where T <: TestClass {[0m
     [36m| [0m[34m|[0m /* 304.1568 */throw Exception("Unreachable code")[0m
     [36m| [0m[34m|[0m /* 304.1569 */}[0m
     [36m| [0m[34m|[0m /* 304.1570 */}[0m
     [36m| [0m[34m|[0m /* 304.1571 */[0m
     [36m| [0m[34m|[0m /* 304.1572 */[0m
     [36m| [0m[34m|[0m /* 304.1573 */interface TestPackageExtension_DnsClientWireTest {[0m
     [36m| [0m[34m|[0m /* 304.1574 */func registerDnsClientWireTest(): Unit[0m
     [36m| [0m[34m|[0m /* 304.1575 */}[0m
     [36m| [0m[34m|[0m /* 304.1576 */extend TestPackage <: TestPackageExtension_DnsClientWireTest {[0m
     [36m| [0m[34m|[0m /* 304.1577 */@Attribute[TEST_REGISTER][0m
     [36m| [0m[34m|[0m /* 304.1578 */public func registerDnsClientWireTest() {[0m
     [36m| [0m[34m|[0m /* 304.1579 */registerSuite({ => DnsClientWireTest().asTestSuite() })[0m
     [36m| [0m[34m|[0m /* 304.1580 */}[0m
     [36m| [0m[34m|[0m /* 304.1581 */}[0m
     [36m| [0m[34m|[0m /* 304.1582 */[0m
     [36m| [0m[34m|[0m[34m_[0m[34m_____________^[0m
     [36m| [0m
[34mnote[0m: the warning occurs after the macro is expanded
    [36m==>[0m <repo-root>-pr-worktrees/M8-005-publication/src/net/dns_client_test.cj:304:1:
     [36m| [0m
[36m304[0m  [36m| [0m  @Test[0m
     [36m| [0m [34m_[0m[34m^[0m
[36m305[0m  [36m| [0m[34m|[0m class DnsClientWireTest {[0m
     [36m| [0m[34m|[0m ...[0m
[36m1342[0m [36m| [0m[34m|[0m }[0m
     [36m| [0m[34m|[0m[34m_[0m[34m^[0m
     [36m| [0m

[33mwarning[0m: unreachable block in 'if' expression
    [36m| [0m
    [36m| [0m  /* 304.148 */                    if(e is AssertIntermediateException) {[0m
    [36m| [0m [33m_[0m[33m______________________________________________________________________^[0m
    [36m| [0m[33m|[0m /* 304.149 */                        throw e[0m
    [36m| [0m[33m|[0m /* 304.150 */                    }[0m
    [36m| [0m[33m|[0m[33m_[0m[33m_________________________________^ unreachable block in 'if' expression[0m
    [36m| [0m
    [36m#[0m [0mnote[0m: this warning can be suppressed by setting the compiler option `-Woff unused`
[34mnote[0m: the warning occurs after the macro is expanded
    [36m==>[0m <repo-root>-pr-worktrees/M8-005-publication/src/net/dns_client_test.cj:304:1:
     [36m| [0m
[36m304[0m  [36m| [0m  @Test[0m
     [36m| [0m [34m_[0m[34m^[0m
[36m305[0m  [36m| [0m[34m|[0m class DnsClientWireTest {[0m
     [36m| [0m[34m|[0m ...[0m
[36m1342[0m [36m| [0m[34m|[0m }[0m
     [36m| [0m[34m|[0m[34m_[0m[34m^[0m
     [36m| [0m

[33mwarning[0m: unreachable block in 'if' expression
    [36m| [0m
    [36m| [0m  /* 8.446 */                if(e is AssertException) {[0m
    [36m| [0m [33m_[0m[33m____________________________________________________^[0m
    [36m| [0m[33m|[0m /* 8.447 */                    throw e[0m
    [36m| [0m[33m|[0m /* 8.448 */                }[0m
    [36m| [0m[33m|[0m[33m_[0m[33m___________________________^ unreachable block in 'if' expression[0m
    [36m| [0m
    [36m#[0m [0mnote[0m: this warning can be suppressed by setting the compiler option `-Woff unused`
[34mnote[0m: the warning occurs after the macro is expanded
   [36m==>[0m <repo-root>-pr-worktrees/M8-005-publication/src/net/dns_wire_test.cj:8:1:
    [36m| [0m
[36m8[0m   [36m| [0m  @Test[0m
    [36m| [0m [34m_[0m[34m^[0m
[36m9[0m   [36m| [0m[34m|[0m class DnsWireParserTest {[0m
    [36m| [0m[34m|[0m ...[0m
[36m305[0m [36m| [0m[34m|[0m }[0m
    [36m| [0m[34m|[0m[34m_[0m[34m^[0m
    [36m| [0m

[33mwarning[0m: unreachable block in 'if' expression
    [36m| [0m
    [36m| [0m  /* 304.151 */                    if(e is UnittestTimeoutException) {[0m
    [36m| [0m [33m_[0m[33m___________________________________________________________________^[0m
    [36m| [0m[33m|[0m /* 304.152 */                        throw e[0m
    [36m| [0m[33m|[0m /* 304.153 */                    }[0m
    [36m| [0m[33m|[0m[33m_[0m[33m_________________________________^ unreachable block in 'if' expression[0m
    [36m| [0m
    [36m#[0m [0mnote[0m: this warning can be suppressed by setting the compiler option `-Woff unused`
[34mnote[0m: the warning occurs after the macro is expanded
    [36m==>[0m <repo-root>-pr-worktrees/M8-005-publication/src/net/dns_client_test.cj:304:1:
     [36m| [0m
[36m304[0m  [36m| [0m  @Test[0m
     [36m| [0m [34m_[0m[34m^[0m
[36m305[0m  [36m| [0m[34m|[0m class DnsClientWireTest {[0m
     [36m| [0m[34m|[0m ...[0m
[36m1342[0m [36m| [0m[34m|[0m }[0m
     [36m| [0m[34m|[0m[34m_[0m[34m^[0m
     [36m| [0m

[33mwarning[0m: unreachable block in 'if' expression
    [36m| [0m
    [36m| [0m  /* 8.449 */                if(e is AssertIntermediateException) {[0m
    [36m| [0m [33m_[0m[33m________________________________________________________________^[0m
    [36m| [0m[33m|[0m /* 8.450 */                    throw e[0m
    [36m| [0m[33m|[0m /* 8.451 */                }[0m
    [36m| [0m[33m|[0m[33m_[0m[33m___________________________^ unreachable block in 'if' expression[0m
    [36m| [0m
    [36m#[0m [0mnote[0m: this warning can be suppressed by setting the compiler option `-Woff unused`
[34mnote[0m: the warning occurs after the macro is expanded
   [36m==>[0m <repo-root>-pr-worktrees/M8-005-publication/src/net/dns_wire_test.cj:8:1:
    [36m| [0m
[36m8[0m   [36m| [0m  @Test[0m
    [36m| [0m [34m_[0m[34m^[0m
[36m9[0m   [36m| [0m[34m|[0m class DnsWireParserTest {[0m
    [36m| [0m[34m|[0m ...[0m
[36m305[0m [36m| [0m[34m|[0m }[0m
    [36m| [0m[34m|[0m[34m_[0m[34m^[0m
    [36m| [0m

[33mwarning[0m: unreachable block in 'if' expression
    [36m| [0m
    [36m| [0m  /* 8.452 */                if(e is UnittestTimeoutException) {[0m
    [36m| [0m [33m_[0m[33m_____________________________________________________________^[0m
    [36m| [0m[33m|[0m /* 8.453 */                    throw e[0m
    [36m| [0m[33m|[0m /* 8.454 */                }[0m
    [36m| [0m[33m|[0m[33m_[0m[33m___________________________^ unreachable block in 'if' expression[0m
    [36m| [0m
    [36m#[0m [0mnote[0m: this warning can be suppressed by setting the compiler option `-Woff unused`
[34mnote[0m: the warning occurs after the macro is expanded
   [36m==>[0m <repo-root>-pr-worktrees/M8-005-publication/src/net/dns_wire_test.cj:8:1:
    [36m| [0m
[36m8[0m   [36m| [0m  @Test[0m
    [36m| [0m [34m_[0m[34m^[0m
[36m9[0m   [36m| [0m[34m|[0m class DnsWireParserTest {[0m
    [36m| [0m[34m|[0m ...[0m
[36m305[0m [36m| [0m[34m|[0m }[0m
    [36m| [0m[34m|[0m[34m_[0m[34m^[0m
    [36m| [0m

[33mwarning[0m: unreachable block in 'if' expression
    [36m| [0m
    [36m| [0m  /* 8.472 */                if(e is AssertException) {[0m
    [36m| [0m [33m_[0m[33m____________________________________________________^[0m
    [36m| [0m[33m|[0m /* 8.473 */                    throw e[0m
    [36m| [0m[33m|[0m /* 8.474 */                }[0m
    [36m| [0m[33m|[0m[33m_[0m[33m___________________________^ unreachable block in 'if' expression[0m
    [36m| [0m
    [36m#[0m [0mnote[0m: this warning can be suppressed by setting the compiler option `-Woff unused`
[34mnote[0m: the warning occurs after the macro is expanded
   [36m==>[0m <repo-root>-pr-worktrees/M8-005-publication/src/net/dns_wire_test.cj:8:1:
    [36m| [0m
[36m8[0m   [36m| [0m  @Test[0m
    [36m| [0m [34m_[0m[34m^[0m
[36m9[0m   [36m| [0m[34m|[0m class DnsWireParserTest {[0m
    [36m| [0m[34m|[0m ...[0m
[36m305[0m [36m| [0m[34m|[0m }[0m
    [36m| [0m[34m|[0m[34m_[0m[34m^[0m
    [36m| [0m

[33mwarning[0m: unreachable block in 'if' expression
    [36m| [0m
    [36m| [0m  /* 8.475 */                if(e is AssertIntermediateException) {[0m
    [36m| [0m [33m_[0m[33m________________________________________________________________^[0m
    [36m| [0m[33m|[0m /* 8.476 */                    throw e[0m
    [36m| [0m[33m|[0m /* 8.477 */                }[0m
    [36m| [0m[33m|[0m[33m_[0m[33m___________________________^ unreachable block in 'if' expression[0m
    [36m| [0m
    [36m#[0m [0mnote[0m: this warning can be suppressed by setting the compiler option `-Woff unused`
[34mnote[0m: the warning occurs after the macro is expanded
   [36m==>[0m <repo-root>-pr-worktrees/M8-005-publication/src/net/dns_wire_test.cj:8:1:
    [36m| [0m
[36m8[0m   [36m| [0m  @Test[0m
    [36m| [0m [34m_[0m[34m^[0m
[36m9[0m   [36m| [0m[34m|[0m class DnsWireParserTest {[0m
    [36m| [0m[34m|[0m ...[0m
[36m305[0m [36m| [0m[34m|[0m }[0m
    [36m| [0m[34m|[0m[34m_[0m[34m^[0m
    [36m| [0m

[33mwarning[0m: unreachable block in 'if' expression
    [36m| [0m
    [36m| [0m  /* 8.478 */                if(e is UnittestTimeoutException) {[0m
    [36m| [0m [33m_[0m[33m_____________________________________________________________^[0m
    [36m| [0m[33m|[0m /* 8.479 */                    throw e[0m
    [36m| [0m[33m|[0m /* 8.480 */                }[0m
    [36m| [0m[33m|[0m[33m_[0m[33m___________________________^ unreachable block in 'if' expression[0m
    [36m| [0m
    [36m#[0m [0mnote[0m: this warning can be suppressed by setting the compiler option `-Woff unused`
[34mnote[0m: the warning occurs after the macro is expanded
   [36m==>[0m <repo-root>-pr-worktrees/M8-005-publication/src/net/dns_wire_test.cj:8:1:
    [36m| [0m
[36m8[0m   [36m| [0m  @Test[0m
    [36m| [0m [34m_[0m[34m^[0m
[36m9[0m   [36m| [0m[34m|[0m class DnsWireParserTest {[0m
    [36m| [0m[34m|[0m ...[0m
[36m305[0m [36m| [0m[34m|[0m }[0m
    [36m| [0m[34m|[0m[34m_[0m[34m^[0m
    [36m| [0m

[33mwarning[0m: unreachable block in 'if' expression
    [36m| [0m
    [36m| [0m  /* 8.503 */                if(e is AssertException) {[0m
    [36m| [0m [33m_[0m[33m____________________________________________________^[0m
    [36m| [0m[33m|[0m /* 8.504 */                    throw e[0m
    [36m| [0m[33m|[0m /* 8.505 */                }[0m
    [36m| [0m[33m|[0m[33m_[0m[33m___________________________^ unreachable block in 'if' expression[0m
    [36m| [0m
    [36m#[0m [0mnote[0m: this warning can be suppressed by setting the compiler option `-Woff unused`
[34mnote[0m: the warning occurs after the macro is expanded
   [36m==>[0m <repo-root>-pr-worktrees/M8-005-publication/src/net/dns_wire_test.cj:8:1:
    [36m| [0m
[36m8[0m   [36m| [0m  @Test[0m
    [36m| [0m [34m_[0m[34m^[0m
[36m9[0m   [36m| [0m[34m|[0m class DnsWireParserTest {[0m
    [36m| [0m[34m|[0m ...[0m
[36m305[0m [36m| [0m[34m|[0m }[0m
    [36m| [0m[34m|[0m[34m_[0m[34m^[0m
    [36m| [0m

[33mwarning[0m: unreachable block in 'if' expression
    [36m| [0m
    [36m| [0m  /* 8.506 */                if(e is AssertIntermediateException) {[0m
    [36m| [0m [33m_[0m[33m________________________________________________________________^[0m
    [36m| [0m[33m|[0m /* 8.507 */                    throw e[0m
    [36m| [0m[33m|[0m /* 8.508 */                }[0m
    [36m| [0m[33m|[0m[33m_[0m[33m___________________________^ unreachable block in 'if' expression[0m
    [36m| [0m
    [36m#[0m [0mnote[0m: this warning can be suppressed by setting the compiler option `-Woff unused`
[34mnote[0m: the warning occurs after the macro is expanded
   [36m==>[0m <repo-root>-pr-worktrees/M8-005-publication/src/net/dns_wire_test.cj:8:1:
    [36m| [0m
[36m8[0m   [36m| [0m  @Test[0m
    [36m| [0m [34m_[0m[34m^[0m
[36m9[0m   [36m| [0m[34m|[0m class DnsWireParserTest {[0m
    [36m| [0m[34m|[0m ...[0m
[36m305[0m [36m| [0m[34m|[0m }[0m
    [36m| [0m[34m|[0m[34m_[0m[34m^[0m
    [36m| [0m

[33mwarning[0m: unreachable block in 'if' expression
    [36m| [0m
    [36m| [0m  /* 8.509 */                if(e is UnittestTimeoutException) {[0m
    [36m| [0m [33m_[0m[33m_____________________________________________________________^[0m
    [36m| [0m[33m|[0m /* 8.510 */                    throw e[0m
    [36m| [0m[33m|[0m /* 8.511 */                }[0m
    [36m| [0m[33m|[0m[33m_[0m[33m___________________________^ unreachable block in 'if' expression[0m
    [36m| [0m
    [36m#[0m [0mnote[0m: this warning can be suppressed by setting the compiler option `-Woff unused`
[34mnote[0m: the warning occurs after the macro is expanded
   [36m==>[0m <repo-root>-pr-worktrees/M8-005-publication/src/net/dns_wire_test.cj:8:1:
    [36m| [0m
[36m8[0m   [36m| [0m  @Test[0m
    [36m| [0m [34m_[0m[34m^[0m
[36m9[0m   [36m| [0m[34m|[0m class DnsWireParserTest {[0m
    [36m| [0m[34m|[0m ...[0m
[36m305[0m [36m| [0m[34m|[0m }[0m
    [36m| [0m[34m|[0m[34m_[0m[34m^[0m
    [36m| [0m

[33mwarning[0m: unreachable block in 'if' expression
    [36m| [0m
    [36m| [0m  /* 8.533 */                    if(e is AssertException) {[0m
    [36m| [0m [33m_[0m[33m________________________________________________________^[0m
    [36m| [0m[33m|[0m /* 8.534 */                        throw e[0m
    [36m| [0m[33m|[0m /* 8.535 */                    }[0m
    [36m| [0m[33m|[0m[33m_[0m[33m_______________________________^ unreachable block in 'if' expression[0m
    [36m| [0m
    [36m#[0m [0mnote[0m: this warning can be suppressed by setting the compiler option `-Woff unused`
[34mnote[0m: the warning occurs after the macro is expanded
   [36m==>[0m <repo-root>-pr-worktrees/M8-005-publication/src/net/dns_wire_test.cj:8:1:
    [36m| [0m
[36m8[0m   [36m| [0m  @Test[0m
    [36m| [0m [34m_[0m[34m^[0m
[36m9[0m   [36m| [0m[34m|[0m class DnsWireParserTest {[0m
    [36m| [0m[34m|[0m ...[0m
[36m305[0m [36m| [0m[34m|[0m }[0m
    [36m| [0m[34m|[0m[34m_[0m[34m^[0m
    [36m| [0m

[33mwarning[0m: unreachable block in 'if' expression
    [36m| [0m
    [36m| [0m  /* 8.536 */                    if(e is AssertIntermediateException) {[0m
    [36m| [0m [33m_[0m[33m____________________________________________________________________^[0m
    [36m| [0m[33m|[0m /* 8.537 */                        throw e[0m
    [36m| [0m[33m|[0m /* 8.538 */                    }[0m
    [36m| [0m[33m|[0m[33m_[0m[33m_______________________________^ unreachable block in 'if' expression[0m
    [36m| [0m
    [36m#[0m [0mnote[0m: this warning can be suppressed by setting the compiler option `-Woff unused`
[34mnote[0m: the warning occurs after the macro is expanded
   [36m==>[0m <repo-root>-pr-worktrees/M8-005-publication/src/net/dns_wire_test.cj:8:1:
    [36m| [0m
[36m8[0m   [36m| [0m  @Test[0m
    [36m| [0m [34m_[0m[34m^[0m
[36m9[0m   [36m| [0m[34m|[0m class DnsWireParserTest {[0m
    [36m| [0m[34m|[0m ...[0m
[36m305[0m [36m| [0m[34m|[0m }[0m
    [36m| [0m[34m|[0m[34m_[0m[34m^[0m
    [36m| [0m

[33mwarning[0m: unreachable block in 'if' expression
    [36m| [0m
    [36m| [0m  /* 8.539 */                    if(e is UnittestTimeoutException) {[0m
    [36m| [0m [33m_[0m[33m_________________________________________________________________^[0m
    [36m| [0m[33m|[0m /* 8.540 */                        throw e[0m
    [36m| [0m[33m|[0m /* 8.541 */                    }[0m
    [36m| [0m[33m|[0m[33m_[0m[33m_______________________________^ unreachable block in 'if' expression[0m
    [36m| [0m
    [36m#[0m [0mnote[0m: this warning can be suppressed by setting the compiler option `-Woff unused`
[34mnote[0m: the warning occurs after the macro is expanded
   [36m==>[0m <repo-root>-pr-worktrees/M8-005-publication/src/net/dns_wire_test.cj:8:1:
    [36m| [0m
[36m8[0m   [36m| [0m  @Test[0m
    [36m| [0m [34m_[0m[34m^[0m
[36m9[0m   [36m| [0m[34m|[0m class DnsWireParserTest {[0m
    [36m| [0m[34m|[0m ...[0m
[36m305[0m [36m| [0m[34m|[0m }[0m
    [36m| [0m[34m|[0m[34m_[0m[34m^[0m
    [36m| [0m

[33mwarning[0m: unreachable block in 'if' expression
    [36m| [0m
    [36m| [0m  /* 8.564 */                if(e is AssertException) {[0m
    [36m| [0m [33m_[0m[33m____________________________________________________^[0m
    [36m| [0m[33m|[0m /* 8.565 */                    throw e[0m
    [36m| [0m[33m|[0m /* 8.566 */                }[0m
    [36m| [0m[33m|[0m[33m_[0m[33m___________________________^ unreachable block in 'if' expression[0m
    [36m| [0m
    [36m#[0m [0mnote[0m: this warning can be suppressed by setting the compiler option `-Woff unused`
[34mnote[0m: the warning occurs after the macro is expanded
   [36m==>[0m <repo-root>-pr-worktrees/M8-005-publication/src/net/dns_wire_test.cj:8:1:
    [36m| [0m
[36m8[0m   [36m| [0m  @Test[0m
    [36m| [0m [34m_[0m[34m^[0m
[36m9[0m   [36m| [0m[34m|[0m class DnsWireParserTest {[0m
    [36m| [0m[34m|[0m ...[0m
[36m305[0m [36m| [0m[34m|[0m }[0m
    [36m| [0m[34m|[0m[34m_[0m[34m^[0m
    [36m| [0m

[33mwarning[0m: unreachable block in 'if' expression
    [36m| [0m
    [36m| [0m  /* 8.567 */                if(e is AssertIntermediateException) {[0m
    [36m| [0m [33m_[0m[33m________________________________________________________________^[0m
    [36m| [0m[33m|[0m /* 8.568 */                    throw e[0m
    [36m| [0m[33m|[0m /* 8.569 */                }[0m
    [36m| [0m[33m|[0m[33m_[0m[33m___________________________^ unreachable block in 'if' expression[0m
    [36m| [0m
    [36m#[0m [0mnote[0m: this warning can be suppressed by setting the compiler option `-Woff unused`
[34mnote[0m: the warning occurs after the macro is expanded
   [36m==>[0m <repo-root>-pr-worktrees/M8-005-publication/src/net/dns_wire_test.cj:8:1:
    [36m| [0m
[36m8[0m   [36m| [0m  @Test[0m
    [36m| [0m [34m_[0m[34m^[0m
[36m9[0m   [36m| [0m[34m|[0m class DnsWireParserTest {[0m
    [36m| [0m[34m|[0m ...[0m
[36m305[0m [36m| [0m[34m|[0m }[0m
    [36m| [0m[34m|[0m[34m_[0m[34m^[0m
    [36m| [0m

[33mwarning[0m: unreachable block in 'if' expression
    [36m| [0m
    [36m| [0m  /* 304.274 */                    if(e is AssertException) {[0m
    [36m| [0m [33m_[0m[33m__________________________________________________________^[0m
    [36m| [0m[33m|[0m /* 304.275 */                        throw e[0m
    [36m| [0m[33m|[0m /* 304.276 */                    }[0m
    [36m| [0m[33m|[0m[33m_[0m[33m_________________________________^ unreachable block in 'if' expression[0m
    [36m| [0m
    [36m#[0m [0mnote[0m: this warning can be suppressed by setting the compiler option `-Woff unused`
[34mnote[0m: the warning occurs after the macro is expanded
    [36m==>[0m <repo-root>-pr-worktrees/M8-005-publication/src/net/dns_client_test.cj:304:1:
     [36m| [0m
[36m304[0m  [36m| [0m  @Test[0m
     [36m| [0m [34m_[0m[34m^[0m
[36m305[0m  [36m| [0m[34m|[0m class DnsClientWireTest {[0m
     [36m| [0m[34m|[0m ...[0m
[36m1342[0m [36m| [0m[34m|[0m }[0m
     [36m| [0m[34m|[0m[34m_[0m[34m^[0m
     [36m| [0m

[33mwarning[0m: unreachable block in 'if' expression
    [36m| [0m
    [36m| [0m  /* 8.570 */                if(e is UnittestTimeoutException) {[0m
    [36m| [0m [33m_[0m[33m_____________________________________________________________^[0m
    [36m| [0m[33m|[0m /* 8.571 */                    throw e[0m
    [36m| [0m[33m|[0m /* 8.572 */                }[0m
    [36m| [0m[33m|[0m[33m_[0m[33m___________________________^ unreachable block in 'if' expression[0m
    [36m| [0m
    [36m#[0m [0mnote[0m: this warning can be suppressed by setting the compiler option `-Woff unused`
[34mnote[0m: the warning occurs after the macro is expanded
   [36m==>[0m <repo-root>-pr-worktrees/M8-005-publication/src/net/dns_wire_test.cj:8:1:
    [36m| [0m
[36m8[0m   [36m| [0m  @Test[0m
    [36m| [0m [34m_[0m[34m^[0m
[36m9[0m   [36m| [0m[34m|[0m class DnsWireParserTest {[0m
    [36m| [0m[34m|[0m ...[0m
[36m305[0m [36m| [0m[34m|[0m }[0m
    [36m| [0m[34m|[0m[34m_[0m[34m^[0m
    [36m| [0m

[33mwarning[0m: unreachable block in 'if' expression
    [36m| [0m
    [36m| [0m  /* 304.277 */                    if(e is AssertIntermediateException) {[0m
    [36m| [0m [33m_[0m[33m______________________________________________________________________^[0m
    [36m| [0m[33m|[0m /* 304.278 */                        throw e[0m
    [36m| [0m[33m|[0m /* 304.279 */                    }[0m
    [36m| [0m[33m|[0m[33m_[0m[33m_________________________________^ unreachable block in 'if' expression[0m
    [36m| [0m
    [36m#[0m [0mnote[0m: this warning can be suppressed by setting the compiler option `-Woff unused`
[34mnote[0m: the warning occurs after the macro is expanded
    [36m==>[0m <repo-root>-pr-worktrees/M8-005-publication/src/net/dns_client_test.cj:304:1:
     [36m| [0m
[36m304[0m  [36m| [0m  @Test[0m
     [36m| [0m [34m_[0m[34m^[0m
[36m305[0m  [36m| [0m[34m|[0m class DnsClientWireTest {[0m
     [36m| [0m[34m|[0m ...[0m
[36m1342[0m [36m| [0m[34m|[0m }[0m
     [36m| [0m[34m|[0m[34m_[0m[34m^[0m
     [36m| [0m

[33mwarning[0m: unreachable block in 'if' expression
    [36m| [0m
    [36m| [0m  /* 304.280 */                    if(e is UnittestTimeoutException) {[0m
    [36m| [0m [33m_[0m[33m___________________________________________________________________^[0m
    [36m| [0m[33m|[0m /* 304.281 */                        throw e[0m
    [36m| [0m[33m|[0m /* 304.282 */                    }[0m
    [36m| [0m[33m|[0m[33m_[0m[33m_________________________________^ unreachable block in 'if' expression[0m
    [36m| [0m
    [36m#[0m [0mnote[0m: this warning can be suppressed by setting the compiler option `-Woff unused`
[34mnote[0m: the warning occurs after the macro is expanded
    [36m==>[0m <repo-root>-pr-worktrees/M8-005-publication/src/net/dns_client_test.cj:304:1:
     [36m| [0m
[36m304[0m  [36m| [0m  @Test[0m
     [36m| [0m [34m_[0m[34m^[0m
[36m305[0m  [36m| [0m[34m|[0m class DnsClientWireTest {[0m
     [36m| [0m[34m|[0m ...[0m
[36m1342[0m [36m| [0m[34m|[0m }[0m
     [36m| [0m[34m|[0m[34m_[0m[34m^[0m
     [36m| [0m

[33mwarning[0m: unreachable block in 'if' expression
    [36m| [0m
    [36m| [0m  /* 8.591 */                if(e is AssertException) {[0m
    [36m| [0m [33m_[0m[33m____________________________________________________^[0m
    [36m| [0m[33m|[0m /* 8.592 */                    throw e[0m
    [36m| [0m[33m|[0m /* 8.593 */                }[0m
    [36m| [0m[33m|[0m[33m_[0m[33m___________________________^ unreachable block in 'if' expression[0m
    [36m| [0m
    [36m#[0m [0mnote[0m: this warning can be suppressed by setting the compiler option `-Woff unused`
[34mnote[0m: the warning occurs after the macro is expanded
   [36m==>[0m <repo-root>-pr-worktrees/M8-005-publication/src/net/dns_wire_test.cj:8:1:
    [36m| [0m
[36m8[0m   [36m| [0m  @Test[0m
    [36m| [0m [34m_[0m[34m^[0m
[36m9[0m   [36m| [0m[34m|[0m class DnsWireParserTest {[0m
    [36m| [0m[34m|[0m ...[0m
[36m305[0m [36m| [0m[34m|[0m }[0m
    [36m| [0m[34m|[0m[34m_[0m[34m^[0m
    [36m| [0m

[33mwarning[0m: unreachable block in 'if' expression
    [36m| [0m
    [36m| [0m  /* 8.594 */                if(e is AssertIntermediateException) {[0m
    [36m| [0m [33m_[0m[33m________________________________________________________________^[0m
    [36m| [0m[33m|[0m /* 8.595 */                    throw e[0m
    [36m| [0m[33m|[0m /* 8.596 */                }[0m
    [36m| [0m[33m|[0m[33m_[0m[33m___________________________^ unreachable block in 'if' expression[0m
    [36m| [0m
    [36m#[0m [0mnote[0m: this warning can be suppressed by setting the compiler option `-Woff unused`
[34mnote[0m: the warning occurs after the macro is expanded
   [36m==>[0m <repo-root>-pr-worktrees/M8-005-publication/src/net/dns_wire_test.cj:8:1:
    [36m| [0m
[36m8[0m   [36m| [0m  @Test[0m
    [36m| [0m [34m_[0m[34m^[0m
[36m9[0m   [36m| [0m[34m|[0m class DnsWireParserTest {[0m
    [36m| [0m[34m|[0m ...[0m
[36m305[0m [36m| [0m[34m|[0m }[0m
    [36m| [0m[34m|[0m[34m_[0m[34m^[0m
    [36m| [0m

[33mwarning[0m: unreachable block in 'if' expression
    [36m| [0m
    [36m| [0m  /* 8.597 */                if(e is UnittestTimeoutException) {[0m
    [36m| [0m [33m_[0m[33m_____________________________________________________________^[0m
    [36m| [0m[33m|[0m /* 8.598 */                    throw e[0m
    [36m| [0m[33m|[0m /* 8.599 */                }[0m
    [36m| [0m[33m|[0m[33m_[0m[33m___________________________^ unreachable block in 'if' expression[0m
    [36m| [0m
    [36m#[0m [0mnote[0m: this warning can be suppressed by setting the compiler option `-Woff unused`
[34mnote[0m: the warning occurs after the macro is expanded
   [36m==>[0m <repo-root>-pr-worktrees/M8-005-publication/src/net/dns_wire_test.cj:8:1:
    [36m| [0m
[36m8[0m   [36m| [0m  @Test[0m
    [36m| [0m [34m_[0m[34m^[0m
[36m9[0m   [36m| [0m[34m|[0m class DnsWireParserTest {[0m
    [36m| [0m[34m|[0m ...[0m
[36m305[0m [36m| [0m[34m|[0m }[0m
    [36m| [0m[34m|[0m[34m_[0m[34m^[0m
    [36m| [0m

[33mwarning[0m: unreachable block in 'if' expression
    [36m| [0m
    [36m| [0m  /* 304.320 */                    if(e is AssertException) {[0m
    [36m| [0m [33m_[0m[33m__________________________________________________________^[0m
    [36m| [0m[33m|[0m /* 304.321 */                        throw e[0m
    [36m| [0m[33m|[0m /* 304.322 */                    }[0m
    [36m| [0m[33m|[0m[33m_[0m[33m_________________________________^ unreachable block in 'if' expression[0m
    [36m| [0m
    [36m#[0m [0mnote[0m: this warning can be suppressed by setting the compiler option `-Woff unused`
[34mnote[0m: the warning occurs after the macro is expanded
    [36m==>[0m <repo-root>-pr-worktrees/M8-005-publication/src/net/dns_client_test.cj:304:1:
     [36m| [0m
[36m304[0m  [36m| [0m  @Test[0m
     [36m| [0m [34m_[0m[34m^[0m
[36m305[0m  [36m| [0m[34m|[0m class DnsClientWireTest {[0m
     [36m| [0m[34m|[0m ...[0m
[36m1342[0m [36m| [0m[34m|[0m }[0m
     [36m| [0m[34m|[0m[34m_[0m[34m^[0m
     [36m| [0m

[33mwarning[0m: unreachable block in 'if' expression
    [36m| [0m
    [36m| [0m  /* 304.323 */                    if(e is AssertIntermediateException) {[0m
    [36m| [0m [33m_[0m[33m______________________________________________________________________^[0m
    [36m| [0m[33m|[0m /* 304.324 */                        throw e[0m
    [36m| [0m[33m|[0m /* 304.325 */                    }[0m
    [36m| [0m[33m|[0m[33m_[0m[33m_________________________________^ unreachable block in 'if' expression[0m
    [36m| [0m
    [36m#[0m [0mnote[0m: this warning can be suppressed by setting the compiler option `-Woff unused`
[34mnote[0m: the warning occurs after the macro is expanded
    [36m==>[0m <repo-root>-pr-worktrees/M8-005-publication/src/net/dns_client_test.cj:304:1:
     [36m| [0m
[36m304[0m  [36m| [0m  @Test[0m
     [36m| [0m [34m_[0m[34m^[0m
[36m305[0m  [36m| [0m[34m|[0m class DnsClientWireTest {[0m
     [36m| [0m[34m|[0m ...[0m
[36m1342[0m [36m| [0m[34m|[0m }[0m
     [36m| [0m[34m|[0m[34m_[0m[34m^[0m
     [36m| [0m

[33mwarning[0m: unreachable block in 'if' expression
    [36m| [0m
    [36m| [0m  /* 8.621 */                if(e is AssertException) {[0m
    [36m| [0m [33m_[0m[33m____________________________________________________^[0m
    [36m| [0m[33m|[0m /* 8.622 */                    throw e[0m
    [36m| [0m[33m|[0m /* 8.623 */                }[0m
    [36m| [0m[33m|[0m[33m_[0m[33m___________________________^ unreachable block in 'if' expression[0m
    [36m| [0m
    [36m#[0m [0mnote[0m: this warning can be suppressed by setting the compiler option `-Woff unused`
[34mnote[0m: the warning occurs after the macro is expanded
   [36m==>[0m <repo-root>-pr-worktrees/M8-005-publication/src/net/dns_wire_test.cj:8:1:
    [36m| [0m
[36m8[0m   [36m| [0m  @Test[0m
    [36m| [0m [34m_[0m[34m^[0m
[36m9[0m   [36m| [0m[34m|[0m class DnsWireParserTest {[0m
    [36m| [0m[34m|[0m ...[0m
[36m305[0m [36m| [0m[34m|[0m }[0m
    [36m| [0m[34m|[0m[34m_[0m[34m^[0m
    [36m| [0m

[33mwarning[0m: unreachable block in 'if' expression
    [36m| [0m
    [36m| [0m  /* 304.326 */                    if(e is UnittestTimeoutException) {[0m
    [36m| [0m [33m_[0m[33m___________________________________________________________________^[0m
    [36m| [0m[33m|[0m /* 304.327 */                        throw e[0m
    [36m| [0m[33m|[0m /* 304.328 */                    }[0m
    [36m| [0m[33m|[0m[33m_[0m[33m_________________________________^ unreachable block in 'if' expression[0m
    [36m| [0m
    [36m#[0m [0mnote[0m: this warning can be suppressed by setting the compiler option `-Woff unused`
[34mnote[0m: the warning occurs after the macro is expanded
    [36m==>[0m <repo-root>-pr-worktrees/M8-005-publication/src/net/dns_client_test.cj:304:1:
     [36m| [0m
[36m304[0m  [36m| [0m  @Test[0m
     [36m| [0m [34m_[0m[34m^[0m
[36m305[0m  [36m| [0m[34m|[0m class DnsClientWireTest {[0m
     [36m| [0m[34m|[0m ...[0m
[36m1342[0m [36m| [0m[34m|[0m }[0m
     [36m| [0m[34m|[0m[34m_[0m[34m^[0m
     [36m| [0m

[33mwarning[0m: unreachable block in 'if' expression
    [36m| [0m
    [36m| [0m  /* 8.624 */                if(e is AssertIntermediateException) {[0m
    [36m| [0m [33m_[0m[33m________________________________________________________________^[0m
    [36m| [0m[33m|[0m /* 8.625 */                    throw e[0m
    [36m| [0m[33m|[0m /* 8.626 */                }[0m
    [36m| [0m[33m|[0m[33m_[0m[33m___________________________^ unreachable block in 'if' expression[0m
    [36m| [0m
    [36m#[0m [0mnote[0m: this warning can be suppressed by setting the compiler option `-Woff unused`
[34mnote[0m: the warning occurs after the macro is expanded
   [36m==>[0m <repo-root>-pr-worktrees/M8-005-publication/src/net/dns_wire_test.cj:8:1:
    [36m| [0m
[36m8[0m   [36m| [0m  @Test[0m
    [36m| [0m [34m_[0m[34m^[0m
[36m9[0m   [36m| [0m[34m|[0m class DnsWireParserTest {[0m
    [36m| [0m[34m|[0m ...[0m
[36m305[0m [36m| [0m[34m|[0m }[0m
    [36m| [0m[34m|[0m[34m_[0m[34m^[0m
    [36m| [0m

[33mwarning[0m: unreachable block in 'if' expression
    [36m| [0m
    [36m| [0m  /* 8.627 */                if(e is UnittestTimeoutException) {[0m
    [36m| [0m [33m_[0m[33m_____________________________________________________________^[0m
    [36m| [0m[33m|[0m /* 8.628 */                    throw e[0m
    [36m| [0m[33m|[0m /* 8.629 */                }[0m
    [36m| [0m[33m|[0m[33m_[0m[33m___________________________^ unreachable block in 'if' expression[0m
    [36m| [0m
    [36m#[0m [0mnote[0m: this warning can be suppressed by setting the compiler option `-Woff unused`
[34mnote[0m: the warning occurs after the macro is expanded
   [36m==>[0m <repo-root>-pr-worktrees/M8-005-publication/src/net/dns_wire_test.cj:8:1:
    [36m| [0m
[36m8[0m   [36m| [0m  @Test[0m
    [36m| [0m [34m_[0m[34m^[0m
[36m9[0m   [36m| [0m[34m|[0m class DnsWireParserTest {[0m
    [36m| [0m[34m|[0m ...[0m
[36m305[0m [36m| [0m[34m|[0m }[0m
    [36m| [0m[34m|[0m[34m_[0m[34m^[0m
    [36m| [0m

[33mwarning[0m: unreachable pattern
   [36m==>[0m <repo-root>-pr-worktrees/M8-005-publication/src/net/dns_resolver_test.cj:678:22:
    [36m| [0m
[36m678[0m [36m| [0m                case None => ()[0m
    [36m| [0m                     [33m^ [0m
    [36m| [0m
    [36m#[0m [0mnote[0m: this warning can be suppressed by setting the compiler option `-Woff unused`
[34mnote[0m: the warning occurs after the macro is expanded
   [36m==>[0m <repo-root>-pr-worktrees/M8-005-publication/src/net/dns_resolver_test.cj:156:1:
    [36m| [0m
[36m156[0m [36m| [0m  @Test[0m
    [36m| [0m [34m_[0m[34m^[0m
[36m157[0m [36m| [0m[34m|[0m class DnsResolverPolicyTest {[0m
    [36m| [0m[34m|[0m ...[0m
[36m723[0m [36m| [0m[34m|[0m }[0m
    [36m| [0m[34m|[0m[34m_[0m[34m^[0m
    [36m| [0m
[34mnote[0m: which is expanded as follows
    [36m| [0m
    [36m| [0m/* 156.493 */            case None =>()[0m
    [36m| [0m                              [34m^^^^ [0m
    [36m| [0m

[33mwarning[0m: unreachable block in 'if' expression
    [36m| [0m
    [36m| [0m  /* 304.379 */                        if(e is AssertException) {[0m
    [36m| [0m [33m_[0m[33m______________________________________________________________^[0m
    [36m| [0m[33m|[0m /* 304.380 */                            throw e[0m
    [36m| [0m[33m|[0m /* 304.381 */                        }[0m
    [36m| [0m[33m|[0m[33m_[0m[33m_____________________________________^ unreachable block in 'if' expression[0m
    [36m| [0m
    [36m#[0m [0mnote[0m: this warning can be suppressed by setting the compiler option `-Woff unused`
[34mnote[0m: the warning occurs after the macro is expanded
    [36m==>[0m <repo-root>-pr-worktrees/M8-005-publication/src/net/dns_client_test.cj:304:1:
     [36m| [0m
[36m304[0m  [36m| [0m  @Test[0m
     [36m| [0m [34m_[0m[34m^[0m
[36m305[0m  [36m| [0m[34m|[0m class DnsClientWireTest {[0m
     [36m| [0m[34m|[0m ...[0m
[36m1342[0m [36m| [0m[34m|[0m }[0m
     [36m| [0m[34m|[0m[34m_[0m[34m^[0m
     [36m| [0m

[33mwarning[0m: unreachable block in 'if' expression
    [36m| [0m
    [36m| [0m  /* 304.382 */                        if(e is AssertIntermediateException) {[0m
    [36m| [0m [33m_[0m[33m__________________________________________________________________________^[0m
    [36m| [0m[33m|[0m /* 304.383 */                            throw e[0m
    [36m| [0m[33m|[0m /* 304.384 */                        }[0m
    [36m| [0m[33m|[0m[33m_[0m[33m_____________________________________^ unreachable block in 'if' expression[0m
    [36m| [0m
    [36m#[0m [0mnote[0m: this warning can be suppressed by setting the compiler option `-Woff unused`
[34mnote[0m: the warning occurs after the macro is expanded
    [36m==>[0m <repo-root>-pr-worktrees/M8-005-publication/src/net/dns_client_test.cj:304:1:
     [36m| [0m
[36m304[0m  [36m| [0m  @Test[0m
     [36m| [0m [34m_[0m[34m^[0m
[36m305[0m  [36m| [0m[34m|[0m class DnsClientWireTest {[0m
     [36m| [0m[34m|[0m ...[0m
[36m1342[0m [36m| [0m[34m|[0m }[0m
     [36m| [0m[34m|[0m[34m_[0m[34m^[0m
     [36m| [0m

[33mwarning[0m: unreachable block in 'if' expression
    [36m| [0m
    [36m| [0m  /* 304.385 */                        if(e is UnittestTimeoutException) {[0m
    [36m| [0m [33m_[0m[33m_______________________________________________________________________^[0m
    [36m| [0m[33m|[0m /* 304.386 */                            throw e[0m
    [36m| [0m[33m|[0m /* 304.387 */                        }[0m
    [36m| [0m[33m|[0m[33m_[0m[33m_____________________________________^ unreachable block in 'if' expression[0m
    [36m| [0m
    [36m#[0m [0mnote[0m: this warning can be suppressed by setting the compiler option `-Woff unused`
[34mnote[0m: the warning occurs after the macro is expanded
    [36m==>[0m <repo-root>-pr-worktrees/M8-005-publication/src/net/dns_client_test.cj:304:1:
     [36m| [0m
[36m304[0m  [36m| [0m  @Test[0m
     [36m| [0m [34m_[0m[34m^[0m
[36m305[0m  [36m| [0m[34m|[0m class DnsClientWireTest {[0m
     [36m| [0m[34m|[0m ...[0m
[36m1342[0m [36m| [0m[34m|[0m }[0m
     [36m| [0m[34m|[0m[34m_[0m[34m^[0m
     [36m| [0m

[33mwarning[0m: unreachable block in 'if' expression
    [36m| [0m
    [36m| [0m  /* 8.702 */                if(e is AssertException) {[0m
    [36m| [0m [33m_[0m[33m____________________________________________________^[0m
    [36m| [0m[33m|[0m /* 8.703 */                    throw e[0m
    [36m| [0m[33m|[0m /* 8.704 */                }[0m
    [36m| [0m[33m|[0m[33m_[0m[33m___________________________^ unreachable block in 'if' expression[0m
    [36m| [0m
    [36m#[0m [0mnote[0m: this warning can be suppressed by setting the compiler option `-Woff unused`
[34mnote[0m: the warning occurs after the macro is expanded
   [36m==>[0m <repo-root>-pr-worktrees/M8-005-publication/src/net/dns_wire_test.cj:8:1:
    [36m| [0m
[36m8[0m   [36m| [0m  @Test[0m
    [36m| [0m [34m_[0m[34m^[0m
[36m9[0m   [36m| [0m[34m|[0m class DnsWireParserTest {[0m
    [36m| [0m[34m|[0m ...[0m
[36m305[0m [36m| [0m[34m|[0m }[0m
    [36m| [0m[34m|[0m[34m_[0m[34m^[0m
    [36m| [0m

[33mwarning[0m: unreachable block in 'if' expression
    [36m| [0m
    [36m| [0m  /* 8.705 */                if(e is AssertIntermediateException) {[0m
    [36m| [0m [33m_[0m[33m________________________________________________________________^[0m
    [36m| [0m[33m|[0m /* 8.706 */                    throw e[0m
    [36m| [0m[33m|[0m /* 8.707 */                }[0m
    [36m| [0m[33m|[0m[33m_[0m[33m___________________________^ unreachable block in 'if' expression[0m
    [36m| [0m
    [36m#[0m [0mnote[0m: this warning can be suppressed by setting the compiler option `-Woff unused`
[34mnote[0m: the warning occurs after the macro is expanded
   [36m==>[0m <repo-root>-pr-worktrees/M8-005-publication/src/net/dns_wire_test.cj:8:1:
    [36m| [0m
[36m8[0m   [36m| [0m  @Test[0m
    [36m| [0m [34m_[0m[34m^[0m
[36m9[0m   [36m| [0m[34m|[0m class DnsWireParserTest {[0m
    [36m| [0m[34m|[0m ...[0m
[36m305[0m [36m| [0m[34m|[0m }[0m
    [36m| [0m[34m|[0m[34m_[0m[34m^[0m
    [36m| [0m

[33mwarning[0m: unreachable block in 'if' expression
    [36m| [0m
    [36m| [0m  /* 8.708 */                if(e is UnittestTimeoutException) {[0m
    [36m| [0m [33m_[0m[33m_____________________________________________________________^[0m
    [36m| [0m[33m|[0m /* 8.709 */                    throw e[0m
    [36m| [0m[33m|[0m /* 8.710 */                }[0m
    [36m| [0m[33m|[0m[33m_[0m[33m___________________________^ unreachable block in 'if' expression[0m
    [36m| [0m
    [36m#[0m [0mnote[0m: this warning can be suppressed by setting the compiler option `-Woff unused`
[34mnote[0m: the warning occurs after the macro is expanded
   [36m==>[0m <repo-root>-pr-worktrees/M8-005-publication/src/net/dns_wire_test.cj:8:1:
    [36m| [0m
[36m8[0m   [36m| [0m  @Test[0m
    [36m| [0m [34m_[0m[34m^[0m
[36m9[0m   [36m| [0m[34m|[0m class DnsWireParserTest {[0m
    [36m| [0m[34m|[0m ...[0m
[36m305[0m [36m| [0m[34m|[0m }[0m
    [36m| [0m[34m|[0m[34m_[0m[34m^[0m
    [36m| [0m

[33mwarning[0m: unreachable block in 'if' expression
    [36m| [0m
    [36m| [0m  /* 304.454 */                    if(e is AssertException) {[0m
    [36m| [0m [33m_[0m[33m__________________________________________________________^[0m
    [36m| [0m[33m|[0m /* 304.455 */                        throw e[0m
    [36m| [0m[33m|[0m /* 304.456 */                    }[0m
    [36m| [0m[33m|[0m[33m_[0m[33m_________________________________^ unreachable block in 'if' expression[0m
    [36m| [0m
    [36m#[0m [0mnote[0m: this warning can be suppressed by setting the compiler option `-Woff unused`
[34mnote[0m: the warning occurs after the macro is expanded
    [36m==>[0m <repo-root>-pr-worktrees/M8-005-publication/src/net/dns_client_test.cj:304:1:
     [36m| [0m
[36m304[0m  [36m| [0m  @Test[0m
     [36m| [0m [34m_[0m[34m^[0m
[36m305[0m  [36m| [0m[34m|[0m class DnsClientWireTest {[0m
     [36m| [0m[34m|[0m ...[0m
[36m1342[0m [36m| [0m[34m|[0m }[0m
     [36m| [0m[34m|[0m[34m_[0m[34m^[0m
     [36m| [0m

[33mwarning[0m: unreachable block in 'if' expression
    [36m| [0m
    [36m| [0m  /* 304.457 */                    if(e is AssertIntermediateException) {[0m
    [36m| [0m [33m_[0m[33m______________________________________________________________________^[0m
    [36m| [0m[33m|[0m /* 304.458 */                        throw e[0m
    [36m| [0m[33m|[0m /* 304.459 */                    }[0m
    [36m| [0m[33m|[0m[33m_[0m[33m_________________________________^ unreachable block in 'if' expression[0m
    [36m| [0m
    [36m#[0m [0mnote[0m: this warning can be suppressed by setting the compiler option `-Woff unused`
[34mnote[0m: the warning occurs after the macro is expanded
    [36m==>[0m <repo-root>-pr-worktrees/M8-005-publication/src/net/dns_client_test.cj:304:1:
     [36m| [0m
[36m304[0m  [36m| [0m  @Test[0m
     [36m| [0m [34m_[0m[34m^[0m
[36m305[0m  [36m| [0m[34m|[0m class DnsClientWireTest {[0m
     [36m| [0m[34m|[0m ...[0m
[36m1342[0m [36m| [0m[34m|[0m }[0m
     [36m| [0m[34m|[0m[34m_[0m[34m^[0m
     [36m| [0m

[33mwarning[0m: unreachable block in 'if' expression
    [36m| [0m
    [36m| [0m  /* 304.460 */                    if(e is UnittestTimeoutException) {[0m
    [36m| [0m [33m_[0m[33m___________________________________________________________________^[0m
    [36m| [0m[33m|[0m /* 304.461 */                        throw e[0m
    [36m| [0m[33m|[0m /* 304.462 */                    }[0m
    [36m| [0m[33m|[0m[33m_[0m[33m_________________________________^ unreachable block in 'if' expression[0m
    [36m| [0m
    [36m#[0m [0mnote[0m: this warning can be suppressed by setting the compiler option `-Woff unused`
[34mnote[0m: the warning occurs after the macro is expanded
    [36m==>[0m <repo-root>-pr-worktrees/M8-005-publication/src/net/dns_client_test.cj:304:1:
     [36m| [0m
[36m304[0m  [36m| [0m  @Test[0m
     [36m| [0m [34m_[0m[34m^[0m
[36m305[0m  [36m| [0m[34m|[0m class DnsClientWireTest {[0m
     [36m| [0m[34m|[0m ...[0m
[36m1342[0m [36m| [0m[34m|[0m }[0m
     [36m| [0m[34m|[0m[34m_[0m[34m^[0m
     [36m| [0m

[33mwarning[0m: unreachable block in 'if' expression
    [36m| [0m
    [36m| [0m  /* 304.509 */                    if(e is AssertException) {[0m
    [36m| [0m [33m_[0m[33m__________________________________________________________^[0m
    [36m| [0m[33m|[0m /* 304.510 */                        throw e[0m
    [36m| [0m[33m|[0m /* 304.511 */                    }[0m
    [36m| [0m[33m|[0m[33m_[0m[33m_________________________________^ unreachable block in 'if' expression[0m
    [36m| [0m
    [36m#[0m [0mnote[0m: this warning can be suppressed by setting the compiler option `-Woff unused`
[34mnote[0m: the warning occurs after the macro is expanded
    [36m==>[0m <repo-root>-pr-worktrees/M8-005-publication/src/net/dns_client_test.cj:304:1:
     [36m| [0m
[36m304[0m  [36m| [0m  @Test[0m
     [36m| [0m [34m_[0m[34m^[0m
[36m305[0m  [36m| [0m[34m|[0m class DnsClientWireTest {[0m
     [36m| [0m[34m|[0m ...[0m
[36m1342[0m [36m| [0m[34m|[0m }[0m
     [36m| [0m[34m|[0m[34m_[0m[34m^[0m
     [36m| [0m

[33mwarning[0m: unreachable block in 'if' expression
    [36m| [0m
    [36m| [0m  /* 304.512 */                    if(e is AssertIntermediateException) {[0m
    [36m| [0m [33m_[0m[33m______________________________________________________________________^[0m
    [36m| [0m[33m|[0m /* 304.513 */                        throw e[0m
    [36m| [0m[33m|[0m /* 304.514 */                    }[0m
    [36m| [0m[33m|[0m[33m_[0m[33m_________________________________^ unreachable block in 'if' expression[0m
    [36m| [0m
    [36m#[0m [0mnote[0m: this warning can be suppressed by setting the compiler option `-Woff unused`
[34mnote[0m: the warning occurs after the macro is expanded
    [36m==>[0m <repo-root>-pr-worktrees/M8-005-publication/src/net/dns_client_test.cj:304:1:
     [36m| [0m
[36m304[0m  [36m| [0m  @Test[0m
     [36m| [0m [34m_[0m[34m^[0m
[36m305[0m  [36m| [0m[34m|[0m class DnsClientWireTest {[0m
     [36m| [0m[34m|[0m ...[0m
[36m1342[0m [36m| [0m[34m|[0m }[0m
     [36m| [0m[34m|[0m[34m_[0m[34m^[0m
     [36m| [0m

[33mwarning[0m: unreachable block in 'if' expression
    [36m| [0m
    [36m| [0m  /* 304.515 */                    if(e is UnittestTimeoutException) {[0m
    [36m| [0m [33m_[0m[33m___________________________________________________________________^[0m
    [36m| [0m[33m|[0m /* 304.516 */                        throw e[0m
    [36m| [0m[33m|[0m /* 304.517 */                    }[0m
    [36m| [0m[33m|[0m[33m_[0m[33m_________________________________^ unreachable block in 'if' expression[0m
    [36m| [0m
    [36m#[0m [0mnote[0m: this warning can be suppressed by setting the compiler option `-Woff unused`
[34mnote[0m: the warning occurs after the macro is expanded
    [36m==>[0m <repo-root>-pr-worktrees/M8-005-publication/src/net/dns_client_test.cj:304:1:
     [36m| [0m
[36m304[0m  [36m| [0m  @Test[0m
     [36m| [0m [34m_[0m[34m^[0m
[36m305[0m  [36m| [0m[34m|[0m class DnsClientWireTest {[0m
     [36m| [0m[34m|[0m ...[0m
[36m1342[0m [36m| [0m[34m|[0m }[0m
     [36m| [0m[34m|[0m[34m_[0m[34m^[0m
     [36m| [0m

[33mwarning[0m: unreachable block in 'if' expression
    [36m| [0m
    [36m| [0m  /* 304.568 */                    if(e is AssertException) {[0m
    [36m| [0m [33m_[0m[33m__________________________________________________________^[0m
    [36m| [0m[33m|[0m /* 304.569 */                        throw e[0m
    [36m| [0m[33m|[0m /* 304.570 */                    }[0m
    [36m| [0m[33m|[0m[33m_[0m[33m_________________________________^ unreachable block in 'if' expression[0m
    [36m| [0m
    [36m#[0m [0mnote[0m: this warning can be suppressed by setting the compiler option `-Woff unused`
[34mnote[0m: the warning occurs after the macro is expanded
    [36m==>[0m <repo-root>-pr-worktrees/M8-005-publication/src/net/dns_client_test.cj:304:1:
     [36m| [0m
[36m304[0m  [36m| [0m  @Test[0m
     [36m| [0m [34m_[0m[34m^[0m
[36m305[0m  [36m| [0m[34m|[0m class DnsClientWireTest {[0m
     [36m| [0m[34m|[0m ...[0m
[36m1342[0m [36m| [0m[34m|[0m }[0m
     [36m| [0m[34m|[0m[34m_[0m[34m^[0m
     [36m| [0m

[33mwarning[0m: unreachable block in 'if' expression
    [36m| [0m
    [36m| [0m  /* 304.571 */                    if(e is AssertIntermediateException) {[0m
    [36m| [0m [33m_[0m[33m______________________________________________________________________^[0m
    [36m| [0m[33m|[0m /* 304.572 */                        throw e[0m
    [36m| [0m[33m|[0m /* 304.573 */                    }[0m
    [36m| [0m[33m|[0m[33m_[0m[33m_________________________________^ unreachable block in 'if' expression[0m
    [36m| [0m
    [36m#[0m [0mnote[0m: this warning can be suppressed by setting the compiler option `-Woff unused`
[34mnote[0m: the warning occurs after the macro is expanded
    [36m==>[0m <repo-root>-pr-worktrees/M8-005-publication/src/net/dns_client_test.cj:304:1:
     [36m| [0m
[36m304[0m  [36m| [0m  @Test[0m
     [36m| [0m [34m_[0m[34m^[0m
[36m305[0m  [36m| [0m[34m|[0m class DnsClientWireTest {[0m
     [36m| [0m[34m|[0m ...[0m
[36m1342[0m [36m| [0m[34m|[0m }[0m
     [36m| [0m[34m|[0m[34m_[0m[34m^[0m
     [36m| [0m

[33mwarning[0m: unreachable block in 'if' expression
    [36m| [0m
    [36m| [0m  /* 304.574 */                    if(e is UnittestTimeoutException) {[0m
    [36m| [0m [33m_[0m[33m___________________________________________________________________^[0m
    [36m| [0m[33m|[0m /* 304.575 */                        throw e[0m
    [36m| [0m[33m|[0m /* 304.576 */                    }[0m
    [36m| [0m[33m|[0m[33m_[0m[33m_________________________________^ unreachable block in 'if' expression[0m
    [36m| [0m
    [36m#[0m [0mnote[0m: this warning can be suppressed by setting the compiler option `-Woff unused`
[34mnote[0m: the warning occurs after the macro is expanded
    [36m==>[0m <repo-root>-pr-worktrees/M8-005-publication/src/net/dns_client_test.cj:304:1:
     [36m| [0m
[36m304[0m  [36m| [0m  @Test[0m
     [36m| [0m [34m_[0m[34m^[0m
[36m305[0m  [36m| [0m[34m|[0m class DnsClientWireTest {[0m
     [36m| [0m[34m|[0m ...[0m
[36m1342[0m [36m| [0m[34m|[0m }[0m
     [36m| [0m[34m|[0m[34m_[0m[34m^[0m
     [36m| [0m

[33mwarning[0m: unreachable block in 'if' expression
     [36m| [0m
     [36m| [0m  /* 304.859 */            if(e is AssertException) {[0m
     [36m| [0m [33m_[0m[33m__________________________________________________^[0m
     [36m| [0m[33m|[0m /* 304.860 */                throw e[0m
     [36m| [0m[33m|[0m /* 304.861 */            }[0m
     [36m| [0m[33m|[0m[33m_[0m[33m_________________________^ unreachable block in 'if' expression[0m
     [36m| [0m
     [36m#[0m [0mnote[0m: this warning can be suppressed by setting the compiler option `-Woff unused`
[34mnote[0m: the warning occurs after the macro is expanded
    [36m==>[0m <repo-root>-pr-worktrees/M8-005-publication/src/net/dns_client_test.cj:304:1:
     [36m| [0m
[36m304[0m  [36m| [0m  @Test[0m
     [36m| [0m [34m_[0m[34m^[0m
[36m305[0m  [36m| [0m[34m|[0m class DnsClientWireTest {[0m
     [36m| [0m[34m|[0m ...[0m
[36m1342[0m [36m| [0m[34m|[0m }[0m
     [36m| [0m[34m|[0m[34m_[0m[34m^[0m
     [36m| [0m

[33mwarning[0m: unreachable block in 'if' expression
     [36m| [0m
     [36m| [0m  /* 304.862 */            if(e is AssertIntermediateException) {[0m
     [36m| [0m [33m_[0m[33m______________________________________________________________^[0m
     [36m| [0m[33m|[0m /* 304.863 */                throw e[0m
     [36m| [0m[33m|[0m /* 304.864 */            }[0m
     [36m| [0m[33m|[0m[33m_[0m[33m_________________________^ unreachable block in 'if' expression[0m
     [36m| [0m
     [36m#[0m [0mnote[0m: this warning can be suppressed by setting the compiler option `-Woff unused`
[34mnote[0m: the warning occurs after the macro is expanded
    [36m==>[0m <repo-root>-pr-worktrees/M8-005-publication/src/net/dns_client_test.cj:304:1:
     [36m| [0m
[36m304[0m  [36m| [0m  @Test[0m
     [36m| [0m [34m_[0m[34m^[0m
[36m305[0m  [36m| [0m[34m|[0m class DnsClientWireTest {[0m
     [36m| [0m[34m|[0m ...[0m
[36m1342[0m [36m| [0m[34m|[0m }[0m
     [36m| [0m[34m|[0m[34m_[0m[34m^[0m
     [36m| [0m

[33mwarning[0m: unreachable block in 'if' expression
     [36m| [0m
     [36m| [0m  /* 304.865 */            if(e is UnittestTimeoutException) {[0m
     [36m| [0m [33m_[0m[33m___________________________________________________________^[0m
     [36m| [0m[33m|[0m /* 304.866 */                throw e[0m
     [36m| [0m[33m|[0m /* 304.867 */            }[0m
     [36m| [0m[33m|[0m[33m_[0m[33m_________________________^ unreachable block in 'if' expression[0m
     [36m| [0m
     [36m#[0m [0mnote[0m: this warning can be suppressed by setting the compiler option `-Woff unused`
[34mnote[0m: the warning occurs after the macro is expanded
    [36m==>[0m <repo-root>-pr-worktrees/M8-005-publication/src/net/dns_client_test.cj:304:1:
     [36m| [0m
[36m304[0m  [36m| [0m  @Test[0m
     [36m| [0m [34m_[0m[34m^[0m
[36m305[0m  [36m| [0m[34m|[0m class DnsClientWireTest {[0m
     [36m| [0m[34m|[0m ...[0m
[36m1342[0m [36m| [0m[34m|[0m }[0m
     [36m| [0m[34m|[0m[34m_[0m[34m^[0m
     [36m| [0m

[33mwarning[0m: unreachable block in 'if' expression
     [36m| [0m
     [36m| [0m  /* 304.961 */    if(e is AssertException) {[0m
     [36m| [0m [33m_[0m[33m__________________________________________^[0m
     [36m| [0m[33m|[0m /* 304.962 */        throw e[0m
     [36m| [0m[33m|[0m /* 304.963 */    }[0m
     [36m| [0m[33m|[0m[33m_[0m[33m_________________^ unreachable block in 'if' expression[0m
     [36m| [0m
     [36m#[0m [0mnote[0m: this warning can be suppressed by setting the compiler option `-Woff unused`
[34mnote[0m: the warning occurs after the macro is expanded
    [36m==>[0m <repo-root>-pr-worktrees/M8-005-publication/src/net/dns_client_test.cj:304:1:
     [36m| [0m
[36m304[0m  [36m| [0m  @Test[0m
     [36m| [0m [34m_[0m[34m^[0m
[36m305[0m  [36m| [0m[34m|[0m class DnsClientWireTest {[0m
     [36m| [0m[34m|[0m ...[0m
[36m1342[0m [36m| [0m[34m|[0m }[0m
     [36m| [0m[34m|[0m[34m_[0m[34m^[0m
     [36m| [0m

[33mwarning[0m: unreachable block in 'if' expression
     [36m| [0m
     [36m| [0m  /* 304.964 */    if(e is AssertIntermediateException) {[0m
     [36m| [0m [33m_[0m[33m______________________________________________________^[0m
     [36m| [0m[33m|[0m /* 304.965 */        throw e[0m
     [36m| [0m[33m|[0m /* 304.966 */    }[0m
     [36m| [0m[33m|[0m[33m_[0m[33m_________________^ unreachable block in 'if' expression[0m
     [36m| [0m
     [36m#[0m [0mnote[0m: this warning can be suppressed by setting the compiler option `-Woff unused`
[34mnote[0m: the warning occurs after the macro is expanded
    [36m==>[0m <repo-root>-pr-worktrees/M8-005-publication/src/net/dns_client_test.cj:304:1:
     [36m| [0m
[36m304[0m  [36m| [0m  @Test[0m
     [36m| [0m [34m_[0m[34m^[0m
[36m305[0m  [36m| [0m[34m|[0m class DnsClientWireTest {[0m
     [36m| [0m[34m|[0m ...[0m
[36m1342[0m [36m| [0m[34m|[0m }[0m
     [36m| [0m[34m|[0m[34m_[0m[34m^[0m
     [36m| [0m

[33mwarning[0m: unreachable block in 'if' expression
     [36m| [0m
     [36m| [0m  /* 304.967 */    if(e is UnittestTimeoutException) {[0m
     [36m| [0m [33m_[0m[33m___________________________________________________^[0m
     [36m| [0m[33m|[0m /* 304.968 */        throw e[0m
     [36m| [0m[33m|[0m /* 304.969 */    }[0m
     [36m| [0m[33m|[0m[33m_[0m[33m_________________^ unreachable block in 'if' expression[0m
     [36m| [0m
     [36m#[0m [0mnote[0m: this warning can be suppressed by setting the compiler option `-Woff unused`
[34mnote[0m: the warning occurs after the macro is expanded
    [36m==>[0m <repo-root>-pr-worktrees/M8-005-publication/src/net/dns_client_test.cj:304:1:
     [36m| [0m
[36m304[0m  [36m| [0m  @Test[0m
     [36m| [0m [34m_[0m[34m^[0m
[36m305[0m  [36m| [0m[34m|[0m class DnsClientWireTest {[0m
     [36m| [0m[34m|[0m ...[0m
[36m1342[0m [36m| [0m[34m|[0m }[0m
     [36m| [0m[34m|[0m[34m_[0m[34m^[0m
     [36m| [0m

[33mwarning[0m: unreachable block in 'if' expression
     [36m| [0m
     [36m| [0m  /* 304.1025 */    if(e is AssertException) {[0m
     [36m| [0m [33m_[0m[33m___________________________________________^[0m
     [36m| [0m[33m|[0m /* 304.1026 */        throw e[0m
     [36m| [0m[33m|[0m /* 304.1027 */    }[0m
     [36m| [0m[33m|[0m[33m_[0m[33m__________________^ unreachable block in 'if' expression[0m
     [36m| [0m
     [36m#[0m [0mnote[0m: this warning can be suppressed by setting the compiler option `-Woff unused`
[34mnote[0m: the warning occurs after the macro is expanded
    [36m==>[0m <repo-root>-pr-worktrees/M8-005-publication/src/net/dns_client_test.cj:304:1:
     [36m| [0m
[36m304[0m  [36m| [0m  @Test[0m
     [36m| [0m [34m_[0m[34m^[0m
[36m305[0m  [36m| [0m[34m|[0m class DnsClientWireTest {[0m
     [36m| [0m[34m|[0m ...[0m
[36m1342[0m [36m| [0m[34m|[0m }[0m
     [36m| [0m[34m|[0m[34m_[0m[34m^[0m
     [36m| [0m

[33mwarning[0m: unreachable block in 'if' expression
     [36m| [0m
     [36m| [0m  /* 304.1028 */    if(e is AssertIntermediateException) {[0m
     [36m| [0m [33m_[0m[33m_______________________________________________________^[0m
     [36m| [0m[33m|[0m /* 304.1029 */        throw e[0m
     [36m| [0m[33m|[0m /* 304.1030 */    }[0m
     [36m| [0m[33m|[0m[33m_[0m[33m__________________^ unreachable block in 'if' expression[0m
     [36m| [0m
     [36m#[0m [0mnote[0m: this warning can be suppressed by setting the compiler option `-Woff unused`
[34mnote[0m: the warning occurs after the macro is expanded
    [36m==>[0m <repo-root>-pr-worktrees/M8-005-publication/src/net/dns_client_test.cj:304:1:
     [36m| [0m
[36m304[0m  [36m| [0m  @Test[0m
     [36m| [0m [34m_[0m[34m^[0m
[36m305[0m  [36m| [0m[34m|[0m class DnsClientWireTest {[0m
     [36m| [0m[34m|[0m ...[0m
[36m1342[0m [36m| [0m[34m|[0m }[0m
     [36m| [0m[34m|[0m[34m_[0m[34m^[0m
     [36m| [0m

[33mwarning[0m: unreachable block in 'if' expression
     [36m| [0m
     [36m| [0m  /* 304.1031 */    if(e is UnittestTimeoutException) {[0m
     [36m| [0m [33m_[0m[33m____________________________________________________^[0m
     [36m| [0m[33m|[0m /* 304.1032 */        throw e[0m
     [36m| [0m[33m|[0m /* 304.1033 */    }[0m
     [36m| [0m[33m|[0m[33m_[0m[33m__________________^ unreachable block in 'if' expression[0m
     [36m| [0m
     [36m#[0m [0mnote[0m: this warning can be suppressed by setting the compiler option `-Woff unused`
[34mnote[0m: the warning occurs after the macro is expanded
    [36m==>[0m <repo-root>-pr-worktrees/M8-005-publication/src/net/dns_client_test.cj:304:1:
     [36m| [0m
[36m304[0m  [36m| [0m  @Test[0m
     [36m| [0m [34m_[0m[34m^[0m
[36m305[0m  [36m| [0m[34m|[0m class DnsClientWireTest {[0m
     [36m| [0m[34m|[0m ...[0m
[36m1342[0m [36m| [0m[34m|[0m }[0m
     [36m| [0m[34m|[0m[34m_[0m[34m^[0m
     [36m| [0m

[33mwarning[0m: unreachable block in 'if' expression
     [36m| [0m
     [36m| [0m  /* 304.1089 */if(e is AssertException) {[0m
     [36m| [0m [33m_[0m[33m_______________________________________^[0m
     [36m| [0m[33m|[0m /* 304.1090 */throw e[0m
     [36m| [0m[33m|[0m /* 304.1091 */}[0m
     [36m| [0m[33m|[0m[33m_[0m[33m______________^ unreachable block in 'if' expression[0m
     [36m| [0m
     [36m#[0m [0mnote[0m: this warning can be suppressed by setting the compiler option `-Woff unused`
[34mnote[0m: the warning occurs after the macro is expanded
    [36m==>[0m <repo-root>-pr-worktrees/M8-005-publication/src/net/dns_client_test.cj:304:1:
     [36m| [0m
[36m304[0m  [36m| [0m  @Test[0m
     [36m| [0m [34m_[0m[34m^[0m
[36m305[0m  [36m| [0m[34m|[0m class DnsClientWireTest {[0m
     [36m| [0m[34m|[0m ...[0m
[36m1342[0m [36m| [0m[34m|[0m }[0m
     [36m| [0m[34m|[0m[34m_[0m[34m^[0m
     [36m| [0m

[33mwarning[0m: unreachable block in 'if' expression
     [36m| [0m
     [36m| [0m  /* 304.1092 */if(e is AssertIntermediateException) {[0m
     [36m| [0m [33m_[0m[33m___________________________________________________^[0m
     [36m| [0m[33m|[0m /* 304.1093 */throw e[0m
     [36m| [0m[33m|[0m /* 304.1094 */}[0m
     [36m| [0m[33m|[0m[33m_[0m[33m______________^ unreachable block in 'if' expression[0m
     [36m| [0m
     [36m#[0m [0mnote[0m: this warning can be suppressed by setting the compiler option `-Woff unused`
[34mnote[0m: the warning occurs after the macro is expanded
    [36m==>[0m <repo-root>-pr-worktrees/M8-005-publication/src/net/dns_client_test.cj:304:1:
     [36m| [0m
[36m304[0m  [36m| [0m  @Test[0m
     [36m| [0m [34m_[0m[34m^[0m
[36m305[0m  [36m| [0m[34m|[0m class DnsClientWireTest {[0m
     [36m| [0m[34m|[0m ...[0m
[36m1342[0m [36m| [0m[34m|[0m }[0m
     [36m| [0m[34m|[0m[34m_[0m[34m^[0m
     [36m| [0m

[33mwarning[0m: unreachable block in 'if' expression
     [36m| [0m
     [36m| [0m  /* 304.1095 */if(e is UnittestTimeoutException) {[0m
     [36m| [0m [33m_[0m[33m________________________________________________^[0m
     [36m| [0m[33m|[0m /* 304.1096 */throw e[0m
     [36m| [0m[33m|[0m /* 304.1097 */}[0m
     [36m| [0m[33m|[0m[33m_[0m[33m______________^ unreachable block in 'if' expression[0m
     [36m| [0m
     [36m#[0m [0mnote[0m: this warning can be suppressed by setting the compiler option `-Woff unused`
[34mnote[0m: the warning occurs after the macro is expanded
    [36m==>[0m <repo-root>-pr-worktrees/M8-005-publication/src/net/dns_client_test.cj:304:1:
     [36m| [0m
[36m304[0m  [36m| [0m  @Test[0m
     [36m| [0m [34m_[0m[34m^[0m
[36m305[0m  [36m| [0m[34m|[0m class DnsClientWireTest {[0m
     [36m| [0m[34m|[0m ...[0m
[36m1342[0m [36m| [0m[34m|[0m }[0m
     [36m| [0m[34m|[0m[34m_[0m[34m^[0m
     [36m| [0m

[33mwarning[0m: unreachable block in 'if' expression
     [36m| [0m
     [36m| [0m  /* 304.1144 */if(e is AssertException) {[0m
     [36m| [0m [33m_[0m[33m_______________________________________^[0m
     [36m| [0m[33m|[0m /* 304.1145 */throw e[0m
     [36m| [0m[33m|[0m /* 304.1146 */}[0m
     [36m| [0m[33m|[0m[33m_[0m[33m______________^ unreachable block in 'if' expression[0m
     [36m| [0m
     [36m#[0m [0mnote[0m: this warning can be suppressed by setting the compiler option `-Woff unused`
[34mnote[0m: the warning occurs after the macro is expanded
    [36m==>[0m <repo-root>-pr-worktrees/M8-005-publication/src/net/dns_client_test.cj:304:1:
     [36m| [0m
[36m304[0m  [36m| [0m  @Test[0m
     [36m| [0m [34m_[0m[34m^[0m
[36m305[0m  [36m| [0m[34m|[0m class DnsClientWireTest {[0m
     [36m| [0m[34m|[0m ...[0m
[36m1342[0m [36m| [0m[34m|[0m }[0m
     [36m| [0m[34m|[0m[34m_[0m[34m^[0m
     [36m| [0m

[33mwarning[0m: unreachable block in 'if' expression
     [36m| [0m
     [36m| [0m  /* 304.1147 */if(e is AssertIntermediateException) {[0m
     [36m| [0m [33m_[0m[33m___________________________________________________^[0m
     [36m| [0m[33m|[0m /* 304.1148 */throw e[0m
     [36m| [0m[33m|[0m /* 304.1149 */}[0m
     [36m| [0m[33m|[0m[33m_[0m[33m______________^ unreachable block in 'if' expression[0m
     [36m| [0m
     [36m#[0m [0mnote[0m: this warning can be suppressed by setting the compiler option `-Woff unused`
[34mnote[0m: the warning occurs after the macro is expanded
    [36m==>[0m <repo-root>-pr-worktrees/M8-005-publication/src/net/dns_client_test.cj:304:1:
     [36m| [0m
[36m304[0m  [36m| [0m  @Test[0m
     [36m| [0m [34m_[0m[34m^[0m
[36m305[0m  [36m| [0m[34m|[0m class DnsClientWireTest {[0m
     [36m| [0m[34m|[0m ...[0m
[36m1342[0m [36m| [0m[34m|[0m }[0m
     [36m| [0m[34m|[0m[34m_[0m[34m^[0m
     [36m| [0m

[33mwarning[0m: unreachable block in 'if' expression
     [36m| [0m
     [36m| [0m  /* 304.1150 */if(e is UnittestTimeoutException) {[0m
     [36m| [0m [33m_[0m[33m________________________________________________^[0m
     [36m| [0m[33m|[0m /* 304.1151 */throw e[0m
     [36m| [0m[33m|[0m /* 304.1152 */}[0m
     [36m| [0m[33m|[0m[33m_[0m[33m______________^ unreachable block in 'if' expression[0m
     [36m| [0m
     [36m#[0m [0mnote[0m: this warning can be suppressed by setting the compiler option `-Woff unused`
[34mnote[0m: the warning occurs after the macro is expanded
    [36m==>[0m <repo-root>-pr-worktrees/M8-005-publication/src/net/dns_client_test.cj:304:1:
     [36m| [0m
[36m304[0m  [36m| [0m  @Test[0m
     [36m| [0m [34m_[0m[34m^[0m
[36m305[0m  [36m| [0m[34m|[0m class DnsClientWireTest {[0m
     [36m| [0m[34m|[0m ...[0m
[36m1342[0m [36m| [0m[34m|[0m }[0m
     [36m| [0m[34m|[0m[34m_[0m[34m^[0m
     [36m| [0m

100 warnings generated, 100 warnings printed.
[33mwarning[0m: unused expression
   [36m| [0m
   [36m| [0m/* 10.29 */                    None < TlsProviderException >[0m
   [36m| [0m                               [33m^^^^^^^^^^^^^^^^^^^^^^^^^^^^^ unused expression[0m
   [36m| [0m
   [36m#[0m [0mnote[0m: this warning can be suppressed by setting the compiler option `-Woff unused`
[34mnote[0m: the code after the macro is expanded as follows
    [36m| [0m
    [36m| [0m  /* 10.1 */@Attribute[TEST_GENERATED] class TlsProviderSubstitutionTest <: TestClass {[0m
    [36m| [0m [34m_[0m[34m^[0m
    [36m| [0m[34m|[0m /* 10.2 */    @Attribute[TestCase_62][0m
    [36m| [0m[34m|[0m /* 10.3 */    func testProviderUsesTheProductionFactoryContract(): Unit {[0m
    [36m| [0m[34m|[0m /* 10.4 */        let provider = TestTlsProviderFactory("test-one").create()[0m
    [36m| [0m[34m|[0m /* 10.5 */        try {[0m
    [36m| [0m[34m|[0m /* 10.6 */            expectEqual("provider.manifest().providerId", "\"wirestack-test\"", provider.manifest().providerId, "wirestack-test", isDelta: false)[0m
    [36m| [0m[34m|[0m /* 10.7 */            expectEqual("provider.manifest().fingerprint", "\"test-one\"", provider.manifest().fingerprint, "test-one", isDelta: false)[0m
    [36m| [0m[34m|[0m /* 10.8 */            expectEqual("provider.capabilities().supports(TlsCapability.Tls13)", "true", provider.capabilities().supports(TlsCapability.Tls13), true, isDelta: false)[0m
    [36m| [0m[34m|[0m /* 10.9 */            let context = TlsClientContext.builder(provider.manifest(), provider.capabilities()).trust(TrustPolicy.customRoots(CertificateChain([DerCertificate(tlsTestCertificateDer())]))).build()[0m
    [36m| [0m[34m|[0m /* 10.10 */            let engine = provider.createClientEngine(context, ReferenceIdentity.Dns(HostName("example.com")), serverName: None < HostName >)[0m
    [36m| [0m[34m|[0m /* 10.11 */            expectEqual("isComplete(engine.handshakeStep())", "true", isComplete(engine.handshakeStep()), true, isDelta: false)[0m
    [36m| [0m[34m|[0m /* 10.12 */            engine.close()[0m
    [36m| [0m[34m|[0m /* 10.13 */        } finally {[0m
    [36m| [0m[34m|[0m /* 10.14 */            provider.close()[0m
    [36m| [0m[34m|[0m /* 10.15 */        }[0m
    [36m| [0m[34m|[0m /* 10.16 */    }[0m
    [36m| [0m[34m|[0m /* 10.17 */    [0m
    [36m| [0m[34m|[0m /* 10.18 */    @Attribute[TestCase_63][0m
    [36m| [0m[34m|[0m /* 10.19 */    func objectsFromDifferentProviderInstancesCannotMix(): Unit {[0m
    [36m| [0m[34m|[0m /* 10.20 */        let first = TestTlsProvider("first")[0m
    [36m| [0m[34m|[0m /* 10.21 */        let second = TestTlsProvider("second")[0m
    [36m| [0m[34m|[0m /* 10.22 */        try {[0m
    [36m| [0m[34m|[0m /* 10.23 */            let context = TlsClientContext.builder(first.manifest(), first.capabilities()).trust(TrustPolicy.customRoots(CertificateChain([DerCertificate(tlsTestCertificateDer())]))).build()[0m
    [36m| [0m[34m|[0m /* 10.24 */            try {[0m
    [36m| [0m[34m|[0m /* 10.25 */                try {[0m
    [36m| [0m[34m|[0m /* 10.26 */                    assertEqual("true", "true", true, true)[0m
    [36m| [0m[34m|[0m /* 10.27 */                    second.createClientEngine(context, ReferenceIdentity.Dns(HostName("example.com")), serverName: None < HostName >)[0m
    [36m| [0m[34m|[0m /* 10.28 */                    failExpect("@ExpectThrows: Expected 'TlsProviderException' was not caught.")[0m
    [36m| [0m[34m|[0m /* 10.29 */                    None < TlsProviderException >[0m
    [36m| [0m[34m|[0m /* 10.30 */                } catch(e: TlsProviderException) {[0m
    [36m| [0m[34m|[0m /* 10.31 */                    if(e is AssertException) {[0m
    [36m| [0m[34m|[0m /* 10.32 */                        throw e[0m
    [36m| [0m[34m|[0m /* 10.33 */                    }[0m
    [36m| [0m[34m|[0m /* 10.34 */                    if(e is AssertIntermediateException) {[0m
    [36m| [0m[34m|[0m /* 10.35 */                        throw e[0m
    [36m| [0m[34m|[0m /* 10.36 */                    }[0m
    [36m| [0m[34m|[0m /* 10.37 */                    if(e is UnittestTimeoutException) {[0m
    [36m| [0m[34m|[0m /* 10.38 */                        throw e[0m
    [36m| [0m[34m|[0m /* 10.39 */                    }[0m
    [36m| [0m[34m|[0m /* 10.40 */                    e[0m
    [36m| [0m[34m|[0m /* 10.41 */                }[0m
    [36m| [0m[34m|[0m /* 10.42 */            } catch(e: Exception) {[0m
    [36m| [0m[34m|[0m /* 10.43 */                if(e is AssertException || e is AssertIntermediateException || e is UnittestTimeoutException) {[0m
    [36m| [0m[34m|[0m /* 10.44 */                    throw e[0m
    [36m| [0m[34m|[0m /* 10.45 */                }[0m
    [36m| [0m[34m|[0m /* 10.46 */                expectCaughtUnexpectedE("@ExpectThrows(TlsProviderException)", "TlsProviderException", e.toString())[0m
    [36m| [0m[34m|[0m /* 10.47 */                None < TlsProviderException >[0m
    [36m| [0m[34m|[0m /* 10.48 */            }[0m
    [36m| [0m[34m|[0m /* 10.49 */        } finally {[0m
    [36m| [0m[34m|[0m /* 10.50 */            first.close()[0m
    [36m| [0m[34m|[0m /* 10.51 */            second.close()[0m
    [36m| [0m[34m|[0m /* 10.52 */        }[0m
    [36m| [0m[34m|[0m /* 10.53 */    }[0m
    [36m| [0m[34m|[0m /* 10.54 */    [0m
    [36m| [0m[34m|[0m /* 10.55 */    @Attribute[TestCase_64][0m
    [36m| [0m[34m|[0m /* 10.56 */    func activeEngineRetainsProviderUntilItCloses(): Unit {[0m
    [36m| [0m[34m|[0m /* 10.57 */        let provider = TestTlsProvider("lifetime")[0m
    [36m| [0m[34m|[0m /* 10.58 */        let engine = provider.createEngine(TlsEngineRole.Client, TlsSecurityPolicy.forProfile(TlsSecurityProfile.Modern))[0m
    [36m| [0m[34m|[0m /* 10.59 */        provider.close()[0m
    [36m| [0m[34m|[0m /* 10.60 */        expectEqual("provider.closeRequested()", "true", provider.closeRequested(), true, isDelta: false)[0m
    [36m| [0m[34m|[0m /* 10.61 */        expectEqual("! provider.resourcesReleased()", "true", ! provider.resourcesReleased(), true, isDelta: false)[0m
    [36m| [0m[34m|[0m /* 10.62 */        expectEqual("isComplete(engine.handshakeStep())", "true", isComplete(engine.handshakeStep()), true, isDelta: false)[0m
    [36m| [0m[34m|[0m /* 10.63 */        engine.close()[0m
    [36m| [0m[34m|[0m /* 10.64 */        expectEqual("provider.resourcesReleased()", "true", provider.resourcesReleased(), true, isDelta: false)[0m
    [36m| [0m[34m|[0m /* 10.65 */        engine.close()[0m
    [36m| [0m[34m|[0m /* 10.66 */        expectEqual("provider.resourcesReleased()", "true", provider.resourcesReleased(), true, isDelta: false)[0m
    [36m| [0m[34m|[0m /* 10.67 */    }[0m
    [36m| [0m[34m|[0m /* 10.68 */    [0m
    [36m| [0m[34m|[0m /* 10.69 */    init() {[0m
    [36m| [0m[34m|[0m /* 10.70 */    }[0m
    [36m| [0m[34m|[0m /* 10.71 */    private func classConfiguration(): Configuration {[0m
    [36m| [0m[34m|[0m /* 10.72 */        let configuration = Configuration()[0m
    [36m| [0m[34m|[0m /* 10.73 */        [0m
    [36m| [0m[34m|[0m /* 10.74 */        return configuration[0m
    [36m| [0m[34m|[0m /* 10.75 */    }[0m
    [36m| [0m[34m|[0m /* 10.76 */    public override func asTestSuite(): TestSuite {[0m
    [36m| [0m[34m|[0m /* 10.77 */        [0m
    [36m| [0m[34m|[0m /* 10.78 */        let suiteConfiguration = classConfiguration()[0m
    [36m| [0m[34m|[0m /* 10.79 */        let suiteBuilder = TestSuite.builder("TlsProviderSubstitutionTest").configure(suiteConfiguration)[0m
    [36m| [0m[34m|[0m /* 10.80 */        [0m
    [36m| [0m[34m|[0m /* 10.81 */        { => let caseConfig = Configuration()[0m
    [36m| [0m[34m|[0m /* 10.82 */            [0m
    [36m| [0m[34m|[0m /* 10.83 */            let testProviderUsesTheProductionFactoryContractTestFunc = { => testProviderUsesTheProductionFactoryContract();() }[0m
    [36m| [0m[34m|[0m /* 10.84 */            suiteBuilder.add([0m
    [36m| [0m[34m|[0m /* 10.85 */            UnitTestCase.create([0m
    [36m| [0m[34m|[0m /* 10.86 */            "testProviderUsesTheProductionFactoryContract",[0m
    [36m| [0m[34m|[0m /* 10.87 */            configuration: caseConfig,[0m
    [36m| [0m[34m|[0m /* 10.88 */            body: testProviderUsesTheProductionFactoryContractTestFunc[0m
    [36m| [0m[34m|[0m /* 10.89 */            )[0m
    [36m| [0m[34m|[0m /* 10.90 */            )[0m
    [36m| [0m[34m|[0m /* 10.91 */            [0m
    [36m| [0m[34m|[0m /* 10.92 */        }()[0m
    [36m| [0m[34m|[0m /* 10.93 */        [0m
    [36m| [0m[34m|[0m /* 10.94 */        [0m
    [36m| [0m[34m|[0m /* 10.95 */        { => let caseConfig = Configuration()[0m
    [36m| [0m[34m|[0m /* 10.96 */            [0m
    [36m| [0m[34m|[0m /* 10.97 */            let objectsFromDifferentProviderInstancesCannotMixTestFunc = { => objectsFromDifferentProviderInstancesCannotMix();() }[0m
    [36m| [0m[34m|[0m /* 10.98 */            suiteBuilder.add([0m
    [36m| [0m[34m|[0m /* 10.99 */            UnitTestCase.create([0m
    [36m| [0m[34m|[0m /* 10.100 */            "objectsFromDifferentProviderInstancesCannotMix",[0m
    [36m| [0m[34m|[0m /* 10.101 */            configuration: caseConfig,[0m
    [36m| [0m[34m|[0m /* 10.102 */            body: objectsFromDifferentProviderInstancesCannotMixTestFunc[0m
    [36m| [0m[34m|[0m /* 10.103 */            )[0m
    [36m| [0m[34m|[0m /* 10.104 */            )[0m
    [36m| [0m[34m|[0m /* 10.105 */            [0m
    [36m| [0m[34m|[0m /* 10.106 */        }()[0m
    [36m| [0m[34m|[0m /* 10.107 */        [0m
    [36m| [0m[34m|[0m /* 10.108 */        [0m
    [36m| [0m[34m|[0m /* 10.109 */        { => let caseConfig = Configuration()[0m
    [36m| [0m[34m|[0m /* 10.110 */            [0m
    [36m| [0m[34m|[0m /* 10.111 */            let activeEngineRetainsProviderUntilItClosesTestFunc = { => activeEngineRetainsProviderUntilItCloses();() }[0m
    [36m| [0m[34m|[0m /* 10.112 */            suiteBuilder.add([0m
    [36m| [0m[34m|[0m /* 10.113 */            UnitTestCase.create([0m
    [36m| [0m[34m|[0m /* 10.114 */            "activeEngineRetainsProviderUntilItCloses",[0m
    [36m| [0m[34m|[0m /* 10.115 */            configuration: caseConfig,[0m
    [36m| [0m[34m|[0m /* 10.116 */            body: activeEngineRetainsProviderUntilItClosesTestFunc[0m
    [36m| [0m[34m|[0m /* 10.117 */            )[0m
    [36m| [0m[34m|[0m /* 10.118 */            )[0m
    [36m| [0m[34m|[0m /* 10.119 */            [0m
    [36m| [0m[34m|[0m /* 10.120 */        }()[0m
    [36m| [0m[34m|[0m /* 10.121 */        [0m
    [36m| [0m[34m|[0m /* 10.122 */        return suiteBuilder.build()[0m
    [36m| [0m[34m|[0m /* 10.123 */    }[0m
    [36m| [0m[34m|[0m /* 10.124 */    private func inheritedFromClassAnnotatedByTestTemplate < T >(): TestSuite where T <: TestClass {[0m
    [36m| [0m[34m|[0m /* 10.125 */        throw Exception("Unreachable code")[0m
    [36m| [0m[34m|[0m /* 10.126 */    }[0m
    [36m| [0m[34m|[0m /* 10.127 */}[0m
    [36m| [0m[34m|[0m /* 10.128 */[0m
    [36m| [0m[34m|[0m /* 10.129 */[0m
    [36m| [0m[34m|[0m /* 10.130 */interface TestPackageExtension_TlsProviderSubstitutionTest {[0m
    [36m| [0m[34m|[0m /* 10.131 */    func registerTlsProviderSubstitutionTest(): Unit[0m
    [36m| [0m[34m|[0m /* 10.132 */}[0m
    [36m| [0m[34m|[0m /* 10.133 */extend TestPackage <: TestPackageExtension_TlsProviderSubstitutionTest {[0m
    [36m| [0m[34m|[0m /* 10.134 */    @Attribute[TEST_REGISTER][0m
    [36m| [0m[34m|[0m /* 10.135 */    public func registerTlsProviderSubstitutionTest() {[0m
    [36m| [0m[34m|[0m /* 10.136 */        registerSuite({ => TlsProviderSubstitutionTest().asTestSuite() })[0m
    [36m| [0m[34m|[0m /* 10.137 */    }[0m
    [36m| [0m[34m|[0m /* 10.138 */}[0m
    [36m| [0m[34m|[0m /* 10.139 */[0m
    [36m| [0m[34m|[0m[34m_[0m[34m___________^[0m
    [36m| [0m
[34mnote[0m: the warning occurs after the macro is expanded
  [36m==>[0m <repo-root>-pr-worktrees/M8-005-publication/src/internal/tls_engine/provider_test.cj:10:1:
   [36m| [0m
[36m10[0m [36m| [0m  @Test[0m
   [36m| [0m [34m_[0m[34m^[0m
[36m11[0m [36m| [0m[34m|[0m class TlsProviderSubstitutionTest {[0m
   [36m| [0m[34m|[0m ...[0m
[36m79[0m [36m| [0m[34m|[0m }[0m
   [36m| [0m[34m|[0m[34m_[0m[34m^[0m
   [36m| [0m

[33mwarning[0m: unreachable block in 'if' expression
   [36m| [0m
   [36m| [0m  /* 10.31 */                    if(e is AssertException) {[0m
   [36m| [0m [33m_[0m[33m________________________________________________________^[0m
   [36m| [0m[33m|[0m /* 10.32 */                        throw e[0m
   [36m| [0m[33m|[0m /* 10.33 */                    }[0m
   [36m| [0m[33m|[0m[33m_[0m[33m_______________________________^ unreachable block in 'if' expression[0m
   [36m| [0m
   [36m#[0m [0mnote[0m: this warning can be suppressed by setting the compiler option `-Woff unused`
[34mnote[0m: the warning occurs after the macro is expanded
  [36m==>[0m <repo-root>-pr-worktrees/M8-005-publication/src/internal/tls_engine/provider_test.cj:10:1:
   [36m| [0m
[36m10[0m [36m| [0m  @Test[0m
   [36m| [0m [34m_[0m[34m^[0m
[36m11[0m [36m| [0m[34m|[0m class TlsProviderSubstitutionTest {[0m
   [36m| [0m[34m|[0m ...[0m
[36m79[0m [36m| [0m[34m|[0m }[0m
   [36m| [0m[34m|[0m[34m_[0m[34m^[0m
   [36m| [0m

[33mwarning[0m: unreachable block in 'if' expression
   [36m| [0m
   [36m| [0m  /* 10.34 */                    if(e is AssertIntermediateException) {[0m
   [36m| [0m [33m_[0m[33m____________________________________________________________________^[0m
   [36m| [0m[33m|[0m /* 10.35 */                        throw e[0m
   [36m| [0m[33m|[0m /* 10.36 */                    }[0m
   [36m| [0m[33m|[0m[33m_[0m[33m_______________________________^ unreachable block in 'if' expression[0m
   [36m| [0m
   [36m#[0m [0mnote[0m: this warning can be suppressed by setting the compiler option `-Woff unused`
[34mnote[0m: the warning occurs after the macro is expanded
  [36m==>[0m <repo-root>-pr-worktrees/M8-005-publication/src/internal/tls_engine/provider_test.cj:10:1:
   [36m| [0m
[36m10[0m [36m| [0m  @Test[0m
   [36m| [0m [34m_[0m[34m^[0m
[36m11[0m [36m| [0m[34m|[0m class TlsProviderSubstitutionTest {[0m
   [36m| [0m[34m|[0m ...[0m
[36m79[0m [36m| [0m[34m|[0m }[0m
   [36m| [0m[34m|[0m[34m_[0m[34m^[0m
   [36m| [0m

[33mwarning[0m: unreachable block in 'if' expression
   [36m| [0m
   [36m| [0m  /* 10.37 */                    if(e is UnittestTimeoutException) {[0m
   [36m| [0m [33m_[0m[33m_________________________________________________________________^[0m
   [36m| [0m[33m|[0m /* 10.38 */                        throw e[0m
   [36m| [0m[33m|[0m /* 10.39 */                    }[0m
   [36m| [0m[33m|[0m[33m_[0m[33m_______________________________^ unreachable block in 'if' expression[0m
   [36m| [0m
   [36m#[0m [0mnote[0m: this warning can be suppressed by setting the compiler option `-Woff unused`
[34mnote[0m: the warning occurs after the macro is expanded
  [36m==>[0m <repo-root>-pr-worktrees/M8-005-publication/src/internal/tls_engine/provider_test.cj:10:1:
   [36m| [0m
[36m10[0m [36m| [0m  @Test[0m
   [36m| [0m [34m_[0m[34m^[0m
[36m11[0m [36m| [0m[34m|[0m class TlsProviderSubstitutionTest {[0m
   [36m| [0m[34m|[0m ...[0m
[36m79[0m [36m| [0m[34m|[0m }[0m
   [36m| [0m[34m|[0m[34m_[0m[34m^[0m
   [36m| [0m

[33mwarning[0m: unused expression
   [36m| [0m
   [36m| [0m/* 10.47 */                None < TlsProviderException >[0m
   [36m| [0m                           [33m^^^^^^^^^^^^^^^^^^^^^^^^^^^^^ unused expression[0m
   [36m| [0m
   [36m#[0m [0mnote[0m: this warning can be suppressed by setting the compiler option `-Woff unused`
[34mnote[0m: the warning occurs after the macro is expanded
  [36m==>[0m <repo-root>-pr-worktrees/M8-005-publication/src/internal/tls_engine/provider_test.cj:10:1:
   [36m| [0m
[36m10[0m [36m| [0m  @Test[0m
   [36m| [0m [34m_[0m[34m^[0m
[36m11[0m [36m| [0m[34m|[0m class TlsProviderSubstitutionTest {[0m
   [36m| [0m[34m|[0m ...[0m
[36m79[0m [36m| [0m[34m|[0m }[0m
   [36m| [0m[34m|[0m[34m_[0m[34m^[0m
   [36m| [0m

[33mwarning[0m: unused variable:'serverName'
   [36m==>[0m <repo-root>-pr-worktrees/M8-005-publication/src/internal/tls_engine/provider_test.cj:141:9:
    [36m| [0m
[36m141[0m [36m| [0m        serverName!: ?HostName[0m
    [36m| [0m        [33m^^^^^^^^^^ unused variable[0m
    [36m| [0m
    [36m#[0m [0mnote[0m: this warning can be suppressed by setting the compiler option `-Woff unused`

6 warnings generated, 6 warnings printed.
[33mwarning[0m: unreachable block in 'if' expression
   [36m| [0m
   [36m| [0m  /* 6.10 */                if(e is AssertException) {[0m
   [36m| [0m [33m_[0m[33m___________________________________________________^[0m
   [36m| [0m[33m|[0m /* 6.11 */                    throw e[0m
   [36m| [0m[33m|[0m /* 6.12 */                }[0m
   [36m| [0m[33m|[0m[33m_[0m[33m__________________________^ unreachable block in 'if' expression[0m
   [36m| [0m
   [36m#[0m [0mnote[0m: this warning can be suppressed by setting the compiler option `-Woff unused`
[34mnote[0m: the code after the macro is expanded as follows
    [36m| [0m
    [36m| [0m  /* 6.1 */@Attribute[TEST_GENERATED] class PublicTlsFacadeTest <: TestClass {[0m
    [36m| [0m [34m_[0m[34m^[0m
    [36m| [0m[34m|[0m /* 6.2 */    @Attribute[TestCase_0][0m
    [36m| [0m[34m|[0m /* 6.3 */    func clientBuilderRejectsReversedVersionRangeBeforeTransportIo(): Unit {[0m
    [36m| [0m[34m|[0m /* 6.4 */        try {[0m
    [36m| [0m[34m|[0m /* 6.5 */            try {[0m
    [36m| [0m[34m|[0m /* 6.6 */                assertEqual("true", "true", true, true)[0m
    [36m| [0m[34m|[0m /* 6.7 */                TlsClientContext.builder().versions(TlsVersion.Tls13, TlsVersion.Tls12).build()[0m
    [36m| [0m[34m|[0m /* 6.8 */                fail("@AssertThrows: Expected 'TlsContextException' was not caught.")[0m
    [36m| [0m[34m|[0m /* 6.9 */            } catch(e: TlsContextException) {[0m
    [36m| [0m[34m|[0m /* 6.10 */                if(e is AssertException) {[0m
    [36m| [0m[34m|[0m /* 6.11 */                    throw e[0m
    [36m| [0m[34m|[0m /* 6.12 */                }[0m
    [36m| [0m[34m|[0m /* 6.13 */                if(e is AssertIntermediateException) {[0m
    [36m| [0m[34m|[0m /* 6.14 */                    throw e[0m
    [36m| [0m[34m|[0m /* 6.15 */                }[0m
    [36m| [0m[34m|[0m /* 6.16 */                if(e is UnittestTimeoutException) {[0m
    [36m| [0m[34m|[0m /* 6.17 */                    throw e[0m
    [36m| [0m[34m|[0m /* 6.18 */                }[0m
    [36m| [0m[34m|[0m /* 6.19 */                e[0m
    [36m| [0m[34m|[0m /* 6.20 */            }[0m
    [36m| [0m[34m|[0m /* 6.21 */        } catch(e: Exception) {[0m
    [36m| [0m[34m|[0m /* 6.22 */            if(e is AssertException || e is AssertIntermediateException || e is UnittestTimeoutException) {[0m
    [36m| [0m[34m|[0m /* 6.23 */                throw e[0m
    [36m| [0m[34m|[0m /* 6.24 */            }[0m
    [36m| [0m[34m|[0m /* 6.25 */            assertCaughtUnexpectedE("@AssertThrows(TlsContextException)", "TlsContextException", e.toString())[0m
    [36m| [0m[34m|[0m /* 6.26 */        }[0m
    [36m| [0m[34m|[0m /* 6.27 */    }[0m
    [36m| [0m[34m|[0m /* 6.28 */    [0m
    [36m| [0m[34m|[0m /* 6.29 */    @Attribute[TestCase_1][0m
    [36m| [0m[34m|[0m /* 6.30 */    func serverBuilderRequiresAnIdentityBeforeTransportIo(): Unit {[0m
    [36m| [0m[34m|[0m /* 6.31 */        try {[0m
    [36m| [0m[34m|[0m /* 6.32 */            try {[0m
    [36m| [0m[34m|[0m /* 6.33 */                assertEqual("true", "true", true, true)[0m
    [36m| [0m[34m|[0m /* 6.34 */                TlsServerContext.builder().build()[0m
    [36m| [0m[34m|[0m /* 6.35 */                fail("@AssertThrows: Expected 'TlsContextException' was not caught.")[0m
    [36m| [0m[34m|[0m /* 6.36 */            } catch(e: TlsContextException) {[0m
    [36m| [0m[34m|[0m /* 6.37 */                if(e is AssertException) {[0m
    [36m| [0m[34m|[0m /* 6.38 */                    throw e[0m
    [36m| [0m[34m|[0m /* 6.39 */                }[0m
    [36m| [0m[34m|[0m /* 6.40 */                if(e is AssertIntermediateException) {[0m
    [36m| [0m[34m|[0m /* 6.41 */                    throw e[0m
    [36m| [0m[34m|[0m /* 6.42 */                }[0m
    [36m| [0m[34m|[0m /* 6.43 */                if(e is UnittestTimeoutException) {[0m
    [36m| [0m[34m|[0m /* 6.44 */                    throw e[0m
    [36m| [0m[34m|[0m /* 6.45 */                }[0m
    [36m| [0m[34m|[0m /* 6.46 */                e[0m
    [36m| [0m[34m|[0m /* 6.47 */            }[0m
    [36m| [0m[34m|[0m /* 6.48 */        } catch(e: Exception) {[0m
    [36m| [0m[34m|[0m /* 6.49 */            if(e is AssertException || e is AssertIntermediateException || e is UnittestTimeoutException) {[0m
    [36m| [0m[34m|[0m /* 6.50 */                throw e[0m
    [36m| [0m[34m|[0m /* 6.51 */            }[0m
    [36m| [0m[34m|[0m /* 6.52 */            assertCaughtUnexpectedE("@AssertThrows(TlsContextException)", "TlsContextException", e.toString())[0m
    [36m| [0m[34m|[0m /* 6.53 */        }[0m
    [36m| [0m[34m|[0m /* 6.54 */    }[0m
    [36m| [0m[34m|[0m /* 6.55 */    [0m
    [36m| [0m[34m|[0m /* 6.56 */    @Attribute[TestCase_2][0m
    [36m| [0m[34m|[0m /* 6.57 */    func clientBuilderCopiesAlpnAndPublishesProviderNeutralCapabilities(): Unit {[0m
    [36m| [0m[34m|[0m /* 6.58 */        let protocols =["h2", "http/1.1"][0m
    [36m| [0m[34m|[0m /* 6.59 */        let context = TlsClientContext.builder().alpn(protocols).build()[0m
    [36m| [0m[34m|[0m /* 6.60 */        protocols[0] = "mutated"[0m
    [36m| [0m[34m|[0m /* 6.61 */        expectEqual("context.alpnProtocols()", "[\"h2\", \"http/1.1\"]", context.alpnProtocols(),["h2", "http/1.1"], isDelta: false)[0m
    [36m| [0m[34m|[0m /* 6.62 */        expectEqual("context.capabilities.supports(TlsCapability.Tls13)", "true", context.capabilities.supports(TlsCapability.Tls13), true, isDelta: false)[0m
    [36m| [0m[34m|[0m /* 6.63 */        expectEqual("context.capabilities.supports(TlsCapability.ServerMode)", "true", context.capabilities.supports(TlsCapability.ServerMode), true, isDelta: false)[0m
    [36m| [0m[34m|[0m /* 6.64 */    }[0m
    [36m| [0m[34m|[0m /* 6.65 */    [0m
    [36m| [0m[34m|[0m /* 6.66 */    @Attribute[TestCase_3][0m
    [36m| [0m[34m|[0m /* 6.67 */    func preCancelledHandshakeConsumesAndAbortsTheTransport(): Unit {[0m
    [36m| [0m[34m|[0m /* 6.68 */        let source = CancellationSource()[0m
    [36m| [0m[34m|[0m /* 6.69 */        source.cancel()[0m
    [36m| [0m[34m|[0m /* 6.70 */        let transport = CountingTransport()[0m
    [36m| [0m[34m|[0m /* 6.71 */        let context = OperationContext(cancellation: source.token)[0m
    [36m| [0m[34m|[0m /* 6.72 */        try {[0m
    [36m| [0m[34m|[0m /* 6.73 */            try {[0m
    [36m| [0m[34m|[0m /* 6.74 */                assertEqual("true", "true", true, true)[0m
    [36m| [0m[34m|[0m /* 6.75 */                TlsClientContext.builder().build().handshake(transport, HostName("example.com"), context: context)[0m
    [36m| [0m[34m|[0m /* 6.76 */                fail("@AssertThrows: Expected 'NetworkException' was not caught.")[0m
    [36m| [0m[34m|[0m /* 6.77 */            } catch(e: NetworkException) {[0m
    [36m| [0m[34m|[0m /* 6.78 */                if(e is AssertException) {[0m
    [36m| [0m[34m|[0m /* 6.79 */                    throw e[0m
    [36m| [0m[34m|[0m /* 6.80 */                }[0m
    [36m| [0m[34m|[0m /* 6.81 */                if(e is AssertIntermediateException) {[0m
    [36m| [0m[34m|[0m /* 6.82 */                    throw e[0m
    [36m| [0m[34m|[0m /* 6.83 */                }[0m
    [36m| [0m[34m|[0m /* 6.84 */                if(e is UnittestTimeoutException) {[0m
    [36m| [0m[34m|[0m /* 6.85 */                    throw e[0m
    [36m| [0m[34m|[0m /* 6.86 */                }[0m
    [36m| [0m[34m|[0m /* 6.87 */                e[0m
    [36m| [0m[34m|[0m /* 6.88 */            }[0m
    [36m| [0m[34m|[0m /* 6.89 */        } catch(e: Exception) {[0m
    [36m| [0m[34m|[0m /* 6.90 */            if(e is AssertException || e is AssertIntermediateException || e is UnittestTimeoutException) {[0m
    [36m| [0m[34m|[0m /* 6.91 */                throw e[0m
    [36m| [0m[34m|[0m /* 6.92 */            }[0m
    [36m| [0m[34m|[0m /* 6.93 */            assertCaughtUnexpectedE("@AssertThrows(NetworkException)", "NetworkException", e.toString())[0m
    [36m| [0m[34m|[0m /* 6.94 */        }[0m
    [36m| [0m[34m|[0m /* 6.95 */        expectEqual("transport.abortCalls", "1", transport.abortCalls, 1, isDelta: false)[0m
    [36m| [0m[34m|[0m /* 6.96 */        expectEqual("transport.closeCalls", "0", transport.closeCalls, 0, isDelta: false)[0m
    [36m| [0m[34m|[0m /* 6.97 */    }[0m
    [36m| [0m[34m|[0m /* 6.98 */    [0m
    [36m| [0m[34m|[0m /* 6.99 */    init() {[0m
    [36m| [0m[34m|[0m /* 6.100 */    }[0m
    [36m| [0m[34m|[0m /* 6.101 */    private func classConfiguration(): Configuration {[0m
    [36m| [0m[34m|[0m /* 6.102 */        let configuration = Configuration()[0m
    [36m| [0m[34m|[0m /* 6.103 */        [0m
    [36m| [0m[34m|[0m /* 6.104 */        return configuration[0m
    [36m| [0m[34m|[0m /* 6.105 */    }[0m
    [36m| [0m[34m|[0m /* 6.106 */    public override func asTestSuite(): TestSuite {[0m
    [36m| [0m[34m|[0m /* 6.107 */        [0m
    [36m| [0m[34m|[0m /* 6.108 */        let suiteConfiguration = classConfiguration()[0m
    [36m| [0m[34m|[0m /* 6.109 */        let suiteBuilder = TestSuite.builder("PublicTlsFacadeTest").configure(suiteConfiguration)[0m
    [36m| [0m[34m|[0m /* 6.110 */        [0m
    [36m| [0m[34m|[0m /* 6.111 */        { => let caseConfig = Configuration()[0m
    [36m| [0m[34m|[0m /* 6.112 */            [0m
    [36m| [0m[34m|[0m /* 6.113 */            let clientBuilderRejectsReversedVersionRangeBeforeTransportIoTestFunc = { => clientBuilderRejectsReversedVersionRangeBeforeTransportIo();() }[0m
    [36m| [0m[34m|[0m /* 6.114 */            suiteBuilder.add([0m
    [36m| [0m[34m|[0m /* 6.115 */            UnitTestCase.create([0m
    [36m| [0m[34m|[0m /* 6.116 */            "clientBuilderRejectsReversedVersionRangeBeforeTransportIo",[0m
    [36m| [0m[34m|[0m /* 6.117 */            configuration: caseConfig,[0m
    [36m| [0m[34m|[0m /* 6.118 */            body: clientBuilderRejectsReversedVersionRangeBeforeTransportIoTestFunc[0m
    [36m| [0m[34m|[0m /* 6.119 */            )[0m
    [36m| [0m[34m|[0m /* 6.120 */            )[0m
    [36m| [0m[34m|[0m /* 6.121 */            [0m
    [36m| [0m[34m|[0m /* 6.122 */        }()[0m
    [36m| [0m[34m|[0m /* 6.123 */        [0m
    [36m| [0m[34m|[0m /* 6.124 */        [0m
    [36m| [0m[34m|[0m /* 6.125 */        { => let caseConfig = Configuration()[0m
    [36m| [0m[34m|[0m /* 6.126 */            [0m
    [36m| [0m[34m|[0m /* 6.127 */            let serverBuilderRequiresAnIdentityBeforeTransportIoTestFunc = { => serverBuilderRequiresAnIdentityBeforeTransportIo();() }[0m
    [36m| [0m[34m|[0m /* 6.128 */            suiteBuilder.add([0m
    [36m| [0m[34m|[0m /* 6.129 */            UnitTestCase.create([0m
    [36m| [0m[34m|[0m /* 6.130 */            "serverBuilderRequiresAnIdentityBeforeTransportIo",[0m
    [36m| [0m[34m|[0m /* 6.131 */            configuration: caseConfig,[0m
    [36m| [0m[34m|[0m /* 6.132 */            body: serverBuilderRequiresAnIdentityBeforeTransportIoTestFunc[0m
    [36m| [0m[34m|[0m /* 6.133 */            )[0m
    [36m| [0m[34m|[0m /* 6.134 */            )[0m
    [36m| [0m[34m|[0m /* 6.135 */            [0m
    [36m| [0m[34m|[0m /* 6.136 */        }()[0m
    [36m| [0m[34m|[0m /* 6.137 */        [0m
    [36m| [0m[34m|[0m /* 6.138 */        [0m
    [36m| [0m[34m|[0m /* 6.139 */        { => let caseConfig = Configuration()[0m
    [36m| [0m[34m|[0m /* 6.140 */            [0m
    [36m| [0m[34m|[0m /* 6.141 */            let clientBuilderCopiesAlpnAndPublishesProviderNeutralCapabilitiesTestFunc = { => clientBuilderCopiesAlpnAndPublishesProviderNeutralCapabilities();() }[0m
    [36m| [0m[34m|[0m /* 6.142 */            suiteBuilder.add([0m
    [36m| [0m[34m|[0m /* 6.143 */            UnitTestCase.create([0m
    [36m| [0m[34m|[0m /* 6.144 */            "clientBuilderCopiesAlpnAndPublishesProviderNeutralCapabilities",[0m
    [36m| [0m[34m|[0m /* 6.145 */            configuration: caseConfig,[0m
    [36m| [0m[34m|[0m /* 6.146 */            body: clientBuilderCopiesAlpnAndPublishesProviderNeutralCapabilitiesTestFunc[0m
    [36m| [0m[34m|[0m /* 6.147 */            )[0m
    [36m| [0m[34m|[0m /* 6.148 */            )[0m
    [36m| [0m[34m|[0m /* 6.149 */            [0m
    [36m| [0m[34m|[0m /* 6.150 */        }()[0m
    [36m| [0m[34m|[0m /* 6.151 */        [0m
    [36m| [0m[34m|[0m /* 6.152 */        [0m
    [36m| [0m[34m|[0m /* 6.153 */        { => let caseConfig = Configuration()[0m
    [36m| [0m[34m|[0m /* 6.154 */            [0m
    [36m| [0m[34m|[0m /* 6.155 */            let preCancelledHandshakeConsumesAndAbortsTheTransportTestFunc = { => preCancelledHandshakeConsumesAndAbortsTheTransport();() }[0m
    [36m| [0m[34m|[0m /* 6.156 */            suiteBuilder.add([0m
    [36m| [0m[34m|[0m /* 6.157 */            UnitTestCase.create([0m
    [36m| [0m[34m|[0m /* 6.158 */            "preCancelledHandshakeConsumesAndAbortsTheTransport",[0m
    [36m| [0m[34m|[0m /* 6.159 */            configuration: caseConfig,[0m
    [36m| [0m[34m|[0m /* 6.160 */            body: preCancelledHandshakeConsumesAndAbortsTheTransportTestFunc[0m
    [36m| [0m[34m|[0m /* 6.161 */            )[0m
    [36m| [0m[34m|[0m /* 6.162 */            )[0m
    [36m| [0m[34m|[0m /* 6.163 */            [0m
    [36m| [0m[34m|[0m /* 6.164 */        }()[0m
    [36m| [0m[34m|[0m /* 6.165 */        [0m
    [36m| [0m[34m|[0m /* 6.166 */        return suiteBuilder.build()[0m
    [36m| [0m[34m|[0m /* 6.167 */    }[0m
    [36m| [0m[34m|[0m /* 6.168 */    private func inheritedFromClassAnnotatedByTestTemplate < T >(): TestSuite where T <: TestClass {[0m
    [36m| [0m[34m|[0m /* 6.169 */        throw Exception("Unreachable code")[0m
    [36m| [0m[34m|[0m /* 6.170 */    }[0m
    [36m| [0m[34m|[0m /* 6.171 */}[0m
    [36m| [0m[34m|[0m /* 6.172 */[0m
    [36m| [0m[34m|[0m /* 6.173 */[0m
    [36m| [0m[34m|[0m /* 6.174 */interface TestPackageExtension_PublicTlsFacadeTest {[0m
    [36m| [0m[34m|[0m /* 6.175 */    func registerPublicTlsFacadeTest(): Unit[0m
    [36m| [0m[34m|[0m /* 6.176 */}[0m
    [36m| [0m[34m|[0m /* 6.177 */extend TestPackage <: TestPackageExtension_PublicTlsFacadeTest {[0m
    [36m| [0m[34m|[0m /* 6.178 */    @Attribute[TEST_REGISTER][0m
    [36m| [0m[34m|[0m /* 6.179 */    public func registerPublicTlsFacadeTest() {[0m
    [36m| [0m[34m|[0m /* 6.180 */        registerSuite({ => PublicTlsFacadeTest().asTestSuite() })[0m
    [36m| [0m[34m|[0m /* 6.181 */    }[0m
    [36m| [0m[34m|[0m /* 6.182 */}[0m
    [36m| [0m[34m|[0m /* 6.183 */[0m
    [36m| [0m[34m|[0m[34m_[0m[34m__________^[0m
    [36m| [0m
[34mnote[0m: the warning occurs after the macro is expanded
  [36m==>[0m <repo-root>-pr-worktrees/M8-005-publication/src/tls/facade_test.cj:6:1:
   [36m| [0m
[36m6[0m  [36m| [0m  @Test[0m
   [36m| [0m [34m_[0m[34m^[0m
[36m7[0m  [36m| [0m[34m|[0m class PublicTlsFacadeTest {[0m
   [36m| [0m[34m|[0m ...[0m
[36m48[0m [36m| [0m[34m|[0m }[0m
   [36m| [0m[34m|[0m[34m_[0m[34m^[0m
   [36m| [0m

[33mwarning[0m: unreachable block in 'if' expression
   [36m| [0m
   [36m| [0m  /* 6.13 */                if(e is AssertIntermediateException) {[0m
   [36m| [0m [33m_[0m[33m_______________________________________________________________^[0m
   [36m| [0m[33m|[0m /* 6.14 */                    throw e[0m
   [36m| [0m[33m|[0m /* 6.15 */                }[0m
   [36m| [0m[33m|[0m[33m_[0m[33m__________________________^ unreachable block in 'if' expression[0m
   [36m| [0m
   [36m#[0m [0mnote[0m: this warning can be suppressed by setting the compiler option `-Woff unused`
[34mnote[0m: the warning occurs after the macro is expanded
  [36m==>[0m <repo-root>-pr-worktrees/M8-005-publication/src/tls/facade_test.cj:6:1:
   [36m| [0m
[36m6[0m  [36m| [0m  @Test[0m
   [36m| [0m [34m_[0m[34m^[0m
[36m7[0m  [36m| [0m[34m|[0m class PublicTlsFacadeTest {[0m
   [36m| [0m[34m|[0m ...[0m
[36m48[0m [36m| [0m[34m|[0m }[0m
   [36m| [0m[34m|[0m[34m_[0m[34m^[0m
   [36m| [0m

[33mwarning[0m: unreachable block in 'if' expression
   [36m| [0m
   [36m| [0m  /* 6.16 */                if(e is UnittestTimeoutException) {[0m
   [36m| [0m [33m_[0m[33m____________________________________________________________^[0m
   [36m| [0m[33m|[0m /* 6.17 */                    throw e[0m
   [36m| [0m[33m|[0m /* 6.18 */                }[0m
   [36m| [0m[33m|[0m[33m_[0m[33m__________________________^ unreachable block in 'if' expression[0m
   [36m| [0m
   [36m#[0m [0mnote[0m: this warning can be suppressed by setting the compiler option `-Woff unused`
[34mnote[0m: the warning occurs after the macro is expanded
  [36m==>[0m <repo-root>-pr-worktrees/M8-005-publication/src/tls/facade_test.cj:6:1:
   [36m| [0m
[36m6[0m  [36m| [0m  @Test[0m
   [36m| [0m [34m_[0m[34m^[0m
[36m7[0m  [36m| [0m[34m|[0m class PublicTlsFacadeTest {[0m
   [36m| [0m[34m|[0m ...[0m
[36m48[0m [36m| [0m[34m|[0m }[0m
   [36m| [0m[34m|[0m[34m_[0m[34m^[0m
   [36m| [0m

[33mwarning[0m: unreachable block in 'if' expression
   [36m| [0m
   [36m| [0m  /* 6.37 */                if(e is AssertException) {[0m
   [36m| [0m [33m_[0m[33m___________________________________________________^[0m
   [36m| [0m[33m|[0m /* 6.38 */                    throw e[0m
   [36m| [0m[33m|[0m /* 6.39 */                }[0m
   [36m| [0m[33m|[0m[33m_[0m[33m__________________________^ unreachable block in 'if' expression[0m
   [36m| [0m
   [36m#[0m [0mnote[0m: this warning can be suppressed by setting the compiler option `-Woff unused`
[34mnote[0m: the warning occurs after the macro is expanded
  [36m==>[0m <repo-root>-pr-worktrees/M8-005-publication/src/tls/facade_test.cj:6:1:
   [36m| [0m
[36m6[0m  [36m| [0m  @Test[0m
   [36m| [0m [34m_[0m[34m^[0m
[36m7[0m  [36m| [0m[34m|[0m class PublicTlsFacadeTest {[0m
   [36m| [0m[34m|[0m ...[0m
[36m48[0m [36m| [0m[34m|[0m }[0m
   [36m| [0m[34m|[0m[34m_[0m[34m^[0m
   [36m| [0m

[33mwarning[0m: unreachable block in 'if' expression
   [36m| [0m
   [36m| [0m  /* 6.40 */                if(e is AssertIntermediateException) {[0m
   [36m| [0m [33m_[0m[33m_______________________________________________________________^[0m
   [36m| [0m[33m|[0m /* 6.41 */                    throw e[0m
   [36m| [0m[33m|[0m /* 6.42 */                }[0m
   [36m| [0m[33m|[0m[33m_[0m[33m__________________________^ unreachable block in 'if' expression[0m
   [36m| [0m
   [36m#[0m [0mnote[0m: this warning can be suppressed by setting the compiler option `-Woff unused`
[34mnote[0m: the warning occurs after the macro is expanded
  [36m==>[0m <repo-root>-pr-worktrees/M8-005-publication/src/tls/facade_test.cj:6:1:
   [36m| [0m
[36m6[0m  [36m| [0m  @Test[0m
   [36m| [0m [34m_[0m[34m^[0m
[36m7[0m  [36m| [0m[34m|[0m class PublicTlsFacadeTest {[0m
   [36m| [0m[34m|[0m ...[0m
[36m48[0m [36m| [0m[34m|[0m }[0m
   [36m| [0m[34m|[0m[34m_[0m[34m^[0m
   [36m| [0m

[33mwarning[0m: unreachable block in 'if' expression
   [36m| [0m
   [36m| [0m  /* 6.43 */                if(e is UnittestTimeoutException) {[0m
   [36m| [0m [33m_[0m[33m____________________________________________________________^[0m
   [36m| [0m[33m|[0m /* 6.44 */                    throw e[0m
   [36m| [0m[33m|[0m /* 6.45 */                }[0m
   [36m| [0m[33m|[0m[33m_[0m[33m__________________________^ unreachable block in 'if' expression[0m
   [36m| [0m
   [36m#[0m [0mnote[0m: this warning can be suppressed by setting the compiler option `-Woff unused`
[34mnote[0m: the warning occurs after the macro is expanded
  [36m==>[0m <repo-root>-pr-worktrees/M8-005-publication/src/tls/facade_test.cj:6:1:
   [36m| [0m
[36m6[0m  [36m| [0m  @Test[0m
   [36m| [0m [34m_[0m[34m^[0m
[36m7[0m  [36m| [0m[34m|[0m class PublicTlsFacadeTest {[0m
   [36m| [0m[34m|[0m ...[0m
[36m48[0m [36m| [0m[34m|[0m }[0m
   [36m| [0m[34m|[0m[34m_[0m[34m^[0m
   [36m| [0m

6 warnings generated, 6 warnings printed.
[33mwarning[0m: unused import 'wirestack.internal.http_model.*'
 [36m==>[0m <repo-root>-pr-worktrees/M8-005-publication/src/internal/http2/stream_reset_test.cj:7:1:
  [36m| [0m
[36m7[0m [36m| [0mimport wirestack.internal.http_model.*[0m
  [36m| [0m[33m^^^^^^^^^^^^^^^^^^^^^^^^^^^^^^^^^^^^^^ unused import[0m
  [36m| [0m
  [36m#[0m [0mnote[0m: this warning can be suppressed by setting the compiler option `-Woff unused`

1 warning generated, 1 warning printed.
[33mwarning[0m: unreachable block in 'if' expression
   [36m| [0m
   [36m| [0m  /* 9.45 */                    if(e is AssertException) {[0m
   [36m| [0m [33m_[0m[33m_______________________________________________________^[0m
   [36m| [0m[33m|[0m /* 9.46 */                        throw e[0m
   [36m| [0m[33m|[0m /* 9.47 */                    }[0m
   [36m| [0m[33m|[0m[33m_[0m[33m______________________________^ unreachable block in 'if' expression[0m
   [36m| [0m
   [36m#[0m [0mnote[0m: this warning can be suppressed by setting the compiler option `-Woff unused`
[34mnote[0m: the code after the macro is expanded as follows
    [36m| [0m
    [36m| [0m  /* 9.1 */@Attribute[TEST_GENERATED] class WebSocketConnectionTest <: TestClass {[0m
    [36m| [0m [34m_[0m[34m^[0m
    [36m| [0m[34m|[0m /* 9.2 */    @Attribute[TestCase_126][0m
    [36m| [0m[34m|[0m /* 9.3 */    func fragmentedUtf8AndAutomaticPongSurviveOneByteTransportReads(): Unit {[0m
    [36m| [0m[34m|[0m /* 9.4 */        let(clientTransport, serverTransport) = MemoryTransport.pair(capacity: 4096, maxChunk: 1)[0m
    [36m| [0m[34m|[0m /* 9.5 */        let client = WebSocketConnection(clientTransport, WebSocketRole.Client)[0m
    [36m| [0m[34m|[0m /* 9.6 */        let server = WebSocketConnection(serverTransport, WebSocketRole.Server)[0m
    [36m| [0m[34m|[0m /* 9.7 */        try {[0m
    [36m| [0m[34m|[0m /* 9.8 */            client.send(WebSocketFrame(WebSocketOpcode.Text, payload:[0xe4u8, 0xb8u8], finalFragment: false))[0m
    [36m| [0m[34m|[0m /* 9.9 */            client.send(WebSocketFrame(WebSocketOpcode.Continuation, payload:[0xadu8]))[0m
    [36m| [0m[34m|[0m /* 9.10 */            let first = server.receive()[0m
    [36m| [0m[34m|[0m /* 9.11 */            let continuation = server.receive()[0m
    [36m| [0m[34m|[0m /* 9.12 */            expectEqual("webSocketTestOpcode(first.opcode, WebSocketOpcode.Text)", "true", webSocketTestOpcode(first.opcode, WebSocketOpcode.Text), true, isDelta: false)[0m
    [36m| [0m[34m|[0m /* 9.13 */            expectEqual("! first.finalFragment", "true", ! first.finalFragment, true, isDelta: false)[0m
    [36m| [0m[34m|[0m /* 9.14 */            expectEqual("first.payload", "[0xe4u8, 0xb8u8]", first.payload,[0xe4u8, 0xb8u8], isDelta: false)[0m
    [36m| [0m[34m|[0m /* 9.15 */            expectEqual("webSocketTestOpcode(continuation.opcode, WebSocketOpcode.Continuation)", "true", webSocketTestOpcode(continuation.opcode, WebSocketOpcode.Continuation), true, isDelta: false)[0m
    [36m| [0m[34m|[0m /* 9.16 */            expectEqual("continuation.finalFragment", "true", continuation.finalFragment, true, isDelta: false)[0m
    [36m| [0m[34m|[0m /* 9.17 */            expectEqual("continuation.payload", "[0xadu8]", continuation.payload,[0xadu8], isDelta: false)[0m
    [36m| [0m[34m|[0m /* 9.18 */            client.send(WebSocketFrame(WebSocketOpcode.Ping, payload: "probe".toArray()))[0m
    [36m| [0m[34m|[0m /* 9.19 */            let ping = server.receive()[0m
    [36m| [0m[34m|[0m /* 9.20 */            let pong = client.receive()[0m
    [36m| [0m[34m|[0m /* 9.21 */            expectEqual("webSocketTestOpcode(ping.opcode, WebSocketOpcode.Ping)", "true", webSocketTestOpcode(ping.opcode, WebSocketOpcode.Ping), true, isDelta: false)[0m
    [36m| [0m[34m|[0m /* 9.22 */            expectEqual("ping.payload", "\"probe\".toArray()", ping.payload, "probe".toArray(), isDelta: false)[0m
    [36m| [0m[34m|[0m /* 9.23 */            expectEqual("webSocketTestOpcode(pong.opcode, WebSocketOpcode.Pong)", "true", webSocketTestOpcode(pong.opcode, WebSocketOpcode.Pong), true, isDelta: false)[0m
    [36m| [0m[34m|[0m /* 9.24 */            expectEqual("pong.payload", "\"probe\".toArray()", pong.payload, "probe".toArray(), isDelta: false)[0m
    [36m| [0m[34m|[0m /* 9.25 */        } finally {[0m
    [36m| [0m[34m|[0m /* 9.26 */            client.close()[0m
    [36m| [0m[34m|[0m /* 9.27 */            server.close()[0m
    [36m| [0m[34m|[0m /* 9.28 */        }[0m
    [36m| [0m[34m|[0m /* 9.29 */    }[0m
    [36m| [0m[34m|[0m /* 9.30 */    [0m
    [36m| [0m[34m|[0m /* 9.31 */    @Attribute[TestCase_127][0m
    [36m| [0m[34m|[0m /* 9.32 */    func preCancelledSendPerformsNoIoAndLeavesUntouchedSessionHealthy(): Unit {[0m
    [36m| [0m[34m|[0m /* 9.33 */        let(clientTransport, serverTransport) = MemoryTransport.pair(capacity: 4096, maxChunk: 1)[0m
    [36m| [0m[34m|[0m /* 9.34 */        let client = WebSocketConnection(clientTransport, WebSocketRole.Client)[0m
    [36m| [0m[34m|[0m /* 9.35 */        let server = WebSocketConnection(serverTransport, WebSocketRole.Server)[0m
    [36m| [0m[34m|[0m /* 9.36 */        let cancellation = CancellationSource()[0m
    [36m| [0m[34m|[0m /* 9.37 */        cancellation.cancel()[0m
    [36m| [0m[34m|[0m /* 9.38 */        try {[0m
    [36m| [0m[34m|[0m /* 9.39 */            let error = try {[0m
    [36m| [0m[34m|[0m /* 9.40 */                try {[0m
    [36m| [0m[34m|[0m /* 9.41 */                    assertEqual("true", "true", true, true)[0m
    [36m| [0m[34m|[0m /* 9.42 */                    client.send(WebSocketFrame(WebSocketOpcode.Binary, payload:[1u8]), context: OperationContext(cancellation: cancellation.token))[0m
    [36m| [0m[34m|[0m /* 9.43 */                    fail("@AssertThrows: Expected 'WebSocketException' was not caught.")[0m
    [36m| [0m[34m|[0m /* 9.44 */                } catch(e: WebSocketException) {[0m
    [36m| [0m[34m|[0m /* 9.45 */                    if(e is AssertException) {[0m
    [36m| [0m[34m|[0m /* 9.46 */                        throw e[0m
    [36m| [0m[34m|[0m /* 9.47 */                    }[0m
    [36m| [0m[34m|[0m /* 9.48 */                    if(e is AssertIntermediateException) {[0m
    [36m| [0m[34m|[0m /* 9.49 */                        throw e[0m
    [36m| [0m[34m|[0m /* 9.50 */                    }[0m
    [36m| [0m[34m|[0m /* 9.51 */                    if(e is UnittestTimeoutException) {[0m
    [36m| [0m[34m|[0m /* 9.52 */                        throw e[0m
    [36m| [0m[34m|[0m /* 9.53 */                    }[0m
    [36m| [0m[34m|[0m /* 9.54 */                    e[0m
    [36m| [0m[34m|[0m /* 9.55 */                }[0m
    [36m| [0m[34m|[0m /* 9.56 */            } catch(e: Exception) {[0m
    [36m| [0m[34m|[0m /* 9.57 */                if(e is AssertException || e is AssertIntermediateException || e is UnittestTimeoutException) {[0m
    [36m| [0m[34m|[0m /* 9.58 */                    throw e[0m
    [36m| [0m[34m|[0m /* 9.59 */                }[0m
    [36m| [0m[34m|[0m /* 9.60 */                assertCaughtUnexpectedE("@AssertThrows(WebSocketException)", "WebSocketException", e.toString())[0m
    [36m| [0m[34m|[0m /* 9.61 */            }[0m
    [36m| [0m[34m|[0m /* 9.62 */            [0m
    [36m| [0m[34m|[0m /* 9.63 */            expectEqual("webSocketTestError(error.code, WebSocketErrorCode.ContextStopped)", "true", webSocketTestError(error.code, WebSocketErrorCode.ContextStopped), true, isDelta: false)[0m
    [36m| [0m[34m|[0m /* 9.64 */            expectEqual("! client.isClosed()", "true", ! client.isClosed(), true, isDelta: false)[0m
    [36m| [0m[34m|[0m /* 9.65 */            client.send(WebSocketFrame(WebSocketOpcode.Binary, payload:[2u8]))[0m
    [36m| [0m[34m|[0m /* 9.66 */            let received = server.receive()[0m
    [36m| [0m[34m|[0m /* 9.67 */            expectEqual("webSocketTestOpcode(received.opcode, WebSocketOpcode.Binary)", "true", webSocketTestOpcode(received.opcode, WebSocketOpcode.Binary), true, isDelta: false)[0m
    [36m| [0m[34m|[0m /* 9.68 */            expectEqual("received.payload", "[2u8]", received.payload,[2u8], isDelta: false)[0m
    [36m| [0m[34m|[0m /* 9.69 */        } finally {[0m
    [36m| [0m[34m|[0m /* 9.70 */            client.close()[0m
    [36m| [0m[34m|[0m /* 9.71 */            server.close()[0m
    [36m| [0m[34m|[0m /* 9.72 */        }[0m
    [36m| [0m[34m|[0m /* 9.73 */    }[0m
    [36m| [0m[34m|[0m /* 9.74 */    [0m
    [36m| [0m[34m|[0m /* 9.75 */    @Attribute[TestCase_128][0m
    [36m| [0m[34m|[0m /* 9.76 */    func fragmentedMessageBoundRejectsBeforeWritingAndPreservesProgression(): Unit {[0m
    [36m| [0m[34m|[0m /* 9.77 */        let limits = WebSocketLimits(maximumFrameBytes: 4, maximumMessageBytes: 4, ioBufferBytes: 1, closeTimeout: Duration.second)[0m
    [36m| [0m[34m|[0m /* 9.78 */        let(clientTransport, serverTransport) = MemoryTransport.pair(capacity: 4096, maxChunk: 1)[0m
    [36m| [0m[34m|[0m /* 9.79 */        let client = WebSocketConnection(clientTransport, WebSocketRole.Client, limits: limits)[0m
    [36m| [0m[34m|[0m /* 9.80 */        let server = WebSocketConnection(serverTransport, WebSocketRole.Server, limits: limits)[0m
    [36m| [0m[34m|[0m /* 9.81 */        try {[0m
    [36m| [0m[34m|[0m /* 9.82 */            client.send(WebSocketFrame(WebSocketOpcode.Binary, payload:[1u8, 2u8, 3u8], finalFragment: false))[0m
    [36m| [0m[34m|[0m /* 9.83 */            let tooLarge = try {[0m
    [36m| [0m[34m|[0m /* 9.84 */                try {[0m
    [36m| [0m[34m|[0m /* 9.85 */                    assertEqual("true", "true", true, true)[0m
    [36m| [0m[34m|[0m /* 9.86 */                    client.send(WebSocketFrame(WebSocketOpcode.Continuation, payload:[4u8, 5u8]))[0m
    [36m| [0m[34m|[0m /* 9.87 */                    fail("@AssertThrows: Expected 'WebSocketException' was not caught.")[0m
    [36m| [0m[34m|[0m /* 9.88 */                } catch(e: WebSocketException) {[0m
    [36m| [0m[34m|[0m /* 9.89 */                    if(e is AssertException) {[0m
    [36m| [0m[34m|[0m /* 9.90 */                        throw e[0m
    [36m| [0m[34m|[0m /* 9.91 */                    }[0m
    [36m| [0m[34m|[0m /* 9.92 */                    if(e is AssertIntermediateException) {[0m
    [36m| [0m[34m|[0m /* 9.93 */                        throw e[0m
    [36m| [0m[34m|[0m /* 9.94 */                    }[0m
    [36m| [0m[34m|[0m /* 9.95 */                    if(e is UnittestTimeoutException) {[0m
    [36m| [0m[34m|[0m /* 9.96 */                        throw e[0m
    [36m| [0m[34m|[0m /* 9.97 */                    }[0m
    [36m| [0m[34m|[0m /* 9.98 */                    e[0m
    [36m| [0m[34m|[0m /* 9.99 */                }[0m
    [36m| [0m[34m|[0m /* 9.100 */            } catch(e: Exception) {[0m
    [36m| [0m[34m|[0m /* 9.101 */                if(e is AssertException || e is AssertIntermediateException || e is UnittestTimeoutException) {[0m
    [36m| [0m[34m|[0m /* 9.102 */                    throw e[0m
    [36m| [0m[34m|[0m /* 9.103 */                }[0m
    [36m| [0m[34m|[0m /* 9.104 */                assertCaughtUnexpectedE("@AssertThrows(WebSocketException)", "WebSocketException", e.toString())[0m
    [36m| [0m[34m|[0m /* 9.105 */            }[0m
    [36m| [0m[34m|[0m /* 9.106 */            [0m
    [36m| [0m[34m|[0m /* 9.107 */            expectEqual("webSocketTestError(tooLarge.code, WebSocketErrorCode.MessageTooLarge)", "true", webSocketTestError(tooLarge.code, WebSocketErrorCode.MessageTooLarge), true, isDelta: false)[0m
    [36m| [0m[34m|[0m /* 9.108 */            expectEqual("! client.isClosed()", "true", ! client.isClosed(), true, isDelta: false)[0m
    [36m| [0m[34m|[0m /* 9.109 */            client.send(WebSocketFrame(WebSocketOpcode.Continuation, payload:[4u8]))[0m
    [36m| [0m[34m|[0m /* 9.110 */            let first = server.receive()[0m
    [36m| [0m[34m|[0m /* 9.111 */            let continuation = server.receive()[0m
    [36m| [0m[34m|[0m /* 9.112 */            expectEqual("first.payload", "[1u8, 2u8, 3u8]", first.payload,[1u8, 2u8, 3u8], isDelta: false)[0m
    [36m| [0m[34m|[0m /* 9.113 */            expectEqual("! first.finalFragment", "true", ! first.finalFragment, true, isDelta: false)[0m
    [36m| [0m[34m|[0m /* 9.114 */            expectEqual("continuation.payload", "[4u8]", continuation.payload,[4u8], isDelta: false)[0m
    [36m| [0m[34m|[0m /* 9.115 */            expectEqual("continuation.finalFragment", "true", continuation.finalFragment, true, isDelta: false)[0m
    [36m| [0m[34m|[0m /* 9.116 */        } finally {[0m
    [36m| [0m[34m|[0m /* 9.117 */            client.close()[0m
    [36m| [0m[34m|[0m /* 9.118 */            server.close()[0m
    [36m| [0m[34m|[0m /* 9.119 */        }[0m
    [36m| [0m[34m|[0m /* 9.120 */    }[0m
    [36m| [0m[34m|[0m /* 9.121 */    [0m
    [36m| [0m[34m|[0m /* 9.122 */    @Attribute[TestCase_129][0m
    [36m| [0m[34m|[0m /* 9.123 */    func roleMaskingAndNonCanonicalLengthFailClosedWithProtocolStatus(): Unit {[0m
    [36m| [0m[34m|[0m /* 9.124 */        let(rawClient, serverTransport) = MemoryTransport.pair(capacity: 4096, maxChunk: 1)[0m
    [36m| [0m[34m|[0m /* 9.125 */        let server = WebSocketConnection(serverTransport, WebSocketRole.Server)[0m
    [36m| [0m[34m|[0m /* 9.126 */        try {[0m
    [36m| [0m[34m|[0m /* 9.127 */            api.writeAll(rawClient, api.ByteSpan([0x81u8, 0x01u8, b'x']))[0m
    [36m| [0m[34m|[0m /* 9.128 */            let masking = try {[0m
    [36m| [0m[34m|[0m /* 9.129 */                try {[0m
    [36m| [0m[34m|[0m /* 9.130 */                    assertEqual("true", "true", true, true)[0m
    [36m| [0m[34m|[0m /* 9.131 */                    server.receive()[0m
    [36m| [0m[34m|[0m /* 9.132 */                    fail("@AssertThrows: Expected 'WebSocketException' was not caught.")[0m
    [36m| [0m[34m|[0m /* 9.133 */                } catch(e: WebSocketException) {[0m
    [36m| [0m[34m|[0m /* 9.134 */                    if(e is AssertException) {[0m
    [36m| [0m[34m|[0m /* 9.135 */                        throw e[0m
    [36m| [0m[34m|[0m /* 9.136 */                    }[0m
    [36m| [0m[34m|[0m /* 9.137 */                    if(e is AssertIntermediateException) {[0m
    [36m| [0m[34m|[0m /* 9.138 */                        throw e[0m
    [36m| [0m[34m|[0m /* 9.139 */                    }[0m
    [36m| [0m[34m|[0m /* 9.140 */                    if(e is UnittestTimeoutException) {[0m
    [36m| [0m[34m|[0m /* 9.141 */                        throw e[0m
    [36m| [0m[34m|[0m /* 9.142 */                    }[0m
    [36m| [0m[34m|[0m /* 9.143 */                    e[0m
    [36m| [0m[34m|[0m /* 9.144 */                }[0m
    [36m| [0m[34m|[0m /* 9.145 */            } catch(e: Exception) {[0m
    [36m| [0m[34m|[0m /* 9.146 */                if(e is AssertException || e is AssertIntermediateException || e is UnittestTimeoutException) {[0m
    [36m| [0m[34m|[0m /* 9.147 */                    throw e[0m
    [36m| [0m[34m|[0m /* 9.148 */                }[0m
    [36m| [0m[34m|[0m /* 9.149 */                assertCaughtUnexpectedE("@AssertThrows(WebSocketException)", "WebSocketException", e.toString())[0m
    [36m| [0m[34m|[0m /* 9.150 */            }[0m
    [36m| [0m[34m|[0m /* 9.151 */            [0m
    [36m| [0m[34m|[0m /* 9.152 */            expectEqual("webSocketTestError(masking.code, WebSocketErrorCode.ProtocolViolation)", "true", webSocketTestError(masking.code, WebSocketErrorCode.ProtocolViolation), true, isDelta: false)[0m
    [36m| [0m[34m|[0m /* 9.153 */            expectEqual("masking.closeCode", "Some(1002u16)", masking.closeCode, Some(1002u16), isDelta: false)[0m
    [36m| [0m[34m|[0m /* 9.154 */            expectEqual("server.isClosed()", "true", server.isClosed(), true, isDelta: false)[0m
    [36m| [0m[34m|[0m /* 9.155 */        } finally {[0m
    [36m| [0m[34m|[0m /* 9.156 */            rawClient.close()[0m
    [36m| [0m[34m|[0m /* 9.157 */            server.close()[0m
    [36m| [0m[34m|[0m /* 9.158 */        }[0m
    [36m| [0m[34m|[0m /* 9.159 */        let(rawClient2, serverTransport2) = MemoryTransport.pair(capacity: 4096, maxChunk: 1)[0m
    [36m| [0m[34m|[0m /* 9.160 */        let server2 = WebSocketConnection(serverTransport2, WebSocketRole.Server)[0m
    [36m| [0m[34m|[0m /* 9.161 */        try {[0m
    [36m| [0m[34m|[0m /* 9.162 */            api.writeAll(rawClient2, api.ByteSpan([0x81u8, 0xfeu8, 0x00u8, 0x01u8, 1u8, 2u8, 3u8, 4u8, b'x' ^ 1u8]))[0m
    [36m| [0m[34m|[0m /* 9.163 */            let canonical = try {[0m
    [36m| [0m[34m|[0m /* 9.164 */                try {[0m
    [36m| [0m[34m|[0m /* 9.165 */                    assertEqual("true", "true", true, true)[0m
    [36m| [0m[34m|[0m /* 9.166 */                    server2.receive()[0m
    [36m| [0m[34m|[0m /* 9.167 */                    fail("@AssertThrows: Expected 'WebSocketException' was not caught.")[0m
    [36m| [0m[34m|[0m /* 9.168 */                } catch(e: WebSocketException) {[0m
    [36m| [0m[34m|[0m /* 9.169 */                    if(e is AssertException) {[0m
    [36m| [0m[34m|[0m /* 9.170 */                        throw e[0m
    [36m| [0m[34m|[0m /* 9.171 */                    }[0m
    [36m| [0m[34m|[0m /* 9.172 */                    if(e is AssertIntermediateException) {[0m
    [36m| [0m[34m|[0m /* 9.173 */                        throw e[0m
    [36m| [0m[34m|[0m /* 9.174 */                    }[0m
    [36m| [0m[34m|[0m /* 9.175 */                    if(e is UnittestTimeoutException) {[0m
    [36m| [0m[34m|[0m /* 9.176 */                        throw e[0m
    [36m| [0m[34m|[0m /* 9.177 */                    }[0m
    [36m| [0m[34m|[0m /* 9.178 */                    e[0m
    [36m| [0m[34m|[0m /* 9.179 */                }[0m
    [36m| [0m[34m|[0m /* 9.180 */            } catch(e: Exception) {[0m
    [36m| [0m[34m|[0m /* 9.181 */                if(e is AssertException || e is AssertIntermediateException || e is UnittestTimeoutException) {[0m
    [36m| [0m[34m|[0m /* 9.182 */                    throw e[0m
    [36m| [0m[34m|[0m /* 9.183 */                }[0m
    [36m| [0m[34m|[0m /* 9.184 */                assertCaughtUnexpectedE("@AssertThrows(WebSocketException)", "WebSocketException", e.toString())[0m
    [36m| [0m[34m|[0m /* 9.185 */            }[0m
    [36m| [0m[34m|[0m /* 9.186 */            [0m
    [36m| [0m[34m|[0m /* 9.187 */            expectEqual("webSocketTestError(canonical.code, WebSocketErrorCode.ProtocolViolation)", "true", webSocketTestError(canonical.code, WebSocketErrorCode.ProtocolViolation), true, isDelta: false)[0m
    [36m| [0m[34m|[0m /* 9.188 */            expectEqual("canonical.closeCode", "Some(1002u16)", canonical.closeCode, Some(1002u16), isDelta: false)[0m
    [36m| [0m[34m|[0m /* 9.189 */            expectEqual("server2.isClosed()", "true", server2.isClosed(), true, isDelta: false)[0m
    [36m| [0m[34m|[0m /* 9.190 */        } finally {[0m
    [36m| [0m[34m|[0m /* 9.191 */            rawClient2.close()[0m
    [36m| [0m[34m|[0m /* 9.192 */            server2.close()[0m
    [36m| [0m[34m|[0m /* 9.193 */        }[0m
    [36m| [0m[34m|[0m /* 9.194 */    }[0m
    [36m| [0m[34m|[0m /* 9.195 */    [0m
    [36m| [0m[34m|[0m /* 9.196 */    @Attribute[TestCase_130][0m
    [36m| [0m[34m|[0m /* 9.197 */    func fragmentedTextRejectsInvalidContinuationAtTheMessageBoundary(): Unit {[0m
    [36m| [0m[34m|[0m /* 9.198 */        let(rawClient, serverTransport) = MemoryTransport.pair(capacity: 4096, maxChunk: 1)[0m
    [36m| [0m[34m|[0m /* 9.199 */        let server = WebSocketConnection(serverTransport, WebSocketRole.Server)[0m
    [36m| [0m[34m|[0m /* 9.200 */        try {[0m
    [36m| [0m[34m|[0m /* 9.201 */            api.writeAll(rawClient, api.ByteSpan(webSocketTestMaskedFrame(0x01u8, false,[0xe4u8, 0xb8u8])))[0m
    [36m| [0m[34m|[0m /* 9.202 */            api.writeAll(rawClient, api.ByteSpan(webSocketTestMaskedFrame(0x00u8, true,[b'A'])))[0m
    [36m| [0m[34m|[0m /* 9.203 */            let first = server.receive()[0m
    [36m| [0m[34m|[0m /* 9.204 */            expectEqual("webSocketTestOpcode(first.opcode, WebSocketOpcode.Text)", "true", webSocketTestOpcode(first.opcode, WebSocketOpcode.Text), true, isDelta: false)[0m
    [36m| [0m[34m|[0m /* 9.205 */            expectEqual("! first.finalFragment", "true", ! first.finalFragment, true, isDelta: false)[0m
    [36m| [0m[34m|[0m /* 9.206 */            let invalid = try {[0m
    [36m| [0m[34m|[0m /* 9.207 */                try {[0m
    [36m| [0m[34m|[0m /* 9.208 */                    assertEqual("true", "true", true, true)[0m
    [36m| [0m[34m|[0m /* 9.209 */                    server.receive()[0m
    [36m| [0m[34m|[0m /* 9.210 */                    fail("@AssertThrows: Expected 'WebSocketException' was not caught.")[0m
    [36m| [0m[34m|[0m /* 9.211 */                } catch(e: WebSocketException) {[0m
    [36m| [0m[34m|[0m /* 9.212 */                    if(e is AssertException) {[0m
    [36m| [0m[34m|[0m /* 9.213 */                        throw e[0m
    [36m| [0m[34m|[0m /* 9.214 */                    }[0m
    [36m| [0m[34m|[0m /* 9.215 */                    if(e is AssertIntermediateException) {[0m
    [36m| [0m[34m|[0m /* 9.216 */                        throw e[0m
    [36m| [0m[34m|[0m /* 9.217 */                    }[0m
    [36m| [0m[34m|[0m /* 9.218 */                    if(e is UnittestTimeoutException) {[0m
    [36m| [0m[34m|[0m /* 9.219 */                        throw e[0m
    [36m| [0m[34m|[0m /* 9.220 */                    }[0m
    [36m| [0m[34m|[0m /* 9.221 */                    e[0m
    [36m| [0m[34m|[0m /* 9.222 */                }[0m
    [36m| [0m[34m|[0m /* 9.223 */            } catch(e: Exception) {[0m
    [36m| [0m[34m|[0m /* 9.224 */                if(e is AssertException || e is AssertIntermediateException || e is UnittestTimeoutException) {[0m
    [36m| [0m[34m|[0m /* 9.225 */                    throw e[0m
    [36m| [0m[34m|[0m /* 9.226 */                }[0m
    [36m| [0m[34m|[0m /* 9.227 */                assertCaughtUnexpectedE("@AssertThrows(WebSocketException)", "WebSocketException", e.toString())[0m
    [36m| [0m[34m|[0m /* 9.228 */            }[0m
    [36m| [0m[34m|[0m /* 9.229 */            [0m
    [36m| [0m[34m|[0m /* 9.230 */            expectEqual("webSocketTestError(invalid.code, WebSocketErrorCode.InvalidPayload)", "true", webSocketTestError(invalid.code, WebSocketErrorCode.InvalidPayload), true, isDelta: false)[0m
    [36m| [0m[34m|[0m /* 9.231 */            expectEqual("invalid.closeCode", "Some(1007u16)", invalid.closeCode, Some(1007u16), isDelta: false)[0m
    [36m| [0m[34m|[0m /* 9.232 */            expectEqual("server.isClosed()", "true", server.isClosed(), true, isDelta: false)[0m
    [36m| [0m[34m|[0m /* 9.233 */        } finally {[0m
    [36m| [0m[34m|[0m /* 9.234 */            rawClient.close()[0m
    [36m| [0m[34m|[0m /* 9.235 */            server.close()[0m
    [36m| [0m[34m|[0m /* 9.236 */        }[0m
    [36m| [0m[34m|[0m /* 9.237 */    }[0m
    [36m| [0m[34m|[0m /* 9.238 */    [0m
    [36m| [0m[34m|[0m /* 9.239 */    @Attribute[TestCase_131][0m
    [36m| [0m[34m|[0m /* 9.240 */    func gracefulCloseEchoesStatusAndCompletesBothOwners(): Unit {[0m
    [36m| [0m[34m|[0m /* 9.241 */        let(clientTransport, serverTransport) = MemoryTransport.pair(capacity: 4096, maxChunk: 1)[0m
    [36m| [0m[34m|[0m /* 9.242 */        let client = WebSocketConnection(clientTransport, WebSocketRole.Client)[0m
    [36m| [0m[34m|[0m /* 9.243 */        let server = WebSocketConnection(serverTransport, WebSocketRole.Server)[0m
    [36m| [0m[34m|[0m /* 9.244 */        let serverResult: Future < Bool >= spawn { let closeFrame = server.receive(context: OperationContext(deadline: Some(Deadline.after(Duration.second))))[0m
    [36m| [0m[34m|[0m /* 9.245 */            webSocketTestOpcode(closeFrame.opcode, WebSocketOpcode.Close) && server.isClosed()[0m
    [36m| [0m[34m|[0m /* 9.246 */        }[0m
    [36m| [0m[34m|[0m /* 9.247 */        client.close(1000u16, "done", context: OperationContext(deadline: Some(Deadline.after(Duration.second))))[0m
    [36m| [0m[34m|[0m /* 9.248 */        expectEqual("client.isClosed()", "true", client.isClosed(), true, isDelta: false)[0m
    [36m| [0m[34m|[0m /* 9.249 */        expectEqual("serverResult.get(Duration.second)", "true", serverResult.get(Duration.second), true, isDelta: false)[0m
    [36m| [0m[34m|[0m /* 9.250 */        client.close()[0m
    [36m| [0m[34m|[0m /* 9.251 */        server.close()[0m
    [36m| [0m[34m|[0m /* 9.252 */    }[0m
    [36m| [0m[34m|[0m /* 9.253 */    [0m
    [36m| [0m[34m|[0m /* 9.254 */    @Attribute[TestCase_132][0m
    [36m| [0m[34m|[0m /* 9.255 */    func handshakeCryptoMatchesRfcVectorAndReturnsCanonicalFreshKeyShape(): Unit {[0m
    [36m| [0m[34m|[0m /* 9.256 */        expectEqual("webSocketAcceptKey(\"dGhlIHNhbXBsZSBub25jZQ==\")", "\"s3pPLMBiTxaQ9kYGzzhZRbK+xOo=\"", webSocketAcceptKey("dGhlIHNhbXBsZSBub25jZQ=="), "s3pPLMBiTxaQ9kYGzzhZRbK+xOo=", isDelta: false)[0m
    [36m| [0m[34m|[0m /* 9.257 */        let key = newWebSocketKey()[0m
    [36m| [0m[34m|[0m /* 9.258 */        let keyBytes = key.toArray()[0m
    [36m| [0m[34m|[0m /* 9.259 */        expectEqual("keyBytes.size", "24", keyBytes.size, 24, isDelta: false)[0m
    [36m| [0m[34m|[0m /* 9.260 */        expectEqual("keyBytes[22]", "b\'=\'", keyBytes[22], b'=', isDelta: false)[0m
    [36m| [0m[34m|[0m /* 9.261 */        expectEqual("keyBytes[23]", "b\'=\'", keyBytes[23], b'=', isDelta: false)[0m
    [36m| [0m[34m|[0m /* 9.262 */        expectEqual("webSocketAcceptKey(key).toArray().size", "28", webSocketAcceptKey(key).toArray().size, 28, isDelta: false)[0m
    [36m| [0m[34m|[0m /* 9.263 */    }[0m
    [36m| [0m[34m|[0m /* 9.264 */    [0m
    [36m| [0m[34m|[0m /* 9.265 */    @Attribute[TestCase_133][0m
    [36m| [0m[34m|[0m /* 9.266 */    func framePayloadIsOwnedAndCloseInputIsStrict(): Unit {[0m
    [36m| [0m[34m|[0m /* 9.267 */        let source =[1u8, 2u8][0m
    [36m| [0m[34m|[0m /* 9.268 */        let frame = WebSocketFrame(WebSocketOpcode.Binary, payload: source)[0m
    [36m| [0m[34m|[0m /* 9.269 */        source[0] = 9u8[0m
    [36m| [0m[34m|[0m /* 9.270 */        let returned = frame.payload[0m
    [36m| [0m[34m|[0m /* 9.271 */        returned[1] = 8u8[0m
    [36m| [0m[34m|[0m /* 9.272 */        expectEqual("frame.payload", "[1u8, 2u8]", frame.payload,[1u8, 2u8], isDelta: false)[0m
    [36m| [0m[34m|[0m /* 9.273 */        try {[0m
    [36m| [0m[34m|[0m /* 9.274 */            try {[0m
    [36m| [0m[34m|[0m /* 9.275 */                assertEqual("true", "true", true, true)[0m
    [36m| [0m[34m|[0m /* 9.276 */                WebSocketFrame(WebSocketOpcode.Close, payload:[0x03u8])[0m
    [36m| [0m[34m|[0m /* 9.277 */                fail("@AssertThrows: Expected 'IllegalArgumentException' was not caught.")[0m
    [36m| [0m[34m|[0m /* 9.278 */            } catch(e: IllegalArgumentException) {[0m
    [36m| [0m[34m|[0m /* 9.279 */                if(e is AssertException) {[0m
    [36m| [0m[34m|[0m /* 9.280 */                    throw e[0m
    [36m| [0m[34m|[0m /* 9.281 */                }[0m
    [36m| [0m[34m|[0m /* 9.282 */                if(e is AssertIntermediateException) {[0m
    [36m| [0m[34m|[0m /* 9.283 */                    throw e[0m
    [36m| [0m[34m|[0m /* 9.284 */                }[0m
    [36m| [0m[34m|[0m /* 9.285 */                if(e is UnittestTimeoutException) {[0m
    [36m| [0m[34m|[0m /* 9.286 */                    throw e[0m
    [36m| [0m[34m|[0m /* 9.287 */                }[0m
    [36m| [0m[34m|[0m /* 9.288 */                e[0m
    [36m| [0m[34m|[0m /* 9.289 */            }[0m
    [36m| [0m[34m|[0m /* 9.290 */        } catch(e: Exception) {[0m
    [36m| [0m[34m|[0m /* 9.291 */            if(e is AssertException || e is AssertIntermediateException || e is UnittestTimeoutException) {[0m
    [36m| [0m[34m|[0m /* 9.292 */                throw e[0m
    [36m| [0m[34m|[0m /* 9.293 */            }[0m
    [36m| [0m[34m|[0m /* 9.294 */            assertCaughtUnexpectedE("@AssertThrows(IllegalArgumentException)", "IllegalArgumentException", e.toString())[0m
    [36m| [0m[34m|[0m /* 9.295 */        }[0m
    [36m| [0m[34m|[0m /* 9.296 */        try {[0m
    [36m| [0m[34m|[0m /* 9.297 */            try {[0m
    [36m| [0m[34m|[0m /* 9.298 */                assertEqual("true", "true", true, true)[0m
    [36m| [0m[34m|[0m /* 9.299 */                WebSocketFrame(WebSocketOpcode.Ping, payload: Array < Byte >(126, repeat: 0u8))[0m
    [36m| [0m[34m|[0m /* 9.300 */                fail("@AssertThrows: Expected 'IllegalArgumentException' was not caught.")[0m
    [36m| [0m[34m|[0m /* 9.301 */            } catch(e: IllegalArgumentException) {[0m
    [36m| [0m[34m|[0m /* 9.302 */                if(e is AssertException) {[0m
    [36m| [0m[34m|[0m /* 9.303 */                    throw e[0m
    [36m| [0m[34m|[0m /* 9.304 */                }[0m
    [36m| [0m[34m|[0m /* 9.305 */                if(e is AssertIntermediateException) {[0m
    [36m| [0m[34m|[0m /* 9.306 */                    throw e[0m
    [36m| [0m[34m|[0m /* 9.307 */                }[0m
    [36m| [0m[34m|[0m /* 9.308 */                if(e is UnittestTimeoutException) {[0m
    [36m| [0m[34m|[0m /* 9.309 */                    throw e[0m
    [36m| [0m[34m|[0m /* 9.310 */                }[0m
    [36m| [0m[34m|[0m /* 9.311 */                e[0m
    [36m| [0m[34m|[0m /* 9.312 */            }[0m
    [36m| [0m[34m|[0m /* 9.313 */        } catch(e: Exception) {[0m
    [36m| [0m[34m|[0m /* 9.314 */            if(e is AssertException || e is AssertIntermediateException || e is UnittestTimeoutException) {[0m
    [36m| [0m[34m|[0m /* 9.315 */                throw e[0m
    [36m| [0m[34m|[0m /* 9.316 */            }[0m
    [36m| [0m[34m|[0m /* 9.317 */            assertCaughtUnexpectedE("@AssertThrows(IllegalArgumentException)", "IllegalArgumentException", e.toString())[0m
    [36m| [0m[34m|[0m /* 9.318 */        }[0m
    [36m| [0m[34m|[0m /* 9.319 */    }[0m
    [36m| [0m[34m|[0m /* 9.320 */    [0m
    [36m| [0m[34m|[0m /* 9.321 */    @Attribute[TestCase_134][0m
    [36m| [0m[34m|[0m /* 9.322 */    func boundedDeterministicWireMutationsAreSplitInvariantAndFailClosed(): Unit {[0m
    [36m| [0m[34m|[0m /* 9.323 */        let anchors = m8005WebSocketCorpus()[0m
    [36m| [0m[34m|[0m /* 9.324 */        let mutations = m8005WebSocketMutations()[0m
    [36m| [0m[34m|[0m /* 9.325 */        let schedules =[1i64, 2i64, 7i64, 64i64][0m
    [36m| [0m[34m|[0m /* 9.326 */        var executions: Int64 = 0[0m
    [36m| [0m[34m|[0m /* 9.327 */        var readCalls: Int64 = 0[0m
    [36m| [0m[34m|[0m /* 9.328 */        var maximumInputBytes: Int64 = 0[0m
    [36m| [0m[34m|[0m /* 9.329 */        for(scenario in anchors) {[0m
    [36m| [0m[34m|[0m /* 9.330 */            maximumInputBytes = max(maximumInputBytes, scenario.wire.size)[0m
    [36m| [0m[34m|[0m /* 9.331 */            var baseline:?M8005WebSocketOutcome = None < M8005WebSocketOutcome >[0m
    [36m| [0m[34m|[0m /* 9.332 */            for(maximumRead in schedules) {[0m
    [36m| [0m[34m|[0m /* 9.333 */                let outcome = m8005RunWebSocketWire(scenario.wire, maximumRead)[0m
    [36m| [0m[34m|[0m /* 9.334 */                m8005ExpectWebSocketOutcome(outcome, scenario)[0m
    [36m| [0m[34m|[0m /* 9.335 */                match(baseline) {[0m
    [36m| [0m[34m|[0m /* 9.336 */                    case None => baseline = Some(outcome)[0m
    [36m| [0m[34m|[0m /* 9.337 */                    case Some(first) => m8005ExpectEquivalentWebSocketOutcome(outcome, first)[0m
    [36m| [0m[34m|[0m /* 9.338 */                }[0m
    [36m| [0m[34m|[0m /* 9.339 */                executions ++[0m
    [36m| [0m[34m|[0m /* 9.340 */                readCalls += outcome.readCalls[0m
    [36m| [0m[34m|[0m /* 9.341 */            }[0m
    [36m| [0m[34m|[0m /* 9.342 */        }[0m
    [36m| [0m[34m|[0m /* 9.343 */        for(wire in mutations) {[0m
    [36m| [0m[34m|[0m /* 9.344 */            maximumInputBytes = max(maximumInputBytes, wire.size)[0m
    [36m| [0m[34m|[0m /* 9.345 */            var baseline:?M8005WebSocketOutcome = None < M8005WebSocketOutcome >[0m
    [36m| [0m[34m|[0m /* 9.346 */            for(maximumRead in schedules) {[0m
    [36m| [0m[34m|[0m /* 9.347 */                let outcome = m8005RunWebSocketWire(wire, maximumRead)[0m
    [36m| [0m[34m|[0m /* 9.348 */                m8005ExpectSafeWebSocketTermination(outcome)[0m
    [36m| [0m[34m|[0m /* 9.349 */                match(baseline) {[0m
    [36m| [0m[34m|[0m /* 9.350 */                    case None => baseline = Some(outcome)[0m
    [36m| [0m[34m|[0m /* 9.351 */                    case Some(first) => m8005ExpectEquivalentWebSocketOutcome(outcome, first)[0m
    [36m| [0m[34m|[0m /* 9.352 */                }[0m
    [36m| [0m[34m|[0m /* 9.353 */                executions ++[0m
    [36m| [0m[34m|[0m /* 9.354 */                readCalls += outcome.readCalls[0m
    [36m| [0m[34m|[0m /* 9.355 */            }[0m
    [36m| [0m[34m|[0m /* 9.356 */        }[0m
    [36m| [0m[34m|[0m /* 9.357 */        println("M8005_FUZZ target=websocket seed=8005 anchors=${anchors.size} " + "mutations=${mutations.size} schedules=${schedules.size} executions=${executions} " + "maxInputBytes=${maximumInputBytes} readCalls=${readCalls} decision=PASS")[0m
    [36m| [0m[34m|[0m /* 9.358 */    }[0m
    [36m| [0m[34m|[0m /* 9.359 */    [0m
    [36m| [0m[34m|[0m /* 9.360 */    init() {[0m
    [36m| [0m[34m|[0m /* 9.361 */    }[0m
    [36m| [0m[34m|[0m /* 9.362 */    private func classConfiguration(): Configuration {[0m
    [36m| [0m[34m|[0m /* 9.363 */        let configuration = Configuration()[0m
    [36m| [0m[34m|[0m /* 9.364 */        [0m
    [36m| [0m[34m|[0m /* 9.365 */        return configuration[0m
    [36m| [0m[34m|[0m /* 9.366 */    }[0m
    [36m| [0m[34m|[0m /* 9.367 */    public override func asTestSuite(): TestSuite {[0m
    [36m| [0m[34m|[0m /* 9.368 */        [0m
    [36m| [0m[34m|[0m /* 9.369 */        let suiteConfiguration = classConfiguration()[0m
    [36m| [0m[34m|[0m /* 9.370 */        let suiteBuilder = TestSuite.builder("WebSocketConnectionTest").configure(suiteConfiguration)[0m
    [36m| [0m[34m|[0m /* 9.371 */        [0m
    [36m| [0m[34m|[0m /* 9.372 */        { => let caseConfig = Configuration()[0m
    [36m| [0m[34m|[0m /* 9.373 */            [0m
    [36m| [0m[34m|[0m /* 9.374 */            let fragmentedUtf8AndAutomaticPongSurviveOneByteTransportReadsTestFunc = { => fragmentedUtf8AndAutomaticPongSurviveOneByteTransportReads();() }[0m
    [36m| [0m[34m|[0m /* 9.375 */            suiteBuilder.add([0m
    [36m| [0m[34m|[0m /* 9.376 */            UnitTestCase.create([0m
    [36m| [0m[34m|[0m /* 9.377 */            "fragmentedUtf8AndAutomaticPongSurviveOneByteTransportReads",[0m
    [36m| [0m[34m|[0m /* 9.378 */            configuration: caseConfig,[0m
    [36m| [0m[34m|[0m /* 9.379 */            body: fragmentedUtf8AndAutomaticPongSurviveOneByteTransportReadsTestFunc[0m
    [36m| [0m[34m|[0m /* 9.380 */            )[0m
    [36m| [0m[34m|[0m /* 9.381 */            )[0m
    [36m| [0m[34m|[0m /* 9.382 */            [0m
    [36m| [0m[34m|[0m /* 9.383 */        }()[0m
    [36m| [0m[34m|[0m /* 9.384 */        [0m
    [36m| [0m[34m|[0m /* 9.385 */        [0m
    [36m| [0m[34m|[0m /* 9.386 */        { => let caseConfig = Configuration()[0m
    [36m| [0m[34m|[0m /* 9.387 */            [0m
    [36m| [0m[34m|[0m /* 9.388 */            let preCancelledSendPerformsNoIoAndLeavesUntouchedSessionHealthyTestFunc = { => preCancelledSendPerformsNoIoAndLeavesUntouchedSessionHealthy();() }[0m
    [36m| [0m[34m|[0m /* 9.389 */            suiteBuilder.add([0m
    [36m| [0m[34m|[0m /* 9.390 */            UnitTestCase.create([0m
    [36m| [0m[34m|[0m /* 9.391 */            "preCancelledSendPerformsNoIoAndLeavesUntouchedSessionHealthy",[0m
    [36m| [0m[34m|[0m /* 9.392 */            configuration: caseConfig,[0m
    [36m| [0m[34m|[0m /* 9.393 */            body: preCancelledSendPerformsNoIoAndLeavesUntouchedSessionHealthyTestFunc[0m
    [36m| [0m[34m|[0m /* 9.394 */            )[0m
    [36m| [0m[34m|[0m /* 9.395 */            )[0m
    [36m| [0m[34m|[0m /* 9.396 */            [0m
    [36m| [0m[34m|[0m /* 9.397 */        }()[0m
    [36m| [0m[34m|[0m /* 9.398 */        [0m
    [36m| [0m[34m|[0m /* 9.399 */        [0m
    [36m| [0m[34m|[0m /* 9.400 */        { => let caseConfig = Configuration()[0m
    [36m| [0m[34m|[0m /* 9.401 */            [0m
    [36m| [0m[34m|[0m /* 9.402 */            let fragmentedMessageBoundRejectsBeforeWritingAndPreservesProgressionTestFunc = { => fragmentedMessageBoundRejectsBeforeWritingAndPreservesProgression();() }[0m
    [36m| [0m[34m|[0m /* 9.403 */            suiteBuilder.add([0m
    [36m| [0m[34m|[0m /* 9.404 */            UnitTestCase.create([0m
    [36m| [0m[34m|[0m /* 9.405 */            "fragmentedMessageBoundRejectsBeforeWritingAndPreservesProgression",[0m
    [36m| [0m[34m|[0m /* 9.406 */            configuration: caseConfig,[0m
    [36m| [0m[34m|[0m /* 9.407 */            body: fragmentedMessageBoundRejectsBeforeWritingAndPreservesProgressionTestFunc[0m
    [36m| [0m[34m|[0m /* 9.408 */            )[0m
    [36m| [0m[34m|[0m /* 9.409 */            )[0m
    [36m| [0m[34m|[0m /* 9.410 */            [0m
    [36m| [0m[34m|[0m /* 9.411 */        }()[0m
    [36m| [0m[34m|[0m /* 9.412 */        [0m
    [36m| [0m[34m|[0m /* 9.413 */        [0m
    [36m| [0m[34m|[0m /* 9.414 */        { => let caseConfig = Configuration()[0m
    [36m| [0m[34m|[0m /* 9.415 */            [0m
    [36m| [0m[34m|[0m /* 9.416 */            let roleMaskingAndNonCanonicalLengthFailClosedWithProtocolStatusTestFunc = { => roleMaskingAndNonCanonicalLengthFailClosedWithProtocolStatus();() }[0m
    [36m| [0m[34m|[0m /* 9.417 */            suiteBuilder.add([0m
    [36m| [0m[34m|[0m /* 9.418 */            UnitTestCase.create([0m
    [36m| [0m[34m|[0m /* 9.419 */            "roleMaskingAndNonCanonicalLengthFailClosedWithProtocolStatus",[0m
    [36m| [0m[34m|[0m /* 9.420 */            configuration: caseConfig,[0m
    [36m| [0m[34m|[0m /* 9.421 */            body: roleMaskingAndNonCanonicalLengthFailClosedWithProtocolStatusTestFunc[0m
    [36m| [0m[34m|[0m /* 9.422 */            )[0m
    [36m| [0m[34m|[0m /* 9.423 */            )[0m
    [36m| [0m[34m|[0m /* 9.424 */            [0m
    [36m| [0m[34m|[0m /* 9.425 */        }()[0m
    [36m| [0m[34m|[0m /* 9.426 */        [0m
    [36m| [0m[34m|[0m /* 9.427 */        [0m
    [36m| [0m[34m|[0m /* 9.428 */        { => let caseConfig = Configuration()[0m
    [36m| [0m[34m|[0m /* 9.429 */            [0m
    [36m| [0m[34m|[0m /* 9.430 */            let fragmentedTextRejectsInvalidContinuationAtTheMessageBoundaryTestFunc = { => fragmentedTextRejectsInvalidContinuationAtTheMessageBoundary();() }[0m
    [36m| [0m[34m|[0m /* 9.431 */            suiteBuilder.add([0m
    [36m| [0m[34m|[0m /* 9.432 */            UnitTestCase.create([0m
    [36m| [0m[34m|[0m /* 9.433 */            "fragmentedTextRejectsInvalidContinuationAtTheMessageBoundary",[0m
    [36m| [0m[34m|[0m /* 9.434 */            configuration: caseConfig,[0m
    [36m| [0m[34m|[0m /* 9.435 */            body: fragmentedTextRejectsInvalidContinuationAtTheMessageBoundaryTestFunc[0m
    [36m| [0m[34m|[0m /* 9.436 */            )[0m
    [36m| [0m[34m|[0m /* 9.437 */            )[0m
    [36m| [0m[34m|[0m /* 9.438 */            [0m
    [36m| [0m[34m|[0m /* 9.439 */        }()[0m
    [36m| [0m[34m|[0m /* 9.440 */        [0m
    [36m| [0m[34m|[0m /* 9.441 */        [0m
    [36m| [0m[34m|[0m /* 9.442 */        { => let caseConfig = Configuration()[0m
    [36m| [0m[34m|[0m /* 9.443 */            [0m
    [36m| [0m[34m|[0m /* 9.444 */            let gracefulCloseEchoesStatusAndCompletesBothOwnersTestFunc = { => gracefulCloseEchoesStatusAndCompletesBothOwners();() }[0m
    [36m| [0m[34m|[0m /* 9.445 */            suiteBuilder.add([0m
    [36m| [0m[34m|[0m /* 9.446 */            UnitTestCase.create([0m
    [36m| [0m[34m|[0m /* 9.447 */            "gracefulCloseEchoesStatusAndCompletesBothOwners",[0m
    [36m| [0m[34m|[0m /* 9.448 */            configuration: caseConfig,[0m
    [36m| [0m[34m|[0m /* 9.449 */            body: gracefulCloseEchoesStatusAndCompletesBothOwnersTestFunc[0m
    [36m| [0m[34m|[0m /* 9.450 */            )[0m
    [36m| [0m[34m|[0m /* 9.451 */            )[0m
    [36m| [0m[34m|[0m /* 9.452 */            [0m
    [36m| [0m[34m|[0m /* 9.453 */        }()[0m
    [36m| [0m[34m|[0m /* 9.454 */        [0m
    [36m| [0m[34m|[0m /* 9.455 */        [0m
    [36m| [0m[34m|[0m /* 9.456 */        { => let caseConfig = Configuration()[0m
    [36m| [0m[34m|[0m /* 9.457 */            [0m
    [36m| [0m[34m|[0m /* 9.458 */            let handshakeCryptoMatchesRfcVectorAndReturnsCanonicalFreshKeyShapeTestFunc = { => handshakeCryptoMatchesRfcVectorAndReturnsCanonicalFreshKeyShape();() }[0m
    [36m| [0m[34m|[0m /* 9.459 */            suiteBuilder.add([0m
    [36m| [0m[34m|[0m /* 9.460 */            UnitTestCase.create([0m
    [36m| [0m[34m|[0m /* 9.461 */            "handshakeCryptoMatchesRfcVectorAndReturnsCanonicalFreshKeyShape",[0m
    [36m| [0m[34m|[0m /* 9.462 */            configuration: caseConfig,[0m
    [36m| [0m[34m|[0m /* 9.463 */            body: handshakeCryptoMatchesRfcVectorAndReturnsCanonicalFreshKeyShapeTestFunc[0m
    [36m| [0m[34m|[0m /* 9.464 */            )[0m
    [36m| [0m[34m|[0m /* 9.465 */            )[0m
    [36m| [0m[34m|[0m /* 9.466 */            [0m
    [36m| [0m[34m|[0m /* 9.467 */        }()[0m
    [36m| [0m[34m|[0m /* 9.468 */        [0m
    [36m| [0m[34m|[0m /* 9.469 */        [0m
    [36m| [0m[34m|[0m /* 9.470 */        { => let caseConfig = Configuration()[0m
    [36m| [0m[34m|[0m /* 9.471 */            [0m
    [36m| [0m[34m|[0m /* 9.472 */            let framePayloadIsOwnedAndCloseInputIsStrictTestFunc = { => framePayloadIsOwnedAndCloseInputIsStrict();() }[0m
    [36m| [0m[34m|[0m /* 9.473 */            suiteBuilder.add([0m
    [36m| [0m[34m|[0m /* 9.474 */            UnitTestCase.create([0m
    [36m| [0m[34m|[0m /* 9.475 */            "framePayloadIsOwnedAndCloseInputIsStrict",[0m
    [36m| [0m[34m|[0m /* 9.476 */            configuration: caseConfig,[0m
    [36m| [0m[34m|[0m /* 9.477 */            body: framePayloadIsOwnedAndCloseInputIsStrictTestFunc[0m
    [36m| [0m[34m|[0m /* 9.478 */            )[0m
    [36m| [0m[34m|[0m /* 9.479 */            )[0m
    [36m| [0m[34m|[0m /* 9.480 */            [0m
    [36m| [0m[34m|[0m /* 9.481 */        }()[0m
    [36m| [0m[34m|[0m /* 9.482 */        [0m
    [36m| [0m[34m|[0m /* 9.483 */        [0m
    [36m| [0m[34m|[0m /* 9.484 */        { => let caseConfig = Configuration()[0m
    [36m| [0m[34m|[0m /* 9.485 */            [0m
    [36m| [0m[34m|[0m /* 9.486 */            let boundedDeterministicWireMutationsAreSplitInvariantAndFailClosedTestFunc = { => boundedDeterministicWireMutationsAreSplitInvariantAndFailClosed();() }[0m
    [36m| [0m[34m|[0m /* 9.487 */            suiteBuilder.add([0m
    [36m| [0m[34m|[0m /* 9.488 */            UnitTestCase.create([0m
    [36m| [0m[34m|[0m /* 9.489 */            "boundedDeterministicWireMutationsAreSplitInvariantAndFailClosed",[0m
    [36m| [0m[34m|[0m /* 9.490 */            configuration: caseConfig,[0m
    [36m| [0m[34m|[0m /* 9.491 */            body: boundedDeterministicWireMutationsAreSplitInvariantAndFailClosedTestFunc[0m
    [36m| [0m[34m|[0m /* 9.492 */            )[0m
    [36m| [0m[34m|[0m /* 9.493 */            )[0m
    [36m| [0m[34m|[0m /* 9.494 */            [0m
    [36m| [0m[34m|[0m /* 9.495 */        }()[0m
    [36m| [0m[34m|[0m /* 9.496 */        [0m
    [36m| [0m[34m|[0m /* 9.497 */        return suiteBuilder.build()[0m
    [36m| [0m[34m|[0m /* 9.498 */    }[0m
    [36m| [0m[34m|[0m /* 9.499 */    private func inheritedFromClassAnnotatedByTestTemplate < T >(): TestSuite where T <: TestClass {[0m
    [36m| [0m[34m|[0m /* 9.500 */        throw Exception("Unreachable code")[0m
    [36m| [0m[34m|[0m /* 9.501 */    }[0m
    [36m| [0m[34m|[0m /* 9.502 */}[0m
    [36m| [0m[34m|[0m /* 9.503 */[0m
    [36m| [0m[34m|[0m /* 9.504 */[0m
    [36m| [0m[34m|[0m /* 9.505 */interface TestPackageExtension_WebSocketConnectionTest {[0m
    [36m| [0m[34m|[0m /* 9.506 */    func registerWebSocketConnectionTest(): Unit[0m
    [36m| [0m[34m|[0m /* 9.507 */}[0m
    [36m| [0m[34m|[0m /* 9.508 */extend TestPackage <: TestPackageExtension_WebSocketConnectionTest {[0m
    [36m| [0m[34m|[0m /* 9.509 */    @Attribute[TEST_REGISTER][0m
    [36m| [0m[34m|[0m /* 9.510 */    public func registerWebSocketConnectionTest() {[0m
    [36m| [0m[34m|[0m /* 9.511 */        registerSuite({ => WebSocketConnectionTest().asTestSuite() })[0m
    [36m| [0m[34m|[0m /* 9.512 */    }[0m
    [36m| [0m[34m|[0m /* 9.513 */}[0m
    [36m| [0m[34m|[0m /* 9.514 */[0m
    [36m| [0m[34m|[0m[34m_[0m[34m__________^[0m
    [36m| [0m
[34mnote[0m: the warning occurs after the macro is expanded
   [36m==>[0m <repo-root>-pr-worktrees/M8-005-publication/src/http/websocket_test.cj:9:1:
    [36m| [0m
[36m9[0m   [36m| [0m  @Test[0m
    [36m| [0m [34m_[0m[34m^[0m
[36m10[0m  [36m| [0m[34m|[0m class WebSocketConnectionTest {[0m
    [36m| [0m[34m|[0m ...[0m
[36m262[0m [36m| [0m[34m|[0m }[0m
    [36m| [0m[34m|[0m[34m_[0m[34m^[0m
    [36m| [0m

[33mwarning[0m: unreachable block in 'if' expression
   [36m| [0m
   [36m| [0m  /* 9.48 */                    if(e is AssertIntermediateException) {[0m
   [36m| [0m [33m_[0m[33m___________________________________________________________________^[0m
   [36m| [0m[33m|[0m /* 9.49 */                        throw e[0m
   [36m| [0m[33m|[0m /* 9.50 */                    }[0m
   [36m| [0m[33m|[0m[33m_[0m[33m______________________________^ unreachable block in 'if' expression[0m
   [36m| [0m
   [36m#[0m [0mnote[0m: this warning can be suppressed by setting the compiler option `-Woff unused`
[34mnote[0m: the warning occurs after the macro is expanded
   [36m==>[0m <repo-root>-pr-worktrees/M8-005-publication/src/http/websocket_test.cj:9:1:
    [36m| [0m
[36m9[0m   [36m| [0m  @Test[0m
    [36m| [0m [34m_[0m[34m^[0m
[36m10[0m  [36m| [0m[34m|[0m class WebSocketConnectionTest {[0m
    [36m| [0m[34m|[0m ...[0m
[36m262[0m [36m| [0m[34m|[0m }[0m
    [36m| [0m[34m|[0m[34m_[0m[34m^[0m
    [36m| [0m

[33mwarning[0m: unreachable block in 'if' expression
   [36m| [0m
   [36m| [0m  /* 9.51 */                    if(e is UnittestTimeoutException) {[0m
   [36m| [0m [33m_[0m[33m________________________________________________________________^[0m
   [36m| [0m[33m|[0m /* 9.52 */                        throw e[0m
   [36m| [0m[33m|[0m /* 9.53 */                    }[0m
   [36m| [0m[33m|[0m[33m_[0m[33m______________________________^ unreachable block in 'if' expression[0m
   [36m| [0m
   [36m#[0m [0mnote[0m: this warning can be suppressed by setting the compiler option `-Woff unused`
[34mnote[0m: the warning occurs after the macro is expanded
   [36m==>[0m <repo-root>-pr-worktrees/M8-005-publication/src/http/websocket_test.cj:9:1:
    [36m| [0m
[36m9[0m   [36m| [0m  @Test[0m
    [36m| [0m [34m_[0m[34m^[0m
[36m10[0m  [36m| [0m[34m|[0m class WebSocketConnectionTest {[0m
    [36m| [0m[34m|[0m ...[0m
[36m262[0m [36m| [0m[34m|[0m }[0m
    [36m| [0m[34m|[0m[34m_[0m[34m^[0m
    [36m| [0m

[33mwarning[0m: unreachable block in 'if' expression
   [36m| [0m
   [36m| [0m  /* 7.62 */                if(e is AssertException) {[0m
   [36m| [0m [33m_[0m[33m___________________________________________________^[0m
   [36m| [0m[33m|[0m /* 7.63 */                    throw e[0m
   [36m| [0m[33m|[0m /* 7.64 */                }[0m
   [36m| [0m[33m|[0m[33m_[0m[33m__________________________^ unreachable block in 'if' expression[0m
   [36m| [0m
   [36m#[0m [0mnote[0m: this warning can be suppressed by setting the compiler option `-Woff unused`
[34mnote[0m: the code after the macro is expanded as follows
    [36m| [0m
    [36m| [0m  /* 7.1 */@Attribute[TEST_GENERATED] class MultipartTest <: TestClass {[0m
    [36m| [0m [34m_[0m[34m^[0m
    [36m| [0m[34m|[0m /* 7.2 */    @Attribute[TestCase_74][0m
    [36m| [0m[34m|[0m /* 7.3 */    func writerStreamsExactBinaryFramingAndReplaysIndependently(): Unit {[0m
    [36m| [0m[34m|[0m /* 7.4 */        let writer = MultipartWriter("wirestack-boundary").add(MultipartPart("text", "value".toArray(), contentType: "text/plain")).add(MultipartPart("file",[0u8, 255u8, 13u8, 10u8, 1u8], filename: Some("bytes.bin")))[0m
    [36m| [0m[34m|[0m /* 7.5 */        let body = writer.body(maximumBytes: 4096)[0m
    [36m| [0m[34m|[0m /* 7.6 */        expectEqual("body.replayability", "BodyReplayability.Replayable", body.replayability, BodyReplayability.Replayable, isDelta: false)[0m
    [36m| [0m[34m|[0m /* 7.7 */        let first = readMultipartStream(body.open(), 3)[0m
    [36m| [0m[34m|[0m /* 7.8 */        let second = readMultipartStream(body.open(), 7)[0m
    [36m| [0m[34m|[0m /* 7.9 */        expectEqual("first", "second", first, second, isDelta: false)[0m
    [36m| [0m[34m|[0m /* 7.10 */        expectEqual("first", "joinMultipartBytes([\"--wirestack-boundary\\r\\n\".toArray(), \"Content-Disposition: form-data; name=\\\"text\\\"\\r\\n\".toArray(), \"Content-Type: text/plain\\r\\n\\r\\n\".toArray(), \"value\\r\\n\".toArray(), \"--wirestack-boundary\\r\\n\".toArray(), \"Content-Disposition: form-data; name=\\\"file\\\"; filename=\\\"bytes.bin\\\"\\r\\n\".toArray(), \"Content-Type: application/octet-stream\\r\\n\\r\\n\".toArray(),[0u8, 255u8, 13u8, 10u8, 1u8], \"\\r\\n--wirestack-boundary--\\r\\n\".toArray()])", first, joinMultipartBytes(["--wirestack-boundary\r\n".toArray(), "Content-Disposition: form-data; name=\"text\"\r\n".toArray(), "Content-Type: text/plain\r\n\r\n".toArray(), "value\r\n".toArray(), "--wirestack-boundary\r\n".toArray(), "Content-Disposition: form-data; name=\"file\"; filename=\"bytes.bin\"\r\n".toArray(), "Content-Type: application/octet-stream\r\n\r\n".toArray(),[0u8, 255u8, 13u8, 10u8, 1u8], "\r\n--wirestack-boundary--\r\n".toArray()]), isDelta: false)[0m
    [36m| [0m[34m|[0m /* 7.11 */    }[0m
    [36m| [0m[34m|[0m /* 7.12 */    [0m
    [36m| [0m[34m|[0m /* 7.13 */    @Attribute[TestCase_75][0m
    [36m| [0m[34m|[0m /* 7.14 */    func boundarySeparatorsRoundtripThroughContentTypeAndBody(): Unit {[0m
    [36m| [0m[34m|[0m /* 7.15 */        let writer = MultipartWriter("upload:part/with=separators?").add(MultipartPart("field", "value".toArray()))[0m
    [36m| [0m[34m|[0m /* 7.16 */        expectEqual("writer.contentType()", "\"multipart/form-data; boundary=\\\"upload:part/with=separators?\\\"\"", writer.contentType(), "multipart/form-data; boundary=\"upload:part/with=separators?\"", isDelta: false)[0m
    [36m| [0m[34m|[0m /* 7.17 */        let reader = MultipartReader(ResponseBody(writer.body().open()), boundaryFromMultipartContentType(writer.contentType()))[0m
    [36m| [0m[34m|[0m /* 7.18 */        try {[0m
    [36m| [0m[34m|[0m /* 7.19 */            let part = reader.next().getOrThrow()[0m
    [36m| [0m[34m|[0m /* 7.20 */            expectEqual("readMultipartStream(part.body, 3)", "\"value\".toArray()", readMultipartStream(part.body, 3), "value".toArray(), isDelta: false)[0m
    [36m| [0m[34m|[0m /* 7.21 */            part.close()[0m
    [36m| [0m[34m|[0m /* 7.22 */            expectEqual("reader.next().isNone()", "true", reader.next().isNone(), true, isDelta: false)[0m
    [36m| [0m[34m|[0m /* 7.23 */        } finally {[0m
    [36m| [0m[34m|[0m /* 7.24 */            reader.close()[0m
    [36m| [0m[34m|[0m /* 7.25 */        }[0m
    [36m| [0m[34m|[0m /* 7.26 */    }[0m
    [36m| [0m[34m|[0m /* 7.27 */    [0m
    [36m| [0m[34m|[0m /* 7.28 */    @Attribute[TestCase_76][0m
    [36m| [0m[34m|[0m /* 7.29 */    func readerPreservesBinaryWhenEveryDelimiterIsSplitAcrossReads(): Unit {[0m
    [36m| [0m[34m|[0m /* 7.30 */        let encoded = joinMultipartBytes(["--b123\r\n".toArray(), "Content-Disposition: form-data; name=\"first\"\r\n\r\n".toArray(),[0u8, 1u8, 13u8, 10u8], "--b123X".toArray(),[255u8], "\r\n--b123\r\n".toArray(), "Content-Disposition: form-data; name=\"second\"; filename=\"x.bin\"\r\n".toArray(), "Content-Type: application/octet-stream\r\n\r\n".toArray(),[9u8, 8u8, 7u8], "\r\n--b123--\r\n".toArray()])[0m
    [36m| [0m[34m|[0m /* 7.31 */        let response = ResponseBody(SplitMultipartStream(encoded, 1))[0m
    [36m| [0m[34m|[0m /* 7.32 */        let reader = MultipartReader(response, "b123", limits: MultipartLimits(maximumPartBytes: 1024, maximumBodyBytes: 4096, readBufferBytes: 4))[0m
    [36m| [0m[34m|[0m /* 7.33 */        let first = reader.next().getOrThrow()[0m
    [36m| [0m[34m|[0m /* 7.34 */        expectEqual("first.name", "\"first\"", first.name, "first", isDelta: false)[0m
    [36m| [0m[34m|[0m /* 7.35 */        expectEqual("first.filename.isNone()", "true", first.filename.isNone(), true, isDelta: false)[0m
    [36m| [0m[34m|[0m /* 7.36 */        expectEqual("readMultipartStream(first.body, 2)", "joinMultipartBytes([[0u8, 1u8, 13u8, 10u8], \"--b123X\".toArray(),[255u8]])", readMultipartStream(first.body, 2), joinMultipartBytes([[0u8, 1u8, 13u8, 10u8], "--b123X".toArray(),[255u8]]), isDelta: false)[0m
    [36m| [0m[34m|[0m /* 7.37 */        first.close()[0m
    [36m| [0m[34m|[0m /* 7.38 */        let second = reader.next().getOrThrow()[0m
    [36m| [0m[34m|[0m /* 7.39 */        expectEqual("second.name", "\"second\"", second.name, "second", isDelta: false)[0m
    [36m| [0m[34m|[0m /* 7.40 */        expectEqual("second.filename", "Some(\"x.bin\")", second.filename, Some("x.bin"), isDelta: false)[0m
    [36m| [0m[34m|[0m /* 7.41 */        expectEqual("readMultipartStream(second.body, 2)", "[9u8, 8u8, 7u8]", readMultipartStream(second.body, 2),[9u8, 8u8, 7u8], isDelta: false)[0m
    [36m| [0m[34m|[0m /* 7.42 */        second.close()[0m
    [36m| [0m[34m|[0m /* 7.43 */        expectEqual("reader.next().isNone()", "true", reader.next().isNone(), true, isDelta: false)[0m
    [36m| [0m[34m|[0m /* 7.44 */        expectEqual("reader.isClosed()", "true", reader.isClosed(), true, isDelta: false)[0m
    [36m| [0m[34m|[0m /* 7.45 */    }[0m
    [36m| [0m[34m|[0m /* 7.46 */    [0m
    [36m| [0m[34m|[0m /* 7.47 */    @Attribute[TestCase_77][0m
    [36m| [0m[34m|[0m /* 7.48 */    func closingPartDiscardsOnlyThatPartAndReleasesNextPart(): Unit {[0m
    [36m| [0m[34m|[0m /* 7.49 */        let encoded = MultipartWriter("discard-boundary").add(MultipartPart("discard", Array < Byte >(257, { index =>[0m
    [36m| [0m[34m|[0m /* 7.50 */            UInt8(index % 251)[0m
    [36m| [0m[34m|[0m /* 7.51 */        }))).add(MultipartPart("keep", "kept".toArray())).body(maximumBytes: 4096)[0m
    [36m| [0m[34m|[0m /* 7.52 */        let reader = MultipartReader(ResponseBody(encoded.open()), "discard-boundary", limits: MultipartLimits(maximumPartBytes: 1024, maximumBodyBytes: 4096, readBufferBytes: 8))[0m
    [36m| [0m[34m|[0m /* 7.53 */        let discarded = reader.next().getOrThrow()[0m
    [36m| [0m[34m|[0m /* 7.54 */        let prefix = Array < Byte >(3, repeat: 0u8)[0m
    [36m| [0m[34m|[0m /* 7.55 */        expectEqual("discarded.body.read(prefix)", "3", discarded.body.read(prefix), 3, isDelta: false)[0m
    [36m| [0m[34m|[0m /* 7.56 */        let activeError = try {[0m
    [36m| [0m[34m|[0m /* 7.57 */            try {[0m
    [36m| [0m[34m|[0m /* 7.58 */                assertEqual("true", "true", true, true)[0m
    [36m| [0m[34m|[0m /* 7.59 */                reader.next()[0m
    [36m| [0m[34m|[0m /* 7.60 */                fail("@AssertThrows: Expected 'MultipartException' was not caught.")[0m
    [36m| [0m[34m|[0m /* 7.61 */            } catch(e: MultipartException) {[0m
    [36m| [0m[34m|[0m /* 7.62 */                if(e is AssertException) {[0m
    [36m| [0m[34m|[0m /* 7.63 */                    throw e[0m
    [36m| [0m[34m|[0m /* 7.64 */                }[0m
    [36m| [0m[34m|[0m /* 7.65 */                if(e is AssertIntermediateException) {[0m
    [36m| [0m[34m|[0m /* 7.66 */                    throw e[0m
    [36m| [0m[34m|[0m /* 7.67 */                }[0m
    [36m| [0m[34m|[0m /* 7.68 */                if(e is UnittestTimeoutException) {[0m
    [36m| [0m[34m|[0m /* 7.69 */                    throw e[0m
    [36m| [0m[34m|[0m /* 7.70 */                }[0m
    [36m| [0m[34m|[0m /* 7.71 */                e[0m
    [36m| [0m[34m|[0m /* 7.72 */            }[0m
    [36m| [0m[34m|[0m /* 7.73 */        } catch(e: Exception) {[0m
    [36m| [0m[34m|[0m /* 7.74 */            if(e is AssertException || e is AssertIntermediateException || e is UnittestTimeoutException) {[0m
    [36m| [0m[34m|[0m /* 7.75 */                throw e[0m
    [36m| [0m[34m|[0m /* 7.76 */            }[0m
    [36m| [0m[34m|[0m /* 7.77 */            assertCaughtUnexpectedE("@AssertThrows(MultipartException)", "MultipartException", e.toString())[0m
    [36m| [0m[34m|[0m /* 7.78 */        }[0m
    [36m| [0m[34m|[0m /* 7.79 */        [0m
    [36m| [0m[34m|[0m /* 7.80 */        expectEqual("activeError.code", "MultipartErrorCode.ActivePart", activeError.code, MultipartErrorCode.ActivePart, isDelta: false)[0m
    [36m| [0m[34m|[0m /* 7.81 */        discarded.close()[0m
    [36m| [0m[34m|[0m /* 7.82 */        let kept = reader.next().getOrThrow()[0m
    [36m| [0m[34m|[0m /* 7.83 */        expectEqual("readMultipartStream(kept.body, 1)", "\"kept\".toArray()", readMultipartStream(kept.body, 1), "kept".toArray(), isDelta: false)[0m
    [36m| [0m[34m|[0m /* 7.84 */        kept.close()[0m
    [36m| [0m[34m|[0m /* 7.85 */        expectEqual("reader.next().isNone()", "true", reader.next().isNone(), true, isDelta: false)[0m
    [36m| [0m[34m|[0m /* 7.86 */    }[0m
    [36m| [0m[34m|[0m /* 7.87 */    [0m
    [36m| [0m[34m|[0m /* 7.88 */    @Attribute[TestCase_78][0m
    [36m| [0m[34m|[0m /* 7.89 */    func malformedAndConfiguredLimitsCloseOwnedSource(): Unit {[0m
    [36m| [0m[34m|[0m /* 7.90 */        let malformedResponse = ResponseBody(SplitMultipartStream("--bad\r\nContent-Disposition: form-data; name=\"x\"\r\n\r\npayload".toArray(), 2))[0m
    [36m| [0m[34m|[0m /* 7.91 */        let malformed = MultipartReader(malformedResponse, "bad", limits: MultipartLimits(maximumPartBytes: 64, maximumBodyBytes: 256, readBufferBytes: 4))[0m
    [36m| [0m[34m|[0m /* 7.92 */        let part = malformed.next().getOrThrow()[0m
    [36m| [0m[34m|[0m /* 7.93 */        try {[0m
    [36m| [0m[34m|[0m /* 7.94 */            try {[0m
    [36m| [0m[34m|[0m /* 7.95 */                assertEqual("true", "true", true, true)[0m
    [36m| [0m[34m|[0m /* 7.96 */                readMultipartStream(part.body, 3)[0m
    [36m| [0m[34m|[0m /* 7.97 */                fail("@AssertThrows: Expected 'MultipartException' was not caught.")[0m
    [36m| [0m[34m|[0m /* 7.98 */            } catch(e: MultipartException) {[0m
    [36m| [0m[34m|[0m /* 7.99 */                if(e is AssertException) {[0m
    [36m| [0m[34m|[0m /* 7.100 */                    throw e[0m
    [36m| [0m[34m|[0m /* 7.101 */                }[0m
    [36m| [0m[34m|[0m /* 7.102 */                if(e is AssertIntermediateException) {[0m
    [36m| [0m[34m|[0m /* 7.103 */                    throw e[0m
    [36m| [0m[34m|[0m /* 7.104 */                }[0m
    [36m| [0m[34m|[0m /* 7.105 */                if(e is UnittestTimeoutException) {[0m
    [36m| [0m[34m|[0m /* 7.106 */                    throw e[0m
    [36m| [0m[34m|[0m /* 7.107 */                }[0m
    [36m| [0m[34m|[0m /* 7.108 */                e[0m
    [36m| [0m[34m|[0m /* 7.109 */            }[0m
    [36m| [0m[34m|[0m /* 7.110 */        } catch(e: Exception) {[0m
    [36m| [0m[34m|[0m /* 7.111 */            if(e is AssertException || e is AssertIntermediateException || e is UnittestTimeoutException) {[0m
    [36m| [0m[34m|[0m /* 7.112 */                throw e[0m
    [36m| [0m[34m|[0m /* 7.113 */            }[0m
    [36m| [0m[34m|[0m /* 7.114 */            assertCaughtUnexpectedE("@AssertThrows(MultipartException)", "MultipartException", e.toString())[0m
    [36m| [0m[34m|[0m /* 7.115 */        }[0m
    [36m| [0m[34m|[0m /* 7.116 */        expectEqual("malformedResponse.isClosed()", "true", malformedResponse.isClosed(), true, isDelta: false)[0m
    [36m| [0m[34m|[0m /* 7.117 */        let oversizedResponse = ResponseBody(SplitMultipartStream(Array < Byte >(65, repeat: 1u8), 4))[0m
    [36m| [0m[34m|[0m /* 7.118 */        let error = try {[0m
    [36m| [0m[34m|[0m /* 7.119 */            try {[0m
    [36m| [0m[34m|[0m /* 7.120 */                assertEqual("true", "true", true, true)[0m
    [36m| [0m[34m|[0m /* 7.121 */                MultipartReader(oversizedResponse, "b", limits: MultipartLimits(maximumPartBytes: 32, maximumBodyBytes: 64, readBufferBytes: 4))[0m
    [36m| [0m[34m|[0m /* 7.122 */                fail("@AssertThrows: Expected 'MultipartException' was not caught.")[0m
    [36m| [0m[34m|[0m /* 7.123 */            } catch(e: MultipartException) {[0m
    [36m| [0m[34m|[0m /* 7.124 */                if(e is AssertException) {[0m
    [36m| [0m[34m|[0m /* 7.125 */                    throw e[0m
    [36m| [0m[34m|[0m /* 7.126 */                }[0m
    [36m| [0m[34m|[0m /* 7.127 */                if(e is AssertIntermediateException) {[0m
    [36m| [0m[34m|[0m /* 7.128 */                    throw e[0m
    [36m| [0m[34m|[0m /* 7.129 */                }[0m
    [36m| [0m[34m|[0m /* 7.130 */                if(e is UnittestTimeoutException) {[0m
    [36m| [0m[34m|[0m /* 7.131 */                    throw e[0m
    [36m| [0m[34m|[0m /* 7.132 */                }[0m
    [36m| [0m[34m|[0m /* 7.133 */                e[0m
    [36m| [0m[34m|[0m /* 7.134 */            }[0m
    [36m| [0m[34m|[0m /* 7.135 */        } catch(e: Exception) {[0m
    [36m| [0m[34m|[0m /* 7.136 */            if(e is AssertException || e is AssertIntermediateException || e is UnittestTimeoutException) {[0m
    [36m| [0m[34m|[0m /* 7.137 */                throw e[0m
    [36m| [0m[34m|[0m /* 7.138 */            }[0m
    [36m| [0m[34m|[0m /* 7.139 */            assertCaughtUnexpectedE("@AssertThrows(MultipartException)", "MultipartException", e.toString())[0m
    [36m| [0m[34m|[0m /* 7.140 */        }[0m
    [36m| [0m[34m|[0m /* 7.141 */        [0m
    [36m| [0m[34m|[0m /* 7.142 */        expectEqual("error.code", "MultipartErrorCode.BodyBytesLimitExceeded", error.code, MultipartErrorCode.BodyBytesLimitExceeded, isDelta: false)[0m
    [36m| [0m[34m|[0m /* 7.143 */        expectEqual("oversizedResponse.isClosed()", "true", oversizedResponse.isClosed(), true, isDelta: false)[0m
    [36m| [0m[34m|[0m /* 7.144 */    }[0m
    [36m| [0m[34m|[0m /* 7.145 */    [0m
    [36m| [0m[34m|[0m /* 7.146 */    @Attribute[TestCase_79][0m
    [36m| [0m[34m|[0m /* 7.147 */    func partCountLimitRejectsBeforeParsingUnboundedAdditionalMetadata(): Unit {[0m
    [36m| [0m[34m|[0m /* 7.148 */        let body = MultipartWriter("count-boundary").add(MultipartPart("one", "1".toArray())).add(MultipartPart("two", "2".toArray())).body(maximumBytes: 4096)[0m
    [36m| [0m[34m|[0m /* 7.149 */        let reader = MultipartReader(ResponseBody(body.open()), "count-boundary", limits: MultipartLimits(maximumParts: 1, maximumPartBytes: 64, maximumBodyBytes: 4096, readBufferBytes: 4))[0m
    [36m| [0m[34m|[0m /* 7.150 */        let first = reader.next().getOrThrow()[0m
    [36m| [0m[34m|[0m /* 7.151 */        expectEqual("readMultipartStream(first.body, 1)", "\"1\".toArray()", readMultipartStream(first.body, 1), "1".toArray(), isDelta: false)[0m
    [36m| [0m[34m|[0m /* 7.152 */        first.close()[0m
    [36m| [0m[34m|[0m /* 7.153 */        let error = try {[0m
    [36m| [0m[34m|[0m /* 7.154 */            try {[0m
    [36m| [0m[34m|[0m /* 7.155 */                assertEqual("true", "true", true, true)[0m
    [36m| [0m[34m|[0m /* 7.156 */                reader.next()[0m
    [36m| [0m[34m|[0m /* 7.157 */                fail("@AssertThrows: Expected 'MultipartException' was not caught.")[0m
    [36m| [0m[34m|[0m /* 7.158 */            } catch(e: MultipartException) {[0m
    [36m| [0m[34m|[0m /* 7.159 */                if(e is AssertException) {[0m
    [36m| [0m[34m|[0m /* 7.160 */                    throw e[0m
    [36m| [0m[34m|[0m /* 7.161 */                }[0m
    [36m| [0m[34m|[0m /* 7.162 */                if(e is AssertIntermediateException) {[0m
    [36m| [0m[34m|[0m /* 7.163 */                    throw e[0m
    [36m| [0m[34m|[0m /* 7.164 */                }[0m
    [36m| [0m[34m|[0m /* 7.165 */                if(e is UnittestTimeoutException) {[0m
    [36m| [0m[34m|[0m /* 7.166 */                    throw e[0m
    [36m| [0m[34m|[0m /* 7.167 */                }[0m
    [36m| [0m[34m|[0m /* 7.168 */                e[0m
    [36m| [0m[34m|[0m /* 7.169 */            }[0m
    [36m| [0m[34m|[0m /* 7.170 */        } catch(e: Exception) {[0m
    [36m| [0m[34m|[0m /* 7.171 */            if(e is AssertException || e is AssertIntermediateException || e is UnittestTimeoutException) {[0m
    [36m| [0m[34m|[0m /* 7.172 */                throw e[0m
    [36m| [0m[34m|[0m /* 7.173 */            }[0m
    [36m| [0m[34m|[0m /* 7.174 */            assertCaughtUnexpectedE("@AssertThrows(MultipartException)", "MultipartException", e.toString())[0m
    [36m| [0m[34m|[0m /* 7.175 */        }[0m
    [36m| [0m[34m|[0m /* 7.176 */        [0m
    [36m| [0m[34m|[0m /* 7.177 */        expectEqual("error.code", "MultipartErrorCode.PartLimitExceeded", error.code, MultipartErrorCode.PartLimitExceeded, isDelta: false)[0m
    [36m| [0m[34m|[0m /* 7.178 */        expectEqual("reader.isClosed()", "true", reader.isClosed(), true, isDelta: false)[0m
    [36m| [0m[34m|[0m /* 7.179 */    }[0m
    [36m| [0m[34m|[0m /* 7.180 */    [0m
    [36m| [0m[34m|[0m /* 7.181 */    @Attribute[TestCase_80][0m
    [36m| [0m[34m|[0m /* 7.182 */    func boundedDeterministicWireMutationsAreChunkIndependent(): Unit {[0m
    [36m| [0m[34m|[0m /* 7.183 */        let replacements: Array < Byte >=[0u8, 9u8, 10u8, 13u8, 34u8, 45u8, 59u8, 127u8, 255u8][0m
    [36m| [0m[34m|[0m /* 7.184 */        var cases: Int64 = 0[0m
    [36m| [0m[34m|[0m /* 7.185 */        var accepted: Int64 = 0[0m
    [36m| [0m[34m|[0m /* 7.186 */        var rejected: Int64 = 0[0m
    [36m| [0m[34m|[0m /* 7.187 */        var truncations: Int64 = 0[0m
    [36m| [0m[34m|[0m /* 7.188 */        var deletions: Int64 = 0[0m
    [36m| [0m[34m|[0m /* 7.189 */        var byteMutations: Int64 = 0[0m
    [36m| [0m[34m|[0m /* 7.190 */        var delimiterPaddings: Int64 = 0[0m
    [36m| [0m[34m|[0m /* 7.191 */        var boundaryMutations: Int64 = 0[0m
    [36m| [0m[34m|[0m /* 7.192 */        for(seed in m8005MultipartSeeds()) {[0m
    [36m| [0m[34m|[0m /* 7.193 */            let baseline = m8005AssertChunkIndependent(seed.wire, seed.boundary)[0m
    [36m| [0m[34m|[0m /* 7.194 */            m8005ExpectAccepted(baseline, seed.expected)[0m
    [36m| [0m[34m|[0m /* 7.195 */            cases ++[0m
    [36m| [0m[34m|[0m /* 7.196 */            accepted ++[0m
    [36m| [0m[34m|[0m /* 7.197 */            for(length in 0 .. seed.wire.size) {[0m
    [36m| [0m[34m|[0m /* 7.198 */                let observed = m8005AssertChunkIndependent(m8005MultipartPrefix(seed.wire, length), seed.boundary)[0m
    [36m| [0m[34m|[0m /* 7.199 */                cases ++[0m
    [36m| [0m[34m|[0m /* 7.200 */                truncations ++[0m
    [36m| [0m[34m|[0m /* 7.201 */                if(observed.terminal.isNone()) {[0m
    [36m| [0m[34m|[0m /* 7.202 */                    accepted ++[0m
    [36m| [0m[34m|[0m /* 7.203 */                }[0m
    [36m| [0m[34m|[0m /* 7.204 */                else {[0m
    [36m| [0m[34m|[0m /* 7.205 */                    rejected ++[0m
    [36m| [0m[34m|[0m /* 7.206 */                }[0m
    [36m| [0m[34m|[0m /* 7.207 */            }[0m
    [36m| [0m[34m|[0m /* 7.208 */            for(index in 0 .. seed.wire.size) {[0m
    [36m| [0m[34m|[0m /* 7.209 */                let observed = m8005AssertChunkIndependent(m8005MultipartDelete(seed.wire, index), seed.boundary)[0m
    [36m| [0m[34m|[0m /* 7.210 */                cases ++[0m
    [36m| [0m[34m|[0m /* 7.211 */                deletions ++[0m
    [36m| [0m[34m|[0m /* 7.212 */                if(observed.terminal.isNone()) {[0m
    [36m| [0m[34m|[0m /* 7.213 */                    accepted ++[0m
    [36m| [0m[34m|[0m /* 7.214 */                }[0m
    [36m| [0m[34m|[0m /* 7.215 */                else {[0m
    [36m| [0m[34m|[0m /* 7.216 */                    rejected ++[0m
    [36m| [0m[34m|[0m /* 7.217 */                }[0m
    [36m| [0m[34m|[0m /* 7.218 */                for(replacement in replacements) {[0m
    [36m| [0m[34m|[0m /* 7.219 */                    if(seed.wire[index] == replacement) {[0m
    [36m| [0m[34m|[0m /* 7.220 */                        continue[0m
    [36m| [0m[34m|[0m /* 7.221 */                    }[0m
    [36m| [0m[34m|[0m /* 7.222 */                    let mutated = seed.wire.clone()[0m
    [36m| [0m[34m|[0m /* 7.223 */                    mutated[index] = replacement[0m
    [36m| [0m[34m|[0m /* 7.224 */                    let replaced = m8005AssertChunkIndependent(mutated, seed.boundary)[0m
    [36m| [0m[34m|[0m /* 7.225 */                    cases ++[0m
    [36m| [0m[34m|[0m /* 7.226 */                    byteMutations ++[0m
    [36m| [0m[34m|[0m /* 7.227 */                    if(replaced.terminal.isNone()) {[0m
    [36m| [0m[34m|[0m /* 7.228 */                        accepted ++[0m
    [36m| [0m[34m|[0m /* 7.229 */                    }[0m
    [36m| [0m[34m|[0m /* 7.230 */                    else {[0m
    [36m| [0m[34m|[0m /* 7.231 */                        rejected ++[0m
    [36m| [0m[34m|[0m /* 7.232 */                    }[0m
    [36m| [0m[34m|[0m /* 7.233 */                }[0m
    [36m| [0m[34m|[0m /* 7.234 */            }[0m
    [36m| [0m[34m|[0m /* 7.235 */            let delimiter = "--${seed.boundary}".toArray()[0m
    [36m| [0m[34m|[0m /* 7.236 */            for(index in m8005MultipartOccurrences(seed.wire, delimiter)) {[0m
    [36m| [0m[34m|[0m /* 7.237 */                for(padding in[b' ', b'\t']) {[0m
    [36m| [0m[34m|[0m /* 7.238 */                    let observed = m8005AssertChunkIndependent(m8005MultipartInsert(seed.wire, index + delimiter.size, padding), seed.boundary)[0m
    [36m| [0m[34m|[0m /* 7.239 */                    cases ++[0m
    [36m| [0m[34m|[0m /* 7.240 */                    delimiterPaddings ++[0m
    [36m| [0m[34m|[0m /* 7.241 */                    if(observed.terminal.isNone()) {[0m
    [36m| [0m[34m|[0m /* 7.242 */                        accepted ++[0m
    [36m| [0m[34m|[0m /* 7.243 */                    }[0m
    [36m| [0m[34m|[0m /* 7.244 */                    else {[0m
    [36m| [0m[34m|[0m /* 7.245 */                        rejected ++[0m
    [36m| [0m[34m|[0m /* 7.246 */                    }[0m
    [36m| [0m[34m|[0m /* 7.247 */                }[0m
    [36m| [0m[34m|[0m /* 7.248 */            }[0m
    [36m| [0m[34m|[0m /* 7.249 */            let longBoundary = String.fromUtf8(Array < Byte >(71, repeat: b'a'))[0m
    [36m| [0m[34m|[0m /* 7.250 */            for(boundary in["", "${seed.boundary}x", "bad boundary", "bad\u{007f}", longBoundary, "aaaaaa?"]) {[0m
    [36m| [0m[34m|[0m /* 7.251 */                let observed = m8005AssertChunkIndependent(seed.wire, boundary)[0m
    [36m| [0m[34m|[0m /* 7.252 */                cases ++[0m
    [36m| [0m[34m|[0m /* 7.253 */                boundaryMutations ++[0m
    [36m| [0m[34m|[0m /* 7.254 */                if(observed.terminal.isNone()) {[0m
    [36m| [0m[34m|[0m /* 7.255 */                    accepted ++[0m
    [36m| [0m[34m|[0m /* 7.256 */                }[0m
    [36m| [0m[34m|[0m /* 7.257 */                else {[0m
    [36m| [0m[34m|[0m /* 7.258 */                    rejected ++[0m
    [36m| [0m[34m|[0m /* 7.259 */                }[0m
    [36m| [0m[34m|[0m /* 7.260 */            }[0m
    [36m| [0m[34m|[0m /* 7.261 */        }[0m
    [36m| [0m[34m|[0m /* 7.262 */        println("M8005_FUZZ target=multipart seeds=2 schedules=4 replacements=${replacements.size} " + "truncations=${truncations} deletions=${deletions} byte_mutations=${byteMutations} " + "delimiter_padding=${delimiterPaddings} boundary_inputs=${boundaryMutations} " + "cases=${cases} executions=${cases * 4} accepted=${accepted} rejected=${rejected} " + "decision=PASS")[0m
    [36m| [0m[34m|[0m /* 7.263 */    }[0m
    [36m| [0m[34m|[0m /* 7.264 */    [0m
    [36m| [0m[34m|[0m /* 7.265 */    @Attribute[TestCase_81][0m
    [36m| [0m[34m|[0m /* 7.266 */    func deterministicMutationHarnessEnforcesSmallLimitsAndOwnedClosure(): Unit {[0m
    [36m| [0m[34m|[0m /* 7.267 */        let limits = m8005MultipartLimits()[0m
    [36m| [0m[34m|[0m /* 7.268 */        let payloadLimited = joinMultipartBytes(["--limit\r\nContent-Disposition: form-data; name=\"payload\"\r\n\r\n".toArray(), Array < Byte >(97, repeat: 1u8), "\r\n--limit--\r\n".toArray()])[0m
    [36m| [0m[34m|[0m /* 7.269 */        expectEqual("m8005AssertChunkIndependentWithLimits(payloadLimited, \"limit\", limits).terminal", "Some(MultipartErrorCode.PartBytesLimitExceeded)", m8005AssertChunkIndependentWithLimits(payloadLimited, "limit", limits).terminal, Some(MultipartErrorCode.PartBytesLimitExceeded), isDelta: false)[0m
    [36m| [0m[34m|[0m /* 7.270 */        let headerLimited = joinMultipartBytes(["--limit\r\nContent-Disposition: form-data; name=\"headers\"\r\nX-Pad: ".toArray(), Array < Byte >(193, repeat: b'a'), "\r\n\r\nx\r\n--limit--\r\n".toArray()])[0m
    [36m| [0m[34m|[0m /* 7.271 */        expectEqual("m8005AssertChunkIndependentWithLimits(headerLimited, \"limit\", limits).terminal", "Some(MultipartErrorCode.HeaderLimitExceeded)", m8005AssertChunkIndependentWithLimits(headerLimited, "limit", limits).terminal, Some(MultipartErrorCode.HeaderLimitExceeded), isDelta: false)[0m
    [36m| [0m[34m|[0m /* 7.272 */        let tooManyParts = joinMultipartBytes(["--limit\r\nContent-Disposition: form-data; name=\"one\"\r\n\r\n1\r\n".toArray(), "--limit\r\nContent-Disposition: form-data; name=\"two\"\r\n\r\n2\r\n".toArray(), "--limit\r\nContent-Disposition: form-data; name=\"three\"\r\n\r\n3\r\n".toArray(), "--limit\r\nContent-Disposition: form-data; name=\"four\"\r\n\r\n4\r\n".toArray(), "--limit--\r\n".toArray()])[0m
    [36m| [0m[34m|[0m /* 7.273 */        expectEqual("m8005AssertChunkIndependentWithLimits(tooManyParts, \"limit\", limits).terminal", "Some(MultipartErrorCode.PartLimitExceeded)", m8005AssertChunkIndependentWithLimits(tooManyParts, "limit", limits).terminal, Some(MultipartErrorCode.PartLimitExceeded), isDelta: false)[0m
    [36m| [0m[34m|[0m /* 7.274 */        expectEqual("m8005AssertChunkIndependentWithLimits(Array < Byte >(513, repeat: 1u8), \"limit\", limits).terminal", "Some(MultipartErrorCode.BodyBytesLimitExceeded)", m8005AssertChunkIndependentWithLimits(Array < Byte >(513, repeat: 1u8), "limit", limits).terminal, Some(MultipartErrorCode.BodyBytesLimitExceeded), isDelta: false)[0m
    [36m| [0m[34m|[0m /* 7.275 */        println("M8005_FUZZ target=multipart corpus=limits cases=4 schedules=4 " + "executions=16 decision=PASS")[0m
    [36m| [0m[34m|[0m /* 7.276 */    }[0m
    [36m| [0m[34m|[0m /* 7.277 */    [0m
    [36m| [0m[34m|[0m /* 7.278 */    init() {[0m
    [36m| [0m[34m|[0m /* 7.279 */    }[0m
    [36m| [0m[34m|[0m /* 7.280 */    private func classConfiguration(): Configuration {[0m
    [36m| [0m[34m|[0m /* 7.281 */        let configuration = Configuration()[0m
    [36m| [0m[34m|[0m /* 7.282 */        [0m
    [36m| [0m[34m|[0m /* 7.283 */        return configuration[0m
    [36m| [0m[34m|[0m /* 7.284 */    }[0m
    [36m| [0m[34m|[0m /* 7.285 */    public override func asTestSuite(): TestSuite {[0m
    [36m| [0m[34m|[0m /* 7.286 */        [0m
    [36m| [0m[34m|[0m /* 7.287 */        let suiteConfiguration = classConfiguration()[0m
    [36m| [0m[34m|[0m /* 7.288 */        let suiteBuilder = TestSuite.builder("MultipartTest").configure(suiteConfiguration)[0m
    [36m| [0m[34m|[0m /* 7.289 */        [0m
    [36m| [0m[34m|[0m /* 7.290 */        { => let caseConfig = Configuration()[0m
    [36m| [0m[34m|[0m /* 7.291 */            [0m
    [36m| [0m[34m|[0m /* 7.292 */            let writerStreamsExactBinaryFramingAndReplaysIndependentlyTestFunc = { => writerStreamsExactBinaryFramingAndReplaysIndependently();() }[0m
    [36m| [0m[34m|[0m /* 7.293 */            suiteBuilder.add([0m
    [36m| [0m[34m|[0m /* 7.294 */            UnitTestCase.create([0m
    [36m| [0m[34m|[0m /* 7.295 */            "writerStreamsExactBinaryFramingAndReplaysIndependently",[0m
    [36m| [0m[34m|[0m /* 7.296 */            configuration: caseConfig,[0m
    [36m| [0m[34m|[0m /* 7.297 */            body: writerStreamsExactBinaryFramingAndReplaysIndependentlyTestFunc[0m
    [36m| [0m[34m|[0m /* 7.298 */            )[0m
    [36m| [0m[34m|[0m /* 7.299 */            )[0m
    [36m| [0m[34m|[0m /* 7.300 */            [0m
    [36m| [0m[34m|[0m /* 7.301 */        }()[0m
    [36m| [0m[34m|[0m /* 7.302 */        [0m
    [36m| [0m[34m|[0m /* 7.303 */        [0m
    [36m| [0m[34m|[0m /* 7.304 */        { => let caseConfig = Configuration()[0m
    [36m| [0m[34m|[0m /* 7.305 */            [0m
    [36m| [0m[34m|[0m /* 7.306 */            let boundarySeparatorsRoundtripThroughContentTypeAndBodyTestFunc = { => boundarySeparatorsRoundtripThroughContentTypeAndBody();() }[0m
    [36m| [0m[34m|[0m /* 7.307 */            suiteBuilder.add([0m
    [36m| [0m[34m|[0m /* 7.308 */            UnitTestCase.create([0m
    [36m| [0m[34m|[0m /* 7.309 */            "boundarySeparatorsRoundtripThroughContentTypeAndBody",[0m
    [36m| [0m[34m|[0m /* 7.310 */            configuration: caseConfig,[0m
    [36m| [0m[34m|[0m /* 7.311 */            body: boundarySeparatorsRoundtripThroughContentTypeAndBodyTestFunc[0m
    [36m| [0m[34m|[0m /* 7.312 */            )[0m
    [36m| [0m[34m|[0m /* 7.313 */            )[0m
    [36m| [0m[34m|[0m /* 7.314 */            [0m
    [36m| [0m[34m|[0m /* 7.315 */        }()[0m
    [36m| [0m[34m|[0m /* 7.316 */        [0m
    [36m| [0m[34m|[0m /* 7.317 */        [0m
    [36m| [0m[34m|[0m /* 7.318 */        { => let caseConfig = Configuration()[0m
    [36m| [0m[34m|[0m /* 7.319 */            [0m
    [36m| [0m[34m|[0m /* 7.320 */            let readerPreservesBinaryWhenEveryDelimiterIsSplitAcrossReadsTestFunc = { => readerPreservesBinaryWhenEveryDelimiterIsSplitAcrossReads();() }[0m
    [36m| [0m[34m|[0m /* 7.321 */            suiteBuilder.add([0m
    [36m| [0m[34m|[0m /* 7.322 */            UnitTestCase.create([0m
    [36m| [0m[34m|[0m /* 7.323 */            "readerPreservesBinaryWhenEveryDelimiterIsSplitAcrossReads",[0m
    [36m| [0m[34m|[0m /* 7.324 */            configuration: caseConfig,[0m
    [36m| [0m[34m|[0m /* 7.325 */            body: readerPreservesBinaryWhenEveryDelimiterIsSplitAcrossReadsTestFunc[0m
    [36m| [0m[34m|[0m /* 7.326 */            )[0m
    [36m| [0m[34m|[0m /* 7.327 */            )[0m
    [36m| [0m[34m|[0m /* 7.328 */            [0m
    [36m| [0m[34m|[0m /* 7.329 */        }()[0m
    [36m| [0m[34m|[0m /* 7.330 */        [0m
    [36m| [0m[34m|[0m /* 7.331 */        [0m
    [36m| [0m[34m|[0m /* 7.332 */        { => let caseConfig = Configuration()[0m
    [36m| [0m[34m|[0m /* 7.333 */            [0m
    [36m| [0m[34m|[0m /* 7.334 */            let closingPartDiscardsOnlyThatPartAndReleasesNextPartTestFunc = { => closingPartDiscardsOnlyThatPartAndReleasesNextPart();() }[0m
    [36m| [0m[34m|[0m /* 7.335 */            suiteBuilder.add([0m
    [36m| [0m[34m|[0m /* 7.336 */            UnitTestCase.create([0m
    [36m| [0m[34m|[0m /* 7.337 */            "closingPartDiscardsOnlyThatPartAndReleasesNextPart",[0m
    [36m| [0m[34m|[0m /* 7.338 */            configuration: caseConfig,[0m
    [36m| [0m[34m|[0m /* 7.339 */            body: closingPartDiscardsOnlyThatPartAndReleasesNextPartTestFunc[0m
    [36m| [0m[34m|[0m /* 7.340 */            )[0m
    [36m| [0m[34m|[0m /* 7.341 */            )[0m
    [36m| [0m[34m|[0m /* 7.342 */            [0m
    [36m| [0m[34m|[0m /* 7.343 */        }()[0m
    [36m| [0m[34m|[0m /* 7.344 */        [0m
    [36m| [0m[34m|[0m /* 7.345 */        [0m
    [36m| [0m[34m|[0m /* 7.346 */        { => let caseConfig = Configuration()[0m
    [36m| [0m[34m|[0m /* 7.347 */            [0m
    [36m| [0m[34m|[0m /* 7.348 */            let malformedAndConfiguredLimitsCloseOwnedSourceTestFunc = { => malformedAndConfiguredLimitsCloseOwnedSource();() }[0m
    [36m| [0m[34m|[0m /* 7.349 */            suiteBuilder.add([0m
    [36m| [0m[34m|[0m /* 7.350 */            UnitTestCase.create([0m
    [36m| [0m[34m|[0m /* 7.351 */            "malformedAndConfiguredLimitsCloseOwnedSource",[0m
    [36m| [0m[34m|[0m /* 7.352 */            configuration: caseConfig,[0m
    [36m| [0m[34m|[0m /* 7.353 */            body: malformedAndConfiguredLimitsCloseOwnedSourceTestFunc[0m
    [36m| [0m[34m|[0m /* 7.354 */            )[0m
    [36m| [0m[34m|[0m /* 7.355 */            )[0m
    [36m| [0m[34m|[0m /* 7.356 */            [0m
    [36m| [0m[34m|[0m /* 7.357 */        }()[0m
    [36m| [0m[34m|[0m /* 7.358 */        [0m
    [36m| [0m[34m|[0m /* 7.359 */        [0m
    [36m| [0m[34m|[0m /* 7.360 */        { => let caseConfig = Configuration()[0m
    [36m| [0m[34m|[0m /* 7.361 */            [0m
    [36m| [0m[34m|[0m /* 7.362 */            let partCountLimitRejectsBeforeParsingUnboundedAdditionalMetadataTestFunc = { => partCountLimitRejectsBeforeParsingUnboundedAdditionalMetadata();() }[0m
    [36m| [0m[34m|[0m /* 7.363 */            suiteBuilder.add([0m
    [36m| [0m[34m|[0m /* 7.364 */            UnitTestCase.create([0m
    [36m| [0m[34m|[0m /* 7.365 */            "partCountLimitRejectsBeforeParsingUnboundedAdditionalMetadata",[0m
    [36m| [0m[34m|[0m /* 7.366 */            configuration: caseConfig,[0m
    [36m| [0m[34m|[0m /* 7.367 */            body: partCountLimitRejectsBeforeParsingUnboundedAdditionalMetadataTestFunc[0m
    [36m| [0m[34m|[0m /* 7.368 */            )[0m
    [36m| [0m[34m|[0m /* 7.369 */            )[0m
    [36m| [0m[34m|[0m /* 7.370 */            [0m
    [36m| [0m[34m|[0m /* 7.371 */        }()[0m
    [36m| [0m[34m|[0m /* 7.372 */        [0m
    [36m| [0m[34m|[0m /* 7.373 */        [0m
    [36m| [0m[34m|[0m /* 7.374 */        { => let caseConfig = Configuration()[0m
    [36m| [0m[34m|[0m /* 7.375 */            [0m
    [36m| [0m[34m|[0m /* 7.376 */            let boundedDeterministicWireMutationsAreChunkIndependentTestFunc = { => boundedDeterministicWireMutationsAreChunkIndependent();() }[0m
    [36m| [0m[34m|[0m /* 7.377 */            suiteBuilder.add([0m
    [36m| [0m[34m|[0m /* 7.378 */            UnitTestCase.create([0m
    [36m| [0m[34m|[0m /* 7.379 */            "boundedDeterministicWireMutationsAreChunkIndependent",[0m
    [36m| [0m[34m|[0m /* 7.380 */            configuration: caseConfig,[0m
    [36m| [0m[34m|[0m /* 7.381 */            body: boundedDeterministicWireMutationsAreChunkIndependentTestFunc[0m
    [36m| [0m[34m|[0m /* 7.382 */            )[0m
    [36m| [0m[34m|[0m /* 7.383 */            )[0m
    [36m| [0m[34m|[0m /* 7.384 */            [0m
    [36m| [0m[34m|[0m /* 7.385 */        }()[0m
    [36m| [0m[34m|[0m /* 7.386 */        [0m
    [36m| [0m[34m|[0m /* 7.387 */        [0m
    [36m| [0m[34m|[0m /* 7.388 */        { => let caseConfig = Configuration()[0m
    [36m| [0m[34m|[0m /* 7.389 */            [0m
    [36m| [0m[34m|[0m /* 7.390 */            let deterministicMutationHarnessEnforcesSmallLimitsAndOwnedClosureTestFunc = { => deterministicMutationHarnessEnforcesSmallLimitsAndOwnedClosure();() }[0m
    [36m| [0m[34m|[0m /* 7.391 */            suiteBuilder.add([0m
    [36m| [0m[34m|[0m /* 7.392 */            UnitTestCase.create([0m
    [36m| [0m[34m|[0m /* 7.393 */            "deterministicMutationHarnessEnforcesSmallLimitsAndOwnedClosure",[0m
    [36m| [0m[34m|[0m /* 7.394 */            configuration: caseConfig,[0m
    [36m| [0m[34m|[0m /* 7.395 */            body: deterministicMutationHarnessEnforcesSmallLimitsAndOwnedClosureTestFunc[0m
    [36m| [0m[34m|[0m /* 7.396 */            )[0m
    [36m| [0m[34m|[0m /* 7.397 */            )[0m
    [36m| [0m[34m|[0m /* 7.398 */            [0m
    [36m| [0m[34m|[0m /* 7.399 */        }()[0m
    [36m| [0m[34m|[0m /* 7.400 */        [0m
    [36m| [0m[34m|[0m /* 7.401 */        return suiteBuilder.build()[0m
    [36m| [0m[34m|[0m /* 7.402 */    }[0m
    [36m| [0m[34m|[0m /* 7.403 */    private func inheritedFromClassAnnotatedByTestTemplate < T >(): TestSuite where T <: TestClass {[0m
    [36m| [0m[34m|[0m /* 7.404 */        throw Exception("Unreachable code")[0m
    [36m| [0m[34m|[0m /* 7.405 */    }[0m
    [36m| [0m[34m|[0m /* 7.406 */}[0m
    [36m| [0m[34m|[0m /* 7.407 */[0m
    [36m| [0m[34m|[0m /* 7.408 */[0m
    [36m| [0m[34m|[0m /* 7.409 */interface TestPackageExtension_MultipartTest {[0m
    [36m| [0m[34m|[0m /* 7.410 */    func registerMultipartTest(): Unit[0m
    [36m| [0m[34m|[0m /* 7.411 */}[0m
    [36m| [0m[34m|[0m /* 7.412 */extend TestPackage <: TestPackageExtension_MultipartTest {[0m
    [36m| [0m[34m|[0m /* 7.413 */    @Attribute[TEST_REGISTER][0m
    [36m| [0m[34m|[0m /* 7.414 */    public func registerMultipartTest() {[0m
    [36m| [0m[34m|[0m /* 7.415 */        registerSuite({ => MultipartTest().asTestSuite() })[0m
    [36m| [0m[34m|[0m /* 7.416 */    }[0m
    [36m| [0m[34m|[0m /* 7.417 */}[0m
    [36m| [0m[34m|[0m /* 7.418 */[0m
    [36m| [0m[34m|[0m[34m_[0m[34m__________^[0m
    [36m| [0m
[34mnote[0m: the warning occurs after the macro is expanded
   [36m==>[0m <repo-root>-pr-worktrees/M8-005-publication/src/http/multipart_test.cj:7:1:
    [36m| [0m
[36m7[0m   [36m| [0m  @Test[0m
    [36m| [0m [34m_[0m[34m^[0m
[36m8[0m   [36m| [0m[34m|[0m class MultipartTest {[0m
    [36m| [0m[34m|[0m ...[0m
[36m279[0m [36m| [0m[34m|[0m }[0m
    [36m| [0m[34m|[0m[34m_[0m[34m^[0m
    [36m| [0m

[33mwarning[0m: unreachable block in 'if' expression
   [36m| [0m
   [36m| [0m  /* 7.65 */                if(e is AssertIntermediateException) {[0m
   [36m| [0m [33m_[0m[33m_______________________________________________________________^[0m
   [36m| [0m[33m|[0m /* 7.66 */                    throw e[0m
   [36m| [0m[33m|[0m /* 7.67 */                }[0m
   [36m| [0m[33m|[0m[33m_[0m[33m__________________________^ unreachable block in 'if' expression[0m
   [36m| [0m
   [36m#[0m [0mnote[0m: this warning can be suppressed by setting the compiler option `-Woff unused`
[34mnote[0m: the warning occurs after the macro is expanded
   [36m==>[0m <repo-root>-pr-worktrees/M8-005-publication/src/http/multipart_test.cj:7:1:
    [36m| [0m
[36m7[0m   [36m| [0m  @Test[0m
    [36m| [0m [34m_[0m[34m^[0m
[36m8[0m   [36m| [0m[34m|[0m class MultipartTest {[0m
    [36m| [0m[34m|[0m ...[0m
[36m279[0m [36m| [0m[34m|[0m }[0m
    [36m| [0m[34m|[0m[34m_[0m[34m^[0m
    [36m| [0m

[33mwarning[0m: unreachable block in 'if' expression
   [36m| [0m
   [36m| [0m  /* 7.68 */                if(e is UnittestTimeoutException) {[0m
   [36m| [0m [33m_[0m[33m____________________________________________________________^[0m
   [36m| [0m[33m|[0m /* 7.69 */                    throw e[0m
   [36m| [0m[33m|[0m /* 7.70 */                }[0m
   [36m| [0m[33m|[0m[33m_[0m[33m__________________________^ unreachable block in 'if' expression[0m
   [36m| [0m
   [36m#[0m [0mnote[0m: this warning can be suppressed by setting the compiler option `-Woff unused`
[34mnote[0m: the warning occurs after the macro is expanded
   [36m==>[0m <repo-root>-pr-worktrees/M8-005-publication/src/http/multipart_test.cj:7:1:
    [36m| [0m
[36m7[0m   [36m| [0m  @Test[0m
    [36m| [0m [34m_[0m[34m^[0m
[36m8[0m   [36m| [0m[34m|[0m class MultipartTest {[0m
    [36m| [0m[34m|[0m ...[0m
[36m279[0m [36m| [0m[34m|[0m }[0m
    [36m| [0m[34m|[0m[34m_[0m[34m^[0m
    [36m| [0m

[33mwarning[0m: unused variable:'context'
  [36m==>[0m <repo-root>-pr-worktrees/M8-005-publication/src/http/websocket_handshake_test.cj:87:52:
   [36m| [0m
[36m87[0m [36m| [0m    public func handle(request: HttpServerRequest, context: OperationContext): HttpServerResponse {[0m
   [36m| [0m                                                   [33m^^^^^^^ unused variable[0m
   [36m| [0m
   [36m#[0m [0mnote[0m: this warning can be suppressed by setting the compiler option `-Woff unused`

[33mwarning[0m: unreachable block in 'if' expression
  [36m==>[0m <repo-root>-pr-worktrees/M8-005-publication/src/http/facade_test.cj:93:21:
   [36m| [0m
[36m93[0m [36m| [0m            if (let Some(value) <- pushed) { value.close() }[0m
   [36m| [0m                    [33m^ unreachable block in 'if' expression[0m
   [36m| [0m
   [36m#[0m [0mnote[0m: this warning can be suppressed by setting the compiler option `-Woff unused`
[34mnote[0m: the warning occurs after the macro is expanded
   [36m==>[0m <repo-root>-pr-worktrees/M8-005-publication/src/http/facade_test.cj:15:1:
    [36m| [0m
[36m15[0m  [36m| [0m  @Test[0m
    [36m| [0m [34m_[0m[34m^[0m
[36m16[0m  [36m| [0m[34m|[0m class HttpFacadeTest {[0m
    [36m| [0m[34m|[0m ...[0m
[36m833[0m [36m| [0m[34m|[0m }[0m
    [36m| [0m[34m|[0m[34m_[0m[34m^[0m
    [36m| [0m
[34mnote[0m: the code after the macro is expanded as follows
    [36m| [0m
    [36m| [0m  /* 15.1 */@Attribute[TEST_GENERATED] class HttpFacadeTest <: TestClass {[0m
    [36m| [0m [34m_[0m[34m^[0m
    [36m| [0m[34m|[0m /* 15.2 */    @Attribute[TestCase_36][0m
    [36m| [0m[34m|[0m /* 15.3 */    func requestCancellationOutlivesCompletedParentWhileTransferredPushStalls(): Unit {[0m
    [36m| [0m[34m|[0m /* 15.4 */        let certificate = publicTlsTestCertificateDer()[0m
    [36m| [0m[34m|[0m /* 15.5 */        let serverTls = HttpServerTlsConfig([certificate], publicTlsTestPrivateKeyDer())[0m
    [36m| [0m[34m|[0m /* 15.6 */        let handler = PublicPushCancellationHandler()[0m
    [36m| [0m[34m|[0m /* 15.7 */        let server = HttpServer.builder().listen(publicLoopback(0)).handler(handler).tls(serverTls).http2StreamLimit(8u32).build()[0m
    [36m| [0m[34m|[0m /* 15.8 */        let serving: Future < Unit >= spawn { server.serve()[0m
    [36m| [0m[34m|[0m /* 15.9 */        }[0m
    [36m| [0m[34m|[0m /* 15.10 */        let clientTls = HttpClientTlsConfig([certificate])[0m
    [36m| [0m[34m|[0m /* 15.11 */        let client = HttpClient.builder().resolver(StaticResolver(ResolveResult([server.localEndpoint.address], HostName("example.com"), ResolverSource.Static))).tls(clientTls).requestTimeout(10 * Duration.second).http2Push(Http2PushConfig(SameOriginHttp2PushPolicy(), maximumConcurrentPushes: 1, maximumPendingPushes: 1, maximumPushesPerRequest: 1)).build()[0m
    [36m| [0m[34m|[0m /* 15.12 */        let requestCancellation = HttpRequestCancellationHandle()[0m
    [36m| [0m[34m|[0m /* 15.13 */        var parent:?HttpResponse = None < HttpResponse >[0m
    [36m| [0m[34m|[0m /* 15.14 */        var pushed:?HttpPushedResponse = None < HttpPushedResponse >[0m
    [36m| [0m[34m|[0m /* 15.15 */        var sibling:?HttpResponse = None < HttpResponse >[0m
    [36m| [0m[34m|[0m /* 15.16 */        try {[0m
    [36m| [0m[34m|[0m /* 15.17 */            let parentResponse = client.getControlled("https://example.com:${server.localEndpoint.port}/push-parent", HttpCancellationHandles(request: Some(requestCancellation)))[0m
    [36m| [0m[34m|[0m /* 15.18 */            parent = Some(parentResponse)[0m
    [36m| [0m[34m|[0m /* 15.19 */            expectEqual("parentResponse.version", "HttpVersion.Http2", parentResponse.version, HttpVersion.Http2, isDelta: false)[0m
    [36m| [0m[34m|[0m /* 15.20 */            expectEqual("parentResponse.body.read(Array < Byte >(1, repeat: 0u8))", "0", parentResponse.body.read(Array < Byte >(1, repeat: 0u8)), 0, isDelta: false)[0m
    [36m| [0m[34m|[0m /* 15.21 */            expectEqual("parentResponse.body.isFullyConsumed()", "true", parentResponse.body.isFullyConsumed(), true, isDelta: false)[0m
    [36m| [0m[34m|[0m /* 15.22 */            let pushedResponse = parentResponse.pushes.getOrThrow().receive(context: OperationContext(deadline: Some(Deadline.after(3 * Duration.second)))).getOrThrow()[0m
    [36m| [0m[34m|[0m /* 15.23 */            pushed = Some(pushedResponse)[0m
    [36m| [0m[34m|[0m /* 15.24 */            expectEqual("pushedResponse.request.url.requestTarget", "\"/stalled-asset\"", pushedResponse.request.url.requestTarget, "/stalled-asset", isDelta: false)[0m
    [36m| [0m[34m|[0m /* 15.25 */            handler.stalled.waitUntilReadStarts()[0m
    [36m| [0m[34m|[0m /* 15.26 */            parentResponse.close()[0m
    [36m| [0m[34m|[0m /* 15.27 */            parent = None < HttpResponse >[0m
    [36m| [0m[34m|[0m /* 15.28 */            expectEqual("! pushedResponse.isClosed()", "true", ! pushedResponse.isClosed(), true, isDelta: false)[0m
    [36m| [0m[34m|[0m /* 15.29 */            let siblingResponse = client.get("https://example.com:${server.localEndpoint.port}/sibling")[0m
    [36m| [0m[34m|[0m /* 15.30 */            sibling = Some(siblingResponse)[0m
    [36m| [0m[34m|[0m /* 15.31 */            let stalledRead = spawn { publicBodyReadWasCancelled(pushedResponse.response.body)[0m
    [36m| [0m[34m|[0m /* 15.32 */            }[0m
    [36m| [0m[34m|[0m /* 15.33 */            expectEqual("requestCancellation.cancel()", "true", requestCancellation.cancel(), true, isDelta: false)[0m
    [36m| [0m[34m|[0m /* 15.34 */            expectEqual("stalledRead.get(3 * Duration.second)", "true", stalledRead.get(3 * Duration.second), true, isDelta: false)[0m
    [36m| [0m[34m|[0m /* 15.35 */            expectEqual("pushedResponse.isClosed()", "true", pushedResponse.isClosed(), true, isDelta: false)[0m
    [36m| [0m[34m|[0m /* 15.36 */            expectEqual("readPublicBody(siblingResponse.body)", "\"ok\"", readPublicBody(siblingResponse.body), "ok", isDelta: false)[0m
    [36m| [0m[34m|[0m /* 15.37 */            siblingResponse.close()[0m
    [36m| [0m[34m|[0m /* 15.38 */            sibling = None < HttpResponse >[0m
    [36m| [0m[34m|[0m /* 15.39 */            handler.stalled.releaseRead()[0m
    [36m| [0m[34m|[0m /* 15.40 */            expectEqual("handler.stalled.waitUntilClosed()", "true", handler.stalled.waitUntilClosed(), true, isDelta: false)[0m
    [36m| [0m[34m|[0m /* 15.41 */            pushedResponse.close()[0m
    [36m| [0m[34m|[0m /* 15.42 */            pushed = None < HttpPushedResponse >[0m
    [36m| [0m[34m|[0m /* 15.43 */            let after = client.get("https://example.com:${server.localEndpoint.port}/sibling")[0m
    [36m| [0m[34m|[0m /* 15.44 */            try {[0m
    [36m| [0m[34m|[0m /* 15.45 */                expectEqual("readPublicBody(after.body)", "\"ok\"", readPublicBody(after.body), "ok", isDelta: false)[0m
    [36m| [0m[34m|[0m /* 15.46 */            } finally {[0m
    [36m| [0m[34m|[0m /* 15.47 */                after.close()[0m
    [36m| [0m[34m|[0m /* 15.48 */            }[0m
    [36m| [0m[34m|[0m /* 15.49 */        } finally {[0m
    [36m| [0m[34m|[0m /* 15.50 */            handler.stalled.releaseRead()[0m
    [36m| [0m[34m|[0m /* 15.51 */            if(let Some(value) <- pushed) {[0m
    [36m| [0m[34m|[0m /* 15.52 */                value.close()[0m
    [36m| [0m[34m|[0m /* 15.53 */            }[0m
    [36m| [0m[34m|[0m /* 15.54 */            if(let Some(value) <- sibling) {[0m
    [36m| [0m[34m|[0m /* 15.55 */                value.close()[0m
    [36m| [0m[34m|[0m /* 15.56 */            }[0m
    [36m| [0m[34m|[0m /* 15.57 */            if(let Some(value) <- parent) {[0m
    [36m| [0m[34m|[0m /* 15.58 */                value.close()[0m
    [36m| [0m[34m|[0m /* 15.59 */            }[0m
    [36m| [0m[34m|[0m /* 15.60 */            client.close()[0m
    [36m| [0m[34m|[0m /* 15.61 */            clientTls.close()[0m
    [36m| [0m[34m|[0m /* 15.62 */            if(! server.isClosed()) {[0m
    [36m| [0m[34m|[0m /* 15.63 */                let result = server.shutdown(context: OperationContext(deadline: Some(Deadline.after(5 * Duration.second))))[0m
    [36m| [0m[34m|[0m /* 15.64 */                expectEqual("result.activeAtReturn", "0", result.activeAtReturn, 0, isDelta: false)[0m
    [36m| [0m[34m|[0m /* 15.65 */                serving.get(5 * Duration.second)[0m
    [36m| [0m[34m|[0m /* 15.66 */            }[0m
    [36m| [0m[34m|[0m /* 15.67 */            serverTls.close()[0m
    [36m| [0m[34m|[0m /* 15.68 */        }[0m
    [36m| [0m[34m|[0m /* 15.69 */    }[0m
    [36m| [0m[34m|[0m /* 15.70 */    [0m
    [36m| [0m[34m|[0m /* 15.71 */    @Attribute[TestCase_37][0m
    [36m| [0m[34m|[0m /* 15.72 */    func cancellationWrapperPreservesProtocolCompletionPolicy(): Unit {[0m
    [36m| [0m[34m|[0m /* 15.73 */        let operation = HttpRequestCancellationOperation(OperationContext.background(), None < HttpRequestCancellationHandle >, None < HttpConnectionCancellationHandle >, None < HttpStreamCancellationHandle >)[0m
    [36m| [0m[34m|[0m /* 15.74 */        let delegate = ResponseBody(RequestBody.string("abc").open(), completeAtDeclaredLength: false)[0m
    [36m| [0m[34m|[0m /* 15.75 */        let response = operation.wrap(HttpResponse(200, "OK", delegate))[0m
    [36m| [0m[34m|[0m /* 15.76 */        let destination = Array < Byte >(3, repeat: 0u8)[0m
    [36m| [0m[34m|[0m /* 15.77 */        expectEqual("response.body.read(destination)", "3", response.body.read(destination), 3, isDelta: false)[0m
    [36m| [0m[34m|[0m /* 15.78 */        expectEqual("! response.body.isFullyConsumed()", "true", ! response.body.isFullyConsumed(), true, isDelta: false)[0m
    [36m| [0m[34m|[0m /* 15.79 */        expectEqual("response.body.read(destination)", "0", response.body.read(destination), 0, isDelta: false)[0m
    [36m| [0m[34m|[0m /* 15.80 */        expectEqual("response.body.isFullyConsumed()", "true", response.body.isFullyConsumed(), true, isDelta: false)[0m
    [36m| [0m[34m|[0m /* 15.81 */        response.close()[0m
    [36m| [0m[34m|[0m /* 15.82 */    }[0m
    [36m| [0m[34m|[0m /* 15.83 */    [0m
    [36m| [0m[34m|[0m /* 15.84 */    @Attribute[TestCase_38][0m
    [36m| [0m[34m|[0m /* 15.85 */    func typedCancellationHandlesAreScopedIdempotentAndStopBeforeNetworkIo(): Unit {[0m
    [36m| [0m[34m|[0m /* 15.86 */        let requestCancellation = HttpRequestCancellationHandle()[0m
    [36m| [0m[34m|[0m /* 15.87 */        let connectionCancellation = HttpConnectionCancellationHandle()[0m
    [36m| [0m[34m|[0m /* 15.88 */        let streamCancellation = HttpStreamCancellationHandle()[0m
    [36m| [0m[34m|[0m /* 15.89 */        expectEqual("requestCancellation.scope", "HttpCancellationScope.Request", requestCancellation.scope, HttpCancellationScope.Request, isDelta: false)[0m
    [36m| [0m[34m|[0m /* 15.90 */        expectEqual("connectionCancellation.scope", "HttpCancellationScope.Connection", connectionCancellation.scope, HttpCancellationScope.Connection, isDelta: false)[0m
    [36m| [0m[34m|[0m /* 15.91 */        expectEqual("streamCancellation.scope", "HttpCancellationScope.Stream", streamCancellation.scope, HttpCancellationScope.Stream, isDelta: false)[0m
    [36m| [0m[34m|[0m /* 15.92 */        expectEqual("requestCancellation.cancel()", "true", requestCancellation.cancel(), true, isDelta: false)[0m
    [36m| [0m[34m|[0m /* 15.93 */        expectEqual("! requestCancellation.cancel()", "true", ! requestCancellation.cancel(), true, isDelta: false)[0m
    [36m| [0m[34m|[0m /* 15.94 */        expectEqual("requestCancellation.isCancellationRequested", "true", requestCancellation.isCancellationRequested, true, isDelta: false)[0m
    [36m| [0m[34m|[0m /* 15.95 */        let raceHandle = HttpStreamCancellationHandle()[0m
    [36m| [0m[34m|[0m /* 15.96 */        let raceWinners = AtomicInt64(0)[0m
    [36m| [0m[34m|[0m /* 15.97 */        let racers = ArrayList < Future < Unit >>()[0m
    [36m| [0m[34m|[0m /* 15.98 */        for(_ in 0 .. 64) {[0m
    [36m| [0m[34m|[0m /* 15.99 */            racers.add(spawn { if(raceHandle.cancel()) {[0m
    [36m| [0m[34m|[0m /* 15.100 */                let _ = raceWinners.fetchAdd(1)[0m
    [36m| [0m[34m|[0m /* 15.101 */            }[0m
    [36m| [0m[34m|[0m /* 15.102 */        })[0m
    [36m| [0m[34m|[0m /* 15.103 */    }[0m
    [36m| [0m[34m|[0m /* 15.104 */    for(racer in racers) {[0m
    [36m| [0m[34m|[0m /* 15.105 */        racer.get(3 * Duration.second)[0m
    [36m| [0m[34m|[0m /* 15.106 */    }[0m
    [36m| [0m[34m|[0m /* 15.107 */    expectEqual("raceWinners.load()", "1", raceWinners.load(), 1, isDelta: false)[0m
    [36m| [0m[34m|[0m /* 15.108 */    expectEqual("! raceHandle.cancel()", "true", ! raceHandle.cancel(), true, isDelta: false)[0m
    [36m| [0m[34m|[0m /* 15.109 */    let handler = PublicCancellationHandler()[0m
    [36m| [0m[34m|[0m /* 15.110 */    let server = HttpServer.builder().listen(publicLoopback(0)).handler(handler).build()[0m
    [36m| [0m[34m|[0m /* 15.111 */    let serving: Future < Unit >= spawn { server.serve()[0m
    [36m| [0m[34m|[0m /* 15.112 */    }[0m
    [36m| [0m[34m|[0m /* 15.113 */    let host = HostName("cancel.test")[0m
    [36m| [0m[34m|[0m /* 15.114 */    let client = HttpClient.builder().resolver(StaticResolver(ResolveResult([server.localEndpoint.address], host, ResolverSource.Static))).requestTimeout(3 * Duration.second).build()[0m
    [36m| [0m[34m|[0m /* 15.115 */    var cancelled = false[0m
    [36m| [0m[34m|[0m /* 15.116 */    try {[0m
    [36m| [0m[34m|[0m /* 15.117 */        let warmup = client.get("http://cancel.test:${server.localEndpoint.port}/small")[0m
    [36m| [0m[34m|[0m /* 15.118 */        expectEqual("readPublicBody(warmup.body)", "\"ok\"", readPublicBody(warmup.body), "ok", isDelta: false)[0m
    [36m| [0m[34m|[0m /* 15.119 */        warmup.close()[0m
    [36m| [0m[34m|[0m /* 15.120 */        let _ = client.getControlled("http://cancel.test:${server.localEndpoint.port}/small", HttpCancellationHandles(request: Some(requestCancellation)))[0m
    [36m| [0m[34m|[0m /* 15.121 */    } catch(error: NetworkException) {[0m
    [36m| [0m[34m|[0m /* 15.122 */        match(error.category) {[0m
    [36m| [0m[34m|[0m /* 15.123 */            case NetworkErrorCategory.Cancelled => cancelled = true[0m
    [36m| [0m[34m|[0m /* 15.124 */            case _ =>()[0m
    [36m| [0m[34m|[0m /* 15.125 */        }[0m
    [36m| [0m[34m|[0m /* 15.126 */    }[0m
    [36m| [0m[34m|[0m /* 15.127 */    finally {[0m
    [36m| [0m[34m|[0m /* 15.128 */        client.close()[0m
    [36m| [0m[34m|[0m /* 15.129 */        let _ = server.shutdown(context: OperationContext(deadline: Some(Deadline.after(3 * Duration.second))))[0m
    [36m| [0m[34m|[0m /* 15.130 */        serving.get(3 * Duration.second)[0m
    [36m| [0m[34m|[0m /* 15.131 */    }[0m
    [36m| [0m[34m|[0m /* 15.132 */    expectEqual("cancelled", "true", cancelled, true, isDelta: false)[0m
    [36m| [0m[34m|[0m /* 15.133 */    expectEqual("handler.calls.load()", "1", handler.calls.load(), 1, isDelta: false)[0m
    [36m| [0m[34m|[0m /* 15.134 */    expectEqual("connectionCancellation.cancel()", "true", connectionCancellation.cancel(), true, isDelta: false)[0m
    [36m| [0m[34m|[0m /* 15.135 */    expectEqual("! connectionCancellation.cancel()", "true", ! connectionCancellation.cancel(), true, isDelta: false)[0m
    [36m| [0m[34m|[0m /* 15.136 */    expectEqual("streamCancellation.cancel()", "true", streamCancellation.cancel(), true, isDelta: false)[0m
    [36m| [0m[34m|[0m /* 15.137 */    expectEqual("! streamCancellation.cancel()", "true", ! streamCancellation.cancel(), true, isDelta: false)[0m
    [36m| [0m[34m|[0m /* 15.138 */}[0m
    [36m| [0m[34m|[0m /* 15.139 */[0m
    [36m| [0m[34m|[0m /* 15.140 */@Attribute[TestCase_39][0m
    [36m| [0m[34m|[0m /* 15.141 */func publicHttp1ConnectionHandleCancelsBodyAndLeavesClientReusable(): Unit {[0m
    [36m| [0m[34m|[0m /* 15.142 */    let handler = PublicCancellationHandler()[0m
    [36m| [0m[34m|[0m /* 15.143 */    let server = HttpServer.builder().listen(publicLoopback(0)).handler(handler).build()[0m
    [36m| [0m[34m|[0m /* 15.144 */    let serving: Future < Unit >= spawn { server.serve()[0m
    [36m| [0m[34m|[0m /* 15.145 */    }[0m
    [36m| [0m[34m|[0m /* 15.146 */    let host = HostName("cancel.test")[0m
    [36m| [0m[34m|[0m /* 15.147 */    let client = HttpClient.builder().resolver(StaticResolver(ResolveResult([server.localEndpoint.address], host, ResolverSource.Static))).requestTimeout(5 * Duration.second).build()[0m
    [36m| [0m[34m|[0m /* 15.148 */    try {[0m
    [36m| [0m[34m|[0m /* 15.149 */        let connectionCancellation = HttpConnectionCancellationHandle()[0m
    [36m| [0m[34m|[0m /* 15.150 */        let response = client.getControlled("http://cancel.test:${server.localEndpoint.port}/large", HttpCancellationHandles(connection: Some(connectionCancellation)))[0m
    [36m| [0m[34m|[0m /* 15.151 */        expectEqual("response.version", "HttpVersion.Http11", response.version, HttpVersion.Http11, isDelta: false)[0m
    [36m| [0m[34m|[0m /* 15.152 */        expectEqual("response.body.read(Array < Byte >(4096, repeat: 0u8))", "4096", response.body.read(Array < Byte >(4096, repeat: 0u8)), 4096, isDelta: false)[0m
    [36m| [0m[34m|[0m /* 15.153 */        expectEqual("connectionCancellation.cancel()", "true", connectionCancellation.cancel(), true, isDelta: false)[0m
    [36m| [0m[34m|[0m /* 15.154 */        expectEqual("! connectionCancellation.cancel()", "true", ! connectionCancellation.cancel(), true, isDelta: false)[0m
    [36m| [0m[34m|[0m /* 15.155 */        expectEqual("publicBodyReadWasCancelled(response.body)", "true", publicBodyReadWasCancelled(response.body), true, isDelta: false)[0m
    [36m| [0m[34m|[0m /* 15.156 */        response.close()[0m
    [36m| [0m[34m|[0m /* 15.157 */        let next = client.get("http://cancel.test:${server.localEndpoint.port}/small")[0m
    [36m| [0m[34m|[0m /* 15.158 */        expectEqual("readPublicBody(next.body)", "\"ok\"", readPublicBody(next.body), "ok", isDelta: false)[0m
    [36m| [0m[34m|[0m /* 15.159 */        next.close()[0m
    [36m| [0m[34m|[0m /* 15.160 */        expectEqual("handler.http1HandleChecks.load() >= 2", "true", handler.http1HandleChecks.load() >= 2, true, isDelta: false)[0m
    [36m| [0m[34m|[0m /* 15.161 */        client.close()[0m
    [36m| [0m[34m|[0m /* 15.162 */        let result = server.shutdown(context: OperationContext(deadline: Some(Deadline.after(5 * Duration.second))))[0m
    [36m| [0m[34m|[0m /* 15.163 */        expectEqual("result.activeAtReturn", "0", result.activeAtReturn, 0, isDelta: false)[0m
    [36m| [0m[34m|[0m /* 15.164 */        serving.get(5 * Duration.second)[0m
    [36m| [0m[34m|[0m /* 15.165 */    } finally {[0m
    [36m| [0m[34m|[0m /* 15.166 */        client.close()[0m
    [36m| [0m[34m|[0m /* 15.167 */        if(! server.isClosed()) {[0m
    [36m| [0m[34m|[0m /* 15.168 */            let _ = server.shutdown(context: OperationContext(deadline: Some(Deadline.after(5 * Duration.second))))[0m
    [36m| [0m[34m|[0m /* 15.169 */            serving.get(5 * Duration.second)[0m
    [36m| [0m[34m|[0m /* 15.170 */        }[0m
    [36m| [0m[34m|[0m /* 15.171 */    }[0m
    [36m| [0m[34m|[0m /* 15.172 */}[0m
    [36m| [0m[34m|[0m /* 15.173 */[0m
    [36m| [0m[34m|[0m /* 15.174 */@Attribute[TestCase_40][0m
    [36m| [0m[34m|[0m /* 15.175 */func publicHttp2StreamAndConnectionHandlesRespectTheirScopes(): Unit {[0m
    [36m| [0m[34m|[0m /* 15.176 */    let certificate = publicTlsTestCertificateDer()[0m
    [36m| [0m[34m|[0m /* 15.177 */    let serverTls = HttpServerTlsConfig([certificate], publicTlsTestPrivateKeyDer())[0m
    [36m| [0m[34m|[0m /* 15.178 */    let handler = PublicCancellationHandler()[0m
    [36m| [0m[34m|[0m /* 15.179 */    let server = HttpServer.builder().listen(publicLoopback(0)).handler(handler).tls(serverTls).http2StreamLimit(8u32).build()[0m
    [36m| [0m[34m|[0m /* 15.180 */    let serving: Future < Unit >= spawn { server.serve()[0m
    [36m| [0m[34m|[0m /* 15.181 */    }[0m
    [36m| [0m[34m|[0m /* 15.182 */    let host = HostName("example.com")[0m
    [36m| [0m[34m|[0m /* 15.183 */    let clientTls = HttpClientTlsConfig([certificate])[0m
    [36m| [0m[34m|[0m /* 15.184 */    let client = HttpClient.builder().resolver(StaticResolver(ResolveResult([server.localEndpoint.address], host, ResolverSource.Static))).tls(clientTls).requestTimeout(5 * Duration.second).build()[0m
    [36m| [0m[34m|[0m /* 15.185 */    try {[0m
    [36m| [0m[34m|[0m /* 15.186 */        let streamCancellation = HttpStreamCancellationHandle()[0m
    [36m| [0m[34m|[0m /* 15.187 */        let first = client.getControlled("https://example.com:${server.localEndpoint.port}/large", HttpCancellationHandles(stream: Some(streamCancellation)))[0m
    [36m| [0m[34m|[0m /* 15.188 */        expectEqual("first.version", "HttpVersion.Http2", first.version, HttpVersion.Http2, isDelta: false)[0m
    [36m| [0m[34m|[0m /* 15.189 */        expectEqual("first.body.read(Array < Byte >(4096, repeat: 0u8))", "4096", first.body.read(Array < Byte >(4096, repeat: 0u8)), 4096, isDelta: false)[0m
    [36m| [0m[34m|[0m /* 15.190 */        let sibling = client.get("https://example.com:${server.localEndpoint.port}/small")[0m
    [36m| [0m[34m|[0m /* 15.191 */        expectEqual("streamCancellation.cancel()", "true", streamCancellation.cancel(), true, isDelta: false)[0m
    [36m| [0m[34m|[0m /* 15.192 */        expectEqual("! streamCancellation.cancel()", "true", ! streamCancellation.cancel(), true, isDelta: false)[0m
    [36m| [0m[34m|[0m /* 15.193 */        expectEqual("publicBodyReadWasCancelled(first.body)", "true", publicBodyReadWasCancelled(first.body), true, isDelta: false)[0m
    [36m| [0m[34m|[0m /* 15.194 */        first.close()[0m
    [36m| [0m[34m|[0m /* 15.195 */        expectEqual("readPublicBody(sibling.body)", "\"ok\"", readPublicBody(sibling.body), "ok", isDelta: false)[0m
    [36m| [0m[34m|[0m /* 15.196 */        sibling.close()[0m
    [36m| [0m[34m|[0m /* 15.197 */        let stillUsable = client.get("https://example.com:${server.localEndpoint.port}/small")[0m
    [36m| [0m[34m|[0m /* 15.198 */        expectEqual("readPublicBody(stillUsable.body)", "\"ok\"", readPublicBody(stillUsable.body), "ok", isDelta: false)[0m
    [36m| [0m[34m|[0m /* 15.199 */        stillUsable.close()[0m
    [36m| [0m[34m|[0m /* 15.200 */        let requestCancellation = HttpRequestCancellationHandle()[0m
    [36m| [0m[34m|[0m /* 15.201 */        let wholeRequest = client.getControlled("https://example.com:${server.localEndpoint.port}/large", HttpCancellationHandles(request: Some(requestCancellation)))[0m
    [36m| [0m[34m|[0m /* 15.202 */        expectEqual("wholeRequest.body.read(Array < Byte >(4096, repeat: 0u8))", "4096", wholeRequest.body.read(Array < Byte >(4096, repeat: 0u8)), 4096, isDelta: false)[0m
    [36m| [0m[34m|[0m /* 15.203 */        expectEqual("requestCancellation.cancel()", "true", requestCancellation.cancel(), true, isDelta: false)[0m
    [36m| [0m[34m|[0m /* 15.204 */        expectEqual("! requestCancellation.cancel()", "true", ! requestCancellation.cancel(), true, isDelta: false)[0m
    [36m| [0m[34m|[0m /* 15.205 */        expectEqual("publicBodyReadWasCancelled(wholeRequest.body)", "true", publicBodyReadWasCancelled(wholeRequest.body), true, isDelta: false)[0m
    [36m| [0m[34m|[0m /* 15.206 */        wholeRequest.close()[0m
    [36m| [0m[34m|[0m /* 15.207 */        let afterRequestCancel = client.get("https://example.com:${server.localEndpoint.port}/small")[0m
    [36m| [0m[34m|[0m /* 15.208 */        expectEqual("readPublicBody(afterRequestCancel.body)", "\"ok\"", readPublicBody(afterRequestCancel.body), "ok", isDelta: false)[0m
    [36m| [0m[34m|[0m /* 15.209 */        afterRequestCancel.close()[0m
    [36m| [0m[34m|[0m /* 15.210 */        let connectionCancellation = HttpConnectionCancellationHandle()[0m
    [36m| [0m[34m|[0m /* 15.211 */        let onConnection = client.getControlled("https://example.com:${server.localEndpoint.port}/large", HttpCancellationHandles(connection: Some(connectionCancellation)))[0m
    [36m| [0m[34m|[0m /* 15.212 */        let otherStream = client.get("https://example.com:${server.localEndpoint.port}/large")[0m
    [36m| [0m[34m|[0m /* 15.213 */        expectEqual("connectionCancellation.cancel()", "true", connectionCancellation.cancel(), true, isDelta: false)[0m
    [36m| [0m[34m|[0m /* 15.214 */        expectEqual("! connectionCancellation.cancel()", "true", ! connectionCancellation.cancel(), true, isDelta: false)[0m
    [36m| [0m[34m|[0m /* 15.215 */        expectEqual("publicBodyReadWasCancelled(onConnection.body)", "true", publicBodyReadWasCancelled(onConnection.body), true, isDelta: false)[0m
    [36m| [0m[34m|[0m /* 15.216 */        expectEqual("publicBodyReadWasCancelled(otherStream.body)", "true", publicBodyReadWasCancelled(otherStream.body), true, isDelta: false)[0m
    [36m| [0m[34m|[0m /* 15.217 */        onConnection.close()[0m
    [36m| [0m[34m|[0m /* 15.218 */        otherStream.close()[0m
    [36m| [0m[34m|[0m /* 15.219 */        expectEqual("handler.http2HandleChecks.load() >= 7", "true", handler.http2HandleChecks.load() >= 7, true, isDelta: false)[0m
    [36m| [0m[34m|[0m /* 15.220 */        let result = server.shutdown(context: OperationContext(deadline: Some(Deadline.after(5 * Duration.second))))[0m
    [36m| [0m[34m|[0m /* 15.221 */        expectEqual("result.activeAtReturn", "0", result.activeAtReturn, 0, isDelta: false)[0m
    [36m| [0m[34m|[0m /* 15.222 */        serving.get(5 * Duration.second)[0m
    [36m| [0m[34m|[0m /* 15.223 */    } finally {[0m
    [36m| [0m[34m|[0m /* 15.224 */        client.close()[0m
    [36m| [0m[34m|[0m /* 15.225 */        clientTls.close()[0m
    [36m| [0m[34m|[0m /* 15.226 */        if(! server.isClosed()) {[0m
    [36m| [0m[34m|[0m /* 15.227 */            let _ = server.shutdown(context: OperationContext(deadline: Some(Deadline.after(5 * Duration.second))))[0m
    [36m| [0m[34m|[0m /* 15.228 */            serving.get(5 * Duration.second)[0m
    [36m| [0m[34m|[0m /* 15.229 */        }[0m
    [36m| [0m[34m|[0m /* 15.230 */        serverTls.close()[0m
    [36m| [0m[34m|[0m /* 15.231 */    }[0m
    [36m| [0m[34m|[0m /* 15.232 */}[0m
    [36m| [0m[34m|[0m /* 15.233 */[0m
    [36m| [0m[34m|[0m /* 15.234 */@Attribute[TestCase_41][0m
    [36m| [0m[34m|[0m /* 15.235 */func publicHttp2SlowStreamCannotStarveOneTenOrHundredSiblings(): Unit {[0m
    [36m| [0m[34m|[0m /* 15.236 */    let certificate = publicTlsTestCertificateDer()[0m
    [36m| [0m[34m|[0m /* 15.237 */    let serverTls = HttpServerTlsConfig([certificate], publicTlsTestPrivateKeyDer())[0m
    [36m| [0m[34m|[0m /* 15.238 */    let handler = PublicSiblingFairnessHandler()[0m
    [36m| [0m[34m|[0m /* 15.239 */    let server = HttpServer.builder().listen(publicLoopback(0)).handler(handler).tls(serverTls).http2StreamLimit(8u32).build()[0m
    [36m| [0m[34m|[0m /* 15.240 */    let serving: Future < Unit >= spawn { server.serve()[0m
    [36m| [0m[34m|[0m /* 15.241 */    }[0m
    [36m| [0m[34m|[0m /* 15.242 */    let host = HostName("example.com")[0m
    [36m| [0m[34m|[0m /* 15.243 */    let clientTls = HttpClientTlsConfig([certificate])[0m
    [36m| [0m[34m|[0m /* 15.244 */    let client = HttpClient.builder().resolver(StaticResolver(ResolveResult([server.localEndpoint.address], host, ResolverSource.Static))).tls(clientTls).requestTimeout(5 * Duration.second).build()[0m
    [36m| [0m[34m|[0m /* 15.245 */    var first:?HttpResponse = None < HttpResponse >[0m
    [36m| [0m[34m|[0m /* 15.246 */    try {[0m
    [36m| [0m[34m|[0m /* 15.247 */        let slow = client.get("https://example.com:${server.localEndpoint.port}/large-stall")[0m
    [36m| [0m[34m|[0m /* 15.248 */        first = Some(slow)[0m
    [36m| [0m[34m|[0m /* 15.249 */        expectEqual("slow.version", "HttpVersion.Http2", slow.version, HttpVersion.Http2, isDelta: false)[0m
    [36m| [0m[34m|[0m /* 15.250 */        handler.waitUntilConnectionWindowExhausted()[0m
    [36m| [0m[34m|[0m /* 15.251 */        expectEqual("slow.body.read(Array < Byte >(4096, repeat: 0u8))", "4096", slow.body.read(Array < Byte >(4096, repeat: 0u8)), 4096, isDelta: false)[0m
    [36m| [0m[34m|[0m /* 15.252 */        let siblingsStarted = MonoTime.now()[0m
    [36m| [0m[34m|[0m /* 15.253 */        var latency1Ns: Int64 = 0[0m
    [36m| [0m[34m|[0m /* 15.254 */        var latency10Ns: Int64 = 0[0m
    [36m| [0m[34m|[0m /* 15.255 */        var latency100Ns: Int64 = 0[0m
    [36m| [0m[34m|[0m /* 15.256 */        var completed: Int64 = 0[0m
    [36m| [0m[34m|[0m /* 15.257 */        for(_ in 0 .. 100) {[0m
    [36m| [0m[34m|[0m /* 15.258 */            let sibling = client.get("https://example.com:${server.localEndpoint.port}/small")[0m
    [36m| [0m[34m|[0m /* 15.259 */            try {[0m
    [36m| [0m[34m|[0m /* 15.260 */                expectEqual("sibling.version", "HttpVersion.Http2", sibling.version, HttpVersion.Http2, isDelta: false)[0m
    [36m| [0m[34m|[0m /* 15.261 */                expectEqual("readPublicBody(sibling.body)", "\"ok\"", readPublicBody(sibling.body), "ok", isDelta: false)[0m
    [36m| [0m[34m|[0m /* 15.262 */                completed ++[0m
    [36m| [0m[34m|[0m /* 15.263 */                if(completed == 1) {[0m
    [36m| [0m[34m|[0m /* 15.264 */                    latency1Ns =(MonoTime.now() - siblingsStarted).toNanoseconds()[0m
    [36m| [0m[34m|[0m /* 15.265 */                }[0m
    [36m| [0m[34m|[0m /* 15.266 */                else if(completed == 10) {[0m
    [36m| [0m[34m|[0m /* 15.267 */                    latency10Ns =(MonoTime.now() - siblingsStarted).toNanoseconds()[0m
    [36m| [0m[34m|[0m /* 15.268 */                }[0m
    [36m| [0m[34m|[0m /* 15.269 */                else if(completed == 100) {[0m
    [36m| [0m[34m|[0m /* 15.270 */                    latency100Ns =(MonoTime.now() - siblingsStarted).toNanoseconds()[0m
    [36m| [0m[34m|[0m /* 15.271 */                }[0m
    [36m| [0m[34m|[0m /* 15.272 */            } finally {[0m
    [36m| [0m[34m|[0m /* 15.273 */                sibling.close()[0m
    [36m| [0m[34m|[0m /* 15.274 */            }[0m
    [36m| [0m[34m|[0m /* 15.275 */        }[0m
    [36m| [0m[34m|[0m /* 15.276 */        expectEqual("completed", "100", completed, 100, isDelta: false)[0m
    [36m| [0m[34m|[0m /* 15.277 */        expectEqual("handler.siblingCalls.load()", "100", handler.siblingCalls.load(), 100, isDelta: false)[0m
    [36m| [0m[34m|[0m /* 15.278 */        println("M6_024_RESULT protocol=h2 exhaustedBytes=65535 consumedBytes=4096 " + "siblings=${completed} latency1Ns=${latency1Ns} latency10Ns=${latency10Ns} " + "latency100Ns=${latency100Ns} siblingTimeouts=0 connectionAborts=0")[0m
    [36m| [0m[34m|[0m /* 15.279 */    } finally {[0m
    [36m| [0m[34m|[0m /* 15.280 */        handler.releaseLargeBody()[0m
    [36m| [0m[34m|[0m /* 15.281 */        if(let Some(slow) <- first) {[0m
    [36m| [0m[34m|[0m /* 15.282 */            slow.close()[0m
    [36m| [0m[34m|[0m /* 15.283 */        }[0m
    [36m| [0m[34m|[0m /* 15.284 */        client.close()[0m
    [36m| [0m[34m|[0m /* 15.285 */        clientTls.close()[0m
    [36m| [0m[34m|[0m /* 15.286 */        let _ = server.shutdown(context: OperationContext(deadline: Some(Deadline.after(5 * Duration.second))))[0m
    [36m| [0m[34m|[0m /* 15.287 */        serving.get(5 * Duration.second)[0m
    [36m| [0m[34m|[0m /* 15.288 */        serverTls.close()[0m
    [36m| [0m[34m|[0m /* 15.289 */    }[0m
    [36m| [0m[34m|[0m /* 15.290 */}[0m
    [36m| [0m[34m|[0m /* 15.291 */[0m
    [36m| [0m[34m|[0m /* 15.292 */@Attribute[TestCase_42][0m
    [36m| [0m[34m|[0m /* 15.293 */func tlsHttp2StreamLimitIsAppliedAcrossConcurrentPublicRequests(): Unit {[0m
    [36m| [0m[34m|[0m /* 15.294 */    let certificate = publicTlsTestCertificateDer()[0m
    [36m| [0m[34m|[0m /* 15.295 */    let serverTls = HttpServerTlsConfig([certificate], publicTlsTestPrivateKeyDer())[0m
    [36m| [0m[34m|[0m /* 15.296 */    let handler = PublicHttp2LimitHandler()[0m
    [36m| [0m[34m|[0m /* 15.297 */    let server = HttpServer.builder().listen(publicLoopback(0)).handler(handler).tls(serverTls).http2StreamLimit(1u32).build()[0m
    [36m| [0m[34m|[0m /* 15.298 */    let serving: Future < Unit >= spawn { server.serve()[0m
    [36m| [0m[34m|[0m /* 15.299 */    }[0m
    [36m| [0m[34m|[0m /* 15.300 */    let host = HostName("example.com")[0m
    [36m| [0m[34m|[0m /* 15.301 */    let clientTls = HttpClientTlsConfig([certificate])[0m
    [36m| [0m[34m|[0m /* 15.302 */    let client = HttpClient.builder().resolver(StaticResolver(ResolveResult([server.localEndpoint.address], host, ResolverSource.Static))).tls(clientTls).requestTimeout(5 * Duration.second).build()[0m
    [36m| [0m[34m|[0m /* 15.303 */    try {[0m
    [36m| [0m[34m|[0m /* 15.304 */        let first = spawn { client.get("https://example.com:${server.localEndpoint.port}/limit/first")[0m
    [36m| [0m[34m|[0m /* 15.305 */        }[0m
    [36m| [0m[34m|[0m /* 15.306 */        handler.waitForFirst()[0m
    [36m| [0m[34m|[0m /* 15.307 */        let second = spawn { client.get("https://example.com:${server.localEndpoint.port}/limit/second")[0m
    [36m| [0m[34m|[0m /* 15.308 */        }[0m
    [36m| [0m[34m|[0m /* 15.309 */        let secondResponse = second.get(5 * Duration.second)[0m
    [36m| [0m[34m|[0m /* 15.310 */        let firstResponse = first.get(5 * Duration.second)[0m
    [36m| [0m[34m|[0m /* 15.311 */        expectEqual("secondResponse.status", "204", secondResponse.status, 204, isDelta: false)[0m
    [36m| [0m[34m|[0m /* 15.312 */        expectEqual("firstResponse.status", "204", firstResponse.status, 204, isDelta: false)[0m
    [36m| [0m[34m|[0m /* 15.313 */        secondResponse.close()[0m
    [36m| [0m[34m|[0m /* 15.314 */        firstResponse.close()[0m
    [36m| [0m[34m|[0m /* 15.315 */        expectEqual("handler.maximumActive.load()", "2", handler.maximumActive.load(), 2, isDelta: false)[0m
    [36m| [0m[34m|[0m /* 15.316 */        let result = server.shutdown(context: OperationContext(deadline: Some(Deadline.after(5 * Duration.second))))[0m
    [36m| [0m[34m|[0m /* 15.317 */        expectEqual("result.gracefullyCompleted", "2", result.gracefullyCompleted, 2, isDelta: false)[0m
    [36m| [0m[34m|[0m /* 15.318 */        expectEqual("result.aborted", "0", result.aborted, 0, isDelta: false)[0m
    [36m| [0m[34m|[0m /* 15.319 */        expectEqual("result.activeAtReturn", "0", result.activeAtReturn, 0, isDelta: false)[0m
    [36m| [0m[34m|[0m /* 15.320 */        serving.get(5 * Duration.second)[0m
    [36m| [0m[34m|[0m /* 15.321 */    } finally {[0m
    [36m| [0m[34m|[0m /* 15.322 */        client.close()[0m
    [36m| [0m[34m|[0m /* 15.323 */        clientTls.close()[0m
    [36m| [0m[34m|[0m /* 15.324 */        if(! server.isClosed()) {[0m
    [36m| [0m[34m|[0m /* 15.325 */            let _ = server.shutdown(context: OperationContext(deadline: Some(Deadline.after(5 * Duration.second))))[0m
    [36m| [0m[34m|[0m /* 15.326 */            serving.get(5 * Duration.second)[0m
    [36m| [0m[34m|[0m /* 15.327 */        }[0m
    [36m| [0m[34m|[0m /* 15.328 */        serverTls.close()[0m
    [36m| [0m[34m|[0m /* 15.329 */    }[0m
    [36m| [0m[34m|[0m /* 15.330 */}[0m
    [36m| [0m[34m|[0m /* 15.331 */[0m
    [36m| [0m[34m|[0m /* 15.332 */@Attribute[TestCase_43][0m
    [36m| [0m[34m|[0m /* 15.333 */func tlsFacadeNegotiatesHttp2AndMapsBodyTrailersAndResponse(): Unit {[0m
    [36m| [0m[34m|[0m /* 15.334 */    let certificate = publicTlsTestCertificateDer()[0m
    [36m| [0m[34m|[0m /* 15.335 */    let serverTls = HttpServerTlsConfig([certificate], publicTlsTestPrivateKeyDer())[0m
    [36m| [0m[34m|[0m /* 15.336 */    let handler = PublicHttp2EchoHandler()[0m
    [36m| [0m[34m|[0m /* 15.337 */    let server = HttpServer.builder().listen(publicLoopback(0)).handler(handler).tls(serverTls).http2StreamLimit(4u32).build()[0m
    [36m| [0m[34m|[0m /* 15.338 */    let serving: Future < Unit >= spawn { server.serve()[0m
    [36m| [0m[34m|[0m /* 15.339 */    }[0m
    [36m| [0m[34m|[0m /* 15.340 */    let host = HostName("example.com")[0m
    [36m| [0m[34m|[0m /* 15.341 */    let clientTls = HttpClientTlsConfig([certificate])[0m
    [36m| [0m[34m|[0m /* 15.342 */    let client = HttpClient.builder().resolver(StaticResolver(ResolveResult([server.localEndpoint.address], host, ResolverSource.Static))).tls(clientTls).requestTimeout(3 * Duration.second).build()[0m
    [36m| [0m[34m|[0m /* 15.343 */    try {[0m
    [36m| [0m[34m|[0m /* 15.344 */        let response = client.send(HttpRequest.post("https://example.com:${server.localEndpoint.port}/h2", RequestBody.string("request-body")), trailer: HttpTrailer(headers: HttpHeaders.builder().add("X-Request-Trailer", "done").build()))[0m
    [36m| [0m[34m|[0m /* 15.345 */        expectEqual("response.status", "201", response.status, 201, isDelta: false)[0m
    [36m| [0m[34m|[0m /* 15.346 */        expectEqual("readPublicBody(response.body)", "\"response-body\"", readPublicBody(response.body), "response-body", isDelta: false)[0m
    [36m| [0m[34m|[0m /* 15.347 */        expectEqual("response.body.trailer.getOrThrow().headers.getFirst(\"x-response-trailer\")", "Some(\"done\")", response.body.trailer.getOrThrow().headers.getFirst("x-response-trailer"), Some("done"), isDelta: false)[0m
    [36m| [0m[34m|[0m /* 15.348 */        expectEqual("handler.http2Calls.load()", "1", handler.http2Calls.load(), 1, isDelta: false)[0m
    [36m| [0m[34m|[0m /* 15.349 */        response.close()[0m
    [36m| [0m[34m|[0m /* 15.350 */        let h1Context = OperationContext(deadline: Some(Deadline.after(3 * Duration.second)))[0m
    [36m| [0m[34m|[0m /* 15.351 */        let h1Handshaker = http1test.DefaultHttp1TlsHandshaker.createWithDer([certificate])[0m
    [36m| [0m[34m|[0m /* 15.352 */        let h1Transport = stdnettest.StdNetTransportFactory().connect(server.localEndpoint, h1Context)[0m
    [36m| [0m[34m|[0m /* 15.353 */        let h1Connection = http1test.Http1ClientConnection(h1Handshaker.handshake(HostName("example.com"), h1Transport, h1Context))[0m
    [36m| [0m[34m|[0m /* 15.354 */        try {[0m
    [36m| [0m[34m|[0m /* 15.355 */            let h1Response = h1Connection.execute(HttpRequest.get("https://example.com:${server.localEndpoint.port}/h1"), context: h1Context).response[0m
    [36m| [0m[34m|[0m /* 15.356 */            expectEqual("h1Response.status", "200", h1Response.status, 200, isDelta: false)[0m
    [36m| [0m[34m|[0m /* 15.357 */            h1Response.close()[0m
    [36m| [0m[34m|[0m /* 15.358 */            expectEqual("handler.http1Calls.load()", "1", handler.http1Calls.load(), 1, isDelta: false)[0m
    [36m| [0m[34m|[0m /* 15.359 */        } finally {[0m
    [36m| [0m[34m|[0m /* 15.360 */            h1Connection.close()[0m
    [36m| [0m[34m|[0m /* 15.361 */            h1Handshaker.close()[0m
    [36m| [0m[34m|[0m /* 15.362 */        }[0m
    [36m| [0m[34m|[0m /* 15.363 */        var structuredReset = false[0m
    [36m| [0m[34m|[0m /* 15.364 */        try {[0m
    [36m| [0m[34m|[0m /* 15.365 */            let _ = client.get("https://example.com:${server.localEndpoint.port}/fail")[0m
    [36m| [0m[34m|[0m /* 15.366 */        } catch(error: HttpException) {[0m
    [36m| [0m[34m|[0m /* 15.367 */            match(error.code) {[0m
    [36m| [0m[34m|[0m /* 15.368 */                case HttpErrorCode.StreamReset => structuredReset = true[0m
    [36m| [0m[34m|[0m /* 15.369 */                case _ =>()[0m
    [36m| [0m[34m|[0m /* 15.370 */            }[0m
    [36m| [0m[34m|[0m /* 15.371 */        }[0m
    [36m| [0m[34m|[0m /* 15.372 */        expectEqual("structuredReset", "true", structuredReset, true, isDelta: false)[0m
    [36m| [0m[34m|[0m /* 15.373 */        let result = server.shutdown(context: OperationContext(deadline: Some(Deadline.after(3 * Duration.second))))[0m
    [36m| [0m[34m|[0m /* 15.374 */        expectEqual("result.gracefullyCompleted", "1", result.gracefullyCompleted, 1, isDelta: false)[0m
    [36m| [0m[34m|[0m /* 15.375 */        expectEqual("result.aborted", "0", result.aborted, 0, isDelta: false)[0m
    [36m| [0m[34m|[0m /* 15.376 */        expectEqual("result.activeAtReturn", "0", result.activeAtReturn, 0, isDelta: false)[0m
    [36m| [0m[34m|[0m /* 15.377 */        serving.get(3 * Duration.second)[0m
    [36m| [0m[34m|[0m /* 15.378 */    } finally {[0m
    [36m| [0m[34m|[0m /* 15.379 */        client.close()[0m
    [36m| [0m[34m|[0m /* 15.380 */        clientTls.close()[0m
    [36m| [0m[34m|[0m /* 15.381 */        if(! server.isClosed()) {[0m
    [36m| [0m[34m|[0m /* 15.382 */            let _ = server.shutdown(context: OperationContext(deadline: Some(Deadline.after(3 * Duration.second))))[0m
    [36m| [0m[34m|[0m /* 15.383 */            serving.get(3 * Duration.second)[0m
    [36m| [0m[34m|[0m /* 15.384 */        }[0m
    [36m| [0m[34m|[0m /* 15.385 */        serverTls.close()[0m
    [36m| [0m[34m|[0m /* 15.386 */    }[0m
    [36m| [0m[34m|[0m /* 15.387 */}[0m
    [36m| [0m[34m|[0m /* 15.388 */[0m
    [36m| [0m[34m|[0m /* 15.389 */@Attribute[TestCase_44][0m
    [36m| [0m[34m|[0m /* 15.390 */func explicitResolverConnectsPublicClientAndServer(): Unit {[0m
    [36m| [0m[34m|[0m /* 15.391 */    let server = HttpServer.builder().listen(publicLoopback(0)).handler(PublicEmptyHandler()).connectionLimit(4).build()[0m
    [36m| [0m[34m|[0m /* 15.392 */    let serving: Future < Unit >= spawn { server.serve()[0m
    [36m| [0m[34m|[0m /* 15.393 */    }[0m
    [36m| [0m[34m|[0m /* 15.394 */    let host = HostName("loopback.test")[0m
    [36m| [0m[34m|[0m /* 15.395 */    let client = HttpClient.builder().resolver(StaticResolver(ResolveResult([server.localEndpoint.address], host, ResolverSource.Static))).requestTimeout(Duration.second).build()[0m
    [36m| [0m[34m|[0m /* 15.396 */    try {[0m
    [36m| [0m[34m|[0m /* 15.397 */        let response = client.get("http://loopback.test:${server.localEndpoint.port}/ready")[0m
    [36m| [0m[34m|[0m /* 15.398 */        expectEqual("response.status", "200", response.status, 200, isDelta: false)[0m
    [36m| [0m[34m|[0m /* 15.399 */        expectEqual("response.headers.getFirst(\"content-length\")", "Some(\"0\")", response.headers.getFirst("content-length"), Some("0"), isDelta: false)[0m
    [36m| [0m[34m|[0m /* 15.400 */        expectEqual("response.body.read(Array < Byte >(1, repeat: 0))", "0", response.body.read(Array < Byte >(1, repeat: 0)), 0, isDelta: false)[0m
    [36m| [0m[34m|[0m /* 15.401 */        response.close()[0m
    [36m| [0m[34m|[0m /* 15.402 */    } finally {[0m
    [36m| [0m[34m|[0m /* 15.403 */        client.close()[0m
    [36m| [0m[34m|[0m /* 15.404 */        let _ = server.shutdown(context: OperationContext(deadline: Some(Deadline.after(Duration.second))))[0m
    [36m| [0m[34m|[0m /* 15.405 */        serving.get(Duration.second)[0m
    [36m| [0m[34m|[0m /* 15.406 */    }[0m
    [36m| [0m[34m|[0m /* 15.407 */}[0m
    [36m| [0m[34m|[0m /* 15.408 */[0m
    [36m| [0m[34m|[0m /* 15.409 */@Attribute[TestCase_45][0m
    [36m| [0m[34m|[0m /* 15.410 */func defaultSystemResolverConnectsPublicClientAndServer(): Unit {[0m
    [36m| [0m[34m|[0m /* 15.411 */    let server = HttpServer.builder().listen(publicLoopback(0)).handler(PublicEmptyHandler()).connectionLimit(4).build()[0m
    [36m| [0m[34m|[0m /* 15.412 */    let serving: Future < Unit >= spawn { server.serve()[0m
    [36m| [0m[34m|[0m /* 15.413 */    }[0m
    [36m| [0m[34m|[0m /* 15.414 */    let client = HttpClient.default()[0m
    [36m| [0m[34m|[0m /* 15.415 */    try {[0m
    [36m| [0m[34m|[0m /* 15.416 */        let response = client.get("http://localhost:${server.localEndpoint.port}/ready", context: OperationContext(deadline: Some(Deadline.after(Duration.second))))[0m
    [36m| [0m[34m|[0m /* 15.417 */        expectEqual("response.status", "200", response.status, 200, isDelta: false)[0m
    [36m| [0m[34m|[0m /* 15.418 */        expectEqual("response.body.read(Array < Byte >(1, repeat: 0))", "0", response.body.read(Array < Byte >(1, repeat: 0)), 0, isDelta: false)[0m
    [36m| [0m[34m|[0m /* 15.419 */        response.close()[0m
    [36m| [0m[34m|[0m /* 15.420 */    } finally {[0m
    [36m| [0m[34m|[0m /* 15.421 */        client.close()[0m
    [36m| [0m[34m|[0m /* 15.422 */        let _ = server.shutdown(context: OperationContext(deadline: Some(Deadline.after(Duration.second))))[0m
    [36m| [0m[34m|[0m /* 15.423 */        serving.get(Duration.second)[0m
    [36m| [0m[34m|[0m /* 15.424 */    }[0m
    [36m| [0m[34m|[0m /* 15.425 */}[0m
    [36m| [0m[34m|[0m /* 15.426 */[0m
    [36m| [0m[34m|[0m /* 15.427 */@Attribute[TestCase_46][0m
    [36m| [0m[34m|[0m /* 15.428 */func clientFollowsOriginRelativeRedirectEndToEnd(): Unit {[0m
    [36m| [0m[34m|[0m /* 15.429 */    let handler = PublicRedirectHandler()[0m
    [36m| [0m[34m|[0m /* 15.430 */    let server = HttpServer.builder().listen(publicLoopback(0)).handler(handler).build()[0m
    [36m| [0m[34m|[0m /* 15.431 */    let serving: Future < Unit >= spawn { server.serve()[0m
    [36m| [0m[34m|[0m /* 15.432 */    }[0m
    [36m| [0m[34m|[0m /* 15.433 */    let host = HostName("redirect.test")[0m
    [36m| [0m[34m|[0m /* 15.434 */    let client = HttpClient.builder().resolver(StaticResolver(ResolveResult([server.localEndpoint.address], host, ResolverSource.Static))).requestTimeout(Duration.second).build()[0m
    [36m| [0m[34m|[0m /* 15.435 */    try {[0m
    [36m| [0m[34m|[0m /* 15.436 */        let response = client.get("http://redirect.test:${server.localEndpoint.port}/start")[0m
    [36m| [0m[34m|[0m /* 15.437 */        expectEqual("response.status", "200", response.status, 200, isDelta: false)[0m
    [36m| [0m[34m|[0m /* 15.438 */        expectEqual("handler.calls.load()", "2", handler.calls.load(), 2, isDelta: false)[0m
    [36m| [0m[34m|[0m /* 15.439 */        response.close()[0m
    [36m| [0m[34m|[0m /* 15.440 */    } finally {[0m
    [36m| [0m[34m|[0m /* 15.441 */        client.close()[0m
    [36m| [0m[34m|[0m /* 15.442 */        let _ = server.shutdown(context: OperationContext(deadline: Some(Deadline.after(Duration.second))))[0m
    [36m| [0m[34m|[0m /* 15.443 */        serving.get(Duration.second)[0m
    [36m| [0m[34m|[0m /* 15.444 */    }[0m
    [36m| [0m[34m|[0m /* 15.445 */}[0m
    [36m| [0m[34m|[0m /* 15.446 */[0m
    [36m| [0m[34m|[0m /* 15.447 */@Attribute[TestCase_47][0m
    [36m| [0m[34m|[0m /* 15.448 */func clientRetriesOneTemporaryDnsFailureWithinTheSameDeadline(): Unit {[0m
    [36m| [0m[34m|[0m /* 15.449 */    let server = HttpServer.builder().listen(publicLoopback(0)).handler(PublicEmptyHandler()).build()[0m
    [36m| [0m[34m|[0m /* 15.450 */    let serving: Future < Unit >= spawn { server.serve()[0m
    [36m| [0m[34m|[0m /* 15.451 */    }[0m
    [36m| [0m[34m|[0m /* 15.452 */    let host = HostName("retry.test")[0m
    [36m| [0m[34m|[0m /* 15.453 */    let resolver = FlakyPublicResolver(ResolveResult([server.localEndpoint.address], host, ResolverSource.Static))[0m
    [36m| [0m[34m|[0m /* 15.454 */    let client = HttpClient.builder().resolver(resolver).requestTimeout(Duration.second).retryPolicy(HttpRetryPolicy(maximumAttempts: 2)).build()[0m
    [36m| [0m[34m|[0m /* 15.455 */    try {[0m
    [36m| [0m[34m|[0m /* 15.456 */        let response = client.get("http://retry.test:${server.localEndpoint.port}/ready")[0m
    [36m| [0m[34m|[0m /* 15.457 */        expectEqual("response.status", "200", response.status, 200, isDelta: false)[0m
    [36m| [0m[34m|[0m /* 15.458 */        expectEqual("resolver.calls.load()", "2", resolver.calls.load(), 2, isDelta: false)[0m
    [36m| [0m[34m|[0m /* 15.459 */        response.close()[0m
    [36m| [0m[34m|[0m /* 15.460 */    } finally {[0m
    [36m| [0m[34m|[0m /* 15.461 */        client.close()[0m
    [36m| [0m[34m|[0m /* 15.462 */        let _ = server.shutdown(context: OperationContext(deadline: Some(Deadline.after(Duration.second))))[0m
    [36m| [0m[34m|[0m /* 15.463 */        serving.get(Duration.second)[0m
    [36m| [0m[34m|[0m /* 15.464 */    }[0m
    [36m| [0m[34m|[0m /* 15.465 */}[0m
    [36m| [0m[34m|[0m /* 15.466 */[0m
    [36m| [0m[34m|[0m /* 15.467 */@Attribute[TestCase_48][0m
    [36m| [0m[34m|[0m /* 15.468 */func forwardProxyUsesAbsoluteFormIndependentDnsAndHookCredentials(): Unit {[0m
    [36m| [0m[34m|[0m /* 15.469 */    let handler = PublicForwardProxyHandler()[0m
    [36m| [0m[34m|[0m /* 15.470 */    let server = HttpServer.builder().listen(publicLoopback(0)).handler(handler).build()[0m
    [36m| [0m[34m|[0m /* 15.471 */    let serving: Future < Unit >= spawn { server.serve()[0m
    [36m| [0m[34m|[0m /* 15.472 */    }[0m
    [36m| [0m[34m|[0m /* 15.473 */    let proxyHost = HostName("proxy.test")[0m
    [36m| [0m[34m|[0m /* 15.474 */    let proxyResolver = CountingPublicResolver(ResolveResult([server.localEndpoint.address], proxyHost, ResolverSource.Static))[0m
    [36m| [0m[34m|[0m /* 15.475 */    let originResolver = RejectingPublicResolver()[0m
    [36m| [0m[34m|[0m /* 15.476 */    let authorization = PublicProxyAuthorization()[0m
    [36m| [0m[34m|[0m /* 15.477 */    let proxy = HttpProxyConfig(HttpProxyEndpoint.hostname("proxy.test", server.localEndpoint.port), proxyResolver, authorizationProvider: Some(authorization))[0m
    [36m| [0m[34m|[0m /* 15.478 */    let client = HttpClient.builder().resolver(originResolver).proxy(proxy).requestTimeout(Duration.second).build()[0m
    [36m| [0m[34m|[0m /* 15.479 */    try {[0m
    [36m| [0m[34m|[0m /* 15.480 */        let request = HttpRequest(HttpMethod("GET"), HttpUrl.parse("http://origin.test:8081/path?q=1"), headers: HttpHeaders.builder().add("Proxy-Authorization", "Caller value must be replaced").build())[0m
    [36m| [0m[34m|[0m /* 15.481 */        let response = client.send(request)[0m
    [36m| [0m[34m|[0m /* 15.482 */        expectEqual("response.status", "200", response.status, 200, isDelta: false)[0m
    [36m| [0m[34m|[0m /* 15.483 */        response.close()[0m
    [36m| [0m[34m|[0m /* 15.484 */        expectEqual("handler.valid.load()", "1", handler.valid.load(), 1, isDelta: false)[0m
    [36m| [0m[34m|[0m /* 15.485 */        expectEqual("proxyResolver.calls.load()", "1", proxyResolver.calls.load(), 1, isDelta: false)[0m
    [36m| [0m[34m|[0m /* 15.486 */        expectEqual("originResolver.calls.load()", "0", originResolver.calls.load(), 0, isDelta: false)[0m
    [36m| [0m[34m|[0m /* 15.487 */        expectEqual("authorization.calls.load()", "1", authorization.calls.load(), 1, isDelta: false)[0m
    [36m| [0m[34m|[0m /* 15.488 */    } finally {[0m
    [36m| [0m[34m|[0m /* 15.489 */        client.close()[0m
    [36m| [0m[34m|[0m /* 15.490 */        let _ = server.shutdown(context: OperationContext(deadline: Some(Deadline.after(Duration.second))))[0m
    [36m| [0m[34m|[0m /* 15.491 */        serving.get(Duration.second)[0m
    [36m| [0m[34m|[0m /* 15.492 */    }[0m
    [36m| [0m[34m|[0m /* 15.493 */}[0m
    [36m| [0m[34m|[0m /* 15.494 */[0m
    [36m| [0m[34m|[0m /* 15.495 */@Attribute[TestCase_49][0m
    [36m| [0m[34m|[0m /* 15.496 */func serverBuilderRequiresEndpointAndHandler(): Unit {[0m
    [36m| [0m[34m|[0m /* 15.497 */    var missingEndpoint = false[0m
    [36m| [0m[34m|[0m /* 15.498 */    try {[0m
    [36m| [0m[34m|[0m /* 15.499 */        let _ = HttpServer.builder().handler(PublicEmptyHandler()).build()[0m
    [36m| [0m[34m|[0m /* 15.500 */    } catch(_: IllegalStateException) {[0m
    [36m| [0m[34m|[0m /* 15.501 */        missingEndpoint = true[0m
    [36m| [0m[34m|[0m /* 15.502 */    }[0m
    [36m| [0m[34m|[0m /* 15.503 */    expectEqual("missingEndpoint", "true", missingEndpoint, true, isDelta: false)[0m
    [36m| [0m[34m|[0m /* 15.504 */    var missingHandler = false[0m
    [36m| [0m[34m|[0m /* 15.505 */    try {[0m
    [36m| [0m[34m|[0m /* 15.506 */        let _ = HttpServer.builder().listen(publicLoopback(0)).build()[0m
    [36m| [0m[34m|[0m /* 15.507 */    } catch(_: IllegalStateException) {[0m
    [36m| [0m[34m|[0m /* 15.508 */        missingHandler = true[0m
    [36m| [0m[34m|[0m /* 15.509 */    }[0m
    [36m| [0m[34m|[0m /* 15.510 */    expectEqual("missingHandler", "true", missingHandler, true, isDelta: false)[0m
    [36m| [0m[34m|[0m /* 15.511 */}[0m
    [36m| [0m[34m|[0m /* 15.512 */[0m
    [36m| [0m[34m|[0m /* 15.513 */@Attribute[TestCase_50][0m
    [36m| [0m[34m|[0m /* 15.514 */func tlsServerConfigFailsClosedBeforeBinding(): Unit {[0m
    [36m| [0m[34m|[0m /* 15.515 */    let invalid = HttpServerTlsConfig([],[1u8, 2u8, 3u8])[0m
    [36m| [0m[34m|[0m /* 15.516 */    var invalidRejected = false[0m
    [36m| [0m[34m|[0m /* 15.517 */    try {[0m
    [36m| [0m[34m|[0m /* 15.518 */        let _ = HttpServer.builder().listen(publicLoopback(0)).handler(PublicEmptyHandler()).tls(invalid).build()[0m
    [36m| [0m[34m|[0m /* 15.519 */    } catch(_: Exception) {[0m
    [36m| [0m[34m|[0m /* 15.520 */        invalidRejected = true[0m
    [36m| [0m[34m|[0m /* 15.521 */    }[0m
    [36m| [0m[34m|[0m /* 15.522 */    finally {[0m
    [36m| [0m[34m|[0m /* 15.523 */        invalid.close()[0m
    [36m| [0m[34m|[0m /* 15.524 */    }[0m
    [36m| [0m[34m|[0m /* 15.525 */    expectEqual("invalidRejected", "true", invalidRejected, true, isDelta: false)[0m
    [36m| [0m[34m|[0m /* 15.526 */    let closed = HttpServerTlsConfig([],[])[0m
    [36m| [0m[34m|[0m /* 15.527 */    closed.close()[0m
    [36m| [0m[34m|[0m /* 15.528 */    var closedRejected = false[0m
    [36m| [0m[34m|[0m /* 15.529 */    try {[0m
    [36m| [0m[34m|[0m /* 15.530 */        let _ = HttpServer.builder().listen(publicLoopback(0)).handler(PublicEmptyHandler()).tls(closed).build()[0m
    [36m| [0m[34m|[0m /* 15.531 */    } catch(_: IllegalStateException) {[0m
    [36m| [0m[34m|[0m /* 15.532 */        closedRejected = true[0m
    [36m| [0m[34m|[0m /* 15.533 */    }[0m
    [36m| [0m[34m|[0m /* 15.534 */    expectEqual("closedRejected", "true", closedRejected, true, isDelta: false)[0m
    [36m| [0m[34m|[0m /* 15.535 */    let clientTls = HttpClientTlsConfig([])[0m
    [36m| [0m[34m|[0m /* 15.536 */    clientTls.close()[0m
    [36m| [0m[34m|[0m /* 15.537 */    var clientClosedRejected = false[0m
    [36m| [0m[34m|[0m /* 15.538 */    try {[0m
    [36m| [0m[34m|[0m /* 15.539 */        let _ = HttpClient.builder().tls(clientTls).build()[0m
    [36m| [0m[34m|[0m /* 15.540 */    } catch(_: IllegalStateException) {[0m
    [36m| [0m[34m|[0m /* 15.541 */        clientClosedRejected = true[0m
    [36m| [0m[34m|[0m /* 15.542 */    }[0m
    [36m| [0m[34m|[0m /* 15.543 */    expectEqual("clientClosedRejected", "true", clientClosedRejected, true, isDelta: false)[0m
    [36m| [0m[34m|[0m /* 15.544 */}[0m
    [36m| [0m[34m|[0m /* 15.545 */[0m
    [36m| [0m[34m|[0m /* 15.546 */@Attribute[TestCase_51][0m
    [36m| [0m[34m|[0m /* 15.547 */func followedHttp2RedirectClosesUnclaimedPushBeforeClientTeardown(): Unit {[0m
    [36m| [0m[34m|[0m /* 15.548 */    let certificate = publicTlsTestCertificateDer()[0m
    [36m| [0m[34m|[0m /* 15.549 */    let serverTls = HttpServerTlsConfig([certificate], publicTlsTestPrivateKeyDer())[0m
    [36m| [0m[34m|[0m /* 15.550 */    let handler = PublicRedirectPushHandler()[0m
    [36m| [0m[34m|[0m /* 15.551 */    let server = HttpServer.builder().listen(publicLoopback(0)).handler(handler).tls(serverTls).build()[0m
    [36m| [0m[34m|[0m /* 15.552 */    let serving = spawn { server.serve()[0m
    [36m| [0m[34m|[0m /* 15.553 */    }[0m
    [36m| [0m[34m|[0m /* 15.554 */    let clientTls = HttpClientTlsConfig([certificate])[0m
    [36m| [0m[34m|[0m /* 15.555 */    let client = HttpClient.builder().resolver(StaticResolver(ResolveResult([server.localEndpoint.address], HostName("example.com"), ResolverSource.Static))).tls(clientTls).requestTimeout(30 * Duration.second).http2Push(Http2PushConfig(SameOriginHttp2PushPolicy(), maximumConcurrentPushes: 1, maximumPendingPushes: 1, maximumPushesPerRequest: 1)).build()[0m
    [36m| [0m[34m|[0m /* 15.556 */    try {[0m
    [36m| [0m[34m|[0m /* 15.557 */        let response = client.get("https://example.com:${server.localEndpoint.port}/start")[0m
    [36m| [0m[34m|[0m /* 15.558 */        try {[0m
    [36m| [0m[34m|[0m /* 15.559 */            expectEqual("response.status", "200", response.status, 200, isDelta: false)[0m
    [36m| [0m[34m|[0m /* 15.560 */            expectEqual("response.version", "HttpVersion.Http2", response.version, HttpVersion.Http2, isDelta: false)[0m
    [36m| [0m[34m|[0m /* 15.561 */            expectEqual("readPublicBody(response.body)", "\"done\"", readPublicBody(response.body), "done", isDelta: false)[0m
    [36m| [0m[34m|[0m /* 15.562 */            expectEqual("handler.observer.awaitAbandonment()", "true", handler.observer.awaitAbandonment(), true, isDelta: false)[0m
    [36m| [0m[34m|[0m /* 15.563 */        } finally {[0m
    [36m| [0m[34m|[0m /* 15.564 */            response.close()[0m
    [36m| [0m[34m|[0m /* 15.565 */        }[0m
    [36m| [0m[34m|[0m /* 15.566 */    } finally {[0m
    [36m| [0m[34m|[0m /* 15.567 */        client.close()[0m
    [36m| [0m[34m|[0m /* 15.568 */        clientTls.close()[0m
    [36m| [0m[34m|[0m /* 15.569 */        let _ = server.shutdown(context: OperationContext(deadline: Some(Deadline.after(5 * Duration.second))))[0m
    [36m| [0m[34m|[0m /* 15.570 */        serving.get(5 * Duration.second)[0m
    [36m| [0m[34m|[0m /* 15.571 */        serverTls.close()[0m
    [36m| [0m[34m|[0m /* 15.572 */    }[0m
    [36m| [0m[34m|[0m /* 15.573 */}[0m
    [36m| [0m[34m|[0m /* 15.574 */[0m
    [36m| [0m[34m|[0m /* 15.575 */init() {[0m
    [36m| [0m[34m|[0m /* 15.576 */}[0m
    [36m| [0m[34m|[0m /* 15.577 */private func classConfiguration(): Configuration {[0m
    [36m| [0m[34m|[0m /* 15.578 */    let configuration = Configuration()[0m
    [36m| [0m[34m|[0m /* 15.579 */    [0m
    [36m| [0m[34m|[0m /* 15.580 */    return configuration[0m
    [36m| [0m[34m|[0m /* 15.581 */}[0m
    [36m| [0m[34m|[0m /* 15.582 */public override func asTestSuite(): TestSuite {[0m
    [36m| [0m[34m|[0m /* 15.583 */    [0m
    [36m| [0m[34m|[0m /* 15.584 */    let suiteConfiguration = classConfiguration()[0m
    [36m| [0m[34m|[0m /* 15.585 */    let suiteBuilder = TestSuite.builder("HttpFacadeTest").configure(suiteConfiguration)[0m
    [36m| [0m[34m|[0m /* 15.586 */    [0m
    [36m| [0m[34m|[0m /* 15.587 */    { => let caseConfig = Configuration()[0m
    [36m| [0m[34m|[0m /* 15.588 */        [0m
    [36m| [0m[34m|[0m /* 15.589 */        let requestCancellationOutlivesCompletedParentWhileTransferredPushStallsTestFunc = { => requestCancellationOutlivesCompletedParentWhileTransferredPushStalls();() }[0m
    [36m| [0m[34m|[0m /* 15.590 */        suiteBuilder.add([0m
    [36m| [0m[34m|[0m /* 15.591 */        UnitTestCase.create([0m
    [36m| [0m[34m|[0m /* 15.592 */        "requestCancellationOutlivesCompletedParentWhileTransferredPushStalls",[0m
    [36m| [0m[34m|[0m /* 15.593 */        configuration: caseConfig,[0m
    [36m| [0m[34m|[0m /* 15.594 */        body: requestCancellationOutlivesCompletedParentWhileTransferredPushStallsTestFunc[0m
    [36m| [0m[34m|[0m /* 15.595 */        )[0m
    [36m| [0m[34m|[0m /* 15.596 */        )[0m
    [36m| [0m[34m|[0m /* 15.597 */        [0m
    [36m| [0m[34m|[0m /* 15.598 */    }()[0m
    [36m| [0m[34m|[0m /* 15.599 */    [0m
    [36m| [0m[34m|[0m /* 15.600 */    [0m
    [36m| [0m[34m|[0m /* 15.601 */    { => let caseConfig = Configuration()[0m
    [36m| [0m[34m|[0m /* 15.602 */        [0m
    [36m| [0m[34m|[0m /* 15.603 */        let cancellationWrapperPreservesProtocolCompletionPolicyTestFunc = { => cancellationWrapperPreservesProtocolCompletionPolicy();() }[0m
    [36m| [0m[34m|[0m /* 15.604 */        suiteBuilder.add([0m
    [36m| [0m[34m|[0m /* 15.605 */        UnitTestCase.create([0m
    [36m| [0m[34m|[0m /* 15.606 */        "cancellationWrapperPreservesProtocolCompletionPolicy",[0m
    [36m| [0m[34m|[0m /* 15.607 */        configuration: caseConfig,[0m
    [36m| [0m[34m|[0m /* 15.608 */        body: cancellationWrapperPreservesProtocolCompletionPolicyTestFunc[0m
    [36m| [0m[34m|[0m /* 15.609 */        )[0m
    [36m| [0m[34m|[0m /* 15.610 */        )[0m
    [36m| [0m[34m|[0m /* 15.611 */        [0m
    [36m| [0m[34m|[0m /* 15.612 */    }()[0m
    [36m| [0m[34m|[0m /* 15.613 */    [0m
    [36m| [0m[34m|[0m /* 15.614 */    [0m
    [36m| [0m[34m|[0m /* 15.615 */    { => let caseConfig = Configuration()[0m
    [36m| [0m[34m|[0m /* 15.616 */        [0m
    [36m| [0m[34m|[0m /* 15.617 */        let typedCancellationHandlesAreScopedIdempotentAndStopBeforeNetworkIoTestFunc = { => typedCancellationHandlesAreScopedIdempotentAndStopBeforeNetworkIo();() }[0m
    [36m| [0m[34m|[0m /* 15.618 */        suiteBuilder.add([0m
    [36m| [0m[34m|[0m /* 15.619 */        UnitTestCase.create([0m
    [36m| [0m[34m|[0m /* 15.620 */        "typedCancellationHandlesAreScopedIdempotentAndStopBeforeNetworkIo",[0m
    [36m| [0m[34m|[0m /* 15.621 */        configuration: caseConfig,[0m
    [36m| [0m[34m|[0m /* 15.622 */        body: typedCancellationHandlesAreScopedIdempotentAndStopBeforeNetworkIoTestFunc[0m
    [36m| [0m[34m|[0m /* 15.623 */        )[0m
    [36m| [0m[34m|[0m /* 15.624 */        )[0m
    [36m| [0m[34m|[0m /* 15.625 */        [0m
    [36m| [0m[34m|[0m /* 15.626 */    }()[0m
    [36m| [0m[34m|[0m /* 15.627 */    [0m
    [36m| [0m[34m|[0m /* 15.628 */    [0m
    [36m| [0m[34m|[0m /* 15.629 */    { => let caseConfig = Configuration()[0m
    [36m| [0m[34m|[0m /* 15.630 */        [0m
    [36m| [0m[34m|[0m /* 15.631 */        let publicHttp1ConnectionHandleCancelsBodyAndLeavesClientReusableTestFunc = { => publicHttp1ConnectionHandleCancelsBodyAndLeavesClientReusable();() }[0m
    [36m| [0m[34m|[0m /* 15.632 */        suiteBuilder.add([0m
    [36m| [0m[34m|[0m /* 15.633 */        UnitTestCase.create([0m
    [36m| [0m[34m|[0m /* 15.634 */        "publicHttp1ConnectionHandleCancelsBodyAndLeavesClientReusable",[0m
    [36m| [0m[34m|[0m /* 15.635 */        configuration: caseConfig,[0m
    [36m| [0m[34m|[0m /* 15.636 */        body: publicHttp1ConnectionHandleCancelsBodyAndLeavesClientReusableTestFunc[0m
    [36m| [0m[34m|[0m /* 15.637 */        )[0m
    [36m| [0m[34m|[0m /* 15.638 */        )[0m
    [36m| [0m[34m|[0m /* 15.639 */        [0m
    [36m| [0m[34m|[0m /* 15.640 */    }()[0m
    [36m| [0m[34m|[0m /* 15.641 */    [0m
    [36m| [0m[34m|[0m /* 15.642 */    [0m
    [36m| [0m[34m|[0m /* 15.643 */    { => let caseConfig = Configuration()[0m
    [36m| [0m[34m|[0m /* 15.644 */        [0m
    [36m| [0m[34m|[0m /* 15.645 */        let publicHttp2StreamAndConnectionHandlesRespectTheirScopesTestFunc = { => publicHttp2StreamAndConnectionHandlesRespectTheirScopes();() }[0m
    [36m| [0m[34m|[0m /* 15.646 */        suiteBuilder.add([0m
    [36m| [0m[34m|[0m /* 15.647 */        UnitTestCase.create([0m
    [36m| [0m[34m|[0m /* 15.648 */        "publicHttp2StreamAndConnectionHandlesRespectTheirScopes",[0m
    [36m| [0m[34m|[0m /* 15.649 */        configuration: caseConfig,[0m
    [36m| [0m[34m|[0m /* 15.650 */        body: publicHttp2StreamAndConnectionHandlesRespectTheirScopesTestFunc[0m
    [36m| [0m[34m|[0m /* 15.651 */        )[0m
    [36m| [0m[34m|[0m /* 15.652 */        )[0m
    [36m| [0m[34m|[0m /* 15.653 */        [0m
    [36m| [0m[34m|[0m /* 15.654 */    }()[0m
    [36m| [0m[34m|[0m /* 15.655 */    [0m
    [36m| [0m[34m|[0m /* 15.656 */    [0m
    [36m| [0m[34m|[0m /* 15.657 */    { => let caseConfig = Configuration()[0m
    [36m| [0m[34m|[0m /* 15.658 */        [0m
    [36m| [0m[34m|[0m /* 15.659 */        let publicHttp2SlowStreamCannotStarveOneTenOrHundredSiblingsTestFunc = { => publicHttp2SlowStreamCannotStarveOneTenOrHundredSiblings();() }[0m
    [36m| [0m[34m|[0m /* 15.660 */        suiteBuilder.add([0m
    [36m| [0m[34m|[0m /* 15.661 */        UnitTestCase.create([0m
    [36m| [0m[34m|[0m /* 15.662 */        "publicHttp2SlowStreamCannotStarveOneTenOrHundredSiblings",[0m
    [36m| [0m[34m|[0m /* 15.663 */        configuration: caseConfig,[0m
    [36m| [0m[34m|[0m /* 15.664 */        body: publicHttp2SlowStreamCannotStarveOneTenOrHundredSiblingsTestFunc[0m
    [36m| [0m[34m|[0m /* 15.665 */        )[0m
    [36m| [0m[34m|[0m /* 15.666 */        )[0m
    [36m| [0m[34m|[0m /* 15.667 */        [0m
    [36m| [0m[34m|[0m /* 15.668 */    }()[0m
    [36m| [0m[34m|[0m /* 15.669 */    [0m
    [36m| [0m[34m|[0m /* 15.670 */    [0m
    [36m| [0m[34m|[0m /* 15.671 */    { => let caseConfig = Configuration()[0m
    [36m| [0m[34m|[0m /* 15.672 */        [0m
    [36m| [0m[34m|[0m /* 15.673 */        let tlsHttp2StreamLimitIsAppliedAcrossConcurrentPublicRequestsTestFunc = { => tlsHttp2StreamLimitIsAppliedAcrossConcurrentPublicRequests();() }[0m
    [36m| [0m[34m|[0m /* 15.674 */        suiteBuilder.add([0m
    [36m| [0m[34m|[0m /* 15.675 */        UnitTestCase.create([0m
    [36m| [0m[34m|[0m /* 15.676 */        "tlsHttp2StreamLimitIsAppliedAcrossConcurrentPublicRequests",[0m
    [36m| [0m[34m|[0m /* 15.677 */        configuration: caseConfig,[0m
    [36m| [0m[34m|[0m /* 15.678 */        body: tlsHttp2StreamLimitIsAppliedAcrossConcurrentPublicRequestsTestFunc[0m
    [36m| [0m[34m|[0m /* 15.679 */        )[0m
    [36m| [0m[34m|[0m /* 15.680 */        )[0m
    [36m| [0m[34m|[0m /* 15.681 */        [0m
    [36m| [0m[34m|[0m /* 15.682 */    }()[0m
    [36m| [0m[34m|[0m /* 15.683 */    [0m
    [36m| [0m[34m|[0m /* 15.684 */    [0m
    [36m| [0m[34m|[0m /* 15.685 */    { => let caseConfig = Configuration()[0m
    [36m| [0m[34m|[0m /* 15.686 */        [0m
    [36m| [0m[34m|[0m /* 15.687 */        let tlsFacadeNegotiatesHttp2AndMapsBodyTrailersAndResponseTestFunc = { => tlsFacadeNegotiatesHttp2AndMapsBodyTrailersAndResponse();() }[0m
    [36m| [0m[34m|[0m /* 15.688 */        suiteBuilder.add([0m
    [36m| [0m[34m|[0m /* 15.689 */        UnitTestCase.create([0m
    [36m| [0m[34m|[0m /* 15.690 */        "tlsFacadeNegotiatesHttp2AndMapsBodyTrailersAndResponse",[0m
    [36m| [0m[34m|[0m /* 15.691 */        configuration: caseConfig,[0m
    [36m| [0m[34m|[0m /* 15.692 */        body: tlsFacadeNegotiatesHttp2AndMapsBodyTrailersAndResponseTestFunc[0m
    [36m| [0m[34m|[0m /* 15.693 */        )[0m
    [36m| [0m[34m|[0m /* 15.694 */        )[0m
    [36m| [0m[34m|[0m /* 15.695 */        [0m
    [36m| [0m[34m|[0m /* 15.696 */    }()[0m
    [36m| [0m[34m|[0m /* 15.697 */    [0m
    [36m| [0m[34m|[0m /* 15.698 */    [0m
    [36m| [0m[34m|[0m /* 15.699 */    { => let caseConfig = Configuration()[0m
    [36m| [0m[34m|[0m /* 15.700 */        [0m
    [36m| [0m[34m|[0m /* 15.701 */        let explicitResolverConnectsPublicClientAndServerTestFunc = { => explicitResolverConnectsPublicClientAndServer();() }[0m
    [36m| [0m[34m|[0m /* 15.702 */        suiteBuilder.add([0m
    [36m| [0m[34m|[0m /* 15.703 */        UnitTestCase.create([0m
    [36m| [0m[34m|[0m /* 15.704 */        "explicitResolverConnectsPublicClientAndServer",[0m
    [36m| [0m[34m|[0m /* 15.705 */        configuration: caseConfig,[0m
    [36m| [0m[34m|[0m /* 15.706 */        body: explicitResolverConnectsPublicClientAndServerTestFunc[0m
    [36m| [0m[34m|[0m /* 15.707 */        )[0m
    [36m| [0m[34m|[0m /* 15.708 */        )[0m
    [36m| [0m[34m|[0m /* 15.709 */        [0m
    [36m| [0m[34m|[0m /* 15.710 */    }()[0m
    [36m| [0m[34m|[0m /* 15.711 */    [0m
    [36m| [0m[34m|[0m /* 15.712 */    [0m
    [36m| [0m[34m|[0m /* 15.713 */    { => let caseConfig = Configuration()[0m
    [36m| [0m[34m|[0m /* 15.714 */        [0m
    [36m| [0m[34m|[0m /* 15.715 */        let defaultSystemResolverConnectsPublicClientAndServerTestFunc = { => defaultSystemResolverConnectsPublicClientAndServer();() }[0m
    [36m| [0m[34m|[0m /* 15.716 */        suiteBuilder.add([0m
    [36m| [0m[34m|[0m /* 15.717 */        UnitTestCase.create([0m
    [36m| [0m[34m|[0m /* 15.718 */        "defaultSystemResolverConnectsPublicClientAndServer",[0m
    [36m| [0m[34m|[0m /* 15.719 */        configuration: caseConfig,[0m
    [36m| [0m[34m|[0m /* 15.720 */        body: defaultSystemResolverConnectsPublicClientAndServerTestFunc[0m
    [36m| [0m[34m|[0m /* 15.721 */        )[0m
    [36m| [0m[34m|[0m /* 15.722 */        )[0m
    [36m| [0m[34m|[0m /* 15.723 */        [0m
    [36m| [0m[34m|[0m /* 15.724 */    }()[0m
    [36m| [0m[34m|[0m /* 15.725 */    [0m
    [36m| [0m[34m|[0m /* 15.726 */    [0m
    [36m| [0m[34m|[0m /* 15.727 */    { => let caseConfig = Configuration()[0m
    [36m| [0m[34m|[0m /* 15.728 */        [0m
    [36m| [0m[34m|[0m /* 15.729 */        let clientFollowsOriginRelativeRedirectEndToEndTestFunc = { => clientFollowsOriginRelativeRedirectEndToEnd();() }[0m
    [36m| [0m[34m|[0m /* 15.730 */        suiteBuilder.add([0m
    [36m| [0m[34m|[0m /* 15.731 */        UnitTestCase.create([0m
    [36m| [0m[34m|[0m /* 15.732 */        "clientFollowsOriginRelativeRedirectEndToEnd",[0m
    [36m| [0m[34m|[0m /* 15.733 */        configuration: caseConfig,[0m
    [36m| [0m[34m|[0m /* 15.734 */        body: clientFollowsOriginRelativeRedirectEndToEndTestFunc[0m
    [36m| [0m[34m|[0m /* 15.735 */        )[0m
    [36m| [0m[34m|[0m /* 15.736 */        )[0m
    [36m| [0m[34m|[0m /* 15.737 */        [0m
    [36m| [0m[34m|[0m /* 15.738 */    }()[0m
    [36m| [0m[34m|[0m /* 15.739 */    [0m
    [36m| [0m[34m|[0m /* 15.740 */    [0m
    [36m| [0m[34m|[0m /* 15.741 */    { => let caseConfig = Configuration()[0m
    [36m| [0m[34m|[0m /* 15.742 */        [0m
    [36m| [0m[34m|[0m /* 15.743 */        let clientRetriesOneTemporaryDnsFailureWithinTheSameDeadlineTestFunc = { => clientRetriesOneTemporaryDnsFailureWithinTheSameDeadline();() }[0m
    [36m| [0m[34m|[0m /* 15.744 */        suiteBuilder.add([0m
    [36m| [0m[34m|[0m /* 15.745 */        UnitTestCase.create([0m
    [36m| [0m[34m|[0m /* 15.746 */        "clientRetriesOneTemporaryDnsFailureWithinTheSameDeadline",[0m
    [36m| [0m[34m|[0m /* 15.747 */        configuration: caseConfig,[0m
    [36m| [0m[34m|[0m /* 15.748 */        body: clientRetriesOneTemporaryDnsFailureWithinTheSameDeadlineTestFunc[0m
    [36m| [0m[34m|[0m /* 15.749 */        )[0m
    [36m| [0m[34m|[0m /* 15.750 */        )[0m
    [36m| [0m[34m|[0m /* 15.751 */        [0m
    [36m| [0m[34m|[0m /* 15.752 */    }()[0m
    [36m| [0m[34m|[0m /* 15.753 */    [0m
    [36m| [0m[34m|[0m /* 15.754 */    [0m
    [36m| [0m[34m|[0m /* 15.755 */    { => let caseConfig = Configuration()[0m
    [36m| [0m[34m|[0m /* 15.756 */        [0m
    [36m| [0m[34m|[0m /* 15.757 */        let forwardProxyUsesAbsoluteFormIndependentDnsAndHookCredentialsTestFunc = { => forwardProxyUsesAbsoluteFormIndependentDnsAndHookCredentials();() }[0m
    [36m| [0m[34m|[0m /* 15.758 */        suiteBuilder.add([0m
    [36m| [0m[34m|[0m /* 15.759 */        UnitTestCase.create([0m
    [36m| [0m[34m|[0m /* 15.760 */        "forwardProxyUsesAbsoluteFormIndependentDnsAndHookCredentials",[0m
    [36m| [0m[34m|[0m /* 15.761 */        configuration: caseConfig,[0m
    [36m| [0m[34m|[0m /* 15.762 */        body: forwardProxyUsesAbsoluteFormIndependentDnsAndHookCredentialsTestFunc[0m
    [36m| [0m[34m|[0m /* 15.763 */        )[0m
    [36m| [0m[34m|[0m /* 15.764 */        )[0m
    [36m| [0m[34m|[0m /* 15.765 */        [0m
    [36m| [0m[34m|[0m /* 15.766 */    }()[0m
    [36m| [0m[34m|[0m /* 15.767 */    [0m
    [36m| [0m[34m|[0m /* 15.768 */    [0m
    [36m| [0m[34m|[0m /* 15.769 */    { => let caseConfig = Configuration()[0m
    [36m| [0m[34m|[0m /* 15.770 */        [0m
    [36m| [0m[34m|[0m /* 15.771 */        let serverBuilderRequiresEndpointAndHandlerTestFunc = { => serverBuilderRequiresEndpointAndHandler();() }[0m
    [36m| [0m[34m|[0m /* 15.772 */        suiteBuilder.add([0m
    [36m| [0m[34m|[0m /* 15.773 */        UnitTestCase.create([0m
    [36m| [0m[34m|[0m /* 15.774 */        "serverBuilderRequiresEndpointAndHandler",[0m
    [36m| [0m[34m|[0m /* 15.775 */        configuration: caseConfig,[0m
    [36m| [0m[34m|[0m /* 15.776 */        body: serverBuilderRequiresEndpointAndHandlerTestFunc[0m
    [36m| [0m[34m|[0m /* 15.777 */        )[0m
    [36m| [0m[34m|[0m /* 15.778 */        )[0m
    [36m| [0m[34m|[0m /* 15.779 */        [0m
    [36m| [0m[34m|[0m /* 15.780 */    }()[0m
    [36m| [0m[34m|[0m /* 15.781 */    [0m
    [36m| [0m[34m|[0m /* 15.782 */    [0m
    [36m| [0m[34m|[0m /* 15.783 */    { => let caseConfig = Configuration()[0m
    [36m| [0m[34m|[0m /* 15.784 */        [0m
    [36m| [0m[34m|[0m /* 15.785 */        let tlsServerConfigFailsClosedBeforeBindingTestFunc = { => tlsServerConfigFailsClosedBeforeBinding();() }[0m
    [36m| [0m[34m|[0m /* 15.786 */        suiteBuilder.add([0m
    [36m| [0m[34m|[0m /* 15.787 */        UnitTestCase.create([0m
    [36m| [0m[34m|[0m /* 15.788 */        "tlsServerConfigFailsClosedBeforeBinding",[0m
    [36m| [0m[34m|[0m /* 15.789 */        configuration: caseConfig,[0m
    [36m| [0m[34m|[0m /* 15.790 */        body: tlsServerConfigFailsClosedBeforeBindingTestFunc[0m
    [36m| [0m[34m|[0m /* 15.791 */        )[0m
    [36m| [0m[34m|[0m /* 15.792 */        )[0m
    [36m| [0m[34m|[0m /* 15.793 */        [0m
    [36m| [0m[34m|[0m /* 15.794 */    }()[0m
    [36m| [0m[34m|[0m /* 15.795 */    [0m
    [36m| [0m[34m|[0m /* 15.796 */    [0m
    [36m| [0m[34m|[0m /* 15.797 */    { => let caseConfig = Configuration()[0m
    [36m| [0m[34m|[0m /* 15.798 */        [0m
    [36m| [0m[34m|[0m /* 15.799 */        let followedHttp2RedirectClosesUnclaimedPushBeforeClientTeardownTestFunc = { => followedHttp2RedirectClosesUnclaimedPushBeforeClientTeardown();() }[0m
    [36m| [0m[34m|[0m /* 15.800 */        suiteBuilder.add([0m
    [36m| [0m[34m|[0m /* 15.801 */        UnitTestCase.create([0m
    [36m| [0m[34m|[0m /* 15.802 */        "followedHttp2RedirectClosesUnclaimedPushBeforeClientTeardown",[0m
    [36m| [0m[34m|[0m /* 15.803 */        configuration: caseConfig,[0m
    [36m| [0m[34m|[0m /* 15.804 */        body: followedHttp2RedirectClosesUnclaimedPushBeforeClientTeardownTestFunc[0m
    [36m| [0m[34m|[0m /* 15.805 */        )[0m
    [36m| [0m[34m|[0m /* 15.806 */        )[0m
    [36m| [0m[34m|[0m /* 15.807 */        [0m
    [36m| [0m[34m|[0m /* 15.808 */    }()[0m
    [36m| [0m[34m|[0m /* 15.809 */    [0m
    [36m| [0m[34m|[0m /* 15.810 */    return suiteBuilder.build()[0m
    [36m| [0m[34m|[0m /* 15.811 */}[0m
    [36m| [0m[34m|[0m /* 15.812 */private func inheritedFromClassAnnotatedByTestTemplate < T >(): TestSuite where T <: TestClass {[0m
    [36m| [0m[34m|[0m /* 15.813 */    throw Exception("Unreachable code")[0m
    [36m| [0m[34m|[0m /* 15.814 */}[0m
    [36m| [0m[34m|[0m /* 15.815 */}[0m
    [36m| [0m[34m|[0m /* 15.816 */[0m
    [36m| [0m[34m|[0m /* 15.817 */[0m
    [36m| [0m[34m|[0m /* 15.818 */interface TestPackageExtension_HttpFacadeTest {[0m
    [36m| [0m[34m|[0m /* 15.819 */func registerHttpFacadeTest(): Unit[0m
    [36m| [0m[34m|[0m /* 15.820 */}[0m
    [36m| [0m[34m|[0m /* 15.821 */extend TestPackage <: TestPackageExtension_HttpFacadeTest {[0m
    [36m| [0m[34m|[0m /* 15.822 */@Attribute[TEST_REGISTER][0m
    [36m| [0m[34m|[0m /* 15.823 */public func registerHttpFacadeTest() {[0m
    [36m| [0m[34m|[0m /* 15.824 */    registerSuite({ => HttpFacadeTest().asTestSuite() })[0m
    [36m| [0m[34m|[0m /* 15.825 */}[0m
    [36m| [0m[34m|[0m /* 15.826 */}[0m
    [36m| [0m[34m|[0m /* 15.827 */[0m
    [36m| [0m[34m|[0m[34m_[0m[34m___________^[0m
    [36m| [0m
[34mnote[0m: which is expanded as follows
   [36m| [0m
   [36m| [0m/* 15.51 */            if(let Some(value) <- pushed) {[0m
   [36m| [0m                              [34m^^^^^^^^^^^ [0m
   [36m| [0m

[33mwarning[0m: unreachable block in 'if' expression
  [36m==>[0m <repo-root>-pr-worktrees/M8-005-publication/src/http/facade_test.cj:94:21:
   [36m| [0m
[36m94[0m [36m| [0m            if (let Some(value) <- sibling) { value.close() }[0m
   [36m| [0m                    [33m^ unreachable block in 'if' expression[0m
   [36m| [0m
   [36m#[0m [0mnote[0m: this warning can be suppressed by setting the compiler option `-Woff unused`
[34mnote[0m: the warning occurs after the macro is expanded
   [36m==>[0m <repo-root>-pr-worktrees/M8-005-publication/src/http/facade_test.cj:15:1:
    [36m| [0m
[36m15[0m  [36m| [0m  @Test[0m
    [36m| [0m [34m_[0m[34m^[0m
[36m16[0m  [36m| [0m[34m|[0m class HttpFacadeTest {[0m
    [36m| [0m[34m|[0m ...[0m
[36m833[0m [36m| [0m[34m|[0m }[0m
    [36m| [0m[34m|[0m[34m_[0m[34m^[0m
    [36m| [0m
[34mnote[0m: which is expanded as follows
   [36m| [0m
   [36m| [0m/* 15.54 */            if(let Some(value) <- sibling) {[0m
   [36m| [0m                              [34m^^^^^^^^^^^ [0m
   [36m| [0m

[33mwarning[0m: unreachable block in 'if' expression
  [36m==>[0m <repo-root>-pr-worktrees/M8-005-publication/src/http/facade_test.cj:95:21:
   [36m| [0m
[36m95[0m [36m| [0m            if (let Some(value) <- parent) { value.close() }[0m
   [36m| [0m                    [33m^ unreachable block in 'if' expression[0m
   [36m| [0m
   [36m#[0m [0mnote[0m: this warning can be suppressed by setting the compiler option `-Woff unused`
[34mnote[0m: the warning occurs after the macro is expanded
   [36m==>[0m <repo-root>-pr-worktrees/M8-005-publication/src/http/facade_test.cj:15:1:
    [36m| [0m
[36m15[0m  [36m| [0m  @Test[0m
    [36m| [0m [34m_[0m[34m^[0m
[36m16[0m  [36m| [0m[34m|[0m class HttpFacadeTest {[0m
    [36m| [0m[34m|[0m ...[0m
[36m833[0m [36m| [0m[34m|[0m }[0m
    [36m| [0m[34m|[0m[34m_[0m[34m^[0m
    [36m| [0m
[34mnote[0m: which is expanded as follows
   [36m| [0m
   [36m| [0m/* 15.57 */            if(let Some(value) <- parent) {[0m
   [36m| [0m                              [34m^^^^^^^^^^^ [0m
   [36m| [0m

[33mwarning[0m: unreachable block in 'if' expression
   [36m| [0m
   [36m| [0m  /* 9.89 */                    if(e is AssertException) {[0m
   [36m| [0m [33m_[0m[33m_______________________________________________________^[0m
   [36m| [0m[33m|[0m /* 9.90 */                        throw e[0m
   [36m| [0m[33m|[0m /* 9.91 */                    }[0m
   [36m| [0m[33m|[0m[33m_[0m[33m______________________________^ unreachable block in 'if' expression[0m
   [36m| [0m
   [36m#[0m [0mnote[0m: this warning can be suppressed by setting the compiler option `-Woff unused`
[34mnote[0m: the warning occurs after the macro is expanded
   [36m==>[0m <repo-root>-pr-worktrees/M8-005-publication/src/http/websocket_test.cj:9:1:
    [36m| [0m
[36m9[0m   [36m| [0m  @Test[0m
    [36m| [0m [34m_[0m[34m^[0m
[36m10[0m  [36m| [0m[34m|[0m class WebSocketConnectionTest {[0m
    [36m| [0m[34m|[0m ...[0m
[36m262[0m [36m| [0m[34m|[0m }[0m
    [36m| [0m[34m|[0m[34m_[0m[34m^[0m
    [36m| [0m

[33mwarning[0m: unreachable block in 'if' expression
    [36m| [0m
    [36m| [0m  /* 9.92 */                    if(e is AssertIntermediateException) {[0m
    [36m| [0m [33m_[0m[33m___________________________________________________________________^[0m
    [36m| [0m[33m|[0m /* 9.93 */                        throw e[0m
    [36m| [0m[33m|[0m /* 9.94 */                    }[0m
    [36m| [0m[33m|[0m[33m_[0m[33m______________________________^ unreachable block in 'if' expression[0m
    [36m| [0m
    [36m#[0m [0mnote[0m: this warning can be suppressed by setting the compiler option `-Woff unused`
[34mnote[0m: the warning occurs after the macro is expanded
   [36m==>[0m <repo-root>-pr-worktrees/M8-005-publication/src/http/websocket_test.cj:9:1:
    [36m| [0m
[36m9[0m   [36m| [0m  @Test[0m
    [36m| [0m [34m_[0m[34m^[0m
[36m10[0m  [36m| [0m[34m|[0m class WebSocketConnectionTest {[0m
    [36m| [0m[34m|[0m ...[0m
[36m262[0m [36m| [0m[34m|[0m }[0m
    [36m| [0m[34m|[0m[34m_[0m[34m^[0m
    [36m| [0m

[33mwarning[0m: unreachable block in 'if' expression
    [36m| [0m
    [36m| [0m  /* 9.95 */                    if(e is UnittestTimeoutException) {[0m
    [36m| [0m [33m_[0m[33m________________________________________________________________^[0m
    [36m| [0m[33m|[0m /* 9.96 */                        throw e[0m
    [36m| [0m[33m|[0m /* 9.97 */                    }[0m
    [36m| [0m[33m|[0m[33m_[0m[33m______________________________^ unreachable block in 'if' expression[0m
    [36m| [0m
    [36m#[0m [0mnote[0m: this warning can be suppressed by setting the compiler option `-Woff unused`
[34mnote[0m: the warning occurs after the macro is expanded
   [36m==>[0m <repo-root>-pr-worktrees/M8-005-publication/src/http/websocket_test.cj:9:1:
    [36m| [0m
[36m9[0m   [36m| [0m  @Test[0m
    [36m| [0m [34m_[0m[34m^[0m
[36m10[0m  [36m| [0m[34m|[0m class WebSocketConnectionTest {[0m
    [36m| [0m[34m|[0m ...[0m
[36m262[0m [36m| [0m[34m|[0m }[0m
    [36m| [0m[34m|[0m[34m_[0m[34m^[0m
    [36m| [0m

[33mwarning[0m: unreachable block in 'if' expression
    [36m| [0m
    [36m| [0m  /* 7.99 */                if(e is AssertException) {[0m
    [36m| [0m [33m_[0m[33m___________________________________________________^[0m
    [36m| [0m[33m|[0m /* 7.100 */                    throw e[0m
    [36m| [0m[33m|[0m /* 7.101 */                }[0m
    [36m| [0m[33m|[0m[33m_[0m[33m___________________________^ unreachable block in 'if' expression[0m
    [36m| [0m
    [36m#[0m [0mnote[0m: this warning can be suppressed by setting the compiler option `-Woff unused`
[34mnote[0m: the warning occurs after the macro is expanded
   [36m==>[0m <repo-root>-pr-worktrees/M8-005-publication/src/http/multipart_test.cj:7:1:
    [36m| [0m
[36m7[0m   [36m| [0m  @Test[0m
    [36m| [0m [34m_[0m[34m^[0m
[36m8[0m   [36m| [0m[34m|[0m class MultipartTest {[0m
    [36m| [0m[34m|[0m ...[0m
[36m279[0m [36m| [0m[34m|[0m }[0m
    [36m| [0m[34m|[0m[34m_[0m[34m^[0m
    [36m| [0m

[33mwarning[0m: unreachable block in 'if' expression
    [36m| [0m
    [36m| [0m  /* 7.102 */                if(e is AssertIntermediateException) {[0m
    [36m| [0m [33m_[0m[33m________________________________________________________________^[0m
    [36m| [0m[33m|[0m /* 7.103 */                    throw e[0m
    [36m| [0m[33m|[0m /* 7.104 */                }[0m
    [36m| [0m[33m|[0m[33m_[0m[33m___________________________^ unreachable block in 'if' expression[0m
    [36m| [0m
    [36m#[0m [0mnote[0m: this warning can be suppressed by setting the compiler option `-Woff unused`
[34mnote[0m: the warning occurs after the macro is expanded
   [36m==>[0m <repo-root>-pr-worktrees/M8-005-publication/src/http/multipart_test.cj:7:1:
    [36m| [0m
[36m7[0m   [36m| [0m  @Test[0m
    [36m| [0m [34m_[0m[34m^[0m
[36m8[0m   [36m| [0m[34m|[0m class MultipartTest {[0m
    [36m| [0m[34m|[0m ...[0m
[36m279[0m [36m| [0m[34m|[0m }[0m
    [36m| [0m[34m|[0m[34m_[0m[34m^[0m
    [36m| [0m

[33mwarning[0m: unreachable block in 'if' expression
    [36m| [0m
    [36m| [0m  /* 7.105 */                if(e is UnittestTimeoutException) {[0m
    [36m| [0m [33m_[0m[33m_____________________________________________________________^[0m
    [36m| [0m[33m|[0m /* 7.106 */                    throw e[0m
    [36m| [0m[33m|[0m /* 7.107 */                }[0m
    [36m| [0m[33m|[0m[33m_[0m[33m___________________________^ unreachable block in 'if' expression[0m
    [36m| [0m
    [36m#[0m [0mnote[0m: this warning can be suppressed by setting the compiler option `-Woff unused`
[34mnote[0m: the warning occurs after the macro is expanded
   [36m==>[0m <repo-root>-pr-worktrees/M8-005-publication/src/http/multipart_test.cj:7:1:
    [36m| [0m
[36m7[0m   [36m| [0m  @Test[0m
    [36m| [0m [34m_[0m[34m^[0m
[36m8[0m   [36m| [0m[34m|[0m class MultipartTest {[0m
    [36m| [0m[34m|[0m ...[0m
[36m279[0m [36m| [0m[34m|[0m }[0m
    [36m| [0m[34m|[0m[34m_[0m[34m^[0m
    [36m| [0m

[33mwarning[0m: unreachable block in 'if' expression
    [36m| [0m
    [36m| [0m  /* 7.124 */                if(e is AssertException) {[0m
    [36m| [0m [33m_[0m[33m____________________________________________________^[0m
    [36m| [0m[33m|[0m /* 7.125 */                    throw e[0m
    [36m| [0m[33m|[0m /* 7.126 */                }[0m
    [36m| [0m[33m|[0m[33m_[0m[33m___________________________^ unreachable block in 'if' expression[0m
    [36m| [0m
    [36m#[0m [0mnote[0m: this warning can be suppressed by setting the compiler option `-Woff unused`
[34mnote[0m: the warning occurs after the macro is expanded
   [36m==>[0m <repo-root>-pr-worktrees/M8-005-publication/src/http/multipart_test.cj:7:1:
    [36m| [0m
[36m7[0m   [36m| [0m  @Test[0m
    [36m| [0m [34m_[0m[34m^[0m
[36m8[0m   [36m| [0m[34m|[0m class MultipartTest {[0m
    [36m| [0m[34m|[0m ...[0m
[36m279[0m [36m| [0m[34m|[0m }[0m
    [36m| [0m[34m|[0m[34m_[0m[34m^[0m
    [36m| [0m

[33mwarning[0m: unreachable block in 'if' expression
    [36m| [0m
    [36m| [0m  /* 7.127 */                if(e is AssertIntermediateException) {[0m
    [36m| [0m [33m_[0m[33m________________________________________________________________^[0m
    [36m| [0m[33m|[0m /* 7.128 */                    throw e[0m
    [36m| [0m[33m|[0m /* 7.129 */                }[0m
    [36m| [0m[33m|[0m[33m_[0m[33m___________________________^ unreachable block in 'if' expression[0m
    [36m| [0m
    [36m#[0m [0mnote[0m: this warning can be suppressed by setting the compiler option `-Woff unused`
[34mnote[0m: the warning occurs after the macro is expanded
   [36m==>[0m <repo-root>-pr-worktrees/M8-005-publication/src/http/multipart_test.cj:7:1:
    [36m| [0m
[36m7[0m   [36m| [0m  @Test[0m
    [36m| [0m [34m_[0m[34m^[0m
[36m8[0m   [36m| [0m[34m|[0m class MultipartTest {[0m
    [36m| [0m[34m|[0m ...[0m
[36m279[0m [36m| [0m[34m|[0m }[0m
    [36m| [0m[34m|[0m[34m_[0m[34m^[0m
    [36m| [0m

[33mwarning[0m: unreachable block in 'if' expression
    [36m| [0m
    [36m| [0m  /* 7.130 */                if(e is UnittestTimeoutException) {[0m
    [36m| [0m [33m_[0m[33m_____________________________________________________________^[0m
    [36m| [0m[33m|[0m /* 7.131 */                    throw e[0m
    [36m| [0m[33m|[0m /* 7.132 */                }[0m
    [36m| [0m[33m|[0m[33m_[0m[33m___________________________^ unreachable block in 'if' expression[0m
    [36m| [0m
    [36m#[0m [0mnote[0m: this warning can be suppressed by setting the compiler option `-Woff unused`
[34mnote[0m: the warning occurs after the macro is expanded
   [36m==>[0m <repo-root>-pr-worktrees/M8-005-publication/src/http/multipart_test.cj:7:1:
    [36m| [0m
[36m7[0m   [36m| [0m  @Test[0m
    [36m| [0m [34m_[0m[34m^[0m
[36m8[0m   [36m| [0m[34m|[0m class MultipartTest {[0m
    [36m| [0m[34m|[0m ...[0m
[36m279[0m [36m| [0m[34m|[0m }[0m
    [36m| [0m[34m|[0m[34m_[0m[34m^[0m
    [36m| [0m

[33mwarning[0m: unreachable block in 'if' expression
    [36m| [0m
    [36m| [0m  /* 9.134 */                    if(e is AssertException) {[0m
    [36m| [0m [33m_[0m[33m________________________________________________________^[0m
    [36m| [0m[33m|[0m /* 9.135 */                        throw e[0m
    [36m| [0m[33m|[0m /* 9.136 */                    }[0m
    [36m| [0m[33m|[0m[33m_[0m[33m_______________________________^ unreachable block in 'if' expression[0m
    [36m| [0m
    [36m#[0m [0mnote[0m: this warning can be suppressed by setting the compiler option `-Woff unused`
[34mnote[0m: the warning occurs after the macro is expanded
   [36m==>[0m <repo-root>-pr-worktrees/M8-005-publication/src/http/websocket_test.cj:9:1:
    [36m| [0m
[36m9[0m   [36m| [0m  @Test[0m
    [36m| [0m [34m_[0m[34m^[0m
[36m10[0m  [36m| [0m[34m|[0m class WebSocketConnectionTest {[0m
    [36m| [0m[34m|[0m ...[0m
[36m262[0m [36m| [0m[34m|[0m }[0m
    [36m| [0m[34m|[0m[34m_[0m[34m^[0m
    [36m| [0m

[33mwarning[0m: unreachable block in 'if' expression
    [36m| [0m
    [36m| [0m  /* 9.137 */                    if(e is AssertIntermediateException) {[0m
    [36m| [0m [33m_[0m[33m____________________________________________________________________^[0m
    [36m| [0m[33m|[0m /* 9.138 */                        throw e[0m
    [36m| [0m[33m|[0m /* 9.139 */                    }[0m
    [36m| [0m[33m|[0m[33m_[0m[33m_______________________________^ unreachable block in 'if' expression[0m
    [36m| [0m
    [36m#[0m [0mnote[0m: this warning can be suppressed by setting the compiler option `-Woff unused`
[34mnote[0m: the warning occurs after the macro is expanded
   [36m==>[0m <repo-root>-pr-worktrees/M8-005-publication/src/http/websocket_test.cj:9:1:
    [36m| [0m
[36m9[0m   [36m| [0m  @Test[0m
    [36m| [0m [34m_[0m[34m^[0m
[36m10[0m  [36m| [0m[34m|[0m class WebSocketConnectionTest {[0m
    [36m| [0m[34m|[0m ...[0m
[36m262[0m [36m| [0m[34m|[0m }[0m
    [36m| [0m[34m|[0m[34m_[0m[34m^[0m
    [36m| [0m

[33mwarning[0m: unused expression
    [36m| [0m
    [36m| [0m/* 8.140 */                None < IllegalArgumentException >[0m
    [36m| [0m                           [33m^^^^^^^^^^^^^^^^^^^^^^^^^^^^^^^^^ unused expression[0m
    [36m| [0m
    [36m#[0m [0mnote[0m: this warning can be suppressed by setting the compiler option `-Woff unused`
[34mnote[0m: the code after the macro is expanded as follows
    [36m| [0m
    [36m| [0m  /* 8.1 */@Attribute[TEST_GENERATED] class HttpCookieJarTest <: TestClass {[0m
    [36m| [0m [34m_[0m[34m^[0m
    [36m| [0m[34m|[0m /* 8.2 */    @Attribute[TestCase_15][0m
    [36m| [0m[34m|[0m /* 8.3 */    func cookieSerializesStandardMetadataWithoutInventingBrowserPolicy(): Unit {[0m
    [36m| [0m[34m|[0m /* 8.4 */        let cookie = Cookie("session", "abc_123", expires: Some(DateTime.ofUTC(year: 2021, month: 6, dayOfMonth: 9, hour: 10, minute: 18, second: 14)), maxAge: Some(60), domain: ".Example.COM", path: "/account", secure: true, httpOnly: true)[0m
    [36m| [0m[34m|[0m /* 8.5 */        expectEqual("cookie.cookieName", "\"session\"", cookie.cookieName, "session", isDelta: false)[0m
    [36m| [0m[34m|[0m /* 8.6 */        expectEqual("cookie.cookieValue", "\"abc_123\"", cookie.cookieValue, "abc_123", isDelta: false)[0m
    [36m| [0m[34m|[0m /* 8.7 */        expectEqual("cookie.domain", "\"example.com\"", cookie.domain, "example.com", isDelta: false)[0m
    [36m| [0m[34m|[0m /* 8.8 */        expectEqual("cookie.toSetCookieString()", "\"session=abc_123; Expires=Wed, 09 Jun 2021 10:18:14 GMT; Max-Age=60; \" + \"Domain=example.com; Path=/account; Secure; HttpOnly\"", cookie.toSetCookieString(), "session=abc_123; Expires=Wed, 09 Jun 2021 10:18:14 GMT; Max-Age=60; " + "Domain=example.com; Path=/account; Secure; HttpOnly", isDelta: false)[0m
    [36m| [0m[34m|[0m /* 8.9 */    }[0m
    [36m| [0m[34m|[0m /* 8.10 */    [0m
    [36m| [0m[34m|[0m /* 8.11 */    @Attribute[TestCase_16][0m
    [36m| [0m[34m|[0m /* 8.12 */    func hostOnlyAndDomainCookiesDoNotLeakAcrossDnsBoundaries(): Unit {[0m
    [36m| [0m[34m|[0m /* 8.13 */        let jar = CookieJar(rejectPublicSuffixes:["com", "co.uk"])[0m
    [36m| [0m[34m|[0m /* 8.14 */        let origin = HttpUrl.parse("https://app.example.com/account/login")[0m
    [36m| [0m[34m|[0m /* 8.15 */        expectEqual("jar.acceptSetCookie(\"host=one; Path=/\", origin)", "true", jar.acceptSetCookie("host=one; Path=/", origin), true, isDelta: false)[0m
    [36m| [0m[34m|[0m /* 8.16 */        expectEqual("jar.acceptSetCookie(\"domain=two; Domain=.example.com; Path=/\", origin)", "true", jar.acceptSetCookie("domain=two; Domain=.example.com; Path=/", origin), true, isDelta: false)[0m
    [36m| [0m[34m|[0m /* 8.17 */        expectEqual("jar.headerFor(HttpUrl.parse(\"https://app.example.com/\"))", "\"host=one; domain=two\"", jar.headerFor(HttpUrl.parse("https://app.example.com/")), "host=one; domain=two", isDelta: false)[0m
    [36m| [0m[34m|[0m /* 8.18 */        expectEqual("jar.headerFor(HttpUrl.parse(\"https://deep.app.example.com/\"))", "\"domain=two\"", jar.headerFor(HttpUrl.parse("https://deep.app.example.com/")), "domain=two", isDelta: false)[0m
    [36m| [0m[34m|[0m /* 8.19 */        expectEqual("jar.headerFor(HttpUrl.parse(\"https://example.com/\"))", "\"domain=two\"", jar.headerFor(HttpUrl.parse("https://example.com/")), "domain=two", isDelta: false)[0m
    [36m| [0m[34m|[0m /* 8.20 */        expectEqual("jar.cookiesFor(HttpUrl.parse(\"https://deep.app.example.com/\")).size", "1", jar.cookiesFor(HttpUrl.parse("https://deep.app.example.com/")).size, 1, isDelta: false)[0m
    [36m| [0m[34m|[0m /* 8.21 */        expectEqual("jar.headerFor(HttpUrl.parse(\"https://notexample.com/\"))", "\"\"", jar.headerFor(HttpUrl.parse("https://notexample.com/")), "", isDelta: false)[0m
    [36m| [0m[34m|[0m /* 8.22 */        expectEqual("! jar.acceptSetCookie(\"foreign=x; Domain=evil.test; Path=/\", origin)", "true", ! jar.acceptSetCookie("foreign=x; Domain=evil.test; Path=/", origin), true, isDelta: false)[0m
    [36m| [0m[34m|[0m /* 8.23 */        expectEqual("! jar.acceptSetCookie(\"suffix=x; Domain=com; Path=/\", origin)", "true", ! jar.acceptSetCookie("suffix=x; Domain=com; Path=/", origin), true, isDelta: false)[0m
    [36m| [0m[34m|[0m /* 8.24 */        expectEqual("jar.snapshot().size", "2", jar.snapshot().size, 2, isDelta: false)[0m
    [36m| [0m[34m|[0m /* 8.25 */    }[0m
    [36m| [0m[34m|[0m /* 8.26 */    [0m
    [36m| [0m[34m|[0m /* 8.27 */    @Attribute[TestCase_17][0m
    [36m| [0m[34m|[0m /* 8.28 */    func bundledPublicSuffixRulesProtectRegistrableBoundariesByDefault(): Unit {[0m
    [36m| [0m[34m|[0m /* 8.29 */        let exactJar = CookieJar()[0m
    [36m| [0m[34m|[0m /* 8.30 */        let coUkAttacker = HttpUrl.parse("https://attacker.co.uk/")[0m
    [36m| [0m[34m|[0m /* 8.31 */        expectEqual("! exactJar.acceptSetCookie(\"sid=stolen; Domain=co.uk; Path=/\", coUkAttacker)", "true", ! exactJar.acceptSetCookie("sid=stolen; Domain=co.uk; Path=/", coUkAttacker), true, isDelta: false)[0m
    [36m| [0m[34m|[0m /* 8.32 */        expectEqual("! exactJar.store(Cookie(\"direct-suffix\", \"stolen\", domain: \"co.uk\", path: \"/\"), coUkAttacker)", "true", ! exactJar.store(Cookie("direct-suffix", "stolen", domain: "co.uk", path: "/"), coUkAttacker), true, isDelta: false)[0m
    [36m| [0m[34m|[0m /* 8.33 */        expectEqual("exactJar.acceptSetCookie(\"sid=valid; Domain=example.co.uk; Path=/\", HttpUrl.parse(\"https://app.example.co.uk/\"))", "true", exactJar.acceptSetCookie("sid=valid; Domain=example.co.uk; Path=/", HttpUrl.parse("https://app.example.co.uk/")), true, isDelta: false)[0m
    [36m| [0m[34m|[0m /* 8.34 */        expectEqual("exactJar.headerFor(HttpUrl.parse(\"https://victim.co.uk/\"))", "\"\"", exactJar.headerFor(HttpUrl.parse("https://victim.co.uk/")), "", isDelta: false)[0m
    [36m| [0m[34m|[0m /* 8.35 */        expectEqual("exactJar.headerFor(HttpUrl.parse(\"https://api.example.co.uk/\"))", "\"sid=valid\"", exactJar.headerFor(HttpUrl.parse("https://api.example.co.uk/")), "sid=valid", isDelta: false)[0m
    [36m| [0m[34m|[0m /* 8.36 */        let wildcardJar = CookieJar()[0m
    [36m| [0m[34m|[0m /* 8.37 */        expectEqual("! wildcardJar.acceptSetCookie(\"wild=stolen; Domain=foo.ck; Path=/\", HttpUrl.parse(\"https://attacker.foo.ck/\"))", "true", ! wildcardJar.acceptSetCookie("wild=stolen; Domain=foo.ck; Path=/", HttpUrl.parse("https://attacker.foo.ck/")), true, isDelta: false)[0m
    [36m| [0m[34m|[0m /* 8.38 */        expectEqual("wildcardJar.acceptSetCookie(\"exception=valid; Domain=www.ck; Path=/\", HttpUrl.parse(\"https://app.www.ck/\"))", "true", wildcardJar.acceptSetCookie("exception=valid; Domain=www.ck; Path=/", HttpUrl.parse("https://app.www.ck/")), true, isDelta: false)[0m
    [36m| [0m[34m|[0m /* 8.39 */        expectEqual("wildcardJar.headerFor(HttpUrl.parse(\"https://other.www.ck/\"))", "\"exception=valid\"", wildcardJar.headerFor(HttpUrl.parse("https://other.www.ck/")), "exception=valid", isDelta: false)[0m
    [36m| [0m[34m|[0m /* 8.40 */        let inheritedJar = CookieJar()[0m
    [36m| [0m[34m|[0m /* 8.41 */        expectEqual("! inheritedJar.acceptSetCookie(\"inherited=stolen; Domain=kawasaki.jp; Path=/\", HttpUrl.parse(\"https://attacker.foo.kawasaki.jp/\"))", "true", ! inheritedJar.acceptSetCookie("inherited=stolen; Domain=kawasaki.jp; Path=/", HttpUrl.parse("https://attacker.foo.kawasaki.jp/")), true, isDelta: false)[0m
    [36m| [0m[34m|[0m /* 8.42 */        expectEqual("! inheritedJar.store(Cookie(\"inherited\", \"stolen\", domain: \"kawasaki.jp\", path: \"/\"), HttpUrl.parse(\"https://app.city.kawasaki.jp/\"))", "true", ! inheritedJar.store(Cookie("inherited", "stolen", domain: "kawasaki.jp", path: "/"), HttpUrl.parse("https://app.city.kawasaki.jp/")), true, isDelta: false)[0m
    [36m| [0m[34m|[0m /* 8.43 */        expectEqual("inheritedJar.headerFor(HttpUrl.parse(\"https://victim.bar.kawasaki.jp/\"))", "\"\"", inheritedJar.headerFor(HttpUrl.parse("https://victim.bar.kawasaki.jp/")), "", isDelta: false)[0m
    [36m| [0m[34m|[0m /* 8.44 */        expectEqual("inheritedJar.acceptSetCookie(\"exception=valid; Domain=city.kawasaki.jp; Path=/\", HttpUrl.parse(\"https://app.city.kawasaki.jp/\"))", "true", inheritedJar.acceptSetCookie("exception=valid; Domain=city.kawasaki.jp; Path=/", HttpUrl.parse("https://app.city.kawasaki.jp/")), true, isDelta: false)[0m
    [36m| [0m[34m|[0m /* 8.45 */        expectEqual("inheritedJar.headerFor(HttpUrl.parse(\"https://api.city.kawasaki.jp/\"))", "\"exception=valid\"", inheritedJar.headerFor(HttpUrl.parse("https://api.city.kawasaki.jp/")), "exception=valid", isDelta: false)[0m
    [36m| [0m[34m|[0m /* 8.46 */        let privateJar = CookieJar()[0m
    [36m| [0m[34m|[0m /* 8.47 */        expectEqual("! privateJar.acceptSetCookie(\"private=stolen; Domain=blogspot.com; Path=/\", HttpUrl.parse(\"https://attacker.blogspot.com/\"))", "true", ! privateJar.acceptSetCookie("private=stolen; Domain=blogspot.com; Path=/", HttpUrl.parse("https://attacker.blogspot.com/")), true, isDelta: false)[0m
    [36m| [0m[34m|[0m /* 8.48 */        expectEqual("privateJar.acceptSetCookie(\"private=valid; Domain=tenant.blogspot.com; Path=/\", HttpUrl.parse(\"https://app.tenant.blogspot.com/\"))", "true", privateJar.acceptSetCookie("private=valid; Domain=tenant.blogspot.com; Path=/", HttpUrl.parse("https://app.tenant.blogspot.com/")), true, isDelta: false)[0m
    [36m| [0m[34m|[0m /* 8.49 */        expectEqual("privateJar.headerFor(HttpUrl.parse(\"https://victim.blogspot.com/\"))", "\"\"", privateJar.headerFor(HttpUrl.parse("https://victim.blogspot.com/")), "", isDelta: false)[0m
    [36m| [0m[34m|[0m /* 8.50 */        expectEqual("privateJar.headerFor(HttpUrl.parse(\"https://api.tenant.blogspot.com/\"))", "\"private=valid\"", privateJar.headerFor(HttpUrl.parse("https://api.tenant.blogspot.com/")), "private=valid", isDelta: false)[0m
    [36m| [0m[34m|[0m /* 8.51 */        let idnJar = CookieJar()[0m
    [36m| [0m[34m|[0m /* 8.52 */        expectEqual("! idnJar.acceptSetCookie(\"idn=stolen; Domain=xn--55qx5d.cn; Path=/\", HttpUrl.parse(\"https://attacker.xn--55qx5d.cn/\"))", "true", ! idnJar.acceptSetCookie("idn=stolen; Domain=xn--55qx5d.cn; Path=/", HttpUrl.parse("https://attacker.xn--55qx5d.cn/")), true, isDelta: false)[0m
    [36m| [0m[34m|[0m /* 8.53 */        expectEqual("idnJar.acceptSetCookie(\"idn=valid; Domain=tenant.xn--55qx5d.cn; Path=/\", HttpUrl.parse(\"https://app.tenant.xn--55qx5d.cn/\"))", "true", idnJar.acceptSetCookie("idn=valid; Domain=tenant.xn--55qx5d.cn; Path=/", HttpUrl.parse("https://app.tenant.xn--55qx5d.cn/")), true, isDelta: false)[0m
    [36m| [0m[34m|[0m /* 8.54 */        expectEqual("idnJar.headerFor(HttpUrl.parse(\"https://victim.xn--55qx5d.cn/\"))", "\"\"", idnJar.headerFor(HttpUrl.parse("https://victim.xn--55qx5d.cn/")), "", isDelta: false)[0m
    [36m| [0m[34m|[0m /* 8.55 */        expectEqual("idnJar.headerFor(HttpUrl.parse(\"https://api.tenant.xn--55qx5d.cn/\"))", "\"idn=valid\"", idnJar.headerFor(HttpUrl.parse("https://api.tenant.xn--55qx5d.cn/")), "idn=valid", isDelta: false)[0m
    [36m| [0m[34m|[0m /* 8.56 */        let stricterJar = CookieJar(rejectPublicSuffixes:["example.co.uk"])[0m
    [36m| [0m[34m|[0m /* 8.57 */        expectEqual("! stricterJar.acceptSetCookie(\"strict=no; Domain=example.co.uk; Path=/\", HttpUrl.parse(\"https://app.example.co.uk/\"))", "true", ! stricterJar.acceptSetCookie("strict=no; Domain=example.co.uk; Path=/", HttpUrl.parse("https://app.example.co.uk/")), true, isDelta: false)[0m
    [36m| [0m[34m|[0m /* 8.58 */    }[0m
    [36m| [0m[34m|[0m /* 8.59 */    [0m
    [36m| [0m[34m|[0m /* 8.60 */    @Attribute[TestCase_18][0m
    [36m| [0m[34m|[0m /* 8.61 */    func defaultPathAndPathMatchUseDirectoryAndSlashBoundaries(): Unit {[0m
    [36m| [0m[34m|[0m /* 8.62 */        let jar = CookieJar()[0m
    [36m| [0m[34m|[0m /* 8.63 */        let origin = HttpUrl.parse("https://example.test/docs/Web/index.html?source=cookie")[0m
    [36m| [0m[34m|[0m /* 8.64 */        expectEqual("jar.acceptSetCookie(\"defaulted=yes\", origin)", "true", jar.acceptSetCookie("defaulted=yes", origin), true, isDelta: false)[0m
    [36m| [0m[34m|[0m /* 8.65 */        expectEqual("jar.acceptSetCookie(\"root=yes; Path=/\", origin)", "true", jar.acceptSetCookie("root=yes; Path=/", origin), true, isDelta: false)[0m
    [36m| [0m[34m|[0m /* 8.66 */        expectEqual("jar.acceptSetCookie(\"exact=yes; Path=/docs/Web/index.html\", origin)", "true", jar.acceptSetCookie("exact=yes; Path=/docs/Web/index.html", origin), true, isDelta: false)[0m
    [36m| [0m[34m|[0m /* 8.67 */        expectEqual("jar.headerFor(HttpUrl.parse(\"https://example.test/docs/Web/next\"))", "\"defaulted=yes; root=yes\"", jar.headerFor(HttpUrl.parse("https://example.test/docs/Web/next")), "defaulted=yes; root=yes", isDelta: false)[0m
    [36m| [0m[34m|[0m /* 8.68 */        expectEqual("jar.headerFor(HttpUrl.parse(\"https://example.test/docs/Webish/next\"))", "\"root=yes\"", jar.headerFor(HttpUrl.parse("https://example.test/docs/Webish/next")), "root=yes", isDelta: false)[0m
    [36m| [0m[34m|[0m /* 8.69 */        expectEqual("jar.headerFor(HttpUrl.parse(\"https://example.test/docs/Web/index.html\"))", "\"exact=yes; defaulted=yes; root=yes\"", jar.headerFor(HttpUrl.parse("https://example.test/docs/Web/index.html")), "exact=yes; defaulted=yes; root=yes", isDelta: false)[0m
    [36m| [0m[34m|[0m /* 8.70 */    }[0m
    [36m| [0m[34m|[0m /* 8.71 */    [0m
    [36m| [0m[34m|[0m /* 8.72 */    @Attribute[TestCase_19][0m
    [36m| [0m[34m|[0m /* 8.73 */    func maxAgeTakesPrecedenceAndNonPositiveValuesDeleteTheIdentity(): Unit {[0m
    [36m| [0m[34m|[0m /* 8.74 */        let jar = CookieJar()[0m
    [36m| [0m[34m|[0m /* 8.75 */        let url = HttpUrl.parse("https://example.test/")[0m
    [36m| [0m[34m|[0m /* 8.76 */        expectEqual("jar.acceptSetCookie(\"life=alive; Expires=Wed, 09 Jun 2021 10:18:14 GMT; Max-Age=60; Path=/\", url)", "true", jar.acceptSetCookie("life=alive; Expires=Wed, 09 Jun 2021 10:18:14 GMT; Max-Age=60; Path=/", url), true, isDelta: false)[0m
    [36m| [0m[34m|[0m /* 8.77 */        expectEqual("jar.headerFor(url)", "\"life=alive\"", jar.headerFor(url), "life=alive", isDelta: false)[0m
    [36m| [0m[34m|[0m /* 8.78 */        expectEqual("jar.acceptSetCookie(\"life=gone; Expires=Wed, 09 Jun 2038 10:18:14 GMT; Max-Age=0; Path=/\", url)", "true", jar.acceptSetCookie("life=gone; Expires=Wed, 09 Jun 2038 10:18:14 GMT; Max-Age=0; Path=/", url), true, isDelta: false)[0m
    [36m| [0m[34m|[0m /* 8.79 */        expectEqual("jar.headerFor(url)", "\"\"", jar.headerFor(url), "", isDelta: false)[0m
    [36m| [0m[34m|[0m /* 8.80 */        expectEqual("jar.acceptSetCookie(\"expired=value; Path=/\", url)", "true", jar.acceptSetCookie("expired=value; Path=/", url), true, isDelta: false)[0m
    [36m| [0m[34m|[0m /* 8.81 */        expectEqual("jar.acceptSetCookie(\"expired=value; Expires=Wed, 09 Jun 2021 10:18:14 GMT; Path=/\", url)", "true", jar.acceptSetCookie("expired=value; Expires=Wed, 09 Jun 2021 10:18:14 GMT; Path=/", url), true, isDelta: false)[0m
    [36m| [0m[34m|[0m /* 8.82 */        expectEqual("jar.headerFor(url)", "\"\"", jar.headerFor(url), "", isDelta: false)[0m
    [36m| [0m[34m|[0m /* 8.83 */    }[0m
    [36m| [0m[34m|[0m /* 8.84 */    [0m
    [36m| [0m[34m|[0m /* 8.85 */    @Attribute[TestCase_20][0m
    [36m| [0m[34m|[0m /* 8.86 */    func secureMetadataControlsTransportAndHttpOnlyDoesNotChangeWireSelection(): Unit {[0m
    [36m| [0m[34m|[0m /* 8.87 */        let jar = CookieJar()[0m
    [36m| [0m[34m|[0m /* 8.88 */        let secureUrl = HttpUrl.parse("https://example.test/")[0m
    [36m| [0m[34m|[0m /* 8.89 */        expectEqual("jar.acceptSetCookie(\"secret=x; Secure; HttpOnly; Path=/\", secureUrl)", "true", jar.acceptSetCookie("secret=x; Secure; HttpOnly; Path=/", secureUrl), true, isDelta: false)[0m
    [36m| [0m[34m|[0m /* 8.90 */        expectEqual("jar.headerFor(secureUrl)", "\"secret=x\"", jar.headerFor(secureUrl), "secret=x", isDelta: false)[0m
    [36m| [0m[34m|[0m /* 8.91 */        expectEqual("jar.headerFor(HttpUrl.parse(\"http://example.test/\"))", "\"\"", jar.headerFor(HttpUrl.parse("http://example.test/")), "", isDelta: false)[0m
    [36m| [0m[34m|[0m /* 8.92 */        let snapshot = jar.snapshot()[0m
    [36m| [0m[34m|[0m /* 8.93 */        expectEqual("snapshot[0].secure", "true", snapshot[0].secure, true, isDelta: false)[0m
    [36m| [0m[34m|[0m /* 8.94 */        expectEqual("snapshot[0].httpOnly", "true", snapshot[0].httpOnly, true, isDelta: false)[0m
    [36m| [0m[34m|[0m /* 8.95 */    }[0m
    [36m| [0m[34m|[0m /* 8.96 */    [0m
    [36m| [0m[34m|[0m /* 8.97 */    @Attribute[TestCase_21][0m
    [36m| [0m[34m|[0m /* 8.98 */    func valuedSecureAttributeCannotLeakCookiesToCleartext(): Unit {[0m
    [36m| [0m[34m|[0m /* 8.99 */        let jar = CookieJar()[0m
    [36m| [0m[34m|[0m /* 8.100 */        let origin = HttpUrl.parse("https://example.test/")[0m
    [36m| [0m[34m|[0m /* 8.101 */        expectEqual("jar.acceptSetCookie(\"secret=x; Secure=1; HttpOnly=; Path=/\", origin)", "true", jar.acceptSetCookie("secret=x; Secure=1; HttpOnly=; Path=/", origin), true, isDelta: false)[0m
    [36m| [0m[34m|[0m /* 8.102 */        expectEqual("jar.headerFor(origin)", "\"secret=x\"", jar.headerFor(origin), "secret=x", isDelta: false)[0m
    [36m| [0m[34m|[0m /* 8.103 */        expectEqual("jar.headerFor(HttpUrl.parse(\"http://example.test/\"))", "\"\"", jar.headerFor(HttpUrl.parse("http://example.test/")), "", isDelta: false)[0m
    [36m| [0m[34m|[0m /* 8.104 */        expectEqual("jar.snapshot()[0].httpOnly", "true", jar.snapshot()[0].httpOnly, true, isDelta: false)[0m
    [36m| [0m[34m|[0m /* 8.105 */    }[0m
    [36m| [0m[34m|[0m /* 8.106 */    [0m
    [36m| [0m[34m|[0m /* 8.107 */    @Attribute[TestCase_22][0m
    [36m| [0m[34m|[0m /* 8.108 */    func cleartextOriginsCannotCreateOrOverlaySecureCookies(): Unit {[0m
    [36m| [0m[34m|[0m /* 8.109 */        let jar = CookieJar()[0m
    [36m| [0m[34m|[0m /* 8.110 */        let secureOrigin = HttpUrl.parse("https://app.example.test/account/login")[0m
    [36m| [0m[34m|[0m /* 8.111 */        let clearOrigin = HttpUrl.parse("http://app.example.test/account/login")[0m
    [36m| [0m[34m|[0m /* 8.112 */        expectEqual("! jar.store(Cookie(\"direct\", \"bad\", path: \"/\", secure: true), clearOrigin)", "true", ! jar.store(Cookie("direct", "bad", path: "/", secure: true), clearOrigin), true, isDelta: false)[0m
    [36m| [0m[34m|[0m /* 8.113 */        expectEqual("! jar.acceptSetCookie(\"parsed=bad; Secure; Path=/\", clearOrigin)", "true", ! jar.acceptSetCookie("parsed=bad; Secure; Path=/", clearOrigin), true, isDelta: false)[0m
    [36m| [0m[34m|[0m /* 8.114 */        expectEqual("jar.snapshot().isEmpty()", "true", jar.snapshot().isEmpty(), true, isDelta: false)[0m
    [36m| [0m[34m|[0m /* 8.115 */        expectEqual("jar.acceptSetCookie(\"host=good; Secure; Path=/account\", secureOrigin)", "true", jar.acceptSetCookie("host=good; Secure; Path=/account", secureOrigin), true, isDelta: false)[0m
    [36m| [0m[34m|[0m /* 8.116 */        expectEqual("jar.acceptSetCookie(\"domain=good; Domain=example.test; Secure; Path=/account\", secureOrigin)", "true", jar.acceptSetCookie("domain=good; Domain=example.test; Secure; Path=/account", secureOrigin), true, isDelta: false)[0m
    [36m| [0m[34m|[0m /* 8.117 */        expectEqual("! jar.acceptSetCookie(\"host=overlay; Domain=example.test; Path=/account/profile\", clearOrigin)", "true", ! jar.acceptSetCookie("host=overlay; Domain=example.test; Path=/account/profile", clearOrigin), true, isDelta: false)[0m
    [36m| [0m[34m|[0m /* 8.118 */        expectEqual("! jar.acceptSetCookie(\"host=deleted; Max-Age=0; Path=/account\", clearOrigin)", "true", ! jar.acceptSetCookie("host=deleted; Max-Age=0; Path=/account", clearOrigin), true, isDelta: false)[0m
    [36m| [0m[34m|[0m /* 8.119 */        expectEqual("! jar.store(Cookie(\"domain\", \"deleted\", maxAge: Some(0), domain: \"example.test\", path: \"/account\"), clearOrigin)", "true", ! jar.store(Cookie("domain", "deleted", maxAge: Some(0), domain: "example.test", path: "/account"), clearOrigin), true, isDelta: false)[0m
    [36m| [0m[34m|[0m /* 8.120 */        expectEqual("! jar.store(Cookie(\"domain\", \"overlay\", path: \"/account/profile\"), clearOrigin)", "true", ! jar.store(Cookie("domain", "overlay", path: "/account/profile"), clearOrigin), true, isDelta: false)[0m
    [36m| [0m[34m|[0m /* 8.121 */        expectEqual("jar.headerFor(HttpUrl.parse(\"https://app.example.test/account/profile\"))", "\"host=good; domain=good\"", jar.headerFor(HttpUrl.parse("https://app.example.test/account/profile")), "host=good; domain=good", isDelta: false)[0m
    [36m| [0m[34m|[0m /* 8.122 */        expectEqual("jar.snapshot().size", "2", jar.snapshot().size, 2, isDelta: false)[0m
    [36m| [0m[34m|[0m /* 8.123 */        expectEqual("jar.acceptSetCookie(\"host=sibling; Path=/accounting\", clearOrigin)", "true", jar.acceptSetCookie("host=sibling; Path=/accounting", clearOrigin), true, isDelta: false)[0m
    [36m| [0m[34m|[0m /* 8.124 */        expectEqual("jar.headerFor(HttpUrl.parse(\"http://app.example.test/accounting\"))", "\"host=sibling\"", jar.headerFor(HttpUrl.parse("http://app.example.test/accounting")), "host=sibling", isDelta: false)[0m
    [36m| [0m[34m|[0m /* 8.125 */        expectEqual("jar.headerFor(HttpUrl.parse(\"https://app.example.test/account/profile\"))", "\"host=good; domain=good\"", jar.headerFor(HttpUrl.parse("https://app.example.test/account/profile")), "host=good; domain=good", isDelta: false)[0m
    [36m| [0m[34m|[0m /* 8.126 */    }[0m
    [36m| [0m[34m|[0m /* 8.127 */    [0m
    [36m| [0m[34m|[0m /* 8.128 */    @Attribute[TestCase_23][0m
    [36m| [0m[34m|[0m /* 8.129 */    func rejectsHeaderInjectionAndInvalidCookieOctetsBeforeStorage(): Unit {[0m
    [36m| [0m[34m|[0m /* 8.130 */        let jar = CookieJar()[0m
    [36m| [0m[34m|[0m /* 8.131 */        let url = HttpUrl.parse("https://example.test/")[0m
    [36m| [0m[34m|[0m /* 8.132 */        for(value in["safe=x\r\nX-Evil: yes", "bad name=value", "bad=value with space", "bad=quoted; Path=/\u{007f}"]) {[0m
    [36m| [0m[34m|[0m /* 8.133 */            expectEqual("! jar.acceptSetCookie(value, url)", "true", ! jar.acceptSetCookie(value, url), true, isDelta: false)[0m
    [36m| [0m[34m|[0m /* 8.134 */        }[0m
    [36m| [0m[34m|[0m /* 8.135 */        try {[0m
    [36m| [0m[34m|[0m /* 8.136 */            try {[0m
    [36m| [0m[34m|[0m /* 8.137 */                assertEqual("true", "true", true, true)[0m
    [36m| [0m[34m|[0m /* 8.138 */                Cookie("bad=name", "value")[0m
    [36m| [0m[34m|[0m /* 8.139 */                failExpect("@ExpectThrows: Expected 'IllegalArgumentException' was not caught.")[0m
    [36m| [0m[34m|[0m /* 8.140 */                None < IllegalArgumentException >[0m
    [36m| [0m[34m|[0m /* 8.141 */            } catch(e: IllegalArgumentException) {[0m
    [36m| [0m[34m|[0m /* 8.142 */                if(e is AssertException) {[0m
    [36m| [0m[34m|[0m /* 8.143 */                    throw e[0m
    [36m| [0m[34m|[0m /* 8.144 */                }[0m
    [36m| [0m[34m|[0m /* 8.145 */                if(e is AssertIntermediateException) {[0m
    [36m| [0m[34m|[0m /* 8.146 */                    throw e[0m
    [36m| [0m[34m|[0m /* 8.147 */                }[0m
    [36m| [0m[34m|[0m /* 8.148 */                if(e is UnittestTimeoutException) {[0m
    [36m| [0m[34m|[0m /* 8.149 */                    throw e[0m
    [36m| [0m[34m|[0m /* 8.150 */                }[0m
    [36m| [0m[34m|[0m /* 8.151 */                e[0m
    [36m| [0m[34m|[0m /* 8.152 */            }[0m
    [36m| [0m[34m|[0m /* 8.153 */        } catch(e: Exception) {[0m
    [36m| [0m[34m|[0m /* 8.154 */            if(e is AssertException || e is AssertIntermediateException || e is UnittestTimeoutException) {[0m
    [36m| [0m[34m|[0m /* 8.155 */                throw e[0m
    [36m| [0m[34m|[0m /* 8.156 */            }[0m
    [36m| [0m[34m|[0m /* 8.157 */            expectCaughtUnexpectedE("@ExpectThrows(IllegalArgumentException)", "IllegalArgumentException", e.toString())[0m
    [36m| [0m[34m|[0m /* 8.158 */            None < IllegalArgumentException >[0m
    [36m| [0m[34m|[0m /* 8.159 */        }[0m
    [36m| [0m[34m|[0m /* 8.160 */        try {[0m
    [36m| [0m[34m|[0m /* 8.161 */            try {[0m
    [36m| [0m[34m|[0m /* 8.162 */                assertEqual("true", "true", true, true)[0m
    [36m| [0m[34m|[0m /* 8.163 */                Cookie("name", "line\nfeed")[0m
    [36m| [0m[34m|[0m /* 8.164 */                failExpect("@ExpectThrows: Expected 'IllegalArgumentException' was not caught.")[0m
    [36m| [0m[34m|[0m /* 8.165 */                None < IllegalArgumentException >[0m
    [36m| [0m[34m|[0m /* 8.166 */            } catch(e: IllegalArgumentException) {[0m
    [36m| [0m[34m|[0m /* 8.167 */                if(e is AssertException) {[0m
    [36m| [0m[34m|[0m /* 8.168 */                    throw e[0m
    [36m| [0m[34m|[0m /* 8.169 */                }[0m
    [36m| [0m[34m|[0m /* 8.170 */                if(e is AssertIntermediateException) {[0m
    [36m| [0m[34m|[0m /* 8.171 */                    throw e[0m
    [36m| [0m[34m|[0m /* 8.172 */                }[0m
    [36m| [0m[34m|[0m /* 8.173 */                if(e is UnittestTimeoutException) {[0m
    [36m| [0m[34m|[0m /* 8.174 */                    throw e[0m
    [36m| [0m[34m|[0m /* 8.175 */                }[0m
    [36m| [0m[34m|[0m /* 8.176 */                e[0m
    [36m| [0m[34m|[0m /* 8.177 */            }[0m
    [36m| [0m[34m|[0m /* 8.178 */        } catch(e: Exception) {[0m
    [36m| [0m[34m|[0m /* 8.179 */            if(e is AssertException || e is AssertIntermediateException || e is UnittestTimeoutException) {[0m
    [36m| [0m[34m|[0m /* 8.180 */                throw e[0m
    [36m| [0m[34m|[0m /* 8.181 */            }[0m
    [36m| [0m[34m|[0m /* 8.182 */            expectCaughtUnexpectedE("@ExpectThrows(IllegalArgumentException)", "IllegalArgumentException", e.toString())[0m
    [36m| [0m[34m|[0m /* 8.183 */            None < IllegalArgumentException >[0m
    [36m| [0m[34m|[0m /* 8.184 */        }[0m
    [36m| [0m[34m|[0m /* 8.185 */        expectEqual("jar.snapshot().isEmpty()", "true", jar.snapshot().isEmpty(), true, isDelta: false)[0m
    [36m| [0m[34m|[0m /* 8.186 */    }[0m
    [36m| [0m[34m|[0m /* 8.187 */    [0m
    [36m| [0m[34m|[0m /* 8.188 */    @Attribute[TestCase_24][0m
    [36m| [0m[34m|[0m /* 8.189 */    func capacityHeaderBoundsAndReplacementRemainDeterministic(): Unit {[0m
    [36m| [0m[34m|[0m /* 8.190 */        let url = HttpUrl.parse("https://example.test/deep/page")[0m
    [36m| [0m[34m|[0m /* 8.191 */        let jar = CookieJar(maximumCookies: 3, maximumHeaderBytes: 18)[0m
    [36m| [0m[34m|[0m /* 8.192 */        expectEqual("jar.acceptSetCookie(\"old=1; Path=/\", url)", "true", jar.acceptSetCookie("old=1; Path=/", url), true, isDelta: false)[0m
    [36m| [0m[34m|[0m /* 8.193 */        expectEqual("jar.acceptSetCookie(\"id=root; Path=/\", url)", "true", jar.acceptSetCookie("id=root; Path=/", url), true, isDelta: false)[0m
    [36m| [0m[34m|[0m /* 8.194 */        expectEqual("jar.acceptSetCookie(\"id=deep; Path=/deep\", url)", "true", jar.acceptSetCookie("id=deep; Path=/deep", url), true, isDelta: false)[0m
    [36m| [0m[34m|[0m /* 8.195 */        expectEqual("jar.acceptSetCookie(\"new=2; Path=/\", url)", "true", jar.acceptSetCookie("new=2; Path=/", url), true, isDelta: false)[0m
    [36m| [0m[34m|[0m /* 8.196 */        expectEqual("jar.snapshot().size", "3", jar.snapshot().size, 3, isDelta: false)[0m
    [36m| [0m[34m|[0m /* 8.197 */        expectEqual("jar.headerFor(url)", "\"id=deep; id=root\"", jar.headerFor(url), "id=deep; id=root", isDelta: false)[0m
    [36m| [0m[34m|[0m /* 8.198 */        expectEqual("jar.acceptSetCookie(\"id=replaced; Path=/\", url)", "true", jar.acceptSetCookie("id=replaced; Path=/", url), true, isDelta: false)[0m
    [36m| [0m[34m|[0m /* 8.199 */        expectEqual("jar.headerFor(url)", "\"id=deep\"", jar.headerFor(url), "id=deep", isDelta: false)[0m
    [36m| [0m[34m|[0m /* 8.200 */        expectEqual("jar.snapshot().size", "3", jar.snapshot().size, 3, isDelta: false)[0m
    [36m| [0m[34m|[0m /* 8.201 */    }[0m
    [36m| [0m[34m|[0m /* 8.202 */    [0m
    [36m| [0m[34m|[0m /* 8.203 */    @Attribute[TestCase_25][0m
    [36m| [0m[34m|[0m /* 8.204 */    func removalClearAndSnapshotsExposeOnlyLiveImmutableCookies(): Unit {[0m
    [36m| [0m[34m|[0m /* 8.205 */        let jar = CookieJar()[0m
    [36m| [0m[34m|[0m /* 8.206 */        let first = HttpUrl.parse("https://one.test/")[0m
    [36m| [0m[34m|[0m /* 8.207 */        let second = HttpUrl.parse("https://two.test/")[0m
    [36m| [0m[34m|[0m /* 8.208 */        expectEqual("jar.acceptSetCookie(\"a=1; Path=/\", first)", "true", jar.acceptSetCookie("a=1; Path=/", first), true, isDelta: false)[0m
    [36m| [0m[34m|[0m /* 8.209 */        expectEqual("jar.acceptSetCookie(\"b=2; Path=/\", second)", "true", jar.acceptSetCookie("b=2; Path=/", second), true, isDelta: false)[0m
    [36m| [0m[34m|[0m /* 8.210 */        let before = jar.snapshot()[0m
    [36m| [0m[34m|[0m /* 8.211 */        expectEqual("before.size", "2", before.size, 2, isDelta: false)[0m
    [36m| [0m[34m|[0m /* 8.212 */        expectEqual("jar.remove(\"a\", first)", "true", jar.remove("a", first), true, isDelta: false)[0m
    [36m| [0m[34m|[0m /* 8.213 */        expectEqual("! jar.remove(\"a\", first)", "true", ! jar.remove("a", first), true, isDelta: false)[0m
    [36m| [0m[34m|[0m /* 8.214 */        expectEqual("jar.headerFor(first)", "\"\"", jar.headerFor(first), "", isDelta: false)[0m
    [36m| [0m[34m|[0m /* 8.215 */        expectEqual("jar.headerFor(second)", "\"b=2\"", jar.headerFor(second), "b=2", isDelta: false)[0m
    [36m| [0m[34m|[0m /* 8.216 */        expectEqual("jar.removeCookies(\"two.test\")", "1", jar.removeCookies("two.test"), 1, isDelta: false)[0m
    [36m| [0m[34m|[0m /* 8.217 */        expectEqual("jar.snapshot().isEmpty()", "true", jar.snapshot().isEmpty(), true, isDelta: false)[0m
    [36m| [0m[34m|[0m /* 8.218 */        expectEqual("jar.acceptSetCookie(\"c=3; Path=/\", first)", "true", jar.acceptSetCookie("c=3; Path=/", first), true, isDelta: false)[0m
    [36m| [0m[34m|[0m /* 8.219 */        jar.clear()[0m
    [36m| [0m[34m|[0m /* 8.220 */        expectEqual("jar.snapshot().isEmpty()", "true", jar.snapshot().isEmpty(), true, isDelta: false)[0m
    [36m| [0m[34m|[0m /* 8.221 */        expectEqual("before.size", "2", before.size, 2, isDelta: false)[0m
    [36m| [0m[34m|[0m /* 8.222 */    }[0m
    [36m| [0m[34m|[0m /* 8.223 */    [0m
    [36m| [0m[34m|[0m /* 8.224 */    @Attribute[TestCase_26][0m
    [36m| [0m[34m|[0m /* 8.225 */    func concurrentStoresAndReadsRemainRaceFreeAndBounded(): Unit {[0m
    [36m| [0m[34m|[0m /* 8.226 */        let jar = CookieJar(maximumCookies: 64, maximumHeaderBytes: 8192)[0m
    [36m| [0m[34m|[0m /* 8.227 */        let url = HttpUrl.parse("https://concurrent.test/")[0m
    [36m| [0m[34m|[0m /* 8.228 */        let writers = ArrayList < Future < Bool >>()[0m
    [36m| [0m[34m|[0m /* 8.229 */        for(index in 0 .. 32) {[0m
    [36m| [0m[34m|[0m /* 8.230 */            let captured = index[0m
    [36m| [0m[34m|[0m /* 8.231 */            writers.add(spawn { jar.acceptSetCookie("c${captured}=v${captured}; Path=/", url)[0m
    [36m| [0m[34m|[0m /* 8.232 */            })[0m
    [36m| [0m[34m|[0m /* 8.233 */        }[0m
    [36m| [0m[34m|[0m /* 8.234 */        for(writer in writers) {[0m
    [36m| [0m[34m|[0m /* 8.235 */            expectEqual("writer.get()", "true", writer.get(), true, isDelta: false)[0m
    [36m| [0m[34m|[0m /* 8.236 */        }[0m
    [36m| [0m[34m|[0m /* 8.237 */        let readers = ArrayList < Future < String >>()[0m
    [36m| [0m[34m|[0m /* 8.238 */        for(_ in 0 .. 16) {[0m
    [36m| [0m[34m|[0m /* 8.239 */            readers.add(spawn { jar.headerFor(url)[0m
    [36m| [0m[34m|[0m /* 8.240 */            })[0m
    [36m| [0m[34m|[0m /* 8.241 */        }[0m
    [36m| [0m[34m|[0m /* 8.242 */        for(reader in readers) {[0m
    [36m| [0m[34m|[0m /* 8.243 */            let header = reader.get()[0m
    [36m| [0m[34m|[0m /* 8.244 */            expectEqual("header.contains(\"c0=v0\")", "true", header.contains("c0=v0"), true, isDelta: false)[0m
    [36m| [0m[34m|[0m /* 8.245 */            expectEqual("header.contains(\"c31=v31\")", "true", header.contains("c31=v31"), true, isDelta: false)[0m
    [36m| [0m[34m|[0m /* 8.246 */        }[0m
    [36m| [0m[34m|[0m /* 8.247 */        expectEqual("jar.snapshot().size", "32", jar.snapshot().size, 32, isDelta: false)[0m
    [36m| [0m[34m|[0m /* 8.248 */    }[0m
    [36m| [0m[34m|[0m /* 8.249 */    [0m
    [36m| [0m[34m|[0m /* 8.250 */    @Attribute[TestCase_27][0m
    [36m| [0m[34m|[0m /* 8.251 */    func boundedSetCookieMutationsPreserveScopeAndHeaderSafety(): Unit {[0m
    [36m| [0m[34m|[0m /* 8.252 */        let origin = HttpUrl.parse("https://app.example.test/app/page")[0m
    [36m| [0m[34m|[0m /* 8.253 */        let clearOrigin = HttpUrl.parse("http://app.example.test/app/page")[0m
    [36m| [0m[34m|[0m /* 8.254 */        let deepOrigin = HttpUrl.parse("https://deep.app.example.test/app/page")[0m
    [36m| [0m[34m|[0m /* 8.255 */        let exactPath = HttpUrl.parse("https://app.example.test/app")[0m
    [36m| [0m[34m|[0m /* 8.256 */        let childPath = HttpUrl.parse("https://app.example.test/app/child")[0m
    [36m| [0m[34m|[0m /* 8.257 */        let siblingPath = HttpUrl.parse("https://app.example.test/application")[0m
    [36m| [0m[34m|[0m /* 8.258 */        let unrelated =[HttpUrl.parse("https://evil.test/app/page"), HttpUrl.parse("https://notexample.test/app/page"), HttpUrl.parse("https://example.invalid/app/page")][0m
    [36m| [0m[34m|[0m /* 8.259 */        let seeds =["sid=abc123; Path=/app; Secure; HttpOnly", "quoted=\"a:b/c?d\"; Domain=.example.test; Path=/app; Max-Age=3600", "expires=alive; Expires=Fri, 31 Dec 9999 23:59:59 GMT; Path=/app", "attrs=value; Domain=app.example.test; Path=/app; SameSite=Lax"][0m
    [36m| [0m[34m|[0m /* 8.260 */        for(seed in seeds) {[0m
    [36m| [0m[34m|[0m /* 8.261 */            assertEqual("m8005ExerciseSetCookieMutation(seed, origin, clearOrigin, deepOrigin, exactPath, childPath, siblingPath, unrelated)", "true", m8005ExerciseSetCookieMutation(seed, origin, clearOrigin, deepOrigin, exactPath, childPath, siblingPath, unrelated), true, isDelta: false)[0m
    [36m| [0m[34m|[0m /* 8.262 */        }[0m
    [36m| [0m[34m|[0m /* 8.263 */        assertEqual("m8005ExerciseSetCookieMutation(\" spaced = \\\"value\\\" ; Path = /app ; Secure \", origin, clearOrigin, deepOrigin, exactPath, childPath, siblingPath, unrelated)", "true", m8005ExerciseSetCookieMutation(" spaced = \"value\" ; Path = /app ; Secure ", origin, clearOrigin, deepOrigin, exactPath, childPath, siblingPath, unrelated), true, isDelta: false)[0m
    [36m| [0m[34m|[0m /* 8.264 */        assertEqual("m8005ExerciseSetCookieMutation(\"equals=name=value; Path=/app\", origin, clearOrigin, deepOrigin, exactPath, childPath, siblingPath, unrelated)", "true", m8005ExerciseSetCookieMutation("equals=name=value; Path=/app", origin, clearOrigin, deepOrigin, exactPath, childPath, siblingPath, unrelated), true, isDelta: false)[0m
    [36m| [0m[34m|[0m /* 8.265 */        assertEqual("m8005ExerciseSetCookieMutation(\"defaulted=x; Path; Secure\", origin, clearOrigin, deepOrigin, exactPath, childPath, siblingPath, unrelated)", "true", m8005ExerciseSetCookieMutation("defaulted=x; Path; Secure", origin, clearOrigin, deepOrigin, exactPath, childPath, siblingPath, unrelated), true, isDelta: false)[0m
    [36m| [0m[34m|[0m /* 8.266 */        for(invalid in["", "missing-pair", "=empty-name", "; Path=/app", "bad name=value", "bad=value with space", "comma=value,other", "unterminated=\"value", "trailing=\"value\"junk", "empty-domain=x; Domain=; Path=/app", "bad-domain=x; Domain==example.test; Path=/app", "inject=x\r\nX-Evil: yes", "tab=x\tvalue", "nul=x\u{0000}; Path=/app", "delete=x\u{007f}; Path=/app"]) {[0m
    [36m| [0m[34m|[0m /* 8.267 */            assertEqual("! m8005ExerciseSetCookieMutation(invalid, origin, clearOrigin, deepOrigin, exactPath, childPath, siblingPath, unrelated)", "true", ! m8005ExerciseSetCookieMutation(invalid, origin, clearOrigin, deepOrigin, exactPath, childPath, siblingPath, unrelated), true, isDelta: false)[0m
    [36m| [0m[34m|[0m /* 8.268 */        }[0m
    [36m| [0m[34m|[0m /* 8.269 */        let malformedAttributeJar = CookieJar(maximumCookies: 2, maximumHeaderBytes: 128, rejectPublicSuffixes:["com", "co.uk"])[0m
    [36m| [0m[34m|[0m /* 8.270 */        assertEqual("malformedAttributeJar.acceptSetCookie(\"scope=x; Do main=evil.test; Sec ure; Path=/app\", origin)", "true", malformedAttributeJar.acceptSetCookie("scope=x; Do main=evil.test; Sec ure; Path=/app", origin), true, isDelta: false)[0m
    [36m| [0m[34m|[0m /* 8.271 */        let malformedAttribute = malformedAttributeJar.snapshot()[0][0m
    [36m| [0m[34m|[0m /* 8.272 */        assertEqual("malformedAttribute.domain", "\"\"", malformedAttribute.domain, "", isDelta: false)[0m
    [36m| [0m[34m|[0m /* 8.273 */        assertEqual("! malformedAttribute.secure", "true", ! malformedAttribute.secure, true, isDelta: false)[0m
    [36m| [0m[34m|[0m /* 8.274 */        assertEqual("malformedAttributeJar.headerFor(clearOrigin)", "\"scope=x\"", malformedAttributeJar.headerFor(clearOrigin), "scope=x", isDelta: false)[0m
    [36m| [0m[34m|[0m /* 8.275 */        assertEqual("malformedAttributeJar.headerFor(deepOrigin)", "\"\"", malformedAttributeJar.headerFor(deepOrigin), "", isDelta: false)[0m
    [36m| [0m[34m|[0m /* 8.276 */        let invalidLifetimeJar = CookieJar(maximumCookies: 2, maximumHeaderBytes: 128)[0m
    [36m| [0m[34m|[0m /* 8.277 */        assertEqual("invalidLifetimeJar.acceptSetCookie(\"bad-max=x; Max-Age=+60; Expires=not-a-date; Path=/app\", origin)", "true", invalidLifetimeJar.acceptSetCookie("bad-max=x; Max-Age=+60; Expires=not-a-date; Path=/app", origin), true, isDelta: false)[0m
    [36m| [0m[34m|[0m /* 8.278 */        assertEqual("invalidLifetimeJar.snapshot()[0].maxAge.isNone()", "true", invalidLifetimeJar.snapshot()[0].maxAge.isNone(), true, isDelta: false)[0m
    [36m| [0m[34m|[0m /* 8.279 */        assertEqual("invalidLifetimeJar.snapshot()[0].expires.isNone()", "true", invalidLifetimeJar.snapshot()[0].expires.isNone(), true, isDelta: false)[0m
    [36m| [0m[34m|[0m /* 8.280 */        assertEqual("invalidLifetimeJar.headerFor(origin)", "\"bad-max=x\"", invalidLifetimeJar.headerFor(origin), "bad-max=x", isDelta: false)[0m
    [36m| [0m[34m|[0m /* 8.281 */        let deletionJar = CookieJar(maximumCookies: 2, maximumHeaderBytes: 128)[0m
    [36m| [0m[34m|[0m /* 8.282 */        assertEqual("deletionJar.acceptSetCookie(\"gone=x; Max-Age=0; Path=/app\", origin)", "true", deletionJar.acceptSetCookie("gone=x; Max-Age=0; Path=/app", origin), true, isDelta: false)[0m
    [36m| [0m[34m|[0m /* 8.283 */        assertEqual("deletionJar.snapshot().isEmpty()", "true", deletionJar.snapshot().isEmpty(), true, isDelta: false)[0m
    [36m| [0m[34m|[0m /* 8.284 */        assertEqual("deletionJar.headerFor(origin)", "\"\"", deletionJar.headerFor(origin), "", isDelta: false)[0m
    [36m| [0m[34m|[0m /* 8.285 */        let label63 = String.fromUtf8(Array < Byte >(63, repeat: b'a'))[0m
    [36m| [0m[34m|[0m /* 8.286 */        let label64 = String.fromUtf8(Array < Byte >(64, repeat: b'a'))[0m
    [36m| [0m[34m|[0m /* 8.287 */        let labelOrigin = HttpUrl.parse("https://app.${label63}.test/app/page")[0m
    [36m| [0m[34m|[0m /* 8.288 */        let labelJar = CookieJar(maximumCookies: 2, maximumHeaderBytes: 128)[0m
    [36m| [0m[34m|[0m /* 8.289 */        assertEqual("labelJar.acceptSetCookie(\"boundary=x; Domain=\${label63}.test; Path=/app\", labelOrigin)", "true", labelJar.acceptSetCookie("boundary=x; Domain=${label63}.test; Path=/app", labelOrigin), true, isDelta: false)[0m
    [36m| [0m[34m|[0m /* 8.290 */        assertEqual("labelJar.headerFor(HttpUrl.parse(\"https://deep.app.\${label63}.test/app/page\"))", "\"boundary=x\"", labelJar.headerFor(HttpUrl.parse("https://deep.app.${label63}.test/app/page")), "boundary=x", isDelta: false)[0m
    [36m| [0m[34m|[0m /* 8.291 */        for(domain in["${label64}.example.test", "-example.test", "example-.test", "example..test", "example.test.", "_example.test"]) {[0m
    [36m| [0m[34m|[0m /* 8.292 */            let jar = CookieJar(maximumCookies: 2, maximumHeaderBytes: 128)[0m
    [36m| [0m[34m|[0m /* 8.293 */            assertEqual("! jar.acceptSetCookie(\"boundary=x; Domain=\${domain}; Path=/app\", origin)", "true", ! jar.acceptSetCookie("boundary=x; Domain=${domain}; Path=/app", origin), true, isDelta: false)[0m
    [36m| [0m[34m|[0m /* 8.294 */            assertEqual("jar.snapshot().isEmpty()", "true", jar.snapshot().isEmpty(), true, isDelta: false)[0m
    [36m| [0m[34m|[0m /* 8.295 */        }[0m
    [36m| [0m[34m|[0m /* 8.296 */        let foreignJar = CookieJar(maximumCookies: 2, maximumHeaderBytes: 128)[0m
    [36m| [0m[34m|[0m /* 8.297 */        assertEqual("! foreignJar.acceptSetCookie(\"foreign=x; Domain=evil.test; Path=/app\", origin)", "true", ! foreignJar.acceptSetCookie("foreign=x; Domain=evil.test; Path=/app", origin), true, isDelta: false)[0m
    [36m| [0m[34m|[0m /* 8.298 */        assertEqual("foreignJar.snapshot().isEmpty()", "true", foreignJar.snapshot().isEmpty(), true, isDelta: false)[0m
    [36m| [0m[34m|[0m /* 8.299 */        let suffixOrigin = HttpUrl.parse("https://app.example.co.uk/app/page")[0m
    [36m| [0m[34m|[0m /* 8.300 */        let suffixJar = CookieJar(maximumCookies: 2, maximumHeaderBytes: 128, rejectPublicSuffixes:["com", "co.uk"])[0m
    [36m| [0m[34m|[0m /* 8.301 */        assertEqual("! suffixJar.acceptSetCookie(\"suffix=x; Domain=co.uk; Path=/app\", suffixOrigin)", "true", ! suffixJar.acceptSetCookie("suffix=x; Domain=co.uk; Path=/app", suffixOrigin), true, isDelta: false)[0m
    [36m| [0m[34m|[0m /* 8.302 */        assertEqual("suffixJar.snapshot().isEmpty()", "true", suffixJar.snapshot().isEmpty(), true, isDelta: false)[0m
    [36m| [0m[34m|[0m /* 8.303 */        let replacements =[0u8, 9u8, 13u8, 31u8, 32u8, 34u8, 40u8, 44u8, 45u8, 46u8, 47u8, 58u8, 59u8, 61u8, 92u8, 126u8, 127u8][0m
    [36m| [0m[34m|[0m /* 8.304 */        var iterations: Int64 = 0[0m
    [36m| [0m[34m|[0m /* 8.305 */        var accepted: Int64 = 0[0m
    [36m| [0m[34m|[0m /* 8.306 */        var rejected: Int64 = 0[0m
    [36m| [0m[34m|[0m /* 8.307 */        for(seed in seeds) {[0m
    [36m| [0m[34m|[0m /* 8.308 */            let bytes = seed.toArray()[0m
    [36m| [0m[34m|[0m /* 8.309 */            for(index in 0 .. bytes.size) {[0m
    [36m| [0m[34m|[0m /* 8.310 */                for(replacement in replacements) {[0m
    [36m| [0m[34m|[0m /* 8.311 */                    let mutated = bytes.clone()[0m
    [36m| [0m[34m|[0m /* 8.312 */                    mutated[index] = replacement[0m
    [36m| [0m[34m|[0m /* 8.313 */                    let candidate = String.fromUtf8(mutated)[0m
    [36m| [0m[34m|[0m /* 8.314 */                    if(m8005ExerciseSetCookieMutation(candidate, origin, clearOrigin, deepOrigin, exactPath, childPath, siblingPath, unrelated)) {[0m
    [36m| [0m[34m|[0m /* 8.315 */                        accepted ++[0m
    [36m| [0m[34m|[0m /* 8.316 */                    }[0m
    [36m| [0m[34m|[0m /* 8.317 */                    else {[0m
    [36m| [0m[34m|[0m /* 8.318 */                        rejected ++[0m
    [36m| [0m[34m|[0m /* 8.319 */                    }[0m
    [36m| [0m[34m|[0m /* 8.320 */                    iterations ++[0m
    [36m| [0m[34m|[0m /* 8.321 */                }[0m
    [36m| [0m[34m|[0m /* 8.322 */                let shortened = m8005CookieDeleteByte(bytes, index)[0m
    [36m| [0m[34m|[0m /* 8.323 */                if(m8005ExerciseSetCookieMutation(shortened, origin, clearOrigin, deepOrigin, exactPath, childPath, siblingPath, unrelated)) {[0m
    [36m| [0m[34m|[0m /* 8.324 */                    accepted ++[0m
    [36m| [0m[34m|[0m /* 8.325 */                }[0m
    [36m| [0m[34m|[0m /* 8.326 */                else {[0m
    [36m| [0m[34m|[0m /* 8.327 */                    rejected ++[0m
    [36m| [0m[34m|[0m /* 8.328 */                }[0m
    [36m| [0m[34m|[0m /* 8.329 */                iterations ++[0m
    [36m| [0m[34m|[0m /* 8.330 */            }[0m
    [36m| [0m[34m|[0m /* 8.331 */        }[0m
    [36m| [0m[34m|[0m /* 8.332 */        println("M8005_FUZZ target=set-cookie seed=8005 iterations=${iterations} " + "accepted=${accepted} rejected=${rejected} decision=PASS")[0m
    [36m| [0m[34m|[0m /* 8.333 */    }[0m
    [36m| [0m[34m|[0m /* 8.334 */    [0m
    [36m| [0m[34m|[0m /* 8.335 */    init() {[0m
    [36m| [0m[34m|[0m /* 8.336 */    }[0m
    [36m| [0m[34m|[0m /* 8.337 */    private func classConfiguration(): Configuration {[0m
    [36m| [0m[34m|[0m /* 8.338 */        let configuration = Configuration()[0m
    [36m| [0m[34m|[0m /* 8.339 */        [0m
    [36m| [0m[34m|[0m /* 8.340 */        return configuration[0m
    [36m| [0m[34m|[0m /* 8.341 */    }[0m
    [36m| [0m[34m|[0m /* 8.342 */    public override func asTestSuite(): TestSuite {[0m
    [36m| [0m[34m|[0m /* 8.343 */        [0m
    [36m| [0m[34m|[0m /* 8.344 */        let suiteConfiguration = classConfiguration()[0m
    [36m| [0m[34m|[0m /* 8.345 */        let suiteBuilder = TestSuite.builder("HttpCookieJarTest").configure(suiteConfiguration)[0m
    [36m| [0m[34m|[0m /* 8.346 */        [0m
    [36m| [0m[34m|[0m /* 8.347 */        { => let caseConfig = Configuration()[0m
    [36m| [0m[34m|[0m /* 8.348 */            [0m
    [36m| [0m[34m|[0m /* 8.349 */            let cookieSerializesStandardMetadataWithoutInventingBrowserPolicyTestFunc = { => cookieSerializesStandardMetadataWithoutInventingBrowserPolicy();() }[0m
    [36m| [0m[34m|[0m /* 8.350 */            suiteBuilder.add([0m
    [36m| [0m[34m|[0m /* 8.351 */            UnitTestCase.create([0m
    [36m| [0m[34m|[0m /* 8.352 */            "cookieSerializesStandardMetadataWithoutInventingBrowserPolicy",[0m
    [36m| [0m[34m|[0m /* 8.353 */            configuration: caseConfig,[0m
    [36m| [0m[34m|[0m /* 8.354 */            body: cookieSerializesStandardMetadataWithoutInventingBrowserPolicyTestFunc[0m
    [36m| [0m[34m|[0m /* 8.355 */            )[0m
    [36m| [0m[34m|[0m /* 8.356 */            )[0m
    [36m| [0m[34m|[0m /* 8.357 */            [0m
    [36m| [0m[34m|[0m /* 8.358 */        }()[0m
    [36m| [0m[34m|[0m /* 8.359 */        [0m
    [36m| [0m[34m|[0m /* 8.360 */        [0m
    [36m| [0m[34m|[0m /* 8.361 */        { => let caseConfig = Configuration()[0m
    [36m| [0m[34m|[0m /* 8.362 */            [0m
    [36m| [0m[34m|[0m /* 8.363 */            let hostOnlyAndDomainCookiesDoNotLeakAcrossDnsBoundariesTestFunc = { => hostOnlyAndDomainCookiesDoNotLeakAcrossDnsBoundaries();() }[0m
    [36m| [0m[34m|[0m /* 8.364 */            suiteBuilder.add([0m
    [36m| [0m[34m|[0m /* 8.365 */            UnitTestCase.create([0m
    [36m| [0m[34m|[0m /* 8.366 */            "hostOnlyAndDomainCookiesDoNotLeakAcrossDnsBoundaries",[0m
    [36m| [0m[34m|[0m /* 8.367 */            configuration: caseConfig,[0m
    [36m| [0m[34m|[0m /* 8.368 */            body: hostOnlyAndDomainCookiesDoNotLeakAcrossDnsBoundariesTestFunc[0m
    [36m| [0m[34m|[0m /* 8.369 */            )[0m
    [36m| [0m[34m|[0m /* 8.370 */            )[0m
    [36m| [0m[34m|[0m /* 8.371 */            [0m
    [36m| [0m[34m|[0m /* 8.372 */        }()[0m
    [36m| [0m[34m|[0m /* 8.373 */        [0m
    [36m| [0m[34m|[0m /* 8.374 */        [0m
    [36m| [0m[34m|[0m /* 8.375 */        { => let caseConfig = Configuration()[0m
    [36m| [0m[34m|[0m /* 8.376 */            [0m
    [36m| [0m[34m|[0m /* 8.377 */            let bundledPublicSuffixRulesProtectRegistrableBoundariesByDefaultTestFunc = { => bundledPublicSuffixRulesProtectRegistrableBoundariesByDefault();() }[0m
    [36m| [0m[34m|[0m /* 8.378 */            suiteBuilder.add([0m
    [36m| [0m[34m|[0m /* 8.379 */            UnitTestCase.create([0m
    [36m| [0m[34m|[0m /* 8.380 */            "bundledPublicSuffixRulesProtectRegistrableBoundariesByDefault",[0m
    [36m| [0m[34m|[0m /* 8.381 */            configuration: caseConfig,[0m
    [36m| [0m[34m|[0m /* 8.382 */            body: bundledPublicSuffixRulesProtectRegistrableBoundariesByDefaultTestFunc[0m
    [36m| [0m[34m|[0m /* 8.383 */            )[0m
    [36m| [0m[34m|[0m /* 8.384 */            )[0m
    [36m| [0m[34m|[0m /* 8.385 */            [0m
    [36m| [0m[34m|[0m /* 8.386 */        }()[0m
    [36m| [0m[34m|[0m /* 8.387 */        [0m
    [36m| [0m[34m|[0m /* 8.388 */        [0m
    [36m| [0m[34m|[0m /* 8.389 */        { => let caseConfig = Configuration()[0m
    [36m| [0m[34m|[0m /* 8.390 */            [0m
    [36m| [0m[34m|[0m /* 8.391 */            let defaultPathAndPathMatchUseDirectoryAndSlashBoundariesTestFunc = { => defaultPathAndPathMatchUseDirectoryAndSlashBoundaries();() }[0m
    [36m| [0m[34m|[0m /* 8.392 */            suiteBuilder.add([0m
    [36m| [0m[34m|[0m /* 8.393 */            UnitTestCase.create([0m
    [36m| [0m[34m|[0m /* 8.394 */            "defaultPathAndPathMatchUseDirectoryAndSlashBoundaries",[0m
    [36m| [0m[34m|[0m /* 8.395 */            configuration: caseConfig,[0m
    [36m| [0m[34m|[0m /* 8.396 */            body: defaultPathAndPathMatchUseDirectoryAndSlashBoundariesTestFunc[0m
    [36m| [0m[34m|[0m /* 8.397 */            )[0m
    [36m| [0m[34m|[0m /* 8.398 */            )[0m
    [36m| [0m[34m|[0m /* 8.399 */            [0m
    [36m| [0m[34m|[0m /* 8.400 */        }()[0m
    [36m| [0m[34m|[0m /* 8.401 */        [0m
    [36m| [0m[34m|[0m /* 8.402 */        [0m
    [36m| [0m[34m|[0m /* 8.403 */        { => let caseConfig = Configuration()[0m
    [36m| [0m[34m|[0m /* 8.404 */            [0m
    [36m| [0m[34m|[0m /* 8.405 */            let maxAgeTakesPrecedenceAndNonPositiveValuesDeleteTheIdentityTestFunc = { => maxAgeTakesPrecedenceAndNonPositiveValuesDeleteTheIdentity();() }[0m
    [36m| [0m[34m|[0m /* 8.406 */            suiteBuilder.add([0m
    [36m| [0m[34m|[0m /* 8.407 */            UnitTestCase.create([0m
    [36m| [0m[34m|[0m /* 8.408 */            "maxAgeTakesPrecedenceAndNonPositiveValuesDeleteTheIdentity",[0m
    [36m| [0m[34m|[0m /* 8.409 */            configuration: caseConfig,[0m
    [36m| [0m[34m|[0m /* 8.410 */            body: maxAgeTakesPrecedenceAndNonPositiveValuesDeleteTheIdentityTestFunc[0m
    [36m| [0m[34m|[0m /* 8.411 */            )[0m
    [36m| [0m[34m|[0m /* 8.412 */            )[0m
    [36m| [0m[34m|[0m /* 8.413 */            [0m
    [36m| [0m[34m|[0m /* 8.414 */        }()[0m
    [36m| [0m[34m|[0m /* 8.415 */        [0m
    [36m| [0m[34m|[0m /* 8.416 */        [0m
    [36m| [0m[34m|[0m /* 8.417 */        { => let caseConfig = Configuration()[0m
    [36m| [0m[34m|[0m /* 8.418 */            [0m
    [36m| [0m[34m|[0m /* 8.419 */            let secureMetadataControlsTransportAndHttpOnlyDoesNotChangeWireSelectionTestFunc = { => secureMetadataControlsTransportAndHttpOnlyDoesNotChangeWireSelection();() }[0m
    [36m| [0m[34m|[0m /* 8.420 */            suiteBuilder.add([0m
    [36m| [0m[34m|[0m /* 8.421 */            UnitTestCase.create([0m
    [36m| [0m[34m|[0m /* 8.422 */            "secureMetadataControlsTransportAndHttpOnlyDoesNotChangeWireSelection",[0m
    [36m| [0m[34m|[0m /* 8.423 */            configuration: caseConfig,[0m
    [36m| [0m[34m|[0m /* 8.424 */            body: secureMetadataControlsTransportAndHttpOnlyDoesNotChangeWireSelectionTestFunc[0m
    [36m| [0m[34m|[0m /* 8.425 */            )[0m
    [36m| [0m[34m|[0m /* 8.426 */            )[0m
    [36m| [0m[34m|[0m /* 8.427 */            [0m
    [36m| [0m[34m|[0m /* 8.428 */        }()[0m
    [36m| [0m[34m|[0m /* 8.429 */        [0m
    [36m| [0m[34m|[0m /* 8.430 */        [0m
    [36m| [0m[34m|[0m /* 8.431 */        { => let caseConfig = Configuration()[0m
    [36m| [0m[34m|[0m /* 8.432 */            [0m
    [36m| [0m[34m|[0m /* 8.433 */            let valuedSecureAttributeCannotLeakCookiesToCleartextTestFunc = { => valuedSecureAttributeCannotLeakCookiesToCleartext();() }[0m
    [36m| [0m[34m|[0m /* 8.434 */            suiteBuilder.add([0m
    [36m| [0m[34m|[0m /* 8.435 */            UnitTestCase.create([0m
    [36m| [0m[34m|[0m /* 8.436 */            "valuedSecureAttributeCannotLeakCookiesToCleartext",[0m
    [36m| [0m[34m|[0m /* 8.437 */            configuration: caseConfig,[0m
    [36m| [0m[34m|[0m /* 8.438 */            body: valuedSecureAttributeCannotLeakCookiesToCleartextTestFunc[0m
    [36m| [0m[34m|[0m /* 8.439 */            )[0m
    [36m| [0m[34m|[0m /* 8.440 */            )[0m
    [36m| [0m[34m|[0m /* 8.441 */            [0m
    [36m| [0m[34m|[0m /* 8.442 */        }()[0m
    [36m| [0m[34m|[0m /* 8.443 */        [0m
    [36m| [0m[34m|[0m /* 8.444 */        [0m
    [36m| [0m[34m|[0m /* 8.445 */        { => let caseConfig = Configuration()[0m
    [36m| [0m[34m|[0m /* 8.446 */            [0m
    [36m| [0m[34m|[0m /* 8.447 */            let cleartextOriginsCannotCreateOrOverlaySecureCookiesTestFunc = { => cleartextOriginsCannotCreateOrOverlaySecureCookies();() }[0m
    [36m| [0m[34m|[0m /* 8.448 */            suiteBuilder.add([0m
    [36m| [0m[34m|[0m /* 8.449 */            UnitTestCase.create([0m
    [36m| [0m[34m|[0m /* 8.450 */            "cleartextOriginsCannotCreateOrOverlaySecureCookies",[0m
    [36m| [0m[34m|[0m /* 8.451 */            configuration: caseConfig,[0m
    [36m| [0m[34m|[0m /* 8.452 */            body: cleartextOriginsCannotCreateOrOverlaySecureCookiesTestFunc[0m
    [36m| [0m[34m|[0m /* 8.453 */            )[0m
    [36m| [0m[34m|[0m /* 8.454 */            )[0m
    [36m| [0m[34m|[0m /* 8.455 */            [0m
    [36m| [0m[34m|[0m /* 8.456 */        }()[0m
    [36m| [0m[34m|[0m /* 8.457 */        [0m
    [36m| [0m[34m|[0m /* 8.458 */        [0m
    [36m| [0m[34m|[0m /* 8.459 */        { => let caseConfig = Configuration()[0m
    [36m| [0m[34m|[0m /* 8.460 */            [0m
    [36m| [0m[34m|[0m /* 8.461 */            let rejectsHeaderInjectionAndInvalidCookieOctetsBeforeStorageTestFunc = { => rejectsHeaderInjectionAndInvalidCookieOctetsBeforeStorage();() }[0m
    [36m| [0m[34m|[0m /* 8.462 */            suiteBuilder.add([0m
    [36m| [0m[34m|[0m /* 8.463 */            UnitTestCase.create([0m
    [36m| [0m[34m|[0m /* 8.464 */            "rejectsHeaderInjectionAndInvalidCookieOctetsBeforeStorage",[0m
    [36m| [0m[34m|[0m /* 8.465 */            configuration: caseConfig,[0m
    [36m| [0m[34m|[0m /* 8.466 */            body: rejectsHeaderInjectionAndInvalidCookieOctetsBeforeStorageTestFunc[0m
    [36m| [0m[34m|[0m /* 8.467 */            )[0m
    [36m| [0m[34m|[0m /* 8.468 */            )[0m
    [36m| [0m[34m|[0m /* 8.469 */            [0m
    [36m| [0m[34m|[0m /* 8.470 */        }()[0m
    [36m| [0m[34m|[0m /* 8.471 */        [0m
    [36m| [0m[34m|[0m /* 8.472 */        [0m
    [36m| [0m[34m|[0m /* 8.473 */        { => let caseConfig = Configuration()[0m
    [36m| [0m[34m|[0m /* 8.474 */            [0m
    [36m| [0m[34m|[0m /* 8.475 */            let capacityHeaderBoundsAndReplacementRemainDeterministicTestFunc = { => capacityHeaderBoundsAndReplacementRemainDeterministic();() }[0m
    [36m| [0m[34m|[0m /* 8.476 */            suiteBuilder.add([0m
    [36m| [0m[34m|[0m /* 8.477 */            UnitTestCase.create([0m
    [36m| [0m[34m|[0m /* 8.478 */            "capacityHeaderBoundsAndReplacementRemainDeterministic",[0m
    [36m| [0m[34m|[0m /* 8.479 */            configuration: caseConfig,[0m
    [36m| [0m[34m|[0m /* 8.480 */            body: capacityHeaderBoundsAndReplacementRemainDeterministicTestFunc[0m
    [36m| [0m[34m|[0m /* 8.481 */            )[0m
    [36m| [0m[34m|[0m /* 8.482 */            )[0m
    [36m| [0m[34m|[0m /* 8.483 */            [0m
    [36m| [0m[34m|[0m /* 8.484 */        }()[0m
    [36m| [0m[34m|[0m /* 8.485 */        [0m
    [36m| [0m[34m|[0m /* 8.486 */        [0m
    [36m| [0m[34m|[0m /* 8.487 */        { => let caseConfig = Configuration()[0m
    [36m| [0m[34m|[0m /* 8.488 */            [0m
    [36m| [0m[34m|[0m /* 8.489 */            let removalClearAndSnapshotsExposeOnlyLiveImmutableCookiesTestFunc = { => removalClearAndSnapshotsExposeOnlyLiveImmutableCookies();() }[0m
    [36m| [0m[34m|[0m /* 8.490 */            suiteBuilder.add([0m
    [36m| [0m[34m|[0m /* 8.491 */            UnitTestCase.create([0m
    [36m| [0m[34m|[0m /* 8.492 */            "removalClearAndSnapshotsExposeOnlyLiveImmutableCookies",[0m
    [36m| [0m[34m|[0m /* 8.493 */            configuration: caseConfig,[0m
    [36m| [0m[34m|[0m /* 8.494 */            body: removalClearAndSnapshotsExposeOnlyLiveImmutableCookiesTestFunc[0m
    [36m| [0m[34m|[0m /* 8.495 */            )[0m
    [36m| [0m[34m|[0m /* 8.496 */            )[0m
    [36m| [0m[34m|[0m /* 8.497 */            [0m
    [36m| [0m[34m|[0m /* 8.498 */        }()[0m
    [36m| [0m[34m|[0m /* 8.499 */        [0m
    [36m| [0m[34m|[0m /* 8.500 */        [0m
    [36m| [0m[34m|[0m /* 8.501 */        { => let caseConfig = Configuration()[0m
    [36m| [0m[34m|[0m /* 8.502 */            [0m
    [36m| [0m[34m|[0m /* 8.503 */            let concurrentStoresAndReadsRemainRaceFreeAndBoundedTestFunc = { => concurrentStoresAndReadsRemainRaceFreeAndBounded();() }[0m
    [36m| [0m[34m|[0m /* 8.504 */            suiteBuilder.add([0m
    [36m| [0m[34m|[0m /* 8.505 */            UnitTestCase.create([0m
    [36m| [0m[34m|[0m /* 8.506 */            "concurrentStoresAndReadsRemainRaceFreeAndBounded",[0m
    [36m| [0m[34m|[0m /* 8.507 */            configuration: caseConfig,[0m
    [36m| [0m[34m|[0m /* 8.508 */            body: concurrentStoresAndReadsRemainRaceFreeAndBoundedTestFunc[0m
    [36m| [0m[34m|[0m /* 8.509 */            )[0m
    [36m| [0m[34m|[0m /* 8.510 */            )[0m
    [36m| [0m[34m|[0m /* 8.511 */            [0m
    [36m| [0m[34m|[0m /* 8.512 */        }()[0m
    [36m| [0m[34m|[0m /* 8.513 */        [0m
    [36m| [0m[34m|[0m /* 8.514 */        [0m
    [36m| [0m[34m|[0m /* 8.515 */        { => let caseConfig = Configuration()[0m
    [36m| [0m[34m|[0m /* 8.516 */            [0m
    [36m| [0m[34m|[0m /* 8.517 */            let boundedSetCookieMutationsPreserveScopeAndHeaderSafetyTestFunc = { => boundedSetCookieMutationsPreserveScopeAndHeaderSafety();() }[0m
    [36m| [0m[34m|[0m /* 8.518 */            suiteBuilder.add([0m
    [36m| [0m[34m|[0m /* 8.519 */            UnitTestCase.create([0m
    [36m| [0m[34m|[0m /* 8.520 */            "boundedSetCookieMutationsPreserveScopeAndHeaderSafety",[0m
    [36m| [0m[34m|[0m /* 8.521 */            configuration: caseConfig,[0m
    [36m| [0m[34m|[0m /* 8.522 */            body: boundedSetCookieMutationsPreserveScopeAndHeaderSafetyTestFunc[0m
    [36m| [0m[34m|[0m /* 8.523 */            )[0m
    [36m| [0m[34m|[0m /* 8.524 */            )[0m
    [36m| [0m[34m|[0m /* 8.525 */            [0m
    [36m| [0m[34m|[0m /* 8.526 */        }()[0m
    [36m| [0m[34m|[0m /* 8.527 */        [0m
    [36m| [0m[34m|[0m /* 8.528 */        return suiteBuilder.build()[0m
    [36m| [0m[34m|[0m /* 8.529 */    }[0m
    [36m| [0m[34m|[0m /* 8.530 */    private func inheritedFromClassAnnotatedByTestTemplate < T >(): TestSuite where T <: TestClass {[0m
    [36m| [0m[34m|[0m /* 8.531 */        throw Exception("Unreachable code")[0m
    [36m| [0m[34m|[0m /* 8.532 */    }[0m
    [36m| [0m[34m|[0m /* 8.533 */}[0m
    [36m| [0m[34m|[0m /* 8.534 */[0m
    [36m| [0m[34m|[0m /* 8.535 */[0m
    [36m| [0m[34m|[0m /* 8.536 */interface TestPackageExtension_HttpCookieJarTest {[0m
    [36m| [0m[34m|[0m /* 8.537 */    func registerHttpCookieJarTest(): Unit[0m
    [36m| [0m[34m|[0m /* 8.538 */}[0m
    [36m| [0m[34m|[0m /* 8.539 */extend TestPackage <: TestPackageExtension_HttpCookieJarTest {[0m
    [36m| [0m[34m|[0m /* 8.540 */    @Attribute[TEST_REGISTER][0m
    [36m| [0m[34m|[0m /* 8.541 */    public func registerHttpCookieJarTest() {[0m
    [36m| [0m[34m|[0m /* 8.542 */        registerSuite({ => HttpCookieJarTest().asTestSuite() })[0m
    [36m| [0m[34m|[0m /* 8.543 */    }[0m
    [36m| [0m[34m|[0m /* 8.544 */}[0m
    [36m| [0m[34m|[0m /* 8.545 */[0m
    [36m| [0m[34m|[0m[34m_[0m[34m__________^[0m
    [36m| [0m
[34mnote[0m: the warning occurs after the macro is expanded
   [36m==>[0m <repo-root>-pr-worktrees/M8-005-publication/src/http/cookie_test.cj:8:1:
    [36m| [0m
[36m8[0m   [36m| [0m  @Test[0m
    [36m| [0m [34m_[0m[34m^[0m
[36m9[0m   [36m| [0m[34m|[0m class HttpCookieJarTest {[0m
    [36m| [0m[34m|[0m ...[0m
[36m452[0m [36m| [0m[34m|[0m }[0m
    [36m| [0m[34m|[0m[34m_[0m[34m^[0m
    [36m| [0m

[33mwarning[0m: unreachable block in 'if' expression
    [36m| [0m
    [36m| [0m  /* 9.140 */                    if(e is UnittestTimeoutException) {[0m
    [36m| [0m [33m_[0m[33m_________________________________________________________________^[0m
    [36m| [0m[33m|[0m /* 9.141 */                        throw e[0m
    [36m| [0m[33m|[0m /* 9.142 */                    }[0m
    [36m| [0m[33m|[0m[33m_[0m[33m_______________________________^ unreachable block in 'if' expression[0m
    [36m| [0m
    [36m#[0m [0mnote[0m: this warning can be suppressed by setting the compiler option `-Woff unused`
[34mnote[0m: the warning occurs after the macro is expanded
   [36m==>[0m <repo-root>-pr-worktrees/M8-005-publication/src/http/websocket_test.cj:9:1:
    [36m| [0m
[36m9[0m   [36m| [0m  @Test[0m
    [36m| [0m [34m_[0m[34m^[0m
[36m10[0m  [36m| [0m[34m|[0m class WebSocketConnectionTest {[0m
    [36m| [0m[34m|[0m ...[0m
[36m262[0m [36m| [0m[34m|[0m }[0m
    [36m| [0m[34m|[0m[34m_[0m[34m^[0m
    [36m| [0m

[33mwarning[0m: unused expression
    [36m| [0m
    [36m| [0m/* 8.158 */            None < IllegalArgumentException >[0m
    [36m| [0m                       [33m^^^^^^^^^^^^^^^^^^^^^^^^^^^^^^^^^ unused expression[0m
    [36m| [0m
    [36m#[0m [0mnote[0m: this warning can be suppressed by setting the compiler option `-Woff unused`
[34mnote[0m: the warning occurs after the macro is expanded
   [36m==>[0m <repo-root>-pr-worktrees/M8-005-publication/src/http/cookie_test.cj:8:1:
    [36m| [0m
[36m8[0m   [36m| [0m  @Test[0m
    [36m| [0m [34m_[0m[34m^[0m
[36m9[0m   [36m| [0m[34m|[0m class HttpCookieJarTest {[0m
    [36m| [0m[34m|[0m ...[0m
[36m452[0m [36m| [0m[34m|[0m }[0m
    [36m| [0m[34m|[0m[34m_[0m[34m^[0m
    [36m| [0m

[33mwarning[0m: unreachable block in 'if' expression
    [36m| [0m
    [36m| [0m  /* 7.159 */                if(e is AssertException) {[0m
    [36m| [0m [33m_[0m[33m____________________________________________________^[0m
    [36m| [0m[33m|[0m /* 7.160 */                    throw e[0m
    [36m| [0m[33m|[0m /* 7.161 */                }[0m
    [36m| [0m[33m|[0m[33m_[0m[33m___________________________^ unreachable block in 'if' expression[0m
    [36m| [0m
    [36m#[0m [0mnote[0m: this warning can be suppressed by setting the compiler option `-Woff unused`
[34mnote[0m: the warning occurs after the macro is expanded
   [36m==>[0m <repo-root>-pr-worktrees/M8-005-publication/src/http/multipart_test.cj:7:1:
    [36m| [0m
[36m7[0m   [36m| [0m  @Test[0m
    [36m| [0m [34m_[0m[34m^[0m
[36m8[0m   [36m| [0m[34m|[0m class MultipartTest {[0m
    [36m| [0m[34m|[0m ...[0m
[36m279[0m [36m| [0m[34m|[0m }[0m
    [36m| [0m[34m|[0m[34m_[0m[34m^[0m
    [36m| [0m

[33mwarning[0m: unreachable block in 'if' expression
    [36m| [0m
    [36m| [0m  /* 7.162 */                if(e is AssertIntermediateException) {[0m
    [36m| [0m [33m_[0m[33m________________________________________________________________^[0m
    [36m| [0m[33m|[0m /* 7.163 */                    throw e[0m
    [36m| [0m[33m|[0m /* 7.164 */                }[0m
    [36m| [0m[33m|[0m[33m_[0m[33m___________________________^ unreachable block in 'if' expression[0m
    [36m| [0m
    [36m#[0m [0mnote[0m: this warning can be suppressed by setting the compiler option `-Woff unused`
[34mnote[0m: the warning occurs after the macro is expanded
   [36m==>[0m <repo-root>-pr-worktrees/M8-005-publication/src/http/multipart_test.cj:7:1:
    [36m| [0m
[36m7[0m   [36m| [0m  @Test[0m
    [36m| [0m [34m_[0m[34m^[0m
[36m8[0m   [36m| [0m[34m|[0m class MultipartTest {[0m
    [36m| [0m[34m|[0m ...[0m
[36m279[0m [36m| [0m[34m|[0m }[0m
    [36m| [0m[34m|[0m[34m_[0m[34m^[0m
    [36m| [0m

[33mwarning[0m: unreachable block in 'if' expression
    [36m| [0m
    [36m| [0m  /* 7.165 */                if(e is UnittestTimeoutException) {[0m
    [36m| [0m [33m_[0m[33m_____________________________________________________________^[0m
    [36m| [0m[33m|[0m /* 7.166 */                    throw e[0m
    [36m| [0m[33m|[0m /* 7.167 */                }[0m
    [36m| [0m[33m|[0m[33m_[0m[33m___________________________^ unreachable block in 'if' expression[0m
    [36m| [0m
    [36m#[0m [0mnote[0m: this warning can be suppressed by setting the compiler option `-Woff unused`
[34mnote[0m: the warning occurs after the macro is expanded
   [36m==>[0m <repo-root>-pr-worktrees/M8-005-publication/src/http/multipart_test.cj:7:1:
    [36m| [0m
[36m7[0m   [36m| [0m  @Test[0m
    [36m| [0m [34m_[0m[34m^[0m
[36m8[0m   [36m| [0m[34m|[0m class MultipartTest {[0m
    [36m| [0m[34m|[0m ...[0m
[36m279[0m [36m| [0m[34m|[0m }[0m
    [36m| [0m[34m|[0m[34m_[0m[34m^[0m
    [36m| [0m

[33mwarning[0m: unused expression
    [36m| [0m
    [36m| [0m/* 8.165 */                None < IllegalArgumentException >[0m
    [36m| [0m                           [33m^^^^^^^^^^^^^^^^^^^^^^^^^^^^^^^^^ unused expression[0m
    [36m| [0m
    [36m#[0m [0mnote[0m: this warning can be suppressed by setting the compiler option `-Woff unused`
[34mnote[0m: the warning occurs after the macro is expanded
   [36m==>[0m <repo-root>-pr-worktrees/M8-005-publication/src/http/cookie_test.cj:8:1:
    [36m| [0m
[36m8[0m   [36m| [0m  @Test[0m
    [36m| [0m [34m_[0m[34m^[0m
[36m9[0m   [36m| [0m[34m|[0m class HttpCookieJarTest {[0m
    [36m| [0m[34m|[0m ...[0m
[36m452[0m [36m| [0m[34m|[0m }[0m
    [36m| [0m[34m|[0m[34m_[0m[34m^[0m
    [36m| [0m

[33mwarning[0m: unreachable block in 'if' expression
    [36m| [0m
    [36m| [0m  /* 9.169 */                    if(e is AssertException) {[0m
    [36m| [0m [33m_[0m[33m________________________________________________________^[0m
    [36m| [0m[33m|[0m /* 9.170 */                        throw e[0m
    [36m| [0m[33m|[0m /* 9.171 */                    }[0m
    [36m| [0m[33m|[0m[33m_[0m[33m_______________________________^ unreachable block in 'if' expression[0m
    [36m| [0m
    [36m#[0m [0mnote[0m: this warning can be suppressed by setting the compiler option `-Woff unused`
[34mnote[0m: the warning occurs after the macro is expanded
   [36m==>[0m <repo-root>-pr-worktrees/M8-005-publication/src/http/websocket_test.cj:9:1:
    [36m| [0m
[36m9[0m   [36m| [0m  @Test[0m
    [36m| [0m [34m_[0m[34m^[0m
[36m10[0m  [36m| [0m[34m|[0m class WebSocketConnectionTest {[0m
    [36m| [0m[34m|[0m ...[0m
[36m262[0m [36m| [0m[34m|[0m }[0m
    [36m| [0m[34m|[0m[34m_[0m[34m^[0m
    [36m| [0m

[33mwarning[0m: unreachable block in 'if' expression
    [36m| [0m
    [36m| [0m  /* 9.172 */                    if(e is AssertIntermediateException) {[0m
    [36m| [0m [33m_[0m[33m____________________________________________________________________^[0m
    [36m| [0m[33m|[0m /* 9.173 */                        throw e[0m
    [36m| [0m[33m|[0m /* 9.174 */                    }[0m
    [36m| [0m[33m|[0m[33m_[0m[33m_______________________________^ unreachable block in 'if' expression[0m
    [36m| [0m
    [36m#[0m [0mnote[0m: this warning can be suppressed by setting the compiler option `-Woff unused`
[34mnote[0m: the warning occurs after the macro is expanded
   [36m==>[0m <repo-root>-pr-worktrees/M8-005-publication/src/http/websocket_test.cj:9:1:
    [36m| [0m
[36m9[0m   [36m| [0m  @Test[0m
    [36m| [0m [34m_[0m[34m^[0m
[36m10[0m  [36m| [0m[34m|[0m class WebSocketConnectionTest {[0m
    [36m| [0m[34m|[0m ...[0m
[36m262[0m [36m| [0m[34m|[0m }[0m
    [36m| [0m[34m|[0m[34m_[0m[34m^[0m
    [36m| [0m

[33mwarning[0m: unreachable block in 'if' expression
    [36m| [0m
    [36m| [0m  /* 9.175 */                    if(e is UnittestTimeoutException) {[0m
    [36m| [0m [33m_[0m[33m_________________________________________________________________^[0m
    [36m| [0m[33m|[0m /* 9.176 */                        throw e[0m
    [36m| [0m[33m|[0m /* 9.177 */                    }[0m
    [36m| [0m[33m|[0m[33m_[0m[33m_______________________________^ unreachable block in 'if' expression[0m
    [36m| [0m
    [36m#[0m [0mnote[0m: this warning can be suppressed by setting the compiler option `-Woff unused`
[34mnote[0m: the warning occurs after the macro is expanded
   [36m==>[0m <repo-root>-pr-worktrees/M8-005-publication/src/http/websocket_test.cj:9:1:
    [36m| [0m
[36m9[0m   [36m| [0m  @Test[0m
    [36m| [0m [34m_[0m[34m^[0m
[36m10[0m  [36m| [0m[34m|[0m class WebSocketConnectionTest {[0m
    [36m| [0m[34m|[0m ...[0m
[36m262[0m [36m| [0m[34m|[0m }[0m
    [36m| [0m[34m|[0m[34m_[0m[34m^[0m
    [36m| [0m

[33mwarning[0m: unused expression
    [36m| [0m
    [36m| [0m/* 8.183 */            None < IllegalArgumentException >[0m
    [36m| [0m                       [33m^^^^^^^^^^^^^^^^^^^^^^^^^^^^^^^^^ unused expression[0m
    [36m| [0m
    [36m#[0m [0mnote[0m: this warning can be suppressed by setting the compiler option `-Woff unused`
[34mnote[0m: the warning occurs after the macro is expanded
   [36m==>[0m <repo-root>-pr-worktrees/M8-005-publication/src/http/cookie_test.cj:8:1:
    [36m| [0m
[36m8[0m   [36m| [0m  @Test[0m
    [36m| [0m [34m_[0m[34m^[0m
[36m9[0m   [36m| [0m[34m|[0m class HttpCookieJarTest {[0m
    [36m| [0m[34m|[0m ...[0m
[36m452[0m [36m| [0m[34m|[0m }[0m
    [36m| [0m[34m|[0m[34m_[0m[34m^[0m
    [36m| [0m

[33mwarning[0m: unreachable block in 'if' expression
    [36m| [0m
    [36m| [0m  /* 9.212 */                    if(e is AssertException) {[0m
    [36m| [0m [33m_[0m[33m________________________________________________________^[0m
    [36m| [0m[33m|[0m /* 9.213 */                        throw e[0m
    [36m| [0m[33m|[0m /* 9.214 */                    }[0m
    [36m| [0m[33m|[0m[33m_[0m[33m_______________________________^ unreachable block in 'if' expression[0m
    [36m| [0m
    [36m#[0m [0mnote[0m: this warning can be suppressed by setting the compiler option `-Woff unused`
[34mnote[0m: the warning occurs after the macro is expanded
   [36m==>[0m <repo-root>-pr-worktrees/M8-005-publication/src/http/websocket_test.cj:9:1:
    [36m| [0m
[36m9[0m   [36m| [0m  @Test[0m
    [36m| [0m [34m_[0m[34m^[0m
[36m10[0m  [36m| [0m[34m|[0m class WebSocketConnectionTest {[0m
    [36m| [0m[34m|[0m ...[0m
[36m262[0m [36m| [0m[34m|[0m }[0m
    [36m| [0m[34m|[0m[34m_[0m[34m^[0m
    [36m| [0m

[33mwarning[0m: unreachable block in 'if' expression
    [36m| [0m
    [36m| [0m  /* 9.215 */                    if(e is AssertIntermediateException) {[0m
    [36m| [0m [33m_[0m[33m____________________________________________________________________^[0m
    [36m| [0m[33m|[0m /* 9.216 */                        throw e[0m
    [36m| [0m[33m|[0m /* 9.217 */                    }[0m
    [36m| [0m[33m|[0m[33m_[0m[33m_______________________________^ unreachable block in 'if' expression[0m
    [36m| [0m
    [36m#[0m [0mnote[0m: this warning can be suppressed by setting the compiler option `-Woff unused`
[34mnote[0m: the warning occurs after the macro is expanded
   [36m==>[0m <repo-root>-pr-worktrees/M8-005-publication/src/http/websocket_test.cj:9:1:
    [36m| [0m
[36m9[0m   [36m| [0m  @Test[0m
    [36m| [0m [34m_[0m[34m^[0m
[36m10[0m  [36m| [0m[34m|[0m class WebSocketConnectionTest {[0m
    [36m| [0m[34m|[0m ...[0m
[36m262[0m [36m| [0m[34m|[0m }[0m
    [36m| [0m[34m|[0m[34m_[0m[34m^[0m
    [36m| [0m

[33mwarning[0m: unreachable block in 'if' expression
    [36m| [0m
    [36m| [0m  /* 9.218 */                    if(e is UnittestTimeoutException) {[0m
    [36m| [0m [33m_[0m[33m_________________________________________________________________^[0m
    [36m| [0m[33m|[0m /* 9.219 */                        throw e[0m
    [36m| [0m[33m|[0m /* 9.220 */                    }[0m
    [36m| [0m[33m|[0m[33m_[0m[33m_______________________________^ unreachable block in 'if' expression[0m
    [36m| [0m
    [36m#[0m [0mnote[0m: this warning can be suppressed by setting the compiler option `-Woff unused`
[34mnote[0m: the warning occurs after the macro is expanded
   [36m==>[0m <repo-root>-pr-worktrees/M8-005-publication/src/http/websocket_test.cj:9:1:
    [36m| [0m
[36m9[0m   [36m| [0m  @Test[0m
    [36m| [0m [34m_[0m[34m^[0m
[36m10[0m  [36m| [0m[34m|[0m class WebSocketConnectionTest {[0m
    [36m| [0m[34m|[0m ...[0m
[36m262[0m [36m| [0m[34m|[0m }[0m
    [36m| [0m[34m|[0m[34m_[0m[34m^[0m
    [36m| [0m

35 warnings generated, 35 warnings printed.
