argv=["<repo-root>/build/m8-008/20260909T191258.619736Z-2128850-2824ceb0/legs/A/repo/scripts/check"]
cwd=<repo-root>/build/m8-008/20260909T191258.619736Z-2128850-2824ceb0/legs/A/repo
timeout_seconds=7200
returncode=0
--- stdout ---
M7-022 Linux release soak: FAIL: SOAK_ALREADY_RUNNING: another invocation is active
M0-016 validation: PASS
architecture guard: PASS
{"artifacts": {"api": "docs/api/generated/api-surface.json", "coverage": "docs/api/generated/coverage.json", "docs": "docs/api/generated/docs.json", "markdown": "docs/api/generated/markdown"}, "cjdoc": {"path": "<workspace>/cjdoc/target/release/bin/main", "version": "0.7.2"}, "combined": {"apiEntries": 1316, "apiSha256": "e7a9bd876f5df1fb67360e92b0cd187a929d2819791c6c8bc3ce954805be1fa8", "coverage": {"parameters": {"documented": 580, "percent": 100, "total": 580}, "symbols": {"documented": 1316, "percent": 100, "total": 1316}}, "coverageSha256": "b181e169eba992a979d45191ed846e2b406a170f0d223ae44f3a0a70950073f1", "declarations": 1758, "docsSha256": "1c9627f04668b3c6ff2e2567d762a08b3ee040cc3c84b86f992b9c038e733a1b", "markdownSha256": "988b54088600cbe0a4c63d442b309d59a3f11ecb93cf3db6b5ced6bd4f632518", "package": "combined", "status": "PASS"}, "commands": [{"kind": "check", "package": "wirestack", "returncode": 0, "status": "PASS", "stderr": "documentation coverage: symbols 620/620 (100%), parameters 243/243 (100%)\n", "stderr_truncated": false, "stdout": "", "stdout_truncated": false}, {"kind": "generate", "package": "wirestack", "returncode": 0, "status": "PASS", "stderr": "", "stderr_truncated": false, "stdout": "generated <repo-root>/build/m8-008/20260909T191258.619736Z-2128850-2824ceb0/legs/A/tmp/wirestack-m7-033-kv6nv5km/wirestack/output\n", "stdout_truncated": false}, {"kind": "check", "package": "wirestack.http", "returncode": 0, "status": "PASS", "stderr": "documentation coverage: symbols 925/925 (100%), parameters 402/402 (100%)\n", "stderr_truncated": false, "stdout": "", "stdout_truncated": false}, {"kind": "generate", "package": "wirestack.http", "returncode": 0, "status": "PASS", "stderr": "", "stderr_truncated": false, "stdout": "generated <repo-root>/build/m8-008/20260909T191258.619736Z-2128850-2824ceb0/legs/A/tmp/wirestack-m7-033-kv6nv5km/wirestack-http/output\n", "stdout_truncated": false}, {"kind": "check", "package": "wirestack.tls", "returncode": 0, "status": "PASS", "stderr": "documentation coverage: symbols 797/797 (100%), parameters 299/299 (100%)\n", "stderr_truncated": false, "stdout": "", "stdout_truncated": false}, {"kind": "generate", "package": "wirestack.tls", "returncode": 0, "status": "PASS", "stderr": "", "stderr_truncated": false, "stdout": "generated <repo-root>/build/m8-008/20260909T191258.619736Z-2128850-2824ceb0/legs/A/tmp/wirestack-m7-033-kv6nv5km/wirestack-tls/output\n", "stdout_truncated": false}, {"kind": "check", "package": "wirestack.net", "returncode": 0, "status": "PASS", "stderr": "documentation coverage: symbols 834/834 (100%), parameters 365/365 (100%)\n", "stderr_truncated": false, "stdout": "", "stdout_truncated": false}, {"kind": "generate", "package": "wirestack.net", "returncode": 0, "status": "PASS", "stderr": "", "stderr_truncated": false, "stdout": "generated <repo-root>/build/m8-008/20260909T191258.619736Z-2128850-2824ceb0/legs/A/tmp/wirestack-m7-033-kv6nv5km/wirestack-net/output\n", "stdout_truncated": false}, {"kind": "check", "package": "combined", "returncode": 0, "status": "PASS", "stderr": "documentation coverage: symbols 1316/1316 (100%), parameters 580/580 (100%)\n", "stderr_truncated": false, "stdout": "", "stdout_truncated": false}, {"kind": "generate", "package": "combined", "returncode": 0, "status": "PASS", "stderr": "", "stderr_truncated": false, "stdout": "generated <repo-root>/build/m8-008/20260909T191258.619736Z-2128850-2824ceb0/legs/A/tmp/wirestack-m7-033-kv6nv5km/combined/output\n", "stdout_truncated": false}], "expectedCjdoc": "0.7.2", "generatedAtUtc": "2026-09-09T19:14:59.999053Z", "issues": [], "layers": [{"apiEntries": 620, "apiSha256": "4a50d687892a0a3a2caa30b1e126fa824a172910d17d1daec8dc5e70059c2baa", "coverage": {"parameters": {"documented": 243, "percent": 100, "total": 243}, "symbols": {"documented": 620, "percent": 100, "total": 620}}, "coverageSha256": "de920450d0b1b632a1400bda023380ab61c0fd3682469246d1672b6cc1854dfa", "declarations": 766, "docsSha256": "31be040d975620acc0e34612a02a066000a1cdad005255edd9629c17bf30f510", "markdownSha256": "3055a19762b460c1f977ca0ed29a1154c7af8cda9d232351ef2bba0e2b409b45", "package": "wirestack", "status": "PASS"}, {"apiEntries": 925, "apiSha256": "1e8abca855d02e646f6d3320bcc45f08549037d45f55c2eb637749e6c36fe039", "coverage": {"parameters": {"documented": 402, "percent": 100, "total": 402}, "symbols": {"documented": 925, "percent": 100, "total": 925}}, "coverageSha256": "05a1987e542f8721778be816b2b76e6d3021383ae7daeb10bf52375b226f03b8", "declarations": 1272, "docsSha256": "105c4cf6110a6e5a8789bb3a01155b93ff68df67c3d593823c907b10c7c9a4ff", "markdownSha256": "b90982339ea708b7f7715aac927745b2581b6855195119690f6e0f5582139392", "package": "wirestack.http", "status": "PASS"}, {"apiEntries": 797, "apiSha256": "f200d4535c4d1da2700ceb1d7804bfa9b5ade891ad58a8693b4bd46c0766ed4c", "coverage": {"parameters": {"documented": 299, "percent": 100, "total": 299}, "symbols": {"documented": 797, "percent": 100, "total": 797}}, "coverageSha256": "e270de4d681534d075cd13310531d7c585a2be462a8bd3edcf8252d58a7468bc", "declarations": 975, "docsSha256": "18a2d0f7ea6613f70fabfbe08caa6ea99673f21ad4b903d74bd8416c30963edd", "markdownSha256": "f11ae8b6080dd249c5c33562a00732f7bbd35c67e423c0bcfc39ae9935b07646", "package": "wirestack.tls", "status": "PASS"}, {"apiEntries": 834, "apiSha256": "1ccb1b16bf59bd0402ca59e6a8e4e19261fc9fea667b185a28ea74aa5366d04f", "coverage": {"parameters": {"documented": 365, "percent": 100, "total": 365}, "symbols": {"documented": 834, "percent": 100, "total": 834}}, "coverageSha256": "f8a28df558150c117252b22820a12915a56b201490238ba91006941d05bd154f", "declarations": 1043, "docsSha256": "34ec90955f4f91bf421d927b5bd77fe186a95657382ce09abec27e011e5738a0", "markdownSha256": "c665cef542630b9fbda37c53b17bfede25aa487c50b010430c1047257d4e1bfe", "package": "wirestack.net", "status": "PASS"}], "platform": {"libc": "glibc", "machine": "x86_64", "system": "Linux"}, "schemaVersion": 1, "sourceSha256": {"src/byte_span.cj": "4b38c6d184e172a56f0c39308294cbd2485ff683aba4f27028abe07c2b4661c4", "src/cancellation.cj": "c023b65acab9740096dc1ec9a770cf59d7361b2fec3dcdeebb3cc6033d78034d", "src/common.cj": "7a6d9bf1bd56bb9c5209152b2482dee044027f8d348233dcd6cc7b87d1c866e3", "src/deadline.cj": "15c5fd0c7f2dcfb4be7150359990c7c35cde11aa3332f80a9efe9f79e431a7c4", "src/hostname_verifier.cj": "a0d06b89cf163b91339e5690bf1d15d8e94bd4912c2792b35e0cdd09d4e34989", "src/http/cancellation.cj": "b2b0c2e13a0a4c7821d3df48ee7fb1f3e6f372462c9a32826aa5bc0fa5a7d09f", "src/http/client.cj": "0cc0928ee2bf350dcf70eddb504fee2a3ed7d23e196850dcdbbeaa2a0cc0b8e4", "src/http/error.cj": "d88c54a157e02063ab4048c197631daba3642a9618672841e4b98d3a25d275ad", "src/http/package.cj": "8281ad516f34a4e24b5e596ee4232247d10a2f2d3ce76a66e259e5e28d581af7", "src/http/parity.cj": "9f7b2dfabed880a5ad659140c1bdc7ad96118b613066efb8fccad74892340ef4", "src/http/proxy.cj": "9576c9b153192c93943911557e8cce25f567e5ad0357074189437cc17af6fe1d", "src/http/redirect.cj": "f943c4bc7f54f66015e081d623ea8a1d04218d0a0656cb6e514c797c7f84fc2f", "src/http/resolver.cj": "8c44e5ff6961122d6483c22546a26dab02e8414b88d5e18b954ddcf0b3ff29e4", "src/http/retry.cj": "e889370833f2d5b7df07d4cd13aa3068ab6262e1c2252728cbcc99c788b4199b", "src/http/server.cj": "6f9e288c25255a9dffacb52f5d588bba09de0fbd6bf3c28740ca5fce74aac6e9", "src/http/tls.cj": "b232989ad8c4e73d4480dcae4ce40aae55fbedf9ce13b5922cc61b8a6e8a1e62", "src/http_body.cj": "49b72ad2517213133eb693a190061050b655edb02df01eaa414db216c60fc4fe", "src/http_contract.cj": "fa3da2ecd6b024bdaf4b8bc711cb5d0b5fedaae94449f0e6e386c2b37a2d4203", "src/http_message.cj": "a7211872c36aed49cfd2deac41ac5ed12aae1b4e8987650344cb1fad7417d2df", "src/http_model.cj": "993ad73017a4da224b98f851e1e39d46fe6016502044b934f7ab191fb0da5a8c", "src/http_url.cj": "074cc811771e49030292b278252947af9f29476f67e9fd53f6a82ac473690955", "src/net/package.cj": "88b8e65f9293e0d1190534beca49e78c2f189826406b25c8bb10fe7e2d9605c9", "src/network_error.cj": "2cbbc2e42e2237ed79fed8cfeda3ad11522a2ed15305beac84b37ad2919f720b", "src/network_event.cj": "55d93c151752e76c80c441e4bfc639f7d6da77e89ed582bae2ba6a43cdcc3084", "src/operation_context.cj": "523a1c1efaab2f3e6ba0755386460ea504a2caa8ef1453a18134f950c6e1234d", "src/package.cj": "f9035aacfa24f06fe88eda3f16a5cbcf5dbf482b2d86776ea27e09e4861e93d7", "src/private_key_contract.cj": "cb03bb9badc0552c2ac66dbb6bf4842559b5ea17b2aa77284e817a78d63c6e84", "src/resolver.cj": "53e8cb60103e5704a7cef52d31881031c26eca58fbf3c5b3a75154da537ee39f", "src/tls/facade.cj": "95459e5275ada67621b65c564cb3dccb236c2da1a8cf47d84e91ea7aca514ed4", "src/tls/identity.cj": "763b6b5f60e3afaed998a21ea7d1ca2f7db8d016255e670cab5fb96c2dfbd714", "src/tls/package.cj": "fe6c700bd1d464427ec13394a26fdefe7730dcda924689fc1030a7d58a7f9b05", "src/tls_contract.cj": "ad4799b647eb97bdbac24f0c603a75bcfcefd853daac1be4492f3b5576af40a5", "src/transport.cj": "6781aa3bf538523e02c4807eebff7ac37a773e5dc9bdb427e6a56ace3a0b7033", "src/trust.cj": "f64b49d84a58e034e3976089211f7b645b42e5bc51dbc353f2e0bcec14d17aba"}, "status": "PASS", "taskId": "M7-033"}
The valid serial compilation order is:
    wirestack -> wirestack.internal -> wirestack.internal.identity -> wirestack.internal.platform -> wirestack.internal.platform.android -> wirestack.internal.platform.apple -> wirestack.internal.platform.harmony -> wirestack.internal.platform.linux -> wirestack.internal.platform.windows -> wirestack.internal.common -> wirestack.internal.http_model -> wirestack.internal.transport -> wirestack.internal.trust -> wirestack.internal.http2 -> wirestack.internal.resolver -> wirestack.internal.tls_engine -> wirestack.internal.connector -> wirestack.tls -> wirestack.internal.http1 -> wirestack.internal.transport_stdnet -> wirestack.http -> wirestack.net
cjpm check success
cjpm build success
--------------------------------------------------------------------------------------------------
TP: wirestack.internal.transport, time elapsed: 191592480 ns, RESULT:
    TCS: ByteSpanTest, time elapsed: 1308944 ns, RESULT:
    [ PASSED ] CASE: defaultsCoverWholeArrayAndEmptyArray (180849 ns)
    [ PASSED ] CASE: sliceAndAdvanceKeepTheOriginalArray (17868 ns)
    [ PASSED ] CASE: mutableViewWritesThroughAndConvertsWithoutCopying (13677 ns)
    [ PASSED ] CASE: permitsBoundaryEmptyRanges (12211 ns)
    [ PASSED ] CASE: rejectsEveryOutOfRangeShape (75431 ns)
    TCS: CancellationTest, time elapsed: 36955180 ns, RESULT:
    [ PASSED ] CASE: cancelIsOneWayAndCallbacksRunExactlyOnce (88997 ns)
    [ PASSED ] CASE: unregisterIsIdempotentAndPreventsPendingCallback (19142 ns)
    [ PASSED ] CASE: alreadyCancelledRegistrationRunsSynchronouslyOnce (17884 ns)
    [ PASSED ] CASE: noneTokenRemainsUsableAndNotCancelled (12373 ns)
    [ PASSED ] CASE: oneFailingCallbackDoesNotBlockOtherWaiters (29410 ns)
    [ PASSED ] CASE: concurrentCancelClaimsEveryCallbackExactlyOnce (15244688 ns)
    [ PASSED ] CASE: registrationRacingCancellationStillRunsExactlyOnce (18648659 ns)
    [ PASSED ] CASE: unregisterRacingCancellationIsAtMostOnce (1602019 ns)
    [ PASSED ] CASE: callbackMayReenterCancellationAndRegistrationWithoutDeadlock (35359 ns)
    TCS: OperationCompletionTest, time elapsed: 27336837 ns, RESULT:
    [ PASSED ] CASE: completionCleansEveryResourceBeforeTheWinnerCallback (27560 ns)
    [ PASSED ] CASE: unregisterAndLateRegistrationHaveExplicitTerminalSemantics (19890 ns)
    [ PASSED ] CASE: cleanupCapacityIsPositiveAndHardBounded (35964 ns)
    [ PASSED ] CASE: cleanupFailuresAndReentrancyCannotBlockTerminalProgress (45371 ns)
    [ PASSED ] CASE: winnerExceptionDoesNotReopenTheCompletion (23024 ns)
    [ PASSED ] CASE: cleanupCountPropertyHoldsAcrossEveryConfiguredOccupancy (241356 ns)
    [ PASSED ] CASE: concurrentTerminalCallersHaveOneWinner (3043187 ns)
    [ PASSED ] CASE: registrationRacingCompletionIsAlwaysCleanedOnce (21204710 ns)
    [ PASSED ] CASE: unregisterRacingCompletionRunsCleanupAtMostOnce (1532490 ns)
    TCS: DeadlineTest, time elapsed: 806315 ns, RESULT:
    [ PASSED ] CASE: remainingUsesTheInjectedMonotonicClock (26330 ns)
    [ PASSED ] CASE: remainingClampsAtZeroAfterExpiry (13932 ns)
    [ PASSED ] CASE: childCanShortenButNeverExtendParent (17941 ns)
    [ PASSED ] CASE: zeroAndExpiredChildrenCannotExtendTheParent (14987 ns)
    [ PASSED ] CASE: rejectsNegativeDurations (31717 ns)
    TCS: TransportLifecycleTest, time elapsed: 4969740 ns, RESULT:
    [ PASSED ] CASE: connectingAndAcceptedPathsReachOpenOnlyInOrder (29307 ns)
    [ PASSED ] CASE: halfCloseIsDirectionalIdempotentAndConvergesOnClosing (60679 ns)
    [ PASSED ] CASE: gracefulCloseIsIdempotentAndCompletesOnlyFromClosing (28212 ns)
    [ PASSED ] CASE: abortAndFailReachEveryNonTerminalStateWithoutOverwritingTerminalEvidence (104810 ns)
    [ PASSED ] CASE: illegalTransitionsHaveStableCodesAndDoNotMutateState (222264 ns)
    [ PASSED ] CASE: closingAndTerminalStatesRejectDataOperationsWithClosedCode (158134 ns)
    [ PASSED ] CASE: operationClaimsAllowDuplexButRejectSameDirectionConcurrency (36900 ns)
    [ PASSED ] CASE: everyTerminalModeReleasesRegisteredResourcesExactlyOnce (40953 ns)
    [ PASSED ] CASE: racingTerminalTransitionsRetainOneWinnerAndOneCleanup (2808633 ns)
    [ PASSED ] CASE: terminalCleanupMayReenterAndItsRegistryRemainsBounded (45529 ns)
    TCS: M124TransportRaceTest, time elapsed: 38376533 ns, RESULT:
    [ PASSED ] CASE: readCloseReleasesBlockedOperationAndDrainsWaiter (8109887 ns)
    [ PASSED ] CASE: writeAbortReleasesBlockedOperationAndDrainsWaiter (9843721 ns)
    [ PASSED ] CASE: successAndCancelOrderingsCompleteOnceWithoutDataLeak (19888882 ns)
    TCS: MemoryTransportListenerTest, time elapsed: 50058004 ns, RESULT:
    [ PASSED ] CASE: rejectsInvalidListenerAndSchedulerBounds (35693 ns)
    [ PASSED ] CASE: listenerDeliversConnectionsInFifoOrderAndBoundsBacklog (91941 ns)
    [ PASSED ] CASE: schedulerDefersDeliveryAndReleasesFailedReservations (63239 ns)
    [ PASSED ] CASE: schedulerRunsMultipleConnectionsInStableFifoOrder (56649 ns)
    [ PASSED ] CASE: cancellationWakesAcceptWithoutClosingListener (9035959 ns)
    [ PASSED ] CASE: deadlineBoundsBlockedAcceptWithoutClosingListener (29882466 ns)
    [ PASSED ] CASE: closeWakesAcceptAndAbortsOwnedConnectionsIdempotently (9885905 ns)
    TCS: MemoryTransportTest, time elapsed: 1659660 ns, RESULT:
    [ PASSED ] CASE: pairTransfersPartialDataInBothDirections (37398 ns)
    [ PASSED ] CASE: emptyBuffersReturnZeroWithoutProducingEofOrPeerData (21838 ns)
    [ PASSED ] CASE: writeShutdownProducesPeerEofAfterBufferedData (29908 ns)
    [ PASSED ] CASE: readShutdownMakesPeerWritesFailAsBrokenPipe (34382 ns)
    [ PASSED ] CASE: cancelledBeforeOperationHasNoDataSideEffect (29337 ns)
    [ PASSED ] CASE: closeAndAbortAreIdempotentAndTerminal (27728 ns)
    [ PASSED ] CASE: cancellationWakesABlockedRead (47405 ns)
    [ PASSED ] CASE: closeWakesABlockedLocalRead (37150 ns)
    [ PASSED ] CASE: writeShutdownWakesABlockedLocalWrite (36070 ns)
    [ PASSED ] CASE: boundedBackpressureResumesAfterPeerReads (136062 ns)
    [ PASSED ] CASE: expiredDeadlineFailsBeforeAnyWrite (33867 ns)
    TCS: NetworkErrorTest, time elapsed: 320421 ns, RESULT:
    [ PASSED ] CASE: retainsStableClassificationAndEndpointEvidence (42533 ns)
    [ PASSED ] CASE: retainsLocalEndpointCauseAndOptionalDefaults (25441 ns)
    TCS: OperationContextTest, time elapsed: 781747 ns, RESULT:
    [ PASSED ] CASE: backgroundHasNoDeadlineCancellationOrTrace (16156 ns)
    [ PASSED ] CASE: derivedContextsRetainEventSinkAndSinkFailuresAreIsolated (40068 ns)
    [ PASSED ] CASE: derivedContextRetainsCancellationAndTrace (18023 ns)
    [ PASSED ] CASE: derivationHelpersChangeOnlyTheirNamedField (37411 ns)
    [ PASSED ] CASE: earlierDeadlineCannotBeExtended (11997 ns)
    [ PASSED ] CASE: traceIdentifiersAreBoundedAndNonEmpty (25644 ns)
    TCS: ScriptedTransportTest, time elapsed: 26883011 ns, RESULT:
    [ PASSED ] CASE: rejectsUnboundedOrInvalidScripts (52273 ns)
    [ PASSED ] CASE: shortReadAndWriteStepsAreConsumedInOrder (45294 ns)
    [ PASSED ] CASE: emptyIoDoesNotConsumeScriptAndEofIsExplicit (36245 ns)
    [ PASSED ] CASE: resetTerminatesTransportAtInjectedPhase (50710 ns)
    [ PASSED ] CASE: failurePreservesCoordinatesWithoutTerminatingTransport (41528 ns)
    [ PASSED ] CASE: virtualWaiterReleasesBlockedOperationsInFifoOrder (15888944 ns)
    [ PASSED ] CASE: cancellationWinsAReleaseRaceAndCleansWaiter (9797763 ns)
    TCS: TransportHelperTest, time elapsed: 1083451 ns, RESULT:
    [ PASSED ] CASE: writeAllHandlesPartialWritesAndEmptyInput (27622 ns)
    [ PASSED ] CASE: readExactHandlesPartialReads (17564 ns)
    [ PASSED ] CASE: readExactClassifiesPrematureEof (40045 ns)
    [ PASSED ] CASE: emptyHelpersDoNotCallTransport (13666 ns)
    [ PASSED ] CASE: invalidProgressFailsOnceWithoutSpinning (55835 ns)
    [ PASSED ] CASE: cancellationAfterPartialProgressPropagatesWithoutRestart (44120 ns)
    [ PASSED ] CASE: absoluteDeadlineExpiresAcrossPartialRetries (38401 ns)
Summary: TOTAL: 81
    PASSED: 81, SKIPPED: 0, ERROR: 0
    FAILED: 0
--------------------------------------------------------------------------------------------------
TP: wirestack.internal.platform.linux, time elapsed: 14070708 ns, RESULT:
    TCS: LinuxSystemTrustAdapterTest, time elapsed: 14070708 ns, RESULT:
    [ PASSED ] CASE: frozenSearchOrderCoversGlibcAndMuslLayouts (352947 ns)
    [ PASSED ] CASE: currentLinuxHostSelectsOneExplicitUsableSource (10769331 ns)
    [ PASSED ] CASE: missingCandidatesFailWithoutProviderDefaultFallback (95680 ns)
    [ PASSED ] CASE: directoryCandidateRequiresReadableHashedCertificateEntry (396243 ns)
    [ PASSED ] CASE: sourceIdentityChangesWhenSameSizeTrustContentChanges (412786 ns)
Summary: TOTAL: 5
    PASSED: 5, SKIPPED: 0, ERROR: 0
    FAILED: 0
--------------------------------------------------------------------------------------------------
TP: wirestack.internal.tls_engine, time elapsed: 25707707511 ns, RESULT:
    TCS: TlsConnectionTest, time elapsed: 13537685 ns, RESULT:
    [ PASSED ] CASE: handshakeTransfersOwnershipAndPlaintextIoUsesTheEngine (1043857 ns)
    [ PASSED ] CASE: oneReadAndOneWriteMayOverlapButSecondReadFailsImmediately (1319335 ns)
    [ PASSED ] CASE: handshakeFailureAbortsTransportAndReleasesEngineExactlyOnce (79755 ns)
    [ PASSED ] CASE: expiredHandshakeDeadlineStillConsumesAndAbortsBothInputs (81590 ns)
    [ PASSED ] CASE: ioFailureAbortsAndRepeatedTerminalCallsDoNotReleaseTwice (414618 ns)
    [ PASSED ] CASE: unsupportedHalfCloseDoesNotMutateAnOpenConnection (142137 ns)
    [ PASSED ] CASE: concurrentCloseAndAbortReleaseUnderlyingResourcesOnce (5759316 ns)
    [ PASSED ] CASE: gracefulCloseSendsAndProcessesCloseNotifyBeforeReleasingResources (119943 ns)
    [ PASSED ] CASE: tcpEofDuringGracefulCloseRetainsTruncationAndStillReleasesEverything (438430 ns)
    [ PASSED ] CASE: expiredCloseBudgetStillClosesTransportAndReleasesEngine (180591 ns)
    [ PASSED ] CASE: abortNeverAttemptsTlsShutdownAndRetainsLocalAbortEvidence (65733 ns)
    [ PASSED ] CASE: tcpEofDuringApplicationReadRetainsTruncationBeforeAbort (905726 ns)
    [ PASSED ] CASE: peerCloseNotifyProducesEofEvidenceAndRejectsNewApplicationWrites (979342 ns)
    TCS: Net06TlsTransportCleanupGateTest, time elapsed: 2175172 ns, RESULT:
    [ PASSED ] CASE: failedHandshakesDisposeEngineAndTransportExactlyOnce (1892833 ns)
    TCS: TlsContextTest, time elapsed: 4428203 ns, RESULT:
    [ PASSED ] CASE: linuxCapabilitiesAreExplicitAndNeverInferredFromProviderNames (20831 ns)
    [ PASSED ] CASE: defaultSystemTrustFailsAtBuildUntilLinuxAdapterIsAvailable (177316 ns)
    [ PASSED ] CASE: modernClientContextIsImmutableAndConcurrentShareable (525789 ns)
    [ PASSED ] CASE: strictTls13RejectsAnyTls12Override (70226 ns)
    [ PASSED ] CASE: missingTls13AndHttp2CapabilitiesFailBeforeHandshake (196162 ns)
    [ PASSED ] CASE: alpnRejectsEmptyAndDuplicateProtocolNames (453310 ns)
    [ PASSED ] CASE: serverRequiresServerIdentityAndMtlSTrustAtBuildTime (897423 ns)
    [ PASSED ] CASE: clientIdentityCapabilityIsValidatedAtBuildTime (887988 ns)
    TCS: TlsEnginePumpTest, time elapsed: 231202306 ns, RESULT:
    [ PASSED ] CASE: awsLcClientEngineProducesAClientHelloWithoutSocketIo (31938922 ns)
    [ PASSED ] CASE: strictTls13PolicyIsAcceptedByTheNativeEngine (118070 ns)
    [ PASSED ] CASE: systemTrustCompletesARealHandshakeWithDiscoveredTestOwnedPem (11385380 ns)
    [ PASSED ] CASE: customRootChainIsLoadedIntoARealAwsLcClientEngine (376575 ns)
    [ PASSED ] CASE: spkiPinPolicyConfiguresTheNativeVerificationPathBeforeHandshake (174501 ns)
    [ PASSED ] CASE: matchingSpkiPinCompletesARealClientServerHandshake (10785640 ns)
    [ PASSED ] CASE: matchingSpkiPinDoesNotBypassReferenceIdentityVerification (10219413 ns)
    [ PASSED ] CASE: realAwsLcEnginesExchangeCloseNotifyInBothDirections (11170851 ns)
    [ PASSED ] CASE: handshakeInfoReportsNegotiatedAlpnPeerChainAndVerificationEvidence (10773010 ns)
    [ PASSED ] CASE: tls13TicketResumesAcrossFreshEnginesWithoutEarlyData (12683398 ns)
    [ PASSED ] CASE: tls12TicketResumesAcrossFreshEngines (12720086 ns)
    [ PASSED ] CASE: sniSelectsTheCompleteImmutableContextAndItsCertificate (13441463 ns)
    [ PASSED ] CASE: sniSelectorRejectsMissingAndUnknownNamesWithStableEvidence (18042427 ns)
    [ PASSED ] CASE: noSharedAlpnFailsTheHandshakeInsteadOfSilentlySelectingNothing (10216247 ns)
    [ PASSED ] CASE: requiredMutualTlsUsesClientIdentityAndReturnsServerVerificationEvidence (11071215 ns)
    [ PASSED ] CASE: requiredMutualTlsRejectsMissingClientIdentityButOptionalAllowsIt (11660894 ns)
    [ PASSED ] CASE: mismatchedSpkiPinFailsARealClientServerHandshake (9476101 ns)
    [ PASSED ] CASE: externalSignerCompletesARealHandshakeOutsideTheNativeCallback (20247830 ns)
    [ PASSED ] CASE: externalSignerExceptionFailsClosedWithoutCrossingTheCAbi (10297849 ns)
    [ PASSED ] CASE: cancellationBeforeSignerInvocationFailsThePendingNativeOperation (9003775 ns)
    [ PASSED ] CASE: pumpHandlesWantReadWriteAndPartialIoWithBoundedBuffers (90914 ns)
    [ PASSED ] CASE: wantWriteWithoutCiphertextFailsInsteadOfSpinning (220091 ns)
    [ PASSED ] CASE: eofDuringWantReadRetainsTlsHandshakeEvidence (137836 ns)
    [ PASSED ] CASE: preCancellationStopsBeforeCallingProviderOrTransport (145376 ns)
    [ PASSED ] CASE: expiredDeadlineStopsBeforeCallingProviderOrTransport (180206 ns)
    TCS: LocalIdentityTest, time elapsed: 6055215 ns, RESULT:
    [ PASSED ] CASE: pkcs8InputIsExactBoundedAndZeroizable (574907 ns)
    [ PASSED ] CASE: pkcs8FileAdapterReadsOneBoundedRegularFile (721727 ns)
    [ PASSED ] CASE: localIdentityValidatesLeafKeyMatchAndHasStablePublicIdentity (1868296 ns)
    [ PASSED ] CASE: mismatchedCertificateAndPrivateKeyFailAtIdentityBuild (853525 ns)
    [ PASSED ] CASE: externalSignerAndSystemHandleShareOneOpaqueKeyContract (762161 ns)
    [ PASSED ] CASE: duplicateSignerAlgorithmsAndMismatchedSpkiFailAtBuild (412666 ns)
    TCS: M3028TlsFuzzTest, time elapsed: 25447987701 ns, RESULT:
    [ PASSED ] CASE: recordMutationsHaveDeterministicTypedTerminals (9605552421 ns)
    [ PASSED ] CASE: handshakeMutationsHaveDeterministicTypedTerminals (10217210043 ns)
    [ PASSED ] CASE: certificateAdapterMutationsHaveDeterministicTypedTerminals (5624495445 ns)
    TCS: TlsContextSessionVersionTest, time elapsed: 193447 ns, RESULT:
    [ PASSED ] CASE: sessionKeysSeparateContextEpochs (12522 ns)
    TCS: TlsProviderSubstitutionTest, time elapsed: 914930 ns, RESULT:
    [ PASSED ] CASE: testProviderUsesTheProductionFactoryContract (237419 ns)
    [ PASSED ] CASE: objectsFromDifferentProviderInstancesCannotMix (339946 ns)
    [ PASSED ] CASE: activeEngineRetainsProviderUntilItCloses (12203 ns)
    TCS: TlsSessionStoreTest, time elapsed: 292831 ns, RESULT:
    [ PASSED ] CASE: boundedLruExpiryAndSingleUseAreDeterministic (26730 ns)
    [ PASSED ] CASE: everySecurityPartitionDimensionPreventsReuse (42755 ns)
Summary: TOTAL: 62
    PASSED: 62, SKIPPED: 0, ERROR: 0
    FAILED: 0
--------------------------------------------------------------------------------------------------
TP: wirestack.internal.trust, time elapsed: 56858390 ns, RESULT:
    TCS: HostnameVerifierTest, time elapsed: 1959951 ns, RESULT:
    [ PASSED ] CASE: exactDnsAndAsciiIdnaALabelMatchCaseInsensitively (278487 ns)
    [ PASSED ] CASE: wildcardMatchesExactlyOneLeftmostLabelOnly (78702 ns)
    [ PASSED ] CASE: invalidOrOverbroadWildcardsAreRejectedAtCertificateBoundary (90900 ns)
    [ PASSED ] CASE: dnsAndIpReferenceIdentitiesNeverCrossMatch (70483 ns)
    [ PASSED ] CASE: subjectAlternativeNameCountIsHardBounded (172376 ns)
    TCS: M3028HostnameFuzzTest, time elapsed: 53122238 ns, RESULT:
    [ PASSED ] CASE: hostnameMutationsHaveDeterministicTypedTerminals (52894549 ns)
    TCS: TrustPolicyTest, time elapsed: 1590767 ns, RESULT:
    [ PASSED ] CASE: nativeX509ParserAcceptsOneExactDerObjectAndRejectsTrailingBytes (437020 ns)
    [ PASSED ] CASE: certificateAndChainLimitsFailBeforeUnboundedParsingOrCopying (334870 ns)
    [ PASSED ] CASE: everyTrustPolicyHasAStableContentIdentityAndNoTrustAllState (303935 ns)
    [ PASSED ] CASE: pinAlgorithmAndScopeAreExplicitAndMalformedPinsFail (20817 ns)
Summary: TOTAL: 10
    PASSED: 10, SKIPPED: 0, ERROR: 0
    FAILED: 0
--------------------------------------------------------------------------------------------------
TP: wirestack.internal.connector, time elapsed: 13423219 ns, RESULT:
    TCS: AttemptPlanTest, time elapsed: 1731838 ns, RESULT:
    [ PASSED ] CASE: alternatesFamiliesAndPreservesFamilyOrder (307720 ns)
    [ PASSED ] CASE: firstFamilyControlsPreferenceAndDuplicatesAreRemoved (44036 ns)
    [ PASSED ] CASE: distinctIpv6ZonesAreNotDeduplicated (34855 ns)
    [ PASSED ] CASE: rejectsEmptyCandidatesAndNegativeDelay (55879 ns)
    TCS: HappyEyeballsConnectorTest, time elapsed: 9685258 ns, RESULT:
    [ PASSED ] CASE: emitsCompleteDnsAttemptAndConnectedLifecycle (316907 ns)
    [ PASSED ] CASE: blackholedFirstCandidateIsCancelledAndJoinedBeforeReturn (7611686 ns)
    [ PASSED ] CASE: ipv6FirstSuccessSkipsLaterIpv4Attempt (136691 ns)
    [ PASSED ] CASE: simultaneousSuccessKeepsOneWinnerAndAbortsEveryLoser (143859 ns)
    [ PASSED ] CASE: allFailuresAreJoinedAndRetainedAsDiagnostics (108463 ns)
    [ PASSED ] CASE: preCancelledParentStartsNeitherDnsNorAttempts (34886 ns)
    [ PASSED ] CASE: parentCancellationAfterSuccessPreventsWinnerPublication (106365 ns)
    [ PASSED ] CASE: deadlineAtSuccessBoundaryPreventsWinnerPublication (99442 ns)
    TCS: ConnectionRouteTest, time elapsed: 1764838 ns, RESULT:
    [ PASSED ] CASE: directRouteRetainsItsLocalOriginResolver (124087 ns)
    [ PASSED ] CASE: explicitProxySeparatesOriginAndProxyDns (66382 ns)
    [ PASSED ] CASE: typedIpTargetsNeverCarryResolvers (90036 ns)
    [ PASSED ] CASE: rejectsDelegatedDnsWithoutAnOwningProxyAndInvalidConnectTargets (93771 ns)
    [ PASSED ] CASE: networkAndTlsParametersAreBoundedAndOwned (629453 ns)
Summary: TOTAL: 17
    PASSED: 17, SKIPPED: 0, ERROR: 0
    FAILED: 0
--------------------------------------------------------------------------------------------------
TP: wirestack.internal.http1, time elapsed: 1590171646 ns, RESULT:
    TCS: HttpAutomaticHttpsClientTest, time elapsed: 6864289 ns, RESULT:
    [ PASSED ] CASE: h2NegotiationMultiplexesTenRequestsOnOneTlsConnection (4157222 ns)
    [ PASSED ] CASE: http11NegotiationFallsBackAndReusesTheAdoptedConnection (1619487 ns)
    TCS: Http1ChunkedCodecTest, time elapsed: 1627738 ns, RESULT:
    [ PASSED ] CASE: decoderStreamsDataExtensionsTrailersAndRemainder (75113 ns)
    [ PASSED ] CASE: decoderHandlesEveryBoundaryOneByteAtATime (62256 ns)
    [ PASSED ] CASE: encoderProducesCanonicalChunksAndBoundedTrailers (59997 ns)
    [ PASSED ] CASE: rejectsInvalidSizeExtensionAndTerminators (82555 ns)
    [ PASSED ] CASE: enforcesBodyChunkLineAndTrailerBounds (57051 ns)
    [ PASSED ] CASE: streamingResponseKeepsEachChunkBoundedWithoutALifetimeCeiling (135233 ns)
    [ PASSED ] CASE: rejectsForbiddenOrFoldedTrailers (80530 ns)
    [ PASSED ] CASE: eofAndPostCompletionUseFailClosedStates (49435 ns)
    [ PASSED ] CASE: decodeBatchesOwnDataAndRemainingBytes (35359 ns)
    TCS: Http1ClientConnectionTest, time elapsed: 24814684 ns, RESULT:
    [ PASSED ] CASE: expectContinueWaitsForApprovalBeforeOpeningBody (833165 ns)
    [ PASSED ] CASE: finalRejectionBeforeContinueNeverOpensRequestBody (563676 ns)
    [ PASSED ] CASE: continueWaitTimeoutSendsBodyUnderTheOriginalBudget (19706094 ns)
    [ PASSED ] CASE: serializesRequestsUntilBodyEofThenReusesConnection (1016440 ns)
    [ PASSED ] CASE: earlyBodyCloseClosesInsteadOfReturningConnectionForReuse (798176 ns)
    [ PASSED ] CASE: connectionCloseResponseIsNeverReusableAfterEof (834306 ns)
    TCS: Http1CleartextClientTest, time elapsed: 2464108 ns, RESULT:
    [ PASSED ] CASE: resolvesConnectsAndReusesOnlyAfterBodyCompletion (1973437 ns)
    [ PASSED ] CASE: rejectsHttpsBeforeDnsOrPoolMutation (95131 ns)
    TCS: Http1ConnectionPoolTest, time elapsed: 4464843 ns, RESULT:
    [ PASSED ] CASE: emitsSecretFreeAcquireAndReleaseLifecycle (880225 ns)
    [ PASSED ] CASE: reusesOnlyTheSameCompleteKey (648915 ns)
    [ PASSED ] CASE: enforcesTotalPerKeyIdleAndWaiterBounds (888621 ns)
    [ PASSED ] CASE: activeWaitHonorsCancellationAndReleasesWaiterSlot (535851 ns)
    [ PASSED ] CASE: evictsExpiredAndClosedConnectionsInsteadOfReusingThem (443838 ns)
    [ PASSED ] CASE: failedCreationRollsBackItsCapacityReservation (241312 ns)
    TCS: Http1HeadParserTest, time elapsed: 2131529 ns, RESULT:
    [ PASSED ] CASE: requestParsesIncrementallyAndReturnsBodyRemainder (152177 ns)
    [ PASSED ] CASE: oneFeedRetainsBytesAfterTheHead (70841 ns)
    [ PASSED ] CASE: responseParsesStatusReasonHeadersAndFraming (212543 ns)
    [ PASSED ] CASE: acceptsOriginAbsoluteAuthorityAndAsteriskFormsOnlyWhereValid (229148 ns)
    [ PASSED ] CASE: rejectsBareLfObsFoldAndInvalidHeaderSyntax (105964 ns)
    [ PASSED ] CASE: requiresOneValidHostAndMatchingAbsoluteAuthority (222056 ns)
    [ PASSED ] CASE: rejectsInvalidTargetVersionAndBoundViolations (163762 ns)
    [ PASSED ] CASE: completedParserCannotBeReused (74407 ns)
    TCS: Http2Streams1BenchmarkTest, time elapsed: 23019852 ns, RESULT:
    [ PASSED ] CASE: benchmarkOneConcurrentStream (22780501 ns)
    TCS: Http2Streams10BenchmarkTest, time elapsed: 108631526 ns, RESULT:
    [ PASSED ] CASE: benchmarkTenConcurrentStreams (108312512 ns)
    TCS: Http2Streams100BenchmarkTest, time elapsed: 1113827504 ns, RESULT:
    [ PASSED ] CASE: benchmarkHundredConcurrentStreams (1113543928 ns)
    TCS: Http1HundredConnectionBaselineTest, time elapsed: 28630433 ns, RESULT:
    [ PASSED ] CASE: benchmarkHundredConcurrentConnections (28372683 ns)
    TCS: Http2ConnectionPoolTest, time elapsed: 2273653 ns, RESULT:
    [ PASSED ] CASE: alpnPrefersH2AndFallsBackOnlyToHttp11 (22707 ns)
    [ PASSED ] CASE: oneConnectionIsSharedUntilPeerStreamCapacityIsFull (180112 ns)
    [ PASSED ] CASE: concurrentFirstUseDoesNotCreateAConnectionStampede (615255 ns)
    [ PASSED ] CASE: newConnectionIsPublishedOnlyAfterItsFirstStreamIsAdmitted (78816 ns)
    [ PASSED ] CASE: completeSecurityKeyPreventsCrossContextReuse (89921 ns)
    [ PASSED ] CASE: drainingConnectionRetainsExistingStreamButReceivesNoNewLease (93085 ns)
    [ PASSED ] CASE: fullBoundedPoolHonorsOneCallerDeadline (85767 ns)
    [ PASSED ] CASE: poolCloseAbortsEverySharedConnectionExactlyOnce (78306 ns)
    TCS: Http1FramingTest, time elapsed: 1743594 ns, RESULT:
    [ PASSED ] CASE: requestUsesOneSharedEmptyLengthOrChunkedDecision (84010 ns)
    [ PASSED ] CASE: identicalContentLengthsAreAcceptedAcrossFieldsAndLists (49387 ns)
    [ PASSED ] CASE: conflictingOrInvalidContentLengthsAreRejected (153426 ns)
    [ PASSED ] CASE: contentLengthAndTransferEncodingNeverCoexist (61841 ns)
    [ PASSED ] CASE: ambiguousTransferEncodingIsRejected (194100 ns)
    [ PASSED ] CASE: responseHandlesHeadStatusesConnectAndCloseDelimiting (125348 ns)
    [ PASSED ] CASE: bodylessAndSuccessfulConnectResponsesRejectFramingFields (105665 ns)
    TCS: HttpConnectionPoolKeyTest, time elapsed: 556222 ns, RESULT:
    [ PASSED ] CASE: canonicalOriginProducesStableEqualityAndHash (22186 ns)
    [ PASSED ] CASE: everySecurityAndRouteDimensionPartitionsReuse (45823 ns)
    [ PASSED ] CASE: refusesIncompletePartitionIdentities (21036 ns)
    TCS: Http1ProxyClientPipelineTest, time elapsed: 5422746 ns, RESULT:
    [ PASSED ] CASE: dynamicConnectCredentialsNeverReuseAnAuthenticatedTunnel (3054968 ns)
    [ PASSED ] CASE: rejectedConnectDrainsClosesAndReturnsStructuredNonRetryableFailure (1958124 ns)
    TCS: Http1RequestWriterTest, time elapsed: 2125180 ns, RESULT:
    [ PASSED ] CASE: twoStageWriterDoesNotOpenBodyBeforeExplicitCommit (415111 ns)
    [ PASSED ] CASE: writesFixedBodyThroughPartialTransportOperations (312579 ns)
    [ PASSED ] CASE: streamsUnknownLengthBodyAsCanonicalChunks (331359 ns)
    [ PASSED ] CASE: rejectsDeclaredMismatchBeforeWritingAnything (89606 ns)
    [ PASSED ] CASE: prematureBodyEofRetainsPartialCommitEvidence (303532 ns)
    [ PASSED ] CASE: emptyFramingProbesSourceInsteadOfDroppingUnexpectedBytes (85718 ns)
    TCS: Http1ResponseReaderTest, time elapsed: 5516896 ns, RESULT:
    [ PASSED ] CASE: explicitUpgradeTransfersOnlyAMatching101Protocol (389657 ns)
    [ PASSED ] CASE: mismatchedUpgradeResponseFailsClosed (384377 ns)
    [ PASSED ] CASE: explicitConnectTransfersBufferedTunnelBytesAndTransportOwnership (344170 ns)
    [ PASSED ] CASE: failedConnectRemainsAnHttpResponseAndClosesAfterBody (364351 ns)
    [ PASSED ] CASE: readsInterimAndFixedResponseWithoutBufferingTheBody (327619 ns)
    [ PASSED ] CASE: received4xxAnd5xxRemainHttpResponses (526523 ns)
    [ PASSED ] CASE: decodesChunkedResponseAndPublishesTrailerAtEof (481377 ns)
    [ PASSED ] CASE: closeDelimitedBodyCompletesOnlyAtTransportEof (242666 ns)
    [ PASSED ] CASE: chunkedStreamingResponseMayExceedThePerSegmentBodyBound (280793 ns)
    [ PASSED ] CASE: prematureFixedBodyEofAbandonsResponseExactlyOnce (266927 ns)
    [ PASSED ] CASE: rejectsImplicitUpgradeAndConnectTransportTransfer (846664 ns)
    TCS: Http1SerializerTest, time elapsed: 1231226 ns, RESULT:
    [ PASSED ] CASE: clientRequestAddsHostAndUsesOriginForm (72398 ns)
    [ PASSED ] CASE: forwardProxyRequestUsesAbsoluteFormAndOriginHost (73371 ns)
    [ PASSED ] CASE: requestPreservesOrderedMultipleFieldsAndLengthFraming (62639 ns)
    [ PASSED ] CASE: requestRejectsMissingDuplicateOrMismatchedHost (68318 ns)
    [ PASSED ] CASE: responseSerializesStatusAndUsesSharedFraming (39148 ns)
    [ PASSED ] CASE: responseRejectsInjectionAndForbiddenBodyFraming (44894 ns)
    [ PASSED ] CASE: writerHandlesPartialTransportWritesUnderOneContext (86435 ns)
    [ PASSED ] CASE: serializedBytesAreDefensiveCopies (52365 ns)
    TCS: Http1ServerConnectionTest, time elapsed: 4433677 ns, RESULT:
    [ PASSED ] CASE: serializesTwoKeepAliveExchanges (2961156 ns)
    [ PASSED ] CASE: unreadRequestBodyForcesConnectionCloseAfterResponse (482162 ns)
    [ PASSED ] CASE: handlerFailureProducesBounded500AndCloses (502661 ns)
    TCS: Http1ServerRequestReaderTest, time elapsed: 14517530 ns, RESULT:
    [ PASSED ] CASE: streamsFixedRequestBodyWithoutReadingPastItsLength (383385 ns)
    [ PASSED ] CASE: decodesChunkedRequestAndPublishesTrailer (558467 ns)
    [ PASSED ] CASE: sendsContinueOnlyWhenHandlerStartsReadingTheBody (11581013 ns)
    [ PASSED ] CASE: rejectingWithoutReadingNeverSendsContinue (1378760 ns)
    TCS: Http1ServerTest, time elapsed: 27549508 ns, RESULT:
    [ PASSED ] CASE: shutdownAbortsConnectionBlockedInsideTlsHandshake (7173896 ns)
    [ PASSED ] CASE: acceptSideTlsHookOwnsConnectionAndClosesAfterShutdown (515753 ns)
    [ PASSED ] CASE: gracefulShutdownStopsAcceptAfterCompletedConnection (1351147 ns)
    [ PASSED ] CASE: expiredShutdownAbortsBlockedConnectionAndReturnsBoundedly (7692131 ns)
    [ PASSED ] CASE: shutdownClosesTransportReturnedAfterAcceptStopsWithoutDispatch (70458 ns)
    [ PASSED ] CASE: connectionLimitPreventsSecondAcceptUntilCapacityReturns (9671888 ns)
    TCS: Http1ServerResponseWriterTest, time elapsed: 2741427 ns, RESULT:
    [ PASSED ] CASE: writesFixedResponseThroughPartialTransportOperations (516558 ns)
    [ PASSED ] CASE: streamsChunkedResponseAndTrailer (300287 ns)
    [ PASSED ] CASE: chunkedStreamingResponseMayExceedThePerSegmentBodyBound (503598 ns)
    [ PASSED ] CASE: headResponseNeverTransfersRepresentationBytes (78229 ns)
    [ PASSED ] CASE: closeDelimitedResponseRequiresConnectionClose (248290 ns)
    [ PASSED ] CASE: rejectsKnownLengthMismatchBeforeCommittingHeadAndClosesBody (127813 ns)
    [ PASSED ] CASE: closeFailureDoesNotReplacePrecommitLengthMismatch (128750 ns)
    TCS: Http1SmugglingCorpusTest, time elapsed: 89399024 ns, RESULT:
    [ PASSED ] CASE: clientAndServerFramingRejectTheSameAmbiguousHeaderCorpus (1898865 ns)
    [ PASSED ] CASE: identicalLengthsAndOneFinalChunkedCodingRemainUnambiguous (827280 ns)
    [ PASSED ] CASE: rejectsWhitespaceTargetAndProxyDifferentialCorpus (822483 ns)
    [ PASSED ] CASE: rejectsMalformedChunkAndTrailerCorpusAtInputOrEof (275469 ns)
    [ PASSED ] CASE: everyAcceptedSingleByteMutationHasACanonicalReparse (78898631 ns)
    [ PASSED ] CASE: chunkedMutationsHaveDeterministicBoundedTerminals (2180057 ns)
    [ PASSED ] CASE: validHeadParsesAtEveryTransportSplitBoundary (3457500 ns)
    TCS: Http1HttpsClientTest, time elapsed: 2062704 ns, RESULT:
    [ PASSED ] CASE: partitionsHandshakesAndReusesHttpsAfterBodyCompletion (1855352 ns)
    TCS: Http1TlsServerTest, time elapsed: 111687211 ns, RESULT:
    [ PASSED ] CASE: alpnServerRejectsAClientWithNoSharedHttpProtocol (48289694 ns)
    [ PASSED ] CASE: automaticClientOffersH2FirstAndFallsBackToServerHttp11 (17750002 ns)
    [ PASSED ] CASE: requiredMutualTlsCarriesAuthenticatedHttp1Exchange (21248734 ns)
    [ PASSED ] CASE: realAwsLcHandshakeCarriesOneHttp1Exchange (23443676 ns)
Summary: TOTAL: 117
    PASSED: 114, SKIPPED: 3, ERROR: 0
    FAILED: 0
--------------------------------------------------------------------------------------------------
TP: wirestack.internal.resolver, time elapsed: 50875559 ns, RESULT:
    TCS: M2006AppleSystemResolverTest, time elapsed: 21264476 ns, RESULT:
    [ PASSED ] CASE: resolvesLocalhostThroughTheProviderNeutralContract (19528589 ns)
    [ PASSED ] CASE: fixtureReturnsAllCandidatesWithoutInventingTtl (18897 ns)
    [ PASSED ] CASE: fixtureAppliesFamilyAndResultBounds (14753 ns)
    [ PASSED ] CASE: fixtureMapsPosixFailuresAndUnknownCodes (12300 ns)
    [ PASSED ] CASE: fixtureCancellationAndDeadlineReturnBeforeNativeCleanup (19177 ns)
    [ PASSED ] CASE: newResolutionObservesNetworkGenerationChange (13588 ns)
    [ PASSED ] CASE: validatesBoundsAndRejectsUseAfterClose (89434 ns)
    [ PASSED ] CASE: fixtureBoundsAdmissionAndReleasesQueuedWorkAfterClose (14000 ns)
    TCS: M2003BoundedResolverBackendTest, time elapsed: 19825328 ns, RESULT:
    [ PASSED ] CASE: resolvesLocalhostWithBoundedMetricsAndIdempotentClose (8541348 ns)
    [ PASSED ] CASE: appliesIpv4FamilyAndRejectsUseAfterClose (9857571 ns)
    [ PASSED ] CASE: validatesPoolBounds (42036 ns)
    [ PASSED ] CASE: nativeFamilyValidationFailsClosedAndPollingBackoffIsBounded (37141 ns)
    [ PASSED ] CASE: preCancelledContextDoesNotSubmitNativeWork (136703 ns)
    [ PASSED ] CASE: delayedNativeWorkDoesNotStarveCangjieHeartbeat (16453 ns)
    [ PASSED ] CASE: cancellationCompletesPromptlyWhileNativeJobCleansUp (13597 ns)
    [ PASSED ] CASE: deadlineCompletesPromptlyWhileNativeJobCleansUp (11343 ns)
    [ PASSED ] CASE: queueAdmissionIsStrictlyBounded (12028 ns)
    TCS: ResolverContractTest, time elapsed: 462962 ns, RESULT:
    [ PASSED ] CASE: resultOwnsDeduplicatedAddressesAndDoesNotInventTtl (33842 ns)
    [ PASSED ] CASE: staticResolverFiltersFamiliesAndHonorsPreCancellation (48927 ns)
    [ PASSED ] CASE: rejectsEmptyFamilyResultAndInvalidLimits (34668 ns)
    TCS: M2002ResolverPublicContractTest, time elapsed: 726149 ns, RESULT:
    [ PASSED ] CASE: resultOwnsAllTypedCandidatesWithoutInventingTtl (36001 ns)
    [ PASSED ] CASE: staticResolverAppliesFamilyAndResultBounds (29740 ns)
    [ PASSED ] CASE: errorsRetainStablePublicCoordinates (41200 ns)
    [ PASSED ] CASE: cancellationAndDeadlineRemainDistinct (46859 ns)
    [ PASSED ] CASE: constructorsRejectInvalidBoundsAndDiagnostics (31467 ns)
    TCS: M2004WindowsSystemResolverTest, time elapsed: 8283575 ns, RESULT:
    [ PASSED ] CASE: resolvesLocalhostThroughTheProviderNeutralContract (7373840 ns)
    [ PASSED ] CASE: fixtureReturnsAllCandidatesWithoutInventingTtl (25117 ns)
    [ PASSED ] CASE: fixtureAppliesFamilyAndResultBounds (12534 ns)
    [ PASSED ] CASE: fixtureMapsWinsockFailuresAndUnknownCodes (16514 ns)
    [ PASSED ] CASE: fixtureCancellationAndDeadlineReturnBeforeNativeCleanup (11519 ns)
    [ PASSED ] CASE: validatesBoundsAndRejectsUseAfterClose (85698 ns)
Summary: TOTAL: 31
    PASSED: 31, SKIPPED: 0, ERROR: 0
    FAILED: 0
--------------------------------------------------------------------------------------------------
TP: wirestack.tls, time elapsed: 111924606 ns, RESULT:
    TCS: PublicTlsFacadeTest, time elapsed: 72412693 ns, RESULT:
    [ PASSED ] CASE: clientBuilderRejectsReversedVersionRangeBeforeTransportIo (39225459 ns)
    [ PASSED ] CASE: serverBuilderRequiresAnIdentityBeforeTransportIo (8166542 ns)
    [ PASSED ] CASE: clientBuilderCopiesAlpnAndPublishesProviderNeutralCapabilities (7890766 ns)
    [ PASSED ] CASE: preCancelledHandshakeConsumesAndAbortsTheTransport (15730504 ns)
    TCS: TlsContextVersioningTest, time elapsed: 24290991 ns, RESULT:
    [ PASSED ] CASE: replacementUsesNewEpochAndRetainsOldSnapshot (15214582 ns)
    [ PASSED ] CASE: externalHooksReceiveTheCallerOperationContext (8633182 ns)
    TCS: TlsRuntimeTest, time elapsed: 15031798 ns, RESULT:
    [ PASSED ] CASE: reportsHandleFreeLinuxProviderAndBuildIdentity (7380977 ns)
    [ PASSED ] CASE: returnsDefensiveCopiesOfRuntimeInventories (7213436 ns)
Summary: TOTAL: 8
    PASSED: 8, SKIPPED: 0, ERROR: 0
    FAILED: 0
--------------------------------------------------------------------------------------------------
TP: wirestack.http, time elapsed: 7027354267 ns, RESULT:
    TCS: RequestBodyTest, time elapsed: 1617538 ns, RESULT:
    [ PASSED ] CASE: byteBodiesOwnInputAndReplayWithIndependentOffsets (243814 ns)
    [ PASSED ] CASE: emptyAndUtf8StringBodiesHaveExactLengths (20490 ns)
    [ PASSED ] CASE: oneShotBodyCanOnlyBeClaimedOnce (50785 ns)
    [ PASSED ] CASE: factoryMustReturnTheDeclaredLengthAndMismatchIsClosed (22001 ns)
    [ PASSED ] CASE: closedStreamRejectsFurtherReads (22649 ns)
    [ PASSED ] CASE: fileBodyStreamsAndReopensWithoutEagerReads (210025 ns)
    [ PASSED ] CASE: fileBodyRejectsOversizeAndChangesBeforeOpen (96465 ns)
    TCS: Http1DeterministicFuzzTest, time elapsed: 8670441 ns, RESULT:
    [ PASSED ] CASE: acceptedUrlMutationsRoundTripToOneCanonicalIdentity (4744509 ns)
    [ PASSED ] CASE: acceptedNoProxyMutationsRemainDeterministicAcrossTargets (3121167 ns)
    [ PASSED ] CASE: proxyAuthorizationMutationCannotInjectBeforeDnsOrConnect (270375 ns)
    TCS: HttpErrorTest, time elapsed: 467458 ns, RESULT:
    [ PASSED ] CASE: publicGetMapsInvalidUrlWithoutNetworkSideEffects (146258 ns)
    [ PASSED ] CASE: classifierProvidesStableHttpFailureCodes (45284 ns)
    TCS: HttpFacadeTest, time elapsed: 925630544 ns, RESULT:
    [ PASSED ] CASE: cancellationWrapperPreservesProtocolCompletionPolicy (39119 ns)
    [ PASSED ] CASE: connectionCancellationDoesNotDuplicateIntoHttp2StreamContext (114202 ns)
    [ PASSED ] CASE: typedCancellationHandlesAreScopedIdempotentAndStopBeforeNetworkIo (3257343 ns)
    [ PASSED ] CASE: publicHttp1ConnectionHandleCancelsBodyAndLeavesClientReusable (7792689 ns)
    [ PASSED ] CASE: publicHttp2StreamAndConnectionHandlesRespectTheirScopes (100558794 ns)
    [ PASSED ] CASE: publicHttp2SlowStreamCannotStarveOneTenOrHundredSiblings (169519634 ns)
    [ PASSED ] CASE: tlsHttp2StreamLimitIsAppliedAcrossConcurrentPublicRequests (27534624 ns)
    [ PASSED ] CASE: tlsFacadeNegotiatesHttp2AndMapsBodyTrailersAndResponse (47186746 ns)
    [ PASSED ] CASE: explicitResolverConnectsPublicClientAndServer (2398647 ns)
    [ PASSED ] CASE: defaultSystemResolverConnectsPublicClientAndServer (262284798 ns)
    [ PASSED ] CASE: clientFollowsOriginRelativeRedirectEndToEnd (3003036 ns)
    [ PASSED ] CASE: clientRetriesOneTemporaryDnsFailureWithinTheSameDeadline (2681573 ns)
    [ PASSED ] CASE: forwardProxyUsesAbsoluteFormIndependentDnsAndHookCredentials (2173596 ns)
    [ PASSED ] CASE: serverBuilderRequiresEndpointAndHandler (35274 ns)
    [ PASSED ] CASE: tlsServerConfigFailsClosedBeforeBinding (150756 ns)
    [ PASSED ] CASE: noFollowReturnsEveryRedirectUntouchedAndLeavesBodyOwnershipWithCaller (8613544 ns)
    [ PASSED ] CASE: controlledCancellationInterruptsDnsAndInjectedTcpBeforeTransportCreation (306013 ns)
    [ PASSED ] CASE: controlledCancellationInterruptsRealTlsAndHeaderReads (13619839 ns)
    [ PASSED ] CASE: noFollowStalledBodyIsCancelledOnlyByCallerAndNeverVisitsTarget (3649998 ns)
    [ PASSED ] CASE: oneAbsoluteDeadlineCoversRetriesRedirectsAndEveryBodyRead (5101718 ns)
    [ PASSED ] CASE: tlsDefaultsIdentityAndMutualAuthenticationFailClosedWithoutLeakingSentinels (69870913 ns)
    [ PASSED ] CASE: retryAttemptsArePerRedirectHopAndNoFollowNeverConsumesTargetBudget (5655301 ns)
    [ PASSED ] CASE: afterHookFailureClosesReturnedBodiesForHttp1AndHttp2WithoutLeakingSentinel (29668297 ns)
    [ PASSED ] CASE: publicServerShutdownConvergesAfterGracefulForcedCancelledAndRepeatedRequests (48454148 ns)
    [ PASSED ] CASE: shutdownClosesLateAcceptedTransportAndSuccessfulConnectTunnel (1762969 ns)
    [ PASSED ] CASE: noFollowStalledBodyUsesTheOriginalDeadlineWithoutRetry (102493541 ns)
    [ PASSED ] CASE: cancellingACompletedHandleIsOneShotAndDoesNotDisturbConnectionReuse (2738258 ns)
    TCS: Http2ConcurrentResponseBodyTest, time elapsed: 31694461 ns, RESULT:
    [ PASSED ] CASE: twoPublicHttp2BodiesCompleteIndependently (31417487 ns)
    TCS: HttpMessageTest, time elapsed: 2049467 ns, RESULT:
    [ PASSED ] CASE: requestFactoriesProduceImmutableProtocolNeutralModels (44208 ns)
    [ PASSED ] CASE: responseEofCompletesObserverExactlyOnce (23007 ns)
    [ PASSED ] CASE: earlyCloseAbandonsObserverExactlyOnce (29989 ns)
    [ PASSED ] CASE: readFailureClosesAndAbandonsTheBody (21799 ns)
    [ PASSED ] CASE: emptyDestinationDoesNotMistakeNoProgressForEof (11937 ns)
    [ PASSED ] CASE: boundedDrainCompletesOnlyWhenEofIsProven (22747 ns)
    [ PASSED ] CASE: invalidSourceProgressFailsClosed (22080 ns)
    [ PASSED ] CASE: unknownLengthCompletesOnlyAtStableProtocolEof (16743 ns)
    [ PASSED ] CASE: declaredLengthPrematureEofFailsClosed (22322 ns)
    [ PASSED ] CASE: protocolCompletionCanWaitPastDeclaredLength (13071 ns)
    [ PASSED ] CASE: observerMayCloseStreamAtCompletionWithoutBreakingRepeatedEof (15118 ns)
    [ PASSED ] CASE: readFailurePreservesPrimaryErrorAcrossCleanupFailures (32686 ns)
    [ PASSED ] CASE: invalidProgressPreservesBodyFailureAcrossCleanupFailures (28589 ns)
    [ PASSED ] CASE: explicitClosePreservesStreamFailureAndNotifiesExactlyOnce (28981 ns)
    [ PASSED ] CASE: explicitClosePropagatesObserverFailureAfterClosingStream (16756 ns)
    [ PASSED ] CASE: concurrentReadIsRejectedWithoutStealingActiveReader (54257 ns)
    [ PASSED ] CASE: closeRacingActiveReadClosesStreamAndNotifiesExactlyOnce (37692 ns)
    [ PASSED ] CASE: responseRejectsInvalidStatusAndReason (29132 ns)
    TCS: HttpModelTest, time elapsed: 1420803 ns, RESULT:
    [ PASSED ] CASE: methodSupportsStandardAndExtensionTokens (18996 ns)
    [ PASSED ] CASE: headersPreserveOrderAndMultipleValues (36630 ns)
    [ PASSED ] CASE: headersOwnTheirInputAndOutputArrays (18167 ns)
    [ PASSED ] CASE: builderSetAndRemoveUseCaseInsensitiveNames (34140 ns)
    [ PASSED ] CASE: rejectsInjectionAndInvalidNames (40356 ns)
    [ PASSED ] CASE: enforcesCountLineAndTotalLimits (26257 ns)
    [ PASSED ] CASE: urlNormalizesSchemeHostAndDefaultTarget (22967 ns)
    [ PASSED ] CASE: urlPreservesExplicitPortPathAndQuery (21474 ns)
    [ PASSED ] CASE: urlRequiresBracketedIpv6AndKeepsQueryOnlyTargetValid (16126 ns)
    [ PASSED ] CASE: urlRejectsAmbiguousAndUnsafeInputs (82801 ns)
    [ PASSED ] CASE: trailerRejectsRoutingAndFramingFields (113988 ns)
    TCS: HttpParityContractTest, time elapsed: 693395 ns, RESULT:
    [ PASSED ] CASE: cookieJarAppliesSecureDomainAndPathBounds (77795 ns)
    [ PASSED ] CASE: multipartAndWebSocketValuesOwnPayloads (67427 ns)
    [ PASSED ] CASE: websocketFramesRoundTripAndBoundControlFrames (19832 ns)
    [ PASSED ] CASE: upgradeRequiresConnectionAndUpgradeTokens (31701 ns)
    [ PASSED ] CASE: parityHooksRemainProviderNeutral (31037 ns)
    TCS: HttpProxyPolicyTest, time elapsed: 726847 ns, RESULT:
    [ PASSED ] CASE: noProxyMatchesDnsBoundariesAndOptionalPorts (86662 ns)
    [ PASSED ] CASE: noProxyMatchesTypedIpLiteralsExactlyAndWildcardExplicitly (57011 ns)
    [ PASSED ] CASE: endpointsRetainDnsIpv4AndIpv6RouteIdentity (20911 ns)
    [ PASSED ] CASE: routeSelectionUsesNoProxyWithoutCallingAuthorizationHook (49279 ns)
    [ PASSED ] CASE: rejectsAmbiguousNoProxyPatternsAndEndpointPorts (33546 ns)
    TCS: HttpRedirectPolicyTest, time elapsed: 1323207 ns, RESULT:
    [ PASSED ] CASE: noFollowPreservesEveryRedirectWithoutTouchingBody (122229 ns)
    [ PASSED ] CASE: noFollowIgnoresMissingAndInvalidLocationWithoutReplay (57389 ns)
    [ PASSED ] CASE: rewritesPostOn302AndRemovesBodyHeaders (89950 ns)
    [ PASSED ] CASE: stripsSensitiveHeadersOnlyAcrossOrigins (112373 ns)
    [ PASSED ] CASE: rejectsDowngradeLimitAndOneShotReplay (137680 ns)
    [ PASSED ] CASE: resolvesSchemeRelativeAndQueryOnlyLocations (70597 ns)
    [ PASSED ] CASE: resolvesRelativePathsAndRemovesDotSegments (90034 ns)
    TCS: HttpRetryPolicyTest, time elapsed: 587140 ns, RESULT:
    [ PASSED ] CASE: retriesOnlyIdempotentReplayableStructuredFailures (61535 ns)
    [ PASSED ] CASE: explicitSafetyAllowsPostButDisabledAndOneShotFailClosed (46221 ns)
    [ PASSED ] CASE: cancellationDeadlineUnknownAndNeverAreNotRetried (41782 ns)
    [ PASSED ] CASE: goAwayRetriesOnlyDefinitelyUnprocessedSafeReplayableRequests (49758 ns)
    TCS: Http1SseStreamingProfileTest, time elapsed: 3012422810 ns, RESULT:
    [ PASSED ] CASE: http1StreamsWithoutLifetimeAccumulationAndCancels (3012169148 ns)
    TCS: Http2SseStreamingProfileTest, time elapsed: 3028906077 ns, RESULT:
    [ PASSED ] CASE: http2StreamsWithoutLifetimeAccumulationAndPreservesSibling (3028534217 ns)
    TCS: M2005SystemResolverTest, time elapsed: 9378533 ns, RESULT:
    [ PASSED ] CASE: resolvesLocalhostThroughThePublicContract (8439654 ns)
    [ PASSED ] CASE: fixtureReturnsAllCandidatesAndDoesNotInventTtl (27950 ns)
    [ PASSED ] CASE: fixtureAppliesFamilyAndResultBounds (13374 ns)
    [ PASSED ] CASE: fixtureMapsStableErrorsAndRetainsNativeEvidence (8526 ns)
    [ PASSED ] CASE: fixtureCancellationAndDeadlineReturnBeforeNativeCleanup (7884 ns)
    [ PASSED ] CASE: validatesBoundsAndRejectsUseAfterClose (94029 ns)
Summary: TOTAL: 101
    PASSED: 98, SKIPPED: 3, ERROR: 0
    FAILED: 0
--------------------------------------------------------------------------------------------------
TP: wirestack.internal.http2, time elapsed: 3271281269 ns, RESULT:
    TCS: Http2ClientConnectionTest, time elapsed: 17511102 ns, RESULT:
    [ PASSED ] CASE: tenConcurrentRequestsShareOneConnectionAndMapOutOfOrderResponses (3163838 ns)
    [ PASSED ] CASE: claimedStreamsPublishInitialHeadersInStreamIdOrder (3271403 ns)
    [ PASSED ] CASE: cancelledUnpublishedStreamDoesNotBlockNextClaim (2850886 ns)
    [ PASSED ] CASE: declaredLengthDoesNotReleaseStreamBeforeWireEndStream (1505178 ns)
    [ PASSED ] CASE: streamsRequestBodyThroughFlowControlledDataAndEndsLocallyOnce (860596 ns)
    [ PASSED ] CASE: peerResetFailsOnlyItsStreamAndConnectionRemainsUsable (2881622 ns)
    [ PASSED ] CASE: peerGoAwayDrainsConnectionWithoutFailingAcceptedStream (955154 ns)
    TCS: Http2ClientMappingTest, time elapsed: 4389418 ns, RESULT:
    [ PASSED ] CASE: requestMapsOrderedPseudoFieldsAuthorityAndSensitiveHeaders (153162 ns)
    [ PASSED ] CASE: connectUsesOnlyMethodAndAuthorityPseudoFields (81956 ns)
    [ PASSED ] CASE: requestRejectsAuthorityFramingAndConnectionAmbiguity (416259 ns)
    [ PASSED ] CASE: requestHeaderListHonorsHttp2BoundsBeforeHpackMutation (93141 ns)
    [ PASSED ] CASE: requestBodyProvesEofBeforeOneTerminalTrailerBlock (182562 ns)
    [ PASSED ] CASE: requestBodyRejectsPrematureEofAndConfiguredOverflow (178706 ns)
    [ PASSED ] CASE: responseMapsInformationalFinalDataAndTrailersInOrder (160308 ns)
    [ PASSED ] CASE: responseRejectsPseudoOrderCaseAndConnectionFieldsAsStreamErrors (106012 ns)
    [ PASSED ] CASE: responseRejectsInvalidStatusAndTooManyInformationalHeads (273239 ns)
    [ PASSED ] CASE: responseContentLengthMustMatchExactlyAtEndStream (184567 ns)
    [ PASSED ] CASE: streamingResponseMayExceedTheConfiguredRequestBodyBound (37109 ns)
    [ PASSED ] CASE: bodylessAndConnectResponseRulesAreExplicit (193967 ns)
    [ PASSED ] CASE: responseTrailersRequireFinalEndStreamAndRegularAllowedFields (183904 ns)
    TCS: Http2ConformanceTest, time elapsed: 7508203 ns, RESULT:
    [ PASSED ] CASE: invalidFrameOrderMatrixFailsAtConnectionScope (373915 ns)
    [ PASSED ] CASE: continuationSequenceCompletesOnlyOnEndHeaders (153178 ns)
    [ PASSED ] CASE: rstStreamAndGoAwayRaceCompletesOwnerOnceAndCleansRegistrations (6401569 ns)
    TCS: Http2ConnectionStateMachineTest, time elapsed: 6386860 ns, RESULT:
    [ PASSED ] CASE: clientStartEmitsMagicAndSettingsThenPeerSettingsOpens (56370 ns)
    [ PASSED ] CASE: serverConsumesIncrementalMagicBeforeItsFirstSettings (64626 ns)
    [ PASSED ] CASE: invalidOrIncompletePrefaceFailsOnceWithProtocolEvidence (75916 ns)
    [ PASSED ] CASE: firstPeerFrameMustBeNonAcknowledgementSettings (63852 ns)
    [ PASSED ] CASE: openConnectionAppliesSettingsAndCompletesHeaderBlocks (52706 ns)
    [ PASSED ] CASE: peerGoAwayDrainsAndMayOnlyNarrowItsBoundary (82275 ns)
    [ PASSED ] CASE: peerAdmissionDefinesGoAwayBoundaryAndRejectedAdmissionDoesNotAdvanceIt (92470 ns)
    [ PASSED ] CASE: firstPeerSettingsCannotReopenAConnectionThatAlreadyBeganDraining (60268 ns)
    [ PASSED ] CASE: racingFinishTransitionsAndPublishesCompletionExactlyOnce (4522998 ns)
    TCS: Http2DeterministicFuzzTest, time elapsed: 60694427 ns, RESULT:
    [ PASSED ] CASE: frameParserDeterministicMutationCorpusStaysBounded (5227023 ns)
    [ PASSED ] CASE: hpackDecoderDeterministicMutationCorpusFailsClosed (54700686 ns)
    [ PASSED ] CASE: protocolLimitBoundaryMutationsRejectOversizedInputs (65216 ns)
    TCS: Http2FlowControllerTest, time elapsed: 2792989123 ns, RESULT:
    [ PASSED ] CASE: windowUpdateCodecIgnoresReservedBitAndRejectsZeroByScope (43590 ns)
    [ PASSED ] CASE: reservationsRespectConnectionStreamAndPeerFrameCredit (66172 ns)
    [ PASSED ] CASE: settingsShrinkPausesReservedDataAndCancellationReleasesIt (65674 ns)
    [ PASSED ] CASE: streamWindowUpdateWakesAReservedPermitAfterSettingsShrink (47484 ns)
    [ PASSED ] CASE: concurrentTryReserveNeverOvercommitsOneStream (203493 ns)
    [ PASSED ] CASE: receiveCreditReturnsOnlyAfterApplicationConsumption (85004 ns)
    [ PASSED ] CASE: smallReceiveReadsCoalesceWindowUpdates (152308 ns)
    [ PASSED ] CASE: stalledConnectionCreditFlushesOnceWithoutChangingSmallReadCoalescing (22948 ns)
    [ PASSED ] CASE: leastRecentlyServedStreamsReceiveCreditBeforeThePreviousOwner (2790333593 ns)
    [ PASSED ] CASE: connectionSendWindowIsSharedAcrossStreams (37602 ns)
    [ PASSED ] CASE: connectionAndStreamWindowViolationsHaveCorrectScope (46535 ns)
    [ PASSED ] CASE: settingsAndWindowOverflowFailAtomically (33284 ns)
    [ PASSED ] CASE: streamCleanupCancelsPermitsAndRestoresOnlyConnectionReceiveCredit (29838 ns)
    [ PASSED ] CASE: dataAccountingUsesTheEntireFramePayload (16548 ns)
    TCS: Http2FrameCodecTest, time elapsed: 994269 ns, RESULT:
    [ PASSED ] CASE: everyRequiredFrameEnvelopeRoundTrips (120432 ns)
    [ PASSED ] CASE: parserAcceptsEverySingleByteBoundaryAndMultipleFrames (40088 ns)
    [ PASSED ] CASE: incompleteInputStaysBoundedUntilCompletion (18533 ns)
    [ PASSED ] CASE: oversizedFrameFailsBeforePayloadBufferingAndParserBecomesTerminal (22486 ns)
    [ PASSED ] CASE: reservedBitIsIgnoredOnReadAndClearedOnWrite (13817 ns)
    [ PASSED ] CASE: unknownFramesAndFlagsRoundTripWithoutInterpretation (23873 ns)
    [ PASSED ] CASE: transportWriterHandlesRepeatedPartialWrites (33063 ns)
    TCS: Http2FrameModelTest, time elapsed: 693228 ns, RESULT:
    [ PASSED ] CASE: frameAndErrorCodesRoundTripIncludingExtensions (25944 ns)
    [ PASSED ] CASE: streamIdentifierIgnoresReservedBitAndKeepsThirtyOneBits (8247 ns)
    [ PASSED ] CASE: limitsAreExplicitAndFrameSizeIsBounded (19560 ns)
    [ PASSED ] CASE: fixedFrameShapesAndStreamScopesAreValidated (27081 ns)
    [ PASSED ] CASE: settingsRejectInvalidProtocolValuesButRetainExtensions (21126 ns)
    [ PASSED ] CASE: unknownFlagsAndFramesRemainForwardCompatible (8525 ns)
    TCS: Http2GoAwayManagerTest, time elapsed: 4833463 ns, RESULT:
    [ PASSED ] CASE: peerBoundaryRetiresOnlyDefinitelyUnprocessedStreams (111790 ns)
    [ PASSED ] CASE: narrowingBoundaryWakesEachNewlyExcludedOwnerExactlyOnce (77554 ns)
    [ PASSED ] CASE: localDrainQueuesGoAwayAndStopsAdmissionBeforeWriterRuns (45024 ns)
    [ PASSED ] CASE: fabricatedReceiveResultCannotDrainAnOpenCoordinator (39910 ns)
    [ PASSED ] CASE: racingAdmissionAndGoAwayNeverLeavesAnExcludedStreamActive (3921230 ns)
    TCS: Http2HeaderBlockAssemblerTest, time elapsed: 861411 ns, RESULT:
    [ PASSED ] CASE: sameStreamContinuationsAssembleInExactOrder (31399 ns)
    [ PASSED ] CASE: continuationWithoutStartWrongStreamAndInterleavingFailConnection (47089 ns)
    [ PASSED ] CASE: paddingAndPriorityOverheadAreExcludedFromHeaderBytes (18685 ns)
    [ PASSED ] CASE: pushPromiseRetainsPromisedStreamAndFragmentOnly (21147 ns)
    [ PASSED ] CASE: invalidPaddingPriorityAndSelfDependencyFailClosed (27478 ns)
    [ PASSED ] CASE: accumulatedCompressedBytesHaveOneHardLimit (21587 ns)
    TCS: Http2ConnectionHealthTest, time elapsed: 596618 ns, RESULT:
    [ PASSED ] CASE: pingCodecAndConnectionAckPreserveOpaqueBytes (41899 ns)
    [ PASSED ] CASE: idleProbeIsSingleOutstandingAndMatchingAckRestoresHealth (119173 ns)
    [ PASSED ] CASE: ordinaryActivityDefersIdleProbeWithoutAllocatingATimer (29423 ns)
    TCS: Http2ConnectionCloserTest, time elapsed: 971276 ns, RESULT:
    [ PASSED ] CASE: gracefulCloseSendsGoAwayWaitsForStreamAndClosesTransportOnce (77710 ns)
    [ PASSED ] CASE: expiredCloseAbortsActiveStreamsWithoutStartingGracefulIo (41481 ns)
    [ PASSED ] CASE: racingShorterDeadlineUpgradesInFlightGracefulCloseToOneAbort (74973 ns)
    [ PASSED ] CASE: concurrentGracefulCallersShareOneTerminalResultAndTransportClose (120233 ns)
    [ PASSED ] CASE: failedGracefulTransportCloseFallsBackToOneAbort (73715 ns)
    TCS: HpackBlockTest, time elapsed: 1628673 ns, RESULT:
    [ PASSED ] CASE: rfcRequestBlocksDecodeWithSharedDynamicState (35378 ns)
    [ PASSED ] CASE: encoderMatchesFirstRfcHuffmanRequestExample (42829 ns)
    [ PASSED ] CASE: literalModesPreserveNeverIndexedAndOnlyIncrementalMutatesTable (760652 ns)
    [ PASSED ] CASE: tableSizeUpdateMustLeadBlockAndRespectAllowedMaximum (23891 ns)
    [ PASSED ] CASE: headerCountListAndCompressedLimitsFailClosed (206663 ns)
    [ PASSED ] CASE: peerCapacityUpdateIsEmittedBeforeHeaders (17719 ns)
    TCS: HpackCoreTest, time elapsed: 728573 ns, RESULT:
    [ PASSED ] CASE: rfcIntegerVectorsEncodeAndDecodeExactly (16889 ns)
    [ PASSED ] CASE: integerRejectsTruncationOverflowAndInvalidPrefix (22715 ns)
    [ PASSED ] CASE: rawStringRoundTripsAndOwnsItsBytes (14593 ns)
    [ PASSED ] CASE: stringLengthLimitAndTruncationFailBeforeCopy (74250 ns)
    [ PASSED ] CASE: staticTableMatchesRfcBoundariesAndRepresentativeEntries (21188 ns)
    [ PASSED ] CASE: everyStaticEntryHasBoundedRfcAccounting (50874 ns)
    TCS: HpackDynamicTableTest, time elapsed: 788874 ns, RESULT:
    [ PASSED ] CASE: newestEntryUsesIndexSixtyTwoAndOlderEntriesShift (10982 ns)
    [ PASSED ] CASE: exactRfcAccountingEvictsOldestEntriesFirst (17641 ns)
    [ PASSED ] CASE: oversizedEntryClearsTheEntireTableWithoutInsertion (9732 ns)
    [ PASSED ] CASE: capacityShrinkEvictsImmediatelyAndPeerLimitIsHard (17367 ns)
    [ PASSED ] CASE: withoutIndexingNeverIndexedAndSensitiveNeverEnterState (19058 ns)
    [ PASSED ] CASE: staticAndDynamicSearchReturnCanonicalLowestIndexes (93488 ns)
    [ PASSED ] CASE: zeroCapacityRetainsNoEntries (9274 ns)
    TCS: HpackHuffmanTest, time elapsed: 48489459 ns, RESULT:
    [ PASSED ] CASE: rfcRequestExamplesEncodeAndDecodeExactly (2769141 ns)
    [ PASSED ] CASE: everyOctetRoundTripsWithinAnExplicitBound (42830886 ns)
    [ PASSED ] CASE: huffmanStringLiteralUsesFlagAndSharedBounds (904595 ns)
    [ PASSED ] CASE: eosInvalidPaddingAndTruncatedPrefixFailClosed (403545 ns)
    [ PASSED ] CASE: decodedAndEncodedOutputLimitsApplyBeforeGrowth (827266 ns)
    TCS: Http2ConnectionReaderTest, time elapsed: 3284052 ns, RESULT:
    [ PASSED ] CASE: oneReaderDecodesEveryByteBoundaryAndDispatchesInWireOrder (399031 ns)
    [ PASSED ] CASE: serverConsumesMagicAndFirstFrameFromTheSameRead (251982 ns)
    [ PASSED ] CASE: eofDuringPrefaceOrFrameFailsAndWakesEveryStream (627211 ns)
    [ PASSED ] CASE: invalidTransportProgressAndHandlerFailureBecomeTerminal (546867 ns)
    [ PASSED ] CASE: readerLoopCanOnlyBeClaimedOnce (232540 ns)
    [ PASSED ] CASE: terminationRegistryIsBoundedRemovableAndExactlyOnce (345657 ns)
    [ PASSED ] CASE: readerRegistryReservesOneListenerBeyondTheStreamLimit (44549 ns)
    TCS: Http2ServerConnectionTest, time elapsed: 297714013 ns, RESULT:
    [ PASSED ] CASE: explicitAbortWakesBlockedRequestBodyAndConverges (1738753 ns)
    [ PASSED ] CASE: readerEofWakesBlockedRequestBodyWithoutInventingEof (1590725 ns)
    [ PASSED ] CASE: serveCancellationUsesTheSameContextForHandlerBodyAndWriter (2623553 ns)
    [ PASSED ] CASE: serveDeadlineWakesBlockedRequestBodyAndAllOwnedTasksConverge (254365777 ns)
    [ PASSED ] CASE: flowBackpressureStopsOnServeCancellationAndClosesResponsePlan (26085691 ns)
    [ PASSED ] CASE: initialHeadersWriteFailureStillClosesUnopenedResponsePlan (2624383 ns)
    [ PASSED ] CASE: completedResponseUnregistersReaderListenerBeforeNextStream (2454439 ns)
    [ PASSED ] CASE: handlerFailureResetsStreamWithoutPublishingItsMessage (4612972 ns)
    TCS: Http2ServerMappingTest, time elapsed: 8307115 ns, RESULT:
    [ PASSED ] CASE: requestHeadMapsPseudoFieldsHostAndContentLength (102612 ns)
    [ PASSED ] CASE: connectAndOptionsTargetsAreMappedStrictly (138375 ns)
    [ PASSED ] CASE: requestRejectsPseudoOrderCaseConnectionAndAuthorityAmbiguity (181675 ns)
    [ PASSED ] CASE: paddedDataReturnsAllFlowCreditAndPublishesTrailers (162654 ns)
    [ PASSED ] CASE: requestQueueIsBoundedBeforeFlowAccountingMutates (90120 ns)
    [ PASSED ] CASE: terminalLengthMismatchDoesNotConsumeFlowWindow (107771 ns)
    [ PASSED ] CASE: responseHeadersBodyFlowAndTrailersMapInOrder (471300 ns)
    [ PASSED ] CASE: streamingResponseMayExceedTheConfiguredRequestBodyBound (889494 ns)
    [ PASSED ] CASE: responseRulesCloseBodiesOnEveryTerminalOrFailurePath (137128 ns)
    [ PASSED ] CASE: handlerRunsOnceAndReleasesRequestOwnership (164990 ns)
    [ PASSED ] CASE: handlerFailureFutureDoesNotRetainArbitraryApplicationMessage (3564049 ns)
    [ PASSED ] CASE: readerTerminationWakesBlockedRequestBodyWithConnectionScope (135506 ns)
    [ PASSED ] CASE: streamResetAndReaderTerminationRetainDistinctFailureScopes (175546 ns)
    [ PASSED ] CASE: originalRequestContextWinsOverRetainedConnectionTermination (109409 ns)
    TCS: Http2SettingsTest, time elapsed: 1205422 ns, RESULT:
    [ PASSED ] CASE: codecPreservesKnownUnknownAndRepeatedSettingsInOrder (35827 ns)
    [ PASSED ] CASE: peerBatchAppliesAtomicallyAndReturnsAckAndWindowDelta (28674 ns)
    [ PASSED ] CASE: invalidPeerBatchLeavesEffectiveStateUnchanged (34614 ns)
    [ PASSED ] CASE: localBatchesAreAcknowledgedInFifoOrder (30208 ns)
    [ PASSED ] CASE: unexpectedAckAndPendingBatchOverflowFailClosed (21718 ns)
    [ PASSED ] CASE: advertisedResourceValuesAreCappedByLocalPolicy (19215 ns)
    [ PASSED ] CASE: settingsFrameLengthAndAckPayloadAreRejectedByFrameLayer (34034 ns)
    [ PASSED ] CASE: peerDefaultsAreRfcValuesCappedSeparatelyFromLocalAdvertisement (23903 ns)
    [ PASSED ] CASE: serverEnablePushSettingIsRejectedInBothDirections (33700 ns)
    TCS: Http2StreamLifecycleTest, time elapsed: 2745983 ns, RESULT:
    [ PASSED ] CASE: bothEndStreamOrdersReachClosedExactlyOnce (16170 ns)
    [ PASSED ] CASE: initialEndStreamHalfClosesTheInitiatingSide (15654 ns)
    [ PASSED ] CASE: clientAndServerAllocateCorrectMonotonicParity (21518 ns)
    [ PASSED ] CASE: peerParityReuseAndDecreasingIdsFailConnection (53030 ns)
    [ PASSED ] CASE: localAndPeerConcurrencyLimitsAreIndependentAndCapacityReturns (65309 ns)
    [ PASSED ] CASE: invalidHalfClosedDirectionsAndUnknownStreamsFailClosed (72038 ns)
    [ PASSED ] CASE: readerTerminationClosesAndUnregistersEveryActiveStream (70663 ns)
    [ PASSED ] CASE: racingAdmissionNeverExceedsConfiguredBoundOrDuplicatesIds (578216 ns)
    [ PASSED ] CASE: racingEndDirectionsCompleteAndCleanupExactlyOnce (829246 ns)
    TCS: Http2StreamResetManagerTest, time elapsed: 2278801 ns, RESULT:
    [ PASSED ] CASE: rstCodecPreservesKnownAndExtensionCodes (58690 ns)
    [ PASSED ] CASE: localCancelQueuesResetAndReleasesOnlyItsStream (65338 ns)
    [ PASSED ] CASE: peerResetCancelsQueuedDataPermitsAndWakesOwnerOnce (63941 ns)
    [ PASSED ] CASE: resetWakesBlockedServerBodyWithoutClosingConnection (84963 ns)
    [ PASSED ] CASE: racingLocalAndPeerResetCompletesEveryStreamExactlyOnce (1201086 ns)
    [ PASSED ] CASE: queuePressureIsAtomicAndCleanupCreditStaysBoundedForRetry (98922 ns)
    TCS: Http2WriteSchedulerTest, time elapsed: 3501035 ns, RESULT:
    [ PASSED ] CASE: controlPrecedesDataAndPartialWritesDrainGracefully (110989 ns)
    [ PASSED ] CASE: controlBurstIsBoundedAndDataStreamsRotateFairly (482936 ns)
    [ PASSED ] CASE: queueCountAndBytesAreHardAndCancellationReleasesCapacity (89489 ns)
    [ PASSED ] CASE: concurrentProducersStillUseExactlyOneWriter (794775 ns)
    [ PASSED ] CASE: abortInterruptsActiveWriteAndFailsEveryTicket (90698 ns)
    [ PASSED ] CASE: transportFailureFansOutAndTicketWaitHonorsCancellation (86833 ns)
    [ PASSED ] CASE: reservedDataConsumesFlowOnlyWhenTheWriterClaimsIt (41400 ns)
    [ PASSED ] CASE: serverDataEventTransfersItsPermitBeforeWriterClaim (48204 ns)
    [ PASSED ] CASE: cancellingQueuedReservedDataReturnsAllFlowCapacity (40309 ns)
    [ PASSED ] CASE: concurrentHeaderBatchesStayContiguousOnTheWire (486738 ns)
Summary: TOTAL: 168
    PASSED: 168, SKIPPED: 0, ERROR: 0
    FAILED: 0
--------------------------------------------------------------------------------------------------
TP: wirestack.internal.transport_stdnet, time elapsed: 231230135 ns, RESULT:
    TCS: StdNetTransportListenerTest, time elapsed: 91461067 ns, RESULT:
    [ PASSED ] CASE: listenerRejectsOutOfRangeBacklogBeforeBinding (241256 ns)
    [ PASSED ] CASE: listenerPreCancelledAndExpiredAcceptsFailFast (153969 ns)
    [ PASSED ] CASE: listenerDeadlineBoundsBlockedAcceptAndListenerRemainsUsable (38914735 ns)
    [ PASSED ] CASE: listenerCancellationWakesActiveAcceptAndListenerRemainsUsable (40177250 ns)
    [ PASSED ] CASE: listenerCloseWakesActiveAcceptWithStructuredErrorAndIsIdempotent (10874424 ns)
    TCS: M123TransportDiagnosticsTest, time elapsed: 707344 ns, RESULT:
    [ PASSED ] CASE: stdNetReportsRuntimeEndpointsAndCapabilitiesWithoutGuessingIoBackend (265056 ns)
    [ PASSED ] CASE: deterministicTransportUsesTheSameProviderNeutralContract (56339 ns)
    TCS: M127BackgroundFastPathTest, time elapsed: 34304622 ns, RESULT:
    [ PASSED ] CASE: backgroundAndObservedPathsTransferEquivalentData (246353 ns)
    [ PASSED ] CASE: backgroundPeerCloseRemainsEof (145234 ns)
    [ PASSED ] CASE: backgroundLocalCloseRaceRemainsClosed (1178001 ns)
    [ PASSED ] CASE: backgroundStillRejectsConcurrentReaders (1220759 ns)
    [ PASSED ] CASE: cancellableAndDeadlineContextsRetainGenericChecks (201994 ns)
    [ PASSED ] CASE: deadlineTimeoutIsClearedBeforeBackgroundRead (30386490 ns)
    TCS: Net06CancellationGateTest, time elapsed: 5276611 ns, RESULT:
    [ PASSED ] CASE: cancelledReadsReleaseSocketsWaitersAndTasks (5014332 ns)
    TCS: StdNetTransportTest, time elapsed: 96707798 ns, RESULT:
    [ PASSED ] CASE: activityWaitsObserveAdmissionTerminalAndTimeoutWithoutChangingLifecycle (21337110 ns)
    [ PASSED ] CASE: activityWaitersWakeWhenTransportBecomesTerminal (256215 ns)
    [ PASSED ] CASE: writeTimeoutIsNeverRetryableWithoutZeroCommitProof (24795 ns)
    [ PASSED ] CASE: writeSomeIsPartialAndReusesBoundedConnectionStaging (295721 ns)
    [ PASSED ] CASE: wholeArrayReadAndWriteBypassStagingForATypicalTlsRecord (3939350 ns)
    [ PASSED ] CASE: subrangesRetainBoundedStagingAndCopyAccounting (231989 ns)
    [ PASSED ] CASE: connectsByResolvedIpAndTransfersBothDirections (243645 ns)
    [ PASSED ] CASE: emptyOperationsAreImmediate (163289 ns)
    [ PASSED ] CASE: unsupportedHalfClosePreservesBothDirections (332048 ns)
    [ PASSED ] CASE: cancellationWakesBlockedReadAndIsNeverReportedAsEof (1225458 ns)
    [ PASSED ] CASE: listenerCloseWakesBlockedAcceptAsClosed (1066661 ns)
    [ PASSED ] CASE: cancellingOneAcceptLeavesListenerReusable (29189447 ns)
    [ PASSED ] CASE: preCancelledConnectDoesNotCreateASocket (40633 ns)
    [ PASSED ] CASE: peerGracefulCloseIsReportedAsEof (162204 ns)
    [ PASSED ] CASE: deadlineBoundsBlockedReadWithoutClosingConnection (30329574 ns)
    [ PASSED ] CASE: localCloseMapsBlockedReadWithStableEvidence (1259368 ns)
    [ PASSED ] CASE: explicitAbortWakesBlockedReadWithStableEvidence (1211719 ns)
    [ PASSED ] CASE: firstCloseOrAbortKeepsItsPeerVisibleTerminalResult (326360 ns)
    [ PASSED ] CASE: unknownConnectFailureMapsWithoutMessageOrNativeCode (130269 ns)
    [ PASSED ] CASE: concurrentReadsFailWithoutDisturbingTheActiveRead (1248225 ns)
    [ PASSED ] CASE: happyEyeballsComposesWithTheDefaultStdNetFactory (336532 ns)
Summary: TOTAL: 52
    PASSED: 35, SKIPPED: 17, ERROR: 0
    FAILED: 0
--------------------------------------------------------------------------------------------------
TP: wirestack.internal.common, time elapsed: 3055986 ns, RESULT:
    TCS: EndpointTest, time elapsed: 1999137 ns, RESULT:
    [ PASSED ] CASE: acceptsTypedIpv4AndIpv6WithoutDns (293624 ns)
    [ PASSED ] CASE: addressOwnsAnImmutableOctetSnapshot (25402 ns)
    [ PASSED ] CASE: rejectsWrongLengthsAndIpv4Zones (58587 ns)
    [ PASSED ] CASE: ipv6ZoneAndPortBoundariesRemainTypedIdentity (24797 ns)
    [ PASSED ] CASE: rejectsEmptyAndOversizedIpv6Zones (35876 ns)
    TCS: HostNameTest, time elapsed: 948182 ns, RESULT:
    [ PASSED ] CASE: canonicalizesAsciiCaseAndOneRootDot (48404 ns)
    [ PASSED ] CASE: rejectsAmbiguousOrInvalidDnsNames (138159 ns)
    [ PASSED ] CASE: acceptsAsciiALabelAndExactDnsLengthBoundaries (86753 ns)
    [ PASSED ] CASE: rejectsOneByteBeyondLabelAndHostLimits (40071 ns)
Summary: TOTAL: 9
    PASSED: 9, SKIPPED: 0, ERROR: 0
    FAILED: 0
--------------------------------------------------------------------------------------------------
TP: wirestack.net, time elapsed: 97305939 ns, RESULT:
    TCS: NetworkSocketExecutionTest, time elapsed: 92506694 ns, RESULT:
    [ PASSED ] CASE: tcpLoopbackPreservesPartialAndExactHelpers (8084169 ns)
    [ PASSED ] CASE: cancellationStopsOnlyTheAffectedOperation (40531789 ns)
    [ PASSED ] CASE: closeWakesReadAndSameDirectionOperationsAreExclusive (41498699 ns)
    [ PASSED ] CASE: udpLoopbackPreservesAtomicityAndReportsTruncation (198360 ns)
    [ PASSED ] CASE: datagramBoundsRejectOversizedMessages (846478 ns)
    TCS: UnixAndRawCapabilityTest, time elapsed: 865863 ns, RESULT:
    [ PASSED ] CASE: abstractUnixStreamUsesByteAddressWithoutUtf8Assumption (196341 ns)
    [ PASSED ] CASE: abstractUnixDatagramPreservesMessageBoundary (144459 ns)
    [ PASSED ] CASE: unsupportedRawDomainsFailClosed (61563 ns)
    TCS: DnsWireFoundationTest, time elapsed: 2763577 ns, RESULT:
    [ PASSED ] CASE: parsesQuestionsAnswersAndCompressedNames (68585 ns)
    [ PASSED ] CASE: compressionLoopsAreRejected (29010 ns)
    [ PASSED ] CASE: malformedRecordLengthIsRejected (33820 ns)
    [ PASSED ] CASE: resolverUsesBoundedHostsSearchAndIpv6Entries (362006 ns)
    [ PASSED ] CASE: dnsResponseCodeMapsNxDomainToNameNotFound (30653 ns)
    [ PASSED ] CASE: truncatedUdpResponseFallsBackToTcp (1318773 ns)
    TCS: NetworkFoundationContractTest, time elapsed: 884655 ns, RESULT:
    [ PASSED ] CASE: unixEndpointFormsAreDistinctAndOwned (18238 ns)
    [ PASSED ] CASE: unixEndpointRejectsUnboundedNames (30785 ns)
    [ PASSED ] CASE: rawSocketExclusionsFailClosed (25315 ns)
    [ PASSED ] CASE: dnsParserAcceptsResponseHeaderAndRejectsQueries (31340 ns)
    [ PASSED ] CASE: cancelledConnectFailsBeforeSocketCreation (54807 ns)
Summary: TOTAL: 19
    PASSED: 19, SKIPPED: 0, ERROR: 0
    FAILED: 0
--------------------------------------------------------------------------------------------------
Project tests finished, time elapsed: 38516945393 ns, RESULT:
TP: wirestack.*, time elapsed: 38516888340 ns, RESULT:
    PASSED:
    TP: wirestack.internal.platform.linux, time elapsed: 14070708 ns
    TP: wirestack.internal.common, time elapsed: 3055986 ns
    TP: wirestack.internal.transport, time elapsed: 191592480 ns
    TP: wirestack.internal.trust, time elapsed: 56858390 ns
    TP: wirestack.internal.http2, time elapsed: 3271281269 ns
    TP: wirestack.internal.resolver, time elapsed: 50875559 ns
    TP: wirestack.internal.tls_engine, time elapsed: 25707707511 ns
    TP: wirestack.internal.connector, time elapsed: 13423219 ns
    TP: wirestack.tls, time elapsed: 111924606 ns
    TP: wirestack.internal.http1, time elapsed: 1590171646 ns
    TP: wirestack.internal.transport_stdnet, time elapsed: 231230135 ns
    TP: wirestack.http, time elapsed: 7027354267 ns
    TP: wirestack.net, time elapsed: 97305939 ns
Summary: TOTAL: 680
    PASSED: 657, SKIPPED: 23, ERROR: 0
    FAILED: 0
--------------------------------------------------------------------------------------------------
cjpm test success
--- stderr ---
test_artifact_marker_rejects_unresolved_shell_variable_operand (test_architecture_guard.ArchitectureGuardTests.test_artifact_marker_rejects_unresolved_shell_variable_operand) ... ok
test_assigned_digest_callable_cannot_hide_text_path_domain (test_architecture_guard.ArchitectureGuardTests.test_assigned_digest_callable_cannot_hide_text_path_domain) ... ok
test_assigned_subprocess_and_os_system_commands_are_rejected (test_architecture_guard.ArchitectureGuardTests.test_assigned_subprocess_and_os_system_commands_are_rejected) ... ok
test_assigned_text_path_rejects_artifact_byte_digest (test_architecture_guard.ArchitectureGuardTests.test_assigned_text_path_rejects_artifact_byte_digest) ... ok
test_build_configuration_rejects_openssl_loader_and_tls_ffi (test_architecture_guard.ArchitectureGuardTests.test_build_configuration_rejects_openssl_loader_and_tls_ffi) ... ok
test_build_configuration_rejects_system_openssl (test_architecture_guard.ArchitectureGuardTests.test_build_configuration_rejects_system_openssl) ... ok
test_cksum_sha256_routes_are_rejected (test_architecture_guard.ArchitectureGuardTests.test_cksum_sha256_routes_are_rejected) ... ok
test_composite_action_digest_is_scanned (test_architecture_guard.ArchitectureGuardTests.test_composite_action_digest_is_scanned) ... ok
test_composite_folded_command_and_helper_are_scanned (test_architecture_guard.ArchitectureGuardTests.test_composite_folded_command_and_helper_are_scanned) ... ok
test_concrete_provider_is_rejected_from_generic_tls_and_http (test_architecture_guard.ArchitectureGuardTests.test_concrete_provider_is_rejected_from_generic_tls_and_http) ... ok
test_config_scan_covers_nested_build_files (test_architecture_guard.ArchitectureGuardTests.test_config_scan_covers_nested_build_files) ... ok
test_fully_qualified_std_net_type_in_public_api_is_rejected (test_architecture_guard.ArchitectureGuardTests.test_fully_qualified_std_net_type_in_public_api_is_rejected) ... ok
test_generated_and_build_directories_are_ignored (test_architecture_guard.ArchitectureGuardTests.test_generated_and_build_directories_are_ignored) ... ok
test_internal_names_in_comments_and_literals_do_not_trigger (test_architecture_guard.ArchitectureGuardTests.test_internal_names_in_comments_and_literals_do_not_trigger) ... ok
test_invalid_utf8_helper_fails_closed (test_architecture_guard.ArchitectureGuardTests.test_invalid_utf8_helper_fails_closed) ... ok
test_json_mode_has_stable_machine_readable_shape (test_architecture_guard.ArchitectureGuardTests.test_json_mode_has_stable_machine_readable_shape) ... ok
test_keyword_text_path_rejects_artifact_byte_digest (test_architecture_guard.ArchitectureGuardTests.test_keyword_text_path_rejects_artifact_byte_digest) ... ok
test_legacy_global_tls_provider_is_rejected (test_architecture_guard.ArchitectureGuardTests.test_legacy_global_tls_provider_is_rejected) ... ok
test_literal_log_path_is_text_evidence (test_architecture_guard.ArchitectureGuardTests.test_literal_log_path_is_text_evidence) ... ok
test_local_digest_wrapper_cannot_hide_text_path_domain (test_architecture_guard.ArchitectureGuardTests.test_local_digest_wrapper_cannot_hide_text_path_domain) ... ok
test_low_level_names_in_public_comments_and_literals_do_not_trigger (test_architecture_guard.ArchitectureGuardTests.test_low_level_names_in_public_comments_and_literals_do_not_trigger) ... ok
test_manifest_cannot_hide_folded_text_operand (test_architecture_guard.ArchitectureGuardTests.test_manifest_cannot_hide_folded_text_operand) ... ok
test_multiple_rules_on_one_config_line_are_all_reported (test_architecture_guard.ArchitectureGuardTests.test_multiple_rules_on_one_config_line_are_all_reported) ... ok
test_native_code_rejects_system_openssl_runtime_loader (test_architecture_guard.ArchitectureGuardTests.test_native_code_rejects_system_openssl_runtime_loader) ... ok
test_non_python_digest_requires_explicit_domain_marker (test_architecture_guard.ArchitectureGuardTests.test_non_python_digest_requires_explicit_domain_marker) ... ok
test_non_python_domain_manifest_matches_exact_command (test_architecture_guard.ArchitectureGuardTests.test_non_python_domain_manifest_matches_exact_command) ... ok
test_non_python_tool_digest_is_scanned (test_architecture_guard.ArchitectureGuardTests.test_non_python_tool_digest_is_scanned) ... ok
test_one_way_public_to_internal_dependency_is_allowed (test_architecture_guard.ArchitectureGuardTests.test_one_way_public_to_internal_dependency_is_allowed) ... ok
test_openssl_and_embedded_python_digest_commands_are_rejected (test_architecture_guard.ArchitectureGuardTests.test_openssl_and_embedded_python_digest_commands_are_rejected) ... ok
test_openssl_shortcut_and_license_operand_are_rejected (test_architecture_guard.ArchitectureGuardTests.test_openssl_shortcut_and_license_operand_are_rejected) ... ok
test_package_must_match_source_path (test_architecture_guard.ArchitectureGuardTests.test_package_must_match_source_path) ... ok
test_pinned_static_provider_archive_is_allowed (test_architecture_guard.ArchitectureGuardTests.test_pinned_static_provider_archive_is_allowed) ... ok
test_powershell_sha256_api_is_rejected (test_architecture_guard.ArchitectureGuardTests.test_powershell_sha256_api_is_rejected) ... ok
test_private_runtime_and_legacy_stack_are_rejected (test_architecture_guard.ArchitectureGuardTests.test_private_runtime_and_legacy_stack_are_rejected) ... ok
test_public_alias_to_internal_import_is_rejected (test_architecture_guard.ArchitectureGuardTests.test_public_alias_to_internal_import_is_rejected) ... ok
test_public_alias_to_public_owner_is_allowed (test_architecture_guard.ArchitectureGuardTests.test_public_alias_to_public_owner_is_allowed) ... ok
test_public_header_with_internal_import_is_rejected (test_architecture_guard.ArchitectureGuardTests.test_public_header_with_internal_import_is_rejected) ... ok
test_public_internal_dependency_cycle_is_rejected_deterministically (test_architecture_guard.ArchitectureGuardTests.test_public_internal_dependency_cycle_is_rejected_deterministically) ... ok
test_public_member_of_private_class_is_not_exported (test_architecture_guard.ArchitectureGuardTests.test_public_member_of_private_class_is_not_exported) ... ok
test_public_member_of_public_class_with_internal_type_is_rejected (test_architecture_guard.ArchitectureGuardTests.test_public_member_of_public_class_with_internal_type_is_rejected) ... ok
test_python_digest_alias_and_raw_subprocess_are_rejected (test_architecture_guard.ArchitectureGuardTests.test_python_digest_alias_and_raw_subprocess_are_rejected) ... ok
test_repository_evidence_rejects_untyped_digest_comparison (test_architecture_guard.ArchitectureGuardTests.test_repository_evidence_rejects_untyped_digest_comparison) ... ok
test_repository_rejects_alternate_hashlib_constructor_import (test_architecture_guard.ArchitectureGuardTests.test_repository_rejects_alternate_hashlib_constructor_import) ... ok
test_repository_rejects_ambiguous_digest_helper (test_architecture_guard.ArchitectureGuardTests.test_repository_rejects_ambiguous_digest_helper) ... ok
test_repository_rejects_compare_digest_on_bare_digest_field (test_architecture_guard.ArchitectureGuardTests.test_repository_rejects_compare_digest_on_bare_digest_field) ... ok
test_repository_rejects_direct_sha256_import (test_architecture_guard.ArchitectureGuardTests.test_repository_rejects_direct_sha256_import) ... ok
test_repository_rejects_named_digest_field_comparison (test_architecture_guard.ArchitectureGuardTests.test_repository_rejects_named_digest_field_comparison) ... ok
test_repository_rejects_raw_hashlib_digest_outside_control_plane (test_architecture_guard.ArchitectureGuardTests.test_repository_rejects_raw_hashlib_digest_outside_control_plane) ... ok
test_repository_traces_assigned_digest_field_into_comparison (test_architecture_guard.ArchitectureGuardTests.test_repository_traces_assigned_digest_field_into_comparison) ... ok
test_root_build_rejects_provider_specific_paths (test_architecture_guard.ArchitectureGuardTests.test_root_build_rejects_provider_specific_paths) ... ok
test_scripts_python_is_scanned_for_digest_violations (test_architecture_guard.ArchitectureGuardTests.test_scripts_python_is_scanned_for_digest_violations) ... ok
test_source_comments_and_literals_do_not_trigger (test_architecture_guard.ArchitectureGuardTests.test_source_comments_and_literals_do_not_trigger) ... ok
test_std_net_import_outside_adapter_is_rejected (test_architecture_guard.ArchitectureGuardTests.test_std_net_import_outside_adapter_is_rejected) ... ok
test_test_provider_is_rejected_from_production_source (test_architecture_guard.ArchitectureGuardTests.test_test_provider_is_rejected_from_production_source) ... ok
test_text_domain_marker_cannot_approve_raw_digest_command (test_architecture_guard.ArchitectureGuardTests.test_text_domain_marker_cannot_approve_raw_digest_command) ... ok
test_text_evidence_rejects_artifact_digest_and_utf8_fallback (test_architecture_guard.ArchitectureGuardTests.test_text_evidence_rejects_artifact_digest_and_utf8_fallback) ... ok
test_text_path_rejects_artifact_byte_entry_outside_control_plane (test_architecture_guard.ArchitectureGuardTests.test_text_path_rejects_artifact_byte_entry_outside_control_plane) ... ok
test_unqualified_low_level_and_native_types_in_public_api_are_rejected (test_architecture_guard.ArchitectureGuardTests.test_unqualified_low_level_and_native_types_in_public_api_are_rejected) ... ok
test_valid_packages_and_allowed_std_net_adapter_pass (test_architecture_guard.ArchitectureGuardTests.test_valid_packages_and_allowed_std_net_adapter_pass) ... ok
test_fails_closed_when_live_leases_fill_capacity (test_build_apple_resolver.BuildAppleResolverCacheTests.test_fails_closed_when_live_leases_fill_capacity) ... ok
test_never_evicts_an_active_cjpm_lease (test_build_apple_resolver.BuildAppleResolverCacheTests.test_never_evicts_an_active_cjpm_lease) ... ok
test_rejects_malformed_lease_without_deleting_its_entry (test_build_apple_resolver.BuildAppleResolverCacheTests.test_rejects_malformed_lease_without_deleting_its_entry) ... ok
test_removes_stale_leases_before_pruning (test_build_apple_resolver.BuildAppleResolverCacheTests.test_removes_stale_leases_before_pruning) ... ok
test_darwin_resolver_selection_uses_the_cjpm_target_path (test_build_resolver.BuildResolverSelectionTests.test_darwin_resolver_selection_uses_the_cjpm_target_path) ... ok
test_native_dependency_plan_does_not_build_linux_tls_on_windows (test_build_resolver.BuildResolverSelectionTests.test_native_dependency_plan_does_not_build_linux_tls_on_windows) ... ok
test_normalizes_only_implemented_platforms (test_build_resolver.BuildResolverSelectionTests.test_normalizes_only_implemented_platforms) ... ok
test_windows_source_digest_is_line_ending_stable_and_content_bound (test_build_resolver.BuildResolverSelectionTests.test_windows_source_digest_is_line_ending_stable_and_content_bound) ... ok
test_atomic_json (test_codex_fleet.FleetTests.test_atomic_json) ... ok
test_blocked_excluded (test_codex_fleet.FleetTests.test_blocked_excluded) ... ok
test_prompt_boundaries (test_codex_fleet.FleetTests.test_prompt_boundaries) ... ok
test_range_expansion (test_codex_fleet.FleetTests.test_range_expansion) ... ok
test_ready_wave (test_codex_fleet.FleetTests.test_ready_wave) ... ok
test_rejects_missing_duplicate_and_non_https_assets (test_download_cangjie_nightly.DownloadCangjieNightlyTests.test_rejects_missing_duplicate_and_non_https_assets) ... ok
test_resolves_one_exact_official_asset_name (test_download_cangjie_nightly.DownloadCangjieNightlyTests.test_resolves_one_exact_official_asset_name) ... ok
test_accepted_adr_defines_the_sdk_trigger (test_linux_profile_scope.LinuxProfileScopeTests.test_accepted_adr_defines_the_sdk_trigger) ... ok
test_active_backlog_uses_glibc_and_future_task_owns_musl (test_linux_profile_scope.LinuxProfileScopeTests.test_active_backlog_uses_glibc_and_future_task_owns_musl) ... ok
test_linux_status_closes_glibc_tasks_without_claiming_musl (test_linux_profile_scope.LinuxProfileScopeTests.test_linux_status_closes_glibc_tasks_without_claiming_musl) ... ok
test_prd_defers_musl_and_requires_glibc (test_linux_profile_scope.LinuxProfileScopeTests.test_prd_defers_musl_and_requires_glibc) ... ok
test_build_is_content_addressed_and_cache_is_revalidated (test_linux_resolver_build.LinuxResolverBuildTests.test_build_is_content_addressed_and_cache_is_revalidated) ... ok
test_cached_manifest_requires_matching_fingerprint (test_linux_resolver_build.LinuxResolverBuildTests.test_cached_manifest_requires_matching_fingerprint) ... ok
test_fingerprint_covers_source_header_and_target (test_linux_resolver_build.LinuxResolverBuildTests.test_fingerprint_covers_source_header_and_target) ... ok
test_build_fingerprint_covers_shim_and_target (test_linux_tls_provider_build.LinuxTlsProviderBuildTests.test_build_fingerprint_covers_shim_and_target) ... ok
test_cached_archive_digest_is_revalidated (test_linux_tls_provider_build.LinuxTlsProviderBuildTests.test_cached_archive_digest_is_revalidated) ... ok
test_multicall_tool_symlink_name_is_preserved (test_linux_tls_provider_build.LinuxTlsProviderBuildTests.test_multicall_tool_symlink_name_is_preserved) ... ok
test_repository_manifest_is_exactly_pinned (test_linux_tls_provider_build.LinuxTlsProviderBuildTests.test_repository_manifest_is_exactly_pinned) ... ok
test_source_pin_changes_fail_closed (test_linux_tls_provider_build.LinuxTlsProviderBuildTests.test_source_pin_changes_fail_closed) ... ok
test_atomic_report_replaces_old_content_with_valid_json (test_m3_029_linux_tls_facade.M3029LinuxTlsFacadeTest.test_atomic_report_replaces_old_content_with_valid_json) ... ok
test_consumer_manifest_uses_public_dependency_without_internal_packages (test_m3_029_linux_tls_facade.M3029LinuxTlsFacadeTest.test_consumer_manifest_uses_public_dependency_without_internal_packages) ... ok
test_fixture_package_rewrite_is_exactly_one_source_declaration (test_m3_029_linux_tls_facade.M3029LinuxTlsFacadeTest.test_fixture_package_rewrite_is_exactly_one_source_declaration) ... ok
test_platform_gate_fails_closed (test_m3_029_linux_tls_facade.M3029LinuxTlsFacadeTest.test_platform_gate_fails_closed) ... ok
test_smoke_output_requires_both_real_and_public_markers (test_m3_029_linux_tls_facade.M3029LinuxTlsFacadeTest.test_smoke_output_requires_both_real_and_public_markers) ... ok
test_cangjie_ffi_parameter_and_return_drift_fail_closed (test_m3_030_tls_provider_architecture.M3030TlsProviderArchitectureTests.test_cangjie_ffi_parameter_and_return_drift_fail_closed) ... ok
test_contract_covers_every_production_tls_import (test_m3_030_tls_provider_architecture.M3030TlsProviderArchitectureTests.test_contract_covers_every_production_tls_import) ... ok
test_default_selection_is_exact_linux_aws_lc (test_m3_030_tls_provider_architecture.M3030TlsProviderArchitectureTests.test_default_selection_is_exact_linux_aws_lc) ... ok
test_disallowed_platform_provider_pair_fails_closed (test_m3_030_tls_provider_architecture.M3030TlsProviderArchitectureTests.test_disallowed_platform_provider_pair_fails_closed) ... ok
test_future_adapter_registration_does_not_modify_generic_source (test_m3_030_tls_provider_architecture.M3030TlsProviderArchitectureTests.test_future_adapter_registration_does_not_modify_generic_source) ... ok
test_manifest_identity_version_source_and_abi_mismatches_fail (test_m3_030_tls_provider_architecture.M3030TlsProviderArchitectureTests.test_manifest_identity_version_source_and_abi_mismatches_fail) ... ok
test_missing_abi_function_and_false_capability_are_rejected (test_m3_030_tls_provider_architecture.M3030TlsProviderArchitectureTests.test_missing_abi_function_and_false_capability_are_rejected) ... ok
test_missing_manifest_and_path_escape_are_rejected (test_m3_030_tls_provider_architecture.M3030TlsProviderArchitectureTests.test_missing_manifest_and_path_escape_are_rejected) ... ok
test_native_header_parameter_and_return_drift_fail_closed (test_m3_030_tls_provider_architecture.M3030TlsProviderArchitectureTests.test_native_header_parameter_and_return_drift_fail_closed) ... ok
test_signature_schema_and_calling_convention_fail_closed (test_m3_030_tls_provider_architecture.M3030TlsProviderArchitectureTests.test_signature_schema_and_calling_convention_fail_closed) ... ok
test_task_manifest_contains_no_long_gate (test_m3_030_tls_provider_architecture.M3030TlsProviderArchitectureTests.test_task_manifest_contains_no_long_gate) ... ok
test_unknown_platform_fails_without_fallback (test_m3_030_tls_provider_architecture.M3030TlsProviderArchitectureTests.test_unknown_platform_fails_without_fallback) ... ok
test_unknown_provider_on_known_platform_fails_without_fallback (test_m3_030_tls_provider_architecture.M3030TlsProviderArchitectureTests.test_unknown_provider_on_known_platform_fails_without_fallback) ... ok
test_unknown_schema_and_field_are_rejected (test_m3_030_tls_provider_architecture.M3030TlsProviderArchitectureTests.test_unknown_schema_and_field_are_rejected) ... ok
test_atomic_report_replacement_preserves_old_file_on_failure (test_m3_031_desktop_tls_adoption.M3031DesktopTlsAdoptionTests.test_atomic_report_replacement_preserves_old_file_on_failure) ... ok
test_dependency_evidence_json_preserves_exact_artifact_bytes (test_m3_031_desktop_tls_adoption.M3031DesktopTlsAdoptionTests.test_dependency_evidence_json_preserves_exact_artifact_bytes) ... ok
test_dependency_evidence_rejects_source_and_native_report_drift (test_m3_031_desktop_tls_adoption.M3031DesktopTlsAdoptionTests.test_dependency_evidence_rejects_source_and_native_report_drift) ... ok
test_desktop_acceptance_column_cannot_be_weakened (test_m3_031_desktop_tls_adoption.M3031DesktopTlsAdoptionTests.test_desktop_acceptance_column_cannot_be_weakened) ... ok
test_exact_native_desktop_results_pass (test_m3_031_desktop_tls_adoption.M3031DesktopTlsAdoptionTests.test_exact_native_desktop_results_pass) ... ok
test_failed_poc_wrong_runner_and_source_identity_are_rejected (test_m3_031_desktop_tls_adoption.M3031DesktopTlsAdoptionTests.test_failed_poc_wrong_runner_and_source_identity_are_rejected) ... ok
test_hosted_run_is_bound_to_current_provider_inputs (test_m3_031_desktop_tls_adoption.M3031DesktopTlsAdoptionTests.test_hosted_run_is_bound_to_current_provider_inputs) ... ok
test_missing_core_declaration_fails_closed (test_m3_031_desktop_tls_adoption.M3031DesktopTlsAdoptionTests.test_missing_core_declaration_fails_closed) ... ok
test_partial_skipped_and_unknown_schema_never_pass (test_m3_031_desktop_tls_adoption.M3031DesktopTlsAdoptionTests.test_partial_skipped_and_unknown_schema_never_pass) ... ok
test_provider_license_bundle_is_retained_and_digest_bound (test_m3_031_desktop_tls_adoption.M3031DesktopTlsAdoptionTests.test_provider_license_bundle_is_retained_and_digest_bound) ... ok
test_provider_manifest_cannot_move_the_approved_pin (test_m3_031_desktop_tls_adoption.M3031DesktopTlsAdoptionTests.test_provider_manifest_cannot_move_the_approved_pin) ... ok
test_repository_core_audit_rejects_legacy_dependency_evidence (test_m3_031_desktop_tls_adoption.M3031DesktopTlsAdoptionTests.test_repository_core_audit_rejects_legacy_dependency_evidence) ... ok
test_repository_text_digest_is_checkout_line_ending_stable (test_m3_031_desktop_tls_adoption.M3031DesktopTlsAdoptionTests.test_repository_text_digest_is_checkout_line_ending_stable) ... ok
test_retained_report_and_tls_source_drift_fail_closed (test_m3_031_desktop_tls_adoption.M3031DesktopTlsAdoptionTests.test_retained_report_and_tls_source_drift_fail_closed) ... ok
test_retained_windows_provider_license_digest_is_stale (test_m3_031_desktop_tls_adoption.M3031DesktopTlsAdoptionTests.test_retained_windows_provider_license_digest_is_stale) ... ok
test_stale_revision_is_rejected (test_m3_031_desktop_tls_adoption.M3031DesktopTlsAdoptionTests.test_stale_revision_is_rejected) ... ok
test_validate_provider_honors_selected_root (test_m3_031_desktop_tls_adoption.M3031DesktopTlsAdoptionTests.test_validate_provider_honors_selected_root) ... ok
test_wrong_platform_and_provider_are_rejected (test_m3_031_desktop_tls_adoption.M3031DesktopTlsAdoptionTests.test_wrong_platform_and_provider_are_rejected) ... ok
test_accepts_exact_profile_contract (test_m6_026_http2_concurrent_bodies.M6026GateTest.test_accepts_exact_profile_contract) ... ok
test_accepts_test_runner_stdout_indentation (test_m6_026_http2_concurrent_bodies.M6026GateTest.test_accepts_test_runner_stdout_indentation) ... ok
test_atomic_report_preserves_old_target_on_replace_failure (test_m6_026_http2_concurrent_bodies.M6026GateTest.test_atomic_report_preserves_old_target_on_replace_failure) ... ok
test_atomic_report_replaces_target (test_m6_026_http2_concurrent_bodies.M6026GateTest.test_atomic_report_replaces_target) ... ok
test_rejects_missing_or_duplicate_result_marker (test_m6_026_http2_concurrent_bodies.M6026GateTest.test_rejects_missing_or_duplicate_result_marker) ... ok
test_rejects_short_or_failed_profile (test_m6_026_http2_concurrent_bodies.M6026GateTest.test_rejects_short_or_failed_profile) ... ok
test_rejects_skipped_target_masquerading_as_pass (test_m6_026_http2_concurrent_bodies.M6026GateTest.test_rejects_skipped_target_masquerading_as_pass) ... ok
test_source_digests_resolve_paths_from_repository_root (test_m6_026_http2_concurrent_bodies.M6026GateTest.test_source_digests_resolve_paths_from_repository_root) ... ok
test_blocker_list_must_match_gaps (test_m7_019_linux_audit.M7019LinuxAuditTest.test_blocker_list_must_match_gaps) ... ok
test_canonical_audit_passes (test_m7_019_linux_audit.M7019LinuxAuditTest.test_canonical_audit_passes) ... ok
test_missing_requirement_fails (test_m7_019_linux_audit.M7019LinuxAuditTest.test_missing_requirement_fails) ... ok
test_mobile_only_criterion_cannot_pass (test_m7_019_linux_audit.M7019LinuxAuditTest.test_mobile_only_criterion_cannot_pass) ... ok
test_required_gap_cannot_be_weakened (test_m7_019_linux_audit.M7019LinuxAuditTest.test_required_gap_cannot_be_weakened) ... ok
test_strict_validation_rejects_stale_current_source (test_m7_019_linux_audit.M7019LinuxAuditTest.test_strict_validation_rejects_stale_current_source) ... ok
test_structural_evidence_path_must_remain_relative (test_m7_019_linux_audit.M7019LinuxAuditTest.test_structural_evidence_path_must_remain_relative) ... ok
test_structural_mode_allows_missing_historical_evidence (test_m7_019_linux_audit.M7019LinuxAuditTest.test_structural_mode_allows_missing_historical_evidence) ... ok
test_canonical_audit_passes (test_m7_020_architecture_audit.M7020ArchitectureAuditTest.test_canonical_audit_passes) ... ok
test_missing_check_fails (test_m7_020_architecture_audit.M7020ArchitectureAuditTest.test_missing_check_fails) ... ok
test_pass_cannot_be_weakened (test_m7_020_architecture_audit.M7020ArchitectureAuditTest.test_pass_cannot_be_weakened) ... ok
test_stale_guard_hash_fails (test_m7_020_architecture_audit.M7020ArchitectureAuditTest.test_stale_guard_hash_fails) ... ok
test_std_net_adapter_inventory_schema_is_strict (test_m7_020_architecture_audit.M7020ArchitectureAuditTest.test_std_net_adapter_inventory_schema_is_strict) ... ok
test_strict_validation_rejects_stale_current_source (test_m7_020_architecture_audit.M7020ArchitectureAuditTest.test_strict_validation_rejects_stale_current_source) ... ok
test_structural_inventory_rejects_boolean_counts (test_m7_020_architecture_audit.M7020ArchitectureAuditTest.test_structural_inventory_rejects_boolean_counts) ... ok
test_structural_inventory_rejects_escaping_path (test_m7_020_architecture_audit.M7020ArchitectureAuditTest.test_structural_inventory_rejects_escaping_path) ... ok
test_structural_inventory_rejects_non_text_std_net_entry (test_m7_020_architecture_audit.M7020ArchitectureAuditTest.test_structural_inventory_rejects_non_text_std_net_entry) ... ok
test_structural_inventory_rejects_std_net_outside_adapter (test_m7_020_architecture_audit.M7020ArchitectureAuditTest.test_structural_inventory_rejects_std_net_outside_adapter) ... ok
test_structural_inventory_rejects_zero_counts (test_m7_020_architecture_audit.M7020ArchitectureAuditTest.test_structural_inventory_rejects_zero_counts) ... ok
test_structural_mode_does_not_consult_current_guard_rules (test_m7_020_architecture_audit.M7020ArchitectureAuditTest.test_structural_mode_does_not_consult_current_guard_rules) ... ok
test_archive_is_byte_reproducible_and_has_normalized_metadata (test_m7_021_linux_release.M7021LinuxReleaseTest.test_archive_is_byte_reproducible_and_has_normalized_metadata) ... ok
test_committed_qualification_report_is_structurally_valid (test_m7_021_linux_release.M7021LinuxReleaseTest.test_committed_qualification_report_is_structurally_valid) ... ok
test_consumer_manifest_points_only_at_installed_package (test_m7_021_linux_release.M7021LinuxReleaseTest.test_consumer_manifest_points_only_at_installed_package) ... ok
test_dependency_parsers_return_stable_names_without_addresses (test_m7_021_linux_release.M7021LinuxReleaseTest.test_dependency_parsers_return_stable_names_without_addresses) ... ok
test_main_translates_invalid_text_digest_to_controlled_failure (test_m7_021_linux_release.M7021LinuxReleaseTest.test_main_translates_invalid_text_digest_to_controlled_failure) ... ok
test_openssl_dependency_names_fail_closed (test_m7_021_linux_release.M7021LinuxReleaseTest.test_openssl_dependency_names_fail_closed) ... ok
test_payload_loader_strings_fail_closed (test_m7_021_linux_release.M7021LinuxReleaseTest.test_payload_loader_strings_fail_closed) ... ok
test_production_sources_exclude_every_test_file (test_m7_021_linux_release.M7021LinuxReleaseTest.test_production_sources_exclude_every_test_file) ... ok
test_qualification_inputs_bind_native_manifests_sources_and_build_logic (test_m7_021_linux_release.M7021LinuxReleaseTest.test_qualification_inputs_bind_native_manifests_sources_and_build_logic) ... ok
test_release_metadata_inventory_is_complete (test_m7_021_linux_release.M7021LinuxReleaseTest.test_release_metadata_inventory_is_complete) ... ok
test_safe_extract_rejects_parent_traversal (test_m7_021_linux_release.M7021LinuxReleaseTest.test_safe_extract_rejects_parent_traversal) ... ok
test_smoke_output_requires_https_runtime_and_fingerprint (test_m7_021_linux_release.M7021LinuxReleaseTest.test_smoke_output_requires_https_runtime_and_fingerprint) ... ok
test_strict_validation_rejects_source_drift (test_m7_021_linux_release.M7021LinuxReleaseTest.test_strict_validation_rejects_source_drift) ... ok
test_structural_validation_accepts_frozen_input_keys_but_rejects_escape (test_m7_021_linux_release.M7021LinuxReleaseTest.test_structural_validation_accepts_frozen_input_keys_but_rejects_escape) ... ok
test_text_metadata_digest_is_line_ending_stable_while_payload_digest_is_exact (test_m7_021_linux_release.M7021LinuxReleaseTest.test_text_metadata_digest_is_line_ending_stable_while_payload_digest_is_exact) ... ok
test_artifact_missing_and_digest_drift_fail_before_execution (test_m7_022_linux_release_soak.M7022LinuxReleaseSoakTest.test_artifact_missing_and_digest_drift_fail_before_execution) ... ok
test_atomic_report_replaces_and_preserves_old_target_on_failure (test_m7_022_linux_release_soak.M7022LinuxReleaseSoakTest.test_atomic_report_replaces_and_preserves_old_target_on_failure) ... ok
test_bounded_tail_keeps_only_the_configured_suffix (test_m7_022_linux_release_soak.M7022LinuxReleaseSoakTest.test_bounded_tail_keeps_only_the_configured_suffix) ... ok
test_exact_artifact_digest_is_accepted (test_m7_022_linux_release_soak.M7022LinuxReleaseSoakTest.test_exact_artifact_digest_is_accepted) ... ok
test_exclusive_task_run_rejects_a_second_invocation (test_m7_022_linux_release_soak.M7022LinuxReleaseSoakTest.test_exclusive_task_run_rejects_a_second_invocation) ... ok
test_internal_import_and_package_drift_fail_closed (test_m7_022_linux_release_soak.M7022LinuxReleaseSoakTest.test_internal_import_and_package_drift_fail_closed) ... ok
test_isolated_raw_log_promotes_atomically_and_preserves_old_on_failure (test_m7_022_linux_release_soak.M7022LinuxReleaseSoakTest.test_isolated_raw_log_promotes_atomically_and_preserves_old_on_failure) ... ok
test_lock_failure_does_not_replace_active_run_report (test_m7_022_linux_release_soak.M7022LinuxReleaseSoakTest.test_lock_failure_does_not_replace_active_run_report) ... ok
test_marker_parser_accepts_exact_ordered_samples_and_one_result (test_m7_022_linux_release_soak.M7022LinuxReleaseSoakTest.test_marker_parser_accepts_exact_ordered_samples_and_one_result) ... ok
test_marker_parser_rejects_missing_duplicate_reordered_unknown_and_skipped (test_m7_022_linux_release_soak.M7022LinuxReleaseSoakTest.test_marker_parser_rejects_missing_duplicate_reordered_unknown_and_skipped) ... ok
test_metric_trend_accepts_limit_and_rejects_growth_or_monotonic_count (test_m7_022_linux_release_soak.M7022LinuxReleaseSoakTest.test_metric_trend_accepts_limit_and_rejects_growth_or_monotonic_count) ... ok
test_platform_rejects_other_os_cpu_and_musl (test_m7_022_linux_release_soak.M7022LinuxReleaseSoakTest.test_platform_rejects_other_os_cpu_and_musl) ... ok
test_resource_and_application_trends_fail_closed (test_m7_022_linux_release_soak.M7022LinuxReleaseSoakTest.test_resource_and_application_trends_fail_closed) ... ok
test_terminate_process_group_stops_running_child (test_m7_022_linux_release_soak.M7022LinuxReleaseSoakTest.test_terminate_process_group_stops_running_child) ... ok
test_workload_requires_duration_mix_cancellation_reset_and_terminal_cleanup (test_m7_022_linux_release_soak.M7022LinuxReleaseSoakTest.test_workload_requires_duration_mix_cancellation_reset_and_terminal_cleanup) ... ok
test_artifact_digest_mismatch_fails_closed (test_m7_025_linux_supply_chain.M7025LinuxSupplyChainTest.test_artifact_digest_mismatch_fails_closed) ... ok
test_committed_bundle_is_stale_after_digest_domain_migration (test_m7_025_linux_supply_chain.M7025LinuxSupplyChainTest.test_committed_bundle_is_stale_after_digest_domain_migration) ... ok
test_fingerprint_is_stable_and_dependency_sensitive (test_m7_025_linux_supply_chain.M7025LinuxSupplyChainTest.test_fingerprint_is_stable_and_dependency_sensitive) ... ok
test_generation_is_byte_deterministic (test_m7_025_linux_supply_chain.M7025LinuxSupplyChainTest.test_generation_is_byte_deterministic) ... ok
test_main_translates_invalid_license_text_to_controlled_failure (test_m7_025_linux_supply_chain.M7025LinuxSupplyChainTest.test_main_translates_invalid_license_text_to_controlled_failure) ... ok
test_project_and_resolver_sbom_packages_use_apache_2_0 (test_m7_025_linux_supply_chain.M7025LinuxSupplyChainTest.test_project_and_resolver_sbom_packages_use_apache_2_0) ... ok
test_wrong_project_license_expression_fails_closed (test_m7_025_linux_supply_chain.M7025LinuxSupplyChainTest.test_wrong_project_license_expression_fails_closed) ... ok
test_alias_target_member_change_changes_inventory (test_m7_026_linux_api_freeze.M7026LinuxApiFreezeTest.test_alias_target_member_change_changes_inventory) ... ok
test_body_only_change_is_stable_but_signature_change_is_not (test_m7_026_linux_api_freeze.M7026LinuxApiFreezeTest.test_body_only_change_is_stable_but_signature_change_is_not) ... ok
test_committed_report_is_stale_after_digest_domain_migration (test_m7_026_linux_api_freeze.M7026LinuxApiFreezeTest.test_committed_report_is_stale_after_digest_domain_migration) ... ok
test_inventory_comparison_reports_add_remove_and_change (test_m7_026_linux_api_freeze.M7026LinuxApiFreezeTest.test_inventory_comparison_reports_add_remove_and_change) ... ok
test_openssl_metadata_bool_is_allowed_but_cipher_string_is_not (test_m7_026_linux_api_freeze.M7026LinuxApiFreezeTest.test_openssl_metadata_bool_is_allowed_but_cipher_string_is_not) ... ok
test_package_identity_and_forbidden_types_fail_closed (test_m7_026_linux_api_freeze.M7026LinuxApiFreezeTest.test_package_identity_and_forbidden_types_fail_closed) ... ok
test_atomic_report_preserves_old_file_when_replace_fails (test_m7_027_linux_examples.M7027LinuxExamplesTest.test_atomic_report_preserves_old_file_when_replace_fails) ... ok
test_atomic_report_replaces_old_json (test_m7_027_linux_examples.M7027LinuxExamplesTest.test_atomic_report_replaces_old_json) ... ok
test_checked_in_guide_and_sources_satisfy_static_contract (test_m7_027_linux_examples.M7027LinuxExamplesTest.test_checked_in_guide_and_sources_satisfy_static_contract) ... ok
test_consumer_manifest_uses_only_public_dependency (test_m7_027_linux_examples.M7027LinuxExamplesTest.test_consumer_manifest_uses_only_public_dependency) ... ok
test_guide_missing_topic_and_legacy_recommendation_fail_with_stable_codes (test_m7_027_linux_examples.M7027LinuxExamplesTest.test_guide_missing_topic_and_legacy_recommendation_fail_with_stable_codes) ... ok
test_internal_import_and_inventory_drift_fail_closed (test_m7_027_linux_examples.M7027LinuxExamplesTest.test_internal_import_and_inventory_drift_fail_closed) ... ok
test_marker_validation_rejects_missing_duplicate_reordered_and_skipped (test_m7_027_linux_examples.M7027LinuxExamplesTest.test_marker_validation_rejects_missing_duplicate_reordered_and_skipped) ... ok
test_output_is_tail_bounded (test_m7_027_linux_examples.M7027LinuxExamplesTest.test_output_is_tail_bounded) ... ok
test_platform_gate_rejects_other_os_cpu_and_musl (test_m7_027_linux_examples.M7027LinuxExamplesTest.test_platform_gate_rejects_other_os_cpu_and_musl) ... ok
test_tool_command_uses_hosted_path_without_local_wrapper (test_m7_027_linux_examples.M7027LinuxExamplesTest.test_tool_command_uses_hosted_path_without_local_wrapper) ... ok
test_atomic_report_failure_preserves_previous_bytes (test_m7_028_security_review_package.M7028SecurityReviewPackageTests.test_atomic_report_failure_preserves_previous_bytes) ... ok
test_checked_in_package_is_valid (test_m7_028_security_review_package.M7028SecurityReviewPackageTests.test_checked_in_package_is_valid) ... ok
test_current_bound_inputs_require_pass_bundle_digest (test_m7_028_security_review_package.M7028SecurityReviewPackageTests.test_current_bound_inputs_require_pass_bundle_digest) ... ok
test_invalid_utf8_has_stable_structured_digest_error (test_m7_028_security_review_package.M7028SecurityReviewPackageTests.test_invalid_utf8_has_stable_structured_digest_error) ... ok
test_missing_file_and_digest_drift_are_rejected (test_m7_028_security_review_package.M7028SecurityReviewPackageTests.test_missing_file_and_digest_drift_are_rejected) ... ok
test_path_escape_is_rejected (test_m7_028_security_review_package.M7028SecurityReviewPackageTests.test_path_escape_is_rejected) ... ok
test_required_topic_and_compatibility_gate_are_enforced (test_m7_028_security_review_package.M7028SecurityReviewPackageTests.test_required_topic_and_compatibility_gate_are_enforced) ... ok
test_sensitive_data_is_rejected_without_echoing_value (test_m7_028_security_review_package.M7028SecurityReviewPackageTests.test_sensitive_data_is_rejected_without_echoing_value) ... ok
test_stale_or_skipped_evidence_cannot_claim_pass (test_m7_028_security_review_package.M7028SecurityReviewPackageTests.test_stale_or_skipped_evidence_cannot_claim_pass) ... ok
test_unknown_schema_and_field_are_rejected (test_m7_028_security_review_package.M7028SecurityReviewPackageTests.test_unknown_schema_and_field_are_rejected) ... ok
test_cjpm_build_hook_uses_fail_closed_platform_selection (test_m7_029_independent_security_review.M7029IndependentSecurityReviewTests.test_cjpm_build_hook_uses_fail_closed_platform_selection) ... ok
test_clean_cangjie_workflow_covers_the_release_critical_gates (test_m7_029_independent_security_review.M7029IndependentSecurityReviewTests.test_clean_cangjie_workflow_covers_the_release_critical_gates) ... ok
test_complete_no_finding_report_passes (test_m7_029_independent_security_review.M7029IndependentSecurityReviewTests.test_complete_no_finding_report_passes) ... ok
test_duplicate_and_unknown_finding_fields_fail (test_m7_029_independent_security_review.M7029IndependentSecurityReviewTests.test_duplicate_and_unknown_finding_fields_fail) ... ok
test_fixed_finding_requires_executed_digest_bound_regression (test_m7_029_independent_security_review.M7029IndependentSecurityReviewTests.test_fixed_finding_requires_executed_digest_bound_regression) ... ok
test_hosted_ci_nightly_resolution_fails_closed (test_m7_029_independent_security_review.M7029IndependentSecurityReviewTests.test_hosted_ci_nightly_resolution_fails_closed) ... ok
test_missing_review_is_blocked_and_atomic_failure_preserves_file (test_m7_029_independent_security_review.M7029IndependentSecurityReviewTests.test_missing_review_is_blocked_and_atomic_failure_preserves_file) ... ok
test_open_high_and_critical_findings_block_release (test_m7_029_independent_security_review.M7029IndependentSecurityReviewTests.test_open_high_and_critical_findings_block_release) ... ok
test_prepare_cli_returns_structured_invalid_utf8_failure (test_m7_029_independent_security_review.M7029IndependentSecurityReviewTests.test_prepare_cli_returns_structured_invalid_utf8_failure) ... ok
test_process_isolated_agent_requires_conflict_disclosure (test_m7_029_independent_security_review.M7029IndependentSecurityReviewTests.test_process_isolated_agent_requires_conflict_disclosure) ... ok
test_provider_manifest_is_a_repository_input (test_m7_029_independent_security_review.M7029IndependentSecurityReviewTests.test_provider_manifest_is_a_repository_input) ... ok
test_reviewer_dates_conflicts_and_set_fields_are_strict (test_m7_029_independent_security_review.M7029IndependentSecurityReviewTests.test_reviewer_dates_conflicts_and_set_fields_are_strict) ... ok
test_reviewer_independence_is_required (test_m7_029_independent_security_review.M7029IndependentSecurityReviewTests.test_reviewer_independence_is_required) ... ok
test_sensitive_value_and_compatibility_gate_fail (test_m7_029_independent_security_review.M7029IndependentSecurityReviewTests.test_sensitive_value_and_compatibility_gate_fail) ... ok
test_stale_target_and_incomplete_scope_fail (test_m7_029_independent_security_review.M7029IndependentSecurityReviewTests.test_stale_target_and_incomplete_scope_fail) ... ok
test_atomic_report_failure_preserves_previous_bytes (test_m7_030_linux_release.M7030LinuxReleaseTest.test_atomic_report_failure_preserves_previous_bytes) ... ok
test_clean_consumer_and_malicious_archives (test_m7_030_linux_release.M7030LinuxReleaseTest.test_clean_consumer_and_malicious_archives) ... ok
test_current_inputs_build_strict_deterministic_manifest (test_m7_030_linux_release.M7030LinuxReleaseTest.test_current_inputs_build_strict_deterministic_manifest) ... ok
test_hosted_report_binds_three_verified_subjects (test_m7_030_linux_release.M7030LinuxReleaseTest.test_hosted_report_binds_three_verified_subjects) ... ok
test_hosted_report_cli_returns_structured_invalid_utf8_failure (test_m7_030_linux_release.M7030LinuxReleaseTest.test_hosted_report_cli_returns_structured_invalid_utf8_failure) ... ok
test_hosted_text_subject_separates_canonical_and_signed_payload_digests (test_m7_030_linux_release.M7030LinuxReleaseTest.test_hosted_text_subject_separates_canonical_and_signed_payload_digests) ... ok
test_json_duplicates_unknown_schema_paths_and_subjects_are_rejected (test_m7_030_linux_release.M7030LinuxReleaseTest.test_json_duplicates_unknown_schema_paths_and_subjects_are_rejected) ... ok
test_key_type_identity_and_location_fail_closed_without_secret_output (test_m7_030_linux_release.M7030LinuxReleaseTest.test_key_type_identity_and_location_fail_closed_without_secret_output) ... ok
test_missing_or_stale_supply_chain_input_fails_closed (test_m7_030_linux_release.M7030LinuxReleaseTest.test_missing_or_stale_supply_chain_input_fails_closed) ... ok
test_offline_rehearsal_verifies_and_all_subject_or_signature_mutations_fail (test_m7_030_linux_release.M7030LinuxReleaseTest.test_offline_rehearsal_verifies_and_all_subject_or_signature_mutations_fail) ... ok
test_rehearsal_is_bounded_and_reads_hosted_gate_separately (test_m7_030_linux_release.M7030LinuxReleaseTest.test_rehearsal_is_bounded_and_reads_hosted_gate_separately) ... ok
test_rollback_requires_exact_signed_unexpired_authorization (test_m7_030_linux_release.M7030LinuxReleaseTest.test_rollback_requires_exact_signed_unexpired_authorization) ... ok
test_upgrade_requires_matching_signed_advisory_and_sbom (test_m7_030_linux_release.M7030LinuxReleaseTest.test_upgrade_requires_matching_signed_advisory_and_sbom) ... ok
test_workflow_is_pinned_and_missing_or_wrong_hosted_report_never_passes (test_m7_030_linux_release.M7030LinuxReleaseTest.test_workflow_is_pinned_and_missing_or_wrong_hosted_report_never_passes) ... ok
test_artifact_identity_rejects_each_cross_report_mismatch (test_m7_031_linux_candidate.M7031LinuxCandidateTests.test_artifact_identity_rejects_each_cross_report_mismatch) ... ok
test_atomic_replace_failure_preserves_previous_bytes (test_m7_031_linux_candidate.M7031LinuxCandidateTests.test_atomic_replace_failure_preserves_previous_bytes) ... ok
test_cli_returns_structured_digest_failure (test_m7_031_linux_candidate.M7031LinuxCandidateTests.test_cli_returns_structured_digest_failure) ... ok
test_committed_hosted_report_without_signed_payload_digest_is_stale (test_m7_031_linux_candidate.M7031LinuxCandidateTests.test_committed_hosted_report_without_signed_payload_digest_is_stale) ... ok
test_criterion_inventory_rejects_missing_duplicate_unknown_and_skipped (test_m7_031_linux_candidate.M7031LinuxCandidateTests.test_criterion_inventory_rejects_missing_duplicate_unknown_and_skipped) ... ok
test_current_repository_generates_exact_go_report (test_m7_031_linux_candidate.M7031LinuxCandidateTests.test_current_repository_generates_exact_go_report) ... ok
test_historical_or_internal_public_api_cannot_pass (test_m7_031_linux_candidate.M7031LinuxCandidateTests.test_historical_or_internal_public_api_cannot_pass) ... ok
test_hosted_report_requires_all_three_verified_subjects (test_m7_031_linux_candidate.M7031LinuxCandidateTests.test_hosted_report_requires_all_three_verified_subjects) ... ok
test_json_schema_duplicate_key_and_path_escape_fail_closed (test_m7_031_linux_candidate.M7031LinuxCandidateTests.test_json_schema_duplicate_key_and_path_escape_fail_closed) ... ok
test_open_high_or_critical_finding_blocks_release (test_m7_031_linux_candidate.M7031LinuxCandidateTests.test_open_high_or_critical_finding_blocks_release) ... ok
test_soak_rejects_short_preflight_interruption_and_wrong_artifact (test_m7_031_linux_candidate.M7031LinuxCandidateTests.test_soak_rejects_short_preflight_interruption_and_wrong_artifact) ... ok
test_source_digest_drift_is_stale (test_m7_031_linux_candidate.M7031LinuxCandidateTests.test_source_digest_drift_is_stale) ... ok
test_structural_candidate_requires_complete_recorded_evidence_inventory (test_m7_031_linux_candidate.M7031LinuxCandidateTests.test_structural_candidate_requires_complete_recorded_evidence_inventory) ... ok
test_structural_candidate_reuses_recorded_evidence_without_live_hashing (test_m7_031_linux_candidate.M7031LinuxCandidateTests.test_structural_candidate_reuses_recorded_evidence_without_live_hashing) ... ok
test_adr_explicitly_rejects_compatibility_shims (test_m7_032_public_api_contract.M7032PublicApiContractTests.test_adr_explicitly_rejects_compatibility_shims) ... ok
test_current_inventory_has_only_public_alias_targets (test_m7_032_public_api_contract.M7032PublicApiContractTests.test_current_inventory_has_only_public_alias_targets) ... ok
test_m7_031_depends_on_m7_032 (test_m7_032_public_api_contract.M7032PublicApiContractTests.test_m7_031_depends_on_m7_032) ... ok
test_public_package_sources_do_not_spell_internal_types_in_declarations (test_m7_032_public_api_contract.M7032PublicApiContractTests.test_public_package_sources_do_not_spell_internal_types_in_declarations) ... ok
test_stale_inventory_is_rejected_without_compatibility_verdict (test_m7_032_public_api_contract.M7032PublicApiContractTests.test_stale_inventory_is_rejected_without_compatibility_verdict) ... ok
test_task_manifest_has_no_long_running_command (test_m7_032_public_api_contract.M7032PublicApiContractTests.test_task_manifest_has_no_long_running_command) ... ok
test_atomic_report_preserves_previous_file_when_replace_fails (test_m7_033_docs.M7033DocsTests.test_atomic_report_preserves_previous_file_when_replace_fails) ... ok
test_doc_ir_diagnostics_are_not_hidden_by_success_status (test_m7_033_docs.M7033DocsTests.test_doc_ir_diagnostics_are_not_hidden_by_success_status) ... ok
test_getting_started_is_linux_scoped_and_actionable (test_m7_033_docs.M7033DocsTests.test_getting_started_is_linux_scoped_and_actionable) ... ok
test_pages_workflow_pins_cjdoc_and_keeps_long_gates_out (test_m7_033_docs.M7033DocsTests.test_pages_workflow_pins_cjdoc_and_keeps_long_gates_out) ... ok
test_partial_doc_ir_is_never_pass (test_m7_033_docs.M7033DocsTests.test_partial_doc_ir_is_never_pass) ... ok
test_path_escape_is_rejected (test_m7_033_docs.M7033DocsTests.test_path_escape_is_rejected) ... ok
test_public_source_view_excludes_tests_and_internal_package (test_m7_033_docs.M7033DocsTests.test_public_source_view_excludes_tests_and_internal_package) ... ok
test_report_is_machine_readable_and_bounded (test_m7_033_docs.M7033DocsTests.test_report_is_machine_readable_and_bounded) ... ok
test_repository_build_gate_installs_the_same_pinned_cjdoc (test_m7_033_docs.M7033DocsTests.test_repository_build_gate_installs_the_same_pinned_cjdoc) ... ok
test_skipped_or_partial_coverage_cannot_impersonate_pass (test_m7_033_docs.M7033DocsTests.test_skipped_or_partial_coverage_cannot_impersonate_pass) ... ok
test_unknown_api_schema_is_rejected (test_m7_033_docs.M7033DocsTests.test_unknown_api_schema_is_rejected) ... ok
test_unknown_doc_ir_schema_is_rejected (test_m7_033_docs.M7033DocsTests.test_unknown_doc_ir_schema_is_rejected) ... ok
test_version_mismatch_is_blocked_without_parsing_exception_text (test_m7_033_docs.M7033DocsTests.test_version_mismatch_is_blocked_without_parsing_exception_text) ... ok
test_evidence_rejects_upstream_and_non_linux_completion_inference (test_m7_linux_task_graph.M7LinuxTaskGraphTests.test_evidence_rejects_upstream_and_non_linux_completion_inference) ... ok
test_linux_dependencies_exclude_global_and_upstream_blockers (test_m7_linux_task_graph.M7LinuxTaskGraphTests.test_linux_dependencies_exclude_global_and_upstream_blockers) ... ok
test_linux_graph_has_the_exact_frozen_task_set (test_m7_linux_task_graph.M7LinuxTaskGraphTests.test_linux_graph_has_the_exact_frozen_task_set) ... ok
test_status_exposes_linux_completion_without_a_global_completion_claim (test_m7_linux_task_graph.M7LinuxTaskGraphTests.test_status_exposes_linux_completion_without_a_global_completion_claim) ... ok
test_task_graph_has_fail_closed_audit_and_release_edges (test_m7_linux_task_graph.M7LinuxTaskGraphTests.test_task_graph_has_fail_closed_audit_and_release_edges) ... ok
test_cjdoc_version_gate_rejects_non_exact_tool (test_m8_008_http_contracts.M8008HttpContractsTest.test_cjdoc_version_gate_rejects_non_exact_tool) ... ok
test_raw_artifact_mismatch_rejects_pass (test_m8_008_http_contracts.M8008HttpContractsTest.test_raw_artifact_mismatch_rejects_pass) ... ok
test_real_nonzero_subprocess_stops_ordered_chain (test_m8_008_http_contracts.M8008HttpContractsTest.test_real_nonzero_subprocess_stops_ordered_chain) ... ok
test_run_roots_are_unique_and_outputs_cannot_escape (test_m8_008_http_contracts.M8008HttpContractsTest.test_run_roots_are_unique_and_outputs_cannot_escape) ... ok
test_snapshot_captures_dirty_and_nonignored_bytes_but_not_caches (test_m8_008_http_contracts.M8008HttpContractsTest.test_snapshot_captures_dirty_and_nonignored_bytes_but_not_caches) ... ok
test_timeout_stops_descendants_before_returning (test_m8_008_http_contracts.M8008HttpContractsTest.test_timeout_stops_descendants_before_returning) ... ok
test_release_validators_are_strict_by_default (test_p1_013_development_release_gate.P1013DevelopmentReleaseGateTests.test_release_validators_are_strict_by_default) ... ok
test_strict_modes_reject_the_same_stale_records (test_p1_013_development_release_gate.P1013DevelopmentReleaseGateTests.test_strict_modes_reject_the_same_stale_records) ... ok
test_structural_modes_accept_frozen_records_without_local_release_artifact (test_p1_013_development_release_gate.P1013DevelopmentReleaseGateTests.test_structural_modes_accept_frozen_records_without_local_release_artifact) ... ok
test_atomic_report_preserves_target_on_injected_failure (test_p1_014_evidence_digest_types.EvidenceDigestTypeTests.test_atomic_report_preserves_target_on_injected_failure) ... ok
test_crlf_report_is_bounded_and_uses_actual_platform (test_p1_014_evidence_digest_types.EvidenceDigestTypeTests.test_crlf_report_is_bounded_and_uses_actual_platform) ... ok
test_crlf_report_reads_tracked_checkout_fixture_without_text_override (test_p1_014_evidence_digest_types.EvidenceDigestTypeTests.test_crlf_report_reads_tracked_checkout_fixture_without_text_override) ... ok
test_crlf_report_rejects_claimed_revision_different_from_checkout (test_p1_014_evidence_digest_types.EvidenceDigestTypeTests.test_crlf_report_rejects_claimed_revision_different_from_checkout) ... ok
test_crlf_report_rejects_wrong_architecture_and_libc (test_p1_014_evidence_digest_types.EvidenceDigestTypeTests.test_crlf_report_rejects_wrong_architecture_and_libc) ... ok
test_crlf_report_rejects_wrong_native_platform (test_p1_014_evidence_digest_types.EvidenceDigestTypeTests.test_crlf_report_rejects_wrong_native_platform) ... ok
test_current_inventory_has_no_legacy_task_local_digest_calls (test_p1_014_evidence_digest_types.EvidenceDigestTypeTests.test_current_inventory_has_no_legacy_task_local_digest_calls) ... ok
test_digest_equality_requires_both_serialized_domains (test_p1_014_evidence_digest_types.EvidenceDigestTypeTests.test_digest_equality_requires_both_serialized_domains) ... ok
test_digest_types_and_serialized_domains_are_not_interchangeable (test_p1_014_evidence_digest_types.EvidenceDigestTypeTests.test_digest_types_and_serialized_domains_are_not_interchangeable) ... ok
test_invalid_utf8_fails_without_byte_fallback (test_p1_014_evidence_digest_types.EvidenceDigestTypeTests.test_invalid_utf8_fails_without_byte_fallback) ... ok
test_inventory_classifies_literal_log_as_text_evidence (test_p1_014_evidence_digest_types.EvidenceDigestTypeTests.test_inventory_classifies_literal_log_as_text_evidence) ... ok
test_inventory_excludes_generated_children_not_checkout_ancestors (test_p1_014_evidence_digest_types.EvidenceDigestTypeTests.test_inventory_excludes_generated_children_not_checkout_ancestors) ... ok
test_inventory_manifest_cannot_hide_folded_text_operand (test_p1_014_evidence_digest_types.EvidenceDigestTypeTests.test_inventory_manifest_cannot_hide_folded_text_operand) ... ok
test_inventory_rejects_alternate_hashlib_constructor_import (test_p1_014_evidence_digest_types.EvidenceDigestTypeTests.test_inventory_rejects_alternate_hashlib_constructor_import) ... ok
test_inventory_rejects_artifact_marker_with_shell_variable_operand (test_p1_014_evidence_digest_types.EvidenceDigestTypeTests.test_inventory_rejects_artifact_marker_with_shell_variable_operand) ... ok
test_inventory_rejects_assigned_subprocess_and_os_system_commands (test_p1_014_evidence_digest_types.EvidenceDigestTypeTests.test_inventory_rejects_assigned_subprocess_and_os_system_commands) ... ok
test_inventory_rejects_cksum_sha256_routes (test_p1_014_evidence_digest_types.EvidenceDigestTypeTests.test_inventory_rejects_cksum_sha256_routes) ... ok
test_inventory_rejects_compare_digest_on_bare_digest_field (test_p1_014_evidence_digest_types.EvidenceDigestTypeTests.test_inventory_rejects_compare_digest_on_bare_digest_field) ... ok
test_inventory_rejects_direct_sha256_import_and_untyped_shell_command (test_p1_014_evidence_digest_types.EvidenceDigestTypeTests.test_inventory_rejects_direct_sha256_import_and_untyped_shell_command) ... ok
test_inventory_rejects_local_digest_wrapper (test_p1_014_evidence_digest_types.EvidenceDigestTypeTests.test_inventory_rejects_local_digest_wrapper) ... ok
test_inventory_rejects_named_digest_field_comparison (test_p1_014_evidence_digest_types.EvidenceDigestTypeTests.test_inventory_rejects_named_digest_field_comparison) ... ok
test_inventory_rejects_openssl_and_embedded_python_digest_commands (test_p1_014_evidence_digest_types.EvidenceDigestTypeTests.test_inventory_rejects_openssl_and_embedded_python_digest_commands) ... ok
test_inventory_rejects_openssl_shortcut_and_license_operand (test_p1_014_evidence_digest_types.EvidenceDigestTypeTests.test_inventory_rejects_openssl_shortcut_and_license_operand) ... ok
test_inventory_rejects_powershell_sha256_api (test_p1_014_evidence_digest_types.EvidenceDigestTypeTests.test_inventory_rejects_powershell_sha256_api) ... ok
test_inventory_rejects_text_marker_on_raw_digest_command (test_p1_014_evidence_digest_types.EvidenceDigestTypeTests.test_inventory_rejects_text_marker_on_raw_digest_command) ... ok
test_inventory_rejects_typed_alias_and_raw_python_subprocess (test_p1_014_evidence_digest_types.EvidenceDigestTypeTests.test_inventory_rejects_typed_alias_and_raw_python_subprocess) ... ok
test_inventory_rejects_untyped_digest_anywhere_in_repository_tools (test_p1_014_evidence_digest_types.EvidenceDigestTypeTests.test_inventory_rejects_untyped_digest_anywhere_in_repository_tools) ... ok
test_inventory_resolves_assigned_text_path_before_byte_digest (test_p1_014_evidence_digest_types.EvidenceDigestTypeTests.test_inventory_resolves_assigned_text_path_before_byte_digest) ... ok
test_inventory_resolves_assigned_typed_callable_alias (test_p1_014_evidence_digest_types.EvidenceDigestTypeTests.test_inventory_resolves_assigned_typed_callable_alias) ... ok
test_inventory_resolves_keyword_text_path_before_byte_digest (test_p1_014_evidence_digest_types.EvidenceDigestTypeTests.test_inventory_resolves_keyword_text_path_before_byte_digest) ... ok
test_inventory_scans_composite_actions (test_p1_014_evidence_digest_types.EvidenceDigestTypeTests.test_inventory_scans_composite_actions) ... ok
test_inventory_scans_folded_composite_commands_and_helpers (test_p1_014_evidence_digest_types.EvidenceDigestTypeTests.test_inventory_scans_folded_composite_commands_and_helpers) ... ok
test_inventory_scans_non_python_tools_and_untyped_comparisons (test_p1_014_evidence_digest_types.EvidenceDigestTypeTests.test_inventory_scans_non_python_tools_and_untyped_comparisons) ... ok
test_inventory_traces_assigned_digest_field_into_comparison (test_p1_014_evidence_digest_types.EvidenceDigestTypeTests.test_inventory_traces_assigned_digest_field_into_comparison) ... ok
test_line_endings_share_text_digest_but_not_byte_digest (test_p1_014_evidence_digest_types.EvidenceDigestTypeTests.test_line_endings_share_text_digest_but_not_byte_digest) ... ok
test_production_digest_imports_bootstrap_direct_cli_execution (test_p1_014_evidence_digest_types.EvidenceDigestTypeTests.test_production_digest_imports_bootstrap_direct_cli_execution) ... ok
test_text_inventory_rejects_nul_framing_ambiguity (test_p1_014_evidence_digest_types.EvidenceDigestTypeTests.test_text_inventory_rejects_nul_framing_ambiguity) ... ok
test_untyped_unknown_and_malformed_digest_documents_fail_closed (test_p1_014_evidence_digest_types.EvidenceDigestTypeTests.test_untyped_unknown_and_malformed_digest_documents_fail_closed) ... ok
test_windows_crlf_report_requires_actual_crlf_checkout (test_p1_014_evidence_digest_types.EvidenceDigestTypeTests.test_windows_crlf_report_requires_actual_crlf_checkout) ... ok
test_windows_workflow_is_pinned_and_runs_only_bounded_python_checks (test_p1_014_evidence_digest_types.EvidenceDigestTypeTests.test_windows_workflow_is_pinned_and_runs_only_bounded_python_checks) ... ok
test_archive_provider_requires_exact_commit (test_tls_provider_poc.ProviderPocValidationTests.test_archive_provider_requires_exact_commit) ... ok
test_archive_provider_requires_release_tag_resolution (test_tls_provider_poc.ProviderPocValidationTests.test_archive_provider_requires_release_tag_resolution) ... ok
test_archive_result_binds_release_tag_resolution (test_tls_provider_poc.ProviderPocValidationTests.test_archive_result_binds_release_tag_resolution) ... ok
test_archive_source_resolves_and_matches_release_tag_commit (test_tls_provider_poc.ProviderPocValidationTests.test_archive_source_resolves_and_matches_release_tag_commit) ... ok
test_blocked_capability_cannot_pass (test_tls_provider_poc.ProviderPocValidationTests.test_blocked_capability_cannot_pass) ... ok
test_build_environment_captures_inherited_and_override_values (test_tls_provider_poc.ProviderPocValidationTests.test_build_environment_captures_inherited_and_override_values) ... ok
test_build_environment_snapshot_is_bounded (test_tls_provider_poc.ProviderPocValidationTests.test_build_environment_snapshot_is_bounded) ... ok
test_build_provenance_is_durable_and_fail_closed (test_tls_provider_poc.ProviderPocValidationTests.test_build_provenance_is_durable_and_fail_closed) ... ok
test_canonical_spec_and_matrix_reject_stale_license_digests (test_tls_provider_poc.ProviderPocValidationTests.test_canonical_spec_and_matrix_reject_stale_license_digests) ... ok
test_diagnostic_build_instruments_provider_sources (test_tls_provider_poc.ProviderPocValidationTests.test_diagnostic_build_instruments_provider_sources) ... ok
test_exported_symbol_inventory_is_bounded_and_digest_bound (test_tls_provider_poc.ProviderPocValidationTests.test_exported_symbol_inventory_is_bounded_and_digest_bound) ... ok
test_failure_messages_are_bounded_by_utf8_bytes (test_tls_provider_poc.ProviderPocValidationTests.test_failure_messages_are_bounded_by_utf8_bytes) ... ok
test_github_tag_resolution_uses_bounded_ephemeral_token (test_tls_provider_poc.ProviderPocValidationTests.test_github_tag_resolution_uses_bounded_ephemeral_token) ... ok
test_hosted_execution_identity_matches_clean_checkout (test_tls_provider_poc.ProviderPocValidationTests.test_hosted_execution_identity_matches_clean_checkout) ... ok
test_hosted_execution_identity_rejects_revision_mismatch (test_tls_provider_poc.ProviderPocValidationTests.test_hosted_execution_identity_rejects_revision_mismatch) ... ok
test_hosted_workflows_supply_read_only_tag_resolution_token (test_tls_provider_poc.ProviderPocValidationTests.test_hosted_workflows_supply_read_only_tag_resolution_token) ... ok
test_license_bundle_ignores_symlinks_outside_provider_source (test_tls_provider_poc.ProviderPocValidationTests.test_license_bundle_ignores_symlinks_outside_provider_source) ... ok
test_license_bundle_rejects_escape_and_stale_digest (test_tls_provider_poc.ProviderPocValidationTests.test_license_bundle_rejects_escape_and_stale_digest) ... ok
test_license_file_invalid_utf8_fails_closed (test_tls_provider_poc.ProviderPocValidationTests.test_license_file_invalid_utf8_fails_closed) ... ok
test_license_file_metadata_is_line_ending_stable (test_tls_provider_poc.ProviderPocValidationTests.test_license_file_metadata_is_line_ending_stable) ... ok
test_license_manifest_digest_is_line_ending_stable (test_tls_provider_poc.ProviderPocValidationTests.test_license_manifest_digest_is_line_ending_stable) ... ok
test_local_execution_identity_rejects_dirty_checkout (test_tls_provider_poc.ProviderPocValidationTests.test_local_execution_identity_rejects_dirty_checkout) ... ok
test_local_execution_identity_uses_clean_exact_checkout (test_tls_provider_poc.ProviderPocValidationTests.test_local_execution_identity_uses_clean_exact_checkout) ... ok
test_matrix_contract_only_does_not_promote_stale_retained_results (test_tls_provider_poc.ProviderPocValidationTests.test_matrix_contract_only_does_not_promote_stale_retained_results) ... M0-016 validation: FAIL: --matrix-contract-only requires --matrix
ok
test_matrix_retained_result_validates_durable_license_bundle (test_tls_provider_poc.ProviderPocValidationTests.test_matrix_retained_result_validates_durable_license_bundle) ... ok
test_memory_diagnostic_records_provider_leak_detection_boundary (test_tls_provider_poc.ProviderPocValidationTests.test_memory_diagnostic_records_provider_leak_detection_boundary) ... ok
test_metrics_require_dual_version_resumption_and_external_trust (test_tls_provider_poc.ProviderPocValidationTests.test_metrics_require_dual_version_resumption_and_external_trust) ... ok
test_metrics_require_expired_and_malformed_certificate_coverage (test_tls_provider_poc.ProviderPocValidationTests.test_metrics_require_expired_and_malformed_certificate_coverage) ... ok
test_metrics_require_negative_alpn_coverage (test_tls_provider_poc.ProviderPocValidationTests.test_metrics_require_negative_alpn_coverage) ... ok
test_metrics_require_required_and_optional_client_auth (test_tls_provider_poc.ProviderPocValidationTests.test_metrics_require_required_and_optional_client_auth) ... ok
test_missing_archive_digest_fails (test_tls_provider_poc.ProviderPocValidationTests.test_missing_archive_digest_fails) ... ok
test_missing_platform_cell_fails (test_tls_provider_poc.ProviderPocValidationTests.test_missing_platform_cell_fails) ... ok
test_musl_package_installation_has_no_tag_resolution_token (test_tls_provider_poc.ProviderPocValidationTests.test_musl_package_installation_has_no_tag_resolution_token) ... ok
test_musl_result_requires_immutable_container_identity (test_tls_provider_poc.ProviderPocValidationTests.test_musl_result_requires_immutable_container_identity) ... ok
test_native_pocs_drive_provider_specific_session_and_trust_callbacks (test_tls_provider_poc.ProviderPocValidationTests.test_native_pocs_drive_provider_specific_session_and_trust_callbacks) ... ok
test_native_pocs_expose_external_trust_as_a_distinct_capability (test_tls_provider_poc.ProviderPocValidationTests.test_native_pocs_expose_external_trust_as_a_distinct_capability) ... ok
test_non_windows_build_rejects_assembler_identity (test_tls_provider_poc.ProviderPocValidationTests.test_non_windows_build_rejects_assembler_identity) ... ok
test_openssl_build_retains_musl_secure_heap_override_in_provenance (test_tls_provider_poc.ProviderPocValidationTests.test_openssl_build_retains_musl_secure_heap_override_in_provenance) ... ok
test_openssl_resumption_requires_fresh_cache_miss (test_tls_provider_poc.ProviderPocValidationTests.test_openssl_resumption_requires_fresh_cache_miss) ... ok
test_partial_matrix_cell_requires_retained_result (test_tls_provider_poc.ProviderPocValidationTests.test_partial_matrix_cell_requires_retained_result) ... ok
test_partial_rejects_not_run_and_requires_blocked_capability (test_tls_provider_poc.ProviderPocValidationTests.test_partial_rejects_not_run_and_requires_blocked_capability) ... ok
test_pass_requires_measured_schema_v2 (test_tls_provider_poc.ProviderPocValidationTests.test_pass_requires_measured_schema_v2) ... ok
test_platform_peak_resident_probes_are_native (test_tls_provider_poc.ProviderPocValidationTests.test_platform_peak_resident_probes_are_native) ... ok
test_pre_execution_fail_result_is_retained_without_metrics (test_tls_provider_poc.ProviderPocValidationTests.test_pre_execution_fail_result_is_retained_without_metrics) ... ok
test_provider_allocation_and_cancellation_metrics_fail_closed (test_tls_provider_poc.ProviderPocValidationTests.test_provider_allocation_and_cancellation_metrics_fail_closed) ... ok
test_provider_subprocesses_cannot_inherit_github_token (test_tls_provider_poc.ProviderPocValidationTests.test_provider_subprocesses_cannot_inherit_github_token) ... ok
test_retained_result_digest_must_match (test_tls_provider_poc.ProviderPocValidationTests.test_retained_result_digest_must_match) ... ok
test_retained_source_identity_matches_provider_pin (test_tls_provider_poc.ProviderPocValidationTests.test_retained_source_identity_matches_provider_pin) ... ok
test_schema_v1_partial_cannot_claim_unmeasured_external_trust (test_tls_provider_poc.ProviderPocValidationTests.test_schema_v1_partial_cannot_claim_unmeasured_external_trust) ... ok
test_schema_v2_cannot_claim_a_fully_measured_pass (test_tls_provider_poc.ProviderPocValidationTests.test_schema_v2_cannot_claim_a_fully_measured_pass) ... ok
test_schema_v5_requires_measured_session_resumption (test_tls_provider_poc.ProviderPocValidationTests.test_schema_v5_requires_measured_session_resumption) ... ok
test_security_update_evidence_fails_closed (test_tls_provider_poc.ProviderPocValidationTests.test_security_update_evidence_fails_closed) ... ok
test_static_archive_inventory_is_structured_and_bounded (test_tls_provider_poc.ProviderPocValidationTests.test_static_archive_inventory_is_structured_and_bounded) ... ok
test_supported_diagnostic_requires_instrumented_provider_archives (test_tls_provider_poc.ProviderPocValidationTests.test_supported_diagnostic_requires_instrumented_provider_archives) ... ok
test_system_tls_dependency_fails (test_tls_provider_poc.ProviderPocValidationTests.test_system_tls_dependency_fails) ... ok
test_windows_aws_lc_assembler_identity_is_required (test_tls_provider_poc.ProviderPocValidationTests.test_windows_aws_lc_assembler_identity_is_required) ... ok
test_windows_workflow_pins_nasm_fallback (test_tls_provider_poc.ProviderPocValidationTests.test_windows_workflow_pins_nasm_fallback) ... ok
test_atomic_json_has_platform_stable_lf (test_tls_provider_poc.ProviderPocWindowsTests.test_atomic_json_has_platform_stable_lf) ... ok
test_digest_bound_license_bundles_disable_checkout_conversion (test_tls_provider_poc.ProviderPocWindowsTests.test_digest_bound_license_bundles_disable_checkout_conversion) ... ok
test_expected_revision_mismatch_fails (test_tls_provider_poc.ProviderPocWindowsTests.test_expected_revision_mismatch_fails) ... ok
test_linux_and_macos_results_require_native_runner_identity (test_tls_provider_poc.ProviderPocWindowsTests.test_linux_and_macos_results_require_native_runner_identity) ... ok
test_linux_export_scan_retains_symbols_from_multiline_output (test_tls_provider_poc.ProviderPocWindowsTests.test_linux_export_scan_retains_symbols_from_multiline_output) ... ok
test_successful_result_requires_final_binary_identity (test_tls_provider_poc.ProviderPocWindowsTests.test_successful_result_requires_final_binary_identity) ... ok
test_successful_result_requires_zero_poc_exit_code (test_tls_provider_poc.ProviderPocWindowsTests.test_successful_result_requires_zero_poc_exit_code) ... ok
test_windows_archive_names_cover_all_providers (test_tls_provider_poc.ProviderPocWindowsTests.test_windows_archive_names_cover_all_providers) ... ok
test_windows_cmake_and_poc_use_static_crt (test_tls_provider_poc.ProviderPocWindowsTests.test_windows_cmake_and_poc_use_static_crt) ... ok
test_windows_compile_uses_msvc_and_no_posix_link_flags (test_tls_provider_poc.ProviderPocWindowsTests.test_windows_compile_uses_msvc_and_no_posix_link_flags) ... ok
test_windows_dependency_scan_fails_closed_when_dumpbin_fails (test_tls_provider_poc.ProviderPocWindowsTests.test_windows_dependency_scan_fails_closed_when_dumpbin_fails) ... ok
test_windows_dependency_scan_rejects_prefixless_aws_lc_dlls (test_tls_provider_poc.ProviderPocWindowsTests.test_windows_dependency_scan_rejects_prefixless_aws_lc_dlls) ... ok
test_windows_dependency_scan_rejects_prefixless_mbedtls_dlls (test_tls_provider_poc.ProviderPocWindowsTests.test_windows_dependency_scan_rejects_prefixless_mbedtls_dlls) ... ok
test_windows_dependency_scan_rejects_versioned_tls_dll (test_tls_provider_poc.ProviderPocWindowsTests.test_windows_dependency_scan_rejects_versioned_tls_dll) ... ok
test_windows_export_scan_rejects_unrecognized_success_output (test_tls_provider_poc.ProviderPocWindowsTests.test_windows_export_scan_rejects_unrecognized_success_output) ... ok
test_windows_export_scan_retains_symbols_from_multiline_output (test_tls_provider_poc.ProviderPocWindowsTests.test_windows_export_scan_retains_symbols_from_multiline_output) ... ok
test_windows_openssl_build_uses_vc_target_and_nmake (test_tls_provider_poc.ProviderPocWindowsTests.test_windows_openssl_build_uses_vc_target_and_nmake) ... ok
test_windows_result_requires_native_hosted_runner_identity (test_tls_provider_poc.ProviderPocWindowsTests.test_windows_result_requires_native_hosted_runner_identity) ... ok
test_current_tasks_do_not_depend_on_upstream_candidates (test_upstream_independence.UpstreamIndependenceTest.test_current_tasks_do_not_depend_on_upstream_candidates) ... ok
test_issue_template_marks_upstream_candidates_as_optional (test_upstream_independence.UpstreamIndependenceTest.test_issue_template_marks_upstream_candidates_as_optional) ... ok
test_canonical_model_passes (test_validate_threat_model.ThreatModelValidatorTests.test_canonical_model_passes) ... ok
test_duplicate_threat_id_is_rejected (test_validate_threat_model.ThreatModelValidatorTests.test_duplicate_threat_id_is_rejected) ... ok
test_empty_residual_risk_is_rejected (test_validate_threat_model.ThreatModelValidatorTests.test_empty_residual_risk_is_rejected) ... ok
test_high_threat_cannot_be_accepted (test_validate_threat_model.ThreatModelValidatorTests.test_high_threat_cannot_be_accepted) ... ok
test_high_threat_must_block_release (test_validate_threat_model.ThreatModelValidatorTests.test_high_threat_must_block_release) ... ok
test_malformed_task_id_is_rejected (test_validate_threat_model.ThreatModelValidatorTests.test_malformed_task_id_is_rejected) ... ok
test_missing_required_domain_fails_closed (test_validate_threat_model.ThreatModelValidatorTests.test_missing_required_domain_fails_closed) ... ok
test_required_control_cannot_be_silently_renamed (test_validate_threat_model.ThreatModelValidatorTests.test_required_control_cannot_be_silently_renamed) ... ok
test_unknown_control_reference_is_rejected (test_validate_threat_model.ThreatModelValidatorTests.test_unknown_control_reference_is_rejected) ... ok
test_well_formed_missing_backlog_task_is_rejected (test_validate_threat_model.ThreatModelValidatorTests.test_well_formed_missing_backlog_task_is_rejected) ... ok
test_excluded_candidate_cannot_be_shortlisted (test_validate_tls_provider_matrix.Tests.test_excluded_candidate_cannot_be_shortlisted) ... ok
test_final_selection_must_be_deferred_to_m0_020 (test_validate_tls_provider_matrix.Tests.test_final_selection_must_be_deferred_to_m0_020) ... ok
test_harmony_cannot_be_claimed_before_poc (test_validate_tls_provider_matrix.Tests.test_harmony_cannot_be_claimed_before_poc) ... ok
test_incompatible_license_must_be_excluded (test_validate_tls_provider_matrix.Tests.test_incompatible_license_must_be_excluded) ... ok
test_missing_platform_fails (test_validate_tls_provider_matrix.Tests.test_missing_platform_fails) ... ok
test_repository_matrix_passes (test_validate_tls_provider_matrix.Tests.test_repository_matrix_passes) ... ok
test_third_party_comparison_source_rejected (test_validate_tls_provider_matrix.Tests.test_third_party_comparison_source_rejected) ... ok
test_unknown_schema_fails_closed (test_validate_tls_provider_matrix.Tests.test_unknown_schema_fails_closed) ... ok

----------------------------------------------------------------------
Ran 425 tests in 7.931s

OK
test_classification_detects_sustained_starvation (test_dns_carrier_thread.DnsCarrierThreadTests.test_classification_detects_sustained_starvation) ... ok
test_classification_does_not_fail_on_normal_jitter (test_dns_carrier_thread.DnsCarrierThreadTests.test_classification_does_not_fail_on_normal_jitter) ... ok
test_parse_int_list_rejects_duplicates (test_dns_carrier_thread.DnsCarrierThreadTests.test_parse_int_list_rejects_duplicates) ... ok
test_percentile_uses_nearest_rank (test_dns_carrier_thread.DnsCarrierThreadTests.test_percentile_uses_nearest_rank) ... ok
test_probe_parser_retains_host_timestamps_and_gaps (test_dns_carrier_thread.DnsCarrierThreadTests.test_probe_parser_retains_host_timestamps_and_gaps) ... ok
test_shim_parser_rejects_missing_exit (test_dns_carrier_thread.DnsCarrierThreadTests.test_shim_parser_rejects_missing_exit) ... ok
test_shim_parser_requires_paired_calls (test_dns_carrier_thread.DnsCarrierThreadTests.test_shim_parser_requires_paired_calls) ... ok
test_validate_sample_rejects_unintercepted_resolution (test_dns_carrier_thread.DnsCarrierThreadTests.test_validate_sample_rejects_unintercepted_resolution) ... ok
test_atomic_json_output_replaces_without_temporary_files (test_gate_runner.GateRunnerTests.test_atomic_json_output_replaces_without_temporary_files) ... ok
test_cli_writes_error_report_for_malformed_manifest (test_gate_runner.GateRunnerTests.test_cli_writes_error_report_for_malformed_manifest) ... ok
test_disabled_or_wrong_platform_is_skipped (test_gate_runner.GateRunnerTests.test_disabled_or_wrong_platform_is_skipped) ... ok
test_missing_required_tool_is_blocked (test_gate_runner.GateRunnerTests.test_missing_required_tool_is_blocked) ... ok
test_nonzero_exit_fails (test_gate_runner.GateRunnerTests.test_nonzero_exit_fails) ... ok
test_pass_plus_skip_does_not_pass_overall (test_gate_runner.GateRunnerTests.test_pass_plus_skip_does_not_pass_overall) ... ok
test_report_capture_is_bounded_while_full_log_is_retained (test_gate_runner.GateRunnerTests.test_report_capture_is_bounded_while_full_log_is_retained) ... ok
test_successful_scenario_passes (test_gate_runner.GateRunnerTests.test_successful_scenario_passes) ... ok
test_timeout_terminates_child_process_group (test_gate_runner.GateRunnerTests.test_timeout_terminates_child_process_group) ... ok
test_unknown_schema_and_fields_fail_closed (test_gate_runner.GateRunnerTests.test_unknown_schema_and_fields_fail_closed) ... ok
test_classification_requires_count_cases_and_clean_exit (test_http1_quality.Tests.test_classification_requires_count_cases_and_clean_exit) ... ok
test_parse_summary_uses_last_project_total (test_http1_quality.Tests.test_parse_summary_uses_last_project_total) ... ok
test_rejects_inconsistent_or_missing_summary (test_http1_quality.Tests.test_rejects_inconsistent_or_missing_summary) ... ok
test_source_fingerprint_is_stable_and_content_sensitive (test_http1_quality.Tests.test_source_fingerprint_is_stable_and_content_sensitive) ... ok
test_classification_requires_count_cases_and_clean_exit (test_http2_quality.Tests.test_classification_requires_count_cases_and_clean_exit) ... ok
test_parse_summary_uses_last_project_total (test_http2_quality.Tests.test_parse_summary_uses_last_project_total) ... ok
test_rejects_inconsistent_or_missing_summary (test_http2_quality.Tests.test_rejects_inconsistent_or_missing_summary) ... ok
test_source_fingerprint_is_stable_and_content_sensitive (test_http2_quality.Tests.test_source_fingerprint_is_stable_and_content_sensitive) ... ok
test_complete_report_requires_passing_loopback_and_lan (test_m0_005_raw_tcp_baseline.Tests.test_complete_report_requires_passing_loopback_and_lan) ... ok
test_invalid_repetition_bounds_fail_before_compilation (test_m0_005_raw_tcp_baseline.Tests.test_invalid_repetition_bounds_fail_before_compilation) ... ok
test_lan_report_rejects_loopback_route (test_m0_005_raw_tcp_baseline.Tests.test_lan_report_rejects_loopback_route) ... ok
test_parse_heaptrack_allocation_count (test_m0_005_raw_tcp_baseline.Tests.test_parse_heaptrack_allocation_count) ... ok
test_parse_heaptrack_rejects_missing_or_duplicate_count (test_m0_005_raw_tcp_baseline.Tests.test_parse_heaptrack_rejects_missing_or_duplicate_count) ... ok
test_parse_strace_recvfrom_counts_successful_copied_bytes (test_m0_005_raw_tcp_baseline.Tests.test_parse_strace_recvfrom_counts_successful_copied_bytes) ... ok
test_report_measures_counters_but_stays_blocked_without_lan (test_m0_005_raw_tcp_baseline.Tests.test_report_measures_counters_but_stays_blocked_without_lan) ... ok
test_required_payload_matrix_is_exact (test_m0_005_raw_tcp_baseline.Tests.test_required_payload_matrix_is_exact) ... ok
test_accepts_complete_native_windows_report (test_m0_014_windows_copy_profile.M0014ValidatorTests.test_accepts_complete_native_windows_report) ... ok
test_atomic_report_replaces_target_without_temp_residue (test_m0_014_windows_copy_profile.M0014ValidatorTests.test_atomic_report_replaces_target_without_temp_residue) ... ok
test_counting_receiver_adds_dynamic_counter_fields_once (test_m0_014_windows_copy_profile.M0014ValidatorTests.test_counting_receiver_adds_dynamic_counter_fields_once) ... ok
test_environment_report_always_returns_structured_status (test_m0_014_windows_copy_profile.M0014ValidatorTests.test_environment_report_always_returns_structured_status) ... ok
test_instrumentation_retries_empty_etw_heap_reports_with_a_bound (test_m0_014_windows_copy_profile.M0014ValidatorTests.test_instrumentation_retries_empty_etw_heap_reports_with_a_bound) ... ok
test_rejects_cross_compile_and_incomplete_payloads (test_m0_014_windows_copy_profile.M0014ValidatorTests.test_rejects_cross_compile_and_incomplete_payloads) ... ok
test_rejects_missing_four_k_cap_and_cleanup_failure (test_m0_014_windows_copy_profile.M0014ValidatorTests.test_rejects_missing_four_k_cap_and_cleanup_failure) ... ok
test_rejects_skipped_or_derived_metrics_as_pass (test_m0_014_windows_copy_profile.M0014ValidatorTests.test_rejects_skipped_or_derived_metrics_as_pass) ... ok
test_rejects_unknown_schema_and_stale_revision (test_m0_014_windows_copy_profile.M0014ValidatorTests.test_rejects_unknown_schema_and_stale_revision) ... ok
test_xperf_parser_is_bounded_and_fail_closed (test_m0_014_windows_copy_profile.M0014ValidatorTests.test_xperf_parser_is_bounded_and_fail_closed) ... ok
test_cancellation_parser_fails_closed_above_limit (test_m1_025_transport_qualification.M1025TransportQualificationTests.test_cancellation_parser_fails_closed_above_limit) ... ok
test_cancellation_parser_requires_both_complete_scenarios (test_m1_025_transport_qualification.M1025TransportQualificationTests.test_cancellation_parser_requires_both_complete_scenarios) ... ok
test_net05_validation_enforces_payloads_and_thresholds (test_m1_025_transport_qualification.M1025TransportQualificationTests.test_net05_validation_enforces_payloads_and_thresholds) ... ok
test_percentile_uses_nearest_rank (test_m1_025_transport_qualification.M1025TransportQualificationTests.test_percentile_uses_nearest_rank) ... ok
test_aggregate_timing_keeps_repetitions_and_range (test_m1_027_operation_context_profile.Tests.test_aggregate_timing_keeps_repetitions_and_range) ... ok
test_parse_profile_requires_one_expected_stage (test_m1_027_operation_context_profile.Tests.test_parse_profile_requires_one_expected_stage) ... ok
test_perf_output_parser_accepts_user_counters (test_m1_027_operation_context_profile.Tests.test_perf_output_parser_accepts_user_counters) ... ok
test_parser_counts_threads_concurrency_and_delay (test_m2_003_resolver_pool.M2003ResolverPoolGateTests.test_parser_counts_threads_concurrency_and_delay) ... ok
test_parser_requires_complete_native_calls (test_m2_003_resolver_pool.M2003ResolverPoolGateTests.test_parser_requires_complete_native_calls) ... ok
test_validation_rejects_missing_focused_cases (test_m2_003_resolver_pool.M2003ResolverPoolGateTests.test_validation_rejects_missing_focused_cases) ... ok
test_atomic_json_replaces_complete_document_without_temp_residue (test_m2_004_windows_resolver.M2004WindowsResolverGateTests.test_atomic_json_replaces_complete_document_without_temp_residue) ... ok
test_gate_injects_test_stub_only_into_its_workspace_manifest (test_m2_004_windows_resolver.M2004WindowsResolverGateTests.test_gate_injects_test_stub_only_into_its_workspace_manifest) ... ok
test_loaded_report_digest_cannot_follow_an_atomic_replacement (test_m2_004_windows_resolver.M2004WindowsResolverGateTests.test_loaded_report_digest_cannot_follow_an_atomic_replacement) ... ok
test_rejects_missing_test_only_link_stub_marker (test_m2_004_windows_resolver.M2004WindowsResolverGateTests.test_rejects_missing_test_only_link_stub_marker) ... ok
test_rejects_skipped_case_even_with_zero_exit (test_m2_004_windows_resolver.M2004WindowsResolverGateTests.test_rejects_skipped_case_even_with_zero_exit) ... ok
test_rejects_timeout_and_missing_fixture_binding (test_m2_004_windows_resolver.M2004WindowsResolverGateTests.test_rejects_timeout_and_missing_fixture_binding) ... ok
test_rejects_unknown_schema_stale_revision_and_wrong_platform (test_m2_004_windows_resolver.M2004WindowsResolverGateTests.test_rejects_unknown_schema_stale_revision_and_wrong_platform) ... ok
test_stored_validation_must_match_the_validated_report (test_m2_004_windows_resolver.M2004WindowsResolverGateTests.test_stored_validation_must_match_the_validated_report) ... ok
test_target_native_libraries_propagate_to_path_consumers (test_m2_004_windows_resolver.M2004WindowsResolverGateTests.test_target_native_libraries_propagate_to_path_consumers) ... ok
test_test_stub_binding_accepts_windows_as_last_target (test_m2_004_windows_resolver.M2004WindowsResolverGateTests.test_test_stub_binding_accepts_windows_as_last_target) ... ok
test_valid_report_passes (test_m2_004_windows_resolver.M2004WindowsResolverGateTests.test_valid_report_passes) ... ok
test_validation_payload_binds_the_exact_native_report (test_m2_004_windows_resolver.M2004WindowsResolverGateTests.test_validation_payload_binds_the_exact_native_report) ... ok
test_windows_native_source_preserves_distinct_results_and_native_errors (test_m2_004_windows_resolver.M2004WindowsResolverGateTests.test_windows_native_source_preserves_distinct_results_and_native_errors) ... ok
test_fixture_validation_rejects_missing_hosts (test_m2_005_system_resolver.M2005SystemResolverGateTests.test_fixture_validation_rejects_missing_hosts) ... ok
test_parser_allows_sequence_restart_in_another_process (test_m2_005_system_resolver.M2005SystemResolverGateTests.test_parser_allows_sequence_restart_in_another_process) ... ok
test_parser_requires_complete_calls (test_m2_005_system_resolver.M2005SystemResolverGateTests.test_parser_requires_complete_calls) ... ok
test_parser_retains_host_result_and_duration (test_m2_005_system_resolver.M2005SystemResolverGateTests.test_parser_retains_host_result_and_duration) ... ok
test_process_validation_rejects_skipped_gate_cases (test_m2_005_system_resolver.M2005SystemResolverGateTests.test_process_validation_rejects_skipped_gate_cases) ... ok
test_atomic_json_replaces_complete_document_without_temp_residue (test_m2_006_apple_resolver.M2006AppleResolverGateTests.test_atomic_json_replaces_complete_document_without_temp_residue) ... ok
test_atomic_links_and_bounded_cache (test_m2_006_apple_resolver.M2006AppleResolverGateTests.test_atomic_links_and_bounded_cache) ... ok
test_cancellation_waits_for_native_job_readiness (test_m2_006_apple_resolver.M2006AppleResolverGateTests.test_cancellation_waits_for_native_job_readiness) ... ok
test_gate_injects_test_stub_only_into_selected_workspace_target (test_m2_006_apple_resolver.M2006AppleResolverGateTests.test_gate_injects_test_stub_only_into_selected_workspace_target) ... ok
test_ios_launch_retry_is_limited_to_empty_timeout (test_m2_006_apple_resolver.M2006AppleResolverGateTests.test_ios_launch_retry_is_limited_to_empty_timeout) ... ok
test_ios_probe_accepts_cjc_equals_form_target_argument (test_m2_006_apple_resolver.M2006AppleResolverGateTests.test_ios_probe_accepts_cjc_equals_form_target_argument) ... ok
test_ios_runtime_libraries_use_only_the_simulator_sdk_directory (test_m2_006_apple_resolver.M2006AppleResolverGateTests.test_ios_runtime_libraries_use_only_the_simulator_sdk_directory) ... ok
test_ios_target_uses_builder_published_sysroot (test_m2_006_apple_resolver.M2006AppleResolverGateTests.test_ios_target_uses_builder_published_sysroot) ... ok
test_ios_uses_single_process_app_launch_and_fixed_deployment_target (test_m2_006_apple_resolver.M2006AppleResolverGateTests.test_ios_uses_single_process_app_launch_and_fixed_deployment_target) ... ok
test_rejects_cross_compile_only_and_missing_simulator_evidence (test_m2_006_apple_resolver.M2006AppleResolverGateTests.test_rejects_cross_compile_only_and_missing_simulator_evidence) ... ok
test_rejects_duplicate_case_names_and_unbound_probe_copy (test_m2_006_apple_resolver.M2006AppleResolverGateTests.test_rejects_duplicate_case_names_and_unbound_probe_copy) ... ok
test_rejects_incomplete_duplicate_or_failed_simulator_trace (test_m2_006_apple_resolver.M2006AppleResolverGateTests.test_rejects_incomplete_duplicate_or_failed_simulator_trace) ... ok
test_rejects_incomplete_or_changed_simulator_probe (test_m2_006_apple_resolver.M2006AppleResolverGateTests.test_rejects_incomplete_or_changed_simulator_probe) ... ok
test_rejects_skipped_timeout_and_fixture_not_bound (test_m2_006_apple_resolver.M2006AppleResolverGateTests.test_rejects_skipped_timeout_and_fixture_not_bound) ... ok
test_rejects_unknown_schema_stale_revision_and_wrong_platform (test_m2_006_apple_resolver.M2006AppleResolverGateTests.test_rejects_unknown_schema_stale_revision_and_wrong_platform) ... ok
test_retry_requires_empty_timeout_and_complete_recovery (test_m2_006_apple_resolver.M2006AppleResolverGateTests.test_retry_requires_empty_timeout_and_complete_recovery) ... ok
test_sdk_discovery_uses_the_configured_xcrun (test_m2_006_apple_resolver.M2006AppleResolverGateTests.test_sdk_discovery_uses_the_configured_xcrun) ... ok
test_target_native_libraries_propagate_to_path_consumers (test_m2_006_apple_resolver.M2006AppleResolverGateTests.test_target_native_libraries_propagate_to_path_consumers) ... ok
test_valid_native_ios_simulator_report_passes (test_m2_006_apple_resolver.M2006AppleResolverGateTests.test_valid_native_ios_simulator_report_passes) ... ok
test_valid_native_macos_report_passes (test_m2_006_apple_resolver.M2006AppleResolverGateTests.test_valid_native_macos_report_passes) ... ok
test_validation_payload_binds_the_exact_native_report (test_m2_006_apple_resolver.M2006AppleResolverGateTests.test_validation_payload_binds_the_exact_native_report) ... ok
test_parses_deadline_marker (test_m2_015_native_network.M2015NativeNetworkGateTest.test_parses_deadline_marker) ... ok
test_parses_success_marker (test_m2_015_native_network.M2015NativeNetworkGateTest.test_parses_success_marker) ... ok
test_rejects_missing_or_duplicate_result (test_m2_015_native_network.M2015NativeNetworkGateTest.test_rejects_missing_or_duplicate_result) ... ok
test_resource_trend_is_fail_closed_and_detects_growth (test_m2_015_native_network.M2015NativeNetworkGateTest.test_resource_trend_is_fail_closed_and_detects_growth) ... ok
test_campaign_manifest_is_not_in_generic_gate_runner_namespace (test_m7_023_linux_fuzz.M7023LinuxFuzzGateTest.test_campaign_manifest_is_not_in_generic_gate_runner_namespace) ... ok
test_classification_requires_one_exact_marker_and_threshold (test_m7_023_linux_fuzz.M7023LinuxFuzzGateTest.test_classification_requires_one_exact_marker_and_threshold) ... ok
test_crash_artifact_replays_only_checked_in_coordinates (test_m7_023_linux_fuzz.M7023LinuxFuzzGateTest.test_crash_artifact_replays_only_checked_in_coordinates) ... ok
test_manifest_covers_exact_prd_targets_and_verified_corpora (test_m7_023_linux_fuzz.M7023LinuxFuzzGateTest.test_manifest_covers_exact_prd_targets_and_verified_corpora) ... ok
test_nonzero_and_timeout_fail_even_with_a_pass_marker (test_m7_023_linux_fuzz.M7023LinuxFuzzGateTest.test_nonzero_and_timeout_fail_even_with_a_pass_marker) ... ok
test_o2_rewrite_requires_one_compile_option (test_m7_023_linux_fuzz.M7023LinuxFuzzGateTest.test_o2_rewrite_requires_one_compile_option) ... ok
test_path_escape_and_invalid_hex_fail_closed (test_m7_023_linux_fuzz.M7023LinuxFuzzGateTest.test_path_escape_and_invalid_hex_fail_closed) ... ok
test_campaign_manifest_is_not_in_generic_gate_runner_namespace (test_m7_024_linux_performance.M7024LinuxPerformanceGateTest.test_campaign_manifest_is_not_in_generic_gate_runner_namespace) ... ok
test_domain_schema_error_and_atomic_failure_report_are_explicit (test_m7_024_linux_performance.M7024LinuxPerformanceGateTest.test_domain_schema_error_and_atomic_failure_report_are_explicit) ... ok
test_http2_source_drift_fails_domain (test_m7_024_linux_performance.M7024LinuxPerformanceGateTest.test_http2_source_drift_fails_domain) ... ok
test_manifest_inventory_and_digest_fail_closed (test_m7_024_linux_performance.M7024LinuxPerformanceGateTest.test_manifest_inventory_and_digest_fail_closed) ... ok
test_missing_workload_and_under_sampled_raw_tcp_fail (test_m7_024_linux_performance.M7024LinuxPerformanceGateTest.test_missing_workload_and_under_sampled_raw_tcp_fail) ... ok
test_path_escape_and_non_finite_json_fail_closed (test_m7_024_linux_performance.M7024LinuxPerformanceGateTest.test_path_escape_and_non_finite_json_fail_closed) ... ok
test_threshold_comparisons_accept_equality_and_reject_misses (test_m7_024_linux_performance.M7024LinuxPerformanceGateTest.test_threshold_comparisons_accept_equality_and_reject_misses) ... ok
test_toolchain_environment_mismatch_fails_domain (test_m7_024_linux_performance.M7024LinuxPerformanceGateTest.test_toolchain_environment_mismatch_fails_domain) ... ok
test_nearest_rank_percentile (test_net01_close_wakeup.Net01Tests.test_nearest_rank_percentile) ... ok
test_operation_must_be_blocked (test_net01_close_wakeup.Net01Tests.test_operation_must_be_blocked) ... ok
test_parse_exactly_one_result (test_net01_close_wakeup.Net01Tests.test_parse_exactly_one_result) ... ok
test_sources_use_public_api_only (test_net01_close_wakeup.Net01Tests.test_sources_use_public_api_only) ... ok
test_threshold_fails_closed (test_net01_close_wakeup.Net01Tests.test_threshold_fails_closed) ... ok
test_valid_close_terminal_passes (test_net01_close_wakeup.Net01Tests.test_valid_close_terminal_passes) ... ok
test_write_progress_means_not_blocked (test_net01_close_wakeup.Net01Tests.test_write_progress_means_not_blocked) ... ok
test_wrong_terminal_and_timeout_fail (test_net01_close_wakeup.Net01Tests.test_wrong_terminal_and_timeout_fail) ... ok
test_close_race_requires_both_waiters_after_close (test_net02_full_duplex_races.Net02Tests.test_close_race_requires_both_waiters_after_close) ... ok
test_full_duplex_requires_exact_bytes_and_patterns (test_net02_full_duplex_races.Net02Tests.test_full_duplex_requires_exact_bytes_and_patterns) ... ok
test_parse_and_percentile (test_net02_full_duplex_races.Net02Tests.test_parse_and_percentile) ... ok
test_process_timeout_is_bounded (test_net02_full_duplex_races.Net02Tests.test_process_timeout_is_bounded) ... ok
test_same_direction_evidence_is_observation_not_contract (test_net02_full_duplex_races.Net02Tests.test_same_direction_evidence_is_observation_not_contract) ... ok
test_sources_use_only_public_std_net (test_net02_full_duplex_races.Net02Tests.test_sources_use_only_public_std_net) ... ok
test_classify_accepts_absolute_budget_with_small_overshoot (test_net03_absolute_deadline.Net03AbsoluteDeadlineTests.test_classify_accepts_absolute_budget_with_small_overshoot) ... ok
test_classify_rejects_early_terminal (test_net03_absolute_deadline.Net03AbsoluteDeadlineTests.test_classify_rejects_early_terminal) ... ok
test_classify_rejects_excessive_overshoot (test_net03_absolute_deadline.Net03AbsoluteDeadlineTests.test_classify_rejects_excessive_overshoot) ... ok
test_parse_budgets (test_net03_absolute_deadline.Net03AbsoluteDeadlineTests.test_parse_budgets) ... ok
test_parse_result_requires_one_marker (test_net03_absolute_deadline.Net03AbsoluteDeadlineTests.test_parse_result_requires_one_marker) ... ok
test_partial_write_requires_stable_progress_window (test_net03_absolute_deadline.Net03AbsoluteDeadlineTests.test_partial_write_requires_stable_progress_window) ... ok
test_fin (test_net04_terminal_evidence.Tests.test_fin) ... ok
test_local_eof_ambiguous (test_net04_terminal_evidence.Tests.test_local_eof_ambiguous) ... ok
test_local_exception_distinct (test_net04_terminal_evidence.Tests.test_local_exception_distinct) ... ok
test_local_first_eof_ambiguous (test_net04_terminal_evidence.Tests.test_local_first_eof_ambiguous) ... ok
test_ordered_races (test_net04_terminal_evidence.Tests.test_ordered_races) ... ok
test_parse_exactly_one (test_net04_terminal_evidence.Tests.test_parse_exactly_one) ... ok
test_rst (test_net04_terminal_evidence.Tests.test_rst) ... ok
test_schedule_covers_orders (test_net04_terminal_evidence.Tests.test_schedule_covers_orders) ... ok
test_adapter_sample_requires_zero_staging_copies (test_net05_large_buffer_profile.Tests.test_adapter_sample_requires_zero_staging_copies) ... ok
test_classify_exact_sample (test_net05_large_buffer_profile.Tests.test_classify_exact_sample) ... ok
test_classify_rejects_byte_mismatch (test_net05_large_buffer_profile.Tests.test_classify_rejects_byte_mismatch) ... ok
test_comparison_applies_both_prd_thresholds (test_net05_large_buffer_profile.Tests.test_comparison_applies_both_prd_thresholds) ... ok
test_comparison_uses_one_unittest_binary_shape (test_net05_large_buffer_profile.Tests.test_comparison_uses_one_unittest_binary_shape) ... ok
test_fixed_4k_cap (test_net05_large_buffer_profile.Tests.test_fixed_4k_cap) ... ok
test_gate_covers_every_prd_payload (test_net05_large_buffer_profile.Tests.test_gate_covers_every_prd_payload) ... ok
test_parse_output (test_net05_large_buffer_profile.Tests.test_parse_output) ... ok
test_parse_rejects_missing_result (test_net05_large_buffer_profile.Tests.test_parse_rejects_missing_result) ... ok
test_parses_native_instrumentation (test_net05_large_buffer_profile.Tests.test_parses_native_instrumentation) ... ok
test_percentile_nearest_rank (test_net05_large_buffer_profile.Tests.test_percentile_nearest_rank) ... ok
test_small_payload_is_not_classified_as_a_fixed_4k_cap (test_net05_large_buffer_profile.Tests.test_small_payload_is_not_classified_as_a_fixed_4k_cap) ... ok
test_zero_byte_sample_needs_no_read_and_aggregates_empty_read_sizes (test_net05_large_buffer_profile.Tests.test_zero_byte_sample_needs_no_read_and_aggregates_empty_read_sizes) ... ok
test_connect_close_classification (test_net06_leak_soak.Tests.test_connect_close_classification) ... ok
test_echo_requires_exact_totals (test_net06_leak_soak.Tests.test_echo_requires_exact_totals) ... ok
test_full_linux_profile_uses_required_counts (test_net06_leak_soak.Tests.test_full_linux_profile_uses_required_counts) ... ok
test_parse_rejects_missing_result (test_net06_leak_soak.Tests.test_parse_rejects_missing_result) ... ok
test_parse_result (test_net06_leak_soak.Tests.test_parse_result) ... ok
test_reset_requires_one_socket_exception_per_iteration (test_net06_leak_soak.Tests.test_reset_requires_one_socket_exception_per_iteration) ... ok
test_resource_aggregate (test_net06_leak_soak.Tests.test_resource_aggregate) ... ok
test_resource_trend_excludes_warmup_and_accepts_bounded_plateau (test_net06_leak_soak.Tests.test_resource_trend_excludes_warmup_and_accepts_bounded_plateau) ... ok
test_resource_trend_is_inconclusive_without_enough_samples (test_net06_leak_soak.Tests.test_resource_trend_is_inconclusive_without_enough_samples) ... ok
test_resource_trend_rejects_sustained_rss_or_fd_growth (test_net06_leak_soak.Tests.test_resource_trend_rejects_sustained_rss_or_fd_growth) ... ok
test_scenario_parser (test_net06_leak_soak.Tests.test_scenario_parser) ... ok
test_tls_cleanup_report_is_fail_closed (test_net06_leak_soak.Tests.test_tls_cleanup_report_is_fail_closed) ... ok
test_transport_cleanup_pass_consumes_serialized_scenario_records (test_net06_leak_soak.Tests.test_transport_cleanup_pass_consumes_serialized_scenario_records) ... ok
test_parses_exact_markers_and_heap_plateau (test_net06_production_cleanup.Tests.test_parses_exact_markers_and_heap_plateau) ... ok
test_process_tree_snapshot_has_resource_classes (test_net06_production_cleanup.Tests.test_process_tree_snapshot_has_resource_classes) ... ok
test_rejects_duplicate_marker (test_net06_production_cleanup.Tests.test_rejects_duplicate_marker) ... ok
test_resource_summary_checks_lifecycle_plateau (test_net06_production_cleanup.Tests.test_resource_summary_checks_lifecycle_plateau) ... ok
test_reused_evidence_fails_closed (test_net06_production_cleanup.Tests.test_reused_evidence_fails_closed) ... ok
test_parse_completed_cycles (test_net06_tls_failure_cleanup.Tests.test_parse_completed_cycles) ... ok
test_parse_rejects_missing_or_duplicate_metric (test_net06_tls_failure_cleanup.Tests.test_parse_rejects_missing_or_duplicate_metric) ... ok
test_heap_trend_excludes_warmup_and_fails_growth (test_sse_streaming_profile.Tests.test_heap_trend_excludes_warmup_and_fails_growth) ... ok
test_parse_output_requires_one_protocol_result (test_sse_streaming_profile.Tests.test_parse_output_requires_one_protocol_result) ... ok
test_resource_trend_checks_every_resource_class (test_sse_streaming_profile.Tests.test_resource_trend_checks_every_resource_class) ... ok
test_short_runs_cannot_be_formal (test_sse_streaming_profile.Tests.test_short_runs_cannot_be_formal) ... ok

----------------------------------------------------------------------
Ran 177 tests in 3.201s

OK
test_baseline_threshold_is_ninety_percent (test_http1_benchmark.Http1BenchmarkTest.test_baseline_threshold_is_ninety_percent) ... ok
test_benchmark_snapshot_enables_o2_without_touching_source_manifest (test_http1_benchmark.Http1BenchmarkTest.test_benchmark_snapshot_enables_o2_without_touching_source_manifest) ... ok
test_descendant_totals_include_recursive_children (test_http1_benchmark.Http1BenchmarkTest.test_descendant_totals_include_recursive_children) ... ok
test_linear_memory_growth_fails (test_http1_benchmark.Http1BenchmarkTest.test_linear_memory_growth_fails) ... ok
test_missing_baseline_is_partial_not_pass (test_http1_benchmark.Http1BenchmarkTest.test_missing_baseline_is_partial_not_pass) ... ok
test_round_summary_rejects_inconsistent_checksums (test_http1_benchmark.Http1BenchmarkTest.test_round_summary_rejects_inconsistent_checksums) ... ok
test_round_summary_uses_median_duration (test_http1_benchmark.Http1BenchmarkTest.test_round_summary_uses_median_duration) ... ok
test_aggregate_combines_reversed_passes (test_http2_benchmark.Http2BenchmarkTest.test_aggregate_combines_reversed_passes) ... ok
test_classification_requires_bounds_and_connection_reduction (test_http2_benchmark.Http2BenchmarkTest.test_classification_requires_bounds_and_connection_reduction) ... ok
test_descendant_totals_include_recursive_children (test_http2_benchmark.Http2BenchmarkTest.test_descendant_totals_include_recursive_children) ... ok
test_nearest_rank_percentiles (test_http2_benchmark.Http2BenchmarkTest.test_nearest_rank_percentiles) ... ok
test_production_source_fingerprint_changes_with_source_bytes (test_http2_benchmark.Http2BenchmarkTest.test_production_source_fingerprint_changes_with_source_bytes) ... ok
test_blackhole_requires_two_connections (test_m2_016_dns_to_connected.M2016BenchmarkTest.test_blackhole_requires_two_connections) ... ok
test_duplicate_indexes_fail_closed (test_m2_016_dns_to_connected.M2016BenchmarkTest.test_duplicate_indexes_fail_closed) ... ok
test_loss_allows_delayed_second_attempt (test_m2_016_dns_to_connected.M2016BenchmarkTest.test_loss_allows_delayed_second_attempt) ... ok
test_nearest_rank (test_m2_016_dns_to_connected.M2016BenchmarkTest.test_nearest_rank) ... ok
test_o2_snapshot_does_not_touch_source_manifest (test_m2_016_dns_to_connected.M2016BenchmarkTest.test_o2_snapshot_does_not_touch_source_manifest) ... ok
test_parse_cancellation_sample (test_m2_016_dns_to_connected.M2016BenchmarkTest.test_parse_cancellation_sample) ... ok
test_parse_success_sample (test_m2_016_dns_to_connected.M2016BenchmarkTest.test_parse_success_sample) ... ok
test_classification_enforces_every_threshold (test_m3_028_tls.M3028TlsGateTest.test_classification_enforces_every_threshold) ... ok
test_nearest_rank_is_not_interpolated (test_m3_028_tls.M3028TlsGateTest.test_nearest_rank_is_not_interpolated) ... ok
test_o2_snapshot_rewrite_is_exact (test_m3_028_tls.M3028TlsGateTest.test_o2_snapshot_rewrite_is_exact) ... ok
test_parses_exact_wirestack_marker (test_m3_028_tls.M3028TlsGateTest.test_parses_exact_wirestack_marker) ... ok
test_rejects_duplicate_or_wrong_marker (test_m3_028_tls.M3028TlsGateTest.test_rejects_duplicate_or_wrong_marker) ... ok

----------------------------------------------------------------------
Ran 24 tests in 0.005s

OK
[33mwarning[0m: unused function:'waitUntilWriteActive'
   [36m==>[0m <repo-root>/build/m8-008/20260909T191258.619736Z-2128850-2824ceb0/legs/A/repo/src/internal/transport_stdnet/package.cj:545:5:
    [36m| [0m
[36m545[0m [36m| [0m      internal func waitUntilWriteActive(timeout: Duration): Bool {[0m
    [36m| [0m [33m_[0m[33m____^[0m
[36m546[0m [36m| [0m[33m|[0m         let expiresAt = MonoTime.now() + timeout[0m
    [36m| [0m[33m|[0m ...[0m
[36m557[0m [36m| [0m[33m|[0m     }[0m
    [36m| [0m[33m|[0m[33m_[0m[33m____^ unused function[0m
    [36m| [0m
    [36m#[0m [0mnote[0m: this warning can be suppressed by setting the compiler option `-Woff unused`

[33mwarning[0m: unused function:'waitUntilAcceptActive'
   [36m==>[0m <repo-root>/build/m8-008/20260909T191258.619736Z-2128850-2824ceb0/legs/A/repo/src/internal/transport_stdnet/package.cj:845:5:
    [36m| [0m
[36m845[0m [36m| [0m      func waitUntilAcceptActive(timeout: Duration): Bool {[0m
    [36m| [0m [33m_[0m[33m____^[0m
[36m846[0m [36m| [0m[33m|[0m         let expiresAt = MonoTime.now() + timeout[0m
    [36m| [0m[33m|[0m ...[0m
[36m854[0m [36m| [0m[33m|[0m     }[0m
    [36m| [0m[33m|[0m[33m_[0m[33m____^ unused function[0m
    [36m| [0m
    [36m#[0m [0mnote[0m: this warning can be suppressed by setting the compiler option `-Woff unused`

2 warnings generated, 2 warnings printed.
[33mwarning[0m: unused function:'waitUntilWaiters'
   [36m==>[0m <repo-root>/build/m8-008/20260909T191258.619736Z-2128850-2824ceb0/legs/A/repo/src/internal/http1/connection_pool.cj:374:5:
    [36m| [0m
[36m374[0m [36m| [0m      internal func waitUntilWaiters(expected: Int64, timeout: Duration): Bool {[0m
    [36m| [0m [33m_[0m[33m____^[0m
[36m375[0m [36m| [0m[33m|[0m         let expiresAt = MonoTime.now() + timeout[0m
    [36m| [0m[33m|[0m ...[0m
[36m384[0m [36m| [0m[33m|[0m     }[0m
    [36m| [0m[33m|[0m[33m_[0m[33m____^ unused function[0m
    [36m| [0m
    [36m#[0m [0mnote[0m: this warning can be suppressed by setting the compiler option `-Woff unused`

1 warning generated, 1 warning printed.
[33mwarning[0m: unreachable block in 'if' expression
   [36m| [0m
   [36m| [0m  /* 6.10 */                if(e is AssertException) {[0m
   [36m| [0m [33m_[0m[33m___________________________________________________^[0m
   [36m| [0m[33m|[0m /* 6.11 */                    throw e[0m
   [36m| [0m[33m|[0m /* 6.12 */                }[0m
   [36m| [0m[33m|[0m[33m_[0m[33m__________________________^ unreachable block in 'if' expression[0m
   [36m| [0m
   [36m#[0m [0mnote[0m: this warning can be suppressed by setting the compiler option `-Woff unused`
[34mnote[0m: the code after the macro is expanded as follows
    [36m| [0m
    [36m| [0m  /* 6.1 */@Attribute[TEST_GENERATED] class PublicTlsFacadeTest <: TestClass {[0m
    [36m| [0m [34m_[0m[34m^[0m
    [36m| [0m[34m|[0m /* 6.2 */    @Attribute[TestCase_0][0m
    [36m| [0m[34m|[0m /* 6.3 */    func clientBuilderRejectsReversedVersionRangeBeforeTransportIo(): Unit {[0m
    [36m| [0m[34m|[0m /* 6.4 */        try {[0m
    [36m| [0m[34m|[0m /* 6.5 */            try {[0m
    [36m| [0m[34m|[0m /* 6.6 */                assertEqual("true", "true", true, true)[0m
    [36m| [0m[34m|[0m /* 6.7 */                TlsClientContext.builder().versions(TlsVersion.Tls13, TlsVersion.Tls12).build()[0m
    [36m| [0m[34m|[0m /* 6.8 */                fail("@AssertThrows: Expected 'TlsContextException' was not caught.")[0m
    [36m| [0m[34m|[0m /* 6.9 */            } catch(e: TlsContextException) {[0m
    [36m| [0m[34m|[0m /* 6.10 */                if(e is AssertException) {[0m
    [36m| [0m[34m|[0m /* 6.11 */                    throw e[0m
    [36m| [0m[34m|[0m /* 6.12 */                }[0m
    [36m| [0m[34m|[0m /* 6.13 */                if(e is AssertIntermediateException) {[0m
    [36m| [0m[34m|[0m /* 6.14 */                    throw e[0m
    [36m| [0m[34m|[0m /* 6.15 */                }[0m
    [36m| [0m[34m|[0m /* 6.16 */                if(e is UnittestTimeoutException) {[0m
    [36m| [0m[34m|[0m /* 6.17 */                    throw e[0m
    [36m| [0m[34m|[0m /* 6.18 */                }[0m
    [36m| [0m[34m|[0m /* 6.19 */                e[0m
    [36m| [0m[34m|[0m /* 6.20 */            }[0m
    [36m| [0m[34m|[0m /* 6.21 */        } catch(e: Exception) {[0m
    [36m| [0m[34m|[0m /* 6.22 */            if(e is AssertException || e is AssertIntermediateException || e is UnittestTimeoutException) {[0m
    [36m| [0m[34m|[0m /* 6.23 */                throw e[0m
    [36m| [0m[34m|[0m /* 6.24 */            }[0m
    [36m| [0m[34m|[0m /* 6.25 */            assertCaughtUnexpectedE("@AssertThrows(TlsContextException)", "TlsContextException", e.toString())[0m
    [36m| [0m[34m|[0m /* 6.26 */        }[0m
    [36m| [0m[34m|[0m /* 6.27 */    }[0m
    [36m| [0m[34m|[0m /* 6.28 */    [0m
    [36m| [0m[34m|[0m /* 6.29 */    @Attribute[TestCase_1][0m
    [36m| [0m[34m|[0m /* 6.30 */    func serverBuilderRequiresAnIdentityBeforeTransportIo(): Unit {[0m
    [36m| [0m[34m|[0m /* 6.31 */        try {[0m
    [36m| [0m[34m|[0m /* 6.32 */            try {[0m
    [36m| [0m[34m|[0m /* 6.33 */                assertEqual("true", "true", true, true)[0m
    [36m| [0m[34m|[0m /* 6.34 */                TlsServerContext.builder().build()[0m
    [36m| [0m[34m|[0m /* 6.35 */                fail("@AssertThrows: Expected 'TlsContextException' was not caught.")[0m
    [36m| [0m[34m|[0m /* 6.36 */            } catch(e: TlsContextException) {[0m
    [36m| [0m[34m|[0m /* 6.37 */                if(e is AssertException) {[0m
    [36m| [0m[34m|[0m /* 6.38 */                    throw e[0m
    [36m| [0m[34m|[0m /* 6.39 */                }[0m
    [36m| [0m[34m|[0m /* 6.40 */                if(e is AssertIntermediateException) {[0m
    [36m| [0m[34m|[0m /* 6.41 */                    throw e[0m
    [36m| [0m[34m|[0m /* 6.42 */                }[0m
    [36m| [0m[34m|[0m /* 6.43 */                if(e is UnittestTimeoutException) {[0m
    [36m| [0m[34m|[0m /* 6.44 */                    throw e[0m
    [36m| [0m[34m|[0m /* 6.45 */                }[0m
    [36m| [0m[34m|[0m /* 6.46 */                e[0m
    [36m| [0m[34m|[0m /* 6.47 */            }[0m
    [36m| [0m[34m|[0m /* 6.48 */        } catch(e: Exception) {[0m
    [36m| [0m[34m|[0m /* 6.49 */            if(e is AssertException || e is AssertIntermediateException || e is UnittestTimeoutException) {[0m
    [36m| [0m[34m|[0m /* 6.50 */                throw e[0m
    [36m| [0m[34m|[0m /* 6.51 */            }[0m
    [36m| [0m[34m|[0m /* 6.52 */            assertCaughtUnexpectedE("@AssertThrows(TlsContextException)", "TlsContextException", e.toString())[0m
    [36m| [0m[34m|[0m /* 6.53 */        }[0m
    [36m| [0m[34m|[0m /* 6.54 */    }[0m
    [36m| [0m[34m|[0m /* 6.55 */    [0m
    [36m| [0m[34m|[0m /* 6.56 */    @Attribute[TestCase_2][0m
    [36m| [0m[34m|[0m /* 6.57 */    func clientBuilderCopiesAlpnAndPublishesProviderNeutralCapabilities(): Unit {[0m
    [36m| [0m[34m|[0m /* 6.58 */        let protocols =["h2", "http/1.1"][0m
    [36m| [0m[34m|[0m /* 6.59 */        let context = TlsClientContext.builder().alpn(protocols).build()[0m
    [36m| [0m[34m|[0m /* 6.60 */        protocols[0] = "mutated"[0m
    [36m| [0m[34m|[0m /* 6.61 */        expectEqual("context.alpnProtocols()", "[\"h2\", \"http/1.1\"]", context.alpnProtocols(),["h2", "http/1.1"], isDelta: false)[0m
    [36m| [0m[34m|[0m /* 6.62 */        expectEqual("context.capabilities.supports(TlsCapability.Tls13)", "true", context.capabilities.supports(TlsCapability.Tls13), true, isDelta: false)[0m
    [36m| [0m[34m|[0m /* 6.63 */        expectEqual("context.capabilities.supports(TlsCapability.ServerMode)", "true", context.capabilities.supports(TlsCapability.ServerMode), true, isDelta: false)[0m
    [36m| [0m[34m|[0m /* 6.64 */    }[0m
    [36m| [0m[34m|[0m /* 6.65 */    [0m
    [36m| [0m[34m|[0m /* 6.66 */    @Attribute[TestCase_3][0m
    [36m| [0m[34m|[0m /* 6.67 */    func preCancelledHandshakeConsumesAndAbortsTheTransport(): Unit {[0m
    [36m| [0m[34m|[0m /* 6.68 */        let source = CancellationSource()[0m
    [36m| [0m[34m|[0m /* 6.69 */        source.cancel()[0m
    [36m| [0m[34m|[0m /* 6.70 */        let transport = CountingTransport()[0m
    [36m| [0m[34m|[0m /* 6.71 */        let context = OperationContext(cancellation: source.token)[0m
    [36m| [0m[34m|[0m /* 6.72 */        try {[0m
    [36m| [0m[34m|[0m /* 6.73 */            try {[0m
    [36m| [0m[34m|[0m /* 6.74 */                assertEqual("true", "true", true, true)[0m
    [36m| [0m[34m|[0m /* 6.75 */                TlsClientContext.builder().build().handshake(transport, HostName("example.com"), context: context)[0m
    [36m| [0m[34m|[0m /* 6.76 */                fail("@AssertThrows: Expected 'NetworkException' was not caught.")[0m
    [36m| [0m[34m|[0m /* 6.77 */            } catch(e: NetworkException) {[0m
    [36m| [0m[34m|[0m /* 6.78 */                if(e is AssertException) {[0m
    [36m| [0m[34m|[0m /* 6.79 */                    throw e[0m
    [36m| [0m[34m|[0m /* 6.80 */                }[0m
    [36m| [0m[34m|[0m /* 6.81 */                if(e is AssertIntermediateException) {[0m
    [36m| [0m[34m|[0m /* 6.82 */                    throw e[0m
    [36m| [0m[34m|[0m /* 6.83 */                }[0m
    [36m| [0m[34m|[0m /* 6.84 */                if(e is UnittestTimeoutException) {[0m
    [36m| [0m[34m|[0m /* 6.85 */                    throw e[0m
    [36m| [0m[34m|[0m /* 6.86 */                }[0m
    [36m| [0m[34m|[0m /* 6.87 */                e[0m
    [36m| [0m[34m|[0m /* 6.88 */            }[0m
    [36m| [0m[34m|[0m /* 6.89 */        } catch(e: Exception) {[0m
    [36m| [0m[34m|[0m /* 6.90 */            if(e is AssertException || e is AssertIntermediateException || e is UnittestTimeoutException) {[0m
    [36m| [0m[34m|[0m /* 6.91 */                throw e[0m
    [36m| [0m[34m|[0m /* 6.92 */            }[0m
    [36m| [0m[34m|[0m /* 6.93 */            assertCaughtUnexpectedE("@AssertThrows(NetworkException)", "NetworkException", e.toString())[0m
    [36m| [0m[34m|[0m /* 6.94 */        }[0m
    [36m| [0m[34m|[0m /* 6.95 */        expectEqual("transport.abortCalls", "1", transport.abortCalls, 1, isDelta: false)[0m
    [36m| [0m[34m|[0m /* 6.96 */        expectEqual("transport.closeCalls", "0", transport.closeCalls, 0, isDelta: false)[0m
    [36m| [0m[34m|[0m /* 6.97 */    }[0m
    [36m| [0m[34m|[0m /* 6.98 */    [0m
    [36m| [0m[34m|[0m /* 6.99 */    init() {[0m
    [36m| [0m[34m|[0m /* 6.100 */    }[0m
    [36m| [0m[34m|[0m /* 6.101 */    private func classConfiguration(): Configuration {[0m
    [36m| [0m[34m|[0m /* 6.102 */        let configuration = Configuration()[0m
    [36m| [0m[34m|[0m /* 6.103 */        [0m
    [36m| [0m[34m|[0m /* 6.104 */        return configuration[0m
    [36m| [0m[34m|[0m /* 6.105 */    }[0m
    [36m| [0m[34m|[0m /* 6.106 */    public override func asTestSuite(): TestSuite {[0m
    [36m| [0m[34m|[0m /* 6.107 */        [0m
    [36m| [0m[34m|[0m /* 6.108 */        let suiteConfiguration = classConfiguration()[0m
    [36m| [0m[34m|[0m /* 6.109 */        let suiteBuilder = TestSuite.builder("PublicTlsFacadeTest").configure(suiteConfiguration)[0m
    [36m| [0m[34m|[0m /* 6.110 */        [0m
    [36m| [0m[34m|[0m /* 6.111 */        { => let caseConfig = Configuration()[0m
    [36m| [0m[34m|[0m /* 6.112 */            [0m
    [36m| [0m[34m|[0m /* 6.113 */            let clientBuilderRejectsReversedVersionRangeBeforeTransportIoTestFunc = { => clientBuilderRejectsReversedVersionRangeBeforeTransportIo();() }[0m
    [36m| [0m[34m|[0m /* 6.114 */            suiteBuilder.add([0m
    [36m| [0m[34m|[0m /* 6.115 */            UnitTestCase.create([0m
    [36m| [0m[34m|[0m /* 6.116 */            "clientBuilderRejectsReversedVersionRangeBeforeTransportIo",[0m
    [36m| [0m[34m|[0m /* 6.117 */            configuration: caseConfig,[0m
    [36m| [0m[34m|[0m /* 6.118 */            body: clientBuilderRejectsReversedVersionRangeBeforeTransportIoTestFunc[0m
    [36m| [0m[34m|[0m /* 6.119 */            )[0m
    [36m| [0m[34m|[0m /* 6.120 */            )[0m
    [36m| [0m[34m|[0m /* 6.121 */            [0m
    [36m| [0m[34m|[0m /* 6.122 */        }()[0m
    [36m| [0m[34m|[0m /* 6.123 */        [0m
    [36m| [0m[34m|[0m /* 6.124 */        [0m
    [36m| [0m[34m|[0m /* 6.125 */        { => let caseConfig = Configuration()[0m
    [36m| [0m[34m|[0m /* 6.126 */            [0m
    [36m| [0m[34m|[0m /* 6.127 */            let serverBuilderRequiresAnIdentityBeforeTransportIoTestFunc = { => serverBuilderRequiresAnIdentityBeforeTransportIo();() }[0m
    [36m| [0m[34m|[0m /* 6.128 */            suiteBuilder.add([0m
    [36m| [0m[34m|[0m /* 6.129 */            UnitTestCase.create([0m
    [36m| [0m[34m|[0m /* 6.130 */            "serverBuilderRequiresAnIdentityBeforeTransportIo",[0m
    [36m| [0m[34m|[0m /* 6.131 */            configuration: caseConfig,[0m
    [36m| [0m[34m|[0m /* 6.132 */            body: serverBuilderRequiresAnIdentityBeforeTransportIoTestFunc[0m
    [36m| [0m[34m|[0m /* 6.133 */            )[0m
    [36m| [0m[34m|[0m /* 6.134 */            )[0m
    [36m| [0m[34m|[0m /* 6.135 */            [0m
    [36m| [0m[34m|[0m /* 6.136 */        }()[0m
    [36m| [0m[34m|[0m /* 6.137 */        [0m
    [36m| [0m[34m|[0m /* 6.138 */        [0m
    [36m| [0m[34m|[0m /* 6.139 */        { => let caseConfig = Configuration()[0m
    [36m| [0m[34m|[0m /* 6.140 */            [0m
    [36m| [0m[34m|[0m /* 6.141 */            let clientBuilderCopiesAlpnAndPublishesProviderNeutralCapabilitiesTestFunc = { => clientBuilderCopiesAlpnAndPublishesProviderNeutralCapabilities();() }[0m
    [36m| [0m[34m|[0m /* 6.142 */            suiteBuilder.add([0m
    [36m| [0m[34m|[0m /* 6.143 */            UnitTestCase.create([0m
    [36m| [0m[34m|[0m /* 6.144 */            "clientBuilderCopiesAlpnAndPublishesProviderNeutralCapabilities",[0m
    [36m| [0m[34m|[0m /* 6.145 */            configuration: caseConfig,[0m
    [36m| [0m[34m|[0m /* 6.146 */            body: clientBuilderCopiesAlpnAndPublishesProviderNeutralCapabilitiesTestFunc[0m
    [36m| [0m[34m|[0m /* 6.147 */            )[0m
    [36m| [0m[34m|[0m /* 6.148 */            )[0m
    [36m| [0m[34m|[0m /* 6.149 */            [0m
    [36m| [0m[34m|[0m /* 6.150 */        }()[0m
    [36m| [0m[34m|[0m /* 6.151 */        [0m
    [36m| [0m[34m|[0m /* 6.152 */        [0m
    [36m| [0m[34m|[0m /* 6.153 */        { => let caseConfig = Configuration()[0m
    [36m| [0m[34m|[0m /* 6.154 */            [0m
    [36m| [0m[34m|[0m /* 6.155 */            let preCancelledHandshakeConsumesAndAbortsTheTransportTestFunc = { => preCancelledHandshakeConsumesAndAbortsTheTransport();() }[0m
    [36m| [0m[34m|[0m /* 6.156 */            suiteBuilder.add([0m
    [36m| [0m[34m|[0m /* 6.157 */            UnitTestCase.create([0m
    [36m| [0m[34m|[0m /* 6.158 */            "preCancelledHandshakeConsumesAndAbortsTheTransport",[0m
    [36m| [0m[34m|[0m /* 6.159 */            configuration: caseConfig,[0m
    [36m| [0m[34m|[0m /* 6.160 */            body: preCancelledHandshakeConsumesAndAbortsTheTransportTestFunc[0m
    [36m| [0m[34m|[0m /* 6.161 */            )[0m
    [36m| [0m[34m|[0m /* 6.162 */            )[0m
    [36m| [0m[34m|[0m /* 6.163 */            [0m
    [36m| [0m[34m|[0m /* 6.164 */        }()[0m
    [36m| [0m[34m|[0m /* 6.165 */        [0m
    [36m| [0m[34m|[0m /* 6.166 */        return suiteBuilder.build()[0m
    [36m| [0m[34m|[0m /* 6.167 */    }[0m
    [36m| [0m[34m|[0m /* 6.168 */    private func inheritedFromClassAnnotatedByTestTemplate < T >(): TestSuite where T <: TestClass {[0m
    [36m| [0m[34m|[0m /* 6.169 */        throw Exception("Unreachable code")[0m
    [36m| [0m[34m|[0m /* 6.170 */    }[0m
    [36m| [0m[34m|[0m /* 6.171 */}[0m
    [36m| [0m[34m|[0m /* 6.172 */[0m
    [36m| [0m[34m|[0m /* 6.173 */[0m
    [36m| [0m[34m|[0m /* 6.174 */interface TestPackageExtension_PublicTlsFacadeTest {[0m
    [36m| [0m[34m|[0m /* 6.175 */    func registerPublicTlsFacadeTest(): Unit[0m
    [36m| [0m[34m|[0m /* 6.176 */}[0m
    [36m| [0m[34m|[0m /* 6.177 */extend TestPackage <: TestPackageExtension_PublicTlsFacadeTest {[0m
    [36m| [0m[34m|[0m /* 6.178 */    @Attribute[TEST_REGISTER][0m
    [36m| [0m[34m|[0m /* 6.179 */    public func registerPublicTlsFacadeTest() {[0m
    [36m| [0m[34m|[0m /* 6.180 */        registerSuite({ => PublicTlsFacadeTest().asTestSuite() })[0m
    [36m| [0m[34m|[0m /* 6.181 */    }[0m
    [36m| [0m[34m|[0m /* 6.182 */}[0m
    [36m| [0m[34m|[0m /* 6.183 */[0m
    [36m| [0m[34m|[0m[34m_[0m[34m__________^[0m
    [36m| [0m
[34mnote[0m: the warning occurs after the macro is expanded
  [36m==>[0m <repo-root>/build/m8-008/20260909T191258.619736Z-2128850-2824ceb0/legs/A/repo/src/tls/facade_test.cj:6:1:
   [36m| [0m
[36m6[0m  [36m| [0m  @Test[0m
   [36m| [0m [34m_[0m[34m^[0m
[36m7[0m  [36m| [0m[34m|[0m class PublicTlsFacadeTest {[0m
   [36m| [0m[34m|[0m ...[0m
[36m48[0m [36m| [0m[34m|[0m }[0m
   [36m| [0m[34m|[0m[34m_[0m[34m^[0m
   [36m| [0m

[33mwarning[0m: unreachable block in 'if' expression
   [36m| [0m
   [36m| [0m  /* 6.13 */                if(e is AssertIntermediateException) {[0m
   [36m| [0m [33m_[0m[33m_______________________________________________________________^[0m
   [36m| [0m[33m|[0m /* 6.14 */                    throw e[0m
   [36m| [0m[33m|[0m /* 6.15 */                }[0m
   [36m| [0m[33m|[0m[33m_[0m[33m__________________________^ unreachable block in 'if' expression[0m
   [36m| [0m
   [36m#[0m [0mnote[0m: this warning can be suppressed by setting the compiler option `-Woff unused`
[34mnote[0m: the warning occurs after the macro is expanded
  [36m==>[0m <repo-root>/build/m8-008/20260909T191258.619736Z-2128850-2824ceb0/legs/A/repo/src/tls/facade_test.cj:6:1:
   [36m| [0m
[36m6[0m  [36m| [0m  @Test[0m
   [36m| [0m [34m_[0m[34m^[0m
[36m7[0m  [36m| [0m[34m|[0m class PublicTlsFacadeTest {[0m
   [36m| [0m[34m|[0m ...[0m
[36m48[0m [36m| [0m[34m|[0m }[0m
   [36m| [0m[34m|[0m[34m_[0m[34m^[0m
   [36m| [0m

[33mwarning[0m: unreachable block in 'if' expression
   [36m| [0m
   [36m| [0m  /* 6.16 */                if(e is UnittestTimeoutException) {[0m
   [36m| [0m [33m_[0m[33m____________________________________________________________^[0m
   [36m| [0m[33m|[0m /* 6.17 */                    throw e[0m
   [36m| [0m[33m|[0m /* 6.18 */                }[0m
   [36m| [0m[33m|[0m[33m_[0m[33m__________________________^ unreachable block in 'if' expression[0m
   [36m| [0m
   [36m#[0m [0mnote[0m: this warning can be suppressed by setting the compiler option `-Woff unused`
[34mnote[0m: the warning occurs after the macro is expanded
  [36m==>[0m <repo-root>/build/m8-008/20260909T191258.619736Z-2128850-2824ceb0/legs/A/repo/src/tls/facade_test.cj:6:1:
   [36m| [0m
[36m6[0m  [36m| [0m  @Test[0m
   [36m| [0m [34m_[0m[34m^[0m
[36m7[0m  [36m| [0m[34m|[0m class PublicTlsFacadeTest {[0m
   [36m| [0m[34m|[0m ...[0m
[36m48[0m [36m| [0m[34m|[0m }[0m
   [36m| [0m[34m|[0m[34m_[0m[34m^[0m
   [36m| [0m

[33mwarning[0m: unreachable block in 'if' expression
   [36m| [0m
   [36m| [0m  /* 6.37 */                if(e is AssertException) {[0m
   [36m| [0m [33m_[0m[33m___________________________________________________^[0m
   [36m| [0m[33m|[0m /* 6.38 */                    throw e[0m
   [36m| [0m[33m|[0m /* 6.39 */                }[0m
   [36m| [0m[33m|[0m[33m_[0m[33m__________________________^ unreachable block in 'if' expression[0m
   [36m| [0m
   [36m#[0m [0mnote[0m: this warning can be suppressed by setting the compiler option `-Woff unused`
[34mnote[0m: the warning occurs after the macro is expanded
  [36m==>[0m <repo-root>/build/m8-008/20260909T191258.619736Z-2128850-2824ceb0/legs/A/repo/src/tls/facade_test.cj:6:1:
   [36m| [0m
[36m6[0m  [36m| [0m  @Test[0m
   [36m| [0m [34m_[0m[34m^[0m
[36m7[0m  [36m| [0m[34m|[0m class PublicTlsFacadeTest {[0m
   [36m| [0m[34m|[0m ...[0m
[36m48[0m [36m| [0m[34m|[0m }[0m
   [36m| [0m[34m|[0m[34m_[0m[34m^[0m
   [36m| [0m

[33mwarning[0m: unreachable block in 'if' expression
   [36m| [0m
   [36m| [0m  /* 6.40 */                if(e is AssertIntermediateException) {[0m
   [36m| [0m [33m_[0m[33m_______________________________________________________________^[0m
   [36m| [0m[33m|[0m /* 6.41 */                    throw e[0m
   [36m| [0m[33m|[0m /* 6.42 */                }[0m
   [36m| [0m[33m|[0m[33m_[0m[33m__________________________^ unreachable block in 'if' expression[0m
   [36m| [0m
   [36m#[0m [0mnote[0m: this warning can be suppressed by setting the compiler option `-Woff unused`
[34mnote[0m: the warning occurs after the macro is expanded
  [36m==>[0m <repo-root>/build/m8-008/20260909T191258.619736Z-2128850-2824ceb0/legs/A/repo/src/tls/facade_test.cj:6:1:
   [36m| [0m
[36m6[0m  [36m| [0m  @Test[0m
   [36m| [0m [34m_[0m[34m^[0m
[36m7[0m  [36m| [0m[34m|[0m class PublicTlsFacadeTest {[0m
   [36m| [0m[34m|[0m ...[0m
[36m48[0m [36m| [0m[34m|[0m }[0m
   [36m| [0m[34m|[0m[34m_[0m[34m^[0m
   [36m| [0m

[33mwarning[0m: unreachable block in 'if' expression
   [36m| [0m
   [36m| [0m  /* 6.43 */                if(e is UnittestTimeoutException) {[0m
   [36m| [0m [33m_[0m[33m____________________________________________________________^[0m
   [36m| [0m[33m|[0m /* 6.44 */                    throw e[0m
   [36m| [0m[33m|[0m /* 6.45 */                }[0m
   [36m| [0m[33m|[0m[33m_[0m[33m__________________________^ unreachable block in 'if' expression[0m
   [36m| [0m
   [36m#[0m [0mnote[0m: this warning can be suppressed by setting the compiler option `-Woff unused`
[34mnote[0m: the warning occurs after the macro is expanded
  [36m==>[0m <repo-root>/build/m8-008/20260909T191258.619736Z-2128850-2824ceb0/legs/A/repo/src/tls/facade_test.cj:6:1:
   [36m| [0m
[36m6[0m  [36m| [0m  @Test[0m
   [36m| [0m [34m_[0m[34m^[0m
[36m7[0m  [36m| [0m[34m|[0m class PublicTlsFacadeTest {[0m
   [36m| [0m[34m|[0m ...[0m
[36m48[0m [36m| [0m[34m|[0m }[0m
   [36m| [0m[34m|[0m[34m_[0m[34m^[0m
   [36m| [0m

6 warnings generated, 6 warnings printed.
[33mwarning[0m: unused expression
   [36m| [0m
   [36m| [0m/* 10.29 */                    None < TlsProviderException >[0m
   [36m| [0m                               [33m^^^^^^^^^^^^^^^^^^^^^^^^^^^^^ unused expression[0m
   [36m| [0m
   [36m#[0m [0mnote[0m: this warning can be suppressed by setting the compiler option `-Woff unused`
[34mnote[0m: the code after the macro is expanded as follows
    [36m| [0m
    [36m| [0m  /* 10.1 */@Attribute[TEST_GENERATED] class TlsProviderSubstitutionTest <: TestClass {[0m
    [36m| [0m [34m_[0m[34m^[0m
    [36m| [0m[34m|[0m /* 10.2 */    @Attribute[TestCase_64][0m
    [36m| [0m[34m|[0m /* 10.3 */    func testProviderUsesTheProductionFactoryContract(): Unit {[0m
    [36m| [0m[34m|[0m /* 10.4 */        let provider = TestTlsProviderFactory("test-one").create()[0m
    [36m| [0m[34m|[0m /* 10.5 */        try {[0m
    [36m| [0m[34m|[0m /* 10.6 */            expectEqual("provider.manifest().providerId", "\"wirestack-test\"", provider.manifest().providerId, "wirestack-test", isDelta: false)[0m
    [36m| [0m[34m|[0m /* 10.7 */            expectEqual("provider.manifest().fingerprint", "\"test-one\"", provider.manifest().fingerprint, "test-one", isDelta: false)[0m
    [36m| [0m[34m|[0m /* 10.8 */            expectEqual("provider.capabilities().supports(TlsCapability.Tls13)", "true", provider.capabilities().supports(TlsCapability.Tls13), true, isDelta: false)[0m
    [36m| [0m[34m|[0m /* 10.9 */            let context = TlsClientContext.builder(provider.manifest(), provider.capabilities()).trust(TrustPolicy.customRoots(CertificateChain([DerCertificate(tlsTestCertificateDer())]))).build()[0m
    [36m| [0m[34m|[0m /* 10.10 */            let engine = provider.createClientEngine(context, ReferenceIdentity.Dns(HostName("example.com")), serverName: None < HostName >)[0m
    [36m| [0m[34m|[0m /* 10.11 */            expectEqual("isComplete(engine.handshakeStep())", "true", isComplete(engine.handshakeStep()), true, isDelta: false)[0m
    [36m| [0m[34m|[0m /* 10.12 */            engine.close()[0m
    [36m| [0m[34m|[0m /* 10.13 */        } finally {[0m
    [36m| [0m[34m|[0m /* 10.14 */            provider.close()[0m
    [36m| [0m[34m|[0m /* 10.15 */        }[0m
    [36m| [0m[34m|[0m /* 10.16 */    }[0m
    [36m| [0m[34m|[0m /* 10.17 */    [0m
    [36m| [0m[34m|[0m /* 10.18 */    @Attribute[TestCase_65][0m
    [36m| [0m[34m|[0m /* 10.19 */    func objectsFromDifferentProviderInstancesCannotMix(): Unit {[0m
    [36m| [0m[34m|[0m /* 10.20 */        let first = TestTlsProvider("first")[0m
    [36m| [0m[34m|[0m /* 10.21 */        let second = TestTlsProvider("second")[0m
    [36m| [0m[34m|[0m /* 10.22 */        try {[0m
    [36m| [0m[34m|[0m /* 10.23 */            let context = TlsClientContext.builder(first.manifest(), first.capabilities()).trust(TrustPolicy.customRoots(CertificateChain([DerCertificate(tlsTestCertificateDer())]))).build()[0m
    [36m| [0m[34m|[0m /* 10.24 */            try {[0m
    [36m| [0m[34m|[0m /* 10.25 */                try {[0m
    [36m| [0m[34m|[0m /* 10.26 */                    assertEqual("true", "true", true, true)[0m
    [36m| [0m[34m|[0m /* 10.27 */                    second.createClientEngine(context, ReferenceIdentity.Dns(HostName("example.com")), serverName: None < HostName >)[0m
    [36m| [0m[34m|[0m /* 10.28 */                    failExpect("@ExpectThrows: Expected 'TlsProviderException' was not caught.")[0m
    [36m| [0m[34m|[0m /* 10.29 */                    None < TlsProviderException >[0m
    [36m| [0m[34m|[0m /* 10.30 */                } catch(e: TlsProviderException) {[0m
    [36m| [0m[34m|[0m /* 10.31 */                    if(e is AssertException) {[0m
    [36m| [0m[34m|[0m /* 10.32 */                        throw e[0m
    [36m| [0m[34m|[0m /* 10.33 */                    }[0m
    [36m| [0m[34m|[0m /* 10.34 */                    if(e is AssertIntermediateException) {[0m
    [36m| [0m[34m|[0m /* 10.35 */                        throw e[0m
    [36m| [0m[34m|[0m /* 10.36 */                    }[0m
    [36m| [0m[34m|[0m /* 10.37 */                    if(e is UnittestTimeoutException) {[0m
    [36m| [0m[34m|[0m /* 10.38 */                        throw e[0m
    [36m| [0m[34m|[0m /* 10.39 */                    }[0m
    [36m| [0m[34m|[0m /* 10.40 */                    e[0m
    [36m| [0m[34m|[0m /* 10.41 */                }[0m
    [36m| [0m[34m|[0m /* 10.42 */            } catch(e: Exception) {[0m
    [36m| [0m[34m|[0m /* 10.43 */                if(e is AssertException || e is AssertIntermediateException || e is UnittestTimeoutException) {[0m
    [36m| [0m[34m|[0m /* 10.44 */                    throw e[0m
    [36m| [0m[34m|[0m /* 10.45 */                }[0m
    [36m| [0m[34m|[0m /* 10.46 */                expectCaughtUnexpectedE("@ExpectThrows(TlsProviderException)", "TlsProviderException", e.toString())[0m
    [36m| [0m[34m|[0m /* 10.47 */                None < TlsProviderException >[0m
    [36m| [0m[34m|[0m /* 10.48 */            }[0m
    [36m| [0m[34m|[0m /* 10.49 */        } finally {[0m
    [36m| [0m[34m|[0m /* 10.50 */            first.close()[0m
    [36m| [0m[34m|[0m /* 10.51 */            second.close()[0m
    [36m| [0m[34m|[0m /* 10.52 */        }[0m
    [36m| [0m[34m|[0m /* 10.53 */    }[0m
    [36m| [0m[34m|[0m /* 10.54 */    [0m
    [36m| [0m[34m|[0m /* 10.55 */    @Attribute[TestCase_66][0m
    [36m| [0m[34m|[0m /* 10.56 */    func activeEngineRetainsProviderUntilItCloses(): Unit {[0m
    [36m| [0m[34m|[0m /* 10.57 */        let provider = TestTlsProvider("lifetime")[0m
    [36m| [0m[34m|[0m /* 10.58 */        let engine = provider.createEngine(TlsEngineRole.Client, TlsSecurityPolicy.forProfile(TlsSecurityProfile.Modern))[0m
    [36m| [0m[34m|[0m /* 10.59 */        provider.close()[0m
    [36m| [0m[34m|[0m /* 10.60 */        expectEqual("provider.closeRequested()", "true", provider.closeRequested(), true, isDelta: false)[0m
    [36m| [0m[34m|[0m /* 10.61 */        expectEqual("! provider.resourcesReleased()", "true", ! provider.resourcesReleased(), true, isDelta: false)[0m
    [36m| [0m[34m|[0m /* 10.62 */        expectEqual("isComplete(engine.handshakeStep())", "true", isComplete(engine.handshakeStep()), true, isDelta: false)[0m
    [36m| [0m[34m|[0m /* 10.63 */        engine.close()[0m
    [36m| [0m[34m|[0m /* 10.64 */        expectEqual("provider.resourcesReleased()", "true", provider.resourcesReleased(), true, isDelta: false)[0m
    [36m| [0m[34m|[0m /* 10.65 */        engine.close()[0m
    [36m| [0m[34m|[0m /* 10.66 */        expectEqual("provider.resourcesReleased()", "true", provider.resourcesReleased(), true, isDelta: false)[0m
    [36m| [0m[34m|[0m /* 10.67 */    }[0m
    [36m| [0m[34m|[0m /* 10.68 */    [0m
    [36m| [0m[34m|[0m /* 10.69 */    init() {[0m
    [36m| [0m[34m|[0m /* 10.70 */    }[0m
    [36m| [0m[34m|[0m /* 10.71 */    private func classConfiguration(): Configuration {[0m
    [36m| [0m[34m|[0m /* 10.72 */        let configuration = Configuration()[0m
    [36m| [0m[34m|[0m /* 10.73 */        [0m
    [36m| [0m[34m|[0m /* 10.74 */        return configuration[0m
    [36m| [0m[34m|[0m /* 10.75 */    }[0m
    [36m| [0m[34m|[0m /* 10.76 */    public override func asTestSuite(): TestSuite {[0m
    [36m| [0m[34m|[0m /* 10.77 */        [0m
    [36m| [0m[34m|[0m /* 10.78 */        let suiteConfiguration = classConfiguration()[0m
    [36m| [0m[34m|[0m /* 10.79 */        let suiteBuilder = TestSuite.builder("TlsProviderSubstitutionTest").configure(suiteConfiguration)[0m
    [36m| [0m[34m|[0m /* 10.80 */        [0m
    [36m| [0m[34m|[0m /* 10.81 */        { => let caseConfig = Configuration()[0m
    [36m| [0m[34m|[0m /* 10.82 */            [0m
    [36m| [0m[34m|[0m /* 10.83 */            let testProviderUsesTheProductionFactoryContractTestFunc = { => testProviderUsesTheProductionFactoryContract();() }[0m
    [36m| [0m[34m|[0m /* 10.84 */            suiteBuilder.add([0m
    [36m| [0m[34m|[0m /* 10.85 */            UnitTestCase.create([0m
    [36m| [0m[34m|[0m /* 10.86 */            "testProviderUsesTheProductionFactoryContract",[0m
    [36m| [0m[34m|[0m /* 10.87 */            configuration: caseConfig,[0m
    [36m| [0m[34m|[0m /* 10.88 */            body: testProviderUsesTheProductionFactoryContractTestFunc[0m
    [36m| [0m[34m|[0m /* 10.89 */            )[0m
    [36m| [0m[34m|[0m /* 10.90 */            )[0m
    [36m| [0m[34m|[0m /* 10.91 */            [0m
    [36m| [0m[34m|[0m /* 10.92 */        }()[0m
    [36m| [0m[34m|[0m /* 10.93 */        [0m
    [36m| [0m[34m|[0m /* 10.94 */        [0m
    [36m| [0m[34m|[0m /* 10.95 */        { => let caseConfig = Configuration()[0m
    [36m| [0m[34m|[0m /* 10.96 */            [0m
    [36m| [0m[34m|[0m /* 10.97 */            let objectsFromDifferentProviderInstancesCannotMixTestFunc = { => objectsFromDifferentProviderInstancesCannotMix();() }[0m
    [36m| [0m[34m|[0m /* 10.98 */            suiteBuilder.add([0m
    [36m| [0m[34m|[0m /* 10.99 */            UnitTestCase.create([0m
    [36m| [0m[34m|[0m /* 10.100 */            "objectsFromDifferentProviderInstancesCannotMix",[0m
    [36m| [0m[34m|[0m /* 10.101 */            configuration: caseConfig,[0m
    [36m| [0m[34m|[0m /* 10.102 */            body: objectsFromDifferentProviderInstancesCannotMixTestFunc[0m
    [36m| [0m[34m|[0m /* 10.103 */            )[0m
    [36m| [0m[34m|[0m /* 10.104 */            )[0m
    [36m| [0m[34m|[0m /* 10.105 */            [0m
    [36m| [0m[34m|[0m /* 10.106 */        }()[0m
    [36m| [0m[34m|[0m /* 10.107 */        [0m
    [36m| [0m[34m|[0m /* 10.108 */        [0m
    [36m| [0m[34m|[0m /* 10.109 */        { => let caseConfig = Configuration()[0m
    [36m| [0m[34m|[0m /* 10.110 */            [0m
    [36m| [0m[34m|[0m /* 10.111 */            let activeEngineRetainsProviderUntilItClosesTestFunc = { => activeEngineRetainsProviderUntilItCloses();() }[0m
    [36m| [0m[34m|[0m /* 10.112 */            suiteBuilder.add([0m
    [36m| [0m[34m|[0m /* 10.113 */            UnitTestCase.create([0m
    [36m| [0m[34m|[0m /* 10.114 */            "activeEngineRetainsProviderUntilItCloses",[0m
    [36m| [0m[34m|[0m /* 10.115 */            configuration: caseConfig,[0m
    [36m| [0m[34m|[0m /* 10.116 */            body: activeEngineRetainsProviderUntilItClosesTestFunc[0m
    [36m| [0m[34m|[0m /* 10.117 */            )[0m
    [36m| [0m[34m|[0m /* 10.118 */            )[0m
    [36m| [0m[34m|[0m /* 10.119 */            [0m
    [36m| [0m[34m|[0m /* 10.120 */        }()[0m
    [36m| [0m[34m|[0m /* 10.121 */        [0m
    [36m| [0m[34m|[0m /* 10.122 */        return suiteBuilder.build()[0m
    [36m| [0m[34m|[0m /* 10.123 */    }[0m
    [36m| [0m[34m|[0m /* 10.124 */    private func inheritedFromClassAnnotatedByTestTemplate < T >(): TestSuite where T <: TestClass {[0m
    [36m| [0m[34m|[0m /* 10.125 */        throw Exception("Unreachable code")[0m
    [36m| [0m[34m|[0m /* 10.126 */    }[0m
    [36m| [0m[34m|[0m /* 10.127 */}[0m
    [36m| [0m[34m|[0m /* 10.128 */[0m
    [36m| [0m[34m|[0m /* 10.129 */[0m
    [36m| [0m[34m|[0m /* 10.130 */interface TestPackageExtension_TlsProviderSubstitutionTest {[0m
    [36m| [0m[34m|[0m /* 10.131 */    func registerTlsProviderSubstitutionTest(): Unit[0m
    [36m| [0m[34m|[0m /* 10.132 */}[0m
    [36m| [0m[34m|[0m /* 10.133 */extend TestPackage <: TestPackageExtension_TlsProviderSubstitutionTest {[0m
    [36m| [0m[34m|[0m /* 10.134 */    @Attribute[TEST_REGISTER][0m
    [36m| [0m[34m|[0m /* 10.135 */    public func registerTlsProviderSubstitutionTest() {[0m
    [36m| [0m[34m|[0m /* 10.136 */        registerSuite({ => TlsProviderSubstitutionTest().asTestSuite() })[0m
    [36m| [0m[34m|[0m /* 10.137 */    }[0m
    [36m| [0m[34m|[0m /* 10.138 */}[0m
    [36m| [0m[34m|[0m /* 10.139 */[0m
    [36m| [0m[34m|[0m[34m_[0m[34m___________^[0m
    [36m| [0m
[34mnote[0m: the warning occurs after the macro is expanded
  [36m==>[0m <repo-root>/build/m8-008/20260909T191258.619736Z-2128850-2824ceb0/legs/A/repo/src/internal/tls_engine/provider_test.cj:10:1:
   [36m| [0m
[36m10[0m [36m| [0m  @Test[0m
   [36m| [0m [34m_[0m[34m^[0m
[36m11[0m [36m| [0m[34m|[0m class TlsProviderSubstitutionTest {[0m
   [36m| [0m[34m|[0m ...[0m
[36m79[0m [36m| [0m[34m|[0m }[0m
   [36m| [0m[34m|[0m[34m_[0m[34m^[0m
   [36m| [0m

[33mwarning[0m: unreachable block in 'if' expression
   [36m| [0m
   [36m| [0m  /* 10.31 */                    if(e is AssertException) {[0m
   [36m| [0m [33m_[0m[33m________________________________________________________^[0m
   [36m| [0m[33m|[0m /* 10.32 */                        throw e[0m
   [36m| [0m[33m|[0m /* 10.33 */                    }[0m
   [36m| [0m[33m|[0m[33m_[0m[33m_______________________________^ unreachable block in 'if' expression[0m
   [36m| [0m
   [36m#[0m [0mnote[0m: this warning can be suppressed by setting the compiler option `-Woff unused`
[34mnote[0m: the warning occurs after the macro is expanded
  [36m==>[0m <repo-root>/build/m8-008/20260909T191258.619736Z-2128850-2824ceb0/legs/A/repo/src/internal/tls_engine/provider_test.cj:10:1:
   [36m| [0m
[36m10[0m [36m| [0m  @Test[0m
   [36m| [0m [34m_[0m[34m^[0m
[36m11[0m [36m| [0m[34m|[0m class TlsProviderSubstitutionTest {[0m
   [36m| [0m[34m|[0m ...[0m
[36m79[0m [36m| [0m[34m|[0m }[0m
   [36m| [0m[34m|[0m[34m_[0m[34m^[0m
   [36m| [0m

[33mwarning[0m: unreachable block in 'if' expression
   [36m| [0m
   [36m| [0m  /* 10.34 */                    if(e is AssertIntermediateException) {[0m
   [36m| [0m [33m_[0m[33m____________________________________________________________________^[0m
   [36m| [0m[33m|[0m /* 10.35 */                        throw e[0m
   [36m| [0m[33m|[0m /* 10.36 */                    }[0m
   [36m| [0m[33m|[0m[33m_[0m[33m_______________________________^ unreachable block in 'if' expression[0m
   [36m| [0m
   [36m#[0m [0mnote[0m: this warning can be suppressed by setting the compiler option `-Woff unused`
[34mnote[0m: the warning occurs after the macro is expanded
  [36m==>[0m <repo-root>/build/m8-008/20260909T191258.619736Z-2128850-2824ceb0/legs/A/repo/src/internal/tls_engine/provider_test.cj:10:1:
   [36m| [0m
[36m10[0m [36m| [0m  @Test[0m
   [36m| [0m [34m_[0m[34m^[0m
[36m11[0m [36m| [0m[34m|[0m class TlsProviderSubstitutionTest {[0m
   [36m| [0m[34m|[0m ...[0m
[36m79[0m [36m| [0m[34m|[0m }[0m
   [36m| [0m[34m|[0m[34m_[0m[34m^[0m
   [36m| [0m

[33mwarning[0m: unreachable block in 'if' expression
   [36m| [0m
   [36m| [0m  /* 10.37 */                    if(e is UnittestTimeoutException) {[0m
   [36m| [0m [33m_[0m[33m_________________________________________________________________^[0m
   [36m| [0m[33m|[0m /* 10.38 */                        throw e[0m
   [36m| [0m[33m|[0m /* 10.39 */                    }[0m
   [36m| [0m[33m|[0m[33m_[0m[33m_______________________________^ unreachable block in 'if' expression[0m
   [36m| [0m
   [36m#[0m [0mnote[0m: this warning can be suppressed by setting the compiler option `-Woff unused`
[34mnote[0m: the warning occurs after the macro is expanded
  [36m==>[0m <repo-root>/build/m8-008/20260909T191258.619736Z-2128850-2824ceb0/legs/A/repo/src/internal/tls_engine/provider_test.cj:10:1:
   [36m| [0m
[36m10[0m [36m| [0m  @Test[0m
   [36m| [0m [34m_[0m[34m^[0m
[36m11[0m [36m| [0m[34m|[0m class TlsProviderSubstitutionTest {[0m
   [36m| [0m[34m|[0m ...[0m
[36m79[0m [36m| [0m[34m|[0m }[0m
   [36m| [0m[34m|[0m[34m_[0m[34m^[0m
   [36m| [0m

[33mwarning[0m: unused expression
   [36m| [0m
   [36m| [0m/* 10.47 */                None < TlsProviderException >[0m
   [36m| [0m                           [33m^^^^^^^^^^^^^^^^^^^^^^^^^^^^^ unused expression[0m
   [36m| [0m
   [36m#[0m [0mnote[0m: this warning can be suppressed by setting the compiler option `-Woff unused`
[34mnote[0m: the warning occurs after the macro is expanded
  [36m==>[0m <repo-root>/build/m8-008/20260909T191258.619736Z-2128850-2824ceb0/legs/A/repo/src/internal/tls_engine/provider_test.cj:10:1:
   [36m| [0m
[36m10[0m [36m| [0m  @Test[0m
   [36m| [0m [34m_[0m[34m^[0m
[36m11[0m [36m| [0m[34m|[0m class TlsProviderSubstitutionTest {[0m
   [36m| [0m[34m|[0m ...[0m
[36m79[0m [36m| [0m[34m|[0m }[0m
   [36m| [0m[34m|[0m[34m_[0m[34m^[0m
   [36m| [0m

[33mwarning[0m: unused variable:'serverName'
   [36m==>[0m <repo-root>/build/m8-008/20260909T191258.619736Z-2128850-2824ceb0/legs/A/repo/src/internal/tls_engine/provider_test.cj:141:9:
    [36m| [0m
[36m141[0m [36m| [0m        serverName!: ?HostName[0m
    [36m| [0m        [33m^^^^^^^^^^ unused variable[0m
    [36m| [0m
    [36m#[0m [0mnote[0m: this warning can be suppressed by setting the compiler option `-Woff unused`

[33mwarning[0m: unused function:'containsAscii'
   [36m==>[0m <repo-root>/build/m8-008/20260909T191258.619736Z-2128850-2824ceb0/legs/A/repo/src/internal/tls_engine/engine_pump_test.cj:896:1:
    [36m| [0m
[36m896[0m [36m| [0m  private func containsAscii(buffer: Array<Byte>, length: Int64, needle: String): Bool {[0m
    [36m| [0m [33m_[0m[33m^[0m
[36m897[0m [36m| [0m[33m|[0m     let bytes = needle.toArray()[0m
    [36m| [0m[33m|[0m ...[0m
[36m910[0m [36m| [0m[33m|[0m }[0m
    [36m| [0m[33m|[0m[33m_[0m[33m^ unused function[0m
    [36m| [0m
    [36m#[0m [0mnote[0m: this warning can be suppressed by setting the compiler option `-Woff unused`

7 warnings generated, 7 warnings printed.
[33mwarning[0m: unused import 'wirestack.internal.http_model.*'
 [36m==>[0m <repo-root>/build/m8-008/20260909T191258.619736Z-2128850-2824ceb0/legs/A/repo/src/internal/http2/stream_reset_test.cj:7:1:
  [36m| [0m
[36m7[0m [36m| [0mimport wirestack.internal.http_model.*[0m
  [36m| [0m[33m^^^^^^^^^^^^^^^^^^^^^^^^^^^^^^^^^^^^^^ unused import[0m
  [36m| [0m
  [36m#[0m [0mnote[0m: this warning can be suppressed by setting the compiler option `-Woff unused`

1 warning generated, 1 warning printed.
[33mwarning[0m: unreachable pattern
    [36m==>[0m <repo-root>/build/m8-008/20260909T191258.619736Z-2128850-2824ceb0/legs/A/repo/src/http/facade_test.cj:1598:80:
     [36m| [0m
[36m1598[0m [36m| [0m            match (tunnel) { case Some(value) => value.transport.close(); case None => raw.close() }[0m
     [36m| [0m                                                                               [33m^ [0m
     [36m| [0m
     [36m#[0m [0mnote[0m: this warning can be suppressed by setting the compiler option `-Woff unused`
[34mnote[0m: the code after the macro is expanded as follows
     [36m| [0m
     [36m| [0m  /* 17.1 */@Attribute[TEST_GENERATED] class HttpFacadeTest <: TestClass {[0m
     [36m| [0m [34m_[0m[34m^[0m
     [36m| [0m[34m|[0m /* 17.2 */    @Attribute[TestCase_18][0m
     [36m| [0m[34m|[0m /* 17.3 */    func cancellationWrapperPreservesProtocolCompletionPolicy(): Unit {[0m
     [36m| [0m[34m|[0m /* 17.4 */        let operation = HttpRequestCancellationOperation(OperationContext.background(), None < HttpRequestCancellationHandle >, None < HttpConnectionCancellationHandle >, None < HttpStreamCancellationHandle >)[0m
     [36m| [0m[34m|[0m /* 17.5 */        let delegate = ResponseBody(RequestBody.string("abc").open(), completeAtDeclaredLength: false)[0m
     [36m| [0m[34m|[0m /* 17.6 */        let response = operation.wrap(HttpResponse(200, "OK", delegate))[0m
     [36m| [0m[34m|[0m /* 17.7 */        let destination = Array < Byte >(3, repeat: 0u8)[0m
     [36m| [0m[34m|[0m /* 17.8 */        expectEqual("response.body.read(destination)", "3", response.body.read(destination), 3, isDelta: false)[0m
     [36m| [0m[34m|[0m /* 17.9 */        expectEqual("! response.body.isFullyConsumed()", "true", ! response.body.isFullyConsumed(), true, isDelta: false)[0m
     [36m| [0m[34m|[0m /* 17.10 */        expectEqual("response.body.read(destination)", "0", response.body.read(destination), 0, isDelta: false)[0m
     [36m| [0m[34m|[0m /* 17.11 */        expectEqual("response.body.isFullyConsumed()", "true", response.body.isFullyConsumed(), true, isDelta: false)[0m
     [36m| [0m[34m|[0m /* 17.12 */        response.close()[0m
     [36m| [0m[34m|[0m /* 17.13 */    }[0m
     [36m| [0m[34m|[0m /* 17.14 */    [0m
     [36m| [0m[34m|[0m /* 17.15 */    @Attribute[TestCase_19][0m
     [36m| [0m[34m|[0m /* 17.16 */    func connectionCancellationDoesNotDuplicateIntoHttp2StreamContext(): Unit {[0m
     [36m| [0m[34m|[0m /* 17.17 */        let connection = HttpConnectionCancellationHandle()[0m
     [36m| [0m[34m|[0m /* 17.18 */        let operation = HttpRequestCancellationOperation(OperationContext.background(), None < HttpRequestCancellationHandle >, Some(connection), None < HttpStreamCancellationHandle >)[0m
     [36m| [0m[34m|[0m /* 17.19 */        expectEqual("! operation.context.isCancellationRequested()", "true", ! operation.context.isCancellationRequested(), true, isDelta: false)[0m
     [36m| [0m[34m|[0m /* 17.20 */        expectEqual("! operation.streamContext.isCancellationRequested()", "true", ! operation.streamContext.isCancellationRequested(), true, isDelta: false)[0m
     [36m| [0m[34m|[0m /* 17.21 */        expectEqual("connection.cancel()", "true", connection.cancel(), true, isDelta: false)[0m
     [36m| [0m[34m|[0m /* 17.22 */        expectEqual("operation.context.isCancellationRequested()", "true", operation.context.isCancellationRequested(), true, isDelta: false)[0m
     [36m| [0m[34m|[0m /* 17.23 */        expectEqual("! operation.streamContext.isCancellationRequested()", "true", ! operation.streamContext.isCancellationRequested(), true, isDelta: false)[0m
     [36m| [0m[34m|[0m /* 17.24 */        operation.fail()[0m
     [36m| [0m[34m|[0m /* 17.25 */    }[0m
     [36m| [0m[34m|[0m /* 17.26 */    [0m
     [36m| [0m[34m|[0m /* 17.27 */    @Attribute[TestCase_20][0m
     [36m| [0m[34m|[0m /* 17.28 */    func typedCancellationHandlesAreScopedIdempotentAndStopBeforeNetworkIo(): Unit {[0m
     [36m| [0m[34m|[0m /* 17.29 */        let requestCancellation = HttpRequestCancellationHandle()[0m
     [36m| [0m[34m|[0m /* 17.30 */        let connectionCancellation = HttpConnectionCancellationHandle()[0m
     [36m| [0m[34m|[0m /* 17.31 */        let streamCancellation = HttpStreamCancellationHandle()[0m
     [36m| [0m[34m|[0m /* 17.32 */        expectEqual("requestCancellation.scope", "HttpCancellationScope.Request", requestCancellation.scope, HttpCancellationScope.Request, isDelta: false)[0m
     [36m| [0m[34m|[0m /* 17.33 */        expectEqual("connectionCancellation.scope", "HttpCancellationScope.Connection", connectionCancellation.scope, HttpCancellationScope.Connection, isDelta: false)[0m
     [36m| [0m[34m|[0m /* 17.34 */        expectEqual("streamCancellation.scope", "HttpCancellationScope.Stream", streamCancellation.scope, HttpCancellationScope.Stream, isDelta: false)[0m
     [36m| [0m[34m|[0m /* 17.35 */        expectEqual("requestCancellation.cancel()", "true", requestCancellation.cancel(), true, isDelta: false)[0m
     [36m| [0m[34m|[0m /* 17.36 */        expectEqual("! requestCancellation.cancel()", "true", ! requestCancellation.cancel(), true, isDelta: false)[0m
     [36m| [0m[34m|[0m /* 17.37 */        expectEqual("requestCancellation.isCancellationRequested", "true", requestCancellation.isCancellationRequested, true, isDelta: false)[0m
     [36m| [0m[34m|[0m /* 17.38 */        let raceHandle = HttpStreamCancellationHandle()[0m
     [36m| [0m[34m|[0m /* 17.39 */        let raceWinners = AtomicInt64(0)[0m
     [36m| [0m[34m|[0m /* 17.40 */        let racers = ArrayList < Future < Unit >>()[0m
     [36m| [0m[34m|[0m /* 17.41 */        for(_ in 0 .. 64) {[0m
     [36m| [0m[34m|[0m /* 17.42 */            racers.add(spawn { if(raceHandle.cancel()) {[0m
     [36m| [0m[34m|[0m /* 17.43 */                let _ = raceWinners.fetchAdd(1)[0m
     [36m| [0m[34m|[0m /* 17.44 */            }[0m
     [36m| [0m[34m|[0m /* 17.45 */        })[0m
     [36m| [0m[34m|[0m /* 17.46 */    }[0m
     [36m| [0m[34m|[0m /* 17.47 */    for(racer in racers) {[0m
     [36m| [0m[34m|[0m /* 17.48 */        racer.get(3 * Duration.second)[0m
     [36m| [0m[34m|[0m /* 17.49 */    }[0m
     [36m| [0m[34m|[0m /* 17.50 */    expectEqual("raceWinners.load()", "1", raceWinners.load(), 1, isDelta: false)[0m
     [36m| [0m[34m|[0m /* 17.51 */    expectEqual("! raceHandle.cancel()", "true", ! raceHandle.cancel(), true, isDelta: false)[0m
     [36m| [0m[34m|[0m /* 17.52 */    let handler = PublicCancellationHandler()[0m
     [36m| [0m[34m|[0m /* 17.53 */    let server = HttpServer.builder().listen(publicLoopback(0)).handler(handler).build()[0m
     [36m| [0m[34m|[0m /* 17.54 */    let serving: Future < Unit >= spawn { server.serve()[0m
     [36m| [0m[34m|[0m /* 17.55 */    }[0m
     [36m| [0m[34m|[0m /* 17.56 */    let host = HostName("cancel.test")[0m
     [36m| [0m[34m|[0m /* 17.57 */    let client = HttpClient.builder().resolver(StaticResolver(ResolveResult([server.localEndpoint.address], host, ResolverSource.Static))).requestTimeout(3 * Duration.second).build()[0m
     [36m| [0m[34m|[0m /* 17.58 */    var cancelled = false[0m
     [36m| [0m[34m|[0m /* 17.59 */    try {[0m
     [36m| [0m[34m|[0m /* 17.60 */        let warmup = client.get("http://cancel.test:${server.localEndpoint.port}/small")[0m
     [36m| [0m[34m|[0m /* 17.61 */        expectEqual("readPublicBody(warmup.body)", "\"ok\"", readPublicBody(warmup.body), "ok", isDelta: false)[0m
     [36m| [0m[34m|[0m /* 17.62 */        warmup.close()[0m
     [36m| [0m[34m|[0m /* 17.63 */        let _ = client.getControlled("http://cancel.test:${server.localEndpoint.port}/small", HttpCancellationHandles(request: Some(requestCancellation)))[0m
     [36m| [0m[34m|[0m /* 17.64 */    } catch(error: NetworkException) {[0m
     [36m| [0m[34m|[0m /* 17.65 */        match(error.category) {[0m
     [36m| [0m[34m|[0m /* 17.66 */            case NetworkErrorCategory.Cancelled => cancelled = true[0m
     [36m| [0m[34m|[0m /* 17.67 */            case _ =>()[0m
     [36m| [0m[34m|[0m /* 17.68 */        }[0m
     [36m| [0m[34m|[0m /* 17.69 */    }[0m
     [36m| [0m[34m|[0m /* 17.70 */    finally {[0m
     [36m| [0m[34m|[0m /* 17.71 */        client.close()[0m
     [36m| [0m[34m|[0m /* 17.72 */        let _ = server.shutdown(context: OperationContext(deadline: Some(Deadline.after(3 * Duration.second))))[0m
     [36m| [0m[34m|[0m /* 17.73 */        serving.get(3 * Duration.second)[0m
     [36m| [0m[34m|[0m /* 17.74 */    }[0m
     [36m| [0m[34m|[0m /* 17.75 */    expectEqual("cancelled", "true", cancelled, true, isDelta: false)[0m
     [36m| [0m[34m|[0m /* 17.76 */    expectEqual("handler.calls.load()", "1", handler.calls.load(), 1, isDelta: false)[0m
     [36m| [0m[34m|[0m /* 17.77 */    expectEqual("connectionCancellation.cancel()", "true", connectionCancellation.cancel(), true, isDelta: false)[0m
     [36m| [0m[34m|[0m /* 17.78 */    expectEqual("! connectionCancellation.cancel()", "true", ! connectionCancellation.cancel(), true, isDelta: false)[0m
     [36m| [0m[34m|[0m /* 17.79 */    expectEqual("streamCancellation.cancel()", "true", streamCancellation.cancel(), true, isDelta: false)[0m
     [36m| [0m[34m|[0m /* 17.80 */    expectEqual("! streamCancellation.cancel()", "true", ! streamCancellation.cancel(), true, isDelta: false)[0m
     [36m| [0m[34m|[0m /* 17.81 */}[0m
     [36m| [0m[34m|[0m /* 17.82 */[0m
     [36m| [0m[34m|[0m /* 17.83 */@Attribute[TestCase_21][0m
     [36m| [0m[34m|[0m /* 17.84 */func publicHttp1ConnectionHandleCancelsBodyAndLeavesClientReusable(): Unit {[0m
     [36m| [0m[34m|[0m /* 17.85 */    let handler = PublicCancellationHandler()[0m
     [36m| [0m[34m|[0m /* 17.86 */    let server = HttpServer.builder().listen(publicLoopback(0)).handler(handler).build()[0m
     [36m| [0m[34m|[0m /* 17.87 */    let serving: Future < Unit >= spawn { server.serve()[0m
     [36m| [0m[34m|[0m /* 17.88 */    }[0m
     [36m| [0m[34m|[0m /* 17.89 */    let host = HostName("cancel.test")[0m
     [36m| [0m[34m|[0m /* 17.90 */    let client = HttpClient.builder().resolver(StaticResolver(ResolveResult([server.localEndpoint.address], host, ResolverSource.Static))).requestTimeout(5 * Duration.second).build()[0m
     [36m| [0m[34m|[0m /* 17.91 */    try {[0m
     [36m| [0m[34m|[0m /* 17.92 */        let connectionCancellation = HttpConnectionCancellationHandle()[0m
     [36m| [0m[34m|[0m /* 17.93 */        let response = client.getControlled("http://cancel.test:${server.localEndpoint.port}/large", HttpCancellationHandles(connection: Some(connectionCancellation)))[0m
     [36m| [0m[34m|[0m /* 17.94 */        expectEqual("response.version", "HttpVersion.Http11", response.version, HttpVersion.Http11, isDelta: false)[0m
     [36m| [0m[34m|[0m /* 17.95 */        expectEqual("response.body.read(Array < Byte >(4096, repeat: 0u8))", "4096", response.body.read(Array < Byte >(4096, repeat: 0u8)), 4096, isDelta: false)[0m
     [36m| [0m[34m|[0m /* 17.96 */        expectEqual("connectionCancellation.cancel()", "true", connectionCancellation.cancel(), true, isDelta: false)[0m
     [36m| [0m[34m|[0m /* 17.97 */        expectEqual("! connectionCancellation.cancel()", "true", ! connectionCancellation.cancel(), true, isDelta: false)[0m
     [36m| [0m[34m|[0m /* 17.98 */        expectEqual("publicBodyReadWasCancelled(response.body)", "true", publicBodyReadWasCancelled(response.body), true, isDelta: false)[0m
     [36m| [0m[34m|[0m /* 17.99 */        response.close()[0m
     [36m| [0m[34m|[0m /* 17.100 */        let next = client.get("http://cancel.test:${server.localEndpoint.port}/small")[0m
     [36m| [0m[34m|[0m /* 17.101 */        expectEqual("readPublicBody(next.body)", "\"ok\"", readPublicBody(next.body), "ok", isDelta: false)[0m
     [36m| [0m[34m|[0m /* 17.102 */        next.close()[0m
     [36m| [0m[34m|[0m /* 17.103 */        expectEqual("handler.http1HandleChecks.load() >= 2", "true", handler.http1HandleChecks.load() >= 2, true, isDelta: false)[0m
     [36m| [0m[34m|[0m /* 17.104 */        client.close()[0m
     [36m| [0m[34m|[0m /* 17.105 */        let result = server.shutdown(context: OperationContext(deadline: Some(Deadline.after(5 * Duration.second))))[0m
     [36m| [0m[34m|[0m /* 17.106 */        expectEqual("result.activeAtReturn", "0", result.activeAtReturn, 0, isDelta: false)[0m
     [36m| [0m[34m|[0m /* 17.107 */        serving.get(5 * Duration.second)[0m
     [36m| [0m[34m|[0m /* 17.108 */    } finally {[0m
     [36m| [0m[34m|[0m /* 17.109 */        client.close()[0m
     [36m| [0m[34m|[0m /* 17.110 */        if(! server.isClosed()) {[0m
     [36m| [0m[34m|[0m /* 17.111 */            let _ = server.shutdown(context: OperationContext(deadline: Some(Deadline.after(5 * Duration.second))))[0m
     [36m| [0m[34m|[0m /* 17.112 */            serving.get(5 * Duration.second)[0m
     [36m| [0m[34m|[0m /* 17.113 */        }[0m
     [36m| [0m[34m|[0m /* 17.114 */    }[0m
     [36m| [0m[34m|[0m /* 17.115 */}[0m
     [36m| [0m[34m|[0m /* 17.116 */[0m
     [36m| [0m[34m|[0m /* 17.117 */@Attribute[TestCase_22][0m
     [36m| [0m[34m|[0m /* 17.118 */func publicHttp2StreamAndConnectionHandlesRespectTheirScopes(): Unit {[0m
     [36m| [0m[34m|[0m /* 17.119 */    let certificate = publicTlsTestCertificateDer()[0m
     [36m| [0m[34m|[0m /* 17.120 */    let serverTls = HttpServerTlsConfig([certificate], publicTlsTestPrivateKeyDer())[0m
     [36m| [0m[34m|[0m /* 17.121 */    let handler = PublicCancellationHandler()[0m
     [36m| [0m[34m|[0m /* 17.122 */    let server = HttpServer.builder().listen(publicLoopback(0)).handler(handler).tls(serverTls).http2StreamLimit(8u32).build()[0m
     [36m| [0m[34m|[0m /* 17.123 */    let serving: Future < Unit >= spawn { server.serve()[0m
     [36m| [0m[34m|[0m /* 17.124 */    }[0m
     [36m| [0m[34m|[0m /* 17.125 */    let host = HostName("example.com")[0m
     [36m| [0m[34m|[0m /* 17.126 */    let clientTls = HttpClientTlsConfig([certificate])[0m
     [36m| [0m[34m|[0m /* 17.127 */    let client = HttpClient.builder().resolver(StaticResolver(ResolveResult([server.localEndpoint.address], host, ResolverSource.Static))).tls(clientTls).requestTimeout(5 * Duration.second).build()[0m
     [36m| [0m[34m|[0m /* 17.128 */    try {[0m
     [36m| [0m[34m|[0m /* 17.129 */        let streamCancellation = HttpStreamCancellationHandle()[0m
     [36m| [0m[34m|[0m /* 17.130 */        let first = client.getControlled("https://example.com:${server.localEndpoint.port}/large", HttpCancellationHandles(stream: Some(streamCancellation)))[0m
     [36m| [0m[34m|[0m /* 17.131 */        expectEqual("first.version", "HttpVersion.Http2", first.version, HttpVersion.Http2, isDelta: false)[0m
     [36m| [0m[34m|[0m /* 17.132 */        expectEqual("first.body.read(Array < Byte >(4096, repeat: 0u8))", "4096", first.body.read(Array < Byte >(4096, repeat: 0u8)), 4096, isDelta: false)[0m
     [36m| [0m[34m|[0m /* 17.133 */        let sibling = client.get("https://example.com:${server.localEndpoint.port}/small")[0m
     [36m| [0m[34m|[0m /* 17.134 */        expectEqual("streamCancellation.cancel()", "true", streamCancellation.cancel(), true, isDelta: false)[0m
     [36m| [0m[34m|[0m /* 17.135 */        expectEqual("! streamCancellation.cancel()", "true", ! streamCancellation.cancel(), true, isDelta: false)[0m
     [36m| [0m[34m|[0m /* 17.136 */        expectEqual("publicBodyReadWasCancelled(first.body)", "true", publicBodyReadWasCancelled(first.body), true, isDelta: false)[0m
     [36m| [0m[34m|[0m /* 17.137 */        first.close()[0m
     [36m| [0m[34m|[0m /* 17.138 */        expectEqual("readPublicBody(sibling.body)", "\"ok\"", readPublicBody(sibling.body), "ok", isDelta: false)[0m
     [36m| [0m[34m|[0m /* 17.139 */        sibling.close()[0m
     [36m| [0m[34m|[0m /* 17.140 */        let stillUsable = client.get("https://example.com:${server.localEndpoint.port}/small")[0m
     [36m| [0m[34m|[0m /* 17.141 */        expectEqual("readPublicBody(stillUsable.body)", "\"ok\"", readPublicBody(stillUsable.body), "ok", isDelta: false)[0m
     [36m| [0m[34m|[0m /* 17.142 */        stillUsable.close()[0m
     [36m| [0m[34m|[0m /* 17.143 */        let requestCancellation = HttpRequestCancellationHandle()[0m
     [36m| [0m[34m|[0m /* 17.144 */        let wholeRequest = client.getControlled("https://example.com:${server.localEndpoint.port}/large", HttpCancellationHandles(request: Some(requestCancellation)))[0m
     [36m| [0m[34m|[0m /* 17.145 */        expectEqual("wholeRequest.body.read(Array < Byte >(4096, repeat: 0u8))", "4096", wholeRequest.body.read(Array < Byte >(4096, repeat: 0u8)), 4096, isDelta: false)[0m
     [36m| [0m[34m|[0m /* 17.146 */        expectEqual("requestCancellation.cancel()", "true", requestCancellation.cancel(), true, isDelta: false)[0m
     [36m| [0m[34m|[0m /* 17.147 */        expectEqual("! requestCancellation.cancel()", "true", ! requestCancellation.cancel(), true, isDelta: false)[0m
     [36m| [0m[34m|[0m /* 17.148 */        expectEqual("publicBodyReadWasCancelled(wholeRequest.body)", "true", publicBodyReadWasCancelled(wholeRequest.body), true, isDelta: false)[0m
     [36m| [0m[34m|[0m /* 17.149 */        wholeRequest.close()[0m
     [36m| [0m[34m|[0m /* 17.150 */        let afterRequestCancel = client.get("https://example.com:${server.localEndpoint.port}/small")[0m
     [36m| [0m[34m|[0m /* 17.151 */        expectEqual("readPublicBody(afterRequestCancel.body)", "\"ok\"", readPublicBody(afterRequestCancel.body), "ok", isDelta: false)[0m
     [36m| [0m[34m|[0m /* 17.152 */        afterRequestCancel.close()[0m
     [36m| [0m[34m|[0m /* 17.153 */        let connectionCancellation = HttpConnectionCancellationHandle()[0m
     [36m| [0m[34m|[0m /* 17.154 */        let onConnection = client.getControlled("https://example.com:${server.localEndpoint.port}/large", HttpCancellationHandles(connection: Some(connectionCancellation)))[0m
     [36m| [0m[34m|[0m /* 17.155 */        let otherStream = client.get("https://example.com:${server.localEndpoint.port}/large")[0m
     [36m| [0m[34m|[0m /* 17.156 */        expectEqual("connectionCancellation.cancel()", "true", connectionCancellation.cancel(), true, isDelta: false)[0m
     [36m| [0m[34m|[0m /* 17.157 */        expectEqual("! connectionCancellation.cancel()", "true", ! connectionCancellation.cancel(), true, isDelta: false)[0m
     [36m| [0m[34m|[0m /* 17.158 */        expectEqual("publicBodyReadWasCancelled(onConnection.body)", "true", publicBodyReadWasCancelled(onConnection.body), true, isDelta: false)[0m
     [36m| [0m[34m|[0m /* 17.159 */        expectEqual("publicBodyReadWasCancelled(otherStream.body)", "true", publicBodyReadWasCancelled(otherStream.body), true, isDelta: false)[0m
     [36m| [0m[34m|[0m /* 17.160 */        onConnection.close()[0m
     [36m| [0m[34m|[0m /* 17.161 */        otherStream.close()[0m
     [36m| [0m[34m|[0m /* 17.162 */        expectEqual("handler.http2HandleChecks.load() >= 7", "true", handler.http2HandleChecks.load() >= 7, true, isDelta: false)[0m
     [36m| [0m[34m|[0m /* 17.163 */        let result = server.shutdown(context: OperationContext(deadline: Some(Deadline.after(5 * Duration.second))))[0m
     [36m| [0m[34m|[0m /* 17.164 */        expectEqual("result.activeAtReturn", "0", result.activeAtReturn, 0, isDelta: false)[0m
     [36m| [0m[34m|[0m /* 17.165 */        serving.get(5 * Duration.second)[0m
     [36m| [0m[34m|[0m /* 17.166 */    } finally {[0m
     [36m| [0m[34m|[0m /* 17.167 */        client.close()[0m
     [36m| [0m[34m|[0m /* 17.168 */        clientTls.close()[0m
     [36m| [0m[34m|[0m /* 17.169 */        if(! server.isClosed()) {[0m
     [36m| [0m[34m|[0m /* 17.170 */            let _ = server.shutdown(context: OperationContext(deadline: Some(Deadline.after(5 * Duration.second))))[0m
     [36m| [0m[34m|[0m /* 17.171 */            serving.get(5 * Duration.second)[0m
     [36m| [0m[34m|[0m /* 17.172 */        }[0m
     [36m| [0m[34m|[0m /* 17.173 */        serverTls.close()[0m
     [36m| [0m[34m|[0m /* 17.174 */    }[0m
     [36m| [0m[34m|[0m /* 17.175 */}[0m
     [36m| [0m[34m|[0m /* 17.176 */[0m
     [36m| [0m[34m|[0m /* 17.177 */@Attribute[TestCase_23][0m
     [36m| [0m[34m|[0m /* 17.178 */func publicHttp2SlowStreamCannotStarveOneTenOrHundredSiblings(): Unit {[0m
     [36m| [0m[34m|[0m /* 17.179 */    let certificate = publicTlsTestCertificateDer()[0m
     [36m| [0m[34m|[0m /* 17.180 */    let serverTls = HttpServerTlsConfig([certificate], publicTlsTestPrivateKeyDer())[0m
     [36m| [0m[34m|[0m /* 17.181 */    let handler = PublicSiblingFairnessHandler()[0m
     [36m| [0m[34m|[0m /* 17.182 */    let server = HttpServer.builder().listen(publicLoopback(0)).handler(handler).tls(serverTls).http2StreamLimit(8u32).build()[0m
     [36m| [0m[34m|[0m /* 17.183 */    let serving: Future < Unit >= spawn { server.serve()[0m
     [36m| [0m[34m|[0m /* 17.184 */    }[0m
     [36m| [0m[34m|[0m /* 17.185 */    let host = HostName("example.com")[0m
     [36m| [0m[34m|[0m /* 17.186 */    let clientTls = HttpClientTlsConfig([certificate])[0m
     [36m| [0m[34m|[0m /* 17.187 */    let client = HttpClient.builder().resolver(StaticResolver(ResolveResult([server.localEndpoint.address], host, ResolverSource.Static))).tls(clientTls).requestTimeout(5 * Duration.second).build()[0m
     [36m| [0m[34m|[0m /* 17.188 */    var first:?HttpResponse = None < HttpResponse >[0m
     [36m| [0m[34m|[0m /* 17.189 */    try {[0m
     [36m| [0m[34m|[0m /* 17.190 */        let slow = client.get("https://example.com:${server.localEndpoint.port}/large-stall")[0m
     [36m| [0m[34m|[0m /* 17.191 */        first = Some(slow)[0m
     [36m| [0m[34m|[0m /* 17.192 */        expectEqual("slow.version", "HttpVersion.Http2", slow.version, HttpVersion.Http2, isDelta: false)[0m
     [36m| [0m[34m|[0m /* 17.193 */        handler.waitUntilConnectionWindowExhausted()[0m
     [36m| [0m[34m|[0m /* 17.194 */        expectEqual("slow.body.read(Array < Byte >(4096, repeat: 0u8))", "4096", slow.body.read(Array < Byte >(4096, repeat: 0u8)), 4096, isDelta: false)[0m
     [36m| [0m[34m|[0m /* 17.195 */        let siblingsStarted = MonoTime.now()[0m
     [36m| [0m[34m|[0m /* 17.196 */        var latency1Ns: Int64 = 0[0m
     [36m| [0m[34m|[0m /* 17.197 */        var latency10Ns: Int64 = 0[0m
     [36m| [0m[34m|[0m /* 17.198 */        var latency100Ns: Int64 = 0[0m
     [36m| [0m[34m|[0m /* 17.199 */        var completed: Int64 = 0[0m
     [36m| [0m[34m|[0m /* 17.200 */        for(_ in 0 .. 100) {[0m
     [36m| [0m[34m|[0m /* 17.201 */            let sibling = client.get("https://example.com:${server.localEndpoint.port}/small")[0m
     [36m| [0m[34m|[0m /* 17.202 */            try {[0m
     [36m| [0m[34m|[0m /* 17.203 */                expectEqual("sibling.version", "HttpVersion.Http2", sibling.version, HttpVersion.Http2, isDelta: false)[0m
     [36m| [0m[34m|[0m /* 17.204 */                expectEqual("readPublicBody(sibling.body)", "\"ok\"", readPublicBody(sibling.body), "ok", isDelta: false)[0m
     [36m| [0m[34m|[0m /* 17.205 */                completed ++[0m
     [36m| [0m[34m|[0m /* 17.206 */                if(completed == 1) {[0m
     [36m| [0m[34m|[0m /* 17.207 */                    latency1Ns =(MonoTime.now() - siblingsStarted).toNanoseconds()[0m
     [36m| [0m[34m|[0m /* 17.208 */                }[0m
     [36m| [0m[34m|[0m /* 17.209 */                else if(completed == 10) {[0m
     [36m| [0m[34m|[0m /* 17.210 */                    latency10Ns =(MonoTime.now() - siblingsStarted).toNanoseconds()[0m
     [36m| [0m[34m|[0m /* 17.211 */                }[0m
     [36m| [0m[34m|[0m /* 17.212 */                else if(completed == 100) {[0m
     [36m| [0m[34m|[0m /* 17.213 */                    latency100Ns =(MonoTime.now() - siblingsStarted).toNanoseconds()[0m
     [36m| [0m[34m|[0m /* 17.214 */                }[0m
     [36m| [0m[34m|[0m /* 17.215 */            } finally {[0m
     [36m| [0m[34m|[0m /* 17.216 */                sibling.close()[0m
     [36m| [0m[34m|[0m /* 17.217 */            }[0m
     [36m| [0m[34m|[0m /* 17.218 */        }[0m
     [36m| [0m[34m|[0m /* 17.219 */        expectEqual("completed", "100", completed, 100, isDelta: false)[0m
     [36m| [0m[34m|[0m /* 17.220 */        expectEqual("handler.siblingCalls.load()", "100", handler.siblingCalls.load(), 100, isDelta: false)[0m
     [36m| [0m[34m|[0m /* 17.221 */        println("M6_024_RESULT protocol=h2 exhaustedBytes=65535 consumedBytes=4096 " + "siblings=${completed} latency1Ns=${latency1Ns} latency10Ns=${latency10Ns} " + "latency100Ns=${latency100Ns} siblingTimeouts=0 connectionAborts=0")[0m
     [36m| [0m[34m|[0m /* 17.222 */    } finally {[0m
     [36m| [0m[34m|[0m /* 17.223 */        handler.releaseLargeBody()[0m
     [36m| [0m[34m|[0m /* 17.224 */        if(let Some(slow) <- first) {[0m
     [36m| [0m[34m|[0m /* 17.225 */            slow.close()[0m
     [36m| [0m[34m|[0m /* 17.226 */        }[0m
     [36m| [0m[34m|[0m /* 17.227 */        client.close()[0m
     [36m| [0m[34m|[0m /* 17.228 */        clientTls.close()[0m
     [36m| [0m[34m|[0m /* 17.229 */        let _ = server.shutdown(context: OperationContext(deadline: Some(Deadline.after(5 * Duration.second))))[0m
     [36m| [0m[34m|[0m /* 17.230 */        serving.get(5 * Duration.second)[0m
     [36m| [0m[34m|[0m /* 17.231 */        serverTls.close()[0m
     [36m| [0m[34m|[0m /* 17.232 */    }[0m
     [36m| [0m[34m|[0m /* 17.233 */}[0m
     [36m| [0m[34m|[0m /* 17.234 */[0m
     [36m| [0m[34m|[0m /* 17.235 */@Attribute[TestCase_24][0m
     [36m| [0m[34m|[0m /* 17.236 */func tlsHttp2StreamLimitIsAppliedAcrossConcurrentPublicRequests(): Unit {[0m
     [36m| [0m[34m|[0m /* 17.237 */    let certificate = publicTlsTestCertificateDer()[0m
     [36m| [0m[34m|[0m /* 17.238 */    let serverTls = HttpServerTlsConfig([certificate], publicTlsTestPrivateKeyDer())[0m
     [36m| [0m[34m|[0m /* 17.239 */    let handler = PublicHttp2LimitHandler()[0m
     [36m| [0m[34m|[0m /* 17.240 */    let server = HttpServer.builder().listen(publicLoopback(0)).handler(handler).tls(serverTls).http2StreamLimit(1u32).build()[0m
     [36m| [0m[34m|[0m /* 17.241 */    let serving: Future < Unit >= spawn { server.serve()[0m
     [36m| [0m[34m|[0m /* 17.242 */    }[0m
     [36m| [0m[34m|[0m /* 17.243 */    let host = HostName("example.com")[0m
     [36m| [0m[34m|[0m /* 17.244 */    let clientTls = HttpClientTlsConfig([certificate])[0m
     [36m| [0m[34m|[0m /* 17.245 */    let client = HttpClient.builder().resolver(StaticResolver(ResolveResult([server.localEndpoint.address], host, ResolverSource.Static))).tls(clientTls).requestTimeout(5 * Duration.second).build()[0m
     [36m| [0m[34m|[0m /* 17.246 */    try {[0m
     [36m| [0m[34m|[0m /* 17.247 */        let first = spawn { client.get("https://example.com:${server.localEndpoint.port}/limit/first")[0m
     [36m| [0m[34m|[0m /* 17.248 */        }[0m
     [36m| [0m[34m|[0m /* 17.249 */        handler.waitForFirst()[0m
     [36m| [0m[34m|[0m /* 17.250 */        let second = spawn { client.get("https://example.com:${server.localEndpoint.port}/limit/second")[0m
     [36m| [0m[34m|[0m /* 17.251 */        }[0m
     [36m| [0m[34m|[0m /* 17.252 */        let secondResponse = second.get(5 * Duration.second)[0m
     [36m| [0m[34m|[0m /* 17.253 */        let firstResponse = first.get(5 * Duration.second)[0m
     [36m| [0m[34m|[0m /* 17.254 */        expectEqual("secondResponse.status", "204", secondResponse.status, 204, isDelta: false)[0m
     [36m| [0m[34m|[0m /* 17.255 */        expectEqual("firstResponse.status", "204", firstResponse.status, 204, isDelta: false)[0m
     [36m| [0m[34m|[0m /* 17.256 */        secondResponse.close()[0m
     [36m| [0m[34m|[0m /* 17.257 */        firstResponse.close()[0m
     [36m| [0m[34m|[0m /* 17.258 */        expectEqual("handler.maximumActive.load()", "2", handler.maximumActive.load(), 2, isDelta: false)[0m
     [36m| [0m[34m|[0m /* 17.259 */        let result = server.shutdown(context: OperationContext(deadline: Some(Deadline.after(5 * Duration.second))))[0m
     [36m| [0m[34m|[0m /* 17.260 */        expectEqual("result.gracefullyCompleted", "2", result.gracefullyCompleted, 2, isDelta: false)[0m
     [36m| [0m[34m|[0m /* 17.261 */        expectEqual("result.aborted", "0", result.aborted, 0, isDelta: false)[0m
     [36m| [0m[34m|[0m /* 17.262 */        expectEqual("result.activeAtReturn", "0", result.activeAtReturn, 0, isDelta: false)[0m
     [36m| [0m[34m|[0m /* 17.263 */        serving.get(5 * Duration.second)[0m
     [36m| [0m[34m|[0m /* 17.264 */    } finally {[0m
     [36m| [0m[34m|[0m /* 17.265 */        client.close()[0m
     [36m| [0m[34m|[0m /* 17.266 */        clientTls.close()[0m
     [36m| [0m[34m|[0m /* 17.267 */        if(! server.isClosed()) {[0m
     [36m| [0m[34m|[0m /* 17.268 */            let _ = server.shutdown(context: OperationContext(deadline: Some(Deadline.after(5 * Duration.second))))[0m
     [36m| [0m[34m|[0m /* 17.269 */            serving.get(5 * Duration.second)[0m
     [36m| [0m[34m|[0m /* 17.270 */        }[0m
     [36m| [0m[34m|[0m /* 17.271 */        serverTls.close()[0m
     [36m| [0m[34m|[0m /* 17.272 */    }[0m
     [36m| [0m[34m|[0m /* 17.273 */}[0m
     [36m| [0m[34m|[0m /* 17.274 */[0m
     [36m| [0m[34m|[0m /* 17.275 */@Attribute[TestCase_25][0m
     [36m| [0m[34m|[0m /* 17.276 */func tlsFacadeNegotiatesHttp2AndMapsBodyTrailersAndResponse(): Unit {[0m
     [36m| [0m[34m|[0m /* 17.277 */    let certificate = publicTlsTestCertificateDer()[0m
     [36m| [0m[34m|[0m /* 17.278 */    let serverTls = HttpServerTlsConfig([certificate], publicTlsTestPrivateKeyDer())[0m
     [36m| [0m[34m|[0m /* 17.279 */    let handler = PublicHttp2EchoHandler()[0m
     [36m| [0m[34m|[0m /* 17.280 */    let server = HttpServer.builder().listen(publicLoopback(0)).handler(handler).tls(serverTls).http2StreamLimit(4u32).build()[0m
     [36m| [0m[34m|[0m /* 17.281 */    let serving: Future < Unit >= spawn { server.serve()[0m
     [36m| [0m[34m|[0m /* 17.282 */    }[0m
     [36m| [0m[34m|[0m /* 17.283 */    let host = HostName("example.com")[0m
     [36m| [0m[34m|[0m /* 17.284 */    let clientTls = HttpClientTlsConfig([certificate])[0m
     [36m| [0m[34m|[0m /* 17.285 */    let client = HttpClient.builder().resolver(StaticResolver(ResolveResult([server.localEndpoint.address], host, ResolverSource.Static))).tls(clientTls).requestTimeout(3 * Duration.second).build()[0m
     [36m| [0m[34m|[0m /* 17.286 */    try {[0m
     [36m| [0m[34m|[0m /* 17.287 */        let response = client.send(HttpRequest.post("https://example.com:${server.localEndpoint.port}/h2", RequestBody.string("request-body")), trailer: HttpTrailer(headers: HttpHeaders.builder().add("X-Request-Trailer", "done").build()))[0m
     [36m| [0m[34m|[0m /* 17.288 */        expectEqual("response.status", "201", response.status, 201, isDelta: false)[0m
     [36m| [0m[34m|[0m /* 17.289 */        expectEqual("readPublicBody(response.body)", "\"response-body\"", readPublicBody(response.body), "response-body", isDelta: false)[0m
     [36m| [0m[34m|[0m /* 17.290 */        expectEqual("response.body.trailer.getOrThrow().headers.getFirst(\"x-response-trailer\")", "Some(\"done\")", response.body.trailer.getOrThrow().headers.getFirst("x-response-trailer"), Some("done"), isDelta: false)[0m
     [36m| [0m[34m|[0m /* 17.291 */        expectEqual("handler.http2Calls.load()", "1", handler.http2Calls.load(), 1, isDelta: false)[0m
     [36m| [0m[34m|[0m /* 17.292 */        response.close()[0m
     [36m| [0m[34m|[0m /* 17.293 */        let h1Context = OperationContext(deadline: Some(Deadline.after(3 * Duration.second)))[0m
     [36m| [0m[34m|[0m /* 17.294 */        let h1Handshaker = http1test.DefaultHttp1TlsHandshaker.createWithDer([certificate])[0m
     [36m| [0m[34m|[0m /* 17.295 */        let h1Transport = stdnettest.StdNetTransportFactory().connect(server.localEndpoint, h1Context)[0m
     [36m| [0m[34m|[0m /* 17.296 */        let h1Connection = http1test.Http1ClientConnection(h1Handshaker.handshake(HostName("example.com"), h1Transport, h1Context))[0m
     [36m| [0m[34m|[0m /* 17.297 */        try {[0m
     [36m| [0m[34m|[0m /* 17.298 */            let h1Response = h1Connection.execute(HttpRequest.get("https://example.com:${server.localEndpoint.port}/h1"), context: h1Context).response[0m
     [36m| [0m[34m|[0m /* 17.299 */            expectEqual("h1Response.status", "200", h1Response.status, 200, isDelta: false)[0m
     [36m| [0m[34m|[0m /* 17.300 */            h1Response.close()[0m
     [36m| [0m[34m|[0m /* 17.301 */            expectEqual("handler.http1Calls.load()", "1", handler.http1Calls.load(), 1, isDelta: false)[0m
     [36m| [0m[34m|[0m /* 17.302 */        } finally {[0m
     [36m| [0m[34m|[0m /* 17.303 */            h1Connection.close()[0m
     [36m| [0m[34m|[0m /* 17.304 */            h1Handshaker.close()[0m
     [36m| [0m[34m|[0m /* 17.305 */        }[0m
     [36m| [0m[34m|[0m /* 17.306 */        var structuredReset = false[0m
     [36m| [0m[34m|[0m /* 17.307 */        try {[0m
     [36m| [0m[34m|[0m /* 17.308 */            let _ = client.get("https://example.com:${server.localEndpoint.port}/fail")[0m
     [36m| [0m[34m|[0m /* 17.309 */        } catch(error: HttpException) {[0m
     [36m| [0m[34m|[0m /* 17.310 */            match(error.code) {[0m
     [36m| [0m[34m|[0m /* 17.311 */                case HttpErrorCode.StreamReset => structuredReset = true[0m
     [36m| [0m[34m|[0m /* 17.312 */                case _ =>()[0m
     [36m| [0m[34m|[0m /* 17.313 */            }[0m
     [36m| [0m[34m|[0m /* 17.314 */        }[0m
     [36m| [0m[34m|[0m /* 17.315 */        expectEqual("structuredReset", "true", structuredReset, true, isDelta: false)[0m
     [36m| [0m[34m|[0m /* 17.316 */        let result = server.shutdown(context: OperationContext(deadline: Some(Deadline.after(3 * Duration.second))))[0m
     [36m| [0m[34m|[0m /* 17.317 */        expectEqual("result.gracefullyCompleted", "1", result.gracefullyCompleted, 1, isDelta: false)[0m
     [36m| [0m[34m|[0m /* 17.318 */        expectEqual("result.aborted", "0", result.aborted, 0, isDelta: false)[0m
     [36m| [0m[34m|[0m /* 17.319 */        expectEqual("result.activeAtReturn", "0", result.activeAtReturn, 0, isDelta: false)[0m
     [36m| [0m[34m|[0m /* 17.320 */        serving.get(3 * Duration.second)[0m
     [36m| [0m[34m|[0m /* 17.321 */    } finally {[0m
     [36m| [0m[34m|[0m /* 17.322 */        client.close()[0m
     [36m| [0m[34m|[0m /* 17.323 */        clientTls.close()[0m
     [36m| [0m[34m|[0m /* 17.324 */        if(! server.isClosed()) {[0m
     [36m| [0m[34m|[0m /* 17.325 */            let _ = server.shutdown(context: OperationContext(deadline: Some(Deadline.after(3 * Duration.second))))[0m
     [36m| [0m[34m|[0m /* 17.326 */            serving.get(3 * Duration.second)[0m
     [36m| [0m[34m|[0m /* 17.327 */        }[0m
     [36m| [0m[34m|[0m /* 17.328 */        serverTls.close()[0m
     [36m| [0m[34m|[0m /* 17.329 */    }[0m
     [36m| [0m[34m|[0m /* 17.330 */}[0m
     [36m| [0m[34m|[0m /* 17.331 */[0m
     [36m| [0m[34m|[0m /* 17.332 */@Attribute[TestCase_26][0m
     [36m| [0m[34m|[0m /* 17.333 */func explicitResolverConnectsPublicClientAndServer(): Unit {[0m
     [36m| [0m[34m|[0m /* 17.334 */    let server = HttpServer.builder().listen(publicLoopback(0)).handler(PublicEmptyHandler()).connectionLimit(4).build()[0m
     [36m| [0m[34m|[0m /* 17.335 */    let serving: Future < Unit >= spawn { server.serve()[0m
     [36m| [0m[34m|[0m /* 17.336 */    }[0m
     [36m| [0m[34m|[0m /* 17.337 */    let host = HostName("loopback.test")[0m
     [36m| [0m[34m|[0m /* 17.338 */    let client = HttpClient.builder().resolver(StaticResolver(ResolveResult([server.localEndpoint.address], host, ResolverSource.Static))).requestTimeout(Duration.second).build()[0m
     [36m| [0m[34m|[0m /* 17.339 */    try {[0m
     [36m| [0m[34m|[0m /* 17.340 */        let response = client.get("http://loopback.test:${server.localEndpoint.port}/ready")[0m
     [36m| [0m[34m|[0m /* 17.341 */        expectEqual("response.status", "200", response.status, 200, isDelta: false)[0m
     [36m| [0m[34m|[0m /* 17.342 */        expectEqual("response.headers.getFirst(\"content-length\")", "Some(\"0\")", response.headers.getFirst("content-length"), Some("0"), isDelta: false)[0m
     [36m| [0m[34m|[0m /* 17.343 */        expectEqual("response.body.read(Array < Byte >(1, repeat: 0))", "0", response.body.read(Array < Byte >(1, repeat: 0)), 0, isDelta: false)[0m
     [36m| [0m[34m|[0m /* 17.344 */        response.close()[0m
     [36m| [0m[34m|[0m /* 17.345 */    } finally {[0m
     [36m| [0m[34m|[0m /* 17.346 */        client.close()[0m
     [36m| [0m[34m|[0m /* 17.347 */        let _ = server.shutdown(context: OperationContext(deadline: Some(Deadline.after(Duration.second))))[0m
     [36m| [0m[34m|[0m /* 17.348 */        serving.get(Duration.second)[0m
     [36m| [0m[34m|[0m /* 17.349 */    }[0m
     [36m| [0m[34m|[0m /* 17.350 */}[0m
     [36m| [0m[34m|[0m /* 17.351 */[0m
     [36m| [0m[34m|[0m /* 17.352 */@Attribute[TestCase_27][0m
     [36m| [0m[34m|[0m /* 17.353 */func defaultSystemResolverConnectsPublicClientAndServer(): Unit {[0m
     [36m| [0m[34m|[0m /* 17.354 */    let server = HttpServer.builder().listen(publicLoopback(0)).handler(PublicEmptyHandler()).connectionLimit(4).build()[0m
     [36m| [0m[34m|[0m /* 17.355 */    let serving: Future < Unit >= spawn { server.serve()[0m
     [36m| [0m[34m|[0m /* 17.356 */    }[0m
     [36m| [0m[34m|[0m /* 17.357 */    let client = HttpClient.default()[0m
     [36m| [0m[34m|[0m /* 17.358 */    try {[0m
     [36m| [0m[34m|[0m /* 17.359 */        let response = client.get("http://localhost:${server.localEndpoint.port}/ready", context: OperationContext(deadline: Some(Deadline.after(Duration.second))))[0m
     [36m| [0m[34m|[0m /* 17.360 */        expectEqual("response.status", "200", response.status, 200, isDelta: false)[0m
     [36m| [0m[34m|[0m /* 17.361 */        expectEqual("response.body.read(Array < Byte >(1, repeat: 0))", "0", response.body.read(Array < Byte >(1, repeat: 0)), 0, isDelta: false)[0m
     [36m| [0m[34m|[0m /* 17.362 */        response.close()[0m
     [36m| [0m[34m|[0m /* 17.363 */    } finally {[0m
     [36m| [0m[34m|[0m /* 17.364 */        client.close()[0m
     [36m| [0m[34m|[0m /* 17.365 */        let _ = server.shutdown(context: OperationContext(deadline: Some(Deadline.after(Duration.second))))[0m
     [36m| [0m[34m|[0m /* 17.366 */        serving.get(Duration.second)[0m
     [36m| [0m[34m|[0m /* 17.367 */    }[0m
     [36m| [0m[34m|[0m /* 17.368 */}[0m
     [36m| [0m[34m|[0m /* 17.369 */[0m
     [36m| [0m[34m|[0m /* 17.370 */@Attribute[TestCase_28][0m
     [36m| [0m[34m|[0m /* 17.371 */func clientFollowsOriginRelativeRedirectEndToEnd(): Unit {[0m
     [36m| [0m[34m|[0m /* 17.372 */    let handler = PublicRedirectHandler()[0m
     [36m| [0m[34m|[0m /* 17.373 */    let server = HttpServer.builder().listen(publicLoopback(0)).handler(handler).build()[0m
     [36m| [0m[34m|[0m /* 17.374 */    let serving: Future < Unit >= spawn { server.serve()[0m
     [36m| [0m[34m|[0m /* 17.375 */    }[0m
     [36m| [0m[34m|[0m /* 17.376 */    let host = HostName("redirect.test")[0m
     [36m| [0m[34m|[0m /* 17.377 */    let client = HttpClient.builder().resolver(StaticResolver(ResolveResult([server.localEndpoint.address], host, ResolverSource.Static))).requestTimeout(Duration.second).build()[0m
     [36m| [0m[34m|[0m /* 17.378 */    try {[0m
     [36m| [0m[34m|[0m /* 17.379 */        let response = client.get("http://redirect.test:${server.localEndpoint.port}/start")[0m
     [36m| [0m[34m|[0m /* 17.380 */        expectEqual("response.status", "200", response.status, 200, isDelta: false)[0m
     [36m| [0m[34m|[0m /* 17.381 */        expectEqual("handler.calls.load()", "2", handler.calls.load(), 2, isDelta: false)[0m
     [36m| [0m[34m|[0m /* 17.382 */        response.close()[0m
     [36m| [0m[34m|[0m /* 17.383 */    } finally {[0m
     [36m| [0m[34m|[0m /* 17.384 */        client.close()[0m
     [36m| [0m[34m|[0m /* 17.385 */        let _ = server.shutdown(context: OperationContext(deadline: Some(Deadline.after(Duration.second))))[0m
     [36m| [0m[34m|[0m /* 17.386 */        serving.get(Duration.second)[0m
     [36m| [0m[34m|[0m /* 17.387 */    }[0m
     [36m| [0m[34m|[0m /* 17.388 */}[0m
     [36m| [0m[34m|[0m /* 17.389 */[0m
     [36m| [0m[34m|[0m /* 17.390 */@Attribute[TestCase_29][0m
     [36m| [0m[34m|[0m /* 17.391 */func clientRetriesOneTemporaryDnsFailureWithinTheSameDeadline(): Unit {[0m
     [36m| [0m[34m|[0m /* 17.392 */    let server = HttpServer.builder().listen(publicLoopback(0)).handler(PublicEmptyHandler()).build()[0m
     [36m| [0m[34m|[0m /* 17.393 */    let serving: Future < Unit >= spawn { server.serve()[0m
     [36m| [0m[34m|[0m /* 17.394 */    }[0m
     [36m| [0m[34m|[0m /* 17.395 */    let host = HostName("retry.test")[0m
     [36m| [0m[34m|[0m /* 17.396 */    let resolver = FlakyPublicResolver(ResolveResult([server.localEndpoint.address], host, ResolverSource.Static))[0m
     [36m| [0m[34m|[0m /* 17.397 */    let client = HttpClient.builder().resolver(resolver).requestTimeout(Duration.second).retryPolicy(HttpRetryPolicy(maximumAttempts: 2)).build()[0m
     [36m| [0m[34m|[0m /* 17.398 */    try {[0m
     [36m| [0m[34m|[0m /* 17.399 */        let response = client.get("http://retry.test:${server.localEndpoint.port}/ready")[0m
     [36m| [0m[34m|[0m /* 17.400 */        expectEqual("response.status", "200", response.status, 200, isDelta: false)[0m
     [36m| [0m[34m|[0m /* 17.401 */        expectEqual("resolver.calls.load()", "2", resolver.calls.load(), 2, isDelta: false)[0m
     [36m| [0m[34m|[0m /* 17.402 */        response.close()[0m
     [36m| [0m[34m|[0m /* 17.403 */    } finally {[0m
     [36m| [0m[34m|[0m /* 17.404 */        client.close()[0m
     [36m| [0m[34m|[0m /* 17.405 */        let _ = server.shutdown(context: OperationContext(deadline: Some(Deadline.after(Duration.second))))[0m
     [36m| [0m[34m|[0m /* 17.406 */        serving.get(Duration.second)[0m
     [36m| [0m[34m|[0m /* 17.407 */    }[0m
     [36m| [0m[34m|[0m /* 17.408 */}[0m
     [36m| [0m[34m|[0m /* 17.409 */[0m
     [36m| [0m[34m|[0m /* 17.410 */@Attribute[TestCase_30][0m
     [36m| [0m[34m|[0m /* 17.411 */func forwardProxyUsesAbsoluteFormIndependentDnsAndHookCredentials(): Unit {[0m
     [36m| [0m[34m|[0m /* 17.412 */    let handler = PublicForwardProxyHandler()[0m
     [36m| [0m[34m|[0m /* 17.413 */    let server = HttpServer.builder().listen(publicLoopback(0)).handler(handler).build()[0m
     [36m| [0m[34m|[0m /* 17.414 */    let serving: Future < Unit >= spawn { server.serve()[0m
     [36m| [0m[34m|[0m /* 17.415 */    }[0m
     [36m| [0m[34m|[0m /* 17.416 */    let proxyHost = HostName("proxy.test")[0m
     [36m| [0m[34m|[0m /* 17.417 */    let proxyResolver = CountingPublicResolver(ResolveResult([server.localEndpoint.address], proxyHost, ResolverSource.Static))[0m
     [36m| [0m[34m|[0m /* 17.418 */    let originResolver = RejectingPublicResolver()[0m
     [36m| [0m[34m|[0m /* 17.419 */    let authorization = PublicProxyAuthorization()[0m
     [36m| [0m[34m|[0m /* 17.420 */    let proxy = HttpProxyConfig(HttpProxyEndpoint.hostname("proxy.test", server.localEndpoint.port), proxyResolver, authorizationProvider: Some(authorization))[0m
     [36m| [0m[34m|[0m /* 17.421 */    let client = HttpClient.builder().resolver(originResolver).proxy(proxy).requestTimeout(Duration.second).build()[0m
     [36m| [0m[34m|[0m /* 17.422 */    try {[0m
     [36m| [0m[34m|[0m /* 17.423 */        let request = HttpRequest(HttpMethod("GET"), HttpUrl.parse("http://origin.test:8081/path?q=1"), headers: HttpHeaders.builder().add("Proxy-Authorization", "Caller value must be replaced").build())[0m
     [36m| [0m[34m|[0m /* 17.424 */        let response = client.send(request)[0m
     [36m| [0m[34m|[0m /* 17.425 */        expectEqual("response.status", "200", response.status, 200, isDelta: false)[0m
     [36m| [0m[34m|[0m /* 17.426 */        response.close()[0m
     [36m| [0m[34m|[0m /* 17.427 */        expectEqual("handler.valid.load()", "1", handler.valid.load(), 1, isDelta: false)[0m
     [36m| [0m[34m|[0m /* 17.428 */        expectEqual("proxyResolver.calls.load()", "1", proxyResolver.calls.load(), 1, isDelta: false)[0m
     [36m| [0m[34m|[0m /* 17.429 */        expectEqual("originResolver.calls.load()", "0", originResolver.calls.load(), 0, isDelta: false)[0m
     [36m| [0m[34m|[0m /* 17.430 */        expectEqual("authorization.calls.load()", "1", authorization.calls.load(), 1, isDelta: false)[0m
     [36m| [0m[34m|[0m /* 17.431 */    } finally {[0m
     [36m| [0m[34m|[0m /* 17.432 */        client.close()[0m
     [36m| [0m[34m|[0m /* 17.433 */        let _ = server.shutdown(context: OperationContext(deadline: Some(Deadline.after(Duration.second))))[0m
     [36m| [0m[34m|[0m /* 17.434 */        serving.get(Duration.second)[0m
     [36m| [0m[34m|[0m /* 17.435 */    }[0m
     [36m| [0m[34m|[0m /* 17.436 */}[0m
     [36m| [0m[34m|[0m /* 17.437 */[0m
     [36m| [0m[34m|[0m /* 17.438 */@Attribute[TestCase_31][0m
     [36m| [0m[34m|[0m /* 17.439 */func serverBuilderRequiresEndpointAndHandler(): Unit {[0m
     [36m| [0m[34m|[0m /* 17.440 */    var missingEndpoint = false[0m
     [36m| [0m[34m|[0m /* 17.441 */    try {[0m
     [36m| [0m[34m|[0m /* 17.442 */        let _ = HttpServer.builder().handler(PublicEmptyHandler()).build()[0m
     [36m| [0m[34m|[0m /* 17.443 */    } catch(_: IllegalStateException) {[0m
     [36m| [0m[34m|[0m /* 17.444 */        missingEndpoint = true[0m
     [36m| [0m[34m|[0m /* 17.445 */    }[0m
     [36m| [0m[34m|[0m /* 17.446 */    expectEqual("missingEndpoint", "true", missingEndpoint, true, isDelta: false)[0m
     [36m| [0m[34m|[0m /* 17.447 */    var missingHandler = false[0m
     [36m| [0m[34m|[0m /* 17.448 */    try {[0m
     [36m| [0m[34m|[0m /* 17.449 */        let _ = HttpServer.builder().listen(publicLoopback(0)).build()[0m
     [36m| [0m[34m|[0m /* 17.450 */    } catch(_: IllegalStateException) {[0m
     [36m| [0m[34m|[0m /* 17.451 */        missingHandler = true[0m
     [36m| [0m[34m|[0m /* 17.452 */    }[0m
     [36m| [0m[34m|[0m /* 17.453 */    expectEqual("missingHandler", "true", missingHandler, true, isDelta: false)[0m
     [36m| [0m[34m|[0m /* 17.454 */}[0m
     [36m| [0m[34m|[0m /* 17.455 */[0m
     [36m| [0m[34m|[0m /* 17.456 */@Attribute[TestCase_32][0m
     [36m| [0m[34m|[0m /* 17.457 */func tlsServerConfigFailsClosedBeforeBinding(): Unit {[0m
     [36m| [0m[34m|[0m /* 17.458 */    let invalid = HttpServerTlsConfig([],[1u8, 2u8, 3u8])[0m
     [36m| [0m[34m|[0m /* 17.459 */    var invalidRejected = false[0m
     [36m| [0m[34m|[0m /* 17.460 */    try {[0m
     [36m| [0m[34m|[0m /* 17.461 */        let _ = HttpServer.builder().listen(publicLoopback(0)).handler(PublicEmptyHandler()).tls(invalid).build()[0m
     [36m| [0m[34m|[0m /* 17.462 */    } catch(_: Exception) {[0m
     [36m| [0m[34m|[0m /* 17.463 */        invalidRejected = true[0m
     [36m| [0m[34m|[0m /* 17.464 */    }[0m
     [36m| [0m[34m|[0m /* 17.465 */    finally {[0m
     [36m| [0m[34m|[0m /* 17.466 */        invalid.close()[0m
     [36m| [0m[34m|[0m /* 17.467 */    }[0m
     [36m| [0m[34m|[0m /* 17.468 */    expectEqual("invalidRejected", "true", invalidRejected, true, isDelta: false)[0m
     [36m| [0m[34m|[0m /* 17.469 */    let closed = HttpServerTlsConfig([],[])[0m
     [36m| [0m[34m|[0m /* 17.470 */    closed.close()[0m
     [36m| [0m[34m|[0m /* 17.471 */    var closedRejected = false[0m
     [36m| [0m[34m|[0m /* 17.472 */    try {[0m
     [36m| [0m[34m|[0m /* 17.473 */        let _ = HttpServer.builder().listen(publicLoopback(0)).handler(PublicEmptyHandler()).tls(closed).build()[0m
     [36m| [0m[34m|[0m /* 17.474 */    } catch(_: IllegalStateException) {[0m
     [36m| [0m[34m|[0m /* 17.475 */        closedRejected = true[0m
     [36m| [0m[34m|[0m /* 17.476 */    }[0m
     [36m| [0m[34m|[0m /* 17.477 */    expectEqual("closedRejected", "true", closedRejected, true, isDelta: false)[0m
     [36m| [0m[34m|[0m /* 17.478 */    let clientTls = HttpClientTlsConfig([])[0m
     [36m| [0m[34m|[0m /* 17.479 */    clientTls.close()[0m
     [36m| [0m[34m|[0m /* 17.480 */    var clientClosedRejected = false[0m
     [36m| [0m[34m|[0m /* 17.481 */    try {[0m
     [36m| [0m[34m|[0m /* 17.482 */        let _ = HttpClient.builder().tls(clientTls).build()[0m
     [36m| [0m[34m|[0m /* 17.483 */    } catch(_: IllegalStateException) {[0m
     [36m| [0m[34m|[0m /* 17.484 */        clientClosedRejected = true[0m
     [36m| [0m[34m|[0m /* 17.485 */    }[0m
     [36m| [0m[34m|[0m /* 17.486 */    expectEqual("clientClosedRejected", "true", clientClosedRejected, true, isDelta: false)[0m
     [36m| [0m[34m|[0m /* 17.487 */}[0m
     [36m| [0m[34m|[0m /* 17.488 */[0m
     [36m| [0m[34m|[0m /* 17.489 */@Attribute[TestCase_33][0m
     [36m| [0m[34m|[0m /* 17.490 */func noFollowReturnsEveryRedirectUntouchedAndLeavesBodyOwnershipWithCaller(): Unit {[0m
     [36m| [0m[34m|[0m /* 17.491 */    let handler = PublicNoFollowHandler()[0m
     [36m| [0m[34m|[0m /* 17.492 */    let server = HttpServer.builder().listen(publicLoopback(0)).handler(handler).build()[0m
     [36m| [0m[34m|[0m /* 17.493 */    let serving: Future < Unit >= spawn { server.serve()[0m
     [36m| [0m[34m|[0m /* 17.494 */    }[0m
     [36m| [0m[34m|[0m /* 17.495 */    let host = HostName("no-follow.test")[0m
     [36m| [0m[34m|[0m /* 17.496 */    let client = HttpClient.builder().resolver(StaticResolver(ResolveResult([server.localEndpoint.address], host, ResolverSource.Static))).redirectPolicy(HttpRedirectPolicy.noFollow()).requestTimeout(3 * Duration.second).build()[0m
     [36m| [0m[34m|[0m /* 17.497 */    try {[0m
     [36m| [0m[34m|[0m /* 17.498 */        for(status in[301, 302, 303, 307, 308]) {[0m
     [36m| [0m[34m|[0m /* 17.499 */            let response = client.get("http://no-follow.test:${server.localEndpoint.port}/start/${status}")[0m
     [36m| [0m[34m|[0m /* 17.500 */            try {[0m
     [36m| [0m[34m|[0m /* 17.501 */                expectEqual("response.status", "status", response.status, status, isDelta: false)[0m
     [36m| [0m[34m|[0m /* 17.502 */                expectEqual("response.headers.getFirst(\"location\")", "Some(\"/target\")", response.headers.getFirst("location"), Some("/target"), isDelta: false)[0m
     [36m| [0m[34m|[0m /* 17.503 */                let prefix = Array < Byte >(6, repeat: 0u8)[0m
     [36m| [0m[34m|[0m /* 17.504 */                let suffix = Array < Byte >(7, repeat: 0u8)[0m
     [36m| [0m[34m|[0m /* 17.505 */                expectEqual("response.body.read(prefix)", "6", response.body.read(prefix), 6, isDelta: false)[0m
     [36m| [0m[34m|[0m /* 17.506 */                expectEqual("String.fromUtf8(prefix)", "\"prefix\"", String.fromUtf8(prefix), "prefix", isDelta: false)[0m
     [36m| [0m[34m|[0m /* 17.507 */                expectEqual("response.body.read(suffix)", "7", response.body.read(suffix), 7, isDelta: false)[0m
     [36m| [0m[34m|[0m /* 17.508 */                expectEqual("String.fromUtf8(suffix)", "\"-suffix\"", String.fromUtf8(suffix), "-suffix", isDelta: false)[0m
     [36m| [0m[34m|[0m /* 17.509 */                expectEqual("response.body.read(Array < Byte >(1, repeat: 0u8))", "0", response.body.read(Array < Byte >(1, repeat: 0u8)), 0, isDelta: false)[0m
     [36m| [0m[34m|[0m /* 17.510 */            } finally {[0m
     [36m| [0m[34m|[0m /* 17.511 */                response.close()[0m
     [36m| [0m[34m|[0m /* 17.512 */            }[0m
     [36m| [0m[34m|[0m /* 17.513 */        }[0m
     [36m| [0m[34m|[0m /* 17.514 */        expectEqual("handler.sourceCalls.load()", "5", handler.sourceCalls.load(), 5, isDelta: false)[0m
     [36m| [0m[34m|[0m /* 17.515 */        expectEqual("handler.targetCalls.load()", "0", handler.targetCalls.load(), 0, isDelta: false)[0m
     [36m| [0m[34m|[0m /* 17.516 */        let partiallyRead = client.get("http://no-follow.test:${server.localEndpoint.port}/start/302")[0m
     [36m| [0m[34m|[0m /* 17.517 */        expectEqual("partiallyRead.body.read(Array < Byte >(3, repeat: 0u8))", "3", partiallyRead.body.read(Array < Byte >(3, repeat: 0u8)), 3, isDelta: false)[0m
     [36m| [0m[34m|[0m /* 17.518 */        partiallyRead.close()[0m
     [36m| [0m[34m|[0m /* 17.519 */        expectEqual("partiallyRead.body.isClosed()", "true", partiallyRead.body.isClosed(), true, isDelta: false)[0m
     [36m| [0m[34m|[0m /* 17.520 */        let fullyDrained = client.get("http://no-follow.test:${server.localEndpoint.port}/start/307")[0m
     [36m| [0m[34m|[0m /* 17.521 */        expectEqual("fullyDrained.body.drain(32, bufferSize: 3)", "true", fullyDrained.body.drain(32, bufferSize: 3), true, isDelta: false)[0m
     [36m| [0m[34m|[0m /* 17.522 */        expectEqual("fullyDrained.body.isClosed()", "true", fullyDrained.body.isClosed(), true, isDelta: false)[0m
     [36m| [0m[34m|[0m /* 17.523 */        let boundedAbandon = client.get("http://no-follow.test:${server.localEndpoint.port}/start/308")[0m
     [36m| [0m[34m|[0m /* 17.524 */        expectEqual("! boundedAbandon.body.drain(3, bufferSize: 2)", "true", ! boundedAbandon.body.drain(3, bufferSize: 2), true, isDelta: false)[0m
     [36m| [0m[34m|[0m /* 17.525 */        expectEqual("boundedAbandon.body.isClosed()", "true", boundedAbandon.body.isClosed(), true, isDelta: false)[0m
     [36m| [0m[34m|[0m /* 17.526 */        expectEqual("handler.sourceCalls.load()", "8", handler.sourceCalls.load(), 8, isDelta: false)[0m
     [36m| [0m[34m|[0m /* 17.527 */        expectEqual("handler.targetCalls.load()", "0", handler.targetCalls.load(), 0, isDelta: false)[0m
     [36m| [0m[34m|[0m /* 17.528 */    } finally {[0m
     [36m| [0m[34m|[0m /* 17.529 */        client.close()[0m
     [36m| [0m[34m|[0m /* 17.530 */        let _ = server.shutdown(context: OperationContext(deadline: Some(Deadline.after(3 * Duration.second))))[0m
     [36m| [0m[34m|[0m /* 17.531 */        serving.get(3 * Duration.second)[0m
     [36m| [0m[34m|[0m /* 17.532 */    }[0m
     [36m| [0m[34m|[0m /* 17.533 */}[0m
     [36m| [0m[34m|[0m /* 17.534 */[0m
     [36m| [0m[34m|[0m /* 17.535 */@Attribute[TestCase_34][0m
     [36m| [0m[34m|[0m /* 17.536 */func controlledCancellationInterruptsDnsAndInjectedTcpBeforeTransportCreation(): Unit {[0m
     [36m| [0m[34m|[0m /* 17.537 */    let dnsResolver = PublicBlockingResolver()[0m
     [36m| [0m[34m|[0m /* 17.538 */    let dnsFactory = PublicNeverTransportFactory()[0m
     [36m| [0m[34m|[0m /* 17.539 */    let dnsClient = publicInjectedClient(dnsResolver, dnsFactory, requestTimeout: Some(3 * Duration.second))[0m
     [36m| [0m[34m|[0m /* 17.540 */    let dnsHandle = HttpRequestCancellationHandle()[0m
     [36m| [0m[34m|[0m /* 17.541 */    let dnsPending: Future < NetworkException >= spawn { publicControlledGetNetworkFailure(dnsClient, "http://blocked-dns.test/", dnsHandle)[0m
     [36m| [0m[34m|[0m /* 17.542 */    }[0m
     [36m| [0m[34m|[0m /* 17.543 */    try {[0m
     [36m| [0m[34m|[0m /* 17.544 */        dnsResolver.waitUntilEntered()[0m
     [36m| [0m[34m|[0m /* 17.545 */        expectEqual("dnsHandle.cancel()", "true", dnsHandle.cancel(), true, isDelta: false)[0m
     [36m| [0m[34m|[0m /* 17.546 */        expectEqual("! dnsHandle.cancel()", "true", ! dnsHandle.cancel(), true, isDelta: false)[0m
     [36m| [0m[34m|[0m /* 17.547 */        expectEqual("publicNetworkFailureSignature(dnsPending.get(Duration.second))", "\"Cancelled/Dns/Cancelled\"", publicNetworkFailureSignature(dnsPending.get(Duration.second)), "Cancelled/Dns/Cancelled", isDelta: false)[0m
     [36m| [0m[34m|[0m /* 17.548 */        expectEqual("dnsFactory.connects.load()", "0", dnsFactory.connects.load(), 0, isDelta: false)[0m
     [36m| [0m[34m|[0m /* 17.549 */    } finally {[0m
     [36m| [0m[34m|[0m /* 17.550 */        dnsHandle.cancel()[0m
     [36m| [0m[34m|[0m /* 17.551 */        dnsResolver.release()[0m
     [36m| [0m[34m|[0m /* 17.552 */        dnsClient.close()[0m
     [36m| [0m[34m|[0m /* 17.553 */    }[0m
     [36m| [0m[34m|[0m /* 17.554 */    let host = HostName("blocked-connect.test")[0m
     [36m| [0m[34m|[0m /* 17.555 */    let tcpFactory = PublicBlockingTransportFactory()[0m
     [36m| [0m[34m|[0m /* 17.556 */    let tcpClient = publicInjectedClient(StaticResolver(ResolveResult([IpAddress(IpAddressFamily.Ipv4,[127u8, 0u8, 0u8, 1u8])], host, ResolverSource.Static)), tcpFactory, requestTimeout: Some(3 * Duration.second))[0m
     [36m| [0m[34m|[0m /* 17.557 */    let tcpHandle = HttpRequestCancellationHandle()[0m
     [36m| [0m[34m|[0m /* 17.558 */    let tcpPending: Future < NetworkException >= spawn { publicControlledGetNetworkFailure(tcpClient, "http://blocked-connect.test:8080/", tcpHandle)[0m
     [36m| [0m[34m|[0m /* 17.559 */    }[0m
     [36m| [0m[34m|[0m /* 17.560 */    try {[0m
     [36m| [0m[34m|[0m /* 17.561 */        tcpFactory.waitUntilEntered()[0m
     [36m| [0m[34m|[0m /* 17.562 */        expectEqual("tcpHandle.cancel()", "true", tcpHandle.cancel(), true, isDelta: false)[0m
     [36m| [0m[34m|[0m /* 17.563 */        expectEqual("! tcpHandle.cancel()", "true", ! tcpHandle.cancel(), true, isDelta: false)[0m
     [36m| [0m[34m|[0m /* 17.564 */        expectEqual("publicNetworkFailureSignature(tcpPending.get(Duration.second))", "\"Connect/TcpConnect/Cancelled\"", publicNetworkFailureSignature(tcpPending.get(Duration.second)), "Connect/TcpConnect/Cancelled", isDelta: false)[0m
     [36m| [0m[34m|[0m /* 17.565 */        expectEqual("tcpFactory.connects.load()", "1", tcpFactory.connects.load(), 1, isDelta: false)[0m
     [36m| [0m[34m|[0m /* 17.566 */        expectEqual("tcpFactory.transportsCreated.load()", "0", tcpFactory.transportsCreated.load(), 0, isDelta: false)[0m
     [36m| [0m[34m|[0m /* 17.567 */    } finally {[0m
     [36m| [0m[34m|[0m /* 17.568 */        tcpHandle.cancel()[0m
     [36m| [0m[34m|[0m /* 17.569 */        tcpFactory.release()[0m
     [36m| [0m[34m|[0m /* 17.570 */        tcpClient.close()[0m
     [36m| [0m[34m|[0m /* 17.571 */    }[0m
     [36m| [0m[34m|[0m /* 17.572 */}[0m
     [36m| [0m[34m|[0m /* 17.573 */[0m
     [36m| [0m[34m|[0m /* 17.574 */@Attribute[TestCase_35][0m
     [36m| [0m[34m|[0m /* 17.575 */func controlledCancellationInterruptsRealTlsAndHeaderReads(): Unit {[0m
     [36m| [0m[34m|[0m /* 17.576 */    let headerPeer = PublicSilentPeer()[0m
     [36m| [0m[34m|[0m /* 17.577 */    let headerServing: Future < Unit >= spawn { headerPeer.serveOne()[0m
     [36m| [0m[34m|[0m /* 17.578 */    }[0m
     [36m| [0m[34m|[0m /* 17.579 */    let headerFactory = PublicRecordingStdNetFactory()[0m
     [36m| [0m[34m|[0m /* 17.580 */    let headerHost = HostName("headers-stall.test")[0m
     [36m| [0m[34m|[0m /* 17.581 */    let headerClient = publicInjectedClient(StaticResolver(ResolveResult([headerPeer.localEndpoint.address], headerHost, ResolverSource.Static)), headerFactory, requestTimeout: Some(5 * Duration.second))[0m
     [36m| [0m[34m|[0m /* 17.582 */    let headerHandle = HttpRequestCancellationHandle()[0m
     [36m| [0m[34m|[0m /* 17.583 */    let headerPending: Future < NetworkException >= spawn { publicControlledGetNetworkFailure(headerClient, "http://headers-stall.test:${headerPeer.localEndpoint.port}/", headerHandle)[0m
     [36m| [0m[34m|[0m /* 17.584 */    }[0m
     [36m| [0m[34m|[0m /* 17.585 */    try {[0m
     [36m| [0m[34m|[0m /* 17.586 */        headerPeer.waitUntilBytesObserved()[0m
     [36m| [0m[34m|[0m /* 17.587 */        expectEqual("headerFactory.waitForTransport().waitUntilReadActive(Duration.second)", "true", headerFactory.waitForTransport().waitUntilReadActive(Duration.second), true, isDelta: false)[0m
     [36m| [0m[34m|[0m /* 17.588 */        expectEqual("headerHandle.cancel()", "true", headerHandle.cancel(), true, isDelta: false)[0m
     [36m| [0m[34m|[0m /* 17.589 */        expectEqual("publicNetworkFailureSignature(headerPending.get(Duration.second))", "\"Read/TcpRead/Cancelled\"", publicNetworkFailureSignature(headerPending.get(Duration.second)), "Read/TcpRead/Cancelled", isDelta: false)[0m
     [36m| [0m[34m|[0m /* 17.590 */    } finally {[0m
     [36m| [0m[34m|[0m /* 17.591 */        headerHandle.cancel()[0m
     [36m| [0m[34m|[0m /* 17.592 */        headerClient.close()[0m
     [36m| [0m[34m|[0m /* 17.593 */        headerPeer.close()[0m
     [36m| [0m[34m|[0m /* 17.594 */        headerServing.get(Duration.second)[0m
     [36m| [0m[34m|[0m /* 17.595 */    }[0m
     [36m| [0m[34m|[0m /* 17.596 */    let tlsPeer = PublicSilentPeer()[0m
     [36m| [0m[34m|[0m /* 17.597 */    let tlsServing: Future < Unit >= spawn { tlsPeer.serveOne()[0m
     [36m| [0m[34m|[0m /* 17.598 */    }[0m
     [36m| [0m[34m|[0m /* 17.599 */    let tlsFactory = PublicRecordingStdNetFactory()[0m
     [36m| [0m[34m|[0m /* 17.600 */    let tlsHost = HostName("example.com")[0m
     [36m| [0m[34m|[0m /* 17.601 */    let tlsConfig = HttpClientTlsConfig([publicTlsTestCertificateDer()])[0m
     [36m| [0m[34m|[0m /* 17.602 */    let tlsClient = publicInjectedClient(StaticResolver(ResolveResult([tlsPeer.localEndpoint.address], tlsHost, ResolverSource.Static)), tlsFactory, requestTimeout: Some(5 * Duration.second), directTlsHandshaker: Some(tlsConfig.createAlpnHandshaker()))[0m
     [36m| [0m[34m|[0m /* 17.603 */    let tlsHandle = HttpRequestCancellationHandle()[0m
     [36m| [0m[34m|[0m /* 17.604 */    let tlsPending: Future < NetworkException >= spawn { publicControlledGetNetworkFailure(tlsClient, "https://example.com:${tlsPeer.localEndpoint.port}/", tlsHandle)[0m
     [36m| [0m[34m|[0m /* 17.605 */    }[0m
     [36m| [0m[34m|[0m /* 17.606 */    try {[0m
     [36m| [0m[34m|[0m /* 17.607 */        tlsPeer.waitUntilBytesObserved()[0m
     [36m| [0m[34m|[0m /* 17.608 */        expectEqual("tlsFactory.waitForTransport().waitUntilReadActive(Duration.second)", "true", tlsFactory.waitForTransport().waitUntilReadActive(Duration.second), true, isDelta: false)[0m
     [36m| [0m[34m|[0m /* 17.609 */        expectEqual("tlsHandle.cancel()", "true", tlsHandle.cancel(), true, isDelta: false)[0m
     [36m| [0m[34m|[0m /* 17.610 */        expectEqual("publicNetworkFailureSignature(tlsPending.get(Duration.second))", "\"Read/TcpRead/Cancelled\"", publicNetworkFailureSignature(tlsPending.get(Duration.second)), "Read/TcpRead/Cancelled", isDelta: false)[0m
     [36m| [0m[34m|[0m /* 17.611 */    } finally {[0m
     [36m| [0m[34m|[0m /* 17.612 */        tlsHandle.cancel()[0m
     [36m| [0m[34m|[0m /* 17.613 */        tlsClient.close()[0m
     [36m| [0m[34m|[0m /* 17.614 */        tlsConfig.close()[0m
     [36m| [0m[34m|[0m /* 17.615 */        tlsPeer.close()[0m
     [36m| [0m[34m|[0m /* 17.616 */        tlsServing.get(Duration.second)[0m
     [36m| [0m[34m|[0m /* 17.617 */    }[0m
     [36m| [0m[34m|[0m /* 17.618 */}[0m
     [36m| [0m[34m|[0m /* 17.619 */[0m
     [36m| [0m[34m|[0m /* 17.620 */@Attribute[TestCase_36][0m
     [36m| [0m[34m|[0m /* 17.621 */func noFollowStalledBodyIsCancelledOnlyByCallerAndNeverVisitsTarget(): Unit {[0m
     [36m| [0m[34m|[0m /* 17.622 */    let handler = PublicStalledRedirectHandler()[0m
     [36m| [0m[34m|[0m /* 17.623 */    let server = HttpServer.builder().listen(publicLoopback(0)).handler(handler).build()[0m
     [36m| [0m[34m|[0m /* 17.624 */    let serving: Future < Unit >= spawn { server.serve()[0m
     [36m| [0m[34m|[0m /* 17.625 */    }[0m
     [36m| [0m[34m|[0m /* 17.626 */    let factory = PublicRecordingStdNetFactory()[0m
     [36m| [0m[34m|[0m /* 17.627 */    let host = HostName("body-stall.test")[0m
     [36m| [0m[34m|[0m /* 17.628 */    let client = publicInjectedClient(StaticResolver(ResolveResult([server.localEndpoint.address], host, ResolverSource.Static)), factory, requestTimeout: Some(5 * Duration.second), redirectPolicy: HttpRedirectPolicy.noFollow())[0m
     [36m| [0m[34m|[0m /* 17.629 */    let handle = HttpRequestCancellationHandle()[0m
     [36m| [0m[34m|[0m /* 17.630 */    try {[0m
     [36m| [0m[34m|[0m /* 17.631 */        let received = client.getControlled("http://body-stall.test:${server.localEndpoint.port}/start", HttpCancellationHandles(request: Some(handle)))[0m
     [36m| [0m[34m|[0m /* 17.632 */        try {[0m
     [36m| [0m[34m|[0m /* 17.633 */            expectEqual("received.status", "302", received.status, 302, isDelta: false)[0m
     [36m| [0m[34m|[0m /* 17.634 */            let prefix = Array < Byte >(6, repeat: 0u8)[0m
     [36m| [0m[34m|[0m /* 17.635 */            expectEqual("received.body.read(prefix)", "6", received.body.read(prefix), 6, isDelta: false)[0m
     [36m| [0m[34m|[0m /* 17.636 */            expectEqual("String.fromUtf8(prefix)", "\"prefix\"", String.fromUtf8(prefix), "prefix", isDelta: false)[0m
     [36m| [0m[34m|[0m /* 17.637 */            let blocked: Future < NetworkException >= spawn { publicBodyReadNetworkFailure(received.body)[0m
     [36m| [0m[34m|[0m /* 17.638 */            }[0m
     [36m| [0m[34m|[0m /* 17.639 */            expectEqual("factory.waitForTransport().waitUntilReadActive(Duration.second)", "true", factory.waitForTransport().waitUntilReadActive(Duration.second), true, isDelta: false)[0m
     [36m| [0m[34m|[0m /* 17.640 */            expectEqual("handle.cancel()", "true", handle.cancel(), true, isDelta: false)[0m
     [36m| [0m[34m|[0m /* 17.641 */            expectEqual("! handle.cancel()", "true", ! handle.cancel(), true, isDelta: false)[0m
     [36m| [0m[34m|[0m /* 17.642 */            expectEqual("publicNetworkFailureSignature(blocked.get(Duration.second))", "\"Read/TcpRead/Cancelled\"", publicNetworkFailureSignature(blocked.get(Duration.second)), "Read/TcpRead/Cancelled", isDelta: false)[0m
     [36m| [0m[34m|[0m /* 17.643 */            expectEqual("handler.sourceCalls.load()", "1", handler.sourceCalls.load(), 1, isDelta: false)[0m
     [36m| [0m[34m|[0m /* 17.644 */            expectEqual("handler.targetCalls.load()", "0", handler.targetCalls.load(), 0, isDelta: false)[0m
     [36m| [0m[34m|[0m /* 17.645 */        } finally {[0m
     [36m| [0m[34m|[0m /* 17.646 */            received.close()[0m
     [36m| [0m[34m|[0m /* 17.647 */            received.close()[0m
     [36m| [0m[34m|[0m /* 17.648 */        }[0m
     [36m| [0m[34m|[0m /* 17.649 */    } finally {[0m
     [36m| [0m[34m|[0m /* 17.650 */        handle.cancel()[0m
     [36m| [0m[34m|[0m /* 17.651 */        handler.release()[0m
     [36m| [0m[34m|[0m /* 17.652 */        client.close()[0m
     [36m| [0m[34m|[0m /* 17.653 */        let _ = server.shutdown(context: OperationContext(deadline: Some(Deadline.after(3 * Duration.second))))[0m
     [36m| [0m[34m|[0m /* 17.654 */        serving.get(3 * Duration.second)[0m
     [36m| [0m[34m|[0m /* 17.655 */    }[0m
     [36m| [0m[34m|[0m /* 17.656 */}[0m
     [36m| [0m[34m|[0m /* 17.657 */[0m
     [36m| [0m[34m|[0m /* 17.658 */@Attribute[TestCase_37][0m
     [36m| [0m[34m|[0m /* 17.659 */func oneAbsoluteDeadlineCoversRetriesRedirectsAndEveryBodyRead(): Unit {[0m
     [36m| [0m[34m|[0m /* 17.660 */    let handler = PublicDeadlineHandler()[0m
     [36m| [0m[34m|[0m /* 17.661 */    let server = HttpServer.builder().listen(publicLoopback(0)).handler(handler).build()[0m
     [36m| [0m[34m|[0m /* 17.662 */    handler.setPort(server.localEndpoint.port)[0m
     [36m| [0m[34m|[0m /* 17.663 */    let serving: Future < Unit >= spawn { server.serve()[0m
     [36m| [0m[34m|[0m /* 17.664 */    }[0m
     [36m| [0m[34m|[0m /* 17.665 */    let clock = PublicAdvancingClock()[0m
     [36m| [0m[34m|[0m /* 17.666 */    let resolver = PublicAdvancingResolver(server.localEndpoint.address, clock)[0m
     [36m| [0m[34m|[0m /* 17.667 */    let client = HttpClient.builder().resolver(resolver).retryPolicy(HttpRetryPolicy(maximumAttempts: 2)).requestTimeout(10 * Duration.second).build()[0m
     [36m| [0m[34m|[0m /* 17.668 */    try {[0m
     [36m| [0m[34m|[0m /* 17.669 */        var deadlineFailure:?NetworkException = None < NetworkException >[0m
     [36m| [0m[34m|[0m /* 17.670 */        try {[0m
     [36m| [0m[34m|[0m /* 17.671 */            let parent = OperationContext(deadline: Some(Deadline.after(3 * Duration.second, clock: clock)))[0m
     [36m| [0m[34m|[0m /* 17.672 */            try {[0m
     [36m| [0m[34m|[0m /* 17.673 */                let _ = client.get("http://deadline-source.test:${server.localEndpoint.port}/start", context: parent)[0m
     [36m| [0m[34m|[0m /* 17.674 */            } catch(error: NetworkException) {[0m
     [36m| [0m[34m|[0m /* 17.675 */                deadlineFailure = Some(error)[0m
     [36m| [0m[34m|[0m /* 17.676 */            }[0m
     [36m| [0m[34m|[0m /* 17.677 */            expectEqual("publicNetworkFailureSignature(deadlineFailure.getOrThrow())", "\"Connect/TcpConnect/TimedOut\"", publicNetworkFailureSignature(deadlineFailure.getOrThrow()), "Connect/TcpConnect/TimedOut", isDelta: false)[0m
     [36m| [0m[34m|[0m /* 17.678 */            expectEqual("resolver.calls.load()", "3", resolver.calls.load(), 3, isDelta: false)[0m
     [36m| [0m[34m|[0m /* 17.679 */            expectEqual("handler.sourceCalls.load()", "1", handler.sourceCalls.load(), 1, isDelta: false)[0m
     [36m| [0m[34m|[0m /* 17.680 */            expectEqual("handler.targetCalls.load()", "0", handler.targetCalls.load(), 0, isDelta: false)[0m
     [36m| [0m[34m|[0m /* 17.681 */        } finally {[0m
     [36m| [0m[34m|[0m /* 17.682 */            client.close()[0m
     [36m| [0m[34m|[0m /* 17.683 */        }[0m
     [36m| [0m[34m|[0m /* 17.684 */        for(builderSeconds in[2, 10]) {[0m
     [36m| [0m[34m|[0m /* 17.685 */            let bodyClock = PublicAdvancingClock()[0m
     [36m| [0m[34m|[0m /* 17.686 */            let bodyClient = HttpClient.builder().resolver(StaticResolver(ResolveResult([server.localEndpoint.address], HostName("deadline-body.test"), ResolverSource.Static))).requestTimeout(builderSeconds * Duration.second).build()[0m
     [36m| [0m[34m|[0m /* 17.687 */            try {[0m
     [36m| [0m[34m|[0m /* 17.688 */                let parentSeconds: Int64 = if(builderSeconds == 2) {[0m
     [36m| [0m[34m|[0m /* 17.689 */                    10[0m
     [36m| [0m[34m|[0m /* 17.690 */                }[0m
     [36m| [0m[34m|[0m /* 17.691 */                else {[0m
     [36m| [0m[34m|[0m /* 17.692 */                    2[0m
     [36m| [0m[34m|[0m /* 17.693 */                }[0m
     [36m| [0m[34m|[0m /* 17.694 */                [0m
     [36m| [0m[34m|[0m /* 17.695 */                let received = bodyClient.get("http://deadline-body.test:${server.localEndpoint.port}/body", context: OperationContext(deadline: Some(Deadline.after(parentSeconds * Duration.second, clock: bodyClock))))[0m
     [36m| [0m[34m|[0m /* 17.696 */                try {[0m
     [36m| [0m[34m|[0m /* 17.697 */                    expectEqual("received.body.read(Array < Byte >(6, repeat: 0u8))", "6", received.body.read(Array < Byte >(6, repeat: 0u8)), 6, isDelta: false)[0m
     [36m| [0m[34m|[0m /* 17.698 */                    bodyClock.advance(2 * Duration.second)[0m
     [36m| [0m[34m|[0m /* 17.699 */                    var bodyDeadlineFailure:?NetworkException = None < NetworkException >[0m
     [36m| [0m[34m|[0m /* 17.700 */                    try {[0m
     [36m| [0m[34m|[0m /* 17.701 */                        let _ = received.body.read(Array < Byte >(7, repeat: 0u8))[0m
     [36m| [0m[34m|[0m /* 17.702 */                    } catch(error: NetworkException) {[0m
     [36m| [0m[34m|[0m /* 17.703 */                        bodyDeadlineFailure = Some(error)[0m
     [36m| [0m[34m|[0m /* 17.704 */                    }[0m
     [36m| [0m[34m|[0m /* 17.705 */                    expectEqual("publicNetworkFailureSignature(bodyDeadlineFailure.getOrThrow())", "\"DeadlineExceeded/HttpBody/TimedOut\"", publicNetworkFailureSignature(bodyDeadlineFailure.getOrThrow()), "DeadlineExceeded/HttpBody/TimedOut", isDelta: false)[0m
     [36m| [0m[34m|[0m /* 17.706 */                } finally {[0m
     [36m| [0m[34m|[0m /* 17.707 */                    received.close()[0m
     [36m| [0m[34m|[0m /* 17.708 */                }[0m
     [36m| [0m[34m|[0m /* 17.709 */            } finally {[0m
     [36m| [0m[34m|[0m /* 17.710 */                bodyClient.close()[0m
     [36m| [0m[34m|[0m /* 17.711 */            }[0m
     [36m| [0m[34m|[0m /* 17.712 */        }[0m
     [36m| [0m[34m|[0m /* 17.713 */        let noNetworkResolver = RejectingPublicResolver()[0m
     [36m| [0m[34m|[0m /* 17.714 */        var zeroRejected = false[0m
     [36m| [0m[34m|[0m /* 17.715 */        try {[0m
     [36m| [0m[34m|[0m /* 17.716 */            let _ = HttpClient.builder().resolver(noNetworkResolver).requestTimeout(Duration.Zero)[0m
     [36m| [0m[34m|[0m /* 17.717 */        } catch(_: IllegalArgumentException) {[0m
     [36m| [0m[34m|[0m /* 17.718 */            zeroRejected = true[0m
     [36m| [0m[34m|[0m /* 17.719 */        }[0m
     [36m| [0m[34m|[0m /* 17.720 */        var negativeRejected = false[0m
     [36m| [0m[34m|[0m /* 17.721 */        try {[0m
     [36m| [0m[34m|[0m /* 17.722 */            let _ = HttpClient.builder().resolver(noNetworkResolver).requestTimeout(Duration.Zero - Duration.nanosecond)[0m
     [36m| [0m[34m|[0m /* 17.723 */        } catch(_: IllegalArgumentException) {[0m
     [36m| [0m[34m|[0m /* 17.724 */            negativeRejected = true[0m
     [36m| [0m[34m|[0m /* 17.725 */        }[0m
     [36m| [0m[34m|[0m /* 17.726 */        expectEqual("zeroRejected", "true", zeroRejected, true, isDelta: false)[0m
     [36m| [0m[34m|[0m /* 17.727 */        expectEqual("negativeRejected", "true", negativeRejected, true, isDelta: false)[0m
     [36m| [0m[34m|[0m /* 17.728 */        expectEqual("noNetworkResolver.calls.load()", "0", noNetworkResolver.calls.load(), 0, isDelta: false)[0m
     [36m| [0m[34m|[0m /* 17.729 */    } finally {[0m
     [36m| [0m[34m|[0m /* 17.730 */        let _ = server.shutdown(context: OperationContext(deadline: Some(Deadline.after(3 * Duration.second))))[0m
     [36m| [0m[34m|[0m /* 17.731 */        serving.get(3 * Duration.second)[0m
     [36m| [0m[34m|[0m /* 17.732 */    }[0m
     [36m| [0m[34m|[0m /* 17.733 */}[0m
     [36m| [0m[34m|[0m /* 17.734 */[0m
     [36m| [0m[34m|[0m /* 17.735 */@Attribute[TestCase_38][0m
     [36m| [0m[34m|[0m /* 17.736 */func tlsDefaultsIdentityAndMutualAuthenticationFailClosedWithoutLeakingSentinels(): Unit {[0m
     [36m| [0m[34m|[0m /* 17.737 */    let certificate = publicTlsTestCertificateDer()[0m
     [36m| [0m[34m|[0m /* 17.738 */    let privateKey = publicTlsTestPrivateKeyDer()[0m
     [36m| [0m[34m|[0m /* 17.739 */    let ordinaryServerTls = HttpServerTlsConfig([certificate], privateKey)[0m
     [36m| [0m[34m|[0m /* 17.740 */    let ordinaryHandler = PublicCountingHandler()[0m
     [36m| [0m[34m|[0m /* 17.741 */    let ordinaryServer = HttpServer.builder().listen(publicLoopback(0)).handler(ordinaryHandler).tls(ordinaryServerTls).build()[0m
     [36m| [0m[34m|[0m /* 17.742 */    let ordinaryServing: Future < Unit >= spawn { ordinaryServer.serve()[0m
     [36m| [0m[34m|[0m /* 17.743 */    }[0m
     [36m| [0m[34m|[0m /* 17.744 */    let resolver = StaticResolver(ResolveResult([ordinaryServer.localEndpoint.address], HostName("example.com"), ResolverSource.Static))[0m
     [36m| [0m[34m|[0m /* 17.745 */    let authSentinel = "WIRESTACK_SECRET_AUTH_9f18"[0m
     [36m| [0m[34m|[0m /* 17.746 */    let bodySentinel = "WIRESTACK_SECRET_BODY_62cc"[0m
     [36m| [0m[34m|[0m /* 17.747 */    try {[0m
     [36m| [0m[34m|[0m /* 17.748 */        let request = HttpRequest(HttpMethod("POST"), HttpUrl.parse("https://example.com:${ordinaryServer.localEndpoint.port}/secure"), headers: HttpHeaders.builder().add("Authorization", authSentinel).build(), body: RequestBody.string(bodySentinel))[0m
     [36m| [0m[34m|[0m /* 17.749 */        let defaultClient = HttpClient.builder().resolver(resolver).requestTimeout(3 * Duration.second).build()[0m
     [36m| [0m[34m|[0m /* 17.750 */        var untrusted = false[0m
     [36m| [0m[34m|[0m /* 17.751 */        try {[0m
     [36m| [0m[34m|[0m /* 17.752 */            let _ = defaultClient.send(request)[0m
     [36m| [0m[34m|[0m /* 17.753 */        } catch(error: tlstest.TlsEngineException) {[0m
     [36m| [0m[34m|[0m /* 17.754 */            untrusted = match(error.tlsCode) {[0m
     [36m| [0m[34m|[0m /* 17.755 */                case tlstest.TlsEngineErrorCode.CertificateUntrusted => publicTlsFailureIsSafe(error, authSentinel) && publicTlsFailureIsSafe(error, bodySentinel)[0m
     [36m| [0m[34m|[0m /* 17.756 */                case _ => false[0m
     [36m| [0m[34m|[0m /* 17.757 */            }[0m
     [36m| [0m[34m|[0m /* 17.758 */        }[0m
     [36m| [0m[34m|[0m /* 17.759 */        finally {[0m
     [36m| [0m[34m|[0m /* 17.760 */            defaultClient.close()[0m
     [36m| [0m[34m|[0m /* 17.761 */        }[0m
     [36m| [0m[34m|[0m /* 17.762 */        expectEqual("untrusted", "true", untrusted, true, isDelta: false)[0m
     [36m| [0m[34m|[0m /* 17.763 */        expectEqual("ordinaryHandler.calls.load()", "0", ordinaryHandler.calls.load(), 0, isDelta: false)[0m
     [36m| [0m[34m|[0m /* 17.764 */        let wrongTls = HttpClientTlsConfig([certificate])[0m
     [36m| [0m[34m|[0m /* 17.765 */        let wrongClient = HttpClient.builder().resolver(StaticResolver(ResolveResult([ordinaryServer.localEndpoint.address], HostName("wrong.example"), ResolverSource.Static))).tls(wrongTls).requestTimeout(3 * Duration.second).build()[0m
     [36m| [0m[34m|[0m /* 17.766 */        var identityMismatch = false[0m
     [36m| [0m[34m|[0m /* 17.767 */        try {[0m
     [36m| [0m[34m|[0m /* 17.768 */            let wrongRequest = HttpRequest(HttpMethod("POST"), HttpUrl.parse("https://wrong.example:${ordinaryServer.localEndpoint.port}/secure"), headers: HttpHeaders.builder().add("Authorization", authSentinel).build(), body: RequestBody.string(bodySentinel))[0m
     [36m| [0m[34m|[0m /* 17.769 */            let _ = wrongClient.send(wrongRequest)[0m
     [36m| [0m[34m|[0m /* 17.770 */        } catch(error: tlstest.TlsEngineException) {[0m
     [36m| [0m[34m|[0m /* 17.771 */            identityMismatch = match(error.tlsCode) {[0m
     [36m| [0m[34m|[0m /* 17.772 */                case tlstest.TlsEngineErrorCode.IdentityMismatch => publicTlsFailureIsSafe(error, authSentinel) && publicTlsFailureIsSafe(error, bodySentinel)[0m
     [36m| [0m[34m|[0m /* 17.773 */                case _ => false[0m
     [36m| [0m[34m|[0m /* 17.774 */            }[0m
     [36m| [0m[34m|[0m /* 17.775 */        }[0m
     [36m| [0m[34m|[0m /* 17.776 */        finally {[0m
     [36m| [0m[34m|[0m /* 17.777 */            wrongClient.close()[0m
     [36m| [0m[34m|[0m /* 17.778 */            wrongTls.close()[0m
     [36m| [0m[34m|[0m /* 17.779 */        }[0m
     [36m| [0m[34m|[0m /* 17.780 */        expectEqual("identityMismatch", "true", identityMismatch, true, isDelta: false)[0m
     [36m| [0m[34m|[0m /* 17.781 */        expectEqual("ordinaryHandler.calls.load()", "0", ordinaryHandler.calls.load(), 0, isDelta: false)[0m
     [36m| [0m[34m|[0m /* 17.782 */    } finally {[0m
     [36m| [0m[34m|[0m /* 17.783 */        let _ = ordinaryServer.shutdown(context: OperationContext(deadline: Some(Deadline.after(3 * Duration.second))))[0m
     [36m| [0m[34m|[0m /* 17.784 */        ordinaryServing.get(3 * Duration.second)[0m
     [36m| [0m[34m|[0m /* 17.785 */        ordinaryServerTls.close()[0m
     [36m| [0m[34m|[0m /* 17.786 */    }[0m
     [36m| [0m[34m|[0m /* 17.787 */    let requiredServerTls = HttpServerTlsConfig([certificate], privateKey, clientAuthentication: HttpServerClientAuthentication.Required, clientTrustRootsDer:[certificate])[0m
     [36m| [0m[34m|[0m /* 17.788 */    let requiredHandler = PublicCountingHandler()[0m
     [36m| [0m[34m|[0m /* 17.789 */    let requiredServer = HttpServer.builder().listen(publicLoopback(0)).handler(requiredHandler).tls(requiredServerTls).build()[0m
     [36m| [0m[34m|[0m /* 17.790 */    let requiredServing: Future < Unit >= spawn { requiredServer.serve()[0m
     [36m| [0m[34m|[0m /* 17.791 */    }[0m
     [36m| [0m[34m|[0m /* 17.792 */    try {[0m
     [36m| [0m[34m|[0m /* 17.793 */        let requiredResolver = StaticResolver(ResolveResult([requiredServer.localEndpoint.address], HostName("example.com"), ResolverSource.Static))[0m
     [36m| [0m[34m|[0m /* 17.794 */        let mutualTls = HttpClientTlsConfig([certificate], clientCertificateChainDer:[certificate], clientPrivateKeyPkcs8Der: privateKey)[0m
     [36m| [0m[34m|[0m /* 17.795 */        let mutualClient = HttpClient.builder().resolver(requiredResolver).tls(mutualTls).requestTimeout(3 * Duration.second).build()[0m
     [36m| [0m[34m|[0m /* 17.796 */        try {[0m
     [36m| [0m[34m|[0m /* 17.797 */            let response = mutualClient.get("https://example.com:${requiredServer.localEndpoint.port}/secure")[0m
     [36m| [0m[34m|[0m /* 17.798 */            expectEqual("response.status", "204", response.status, 204, isDelta: false)[0m
     [36m| [0m[34m|[0m /* 17.799 */            response.close()[0m
     [36m| [0m[34m|[0m /* 17.800 */            expectEqual("requiredHandler.calls.load()", "1", requiredHandler.calls.load(), 1, isDelta: false)[0m
     [36m| [0m[34m|[0m /* 17.801 */        } finally {[0m
     [36m| [0m[34m|[0m /* 17.802 */            mutualClient.close()[0m
     [36m| [0m[34m|[0m /* 17.803 */            mutualTls.close()[0m
     [36m| [0m[34m|[0m /* 17.804 */        }[0m
     [36m| [0m[34m|[0m /* 17.805 */        let noIdentityTls = HttpClientTlsConfig([certificate])[0m
     [36m| [0m[34m|[0m /* 17.806 */        let noIdentityClient = HttpClient.builder().resolver(requiredResolver).tls(noIdentityTls).requestTimeout(3 * Duration.second).build()[0m
     [36m| [0m[34m|[0m /* 17.807 */        var missingIdentityRejected = false[0m
     [36m| [0m[34m|[0m /* 17.808 */        try {[0m
     [36m| [0m[34m|[0m /* 17.809 */            let noIdentityRequest = HttpRequest(HttpMethod("POST"), HttpUrl.parse("https://example.com:${requiredServer.localEndpoint.port}/secure"), headers: HttpHeaders.builder().add("Authorization", authSentinel).build(), body: RequestBody.string(bodySentinel))[0m
     [36m| [0m[34m|[0m /* 17.810 */            let _ = noIdentityClient.send(noIdentityRequest)[0m
     [36m| [0m[34m|[0m /* 17.811 */        } catch(error: tlstest.TlsEngineException) {[0m
     [36m| [0m[34m|[0m /* 17.812 */            missingIdentityRejected = ! publicTlsIsTimeout(error) && publicTlsFailureIsSafe(error, authSentinel) && publicTlsFailureIsSafe(error, bodySentinel)[0m
     [36m| [0m[34m|[0m /* 17.813 */        }[0m
     [36m| [0m[34m|[0m /* 17.814 */        catch(error: NetworkException) {[0m
     [36m| [0m[34m|[0m /* 17.815 */            let publicFailure = describePublicHttpFailure(error)[0m
     [36m| [0m[34m|[0m /* 17.816 */            missingIdentityRejected = ! publicIsDeadlineError(error) && ! publicFailure.contains(authSentinel) && ! publicFailure.contains(bodySentinel)[0m
     [36m| [0m[34m|[0m /* 17.817 */        }[0m
     [36m| [0m[34m|[0m /* 17.818 */        finally {[0m
     [36m| [0m[34m|[0m /* 17.819 */            noIdentityClient.close()[0m
     [36m| [0m[34m|[0m /* 17.820 */            noIdentityTls.close()[0m
     [36m| [0m[34m|[0m /* 17.821 */        }[0m
     [36m| [0m[34m|[0m /* 17.822 */        expectEqual("missingIdentityRejected", "true", missingIdentityRejected, true, isDelta: false)[0m
     [36m| [0m[34m|[0m /* 17.823 */        expectEqual("requiredHandler.calls.load()", "1", requiredHandler.calls.load(), 1, isDelta: false)[0m
     [36m| [0m[34m|[0m /* 17.824 */    } finally {[0m
     [36m| [0m[34m|[0m /* 17.825 */        let _ = requiredServer.shutdown(context: OperationContext(deadline: Some(Deadline.after(3 * Duration.second))))[0m
     [36m| [0m[34m|[0m /* 17.826 */        requiredServing.get(3 * Duration.second)[0m
     [36m| [0m[34m|[0m /* 17.827 */        requiredServerTls.close()[0m
     [36m| [0m[34m|[0m /* 17.828 */    }[0m
     [36m| [0m[34m|[0m /* 17.829 */}[0m
     [36m| [0m[34m|[0m /* 17.830 */[0m
     [36m| [0m[34m|[0m /* 17.831 */@Attribute[TestCase_39][0m
     [36m| [0m[34m|[0m /* 17.832 */func retryAttemptsArePerRedirectHopAndNoFollowNeverConsumesTargetBudget(): Unit {[0m
     [36m| [0m[34m|[0m /* 17.833 */    let targetHandler = PublicCountingHandler()[0m
     [36m| [0m[34m|[0m /* 17.834 */    let targetServer = HttpServer.builder().listen(publicLoopback(0)).handler(targetHandler).build()[0m
     [36m| [0m[34m|[0m /* 17.835 */    let targetServing: Future < Unit >= spawn { targetServer.serve()[0m
     [36m| [0m[34m|[0m /* 17.836 */    }[0m
     [36m| [0m[34m|[0m /* 17.837 */    let sourceHandler = PublicCrossOriginRedirectHandler("http://retry-target.test:${targetServer.localEndpoint.port}/secure")[0m
     [36m| [0m[34m|[0m /* 17.838 */    let sourceServer = HttpServer.builder().listen(publicLoopback(0)).handler(sourceHandler).build()[0m
     [36m| [0m[34m|[0m /* 17.839 */    let sourceServing: Future < Unit >= spawn { sourceServer.serve()[0m
     [36m| [0m[34m|[0m /* 17.840 */    }[0m
     [36m| [0m[34m|[0m /* 17.841 */    try {[0m
     [36m| [0m[34m|[0m /* 17.842 */        let resolver = PublicSameAddressResolver(sourceServer.localEndpoint.address)[0m
     [36m| [0m[34m|[0m /* 17.843 */        let follow = HttpClient.builder().resolver(resolver).retryPolicy(HttpRetryPolicy(maximumAttempts: 1)).requestTimeout(3 * Duration.second).build()[0m
     [36m| [0m[34m|[0m /* 17.844 */        try {[0m
     [36m| [0m[34m|[0m /* 17.845 */            let response = follow.get("http://retry-source.test:${sourceServer.localEndpoint.port}/start")[0m
     [36m| [0m[34m|[0m /* 17.846 */            expectEqual("response.status", "204", response.status, 204, isDelta: false)[0m
     [36m| [0m[34m|[0m /* 17.847 */            response.close()[0m
     [36m| [0m[34m|[0m /* 17.848 */            expectEqual("sourceHandler.calls.load()", "1", sourceHandler.calls.load(), 1, isDelta: false)[0m
     [36m| [0m[34m|[0m /* 17.849 */            expectEqual("targetHandler.calls.load()", "1", targetHandler.calls.load(), 1, isDelta: false)[0m
     [36m| [0m[34m|[0m /* 17.850 */        } finally {[0m
     [36m| [0m[34m|[0m /* 17.851 */            follow.close()[0m
     [36m| [0m[34m|[0m /* 17.852 */        }[0m
     [36m| [0m[34m|[0m /* 17.853 */        let noFollow = HttpClient.builder().resolver(resolver).redirectPolicy(HttpRedirectPolicy.noFollow()).retryPolicy(HttpRetryPolicy(maximumAttempts: 1)).requestTimeout(3 * Duration.second).build()[0m
     [36m| [0m[34m|[0m /* 17.854 */        try {[0m
     [36m| [0m[34m|[0m /* 17.855 */            let response = noFollow.get("http://retry-source.test:${sourceServer.localEndpoint.port}/start")[0m
     [36m| [0m[34m|[0m /* 17.856 */            expectEqual("response.status", "302", response.status, 302, isDelta: false)[0m
     [36m| [0m[34m|[0m /* 17.857 */            response.close()[0m
     [36m| [0m[34m|[0m /* 17.858 */            expectEqual("sourceHandler.calls.load()", "2", sourceHandler.calls.load(), 2, isDelta: false)[0m
     [36m| [0m[34m|[0m /* 17.859 */            expectEqual("targetHandler.calls.load()", "1", targetHandler.calls.load(), 1, isDelta: false)[0m
     [36m| [0m[34m|[0m /* 17.860 */        } finally {[0m
     [36m| [0m[34m|[0m /* 17.861 */            noFollow.close()[0m
     [36m| [0m[34m|[0m /* 17.862 */        }[0m
     [36m| [0m[34m|[0m /* 17.863 */        let flaky = FlakyPublicResolver(ResolveResult([sourceServer.localEndpoint.address], HostName("retry-one.test"), ResolverSource.Static))[0m
     [36m| [0m[34m|[0m /* 17.864 */        let singleAttempt = HttpClient.builder().resolver(flaky).retryPolicy(HttpRetryPolicy(maximumAttempts: 1)).requestTimeout(3 * Duration.second).build()[0m
     [36m| [0m[34m|[0m /* 17.865 */        var temporaryStopped = false[0m
     [36m| [0m[34m|[0m /* 17.866 */        try {[0m
     [36m| [0m[34m|[0m /* 17.867 */            let _ = singleAttempt.get("http://retry-one.test:${sourceServer.localEndpoint.port}/start")[0m
     [36m| [0m[34m|[0m /* 17.868 */        } catch(error: ResolveException) {[0m
     [36m| [0m[34m|[0m /* 17.869 */            temporaryStopped = match(error.resolveCode) {[0m
     [36m| [0m[34m|[0m /* 17.870 */                case ResolveErrorCode.TemporaryFailure => true[0m
     [36m| [0m[34m|[0m /* 17.871 */                case _ => false[0m
     [36m| [0m[34m|[0m /* 17.872 */            }[0m
     [36m| [0m[34m|[0m /* 17.873 */        }[0m
     [36m| [0m[34m|[0m /* 17.874 */        finally {[0m
     [36m| [0m[34m|[0m /* 17.875 */            singleAttempt.close()[0m
     [36m| [0m[34m|[0m /* 17.876 */        }[0m
     [36m| [0m[34m|[0m /* 17.877 */        expectEqual("temporaryStopped", "true", temporaryStopped, true, isDelta: false)[0m
     [36m| [0m[34m|[0m /* 17.878 */        expectEqual("flaky.calls.load()", "1", flaky.calls.load(), 1, isDelta: false)[0m
     [36m| [0m[34m|[0m /* 17.879 */        let refusedFactory = PublicRecordingStdNetFactory()[0m
     [36m| [0m[34m|[0m /* 17.880 */        let closedListener = stdnettest.StdNetTransportListener.bind(publicLoopback(0))[0m
     [36m| [0m[34m|[0m /* 17.881 */        let refusedEndpoint = closedListener.localEndpoint[0m
     [36m| [0m[34m|[0m /* 17.882 */        closedListener.close()[0m
     [36m| [0m[34m|[0m /* 17.883 */        let refusedClient = publicInjectedClient(StaticResolver(ResolveResult([refusedEndpoint.address], HostName("single-connect.test"), ResolverSource.Static)), refusedFactory, requestTimeout: Some(Duration.second), retryPolicy: HttpRetryPolicy(maximumAttempts: 1))[0m
     [36m| [0m[34m|[0m /* 17.884 */        let refusedEvents = PublicConnectAttemptSink()[0m
     [36m| [0m[34m|[0m /* 17.885 */        var refused = false[0m
     [36m| [0m[34m|[0m /* 17.886 */        try {[0m
     [36m| [0m[34m|[0m /* 17.887 */            let _ = refusedClient.get("http://single-connect.test:${refusedEndpoint.port}/", context: OperationContext(eventSink: Some < NetworkEventSink >(refusedEvents)))[0m
     [36m| [0m[34m|[0m /* 17.888 */        } catch(_: NetworkException) {[0m
     [36m| [0m[34m|[0m /* 17.889 */            refused = true[0m
     [36m| [0m[34m|[0m /* 17.890 */        }[0m
     [36m| [0m[34m|[0m /* 17.891 */        finally {[0m
     [36m| [0m[34m|[0m /* 17.892 */            refusedClient.close()[0m
     [36m| [0m[34m|[0m /* 17.893 */        }[0m
     [36m| [0m[34m|[0m /* 17.894 */        expectEqual("refused", "true", refused, true, isDelta: false)[0m
     [36m| [0m[34m|[0m /* 17.895 */        expectEqual("refusedFactory.connects.load()", "1", refusedFactory.connects.load(), 1, isDelta: false)[0m
     [36m| [0m[34m|[0m /* 17.896 */        expectEqual("refusedEvents.started.load()", "1", refusedEvents.started.load(), 1, isDelta: false)[0m
     [36m| [0m[34m|[0m /* 17.897 */    } finally {[0m
     [36m| [0m[34m|[0m /* 17.898 */        let _ = sourceServer.shutdown(context: OperationContext(deadline: Some(Deadline.after(3 * Duration.second))))[0m
     [36m| [0m[34m|[0m /* 17.899 */        sourceServing.get(3 * Duration.second)[0m
     [36m| [0m[34m|[0m /* 17.900 */        let _ = targetServer.shutdown(context: OperationContext(deadline: Some(Deadline.after(3 * Duration.second))))[0m
     [36m| [0m[34m|[0m /* 17.901 */        targetServing.get(3 * Duration.second)[0m
     [36m| [0m[34m|[0m /* 17.902 */    }[0m
     [36m| [0m[34m|[0m /* 17.903 */}[0m
     [36m| [0m[34m|[0m /* 17.904 */[0m
     [36m| [0m[34m|[0m /* 17.905 */@Attribute[TestCase_40][0m
     [36m| [0m[34m|[0m /* 17.906 */func afterHookFailureClosesReturnedBodiesForHttp1AndHttp2WithoutLeakingSentinel(): Unit {[0m
     [36m| [0m[34m|[0m /* 17.907 */    let sentinel = "WIRESTACK_AFTER_SECRET_12a7"[0m
     [36m| [0m[34m|[0m /* 17.908 */    let h1Handler = PublicTrackedResponseHandler()[0m
     [36m| [0m[34m|[0m /* 17.909 */    let h1Server = HttpServer.builder().listen(publicLoopback(0)).handler(h1Handler).serviceHook(PublicThrowingAfterHook(sentinel)).build()[0m
     [36m| [0m[34m|[0m /* 17.910 */    let h1Serving: Future < Unit >= spawn { h1Server.serve()[0m
     [36m| [0m[34m|[0m /* 17.911 */    }[0m
     [36m| [0m[34m|[0m /* 17.912 */    let h1Client = HttpClient.builder().resolver(StaticResolver(ResolveResult([h1Server.localEndpoint.address], HostName("hook-h1.test"), ResolverSource.Static))).requestTimeout(3 * Duration.second).build()[0m
     [36m| [0m[34m|[0m /* 17.913 */    try {[0m
     [36m| [0m[34m|[0m /* 17.914 */        let response = h1Client.get("http://hook-h1.test:${h1Server.localEndpoint.port}/hook")[0m
     [36m| [0m[34m|[0m /* 17.915 */        expectEqual("response.status", "500", response.status, 500, isDelta: false)[0m
     [36m| [0m[34m|[0m /* 17.916 */        expectEqual("! response.reason.contains(sentinel)", "true", ! response.reason.contains(sentinel), true, isDelta: false)[0m
     [36m| [0m[34m|[0m /* 17.917 */        response.close()[0m
     [36m| [0m[34m|[0m /* 17.918 */        expectEqual("h1Handler.closed.load()", "1", h1Handler.closed.load(), 1, isDelta: false)[0m
     [36m| [0m[34m|[0m /* 17.919 */    } finally {[0m
     [36m| [0m[34m|[0m /* 17.920 */        h1Client.close()[0m
     [36m| [0m[34m|[0m /* 17.921 */        let _ = h1Server.shutdown(context: OperationContext(deadline: Some(Deadline.after(3 * Duration.second))))[0m
     [36m| [0m[34m|[0m /* 17.922 */        h1Serving.get(3 * Duration.second)[0m
     [36m| [0m[34m|[0m /* 17.923 */    }[0m
     [36m| [0m[34m|[0m /* 17.924 */    let certificate = publicTlsTestCertificateDer()[0m
     [36m| [0m[34m|[0m /* 17.925 */    let serverTls = HttpServerTlsConfig([certificate], publicTlsTestPrivateKeyDer())[0m
     [36m| [0m[34m|[0m /* 17.926 */    let clientTls = HttpClientTlsConfig([certificate])[0m
     [36m| [0m[34m|[0m /* 17.927 */    let h2Handler = PublicTrackedResponseHandler()[0m
     [36m| [0m[34m|[0m /* 17.928 */    let h2Server = HttpServer.builder().listen(publicLoopback(0)).handler(h2Handler).serviceHook(PublicThrowingAfterHook(sentinel)).tls(serverTls).build()[0m
     [36m| [0m[34m|[0m /* 17.929 */    let h2Serving: Future < Unit >= spawn { h2Server.serve()[0m
     [36m| [0m[34m|[0m /* 17.930 */    }[0m
     [36m| [0m[34m|[0m /* 17.931 */    let h2Client = HttpClient.builder().resolver(StaticResolver(ResolveResult([h2Server.localEndpoint.address], HostName("example.com"), ResolverSource.Static))).tls(clientTls).requestTimeout(3 * Duration.second).build()[0m
     [36m| [0m[34m|[0m /* 17.932 */    var resetWithoutSentinel = false[0m
     [36m| [0m[34m|[0m /* 17.933 */    try {[0m
     [36m| [0m[34m|[0m /* 17.934 */        let _ = h2Client.get("https://example.com:${h2Server.localEndpoint.port}/hook")[0m
     [36m| [0m[34m|[0m /* 17.935 */    } catch(error: HttpException) {[0m
     [36m| [0m[34m|[0m /* 17.936 */        resetWithoutSentinel = match(error.code) {[0m
     [36m| [0m[34m|[0m /* 17.937 */            case HttpErrorCode.StreamReset => ! describePublicHttpFailure(error).contains(sentinel)[0m
     [36m| [0m[34m|[0m /* 17.938 */            case _ => false[0m
     [36m| [0m[34m|[0m /* 17.939 */        }[0m
     [36m| [0m[34m|[0m /* 17.940 */    }[0m
     [36m| [0m[34m|[0m /* 17.941 */    finally {[0m
     [36m| [0m[34m|[0m /* 17.942 */        h2Client.close()[0m
     [36m| [0m[34m|[0m /* 17.943 */        clientTls.close()[0m
     [36m| [0m[34m|[0m /* 17.944 */        let _ = h2Server.shutdown(context: OperationContext(deadline: Some(Deadline.after(3 * Duration.second))))[0m
     [36m| [0m[34m|[0m /* 17.945 */        h2Serving.get(3 * Duration.second)[0m
     [36m| [0m[34m|[0m /* 17.946 */        serverTls.close()[0m
     [36m| [0m[34m|[0m /* 17.947 */    }[0m
     [36m| [0m[34m|[0m /* 17.948 */    expectEqual("resetWithoutSentinel", "true", resetWithoutSentinel, true, isDelta: false)[0m
     [36m| [0m[34m|[0m /* 17.949 */    expectEqual("h2Handler.closed.load()", "1", h2Handler.closed.load(), 1, isDelta: false)[0m
     [36m| [0m[34m|[0m /* 17.950 */}[0m
     [36m| [0m[34m|[0m /* 17.951 */[0m
     [36m| [0m[34m|[0m /* 17.952 */@Attribute[TestCase_41][0m
     [36m| [0m[34m|[0m /* 17.953 */func publicServerShutdownConvergesAfterGracefulForcedCancelledAndRepeatedRequests(): Unit {[0m
     [36m| [0m[34m|[0m /* 17.954 */    let graceful = HttpServer.builder().listen(publicLoopback(0)).handler(PublicCountingHandler()).build()[0m
     [36m| [0m[34m|[0m /* 17.955 */    let gracefulServing: Future < Unit >= spawn { graceful.serve()[0m
     [36m| [0m[34m|[0m /* 17.956 */    }[0m
     [36m| [0m[34m|[0m /* 17.957 */    let gracefulClient = HttpClient.builder().resolver(StaticResolver(ResolveResult([graceful.localEndpoint.address], HostName("graceful.test"), ResolverSource.Static))).requestTimeout(3 * Duration.second).build()[0m
     [36m| [0m[34m|[0m /* 17.958 */    let response = gracefulClient.get("http://graceful.test:${graceful.localEndpoint.port}/secure")[0m
     [36m| [0m[34m|[0m /* 17.959 */    response.close()[0m
     [36m| [0m[34m|[0m /* 17.960 */    gracefulClient.close()[0m
     [36m| [0m[34m|[0m /* 17.961 */    let gracefulResult = graceful.shutdown(context: OperationContext(deadline: Some(Deadline.after(3 * Duration.second))))[0m
     [36m| [0m[34m|[0m /* 17.962 */    expectEqual("gracefulResult.activeAtReturn", "0", gracefulResult.activeAtReturn, 0, isDelta: false)[0m
     [36m| [0m[34m|[0m /* 17.963 */    gracefulServing.get(3 * Duration.second)[0m
     [36m| [0m[34m|[0m /* 17.964 */    graceful.close()[0m
     [36m| [0m[34m|[0m /* 17.965 */    graceful.close()[0m
     [36m| [0m[34m|[0m /* 17.966 */    let repeated = graceful.shutdown(context: OperationContext(deadline: Some(Deadline.after(Duration.second))))[0m
     [36m| [0m[34m|[0m /* 17.967 */    expectEqual("repeated.activeAtReturn", "0", repeated.activeAtReturn, 0, isDelta: false)[0m
     [36m| [0m[34m|[0m /* 17.968 */    publicRunForcedShutdown(false)[0m
     [36m| [0m[34m|[0m /* 17.969 */    publicRunForcedShutdown(true)[0m
     [36m| [0m[34m|[0m /* 17.970 */    let cancelledHandler = PublicBlockingLifecycleHandler()[0m
     [36m| [0m[34m|[0m /* 17.971 */    let cancelledServer = HttpServer.builder().listen(publicLoopback(0)).handler(cancelledHandler).build()[0m
     [36m| [0m[34m|[0m /* 17.972 */    let cancelledServing: Future < Unit >= spawn { cancelledServer.serve()[0m
     [36m| [0m[34m|[0m /* 17.973 */    }[0m
     [36m| [0m[34m|[0m /* 17.974 */    let cancelledClient = HttpClient.builder().resolver(StaticResolver(ResolveResult([cancelledServer.localEndpoint.address], HostName("cancel-shutdown.test"), ResolverSource.Static))).requestTimeout(3 * Duration.second).build()[0m
     [36m| [0m[34m|[0m /* 17.975 */    let cancelledRequest: Future < Unit >= spawn { try {[0m
     [36m| [0m[34m|[0m /* 17.976 */        let value = cancelledClient.get("http://cancel-shutdown.test:${cancelledServer.localEndpoint.port}/block")[0m
     [36m| [0m[34m|[0m /* 17.977 */        value.close()[0m
     [36m| [0m[34m|[0m /* 17.978 */    } catch(_: Exception) {[0m
     [36m| [0m[34m|[0m /* 17.979 */    }[0m
     [36m| [0m[34m|[0m /* 17.980 */}[0m
     [36m| [0m[34m|[0m /* 17.981 */cancelledHandler.waitUntilEntered()[0m
     [36m| [0m[34m|[0m /* 17.982 */let shutdownCancellation = CancellationSource()[0m
     [36m| [0m[34m|[0m /* 17.983 */shutdownCancellation.cancel()[0m
     [36m| [0m[34m|[0m /* 17.984 */let cancelledResult = cancelledServer.shutdown(context: OperationContext(cancellation: shutdownCancellation.token))[0m
     [36m| [0m[34m|[0m /* 17.985 */cancelledHandler.release()[0m
     [36m| [0m[34m|[0m /* 17.986 */cancelledRequest.get(Duration.second)[0m
     [36m| [0m[34m|[0m /* 17.987 */let cancelledDrained = cancelledServer.shutdown(context: OperationContext(deadline: Some(Deadline.after(3 * Duration.second))))[0m
     [36m| [0m[34m|[0m /* 17.988 */expectEqual("cancelledResult.activeAtReturn >= cancelledDrained.activeAtReturn", "true", cancelledResult.activeAtReturn >= cancelledDrained.activeAtReturn, true, isDelta: false)[0m
     [36m| [0m[34m|[0m /* 17.989 */expectEqual("cancelledDrained.activeAtReturn", "0", cancelledDrained.activeAtReturn, 0, isDelta: false)[0m
     [36m| [0m[34m|[0m /* 17.990 */cancelledServing.get(3 * Duration.second)[0m
     [36m| [0m[34m|[0m /* 17.991 */cancelledClient.close()[0m
     [36m| [0m[34m|[0m /* 17.992 */}[0m
     [36m| [0m[34m|[0m /* 17.993 */[0m
     [36m| [0m[34m|[0m /* 17.994 */@Attribute[TestCase_42][0m
     [36m| [0m[34m|[0m /* 17.995 */func shutdownClosesLateAcceptedTransportAndSuccessfulConnectTunnel(): Unit {[0m
     [36m| [0m[34m|[0m /* 17.996 */let late = PublicLateAcceptFixture()[0m
     [36m| [0m[34m|[0m /* 17.997 */let lateServing: Future < Unit >= spawn { late.server.serve()[0m
     [36m| [0m[34m|[0m /* 17.998 */}[0m
     [36m| [0m[34m|[0m /* 17.999 */try {[0m
     [36m| [0m[34m|[0m /* 17.1000 */    late.listener.waitUntilAccepting()[0m
     [36m| [0m[34m|[0m /* 17.1001 */    let lateShutdown: Future < HttpServerShutdownResult >= spawn { late.server.shutdown(context: OperationContext(deadline: Some(Deadline.after(3 * Duration.second))))[0m
     [36m| [0m[34m|[0m /* 17.1002 */    }[0m
     [36m| [0m[34m|[0m /* 17.1003 */    late.listener.waitUntilClosed()[0m
     [36m| [0m[34m|[0m /* 17.1004 */    late.listener.releaseAccept()[0m
     [36m| [0m[34m|[0m /* 17.1005 */    expectEqual("lateShutdown.get(3 * Duration.second).activeAtReturn", "0", lateShutdown.get(3 * Duration.second).activeAtReturn, 0, isDelta: false)[0m
     [36m| [0m[34m|[0m /* 17.1006 */    lateServing.get(3 * Duration.second)[0m
     [36m| [0m[34m|[0m /* 17.1007 */    expectEqual("late.handler.calls.load()", "0", late.handler.calls.load(), 0, isDelta: false)[0m
     [36m| [0m[34m|[0m /* 17.1008 */    expectEqual("late.listener.acceptedCloseCalls.load()", "1", late.listener.acceptedCloseCalls.load(), 1, isDelta: false)[0m
     [36m| [0m[34m|[0m /* 17.1009 */} finally {[0m
     [36m| [0m[34m|[0m /* 17.1010 */    late.listener.releaseAccept()[0m
     [36m| [0m[34m|[0m /* 17.1011 */    late.close()[0m
     [36m| [0m[34m|[0m /* 17.1012 */    lateServing.get(3 * Duration.second)[0m
     [36m| [0m[34m|[0m /* 17.1013 */}[0m
     [36m| [0m[34m|[0m /* 17.1014 */let connectHandler = PublicConnectHandler()[0m
     [36m| [0m[34m|[0m /* 17.1015 */let connectServer = HttpServer.builder().listen(publicLoopback(0)).handler(connectHandler).build()[0m
     [36m| [0m[34m|[0m /* 17.1016 */let connectServing: Future < Unit >= spawn { connectServer.serve()[0m
     [36m| [0m[34m|[0m /* 17.1017 */}[0m
     [36m| [0m[34m|[0m /* 17.1018 */let raw = stdnettest.StdNetTransport.connect(connectServer.localEndpoint, context: OperationContext(deadline: Some(Deadline.after(3 * Duration.second))))[0m
     [36m| [0m[34m|[0m /* 17.1019 */var tunnel:?http1test.Http1Tunnel = None < http1test.Http1Tunnel >[0m
     [36m| [0m[34m|[0m /* 17.1020 */try {[0m
     [36m| [0m[34m|[0m /* 17.1021 */    let exchanged = http1test.performHttp1Connect(raw, HttpUrl.parse("http://origin.test:443/"), headers: HttpHeaders(), context: OperationContext(deadline: Some(Deadline.after(3 * Duration.second))))[0m
     [36m| [0m[34m|[0m /* 17.1022 */    let connected = match(exchanged) {[0m
     [36m| [0m[34m|[0m /* 17.1023 */        case http1test.Http1ConnectExchangeResult.Tunnel(value) => value[0m
     [36m| [0m[34m|[0m /* 17.1024 */        case _ => throw Exception("expected successful public CONNECT tunnel")[0m
     [36m| [0m[34m|[0m /* 17.1025 */    }[0m
     [36m| [0m[34m|[0m /* 17.1026 */    tunnel = Some(connected)[0m
     [36m| [0m[34m|[0m /* 17.1027 */    let result = connected.transport.readSome(transporttest.MutableByteSpan(Array < Byte >(1, repeat: 0u8)), context: OperationContext(deadline: Some(Deadline.after(Duration.second))))[0m
     [36m| [0m[34m|[0m /* 17.1028 */    expectEqual("publicReadReachedEof(result)", "true", publicReadReachedEof(result), true, isDelta: false)[0m
     [36m| [0m[34m|[0m /* 17.1029 */    expectEqual("connectHandler.calls.load()", "1", connectHandler.calls.load(), 1, isDelta: false)[0m
     [36m| [0m[34m|[0m /* 17.1030 */} finally {[0m
     [36m| [0m[34m|[0m /* 17.1031 */    match(tunnel) {[0m
     [36m| [0m[34m|[0m /* 17.1032 */        case Some(value) => value.transport.close()[0m
     [36m| [0m[34m|[0m /* 17.1033 */        case None => raw.close()[0m
     [36m| [0m[34m|[0m /* 17.1034 */    }[0m
     [36m| [0m[34m|[0m /* 17.1035 */    let _ = connectServer.shutdown(context: OperationContext(deadline: Some(Deadline.after(3 * Duration.second))))[0m
     [36m| [0m[34m|[0m /* 17.1036 */    connectServing.get(3 * Duration.second)[0m
     [36m| [0m[34m|[0m /* 17.1037 */}[0m
     [36m| [0m[34m|[0m /* 17.1038 */}[0m
     [36m| [0m[34m|[0m /* 17.1039 */[0m
     [36m| [0m[34m|[0m /* 17.1040 */@Attribute[TestCase_43][0m
     [36m| [0m[34m|[0m /* 17.1041 */func noFollowStalledBodyUsesTheOriginalDeadlineWithoutRetry(): Unit {[0m
     [36m| [0m[34m|[0m /* 17.1042 */let handler = PublicStalledRedirectHandler()[0m
     [36m| [0m[34m|[0m /* 17.1043 */let server = HttpServer.builder().listen(publicLoopback(0)).handler(handler).build()[0m
     [36m| [0m[34m|[0m /* 17.1044 */let serving: Future < Unit >= spawn { server.serve()[0m
     [36m| [0m[34m|[0m /* 17.1045 */}[0m
     [36m| [0m[34m|[0m /* 17.1046 */let factory = PublicRecordingStdNetFactory()[0m
     [36m| [0m[34m|[0m /* 17.1047 */let client = publicInjectedClient(StaticResolver(ResolveResult([server.localEndpoint.address], HostName("body-deadline.test"), ResolverSource.Static)), factory, requestTimeout: Some(5 * Duration.second), redirectPolicy: HttpRedirectPolicy.noFollow(), retryPolicy: HttpRetryPolicy(maximumAttempts: 2))[0m
     [36m| [0m[34m|[0m /* 17.1048 */var response:?HttpResponse = None < HttpResponse >[0m
     [36m| [0m[34m|[0m /* 17.1049 */try {[0m
     [36m| [0m[34m|[0m /* 17.1050 */    let received = client.get("http://body-deadline.test:${server.localEndpoint.port}/start", context: OperationContext(deadline: Some(Deadline.after(100 * Duration.millisecond))))[0m
     [36m| [0m[34m|[0m /* 17.1051 */    response = Some(received)[0m
     [36m| [0m[34m|[0m /* 17.1052 */    expectEqual("received.body.read(Array < Byte >(6, repeat: 0u8))", "6", received.body.read(Array < Byte >(6, repeat: 0u8)), 6, isDelta: false)[0m
     [36m| [0m[34m|[0m /* 17.1053 */    let blocked: Future < NetworkException >= spawn { publicBodyReadNetworkFailure(received.body)[0m
     [36m| [0m[34m|[0m /* 17.1054 */    }[0m
     [36m| [0m[34m|[0m /* 17.1055 */    expectEqual("factory.waitForTransport().waitUntilReadActive(Duration.second)", "true", factory.waitForTransport().waitUntilReadActive(Duration.second), true, isDelta: false)[0m
     [36m| [0m[34m|[0m /* 17.1056 */    expectEqual("publicNetworkFailureSignature(blocked.get(Duration.second))", "\"Read/TcpRead/TimedOut\"", publicNetworkFailureSignature(blocked.get(Duration.second)), "Read/TcpRead/TimedOut", isDelta: false)[0m
     [36m| [0m[34m|[0m /* 17.1057 */    expectEqual("handler.sourceCalls.load()", "1", handler.sourceCalls.load(), 1, isDelta: false)[0m
     [36m| [0m[34m|[0m /* 17.1058 */    expectEqual("handler.targetCalls.load()", "0", handler.targetCalls.load(), 0, isDelta: false)[0m
     [36m| [0m[34m|[0m /* 17.1059 */} finally {[0m
     [36m| [0m[34m|[0m /* 17.1060 */    match(response) {[0m
     [36m| [0m[34m|[0m /* 17.1061 */        case Some(value) => value.close()[0m
     [36m| [0m[34m|[0m /* 17.1062 */        case None =>()[0m
     [36m| [0m[34m|[0m /* 17.1063 */    }[0m
     [36m| [0m[34m|[0m /* 17.1064 */    handler.release()[0m
     [36m| [0m[34m|[0m /* 17.1065 */    client.close()[0m
     [36m| [0m[34m|[0m /* 17.1066 */    let _ = server.shutdown(context: OperationContext(deadline: Some(Deadline.after(3 * Duration.second))))[0m
     [36m| [0m[34m|[0m /* 17.1067 */    serving.get(3 * Duration.second)[0m
     [36m| [0m[34m|[0m /* 17.1068 */}[0m
     [36m| [0m[34m|[0m /* 17.1069 */}[0m
     [36m| [0m[34m|[0m /* 17.1070 */[0m
     [36m| [0m[34m|[0m /* 17.1071 */@Attribute[TestCase_44][0m
     [36m| [0m[34m|[0m /* 17.1072 */func cancellingACompletedHandleIsOneShotAndDoesNotDisturbConnectionReuse(): Unit {[0m
     [36m| [0m[34m|[0m /* 17.1073 */let handler = PublicCountingHandler()[0m
     [36m| [0m[34m|[0m /* 17.1074 */let server = HttpServer.builder().listen(publicLoopback(0)).handler(handler).build()[0m
     [36m| [0m[34m|[0m /* 17.1075 */let serving: Future < Unit >= spawn { server.serve()[0m
     [36m| [0m[34m|[0m /* 17.1076 */}[0m
     [36m| [0m[34m|[0m /* 17.1077 */let client = HttpClient.builder().resolver(StaticResolver(ResolveResult([server.localEndpoint.address], HostName("completed-cancel.test"), ResolverSource.Static))).requestTimeout(3 * Duration.second).build()[0m
     [36m| [0m[34m|[0m /* 17.1078 */try {[0m
     [36m| [0m[34m|[0m /* 17.1079 */    let handle = HttpRequestCancellationHandle()[0m
     [36m| [0m[34m|[0m /* 17.1080 */    let completed = client.getControlled("http://completed-cancel.test:${server.localEndpoint.port}/secure", HttpCancellationHandles(request: Some(handle)))[0m
     [36m| [0m[34m|[0m /* 17.1081 */    expectEqual("completed.status", "204", completed.status, 204, isDelta: false)[0m
     [36m| [0m[34m|[0m /* 17.1082 */    completed.close()[0m
     [36m| [0m[34m|[0m /* 17.1083 */    expectEqual("handle.cancel()", "true", handle.cancel(), true, isDelta: false)[0m
     [36m| [0m[34m|[0m /* 17.1084 */    expectEqual("! handle.cancel()", "true", ! handle.cancel(), true, isDelta: false)[0m
     [36m| [0m[34m|[0m /* 17.1085 */    let next = client.get("http://completed-cancel.test:${server.localEndpoint.port}/secure")[0m
     [36m| [0m[34m|[0m /* 17.1086 */    expectEqual("next.status", "204", next.status, 204, isDelta: false)[0m
     [36m| [0m[34m|[0m /* 17.1087 */    next.close()[0m
     [36m| [0m[34m|[0m /* 17.1088 */    expectEqual("handler.calls.load()", "2", handler.calls.load(), 2, isDelta: false)[0m
     [36m| [0m[34m|[0m /* 17.1089 */} finally {[0m
     [36m| [0m[34m|[0m /* 17.1090 */    client.close()[0m
     [36m| [0m[34m|[0m /* 17.1091 */    let _ = server.shutdown(context: OperationContext(deadline: Some(Deadline.after(3 * Duration.second))))[0m
     [36m| [0m[34m|[0m /* 17.1092 */    serving.get(3 * Duration.second)[0m
     [36m| [0m[34m|[0m /* 17.1093 */}[0m
     [36m| [0m[34m|[0m /* 17.1094 */}[0m
     [36m| [0m[34m|[0m /* 17.1095 */[0m
     [36m| [0m[34m|[0m /* 17.1096 */init() {[0m
     [36m| [0m[34m|[0m /* 17.1097 */}[0m
     [36m| [0m[34m|[0m /* 17.1098 */private func classConfiguration(): Configuration {[0m
     [36m| [0m[34m|[0m /* 17.1099 */let configuration = Configuration()[0m
     [36m| [0m[34m|[0m /* 17.1100 */[0m
     [36m| [0m[34m|[0m /* 17.1101 */return configuration[0m
     [36m| [0m[34m|[0m /* 17.1102 */}[0m
     [36m| [0m[34m|[0m /* 17.1103 */public override func asTestSuite(): TestSuite {[0m
     [36m| [0m[34m|[0m /* 17.1104 */[0m
     [36m| [0m[34m|[0m /* 17.1105 */let suiteConfiguration = classConfiguration()[0m
     [36m| [0m[34m|[0m /* 17.1106 */let suiteBuilder = TestSuite.builder("HttpFacadeTest").configure(suiteConfiguration)[0m
     [36m| [0m[34m|[0m /* 17.1107 */[0m
     [36m| [0m[34m|[0m /* 17.1108 */{ => let caseConfig = Configuration()[0m
     [36m| [0m[34m|[0m /* 17.1109 */    [0m
     [36m| [0m[34m|[0m /* 17.1110 */    let cancellationWrapperPreservesProtocolCompletionPolicyTestFunc = { => cancellationWrapperPreservesProtocolCompletionPolicy();() }[0m
     [36m| [0m[34m|[0m /* 17.1111 */    suiteBuilder.add([0m
     [36m| [0m[34m|[0m /* 17.1112 */    UnitTestCase.create([0m
     [36m| [0m[34m|[0m /* 17.1113 */    "cancellationWrapperPreservesProtocolCompletionPolicy",[0m
     [36m| [0m[34m|[0m /* 17.1114 */    configuration: caseConfig,[0m
     [36m| [0m[34m|[0m /* 17.1115 */    body: cancellationWrapperPreservesProtocolCompletionPolicyTestFunc[0m
     [36m| [0m[34m|[0m /* 17.1116 */    )[0m
     [36m| [0m[34m|[0m /* 17.1117 */    )[0m
     [36m| [0m[34m|[0m /* 17.1118 */    [0m
     [36m| [0m[34m|[0m /* 17.1119 */}()[0m
     [36m| [0m[34m|[0m /* 17.1120 */[0m
     [36m| [0m[34m|[0m /* 17.1121 */[0m
     [36m| [0m[34m|[0m /* 17.1122 */{ => let caseConfig = Configuration()[0m
     [36m| [0m[34m|[0m /* 17.1123 */    [0m
     [36m| [0m[34m|[0m /* 17.1124 */    let connectionCancellationDoesNotDuplicateIntoHttp2StreamContextTestFunc = { => connectionCancellationDoesNotDuplicateIntoHttp2StreamContext();() }[0m
     [36m| [0m[34m|[0m /* 17.1125 */    suiteBuilder.add([0m
     [36m| [0m[34m|[0m /* 17.1126 */    UnitTestCase.create([0m
     [36m| [0m[34m|[0m /* 17.1127 */    "connectionCancellationDoesNotDuplicateIntoHttp2StreamContext",[0m
     [36m| [0m[34m|[0m /* 17.1128 */    configuration: caseConfig,[0m
     [36m| [0m[34m|[0m /* 17.1129 */    body: connectionCancellationDoesNotDuplicateIntoHttp2StreamContextTestFunc[0m
     [36m| [0m[34m|[0m /* 17.1130 */    )[0m
     [36m| [0m[34m|[0m /* 17.1131 */    )[0m
     [36m| [0m[34m|[0m /* 17.1132 */    [0m
     [36m| [0m[34m|[0m /* 17.1133 */}()[0m
     [36m| [0m[34m|[0m /* 17.1134 */[0m
     [36m| [0m[34m|[0m /* 17.1135 */[0m
     [36m| [0m[34m|[0m /* 17.1136 */{ => let caseConfig = Configuration()[0m
     [36m| [0m[34m|[0m /* 17.1137 */    [0m
     [36m| [0m[34m|[0m /* 17.1138 */    let typedCancellationHandlesAreScopedIdempotentAndStopBeforeNetworkIoTestFunc = { => typedCancellationHandlesAreScopedIdempotentAndStopBeforeNetworkIo();() }[0m
     [36m| [0m[34m|[0m /* 17.1139 */    suiteBuilder.add([0m
     [36m| [0m[34m|[0m /* 17.1140 */    UnitTestCase.create([0m
     [36m| [0m[34m|[0m /* 17.1141 */    "typedCancellationHandlesAreScopedIdempotentAndStopBeforeNetworkIo",[0m
     [36m| [0m[34m|[0m /* 17.1142 */    configuration: caseConfig,[0m
     [36m| [0m[34m|[0m /* 17.1143 */    body: typedCancellationHandlesAreScopedIdempotentAndStopBeforeNetworkIoTestFunc[0m
     [36m| [0m[34m|[0m /* 17.1144 */    )[0m
     [36m| [0m[34m|[0m /* 17.1145 */    )[0m
     [36m| [0m[34m|[0m /* 17.1146 */    [0m
     [36m| [0m[34m|[0m /* 17.1147 */}()[0m
     [36m| [0m[34m|[0m /* 17.1148 */[0m
     [36m| [0m[34m|[0m /* 17.1149 */[0m
     [36m| [0m[34m|[0m /* 17.1150 */{ => let caseConfig = Configuration()[0m
     [36m| [0m[34m|[0m /* 17.1151 */    [0m
     [36m| [0m[34m|[0m /* 17.1152 */    let publicHttp1ConnectionHandleCancelsBodyAndLeavesClientReusableTestFunc = { => publicHttp1ConnectionHandleCancelsBodyAndLeavesClientReusable();() }[0m
     [36m| [0m[34m|[0m /* 17.1153 */    suiteBuilder.add([0m
     [36m| [0m[34m|[0m /* 17.1154 */    UnitTestCase.create([0m
     [36m| [0m[34m|[0m /* 17.1155 */    "publicHttp1ConnectionHandleCancelsBodyAndLeavesClientReusable",[0m
     [36m| [0m[34m|[0m /* 17.1156 */    configuration: caseConfig,[0m
     [36m| [0m[34m|[0m /* 17.1157 */    body: publicHttp1ConnectionHandleCancelsBodyAndLeavesClientReusableTestFunc[0m
     [36m| [0m[34m|[0m /* 17.1158 */    )[0m
     [36m| [0m[34m|[0m /* 17.1159 */    )[0m
     [36m| [0m[34m|[0m /* 17.1160 */    [0m
     [36m| [0m[34m|[0m /* 17.1161 */}()[0m
     [36m| [0m[34m|[0m /* 17.1162 */[0m
     [36m| [0m[34m|[0m /* 17.1163 */[0m
     [36m| [0m[34m|[0m /* 17.1164 */{ => let caseConfig = Configuration()[0m
     [36m| [0m[34m|[0m /* 17.1165 */    [0m
     [36m| [0m[34m|[0m /* 17.1166 */    let publicHttp2StreamAndConnectionHandlesRespectTheirScopesTestFunc = { => publicHttp2StreamAndConnectionHandlesRespectTheirScopes();() }[0m
     [36m| [0m[34m|[0m /* 17.1167 */    suiteBuilder.add([0m
     [36m| [0m[34m|[0m /* 17.1168 */    UnitTestCase.create([0m
     [36m| [0m[34m|[0m /* 17.1169 */    "publicHttp2StreamAndConnectionHandlesRespectTheirScopes",[0m
     [36m| [0m[34m|[0m /* 17.1170 */    configuration: caseConfig,[0m
     [36m| [0m[34m|[0m /* 17.1171 */    body: publicHttp2StreamAndConnectionHandlesRespectTheirScopesTestFunc[0m
     [36m| [0m[34m|[0m /* 17.1172 */    )[0m
     [36m| [0m[34m|[0m /* 17.1173 */    )[0m
     [36m| [0m[34m|[0m /* 17.1174 */    [0m
     [36m| [0m[34m|[0m /* 17.1175 */}()[0m
     [36m| [0m[34m|[0m /* 17.1176 */[0m
     [36m| [0m[34m|[0m /* 17.1177 */[0m
     [36m| [0m[34m|[0m /* 17.1178 */{ => let caseConfig = Configuration()[0m
     [36m| [0m[34m|[0m /* 17.1179 */    [0m
     [36m| [0m[34m|[0m /* 17.1180 */    let publicHttp2SlowStreamCannotStarveOneTenOrHundredSiblingsTestFunc = { => publicHttp2SlowStreamCannotStarveOneTenOrHundredSiblings();() }[0m
     [36m| [0m[34m|[0m /* 17.1181 */    suiteBuilder.add([0m
     [36m| [0m[34m|[0m /* 17.1182 */    UnitTestCase.create([0m
     [36m| [0m[34m|[0m /* 17.1183 */    "publicHttp2SlowStreamCannotStarveOneTenOrHundredSiblings",[0m
     [36m| [0m[34m|[0m /* 17.1184 */    configuration: caseConfig,[0m
     [36m| [0m[34m|[0m /* 17.1185 */    body: publicHttp2SlowStreamCannotStarveOneTenOrHundredSiblingsTestFunc[0m
     [36m| [0m[34m|[0m /* 17.1186 */    )[0m
     [36m| [0m[34m|[0m /* 17.1187 */    )[0m
     [36m| [0m[34m|[0m /* 17.1188 */    [0m
     [36m| [0m[34m|[0m /* 17.1189 */}()[0m
     [36m| [0m[34m|[0m /* 17.1190 */[0m
     [36m| [0m[34m|[0m /* 17.1191 */[0m
     [36m| [0m[34m|[0m /* 17.1192 */{ => let caseConfig = Configuration()[0m
     [36m| [0m[34m|[0m /* 17.1193 */    [0m
     [36m| [0m[34m|[0m /* 17.1194 */    let tlsHttp2StreamLimitIsAppliedAcrossConcurrentPublicRequestsTestFunc = { => tlsHttp2StreamLimitIsAppliedAcrossConcurrentPublicRequests();() }[0m
     [36m| [0m[34m|[0m /* 17.1195 */    suiteBuilder.add([0m
     [36m| [0m[34m|[0m /* 17.1196 */    UnitTestCase.create([0m
     [36m| [0m[34m|[0m /* 17.1197 */    "tlsHttp2StreamLimitIsAppliedAcrossConcurrentPublicRequests",[0m
     [36m| [0m[34m|[0m /* 17.1198 */    configuration: caseConfig,[0m
     [36m| [0m[34m|[0m /* 17.1199 */    body: tlsHttp2StreamLimitIsAppliedAcrossConcurrentPublicRequestsTestFunc[0m
     [36m| [0m[34m|[0m /* 17.1200 */    )[0m
     [36m| [0m[34m|[0m /* 17.1201 */    )[0m
     [36m| [0m[34m|[0m /* 17.1202 */    [0m
     [36m| [0m[34m|[0m /* 17.1203 */}()[0m
     [36m| [0m[34m|[0m /* 17.1204 */[0m
     [36m| [0m[34m|[0m /* 17.1205 */[0m
     [36m| [0m[34m|[0m /* 17.1206 */{ => let caseConfig = Configuration()[0m
     [36m| [0m[34m|[0m /* 17.1207 */    [0m
     [36m| [0m[34m|[0m /* 17.1208 */    let tlsFacadeNegotiatesHttp2AndMapsBodyTrailersAndResponseTestFunc = { => tlsFacadeNegotiatesHttp2AndMapsBodyTrailersAndResponse();() }[0m
     [36m| [0m[34m|[0m /* 17.1209 */    suiteBuilder.add([0m
     [36m| [0m[34m|[0m /* 17.1210 */    UnitTestCase.create([0m
     [36m| [0m[34m|[0m /* 17.1211 */    "tlsFacadeNegotiatesHttp2AndMapsBodyTrailersAndResponse",[0m
     [36m| [0m[34m|[0m /* 17.1212 */    configuration: caseConfig,[0m
     [36m| [0m[34m|[0m /* 17.1213 */    body: tlsFacadeNegotiatesHttp2AndMapsBodyTrailersAndResponseTestFunc[0m
     [36m| [0m[34m|[0m /* 17.1214 */    )[0m
     [36m| [0m[34m|[0m /* 17.1215 */    )[0m
     [36m| [0m[34m|[0m /* 17.1216 */    [0m
     [36m| [0m[34m|[0m /* 17.1217 */}()[0m
     [36m| [0m[34m|[0m /* 17.1218 */[0m
     [36m| [0m[34m|[0m /* 17.1219 */[0m
     [36m| [0m[34m|[0m /* 17.1220 */{ => let caseConfig = Configuration()[0m
     [36m| [0m[34m|[0m /* 17.1221 */    [0m
     [36m| [0m[34m|[0m /* 17.1222 */    let explicitResolverConnectsPublicClientAndServerTestFunc = { => explicitResolverConnectsPublicClientAndServer();() }[0m
     [36m| [0m[34m|[0m /* 17.1223 */    suiteBuilder.add([0m
     [36m| [0m[34m|[0m /* 17.1224 */    UnitTestCase.create([0m
     [36m| [0m[34m|[0m /* 17.1225 */    "explicitResolverConnectsPublicClientAndServer",[0m
     [36m| [0m[34m|[0m /* 17.1226 */    configuration: caseConfig,[0m
     [36m| [0m[34m|[0m /* 17.1227 */    body: explicitResolverConnectsPublicClientAndServerTestFunc[0m
     [36m| [0m[34m|[0m /* 17.1228 */    )[0m
     [36m| [0m[34m|[0m /* 17.1229 */    )[0m
     [36m| [0m[34m|[0m /* 17.1230 */    [0m
     [36m| [0m[34m|[0m /* 17.1231 */}()[0m
     [36m| [0m[34m|[0m /* 17.1232 */[0m
     [36m| [0m[34m|[0m /* 17.1233 */[0m
     [36m| [0m[34m|[0m /* 17.1234 */{ => let caseConfig = Configuration()[0m
     [36m| [0m[34m|[0m /* 17.1235 */    [0m
     [36m| [0m[34m|[0m /* 17.1236 */    let defaultSystemResolverConnectsPublicClientAndServerTestFunc = { => defaultSystemResolverConnectsPublicClientAndServer();() }[0m
     [36m| [0m[34m|[0m /* 17.1237 */    suiteBuilder.add([0m
     [36m| [0m[34m|[0m /* 17.1238 */    UnitTestCase.create([0m
     [36m| [0m[34m|[0m /* 17.1239 */    "defaultSystemResolverConnectsPublicClientAndServer",[0m
     [36m| [0m[34m|[0m /* 17.1240 */    configuration: caseConfig,[0m
     [36m| [0m[34m|[0m /* 17.1241 */    body: defaultSystemResolverConnectsPublicClientAndServerTestFunc[0m
     [36m| [0m[34m|[0m /* 17.1242 */    )[0m
     [36m| [0m[34m|[0m /* 17.1243 */    )[0m
     [36m| [0m[34m|[0m /* 17.1244 */    [0m
     [36m| [0m[34m|[0m /* 17.1245 */}()[0m
     [36m| [0m[34m|[0m /* 17.1246 */[0m
     [36m| [0m[34m|[0m /* 17.1247 */[0m
     [36m| [0m[34m|[0m /* 17.1248 */{ => let caseConfig = Configuration()[0m
     [36m| [0m[34m|[0m /* 17.1249 */    [0m
     [36m| [0m[34m|[0m /* 17.1250 */    let clientFollowsOriginRelativeRedirectEndToEndTestFunc = { => clientFollowsOriginRelativeRedirectEndToEnd();() }[0m
     [36m| [0m[34m|[0m /* 17.1251 */    suiteBuilder.add([0m
     [36m| [0m[34m|[0m /* 17.1252 */    UnitTestCase.create([0m
     [36m| [0m[34m|[0m /* 17.1253 */    "clientFollowsOriginRelativeRedirectEndToEnd",[0m
     [36m| [0m[34m|[0m /* 17.1254 */    configuration: caseConfig,[0m
     [36m| [0m[34m|[0m /* 17.1255 */    body: clientFollowsOriginRelativeRedirectEndToEndTestFunc[0m
     [36m| [0m[34m|[0m /* 17.1256 */    )[0m
     [36m| [0m[34m|[0m /* 17.1257 */    )[0m
     [36m| [0m[34m|[0m /* 17.1258 */    [0m
     [36m| [0m[34m|[0m /* 17.1259 */}()[0m
     [36m| [0m[34m|[0m /* 17.1260 */[0m
     [36m| [0m[34m|[0m /* 17.1261 */[0m
     [36m| [0m[34m|[0m /* 17.1262 */{ => let caseConfig = Configuration()[0m
     [36m| [0m[34m|[0m /* 17.1263 */    [0m
     [36m| [0m[34m|[0m /* 17.1264 */    let clientRetriesOneTemporaryDnsFailureWithinTheSameDeadlineTestFunc = { => clientRetriesOneTemporaryDnsFailureWithinTheSameDeadline();() }[0m
     [36m| [0m[34m|[0m /* 17.1265 */    suiteBuilder.add([0m
     [36m| [0m[34m|[0m /* 17.1266 */    UnitTestCase.create([0m
     [36m| [0m[34m|[0m /* 17.1267 */    "clientRetriesOneTemporaryDnsFailureWithinTheSameDeadline",[0m
     [36m| [0m[34m|[0m /* 17.1268 */    configuration: caseConfig,[0m
     [36m| [0m[34m|[0m /* 17.1269 */    body: clientRetriesOneTemporaryDnsFailureWithinTheSameDeadlineTestFunc[0m
     [36m| [0m[34m|[0m /* 17.1270 */    )[0m
     [36m| [0m[34m|[0m /* 17.1271 */    )[0m
     [36m| [0m[34m|[0m /* 17.1272 */    [0m
     [36m| [0m[34m|[0m /* 17.1273 */}()[0m
     [36m| [0m[34m|[0m /* 17.1274 */[0m
     [36m| [0m[34m|[0m /* 17.1275 */[0m
     [36m| [0m[34m|[0m /* 17.1276 */{ => let caseConfig = Configuration()[0m
     [36m| [0m[34m|[0m /* 17.1277 */    [0m
     [36m| [0m[34m|[0m /* 17.1278 */    let forwardProxyUsesAbsoluteFormIndependentDnsAndHookCredentialsTestFunc = { => forwardProxyUsesAbsoluteFormIndependentDnsAndHookCredentials();() }[0m
     [36m| [0m[34m|[0m /* 17.1279 */    suiteBuilder.add([0m
     [36m| [0m[34m|[0m /* 17.1280 */    UnitTestCase.create([0m
     [36m| [0m[34m|[0m /* 17.1281 */    "forwardProxyUsesAbsoluteFormIndependentDnsAndHookCredentials",[0m
     [36m| [0m[34m|[0m /* 17.1282 */    configuration: caseConfig,[0m
     [36m| [0m[34m|[0m /* 17.1283 */    body: forwardProxyUsesAbsoluteFormIndependentDnsAndHookCredentialsTestFunc[0m
     [36m| [0m[34m|[0m /* 17.1284 */    )[0m
     [36m| [0m[34m|[0m /* 17.1285 */    )[0m
     [36m| [0m[34m|[0m /* 17.1286 */    [0m
     [36m| [0m[34m|[0m /* 17.1287 */}()[0m
     [36m| [0m[34m|[0m /* 17.1288 */[0m
     [36m| [0m[34m|[0m /* 17.1289 */[0m
     [36m| [0m[34m|[0m /* 17.1290 */{ => let caseConfig = Configuration()[0m
     [36m| [0m[34m|[0m /* 17.1291 */    [0m
     [36m| [0m[34m|[0m /* 17.1292 */    let serverBuilderRequiresEndpointAndHandlerTestFunc = { => serverBuilderRequiresEndpointAndHandler();() }[0m
     [36m| [0m[34m|[0m /* 17.1293 */    suiteBuilder.add([0m
     [36m| [0m[34m|[0m /* 17.1294 */    UnitTestCase.create([0m
     [36m| [0m[34m|[0m /* 17.1295 */    "serverBuilderRequiresEndpointAndHandler",[0m
     [36m| [0m[34m|[0m /* 17.1296 */    configuration: caseConfig,[0m
     [36m| [0m[34m|[0m /* 17.1297 */    body: serverBuilderRequiresEndpointAndHandlerTestFunc[0m
     [36m| [0m[34m|[0m /* 17.1298 */    )[0m
     [36m| [0m[34m|[0m /* 17.1299 */    )[0m
     [36m| [0m[34m|[0m /* 17.1300 */    [0m
     [36m| [0m[34m|[0m /* 17.1301 */}()[0m
     [36m| [0m[34m|[0m /* 17.1302 */[0m
     [36m| [0m[34m|[0m /* 17.1303 */[0m
     [36m| [0m[34m|[0m /* 17.1304 */{ => let caseConfig = Configuration()[0m
     [36m| [0m[34m|[0m /* 17.1305 */    [0m
     [36m| [0m[34m|[0m /* 17.1306 */    let tlsServerConfigFailsClosedBeforeBindingTestFunc = { => tlsServerConfigFailsClosedBeforeBinding();() }[0m
     [36m| [0m[34m|[0m /* 17.1307 */    suiteBuilder.add([0m
     [36m| [0m[34m|[0m /* 17.1308 */    UnitTestCase.create([0m
     [36m| [0m[34m|[0m /* 17.1309 */    "tlsServerConfigFailsClosedBeforeBinding",[0m
     [36m| [0m[34m|[0m /* 17.1310 */    configuration: caseConfig,[0m
     [36m| [0m[34m|[0m /* 17.1311 */    body: tlsServerConfigFailsClosedBeforeBindingTestFunc[0m
     [36m| [0m[34m|[0m /* 17.1312 */    )[0m
     [36m| [0m[34m|[0m /* 17.1313 */    )[0m
     [36m| [0m[34m|[0m /* 17.1314 */    [0m
     [36m| [0m[34m|[0m /* 17.1315 */}()[0m
     [36m| [0m[34m|[0m /* 17.1316 */[0m
     [36m| [0m[34m|[0m /* 17.1317 */[0m
     [36m| [0m[34m|[0m /* 17.1318 */{ => let caseConfig = Configuration()[0m
     [36m| [0m[34m|[0m /* 17.1319 */    [0m
     [36m| [0m[34m|[0m /* 17.1320 */    let noFollowReturnsEveryRedirectUntouchedAndLeavesBodyOwnershipWithCallerTestFunc = { => noFollowReturnsEveryRedirectUntouchedAndLeavesBodyOwnershipWithCaller();() }[0m
     [36m| [0m[34m|[0m /* 17.1321 */    suiteBuilder.add([0m
     [36m| [0m[34m|[0m /* 17.1322 */    UnitTestCase.create([0m
     [36m| [0m[34m|[0m /* 17.1323 */    "noFollowReturnsEveryRedirectUntouchedAndLeavesBodyOwnershipWithCaller",[0m
     [36m| [0m[34m|[0m /* 17.1324 */    configuration: caseConfig,[0m
     [36m| [0m[34m|[0m /* 17.1325 */    body: noFollowReturnsEveryRedirectUntouchedAndLeavesBodyOwnershipWithCallerTestFunc[0m
     [36m| [0m[34m|[0m /* 17.1326 */    )[0m
     [36m| [0m[34m|[0m /* 17.1327 */    )[0m
     [36m| [0m[34m|[0m /* 17.1328 */    [0m
     [36m| [0m[34m|[0m /* 17.1329 */}()[0m
     [36m| [0m[34m|[0m /* 17.1330 */[0m
     [36m| [0m[34m|[0m /* 17.1331 */[0m
     [36m| [0m[34m|[0m /* 17.1332 */{ => let caseConfig = Configuration()[0m
     [36m| [0m[34m|[0m /* 17.1333 */    [0m
     [36m| [0m[34m|[0m /* 17.1334 */    let controlledCancellationInterruptsDnsAndInjectedTcpBeforeTransportCreationTestFunc = { => controlledCancellationInterruptsDnsAndInjectedTcpBeforeTransportCreation();() }[0m
     [36m| [0m[34m|[0m /* 17.1335 */    suiteBuilder.add([0m
     [36m| [0m[34m|[0m /* 17.1336 */    UnitTestCase.create([0m
     [36m| [0m[34m|[0m /* 17.1337 */    "controlledCancellationInterruptsDnsAndInjectedTcpBeforeTransportCreation",[0m
     [36m| [0m[34m|[0m /* 17.1338 */    configuration: caseConfig,[0m
     [36m| [0m[34m|[0m /* 17.1339 */    body: controlledCancellationInterruptsDnsAndInjectedTcpBeforeTransportCreationTestFunc[0m
     [36m| [0m[34m|[0m /* 17.1340 */    )[0m
     [36m| [0m[34m|[0m /* 17.1341 */    )[0m
     [36m| [0m[34m|[0m /* 17.1342 */    [0m
     [36m| [0m[34m|[0m /* 17.1343 */}()[0m
     [36m| [0m[34m|[0m /* 17.1344 */[0m
     [36m| [0m[34m|[0m /* 17.1345 */[0m
     [36m| [0m[34m|[0m /* 17.1346 */{ => let caseConfig = Configuration()[0m
     [36m| [0m[34m|[0m /* 17.1347 */    [0m
     [36m| [0m[34m|[0m /* 17.1348 */    let controlledCancellationInterruptsRealTlsAndHeaderReadsTestFunc = { => controlledCancellationInterruptsRealTlsAndHeaderReads();() }[0m
     [36m| [0m[34m|[0m /* 17.1349 */    suiteBuilder.add([0m
     [36m| [0m[34m|[0m /* 17.1350 */    UnitTestCase.create([0m
     [36m| [0m[34m|[0m /* 17.1351 */    "controlledCancellationInterruptsRealTlsAndHeaderReads",[0m
     [36m| [0m[34m|[0m /* 17.1352 */    configuration: caseConfig,[0m
     [36m| [0m[34m|[0m /* 17.1353 */    body: controlledCancellationInterruptsRealTlsAndHeaderReadsTestFunc[0m
     [36m| [0m[34m|[0m /* 17.1354 */    )[0m
     [36m| [0m[34m|[0m /* 17.1355 */    )[0m
     [36m| [0m[34m|[0m /* 17.1356 */    [0m
     [36m| [0m[34m|[0m /* 17.1357 */}()[0m
     [36m| [0m[34m|[0m /* 17.1358 */[0m
     [36m| [0m[34m|[0m /* 17.1359 */[0m
     [36m| [0m[34m|[0m /* 17.1360 */{ => let caseConfig = Configuration()[0m
     [36m| [0m[34m|[0m /* 17.1361 */    [0m
     [36m| [0m[34m|[0m /* 17.1362 */    let noFollowStalledBodyIsCancelledOnlyByCallerAndNeverVisitsTargetTestFunc = { => noFollowStalledBodyIsCancelledOnlyByCallerAndNeverVisitsTarget();() }[0m
     [36m| [0m[34m|[0m /* 17.1363 */    suiteBuilder.add([0m
     [36m| [0m[34m|[0m /* 17.1364 */    UnitTestCase.create([0m
     [36m| [0m[34m|[0m /* 17.1365 */    "noFollowStalledBodyIsCancelledOnlyByCallerAndNeverVisitsTarget",[0m
     [36m| [0m[34m|[0m /* 17.1366 */    configuration: caseConfig,[0m
     [36m| [0m[34m|[0m /* 17.1367 */    body: noFollowStalledBodyIsCancelledOnlyByCallerAndNeverVisitsTargetTestFunc[0m
     [36m| [0m[34m|[0m /* 17.1368 */    )[0m
     [36m| [0m[34m|[0m /* 17.1369 */    )[0m
     [36m| [0m[34m|[0m /* 17.1370 */    [0m
     [36m| [0m[34m|[0m /* 17.1371 */}()[0m
     [36m| [0m[34m|[0m /* 17.1372 */[0m
     [36m| [0m[34m|[0m /* 17.1373 */[0m
     [36m| [0m[34m|[0m /* 17.1374 */{ => let caseConfig = Configuration()[0m
     [36m| [0m[34m|[0m /* 17.1375 */    [0m
     [36m| [0m[34m|[0m /* 17.1376 */    let oneAbsoluteDeadlineCoversRetriesRedirectsAndEveryBodyReadTestFunc = { => oneAbsoluteDeadlineCoversRetriesRedirectsAndEveryBodyRead();() }[0m
     [36m| [0m[34m|[0m /* 17.1377 */    suiteBuilder.add([0m
     [36m| [0m[34m|[0m /* 17.1378 */    UnitTestCase.create([0m
     [36m| [0m[34m|[0m /* 17.1379 */    "oneAbsoluteDeadlineCoversRetriesRedirectsAndEveryBodyRead",[0m
     [36m| [0m[34m|[0m /* 17.1380 */    configuration: caseConfig,[0m
     [36m| [0m[34m|[0m /* 17.1381 */    body: oneAbsoluteDeadlineCoversRetriesRedirectsAndEveryBodyReadTestFunc[0m
     [36m| [0m[34m|[0m /* 17.1382 */    )[0m
     [36m| [0m[34m|[0m /* 17.1383 */    )[0m
     [36m| [0m[34m|[0m /* 17.1384 */    [0m
     [36m| [0m[34m|[0m /* 17.1385 */}()[0m
     [36m| [0m[34m|[0m /* 17.1386 */[0m
     [36m| [0m[34m|[0m /* 17.1387 */[0m
     [36m| [0m[34m|[0m /* 17.1388 */{ => let caseConfig = Configuration()[0m
     [36m| [0m[34m|[0m /* 17.1389 */    [0m
     [36m| [0m[34m|[0m /* 17.1390 */    let tlsDefaultsIdentityAndMutualAuthenticationFailClosedWithoutLeakingSentinelsTestFunc = { => tlsDefaultsIdentityAndMutualAuthenticationFailClosedWithoutLeakingSentinels();() }[0m
     [36m| [0m[34m|[0m /* 17.1391 */    suiteBuilder.add([0m
     [36m| [0m[34m|[0m /* 17.1392 */    UnitTestCase.create([0m
     [36m| [0m[34m|[0m /* 17.1393 */    "tlsDefaultsIdentityAndMutualAuthenticationFailClosedWithoutLeakingSentinels",[0m
     [36m| [0m[34m|[0m /* 17.1394 */    configuration: caseConfig,[0m
     [36m| [0m[34m|[0m /* 17.1395 */    body: tlsDefaultsIdentityAndMutualAuthenticationFailClosedWithoutLeakingSentinelsTestFunc[0m
     [36m| [0m[34m|[0m /* 17.1396 */    )[0m
     [36m| [0m[34m|[0m /* 17.1397 */    )[0m
     [36m| [0m[34m|[0m /* 17.1398 */    [0m
     [36m| [0m[34m|[0m /* 17.1399 */}()[0m
     [36m| [0m[34m|[0m /* 17.1400 */[0m
     [36m| [0m[34m|[0m /* 17.1401 */[0m
     [36m| [0m[34m|[0m /* 17.1402 */{ => let caseConfig = Configuration()[0m
     [36m| [0m[34m|[0m /* 17.1403 */    [0m
     [36m| [0m[34m|[0m /* 17.1404 */    let retryAttemptsArePerRedirectHopAndNoFollowNeverConsumesTargetBudgetTestFunc = { => retryAttemptsArePerRedirectHopAndNoFollowNeverConsumesTargetBudget();() }[0m
     [36m| [0m[34m|[0m /* 17.1405 */    suiteBuilder.add([0m
     [36m| [0m[34m|[0m /* 17.1406 */    UnitTestCase.create([0m
     [36m| [0m[34m|[0m /* 17.1407 */    "retryAttemptsArePerRedirectHopAndNoFollowNeverConsumesTargetBudget",[0m
     [36m| [0m[34m|[0m /* 17.1408 */    configuration: caseConfig,[0m
     [36m| [0m[34m|[0m /* 17.1409 */    body: retryAttemptsArePerRedirectHopAndNoFollowNeverConsumesTargetBudgetTestFunc[0m
     [36m| [0m[34m|[0m /* 17.1410 */    )[0m
     [36m| [0m[34m|[0m /* 17.1411 */    )[0m
     [36m| [0m[34m|[0m /* 17.1412 */    [0m
     [36m| [0m[34m|[0m /* 17.1413 */}()[0m
     [36m| [0m[34m|[0m /* 17.1414 */[0m
     [36m| [0m[34m|[0m /* 17.1415 */[0m
     [36m| [0m[34m|[0m /* 17.1416 */{ => let caseConfig = Configuration()[0m
     [36m| [0m[34m|[0m /* 17.1417 */    [0m
     [36m| [0m[34m|[0m /* 17.1418 */    let afterHookFailureClosesReturnedBodiesForHttp1AndHttp2WithoutLeakingSentinelTestFunc = { => afterHookFailureClosesReturnedBodiesForHttp1AndHttp2WithoutLeakingSentinel();() }[0m
     [36m| [0m[34m|[0m /* 17.1419 */    suiteBuilder.add([0m
     [36m| [0m[34m|[0m /* 17.1420 */    UnitTestCase.create([0m
     [36m| [0m[34m|[0m /* 17.1421 */    "afterHookFailureClosesReturnedBodiesForHttp1AndHttp2WithoutLeakingSentinel",[0m
     [36m| [0m[34m|[0m /* 17.1422 */    configuration: caseConfig,[0m
     [36m| [0m[34m|[0m /* 17.1423 */    body: afterHookFailureClosesReturnedBodiesForHttp1AndHttp2WithoutLeakingSentinelTestFunc[0m
     [36m| [0m[34m|[0m /* 17.1424 */    )[0m
     [36m| [0m[34m|[0m /* 17.1425 */    )[0m
     [36m| [0m[34m|[0m /* 17.1426 */    [0m
     [36m| [0m[34m|[0m /* 17.1427 */}()[0m
     [36m| [0m[34m|[0m /* 17.1428 */[0m
     [36m| [0m[34m|[0m /* 17.1429 */[0m
     [36m| [0m[34m|[0m /* 17.1430 */{ => let caseConfig = Configuration()[0m
     [36m| [0m[34m|[0m /* 17.1431 */    [0m
     [36m| [0m[34m|[0m /* 17.1432 */    let publicServerShutdownConvergesAfterGracefulForcedCancelledAndRepeatedRequestsTestFunc = { => publicServerShutdownConvergesAfterGracefulForcedCancelledAndRepeatedRequests();() }[0m
     [36m| [0m[34m|[0m /* 17.1433 */    suiteBuilder.add([0m
     [36m| [0m[34m|[0m /* 17.1434 */    UnitTestCase.create([0m
     [36m| [0m[34m|[0m /* 17.1435 */    "publicServerShutdownConvergesAfterGracefulForcedCancelledAndRepeatedRequests",[0m
     [36m| [0m[34m|[0m /* 17.1436 */    configuration: caseConfig,[0m
     [36m| [0m[34m|[0m /* 17.1437 */    body: publicServerShutdownConvergesAfterGracefulForcedCancelledAndRepeatedRequestsTestFunc[0m
     [36m| [0m[34m|[0m /* 17.1438 */    )[0m
     [36m| [0m[34m|[0m /* 17.1439 */    )[0m
     [36m| [0m[34m|[0m /* 17.1440 */    [0m
     [36m| [0m[34m|[0m /* 17.1441 */}()[0m
     [36m| [0m[34m|[0m /* 17.1442 */[0m
     [36m| [0m[34m|[0m /* 17.1443 */[0m
     [36m| [0m[34m|[0m /* 17.1444 */{ => let caseConfig = Configuration()[0m
     [36m| [0m[34m|[0m /* 17.1445 */    [0m
     [36m| [0m[34m|[0m /* 17.1446 */    let shutdownClosesLateAcceptedTransportAndSuccessfulConnectTunnelTestFunc = { => shutdownClosesLateAcceptedTransportAndSuccessfulConnectTunnel();() }[0m
     [36m| [0m[34m|[0m /* 17.1447 */    suiteBuilder.add([0m
     [36m| [0m[34m|[0m /* 17.1448 */    UnitTestCase.create([0m
     [36m| [0m[34m|[0m /* 17.1449 */    "shutdownClosesLateAcceptedTransportAndSuccessfulConnectTunnel",[0m
     [36m| [0m[34m|[0m /* 17.1450 */    configuration: caseConfig,[0m
     [36m| [0m[34m|[0m /* 17.1451 */    body: shutdownClosesLateAcceptedTransportAndSuccessfulConnectTunnelTestFunc[0m
     [36m| [0m[34m|[0m /* 17.1452 */    )[0m
     [36m| [0m[34m|[0m /* 17.1453 */    )[0m
     [36m| [0m[34m|[0m /* 17.1454 */    [0m
     [36m| [0m[34m|[0m /* 17.1455 */}()[0m
     [36m| [0m[34m|[0m /* 17.1456 */[0m
     [36m| [0m[34m|[0m /* 17.1457 */[0m
     [36m| [0m[34m|[0m /* 17.1458 */{ => let caseConfig = Configuration()[0m
     [36m| [0m[34m|[0m /* 17.1459 */    [0m
     [36m| [0m[34m|[0m /* 17.1460 */    let noFollowStalledBodyUsesTheOriginalDeadlineWithoutRetryTestFunc = { => noFollowStalledBodyUsesTheOriginalDeadlineWithoutRetry();() }[0m
     [36m| [0m[34m|[0m /* 17.1461 */    suiteBuilder.add([0m
     [36m| [0m[34m|[0m /* 17.1462 */    UnitTestCase.create([0m
     [36m| [0m[34m|[0m /* 17.1463 */    "noFollowStalledBodyUsesTheOriginalDeadlineWithoutRetry",[0m
     [36m| [0m[34m|[0m /* 17.1464 */    configuration: caseConfig,[0m
     [36m| [0m[34m|[0m /* 17.1465 */    body: noFollowStalledBodyUsesTheOriginalDeadlineWithoutRetryTestFunc[0m
     [36m| [0m[34m|[0m /* 17.1466 */    )[0m
     [36m| [0m[34m|[0m /* 17.1467 */    )[0m
     [36m| [0m[34m|[0m /* 17.1468 */    [0m
     [36m| [0m[34m|[0m /* 17.1469 */}()[0m
     [36m| [0m[34m|[0m /* 17.1470 */[0m
     [36m| [0m[34m|[0m /* 17.1471 */[0m
     [36m| [0m[34m|[0m /* 17.1472 */{ => let caseConfig = Configuration()[0m
     [36m| [0m[34m|[0m /* 17.1473 */    [0m
     [36m| [0m[34m|[0m /* 17.1474 */    let cancellingACompletedHandleIsOneShotAndDoesNotDisturbConnectionReuseTestFunc = { => cancellingACompletedHandleIsOneShotAndDoesNotDisturbConnectionReuse();() }[0m
     [36m| [0m[34m|[0m /* 17.1475 */    suiteBuilder.add([0m
     [36m| [0m[34m|[0m /* 17.1476 */    UnitTestCase.create([0m
     [36m| [0m[34m|[0m /* 17.1477 */    "cancellingACompletedHandleIsOneShotAndDoesNotDisturbConnectionReuse",[0m
     [36m| [0m[34m|[0m /* 17.1478 */    configuration: caseConfig,[0m
     [36m| [0m[34m|[0m /* 17.1479 */    body: cancellingACompletedHandleIsOneShotAndDoesNotDisturbConnectionReuseTestFunc[0m
     [36m| [0m[34m|[0m /* 17.1480 */    )[0m
     [36m| [0m[34m|[0m /* 17.1481 */    )[0m
     [36m| [0m[34m|[0m /* 17.1482 */    [0m
     [36m| [0m[34m|[0m /* 17.1483 */}()[0m
     [36m| [0m[34m|[0m /* 17.1484 */[0m
     [36m| [0m[34m|[0m /* 17.1485 */return suiteBuilder.build()[0m
     [36m| [0m[34m|[0m /* 17.1486 */}[0m
     [36m| [0m[34m|[0m /* 17.1487 */private func inheritedFromClassAnnotatedByTestTemplate < T >(): TestSuite where T <: TestClass {[0m
     [36m| [0m[34m|[0m /* 17.1488 */throw Exception("Unreachable code")[0m
     [36m| [0m[34m|[0m /* 17.1489 */}[0m
     [36m| [0m[34m|[0m /* 17.1490 */}[0m
     [36m| [0m[34m|[0m /* 17.1491 */[0m
     [36m| [0m[34m|[0m /* 17.1492 */[0m
     [36m| [0m[34m|[0m /* 17.1493 */interface TestPackageExtension_HttpFacadeTest {[0m
     [36m| [0m[34m|[0m /* 17.1494 */func registerHttpFacadeTest(): Unit[0m
     [36m| [0m[34m|[0m /* 17.1495 */}[0m
     [36m| [0m[34m|[0m /* 17.1496 */extend TestPackage <: TestPackageExtension_HttpFacadeTest {[0m
     [36m| [0m[34m|[0m /* 17.1497 */@Attribute[TEST_REGISTER][0m
     [36m| [0m[34m|[0m /* 17.1498 */public func registerHttpFacadeTest() {[0m
     [36m| [0m[34m|[0m /* 17.1499 */registerSuite({ => HttpFacadeTest().asTestSuite() })[0m
     [36m| [0m[34m|[0m /* 17.1500 */}[0m
     [36m| [0m[34m|[0m /* 17.1501 */}[0m
     [36m| [0m[34m|[0m /* 17.1502 */[0m
     [36m| [0m[34m|[0m[34m_[0m[34m____________^[0m
     [36m| [0m
[34mnote[0m: the warning occurs after the macro is expanded
    [36m==>[0m <repo-root>/build/m8-008/20260909T191258.619736Z-2128850-2824ceb0/legs/A/repo/src/http/facade_test.cj:17:1:
     [36m| [0m
[36m17[0m   [36m| [0m  @Test[0m
     [36m| [0m [34m_[0m[34m^[0m
[36m18[0m   [36m| [0m[34m|[0m class HttpFacadeTest {[0m
     [36m| [0m[34m|[0m ...[0m
[36m1698[0m [36m| [0m[34m|[0m }[0m
     [36m| [0m[34m|[0m[34m_[0m[34m^[0m
     [36m| [0m

[33mwarning[0m: unreachable pattern
    [36m==>[0m <repo-root>/build/m8-008/20260909T191258.619736Z-2128850-2824ceb0/legs/A/repo/src/http/facade_test.cj:1647:72:
     [36m| [0m
[36m1647[0m [36m| [0m            match (response) { case Some(value) => value.close(); case None => () }[0m
     [36m| [0m                                                                       [33m^ [0m
     [36m| [0m
     [36m#[0m [0mnote[0m: this warning can be suppressed by setting the compiler option `-Woff unused`
[34mnote[0m: the warning occurs after the macro is expanded
    [36m==>[0m <repo-root>/build/m8-008/20260909T191258.619736Z-2128850-2824ceb0/legs/A/repo/src/http/facade_test.cj:17:1:
     [36m| [0m
[36m17[0m   [36m| [0m  @Test[0m
     [36m| [0m [34m_[0m[34m^[0m
[36m18[0m   [36m| [0m[34m|[0m class HttpFacadeTest {[0m
     [36m| [0m[34m|[0m ...[0m
[36m1698[0m [36m| [0m[34m|[0m }[0m
     [36m| [0m[34m|[0m[34m_[0m[34m^[0m
     [36m| [0m

[33mwarning[0m: unused variable:'host'
    [36m==>[0m <repo-root>/build/m8-008/20260909T191258.619736Z-2128850-2824ceb0/legs/A/repo/src/http/facade_test.cj:2317:25:
     [36m| [0m
[36m2317[0m [36m| [0m    public func resolve(host: HostName, service: ?String, options: ResolveOptions,[0m
     [36m| [0m                        [33m^^^^ unused variable[0m
     [36m| [0m
     [36m#[0m [0mnote[0m: this warning can be suppressed by setting the compiler option `-Woff unused`

3 warnings generated, 3 warnings printed.
